dataset,row,onnx,vnnlib,result,time_sec,status,solved,timeout_s,verification_s,wall_s,prep_s,process_wall_s,over_timeout,witness_n,witness_valid,witness_valid_1e6,witness_note,exit_code,log_path,tool_commit,config,deviations,error_class,error_detail,gpu_util_pct_before,gpu_mem_used_mib_before,variant,key,reused_from_row
sst_p1,0,sst_d3_L16.onnx,query_index_q0000_d3_L16_e687_p1_eps0p2.v1.vnnlib,unsat,3.373,CERTIFIED,1,30.0,3.373,6.293,2.92,7.258669340983033,0,0,,,Native API unsafe is conservatively UNKNOWN; no unvalidated L1 witness accepted,0,scratch/logs/fse2026/abcrown/sst_p1/00000_lp1_em2qluxe.log,6b8bbcfac1c01da1cabd240a87e4dce1a65f5a2b,"{""attack"": {""attack_off"": true, ""hook_replacements"": {}, ""overrides"": {""attack"": {""enable_mip_attack"": false, ""input_split_check_adv"": {""enabled"": ""false""}, ""pgd_order"": ""skip""}, ""bab"": {""attack"": {""enabled"": false}, ""branching"": {""input_split"": {""update_rhs_with_attack"": false}}}}}, ""biccos_applicable"": true, ""biccos_effective"": false, ""deviations"": [""config mapping: derived (no official category; vit_2023 transformer config)"", ""attack-off (user decision D20): all attack/falsification stages disabled, see config.attack.overrides"", ""L1 API: explicit solver.alpha-crown.share_alphas=true (ViT ONNX hook is not triggered by native modules); avoids large independent alpha tensors"", ""Python 3.11 typing.override compatibility via typing_extensions (no ACT source change)"", ""float32 stable interpreter; general.double_fp=false; solver.use_float64_in_last_iteration=false"", ""solver.batch_size=16; auto_enlarge_batch_size=false for concurrent GPU memory budget"", ""API CLI biccos_off token selects adapter; actual config is official vit.yaml (BICCOS unchanged)"", ""input route: Python API ABCrownSolver instead of abcrown.py + VNN-LIB (VNN-LIB cannot encode an l1 ball)"", ""ABCrownSolver._build_vnnlib_handler overridden to pass the l1 range dict (X, eps, data_min, data_max)"", ""specification.norm = 1 (the official file is an l_inf VNN-COMP config)"", ""general.adhoc_tuning None: api.py cannot eval Customized(); the vit hook only sets share_alphas when >= 6 MatMul modules exist, and this PyTorch module has 0, so the hook is a no-op here""], ""mapping"": ""derived (no official category; vit_2023 transformer config)"", ""notes"": [], ""official"": ""exp_configs/vnncomp23/vit.yaml"", ""official_biccos"": false, ""official_pgd_order"": ""skip"", ""variant"": ""official""}","[""config mapping: derived (no official category; vit_2023 transformer config)"", ""attack-off (user decision D20): all attack/falsification stages disabled, see config.attack.overrides"", ""L1 API: explicit solver.alpha-crown.share_alphas=true (ViT ONNX hook is not triggered by native modules); avoids large independent alpha tensors"", ""Python 3.11 typing.override compatibility via typing_extensions (no ACT source change)"", ""float32 stable interpreter; general.double_fp=false; solver.use_float64_in_last_iteration=false"", ""solver.batch_size=16; auto_enlarge_batch_size=false for concurrent GPU memory budget"", ""API CLI biccos_off token selects adapter; actual config is official vit.yaml (BICCOS unchanged)"", ""input route: Python API ABCrownSolver instead of abcrown.py + VNN-LIB (VNN-LIB cannot encode an l1 ball)"", ""ABCrownSolver._build_vnnlib_handler overridden to pass the l1 range dict (X, eps, data_min, data_max)"", ""specification.norm = 1 (the official file is an l_inf VNN-COMP config)"", ""general.adhoc_tuning None: api.py cannot eval Customized(); the vit hook only sets share_alphas when >= 6 MatMul modules exist, and this PyTorch module has 0, so the hook is a no-op here""]",,,94.0,66511.0,official_attack_off_f32_lp1_sharedalpha_batch16,"[""abcrown"",""scratch/text_export/sst_p1/sst_buffet/onnx/sst_d3_L16.onnx"",""scratch/text_export/sst_p1/sst_buffet/vnnlib/query_index_q0000_d3_L16_e687_p1_eps0p2.v1.vnnlib"",30.0,""official_attack_off_f32_lp1_sharedalpha_batch16""]",
sst_p1,1,sst_d3_L16.onnx,query_index_q0001_d3_L16_e35_p1_eps0p2.v1.vnnlib,unsat,1.211,CERTIFIED,1,30.0,1.211,4.192,2.981,5.103022284805775,0,0,,,Native API unsafe is conservatively UNKNOWN; no unvalidated L1 witness accepted,0,scratch/logs/fse2026/abcrown/sst_p1/00001_lp1_apmwn8l1.log,6b8bbcfac1c01da1cabd240a87e4dce1a65f5a2b,"{""attack"": {""attack_off"": true, ""hook_replacements"": {}, ""overrides"": {""attack"": {""enable_mip_attack"": false, ""input_split_check_adv"": {""enabled"": ""false""}, ""pgd_order"": ""skip""}, ""bab"": {""attack"": {""enabled"": false}, ""branching"": {""input_split"": {""update_rhs_with_attack"": false}}}}}, ""biccos_applicable"": true, ""biccos_effective"": false, ""deviations"": [""config mapping: derived (no official category; vit_2023 transformer config)"", ""attack-off (user decision D20): all attack/falsification stages disabled, see config.attack.overrides"", ""L1 API: explicit solver.alpha-crown.share_alphas=true (ViT ONNX hook is not triggered by native modules); avoids large independent alpha tensors"", ""Python 3.11 typing.override compatibility via typing_extensions (no ACT source change)"", ""float32 stable interpreter; general.double_fp=false; solver.use_float64_in_last_iteration=false"", ""solver.batch_size=16; auto_enlarge_batch_size=false for concurrent GPU memory budget"", ""API CLI biccos_off token selects adapter; actual config is official vit.yaml (BICCOS unchanged)"", ""input route: Python API ABCrownSolver instead of abcrown.py + VNN-LIB (VNN-LIB cannot encode an l1 ball)"", ""ABCrownSolver._build_vnnlib_handler overridden to pass the l1 range dict (X, eps, data_min, data_max)"", ""specification.norm = 1 (the official file is an l_inf VNN-COMP config)"", ""general.adhoc_tuning None: api.py cannot eval Customized(); the vit hook only sets share_alphas when >= 6 MatMul modules exist, and this PyTorch module has 0, so the hook is a no-op here""], ""mapping"": ""derived (no official category; vit_2023 transformer config)"", ""notes"": [], ""official"": ""exp_configs/vnncomp23/vit.yaml"", ""official_biccos"": false, ""official_pgd_order"": ""skip"", ""variant"": ""official""}","[""config mapping: derived (no official category; vit_2023 transformer config)"", ""attack-off (user decision D20): all attack/falsification stages disabled, see config.attack.overrides"", ""L1 API: explicit solver.alpha-crown.share_alphas=true (ViT ONNX hook is not triggered by native modules); avoids large independent alpha tensors"", ""Python 3.11 typing.override compatibility via typing_extensions (no ACT source change)"", ""float32 stable interpreter; general.double_fp=false; solver.use_float64_in_last_iteration=false"", ""solver.batch_size=16; auto_enlarge_batch_size=false for concurrent GPU memory budget"", ""API CLI biccos_off token selects adapter; actual config is official vit.yaml (BICCOS unchanged)"", ""input route: Python API ABCrownSolver instead of abcrown.py + VNN-LIB (VNN-LIB cannot encode an l1 ball)"", ""ABCrownSolver._build_vnnlib_handler overridden to pass the l1 range dict (X, eps, data_min, data_max)"", ""specification.norm = 1 (the official file is an l_inf VNN-COMP config)"", ""general.adhoc_tuning None: api.py cannot eval Customized(); the vit hook only sets share_alphas when >= 6 MatMul modules exist, and this PyTorch module has 0, so the hook is a no-op here""]",,,39.0,11526.0,official_attack_off_f32_lp1_sharedalpha_batch16,"[""abcrown"",""scratch/text_export/sst_p1/sst_buffet/onnx/sst_d3_L16.onnx"",""scratch/text_export/sst_p1/sst_buffet/vnnlib/query_index_q0001_d3_L16_e35_p1_eps0p2.v1.vnnlib"",30.0,""official_attack_off_f32_lp1_sharedalpha_batch16""]",
sst_p1,2,sst_d3_L20.onnx,query_index_q0002_d3_L20_e733_p1_eps0p2.v1.vnnlib,unsat,1.155,CERTIFIED,1,30.0,1.155,4.127,2.972,5.103425340726972,0,0,,,Native API unsafe is conservatively UNKNOWN; no unvalidated L1 witness accepted,0,scratch/logs/fse2026/abcrown/sst_p1/00002_lp1_ofd2l8xv.log,6b8bbcfac1c01da1cabd240a87e4dce1a65f5a2b,"{""attack"": {""attack_off"": true, ""hook_replacements"": {}, ""overrides"": {""attack"": {""enable_mip_attack"": false, ""input_split_check_adv"": {""enabled"": ""false""}, ""pgd_order"": ""skip""}, ""bab"": {""attack"": {""enabled"": false}, ""branching"": {""input_split"": {""update_rhs_with_attack"": false}}}}}, ""biccos_applicable"": true, ""biccos_effective"": false, ""deviations"": [""config mapping: derived (no official category; vit_2023 transformer config)"", ""attack-off (user decision D20): all attack/falsification stages disabled, see config.attack.overrides"", ""L1 API: explicit solver.alpha-crown.share_alphas=true (ViT ONNX hook is not triggered by native modules); avoids large independent alpha tensors"", ""Python 3.11 typing.override compatibility via typing_extensions (no ACT source change)"", ""float32 stable interpreter; general.double_fp=false; solver.use_float64_in_last_iteration=false"", ""solver.batch_size=16; auto_enlarge_batch_size=false for concurrent GPU memory budget"", ""API CLI biccos_off token selects adapter; actual config is official vit.yaml (BICCOS unchanged)"", ""input route: Python API ABCrownSolver instead of abcrown.py + VNN-LIB (VNN-LIB cannot encode an l1 ball)"", ""ABCrownSolver._build_vnnlib_handler overridden to pass the l1 range dict (X, eps, data_min, data_max)"", ""specification.norm = 1 (the official file is an l_inf VNN-COMP config)"", ""general.adhoc_tuning None: api.py cannot eval Customized(); the vit hook only sets share_alphas when >= 6 MatMul modules exist, and this PyTorch module has 0, so the hook is a no-op here""], ""mapping"": ""derived (no official category; vit_2023 transformer config)"", ""notes"": [], ""official"": ""exp_configs/vnncomp23/vit.yaml"", ""official_biccos"": false, ""official_pgd_order"": ""skip"", ""variant"": ""official""}","[""config mapping: derived (no official category; vit_2023 transformer config)"", ""attack-off (user decision D20): all attack/falsification stages disabled, see config.attack.overrides"", ""L1 API: explicit solver.alpha-crown.share_alphas=true (ViT ONNX hook is not triggered by native modules); avoids large independent alpha tensors"", ""Python 3.11 typing.override compatibility via typing_extensions (no ACT source change)"", ""float32 stable interpreter; general.double_fp=false; solver.use_float64_in_last_iteration=false"", ""solver.batch_size=16; auto_enlarge_batch_size=false for concurrent GPU memory budget"", ""API CLI biccos_off token selects adapter; actual config is official vit.yaml (BICCOS unchanged)"", ""input route: Python API ABCrownSolver instead of abcrown.py + VNN-LIB (VNN-LIB cannot encode an l1 ball)"", ""ABCrownSolver._build_vnnlib_handler overridden to pass the l1 range dict (X, eps, data_min, data_max)"", ""specification.norm = 1 (the official file is an l_inf VNN-COMP config)"", ""general.adhoc_tuning None: api.py cannot eval Customized(); the vit hook only sets share_alphas when >= 6 MatMul modules exist, and this PyTorch module has 0, so the hook is a no-op here""]",,,4.0,12486.0,official_attack_off_f32_lp1_sharedalpha_batch16,"[""abcrown"",""scratch/text_export/sst_p1/sst_buffet/onnx/sst_d3_L20.onnx"",""scratch/text_export/sst_p1/sst_buffet/vnnlib/query_index_q0002_d3_L20_e733_p1_eps0p2.v1.vnnlib"",30.0,""official_attack_off_f32_lp1_sharedalpha_batch16""]",
sst_p1,3,sst_d3_L17.onnx,query_index_q0003_d3_L17_e1455_p1_eps0p2.v1.vnnlib,unknown,31.266,UNKNOWN,0,30.0,31.266,34.261,2.995,35.25648835487664,1,0,,,Native API unsafe is conservatively UNKNOWN; no unvalidated L1 witness accepted,0,scratch/logs/fse2026/abcrown/sst_p1/00003_lp1_5639pyy8.log,6b8bbcfac1c01da1cabd240a87e4dce1a65f5a2b,"{""attack"": {""attack_off"": true, ""hook_replacements"": {}, ""overrides"": {""attack"": {""enable_mip_attack"": false, ""input_split_check_adv"": {""enabled"": ""false""}, ""pgd_order"": ""skip""}, ""bab"": {""attack"": {""enabled"": false}, ""branching"": {""input_split"": {""update_rhs_with_attack"": false}}}}}, ""biccos_applicable"": true, ""biccos_effective"": false, ""deviations"": [""config mapping: derived (no official category; vit_2023 transformer config)"", ""attack-off (user decision D20): all attack/falsification stages disabled, see config.attack.overrides"", ""L1 API: explicit solver.alpha-crown.share_alphas=true (ViT ONNX hook is not triggered by native modules); avoids large independent alpha tensors"", ""Python 3.11 typing.override compatibility via typing_extensions (no ACT source change)"", ""float32 stable interpreter; general.double_fp=false; solver.use_float64_in_last_iteration=false"", ""solver.batch_size=16; auto_enlarge_batch_size=false for concurrent GPU memory budget"", ""API CLI biccos_off token selects adapter; actual config is official vit.yaml (BICCOS unchanged)"", ""input route: Python API ABCrownSolver instead of abcrown.py + VNN-LIB (VNN-LIB cannot encode an l1 ball)"", ""ABCrownSolver._build_vnnlib_handler overridden to pass the l1 range dict (X, eps, data_min, data_max)"", ""specification.norm = 1 (the official file is an l_inf VNN-COMP config)"", ""general.adhoc_tuning None: api.py cannot eval Customized(); the vit hook only sets share_alphas when >= 6 MatMul modules exist, and this PyTorch module has 0, so the hook is a no-op here""], ""mapping"": ""derived (no official category; vit_2023 transformer config)"", ""notes"": [], ""official"": ""exp_configs/vnncomp23/vit.yaml"", ""official_biccos"": false, ""official_pgd_order"": ""skip"", ""variant"": ""official""}","[""config mapping: derived (no official category; vit_2023 transformer config)"", ""attack-off (user decision D20): all attack/falsification stages disabled, see config.attack.overrides"", ""L1 API: explicit solver.alpha-crown.share_alphas=true (ViT ONNX hook is not triggered by native modules); avoids large independent alpha tensors"", ""Python 3.11 typing.override compatibility via typing_extensions (no ACT source change)"", ""float32 stable interpreter; general.double_fp=false; solver.use_float64_in_last_iteration=false"", ""solver.batch_size=16; auto_enlarge_batch_size=false for concurrent GPU memory budget"", ""API CLI biccos_off token selects adapter; actual config is official vit.yaml (BICCOS unchanged)"", ""input route: Python API ABCrownSolver instead of abcrown.py + VNN-LIB (VNN-LIB cannot encode an l1 ball)"", ""ABCrownSolver._build_vnnlib_handler overridden to pass the l1 range dict (X, eps, data_min, data_max)"", ""specification.norm = 1 (the official file is an l_inf VNN-COMP config)"", ""general.adhoc_tuning None: api.py cannot eval Customized(); the vit hook only sets share_alphas when >= 6 MatMul modules exist, and this PyTorch module has 0, so the hook is a no-op here""]",,,2.0,12206.0,official_attack_off_f32_lp1_sharedalpha_batch16,"[""abcrown"",""scratch/text_export/sst_p1/sst_buffet/onnx/sst_d3_L17.onnx"",""scratch/text_export/sst_p1/sst_buffet/vnnlib/query_index_q0003_d3_L17_e1455_p1_eps0p2.v1.vnnlib"",30.0,""official_attack_off_f32_lp1_sharedalpha_batch16""]",
sst_p1,4,sst_d3_L9.onnx,query_index_q0004_d3_L9_e1687_p1_eps0p2.v1.vnnlib,unsat,1.085,CERTIFIED,1,30.0,1.085,4.397,3.312,5.5085175242275,0,0,,,Native API unsafe is conservatively UNKNOWN; no unvalidated L1 witness accepted,0,scratch/logs/fse2026/abcrown/sst_p1/00004_lp1_s1z_f8pq.log,6b8bbcfac1c01da1cabd240a87e4dce1a65f5a2b,"{""attack"": {""attack_off"": true, ""hook_replacements"": {}, ""overrides"": {""attack"": {""enable_mip_attack"": false, ""input_split_check_adv"": {""enabled"": ""false""}, ""pgd_order"": ""skip""}, ""bab"": {""attack"": {""enabled"": false}, ""branching"": {""input_split"": {""update_rhs_with_attack"": false}}}}}, ""biccos_applicable"": true, ""biccos_effective"": false, ""deviations"": [""config mapping: derived (no official category; vit_2023 transformer config)"", ""attack-off (user decision D20): all attack/falsification stages disabled, see config.attack.overrides"", ""L1 API: explicit solver.alpha-crown.share_alphas=true (ViT ONNX hook is not triggered by native modules); avoids large independent alpha tensors"", ""Python 3.11 typing.override compatibility via typing_extensions (no ACT source change)"", ""float32 stable interpreter; general.double_fp=false; solver.use_float64_in_last_iteration=false"", ""solver.batch_size=16; auto_enlarge_batch_size=false for concurrent GPU memory budget"", ""API CLI biccos_off token selects adapter; actual config is official vit.yaml (BICCOS unchanged)"", ""input route: Python API ABCrownSolver instead of abcrown.py + VNN-LIB (VNN-LIB cannot encode an l1 ball)"", ""ABCrownSolver._build_vnnlib_handler overridden to pass the l1 range dict (X, eps, data_min, data_max)"", ""specification.norm = 1 (the official file is an l_inf VNN-COMP config)"", ""general.adhoc_tuning None: api.py cannot eval Customized(); the vit hook only sets share_alphas when >= 6 MatMul modules exist, and this PyTorch module has 0, so the hook is a no-op here""], ""mapping"": ""derived (no official category; vit_2023 transformer config)"", ""notes"": [], ""official"": ""exp_configs/vnncomp23/vit.yaml"", ""official_biccos"": false, ""official_pgd_order"": ""skip"", ""variant"": ""official""}","[""config mapping: derived (no official category; vit_2023 transformer config)"", ""attack-off (user decision D20): all attack/falsification stages disabled, see config.attack.overrides"", ""L1 API: explicit solver.alpha-crown.share_alphas=true (ViT ONNX hook is not triggered by native modules); avoids large independent alpha tensors"", ""Python 3.11 typing.override compatibility via typing_extensions (no ACT source change)"", ""float32 stable interpreter; general.double_fp=false; solver.use_float64_in_last_iteration=false"", ""solver.batch_size=16; auto_enlarge_batch_size=false for concurrent GPU memory budget"", ""API CLI biccos_off token selects adapter; actual config is official vit.yaml (BICCOS unchanged)"", ""input route: Python API ABCrownSolver instead of abcrown.py + VNN-LIB (VNN-LIB cannot encode an l1 ball)"", ""ABCrownSolver._build_vnnlib_handler overridden to pass the l1 range dict (X, eps, data_min, data_max)"", ""specification.norm = 1 (the official file is an l_inf VNN-COMP config)"", ""general.adhoc_tuning None: api.py cannot eval Customized(); the vit hook only sets share_alphas when >= 6 MatMul modules exist, and this PyTorch module has 0, so the hook is a no-op here""]",,,81.0,15716.0,official_attack_off_f32_lp1_sharedalpha_batch16,"[""abcrown"",""scratch/text_export/sst_p1/sst_buffet/onnx/sst_d3_L9.onnx"",""scratch/text_export/sst_p1/sst_buffet/vnnlib/query_index_q0004_d3_L9_e1687_p1_eps0p2.v1.vnnlib"",30.0,""official_attack_off_f32_lp1_sharedalpha_batch16""]",
sst_p1,5,sst_d3_L13.onnx,query_index_q0005_d3_L13_e1333_p1_eps0p2.v1.vnnlib,unsat,1.108,CERTIFIED,1,30.0,1.108,4.177,3.069,5.203544577583671,0,0,,,Native API unsafe is conservatively UNKNOWN; no unvalidated L1 witness accepted,0,scratch/logs/fse2026/abcrown/sst_p1/00005_lp1_t_02vkik.log,6b8bbcfac1c01da1cabd240a87e4dce1a65f5a2b,"{""attack"": {""attack_off"": true, ""hook_replacements"": {}, ""overrides"": {""attack"": {""enable_mip_attack"": false, ""input_split_check_adv"": {""enabled"": ""false""}, ""pgd_order"": ""skip""}, ""bab"": {""attack"": {""enabled"": false}, ""branching"": {""input_split"": {""update_rhs_with_attack"": false}}}}}, ""biccos_applicable"": true, ""biccos_effective"": false, ""deviations"": [""config mapping: derived (no official category; vit_2023 transformer config)"", ""attack-off (user decision D20): all attack/falsification stages disabled, see config.attack.overrides"", ""L1 API: explicit solver.alpha-crown.share_alphas=true (ViT ONNX hook is not triggered by native modules); avoids large independent alpha tensors"", ""Python 3.11 typing.override compatibility via typing_extensions (no ACT source change)"", ""float32 stable interpreter; general.double_fp=false; solver.use_float64_in_last_iteration=false"", ""solver.batch_size=16; auto_enlarge_batch_size=false for concurrent GPU memory budget"", ""API CLI biccos_off token selects adapter; actual config is official vit.yaml (BICCOS unchanged)"", ""input route: Python API ABCrownSolver instead of abcrown.py + VNN-LIB (VNN-LIB cannot encode an l1 ball)"", ""ABCrownSolver._build_vnnlib_handler overridden to pass the l1 range dict (X, eps, data_min, data_max)"", ""specification.norm = 1 (the official file is an l_inf VNN-COMP config)"", ""general.adhoc_tuning None: api.py cannot eval Customized(); the vit hook only sets share_alphas when >= 6 MatMul modules exist, and this PyTorch module has 0, so the hook is a no-op here""], ""mapping"": ""derived (no official category; vit_2023 transformer config)"", ""notes"": [], ""official"": ""exp_configs/vnncomp23/vit.yaml"", ""official_biccos"": false, ""official_pgd_order"": ""skip"", ""variant"": ""official""}","[""config mapping: derived (no official category; vit_2023 transformer config)"", ""attack-off (user decision D20): all attack/falsification stages disabled, see config.attack.overrides"", ""L1 API: explicit solver.alpha-crown.share_alphas=true (ViT ONNX hook is not triggered by native modules); avoids large independent alpha tensors"", ""Python 3.11 typing.override compatibility via typing_extensions (no ACT source change)"", ""float32 stable interpreter; general.double_fp=false; solver.use_float64_in_last_iteration=false"", ""solver.batch_size=16; auto_enlarge_batch_size=false for concurrent GPU memory budget"", ""API CLI biccos_off token selects adapter; actual config is official vit.yaml (BICCOS unchanged)"", ""input route: Python API ABCrownSolver instead of abcrown.py + VNN-LIB (VNN-LIB cannot encode an l1 ball)"", ""ABCrownSolver._build_vnnlib_handler overridden to pass the l1 range dict (X, eps, data_min, data_max)"", ""specification.norm = 1 (the official file is an l_inf VNN-COMP config)"", ""general.adhoc_tuning None: api.py cannot eval Customized(); the vit hook only sets share_alphas when >= 6 MatMul modules exist, and this PyTorch module has 0, so the hook is a no-op here""]",,,0.0,11526.0,official_attack_off_f32_lp1_sharedalpha_batch16,"[""abcrown"",""scratch/text_export/sst_p1/sst_buffet/onnx/sst_d3_L13.onnx"",""scratch/text_export/sst_p1/sst_buffet/vnnlib/query_index_q0005_d3_L13_e1333_p1_eps0p2.v1.vnnlib"",30.0,""official_attack_off_f32_lp1_sharedalpha_batch16""]",
sst_p1,6,sst_d3_L10.onnx,query_index_q0006_d3_L10_e1559_p1_eps0p2.v1.vnnlib,unsat,1.435,CERTIFIED,1,30.0,1.435,4.502,3.066,5.562568806111813,0,0,,,Native API unsafe is conservatively UNKNOWN; no unvalidated L1 witness accepted,0,scratch/logs/fse2026/abcrown/sst_p1/00006_lp1_j_85g1ei.log,6b8bbcfac1c01da1cabd240a87e4dce1a65f5a2b,"{""attack"": {""attack_off"": true, ""hook_replacements"": {}, ""overrides"": {""attack"": {""enable_mip_attack"": false, ""input_split_check_adv"": {""enabled"": ""false""}, ""pgd_order"": ""skip""}, ""bab"": {""attack"": {""enabled"": false}, ""branching"": {""input_split"": {""update_rhs_with_attack"": false}}}}}, ""biccos_applicable"": true, ""biccos_effective"": false, ""deviations"": [""config mapping: derived (no official category; vit_2023 transformer config)"", ""attack-off (user decision D20): all attack/falsification stages disabled, see config.attack.overrides"", ""L1 API: explicit solver.alpha-crown.share_alphas=true (ViT ONNX hook is not triggered by native modules); avoids large independent alpha tensors"", ""Python 3.11 typing.override compatibility via typing_extensions (no ACT source change)"", ""float32 stable interpreter; general.double_fp=false; solver.use_float64_in_last_iteration=false"", ""solver.batch_size=16; auto_enlarge_batch_size=false for concurrent GPU memory budget"", ""API CLI biccos_off token selects adapter; actual config is official vit.yaml (BICCOS unchanged)"", ""input route: Python API ABCrownSolver instead of abcrown.py + VNN-LIB (VNN-LIB cannot encode an l1 ball)"", ""ABCrownSolver._build_vnnlib_handler overridden to pass the l1 range dict (X, eps, data_min, data_max)"", ""specification.norm = 1 (the official file is an l_inf VNN-COMP config)"", ""general.adhoc_tuning None: api.py cannot eval Customized(); the vit hook only sets share_alphas when >= 6 MatMul modules exist, and this PyTorch module has 0, so the hook is a no-op here""], ""mapping"": ""derived (no official category; vit_2023 transformer config)"", ""notes"": [], ""official"": ""exp_configs/vnncomp23/vit.yaml"", ""official_biccos"": false, ""official_pgd_order"": ""skip"", ""variant"": ""official""}","[""config mapping: derived (no official category; vit_2023 transformer config)"", ""attack-off (user decision D20): all attack/falsification stages disabled, see config.attack.overrides"", ""L1 API: explicit solver.alpha-crown.share_alphas=true (ViT ONNX hook is not triggered by native modules); avoids large independent alpha tensors"", ""Python 3.11 typing.override compatibility via typing_extensions (no ACT source change)"", ""float32 stable interpreter; general.double_fp=false; solver.use_float64_in_last_iteration=false"", ""solver.batch_size=16; auto_enlarge_batch_size=false for concurrent GPU memory budget"", ""API CLI biccos_off token selects adapter; actual config is official vit.yaml (BICCOS unchanged)"", ""input route: Python API ABCrownSolver instead of abcrown.py + VNN-LIB (VNN-LIB cannot encode an l1 ball)"", ""ABCrownSolver._build_vnnlib_handler overridden to pass the l1 range dict (X, eps, data_min, data_max)"", ""specification.norm = 1 (the official file is an l_inf VNN-COMP config)"", ""general.adhoc_tuning None: api.py cannot eval Customized(); the vit hook only sets share_alphas when >= 6 MatMul modules exist, and this PyTorch module has 0, so the hook is a no-op here""]",,,0.0,12972.0,official_attack_off_f32_lp1_sharedalpha_batch16,"[""abcrown"",""scratch/text_export/sst_p1/sst_buffet/onnx/sst_d3_L10.onnx"",""scratch/text_export/sst_p1/sst_buffet/vnnlib/query_index_q0006_d3_L10_e1559_p1_eps0p2.v1.vnnlib"",30.0,""official_attack_off_f32_lp1_sharedalpha_batch16""]",
sst_p1,7,sst_d3_L16.onnx,query_index_q0007_d3_L16_e1285_p1_eps0p2.v1.vnnlib,unsat,1.542,CERTIFIED,1,30.0,1.542,4.777,3.234,5.855561058968306,0,0,,,Native API unsafe is conservatively UNKNOWN; no unvalidated L1 witness accepted,0,scratch/logs/fse2026/abcrown/sst_p1/00007_lp1_p8xxwfny.log,6b8bbcfac1c01da1cabd240a87e4dce1a65f5a2b,"{""attack"": {""attack_off"": true, ""hook_replacements"": {}, ""overrides"": {""attack"": {""enable_mip_attack"": false, ""input_split_check_adv"": {""enabled"": ""false""}, ""pgd_order"": ""skip""}, ""bab"": {""attack"": {""enabled"": false}, ""branching"": {""input_split"": {""update_rhs_with_attack"": false}}}}}, ""biccos_applicable"": true, ""biccos_effective"": false, ""deviations"": [""config mapping: derived (no official category; vit_2023 transformer config)"", ""attack-off (user decision D20): all attack/falsification stages disabled, see config.attack.overrides"", ""L1 API: explicit solver.alpha-crown.share_alphas=true (ViT ONNX hook is not triggered by native modules); avoids large independent alpha tensors"", ""Python 3.11 typing.override compatibility via typing_extensions (no ACT source change)"", ""float32 stable interpreter; general.double_fp=false; solver.use_float64_in_last_iteration=false"", ""solver.batch_size=16; auto_enlarge_batch_size=false for concurrent GPU memory budget"", ""API CLI biccos_off token selects adapter; actual config is official vit.yaml (BICCOS unchanged)"", ""input route: Python API ABCrownSolver instead of abcrown.py + VNN-LIB (VNN-LIB cannot encode an l1 ball)"", ""ABCrownSolver._build_vnnlib_handler overridden to pass the l1 range dict (X, eps, data_min, data_max)"", ""specification.norm = 1 (the official file is an l_inf VNN-COMP config)"", ""general.adhoc_tuning None: api.py cannot eval Customized(); the vit hook only sets share_alphas when >= 6 MatMul modules exist, and this PyTorch module has 0, so the hook is a no-op here""], ""mapping"": ""derived (no official category; vit_2023 transformer config)"", ""notes"": [], ""official"": ""exp_configs/vnncomp23/vit.yaml"", ""official_biccos"": false, ""official_pgd_order"": ""skip"", ""variant"": ""official""}","[""config mapping: derived (no official category; vit_2023 transformer config)"", ""attack-off (user decision D20): all attack/falsification stages disabled, see config.attack.overrides"", ""L1 API: explicit solver.alpha-crown.share_alphas=true (ViT ONNX hook is not triggered by native modules); avoids large independent alpha tensors"", ""Python 3.11 typing.override compatibility via typing_extensions (no ACT source change)"", ""float32 stable interpreter; general.double_fp=false; solver.use_float64_in_last_iteration=false"", ""solver.batch_size=16; auto_enlarge_batch_size=false for concurrent GPU memory budget"", ""API CLI biccos_off token selects adapter; actual config is official vit.yaml (BICCOS unchanged)"", ""input route: Python API ABCrownSolver instead of abcrown.py + VNN-LIB (VNN-LIB cannot encode an l1 ball)"", ""ABCrownSolver._build_vnnlib_handler overridden to pass the l1 range dict (X, eps, data_min, data_max)"", ""specification.norm = 1 (the official file is an l_inf VNN-COMP config)"", ""general.adhoc_tuning None: api.py cannot eval Customized(); the vit hook only sets share_alphas when >= 6 MatMul modules exist, and this PyTorch module has 0, so the hook is a no-op here""]",,,25.0,14388.0,official_attack_off_f32_lp1_sharedalpha_batch16,"[""abcrown"",""scratch/text_export/sst_p1/sst_buffet/onnx/sst_d3_L16.onnx"",""scratch/text_export/sst_p1/sst_buffet/vnnlib/query_index_q0007_d3_L16_e1285_p1_eps0p2.v1.vnnlib"",30.0,""official_attack_off_f32_lp1_sharedalpha_batch16""]",
sst_p1,8,sst_d3_L13.onnx,query_index_q0008_d3_L13_e1207_p1_eps0p2.v1.vnnlib,unsat,1.649,CERTIFIED,1,30.0,1.649,4.844,3.194,5.805857328698039,0,0,,,Native API unsafe is conservatively UNKNOWN; no unvalidated L1 witness accepted,0,scratch/logs/fse2026/abcrown/sst_p1/00008_lp1_9pdjjjz6.log,6b8bbcfac1c01da1cabd240a87e4dce1a65f5a2b,"{""attack"": {""attack_off"": true, ""hook_replacements"": {}, ""overrides"": {""attack"": {""enable_mip_attack"": false, ""input_split_check_adv"": {""enabled"": ""false""}, ""pgd_order"": ""skip""}, ""bab"": {""attack"": {""enabled"": false}, ""branching"": {""input_split"": {""update_rhs_with_attack"": false}}}}}, ""biccos_applicable"": true, ""biccos_effective"": false, ""deviations"": [""config mapping: derived (no official category; vit_2023 transformer config)"", ""attack-off (user decision D20): all attack/falsification stages disabled, see config.attack.overrides"", ""L1 API: explicit solver.alpha-crown.share_alphas=true (ViT ONNX hook is not triggered by native modules); avoids large independent alpha tensors"", ""Python 3.11 typing.override compatibility via typing_extensions (no ACT source change)"", ""float32 stable interpreter; general.double_fp=false; solver.use_float64_in_last_iteration=false"", ""solver.batch_size=16; auto_enlarge_batch_size=false for concurrent GPU memory budget"", ""API CLI biccos_off token selects adapter; actual config is official vit.yaml (BICCOS unchanged)"", ""input route: Python API ABCrownSolver instead of abcrown.py + VNN-LIB (VNN-LIB cannot encode an l1 ball)"", ""ABCrownSolver._build_vnnlib_handler overridden to pass the l1 range dict (X, eps, data_min, data_max)"", ""specification.norm = 1 (the official file is an l_inf VNN-COMP config)"", ""general.adhoc_tuning None: api.py cannot eval Customized(); the vit hook only sets share_alphas when >= 6 MatMul modules exist, and this PyTorch module has 0, so the hook is a no-op here""], ""mapping"": ""derived (no official category; vit_2023 transformer config)"", ""notes"": [], ""official"": ""exp_configs/vnncomp23/vit.yaml"", ""official_biccos"": false, ""official_pgd_order"": ""skip"", ""variant"": ""official""}","[""config mapping: derived (no official category; vit_2023 transformer config)"", ""attack-off (user decision D20): all attack/falsification stages disabled, see config.attack.overrides"", ""L1 API: explicit solver.alpha-crown.share_alphas=true (ViT ONNX hook is not triggered by native modules); avoids large independent alpha tensors"", ""Python 3.11 typing.override compatibility via typing_extensions (no ACT source change)"", ""float32 stable interpreter; general.double_fp=false; solver.use_float64_in_last_iteration=false"", ""solver.batch_size=16; auto_enlarge_batch_size=false for concurrent GPU memory budget"", ""API CLI biccos_off token selects adapter; actual config is official vit.yaml (BICCOS unchanged)"", ""input route: Python API ABCrownSolver instead of abcrown.py + VNN-LIB (VNN-LIB cannot encode an l1 ball)"", ""ABCrownSolver._build_vnnlib_handler overridden to pass the l1 range dict (X, eps, data_min, data_max)"", ""specification.norm = 1 (the official file is an l_inf VNN-COMP config)"", ""general.adhoc_tuning None: api.py cannot eval Customized(); the vit hook only sets share_alphas when >= 6 MatMul modules exist, and this PyTorch module has 0, so the hook is a no-op here""]",,,7.0,23756.0,official_attack_off_f32_lp1_sharedalpha_batch16,"[""abcrown"",""scratch/text_export/sst_p1/sst_buffet/onnx/sst_d3_L13.onnx"",""scratch/text_export/sst_p1/sst_buffet/vnnlib/query_index_q0008_d3_L13_e1207_p1_eps0p2.v1.vnnlib"",30.0,""official_attack_off_f32_lp1_sharedalpha_batch16""]",
sst_p1,9,sst_d3_L11.onnx,query_index_q0009_d3_L11_e1238_p1_eps0p2.v1.vnnlib,unsat,2.195,CERTIFIED,1,30.0,2.195,5.56,3.365,6.5583081766963005,0,0,,,Native API unsafe is conservatively UNKNOWN; no unvalidated L1 witness accepted,0,scratch/logs/fse2026/abcrown/sst_p1/00009_lp1_gplqk5cf.log,6b8bbcfac1c01da1cabd240a87e4dce1a65f5a2b,"{""attack"": {""attack_off"": true, ""hook_replacements"": {}, ""overrides"": {""attack"": {""enable_mip_attack"": false, ""input_split_check_adv"": {""enabled"": ""false""}, ""pgd_order"": ""skip""}, ""bab"": {""attack"": {""enabled"": false}, ""branching"": {""input_split"": {""update_rhs_with_attack"": false}}}}}, ""biccos_applicable"": true, ""biccos_effective"": false, ""deviations"": [""config mapping: derived (no official category; vit_2023 transformer config)"", ""attack-off (user decision D20): all attack/falsification stages disabled, see config.attack.overrides"", ""L1 API: explicit solver.alpha-crown.share_alphas=true (ViT ONNX hook is not triggered by native modules); avoids large independent alpha tensors"", ""Python 3.11 typing.override compatibility via typing_extensions (no ACT source change)"", ""float32 stable interpreter; general.double_fp=false; solver.use_float64_in_last_iteration=false"", ""solver.batch_size=16; auto_enlarge_batch_size=false for concurrent GPU memory budget"", ""API CLI biccos_off token selects adapter; actual config is official vit.yaml (BICCOS unchanged)"", ""input route: Python API ABCrownSolver instead of abcrown.py + VNN-LIB (VNN-LIB cannot encode an l1 ball)"", ""ABCrownSolver._build_vnnlib_handler overridden to pass the l1 range dict (X, eps, data_min, data_max)"", ""specification.norm = 1 (the official file is an l_inf VNN-COMP config)"", ""general.adhoc_tuning None: api.py cannot eval Customized(); the vit hook only sets share_alphas when >= 6 MatMul modules exist, and this PyTorch module has 0, so the hook is a no-op here""], ""mapping"": ""derived (no official category; vit_2023 transformer config)"", ""notes"": [], ""official"": ""exp_configs/vnncomp23/vit.yaml"", ""official_biccos"": false, ""official_pgd_order"": ""skip"", ""variant"": ""official""}","[""config mapping: derived (no official category; vit_2023 transformer config)"", ""attack-off (user decision D20): all attack/falsification stages disabled, see config.attack.overrides"", ""L1 API: explicit solver.alpha-crown.share_alphas=true (ViT ONNX hook is not triggered by native modules); avoids large independent alpha tensors"", ""Python 3.11 typing.override compatibility via typing_extensions (no ACT source change)"", ""float32 stable interpreter; general.double_fp=false; solver.use_float64_in_last_iteration=false"", ""solver.batch_size=16; auto_enlarge_batch_size=false for concurrent GPU memory budget"", ""API CLI biccos_off token selects adapter; actual config is official vit.yaml (BICCOS unchanged)"", ""input route: Python API ABCrownSolver instead of abcrown.py + VNN-LIB (VNN-LIB cannot encode an l1 ball)"", ""ABCrownSolver._build_vnnlib_handler overridden to pass the l1 range dict (X, eps, data_min, data_max)"", ""specification.norm = 1 (the official file is an l_inf VNN-COMP config)"", ""general.adhoc_tuning None: api.py cannot eval Customized(); the vit hook only sets share_alphas when >= 6 MatMul modules exist, and this PyTorch module has 0, so the hook is a no-op here""]",,,52.0,30884.0,official_attack_off_f32_lp1_sharedalpha_batch16,"[""abcrown"",""scratch/text_export/sst_p1/sst_buffet/onnx/sst_d3_L11.onnx"",""scratch/text_export/sst_p1/sst_buffet/vnnlib/query_index_q0009_d3_L11_e1238_p1_eps0p2.v1.vnnlib"",30.0,""official_attack_off_f32_lp1_sharedalpha_batch16""]",
sst_p1,10,sst_d3_L20.onnx,query_index_q0010_d3_L20_e37_p1_eps0p2.v1.vnnlib,unsat,3.4,CERTIFIED,1,30.0,3.4,6.467,3.066,7.458242449909449,0,0,,,Native API unsafe is conservatively UNKNOWN; no unvalidated L1 witness accepted,0,scratch/logs/fse2026/abcrown/sst_p1/00010_lp1_ngy3nmfl.log,6b8bbcfac1c01da1cabd240a87e4dce1a65f5a2b,"{""attack"": {""attack_off"": true, ""hook_replacements"": {}, ""overrides"": {""attack"": {""enable_mip_attack"": false, ""input_split_check_adv"": {""enabled"": ""false""}, ""pgd_order"": ""skip""}, ""bab"": {""attack"": {""enabled"": false}, ""branching"": {""input_split"": {""update_rhs_with_attack"": false}}}}}, ""biccos_applicable"": true, ""biccos_effective"": false, ""deviations"": [""config mapping: derived (no official category; vit_2023 transformer config)"", ""attack-off (user decision D20): all attack/falsification stages disabled, see config.attack.overrides"", ""L1 API: explicit solver.alpha-crown.share_alphas=true (ViT ONNX hook is not triggered by native modules); avoids large independent alpha tensors"", ""Python 3.11 typing.override compatibility via typing_extensions (no ACT source change)"", ""float32 stable interpreter; general.double_fp=false; solver.use_float64_in_last_iteration=false"", ""solver.batch_size=16; auto_enlarge_batch_size=false for concurrent GPU memory budget"", ""API CLI biccos_off token selects adapter; actual config is official vit.yaml (BICCOS unchanged)"", ""input route: Python API ABCrownSolver instead of abcrown.py + VNN-LIB (VNN-LIB cannot encode an l1 ball)"", ""ABCrownSolver._build_vnnlib_handler overridden to pass the l1 range dict (X, eps, data_min, data_max)"", ""specification.norm = 1 (the official file is an l_inf VNN-COMP config)"", ""general.adhoc_tuning None: api.py cannot eval Customized(); the vit hook only sets share_alphas when >= 6 MatMul modules exist, and this PyTorch module has 0, so the hook is a no-op here""], ""mapping"": ""derived (no official category; vit_2023 transformer config)"", ""notes"": [], ""official"": ""exp_configs/vnncomp23/vit.yaml"", ""official_biccos"": false, ""official_pgd_order"": ""skip"", ""variant"": ""official""}","[""config mapping: derived (no official category; vit_2023 transformer config)"", ""attack-off (user decision D20): all attack/falsification stages disabled, see config.attack.overrides"", ""L1 API: explicit solver.alpha-crown.share_alphas=true (ViT ONNX hook is not triggered by native modules); avoids large independent alpha tensors"", ""Python 3.11 typing.override compatibility via typing_extensions (no ACT source change)"", ""float32 stable interpreter; general.double_fp=false; solver.use_float64_in_last_iteration=false"", ""solver.batch_size=16; auto_enlarge_batch_size=false for concurrent GPU memory budget"", ""API CLI biccos_off token selects adapter; actual config is official vit.yaml (BICCOS unchanged)"", ""input route: Python API ABCrownSolver instead of abcrown.py + VNN-LIB (VNN-LIB cannot encode an l1 ball)"", ""ABCrownSolver._build_vnnlib_handler overridden to pass the l1 range dict (X, eps, data_min, data_max)"", ""specification.norm = 1 (the official file is an l_inf VNN-COMP config)"", ""general.adhoc_tuning None: api.py cannot eval Customized(); the vit hook only sets share_alphas when >= 6 MatMul modules exist, and this PyTorch module has 0, so the hook is a no-op here""]",,,91.0,41254.0,official_attack_off_f32_lp1_sharedalpha_batch16,"[""abcrown"",""scratch/text_export/sst_p1/sst_buffet/onnx/sst_d3_L20.onnx"",""scratch/text_export/sst_p1/sst_buffet/vnnlib/query_index_q0010_d3_L20_e37_p1_eps0p2.v1.vnnlib"",30.0,""official_attack_off_f32_lp1_sharedalpha_batch16""]",
sst_p1,11,sst_d3_L16.onnx,query_index_q0011_d3_L16_e724_p1_eps0p2.v1.vnnlib,unsat,3.377,CERTIFIED,1,30.0,3.377,6.518,3.141,7.509539527818561,0,0,,,Native API unsafe is conservatively UNKNOWN; no unvalidated L1 witness accepted,0,scratch/logs/fse2026/abcrown/sst_p1/00011_lp1_nwcxjcr_.log,6b8bbcfac1c01da1cabd240a87e4dce1a65f5a2b,"{""attack"": {""attack_off"": true, ""hook_replacements"": {}, ""overrides"": {""attack"": {""enable_mip_attack"": false, ""input_split_check_adv"": {""enabled"": ""false""}, ""pgd_order"": ""skip""}, ""bab"": {""attack"": {""enabled"": false}, ""branching"": {""input_split"": {""update_rhs_with_attack"": false}}}}}, ""biccos_applicable"": true, ""biccos_effective"": false, ""deviations"": [""config mapping: derived (no official category; vit_2023 transformer config)"", ""attack-off (user decision D20): all attack/falsification stages disabled, see config.attack.overrides"", ""L1 API: explicit solver.alpha-crown.share_alphas=true (ViT ONNX hook is not triggered by native modules); avoids large independent alpha tensors"", ""Python 3.11 typing.override compatibility via typing_extensions (no ACT source change)"", ""float32 stable interpreter; general.double_fp=false; solver.use_float64_in_last_iteration=false"", ""solver.batch_size=16; auto_enlarge_batch_size=false for concurrent GPU memory budget"", ""API CLI biccos_off token selects adapter; actual config is official vit.yaml (BICCOS unchanged)"", ""input route: Python API ABCrownSolver instead of abcrown.py + VNN-LIB (VNN-LIB cannot encode an l1 ball)"", ""ABCrownSolver._build_vnnlib_handler overridden to pass the l1 range dict (X, eps, data_min, data_max)"", ""specification.norm = 1 (the official file is an l_inf VNN-COMP config)"", ""general.adhoc_tuning None: api.py cannot eval Customized(); the vit hook only sets share_alphas when >= 6 MatMul modules exist, and this PyTorch module has 0, so the hook is a no-op here""], ""mapping"": ""derived (no official category; vit_2023 transformer config)"", ""notes"": [], ""official"": ""exp_configs/vnncomp23/vit.yaml"", ""official_biccos"": false, ""official_pgd_order"": ""skip"", ""variant"": ""official""}","[""config mapping: derived (no official category; vit_2023 transformer config)"", ""attack-off (user decision D20): all attack/falsification stages disabled, see config.attack.overrides"", ""L1 API: explicit solver.alpha-crown.share_alphas=true (ViT ONNX hook is not triggered by native modules); avoids large independent alpha tensors"", ""Python 3.11 typing.override compatibility via typing_extensions (no ACT source change)"", ""float32 stable interpreter; general.double_fp=false; solver.use_float64_in_last_iteration=false"", ""solver.batch_size=16; auto_enlarge_batch_size=false for concurrent GPU memory budget"", ""API CLI biccos_off token selects adapter; actual config is official vit.yaml (BICCOS unchanged)"", ""input route: Python API ABCrownSolver instead of abcrown.py + VNN-LIB (VNN-LIB cannot encode an l1 ball)"", ""ABCrownSolver._build_vnnlib_handler overridden to pass the l1 range dict (X, eps, data_min, data_max)"", ""specification.norm = 1 (the official file is an l_inf VNN-COMP config)"", ""general.adhoc_tuning None: api.py cannot eval Customized(); the vit hook only sets share_alphas when >= 6 MatMul modules exist, and this PyTorch module has 0, so the hook is a no-op here""]",,,96.0,57192.0,official_attack_off_f32_lp1_sharedalpha_batch16,"[""abcrown"",""scratch/text_export/sst_p1/sst_buffet/onnx/sst_d3_L16.onnx"",""scratch/text_export/sst_p1/sst_buffet/vnnlib/query_index_q0011_d3_L16_e724_p1_eps0p2.v1.vnnlib"",30.0,""official_attack_off_f32_lp1_sharedalpha_batch16""]",
sst_p1,12,sst_d3_L16.onnx,query_index_q0012_d3_L16_e290_p1_eps0p2.v1.vnnlib,unsat,1.721,CERTIFIED,1,30.0,1.721,4.858,3.138,5.8070163037627935,0,0,,,Native API unsafe is conservatively UNKNOWN; no unvalidated L1 witness accepted,0,scratch/logs/fse2026/abcrown/sst_p1/00012_lp1_i57_fews.log,6b8bbcfac1c01da1cabd240a87e4dce1a65f5a2b,"{""attack"": {""attack_off"": true, ""hook_replacements"": {}, ""overrides"": {""attack"": {""enable_mip_attack"": false, ""input_split_check_adv"": {""enabled"": ""false""}, ""pgd_order"": ""skip""}, ""bab"": {""attack"": {""enabled"": false}, ""branching"": {""input_split"": {""update_rhs_with_attack"": false}}}}}, ""biccos_applicable"": true, ""biccos_effective"": false, ""deviations"": [""config mapping: derived (no official category; vit_2023 transformer config)"", ""attack-off (user decision D20): all attack/falsification stages disabled, see config.attack.overrides"", ""L1 API: explicit solver.alpha-crown.share_alphas=true (ViT ONNX hook is not triggered by native modules); avoids large independent alpha tensors"", ""Python 3.11 typing.override compatibility via typing_extensions (no ACT source change)"", ""float32 stable interpreter; general.double_fp=false; solver.use_float64_in_last_iteration=false"", ""solver.batch_size=16; auto_enlarge_batch_size=false for concurrent GPU memory budget"", ""API CLI biccos_off token selects adapter; actual config is official vit.yaml (BICCOS unchanged)"", ""input route: Python API ABCrownSolver instead of abcrown.py + VNN-LIB (VNN-LIB cannot encode an l1 ball)"", ""ABCrownSolver._build_vnnlib_handler overridden to pass the l1 range dict (X, eps, data_min, data_max)"", ""specification.norm = 1 (the official file is an l_inf VNN-COMP config)"", ""general.adhoc_tuning None: api.py cannot eval Customized(); the vit hook only sets share_alphas when >= 6 MatMul modules exist, and this PyTorch module has 0, so the hook is a no-op here""], ""mapping"": ""derived (no official category; vit_2023 transformer config)"", ""notes"": [], ""official"": ""exp_configs/vnncomp23/vit.yaml"", ""official_biccos"": false, ""official_pgd_order"": ""skip"", ""variant"": ""official""}","[""config mapping: derived (no official category; vit_2023 transformer config)"", ""attack-off (user decision D20): all attack/falsification stages disabled, see config.attack.overrides"", ""L1 API: explicit solver.alpha-crown.share_alphas=true (ViT ONNX hook is not triggered by native modules); avoids large independent alpha tensors"", ""Python 3.11 typing.override compatibility via typing_extensions (no ACT source change)"", ""float32 stable interpreter; general.double_fp=false; solver.use_float64_in_last_iteration=false"", ""solver.batch_size=16; auto_enlarge_batch_size=false for concurrent GPU memory budget"", ""API CLI biccos_off token selects adapter; actual config is official vit.yaml (BICCOS unchanged)"", ""input route: Python API ABCrownSolver instead of abcrown.py + VNN-LIB (VNN-LIB cannot encode an l1 ball)"", ""ABCrownSolver._build_vnnlib_handler overridden to pass the l1 range dict (X, eps, data_min, data_max)"", ""specification.norm = 1 (the official file is an l_inf VNN-COMP config)"", ""general.adhoc_tuning None: api.py cannot eval Customized(); the vit hook only sets share_alphas when >= 6 MatMul modules exist, and this PyTorch module has 0, so the hook is a no-op here""]",,,0.0,57192.0,official_attack_off_f32_lp1_sharedalpha_batch16,"[""abcrown"",""scratch/text_export/sst_p1/sst_buffet/onnx/sst_d3_L16.onnx"",""scratch/text_export/sst_p1/sst_buffet/vnnlib/query_index_q0012_d3_L16_e290_p1_eps0p2.v1.vnnlib"",30.0,""official_attack_off_f32_lp1_sharedalpha_batch16""]",
sst_p1,13,sst_d3_L10.onnx,query_index_q0013_d3_L10_e1013_p1_eps0p2.v1.vnnlib,unsat,1.034,CERTIFIED,1,30.0,1.034,4.064,3.03,5.104442173615098,0,0,,,Native API unsafe is conservatively UNKNOWN; no unvalidated L1 witness accepted,0,scratch/logs/fse2026/abcrown/sst_p1/00013_lp1_i0g_drqr.log,6b8bbcfac1c01da1cabd240a87e4dce1a65f5a2b,"{""attack"": {""attack_off"": true, ""hook_replacements"": {}, ""overrides"": {""attack"": {""enable_mip_attack"": false, ""input_split_check_adv"": {""enabled"": ""false""}, ""pgd_order"": ""skip""}, ""bab"": {""attack"": {""enabled"": false}, ""branching"": {""input_split"": {""update_rhs_with_attack"": false}}}}}, ""biccos_applicable"": true, ""biccos_effective"": false, ""deviations"": [""config mapping: derived (no official category; vit_2023 transformer config)"", ""attack-off (user decision D20): all attack/falsification stages disabled, see config.attack.overrides"", ""L1 API: explicit solver.alpha-crown.share_alphas=true (ViT ONNX hook is not triggered by native modules); avoids large independent alpha tensors"", ""Python 3.11 typing.override compatibility via typing_extensions (no ACT source change)"", ""float32 stable interpreter; general.double_fp=false; solver.use_float64_in_last_iteration=false"", ""solver.batch_size=16; auto_enlarge_batch_size=false for concurrent GPU memory budget"", ""API CLI biccos_off token selects adapter; actual config is official vit.yaml (BICCOS unchanged)"", ""input route: Python API ABCrownSolver instead of abcrown.py + VNN-LIB (VNN-LIB cannot encode an l1 ball)"", ""ABCrownSolver._build_vnnlib_handler overridden to pass the l1 range dict (X, eps, data_min, data_max)"", ""specification.norm = 1 (the official file is an l_inf VNN-COMP config)"", ""general.adhoc_tuning None: api.py cannot eval Customized(); the vit hook only sets share_alphas when >= 6 MatMul modules exist, and this PyTorch module has 0, so the hook is a no-op here""], ""mapping"": ""derived (no official category; vit_2023 transformer config)"", ""notes"": [], ""official"": ""exp_configs/vnncomp23/vit.yaml"", ""official_biccos"": false, ""official_pgd_order"": ""skip"", ""variant"": ""official""}","[""config mapping: derived (no official category; vit_2023 transformer config)"", ""attack-off (user decision D20): all attack/falsification stages disabled, see config.attack.overrides"", ""L1 API: explicit solver.alpha-crown.share_alphas=true (ViT ONNX hook is not triggered by native modules); avoids large independent alpha tensors"", ""Python 3.11 typing.override compatibility via typing_extensions (no ACT source change)"", ""float32 stable interpreter; general.double_fp=false; solver.use_float64_in_last_iteration=false"", ""solver.batch_size=16; auto_enlarge_batch_size=false for concurrent GPU memory budget"", ""API CLI biccos_off token selects adapter; actual config is official vit.yaml (BICCOS unchanged)"", ""input route: Python API ABCrownSolver instead of abcrown.py + VNN-LIB (VNN-LIB cannot encode an l1 ball)"", ""ABCrownSolver._build_vnnlib_handler overridden to pass the l1 range dict (X, eps, data_min, data_max)"", ""specification.norm = 1 (the official file is an l_inf VNN-COMP config)"", ""general.adhoc_tuning None: api.py cannot eval Customized(); the vit hook only sets share_alphas when >= 6 MatMul modules exist, and this PyTorch module has 0, so the hook is a no-op here""]",,,19.0,57192.0,official_attack_off_f32_lp1_sharedalpha_batch16,"[""abcrown"",""scratch/text_export/sst_p1/sst_buffet/onnx/sst_d3_L10.onnx"",""scratch/text_export/sst_p1/sst_buffet/vnnlib/query_index_q0013_d3_L10_e1013_p1_eps0p2.v1.vnnlib"",30.0,""official_attack_off_f32_lp1_sharedalpha_batch16""]",
sst_p1,14,sst_d3_L11.onnx,query_index_q0014_d3_L11_e1685_p1_eps0p2.v1.vnnlib,unsat,1.099,CERTIFIED,1,30.0,1.099,4.092,2.993,5.0541584230959415,0,0,,,Native API unsafe is conservatively UNKNOWN; no unvalidated L1 witness accepted,0,scratch/logs/fse2026/abcrown/sst_p1/00014_lp1_yef0mo4n.log,6b8bbcfac1c01da1cabd240a87e4dce1a65f5a2b,"{""attack"": {""attack_off"": true, ""hook_replacements"": {}, ""overrides"": {""attack"": {""enable_mip_attack"": false, ""input_split_check_adv"": {""enabled"": ""false""}, ""pgd_order"": ""skip""}, ""bab"": {""attack"": {""enabled"": false}, ""branching"": {""input_split"": {""update_rhs_with_attack"": false}}}}}, ""biccos_applicable"": true, ""biccos_effective"": false, ""deviations"": [""config mapping: derived (no official category; vit_2023 transformer config)"", ""attack-off (user decision D20): all attack/falsification stages disabled, see config.attack.overrides"", ""L1 API: explicit solver.alpha-crown.share_alphas=true (ViT ONNX hook is not triggered by native modules); avoids large independent alpha tensors"", ""Python 3.11 typing.override compatibility via typing_extensions (no ACT source change)"", ""float32 stable interpreter; general.double_fp=false; solver.use_float64_in_last_iteration=false"", ""solver.batch_size=16; auto_enlarge_batch_size=false for concurrent GPU memory budget"", ""API CLI biccos_off token selects adapter; actual config is official vit.yaml (BICCOS unchanged)"", ""input route: Python API ABCrownSolver instead of abcrown.py + VNN-LIB (VNN-LIB cannot encode an l1 ball)"", ""ABCrownSolver._build_vnnlib_handler overridden to pass the l1 range dict (X, eps, data_min, data_max)"", ""specification.norm = 1 (the official file is an l_inf VNN-COMP config)"", ""general.adhoc_tuning None: api.py cannot eval Customized(); the vit hook only sets share_alphas when >= 6 MatMul modules exist, and this PyTorch module has 0, so the hook is a no-op here""], ""mapping"": ""derived (no official category; vit_2023 transformer config)"", ""notes"": [], ""official"": ""exp_configs/vnncomp23/vit.yaml"", ""official_biccos"": false, ""official_pgd_order"": ""skip"", ""variant"": ""official""}","[""config mapping: derived (no official category; vit_2023 transformer config)"", ""attack-off (user decision D20): all attack/falsification stages disabled, see config.attack.overrides"", ""L1 API: explicit solver.alpha-crown.share_alphas=true (ViT ONNX hook is not triggered by native modules); avoids large independent alpha tensors"", ""Python 3.11 typing.override compatibility via typing_extensions (no ACT source change)"", ""float32 stable interpreter; general.double_fp=false; solver.use_float64_in_last_iteration=false"", ""solver.batch_size=16; auto_enlarge_batch_size=false for concurrent GPU memory budget"", ""API CLI biccos_off token selects adapter; actual config is official vit.yaml (BICCOS unchanged)"", ""input route: Python API ABCrownSolver instead of abcrown.py + VNN-LIB (VNN-LIB cannot encode an l1 ball)"", ""ABCrownSolver._build_vnnlib_handler overridden to pass the l1 range dict (X, eps, data_min, data_max)"", ""specification.norm = 1 (the official file is an l_inf VNN-COMP config)"", ""general.adhoc_tuning None: api.py cannot eval Customized(); the vit hook only sets share_alphas when >= 6 MatMul modules exist, and this PyTorch module has 0, so the hook is a no-op here""]",,,0.0,12214.0,official_attack_off_f32_lp1_sharedalpha_batch16,"[""abcrown"",""scratch/text_export/sst_p1/sst_buffet/onnx/sst_d3_L11.onnx"",""scratch/text_export/sst_p1/sst_buffet/vnnlib/query_index_q0014_d3_L11_e1685_p1_eps0p2.v1.vnnlib"",30.0,""official_attack_off_f32_lp1_sharedalpha_batch16""]",
sst_p1,15,sst_d3_L19.onnx,query_index_q0015_d3_L19_e1739_p1_eps0p2.v1.vnnlib,unsat,1.144,CERTIFIED,1,30.0,1.144,4.136,2.993,5.1043540593236685,0,0,,,Native API unsafe is conservatively UNKNOWN; no unvalidated L1 witness accepted,0,scratch/logs/fse2026/abcrown/sst_p1/00015_lp1_bvhdufez.log,6b8bbcfac1c01da1cabd240a87e4dce1a65f5a2b,"{""attack"": {""attack_off"": true, ""hook_replacements"": {}, ""overrides"": {""attack"": {""enable_mip_attack"": false, ""input_split_check_adv"": {""enabled"": ""false""}, ""pgd_order"": ""skip""}, ""bab"": {""attack"": {""enabled"": false}, ""branching"": {""input_split"": {""update_rhs_with_attack"": false}}}}}, ""biccos_applicable"": true, ""biccos_effective"": false, ""deviations"": [""config mapping: derived (no official category; vit_2023 transformer config)"", ""attack-off (user decision D20): all attack/falsification stages disabled, see config.attack.overrides"", ""L1 API: explicit solver.alpha-crown.share_alphas=true (ViT ONNX hook is not triggered by native modules); avoids large independent alpha tensors"", ""Python 3.11 typing.override compatibility via typing_extensions (no ACT source change)"", ""float32 stable interpreter; general.double_fp=false; solver.use_float64_in_last_iteration=false"", ""solver.batch_size=16; auto_enlarge_batch_size=false for concurrent GPU memory budget"", ""API CLI biccos_off token selects adapter; actual config is official vit.yaml (BICCOS unchanged)"", ""input route: Python API ABCrownSolver instead of abcrown.py + VNN-LIB (VNN-LIB cannot encode an l1 ball)"", ""ABCrownSolver._build_vnnlib_handler overridden to pass the l1 range dict (X, eps, data_min, data_max)"", ""specification.norm = 1 (the official file is an l_inf VNN-COMP config)"", ""general.adhoc_tuning None: api.py cannot eval Customized(); the vit hook only sets share_alphas when >= 6 MatMul modules exist, and this PyTorch module has 0, so the hook is a no-op here""], ""mapping"": ""derived (no official category; vit_2023 transformer config)"", ""notes"": [], ""official"": ""exp_configs/vnncomp23/vit.yaml"", ""official_biccos"": false, ""official_pgd_order"": ""skip"", ""variant"": ""official""}","[""config mapping: derived (no official category; vit_2023 transformer config)"", ""attack-off (user decision D20): all attack/falsification stages disabled, see config.attack.overrides"", ""L1 API: explicit solver.alpha-crown.share_alphas=true (ViT ONNX hook is not triggered by native modules); avoids large independent alpha tensors"", ""Python 3.11 typing.override compatibility via typing_extensions (no ACT source change)"", ""float32 stable interpreter; general.double_fp=false; solver.use_float64_in_last_iteration=false"", ""solver.batch_size=16; auto_enlarge_batch_size=false for concurrent GPU memory budget"", ""API CLI biccos_off token selects adapter; actual config is official vit.yaml (BICCOS unchanged)"", ""input route: Python API ABCrownSolver instead of abcrown.py + VNN-LIB (VNN-LIB cannot encode an l1 ball)"", ""ABCrownSolver._build_vnnlib_handler overridden to pass the l1 range dict (X, eps, data_min, data_max)"", ""specification.norm = 1 (the official file is an l_inf VNN-COMP config)"", ""general.adhoc_tuning None: api.py cannot eval Customized(); the vit hook only sets share_alphas when >= 6 MatMul modules exist, and this PyTorch module has 0, so the hook is a no-op here""]",,,15.0,12962.0,official_attack_off_f32_lp1_sharedalpha_batch16,"[""abcrown"",""scratch/text_export/sst_p1/sst_buffet/onnx/sst_d3_L19.onnx"",""scratch/text_export/sst_p1/sst_buffet/vnnlib/query_index_q0015_d3_L19_e1739_p1_eps0p2.v1.vnnlib"",30.0,""official_attack_off_f32_lp1_sharedalpha_batch16""]",
sst_p1,16,sst_d3_L20.onnx,query_index_q0016_d3_L20_e1702_p1_eps0p2.v1.vnnlib,unsat,1.164,CERTIFIED,1,30.0,1.164,4.157,2.993,5.154663573950529,0,0,,,Native API unsafe is conservatively UNKNOWN; no unvalidated L1 witness accepted,0,scratch/logs/fse2026/abcrown/sst_p1/00016_lp1_ns_21pie.log,6b8bbcfac1c01da1cabd240a87e4dce1a65f5a2b,"{""attack"": {""attack_off"": true, ""hook_replacements"": {}, ""overrides"": {""attack"": {""enable_mip_attack"": false, ""input_split_check_adv"": {""enabled"": ""false""}, ""pgd_order"": ""skip""}, ""bab"": {""attack"": {""enabled"": false}, ""branching"": {""input_split"": {""update_rhs_with_attack"": false}}}}}, ""biccos_applicable"": true, ""biccos_effective"": false, ""deviations"": [""config mapping: derived (no official category; vit_2023 transformer config)"", ""attack-off (user decision D20): all attack/falsification stages disabled, see config.attack.overrides"", ""L1 API: explicit solver.alpha-crown.share_alphas=true (ViT ONNX hook is not triggered by native modules); avoids large independent alpha tensors"", ""Python 3.11 typing.override compatibility via typing_extensions (no ACT source change)"", ""float32 stable interpreter; general.double_fp=false; solver.use_float64_in_last_iteration=false"", ""solver.batch_size=16; auto_enlarge_batch_size=false for concurrent GPU memory budget"", ""API CLI biccos_off token selects adapter; actual config is official vit.yaml (BICCOS unchanged)"", ""input route: Python API ABCrownSolver instead of abcrown.py + VNN-LIB (VNN-LIB cannot encode an l1 ball)"", ""ABCrownSolver._build_vnnlib_handler overridden to pass the l1 range dict (X, eps, data_min, data_max)"", ""specification.norm = 1 (the official file is an l_inf VNN-COMP config)"", ""general.adhoc_tuning None: api.py cannot eval Customized(); the vit hook only sets share_alphas when >= 6 MatMul modules exist, and this PyTorch module has 0, so the hook is a no-op here""], ""mapping"": ""derived (no official category; vit_2023 transformer config)"", ""notes"": [], ""official"": ""exp_configs/vnncomp23/vit.yaml"", ""official_biccos"": false, ""official_pgd_order"": ""skip"", ""variant"": ""official""}","[""config mapping: derived (no official category; vit_2023 transformer config)"", ""attack-off (user decision D20): all attack/falsification stages disabled, see config.attack.overrides"", ""L1 API: explicit solver.alpha-crown.share_alphas=true (ViT ONNX hook is not triggered by native modules); avoids large independent alpha tensors"", ""Python 3.11 typing.override compatibility via typing_extensions (no ACT source change)"", ""float32 stable interpreter; general.double_fp=false; solver.use_float64_in_last_iteration=false"", ""solver.batch_size=16; auto_enlarge_batch_size=false for concurrent GPU memory budget"", ""API CLI biccos_off token selects adapter; actual config is official vit.yaml (BICCOS unchanged)"", ""input route: Python API ABCrownSolver instead of abcrown.py + VNN-LIB (VNN-LIB cannot encode an l1 ball)"", ""ABCrownSolver._build_vnnlib_handler overridden to pass the l1 range dict (X, eps, data_min, data_max)"", ""specification.norm = 1 (the official file is an l_inf VNN-COMP config)"", ""general.adhoc_tuning None: api.py cannot eval Customized(); the vit hook only sets share_alphas when >= 6 MatMul modules exist, and this PyTorch module has 0, so the hook is a no-op here""]",,,4.0,11526.0,official_attack_off_f32_lp1_sharedalpha_batch16,"[""abcrown"",""scratch/text_export/sst_p1/sst_buffet/onnx/sst_d3_L20.onnx"",""scratch/text_export/sst_p1/sst_buffet/vnnlib/query_index_q0016_d3_L20_e1702_p1_eps0p2.v1.vnnlib"",30.0,""official_attack_off_f32_lp1_sharedalpha_batch16""]",
sst_p1,17,sst_d3_L9.onnx,query_index_q0017_d3_L9_e1496_p1_eps0p2.v1.vnnlib,unsat,1.346,CERTIFIED,1,30.0,1.346,4.531,3.184,5.505618007853627,0,0,,,Native API unsafe is conservatively UNKNOWN; no unvalidated L1 witness accepted,0,scratch/logs/fse2026/abcrown/sst_p1/00017_lp1_ox7d7gav.log,6b8bbcfac1c01da1cabd240a87e4dce1a65f5a2b,"{""attack"": {""attack_off"": true, ""hook_replacements"": {}, ""overrides"": {""attack"": {""enable_mip_attack"": false, ""input_split_check_adv"": {""enabled"": ""false""}, ""pgd_order"": ""skip""}, ""bab"": {""attack"": {""enabled"": false}, ""branching"": {""input_split"": {""update_rhs_with_attack"": false}}}}}, ""biccos_applicable"": true, ""biccos_effective"": false, ""deviations"": [""config mapping: derived (no official category; vit_2023 transformer config)"", ""attack-off (user decision D20): all attack/falsification stages disabled, see config.attack.overrides"", ""L1 API: explicit solver.alpha-crown.share_alphas=true (ViT ONNX hook is not triggered by native modules); avoids large independent alpha tensors"", ""Python 3.11 typing.override compatibility via typing_extensions (no ACT source change)"", ""float32 stable interpreter; general.double_fp=false; solver.use_float64_in_last_iteration=false"", ""solver.batch_size=16; auto_enlarge_batch_size=false for concurrent GPU memory budget"", ""API CLI biccos_off token selects adapter; actual config is official vit.yaml (BICCOS unchanged)"", ""input route: Python API ABCrownSolver instead of abcrown.py + VNN-LIB (VNN-LIB cannot encode an l1 ball)"", ""ABCrownSolver._build_vnnlib_handler overridden to pass the l1 range dict (X, eps, data_min, data_max)"", ""specification.norm = 1 (the official file is an l_inf VNN-COMP config)"", ""general.adhoc_tuning None: api.py cannot eval Customized(); the vit hook only sets share_alphas when >= 6 MatMul modules exist, and this PyTorch module has 0, so the hook is a no-op here""], ""mapping"": ""derived (no official category; vit_2023 transformer config)"", ""notes"": [], ""official"": ""exp_configs/vnncomp23/vit.yaml"", ""official_biccos"": false, ""official_pgd_order"": ""skip"", ""variant"": ""official""}","[""config mapping: derived (no official category; vit_2023 transformer config)"", ""attack-off (user decision D20): all attack/falsification stages disabled, see config.attack.overrides"", ""L1 API: explicit solver.alpha-crown.share_alphas=true (ViT ONNX hook is not triggered by native modules); avoids large independent alpha tensors"", ""Python 3.11 typing.override compatibility via typing_extensions (no ACT source change)"", ""float32 stable interpreter; general.double_fp=false; solver.use_float64_in_last_iteration=false"", ""solver.batch_size=16; auto_enlarge_batch_size=false for concurrent GPU memory budget"", ""API CLI biccos_off token selects adapter; actual config is official vit.yaml (BICCOS unchanged)"", ""input route: Python API ABCrownSolver instead of abcrown.py + VNN-LIB (VNN-LIB cannot encode an l1 ball)"", ""ABCrownSolver._build_vnnlib_handler overridden to pass the l1 range dict (X, eps, data_min, data_max)"", ""specification.norm = 1 (the official file is an l_inf VNN-COMP config)"", ""general.adhoc_tuning None: api.py cannot eval Customized(); the vit hook only sets share_alphas when >= 6 MatMul modules exist, and this PyTorch module has 0, so the hook is a no-op here""]",,,0.0,11526.0,official_attack_off_f32_lp1_sharedalpha_batch16,"[""abcrown"",""scratch/text_export/sst_p1/sst_buffet/onnx/sst_d3_L9.onnx"",""scratch/text_export/sst_p1/sst_buffet/vnnlib/query_index_q0017_d3_L9_e1496_p1_eps0p2.v1.vnnlib"",30.0,""official_attack_off_f32_lp1_sharedalpha_batch16""]",
sst_p1,18,sst_d3_L11.onnx,query_index_q0018_d3_L11_e1560_p1_eps0p2.v1.vnnlib,unsat,2.262,CERTIFIED,1,30.0,2.262,5.539,3.277,6.555956691503525,0,0,,,Native API unsafe is conservatively UNKNOWN; no unvalidated L1 witness accepted,0,scratch/logs/fse2026/abcrown/sst_p1/00018_lp1_y3zvpw1i.log,6b8bbcfac1c01da1cabd240a87e4dce1a65f5a2b,"{""attack"": {""attack_off"": true, ""hook_replacements"": {}, ""overrides"": {""attack"": {""enable_mip_attack"": false, ""input_split_check_adv"": {""enabled"": ""false""}, ""pgd_order"": ""skip""}, ""bab"": {""attack"": {""enabled"": false}, ""branching"": {""input_split"": {""update_rhs_with_attack"": false}}}}}, ""biccos_applicable"": true, ""biccos_effective"": false, ""deviations"": [""config mapping: derived (no official category; vit_2023 transformer config)"", ""attack-off (user decision D20): all attack/falsification stages disabled, see config.attack.overrides"", ""L1 API: explicit solver.alpha-crown.share_alphas=true (ViT ONNX hook is not triggered by native modules); avoids large independent alpha tensors"", ""Python 3.11 typing.override compatibility via typing_extensions (no ACT source change)"", ""float32 stable interpreter; general.double_fp=false; solver.use_float64_in_last_iteration=false"", ""solver.batch_size=16; auto_enlarge_batch_size=false for concurrent GPU memory budget"", ""API CLI biccos_off token selects adapter; actual config is official vit.yaml (BICCOS unchanged)"", ""input route: Python API ABCrownSolver instead of abcrown.py + VNN-LIB (VNN-LIB cannot encode an l1 ball)"", ""ABCrownSolver._build_vnnlib_handler overridden to pass the l1 range dict (X, eps, data_min, data_max)"", ""specification.norm = 1 (the official file is an l_inf VNN-COMP config)"", ""general.adhoc_tuning None: api.py cannot eval Customized(); the vit hook only sets share_alphas when >= 6 MatMul modules exist, and this PyTorch module has 0, so the hook is a no-op here""], ""mapping"": ""derived (no official category; vit_2023 transformer config)"", ""notes"": [], ""official"": ""exp_configs/vnncomp23/vit.yaml"", ""official_biccos"": false, ""official_pgd_order"": ""skip"", ""variant"": ""official""}","[""config mapping: derived (no official category; vit_2023 transformer config)"", ""attack-off (user decision D20): all attack/falsification stages disabled, see config.attack.overrides"", ""L1 API: explicit solver.alpha-crown.share_alphas=true (ViT ONNX hook is not triggered by native modules); avoids large independent alpha tensors"", ""Python 3.11 typing.override compatibility via typing_extensions (no ACT source change)"", ""float32 stable interpreter; general.double_fp=false; solver.use_float64_in_last_iteration=false"", ""solver.batch_size=16; auto_enlarge_batch_size=false for concurrent GPU memory budget"", ""API CLI biccos_off token selects adapter; actual config is official vit.yaml (BICCOS unchanged)"", ""input route: Python API ABCrownSolver instead of abcrown.py + VNN-LIB (VNN-LIB cannot encode an l1 ball)"", ""ABCrownSolver._build_vnnlib_handler overridden to pass the l1 range dict (X, eps, data_min, data_max)"", ""specification.norm = 1 (the official file is an l_inf VNN-COMP config)"", ""general.adhoc_tuning None: api.py cannot eval Customized(); the vit hook only sets share_alphas when >= 6 MatMul modules exist, and this PyTorch module has 0, so the hook is a no-op here""]",,,18.0,13574.0,official_attack_off_f32_lp1_sharedalpha_batch16,"[""abcrown"",""scratch/text_export/sst_p1/sst_buffet/onnx/sst_d3_L11.onnx"",""scratch/text_export/sst_p1/sst_buffet/vnnlib/query_index_q0018_d3_L11_e1560_p1_eps0p2.v1.vnnlib"",30.0,""official_attack_off_f32_lp1_sharedalpha_batch16""]",
sst_p1,19,sst_d3_L13.onnx,query_index_q0019_d3_L13_e1728_p1_eps0p2.v1.vnnlib,unsat,4.122,CERTIFIED,1,30.0,4.122,7.351,3.229,8.261336775496602,0,0,,,Native API unsafe is conservatively UNKNOWN; no unvalidated L1 witness accepted,0,scratch/logs/fse2026/abcrown/sst_p1/00019_lp1_5g5g23k3.log,6b8bbcfac1c01da1cabd240a87e4dce1a65f5a2b,"{""attack"": {""attack_off"": true, ""hook_replacements"": {}, ""overrides"": {""attack"": {""enable_mip_attack"": false, ""input_split_check_adv"": {""enabled"": ""false""}, ""pgd_order"": ""skip""}, ""bab"": {""attack"": {""enabled"": false}, ""branching"": {""input_split"": {""update_rhs_with_attack"": false}}}}}, ""biccos_applicable"": true, ""biccos_effective"": false, ""deviations"": [""config mapping: derived (no official category; vit_2023 transformer config)"", ""attack-off (user decision D20): all attack/falsification stages disabled, see config.attack.overrides"", ""L1 API: explicit solver.alpha-crown.share_alphas=true (ViT ONNX hook is not triggered by native modules); avoids large independent alpha tensors"", ""Python 3.11 typing.override compatibility via typing_extensions (no ACT source change)"", ""float32 stable interpreter; general.double_fp=false; solver.use_float64_in_last_iteration=false"", ""solver.batch_size=16; auto_enlarge_batch_size=false for concurrent GPU memory budget"", ""API CLI biccos_off token selects adapter; actual config is official vit.yaml (BICCOS unchanged)"", ""input route: Python API ABCrownSolver instead of abcrown.py + VNN-LIB (VNN-LIB cannot encode an l1 ball)"", ""ABCrownSolver._build_vnnlib_handler overridden to pass the l1 range dict (X, eps, data_min, data_max)"", ""specification.norm = 1 (the official file is an l_inf VNN-COMP config)"", ""general.adhoc_tuning None: api.py cannot eval Customized(); the vit hook only sets share_alphas when >= 6 MatMul modules exist, and this PyTorch module has 0, so the hook is a no-op here""], ""mapping"": ""derived (no official category; vit_2023 transformer config)"", ""notes"": [], ""official"": ""exp_configs/vnncomp23/vit.yaml"", ""official_biccos"": false, ""official_pgd_order"": ""skip"", ""variant"": ""official""}","[""config mapping: derived (no official category; vit_2023 transformer config)"", ""attack-off (user decision D20): all attack/falsification stages disabled, see config.attack.overrides"", ""L1 API: explicit solver.alpha-crown.share_alphas=true (ViT ONNX hook is not triggered by native modules); avoids large independent alpha tensors"", ""Python 3.11 typing.override compatibility via typing_extensions (no ACT source change)"", ""float32 stable interpreter; general.double_fp=false; solver.use_float64_in_last_iteration=false"", ""solver.batch_size=16; auto_enlarge_batch_size=false for concurrent GPU memory budget"", ""API CLI biccos_off token selects adapter; actual config is official vit.yaml (BICCOS unchanged)"", ""input route: Python API ABCrownSolver instead of abcrown.py + VNN-LIB (VNN-LIB cannot encode an l1 ball)"", ""ABCrownSolver._build_vnnlib_handler overridden to pass the l1 range dict (X, eps, data_min, data_max)"", ""specification.norm = 1 (the official file is an l_inf VNN-COMP config)"", ""general.adhoc_tuning None: api.py cannot eval Customized(); the vit hook only sets share_alphas when >= 6 MatMul modules exist, and this PyTorch module has 0, so the hook is a no-op here""]",,,93.0,30370.0,official_attack_off_f32_lp1_sharedalpha_batch16,"[""abcrown"",""scratch/text_export/sst_p1/sst_buffet/onnx/sst_d3_L13.onnx"",""scratch/text_export/sst_p1/sst_buffet/vnnlib/query_index_q0019_d3_L13_e1728_p1_eps0p2.v1.vnnlib"",30.0,""official_attack_off_f32_lp1_sharedalpha_batch16""]",
sst_p1,20,sst_d3_L16.onnx,query_index_q0020_d3_L16_e687_p1_eps0p3.v1.vnnlib,unsat,3.881,CERTIFIED,1,30.0,3.881,7.278,3.397,8.261655405163765,0,0,,,Native API unsafe is conservatively UNKNOWN; no unvalidated L1 witness accepted,0,scratch/logs/fse2026/abcrown/sst_p1/00020_lp1_cj89v27p.log,6b8bbcfac1c01da1cabd240a87e4dce1a65f5a2b,"{""attack"": {""attack_off"": true, ""hook_replacements"": {}, ""overrides"": {""attack"": {""enable_mip_attack"": false, ""input_split_check_adv"": {""enabled"": ""false""}, ""pgd_order"": ""skip""}, ""bab"": {""attack"": {""enabled"": false}, ""branching"": {""input_split"": {""update_rhs_with_attack"": false}}}}}, ""biccos_applicable"": true, ""biccos_effective"": false, ""deviations"": [""config mapping: derived (no official category; vit_2023 transformer config)"", ""attack-off (user decision D20): all attack/falsification stages disabled, see config.attack.overrides"", ""L1 API: explicit solver.alpha-crown.share_alphas=true (ViT ONNX hook is not triggered by native modules); avoids large independent alpha tensors"", ""Python 3.11 typing.override compatibility via typing_extensions (no ACT source change)"", ""float32 stable interpreter; general.double_fp=false; solver.use_float64_in_last_iteration=false"", ""solver.batch_size=16; auto_enlarge_batch_size=false for concurrent GPU memory budget"", ""API CLI biccos_off token selects adapter; actual config is official vit.yaml (BICCOS unchanged)"", ""input route: Python API ABCrownSolver instead of abcrown.py + VNN-LIB (VNN-LIB cannot encode an l1 ball)"", ""ABCrownSolver._build_vnnlib_handler overridden to pass the l1 range dict (X, eps, data_min, data_max)"", ""specification.norm = 1 (the official file is an l_inf VNN-COMP config)"", ""general.adhoc_tuning None: api.py cannot eval Customized(); the vit hook only sets share_alphas when >= 6 MatMul modules exist, and this PyTorch module has 0, so the hook is a no-op here""], ""mapping"": ""derived (no official category; vit_2023 transformer config)"", ""notes"": [], ""official"": ""exp_configs/vnncomp23/vit.yaml"", ""official_biccos"": false, ""official_pgd_order"": ""skip"", ""variant"": ""official""}","[""config mapping: derived (no official category; vit_2023 transformer config)"", ""attack-off (user decision D20): all attack/falsification stages disabled, see config.attack.overrides"", ""L1 API: explicit solver.alpha-crown.share_alphas=true (ViT ONNX hook is not triggered by native modules); avoids large independent alpha tensors"", ""Python 3.11 typing.override compatibility via typing_extensions (no ACT source change)"", ""float32 stable interpreter; general.double_fp=false; solver.use_float64_in_last_iteration=false"", ""solver.batch_size=16; auto_enlarge_batch_size=false for concurrent GPU memory budget"", ""API CLI biccos_off token selects adapter; actual config is official vit.yaml (BICCOS unchanged)"", ""input route: Python API ABCrownSolver instead of abcrown.py + VNN-LIB (VNN-LIB cannot encode an l1 ball)"", ""ABCrownSolver._build_vnnlib_handler overridden to pass the l1 range dict (X, eps, data_min, data_max)"", ""specification.norm = 1 (the official file is an l_inf VNN-COMP config)"", ""general.adhoc_tuning None: api.py cannot eval Customized(); the vit hook only sets share_alphas when >= 6 MatMul modules exist, and this PyTorch module has 0, so the hook is a no-op here""]",,,98.0,47202.0,official_attack_off_f32_lp1_sharedalpha_batch16,"[""abcrown"",""scratch/text_export/sst_p1/sst_buffet/onnx/sst_d3_L16.onnx"",""scratch/text_export/sst_p1/sst_buffet/vnnlib/query_index_q0020_d3_L16_e687_p1_eps0p3.v1.vnnlib"",30.0,""official_attack_off_f32_lp1_sharedalpha_batch16""]",
sst_p1,21,sst_d3_L16.onnx,query_index_q0021_d3_L16_e35_p1_eps0p3.v1.vnnlib,unsat,2.747,CERTIFIED,1,30.0,2.747,6.164,3.417,7.157327298074961,0,0,,,Native API unsafe is conservatively UNKNOWN; no unvalidated L1 witness accepted,0,scratch/logs/fse2026/abcrown/sst_p1/00021_lp1_n0sornue.log,6b8bbcfac1c01da1cabd240a87e4dce1a65f5a2b,"{""attack"": {""attack_off"": true, ""hook_replacements"": {}, ""overrides"": {""attack"": {""enable_mip_attack"": false, ""input_split_check_adv"": {""enabled"": ""false""}, ""pgd_order"": ""skip""}, ""bab"": {""attack"": {""enabled"": false}, ""branching"": {""input_split"": {""update_rhs_with_attack"": false}}}}}, ""biccos_applicable"": true, ""biccos_effective"": false, ""deviations"": [""config mapping: derived (no official category; vit_2023 transformer config)"", ""attack-off (user decision D20): all attack/falsification stages disabled, see config.attack.overrides"", ""L1 API: explicit solver.alpha-crown.share_alphas=true (ViT ONNX hook is not triggered by native modules); avoids large independent alpha tensors"", ""Python 3.11 typing.override compatibility via typing_extensions (no ACT source change)"", ""float32 stable interpreter; general.double_fp=false; solver.use_float64_in_last_iteration=false"", ""solver.batch_size=16; auto_enlarge_batch_size=false for concurrent GPU memory budget"", ""API CLI biccos_off token selects adapter; actual config is official vit.yaml (BICCOS unchanged)"", ""input route: Python API ABCrownSolver instead of abcrown.py + VNN-LIB (VNN-LIB cannot encode an l1 ball)"", ""ABCrownSolver._build_vnnlib_handler overridden to pass the l1 range dict (X, eps, data_min, data_max)"", ""specification.norm = 1 (the official file is an l_inf VNN-COMP config)"", ""general.adhoc_tuning None: api.py cannot eval Customized(); the vit hook only sets share_alphas when >= 6 MatMul modules exist, and this PyTorch module has 0, so the hook is a no-op here""], ""mapping"": ""derived (no official category; vit_2023 transformer config)"", ""notes"": [], ""official"": ""exp_configs/vnncomp23/vit.yaml"", ""official_biccos"": false, ""official_pgd_order"": ""skip"", ""variant"": ""official""}","[""config mapping: derived (no official category; vit_2023 transformer config)"", ""attack-off (user decision D20): all attack/falsification stages disabled, see config.attack.overrides"", ""L1 API: explicit solver.alpha-crown.share_alphas=true (ViT ONNX hook is not triggered by native modules); avoids large independent alpha tensors"", ""Python 3.11 typing.override compatibility via typing_extensions (no ACT source change)"", ""float32 stable interpreter; general.double_fp=false; solver.use_float64_in_last_iteration=false"", ""solver.batch_size=16; auto_enlarge_batch_size=false for concurrent GPU memory budget"", ""API CLI biccos_off token selects adapter; actual config is official vit.yaml (BICCOS unchanged)"", ""input route: Python API ABCrownSolver instead of abcrown.py + VNN-LIB (VNN-LIB cannot encode an l1 ball)"", ""ABCrownSolver._build_vnnlib_handler overridden to pass the l1 range dict (X, eps, data_min, data_max)"", ""specification.norm = 1 (the official file is an l_inf VNN-COMP config)"", ""general.adhoc_tuning None: api.py cannot eval Customized(); the vit hook only sets share_alphas when >= 6 MatMul modules exist, and this PyTorch module has 0, so the hook is a no-op here""]",,,15.0,55974.0,official_attack_off_f32_lp1_sharedalpha_batch16,"[""abcrown"",""scratch/text_export/sst_p1/sst_buffet/onnx/sst_d3_L16.onnx"",""scratch/text_export/sst_p1/sst_buffet/vnnlib/query_index_q0021_d3_L16_e35_p1_eps0p3.v1.vnnlib"",30.0,""official_attack_off_f32_lp1_sharedalpha_batch16""]",
sst_p1,22,sst_d3_L20.onnx,query_index_q0022_d3_L20_e733_p1_eps0p3.v1.vnnlib,unsat,2.769,CERTIFIED,1,30.0,2.769,6.178,3.409,7.414510248228908,0,0,,,Native API unsafe is conservatively UNKNOWN; no unvalidated L1 witness accepted,0,scratch/logs/fse2026/abcrown/sst_p1/00022_lp1_tsjo9968.log,6b8bbcfac1c01da1cabd240a87e4dce1a65f5a2b,"{""attack"": {""attack_off"": true, ""hook_replacements"": {}, ""overrides"": {""attack"": {""enable_mip_attack"": false, ""input_split_check_adv"": {""enabled"": ""false""}, ""pgd_order"": ""skip""}, ""bab"": {""attack"": {""enabled"": false}, ""branching"": {""input_split"": {""update_rhs_with_attack"": false}}}}}, ""biccos_applicable"": true, ""biccos_effective"": false, ""deviations"": [""config mapping: derived (no official category; vit_2023 transformer config)"", ""attack-off (user decision D20): all attack/falsification stages disabled, see config.attack.overrides"", ""L1 API: explicit solver.alpha-crown.share_alphas=true (ViT ONNX hook is not triggered by native modules); avoids large independent alpha tensors"", ""Python 3.11 typing.override compatibility via typing_extensions (no ACT source change)"", ""float32 stable interpreter; general.double_fp=false; solver.use_float64_in_last_iteration=false"", ""solver.batch_size=16; auto_enlarge_batch_size=false for concurrent GPU memory budget"", ""API CLI biccos_off token selects adapter; actual config is official vit.yaml (BICCOS unchanged)"", ""input route: Python API ABCrownSolver instead of abcrown.py + VNN-LIB (VNN-LIB cannot encode an l1 ball)"", ""ABCrownSolver._build_vnnlib_handler overridden to pass the l1 range dict (X, eps, data_min, data_max)"", ""specification.norm = 1 (the official file is an l_inf VNN-COMP config)"", ""general.adhoc_tuning None: api.py cannot eval Customized(); the vit hook only sets share_alphas when >= 6 MatMul modules exist, and this PyTorch module has 0, so the hook is a no-op here""], ""mapping"": ""derived (no official category; vit_2023 transformer config)"", ""notes"": [], ""official"": ""exp_configs/vnncomp23/vit.yaml"", ""official_biccos"": false, ""official_pgd_order"": ""skip"", ""variant"": ""official""}","[""config mapping: derived (no official category; vit_2023 transformer config)"", ""attack-off (user decision D20): all attack/falsification stages disabled, see config.attack.overrides"", ""L1 API: explicit solver.alpha-crown.share_alphas=true (ViT ONNX hook is not triggered by native modules); avoids large independent alpha tensors"", ""Python 3.11 typing.override compatibility via typing_extensions (no ACT source change)"", ""float32 stable interpreter; general.double_fp=false; solver.use_float64_in_last_iteration=false"", ""solver.batch_size=16; auto_enlarge_batch_size=false for concurrent GPU memory budget"", ""API CLI biccos_off token selects adapter; actual config is official vit.yaml (BICCOS unchanged)"", ""input route: Python API ABCrownSolver instead of abcrown.py + VNN-LIB (VNN-LIB cannot encode an l1 ball)"", ""ABCrownSolver._build_vnnlib_handler overridden to pass the l1 range dict (X, eps, data_min, data_max)"", ""specification.norm = 1 (the official file is an l_inf VNN-COMP config)"", ""general.adhoc_tuning None: api.py cannot eval Customized(); the vit hook only sets share_alphas when >= 6 MatMul modules exist, and this PyTorch module has 0, so the hook is a no-op here""]",,,0.0,55974.0,official_attack_off_f32_lp1_sharedalpha_batch16,"[""abcrown"",""scratch/text_export/sst_p1/sst_buffet/onnx/sst_d3_L20.onnx"",""scratch/text_export/sst_p1/sst_buffet/vnnlib/query_index_q0022_d3_L20_e733_p1_eps0p3.v1.vnnlib"",30.0,""official_attack_off_f32_lp1_sharedalpha_batch16""]",
sst_p1,23,sst_d3_L17.onnx,query_index_q0023_d3_L17_e1455_p1_eps0p3.v1.vnnlib,unknown,30.864,UNKNOWN,0,30.0,30.864,34.013,3.148,35.11472577601671,1,0,,,Native API unsafe is conservatively UNKNOWN; no unvalidated L1 witness accepted,0,scratch/logs/fse2026/abcrown/sst_p1/00023_lp1_w0uqt3ux.log,6b8bbcfac1c01da1cabd240a87e4dce1a65f5a2b,"{""attack"": {""attack_off"": true, ""hook_replacements"": {}, ""overrides"": {""attack"": {""enable_mip_attack"": false, ""input_split_check_adv"": {""enabled"": ""false""}, ""pgd_order"": ""skip""}, ""bab"": {""attack"": {""enabled"": false}, ""branching"": {""input_split"": {""update_rhs_with_attack"": false}}}}}, ""biccos_applicable"": true, ""biccos_effective"": false, ""deviations"": [""config mapping: derived (no official category; vit_2023 transformer config)"", ""attack-off (user decision D20): all attack/falsification stages disabled, see config.attack.overrides"", ""L1 API: explicit solver.alpha-crown.share_alphas=true (ViT ONNX hook is not triggered by native modules); avoids large independent alpha tensors"", ""Python 3.11 typing.override compatibility via typing_extensions (no ACT source change)"", ""float32 stable interpreter; general.double_fp=false; solver.use_float64_in_last_iteration=false"", ""solver.batch_size=16; auto_enlarge_batch_size=false for concurrent GPU memory budget"", ""API CLI biccos_off token selects adapter; actual config is official vit.yaml (BICCOS unchanged)"", ""input route: Python API ABCrownSolver instead of abcrown.py + VNN-LIB (VNN-LIB cannot encode an l1 ball)"", ""ABCrownSolver._build_vnnlib_handler overridden to pass the l1 range dict (X, eps, data_min, data_max)"", ""specification.norm = 1 (the official file is an l_inf VNN-COMP config)"", ""general.adhoc_tuning None: api.py cannot eval Customized(); the vit hook only sets share_alphas when >= 6 MatMul modules exist, and this PyTorch module has 0, so the hook is a no-op here""], ""mapping"": ""derived (no official category; vit_2023 transformer config)"", ""notes"": [], ""official"": ""exp_configs/vnncomp23/vit.yaml"", ""official_biccos"": false, ""official_pgd_order"": ""skip"", ""variant"": ""official""}","[""config mapping: derived (no official category; vit_2023 transformer config)"", ""attack-off (user decision D20): all attack/falsification stages disabled, see config.attack.overrides"", ""L1 API: explicit solver.alpha-crown.share_alphas=true (ViT ONNX hook is not triggered by native modules); avoids large independent alpha tensors"", ""Python 3.11 typing.override compatibility via typing_extensions (no ACT source change)"", ""float32 stable interpreter; general.double_fp=false; solver.use_float64_in_last_iteration=false"", ""solver.batch_size=16; auto_enlarge_batch_size=false for concurrent GPU memory budget"", ""API CLI biccos_off token selects adapter; actual config is official vit.yaml (BICCOS unchanged)"", ""input route: Python API ABCrownSolver instead of abcrown.py + VNN-LIB (VNN-LIB cannot encode an l1 ball)"", ""ABCrownSolver._build_vnnlib_handler overridden to pass the l1 range dict (X, eps, data_min, data_max)"", ""specification.norm = 1 (the official file is an l_inf VNN-COMP config)"", ""general.adhoc_tuning None: api.py cannot eval Customized(); the vit hook only sets share_alphas when >= 6 MatMul modules exist, and this PyTorch module has 0, so the hook is a no-op here""]",,,0.0,55974.0,official_attack_off_f32_lp1_sharedalpha_batch16,"[""abcrown"",""scratch/text_export/sst_p1/sst_buffet/onnx/sst_d3_L17.onnx"",""scratch/text_export/sst_p1/sst_buffet/vnnlib/query_index_q0023_d3_L17_e1455_p1_eps0p3.v1.vnnlib"",30.0,""official_attack_off_f32_lp1_sharedalpha_batch16""]",
sst_p1,24,sst_d3_L9.onnx,query_index_q0024_d3_L9_e1687_p1_eps0p3.v1.vnnlib,unsat,3.461,CERTIFIED,1,30.0,3.461,6.422,2.96,7.401909289881587,0,0,,,Native API unsafe is conservatively UNKNOWN; no unvalidated L1 witness accepted,0,scratch/logs/fse2026/abcrown/sst_p1/00024_lp1_prj_tvxr.log,6b8bbcfac1c01da1cabd240a87e4dce1a65f5a2b,"{""attack"": {""attack_off"": true, ""hook_replacements"": {}, ""overrides"": {""attack"": {""enable_mip_attack"": false, ""input_split_check_adv"": {""enabled"": ""false""}, ""pgd_order"": ""skip""}, ""bab"": {""attack"": {""enabled"": false}, ""branching"": {""input_split"": {""update_rhs_with_attack"": false}}}}}, ""biccos_applicable"": true, ""biccos_effective"": false, ""deviations"": [""config mapping: derived (no official category; vit_2023 transformer config)"", ""attack-off (user decision D20): all attack/falsification stages disabled, see config.attack.overrides"", ""L1 API: explicit solver.alpha-crown.share_alphas=true (ViT ONNX hook is not triggered by native modules); avoids large independent alpha tensors"", ""Python 3.11 typing.override compatibility via typing_extensions (no ACT source change)"", ""float32 stable interpreter; general.double_fp=false; solver.use_float64_in_last_iteration=false"", ""solver.batch_size=16; auto_enlarge_batch_size=false for concurrent GPU memory budget"", ""API CLI biccos_off token selects adapter; actual config is official vit.yaml (BICCOS unchanged)"", ""input route: Python API ABCrownSolver instead of abcrown.py + VNN-LIB (VNN-LIB cannot encode an l1 ball)"", ""ABCrownSolver._build_vnnlib_handler overridden to pass the l1 range dict (X, eps, data_min, data_max)"", ""specification.norm = 1 (the official file is an l_inf VNN-COMP config)"", ""general.adhoc_tuning None: api.py cannot eval Customized(); the vit hook only sets share_alphas when >= 6 MatMul modules exist, and this PyTorch module has 0, so the hook is a no-op here""], ""mapping"": ""derived (no official category; vit_2023 transformer config)"", ""notes"": [], ""official"": ""exp_configs/vnncomp23/vit.yaml"", ""official_biccos"": false, ""official_pgd_order"": ""skip"", ""variant"": ""official""}","[""config mapping: derived (no official category; vit_2023 transformer config)"", ""attack-off (user decision D20): all attack/falsification stages disabled, see config.attack.overrides"", ""L1 API: explicit solver.alpha-crown.share_alphas=true (ViT ONNX hook is not triggered by native modules); avoids large independent alpha tensors"", ""Python 3.11 typing.override compatibility via typing_extensions (no ACT source change)"", ""float32 stable interpreter; general.double_fp=false; solver.use_float64_in_last_iteration=false"", ""solver.batch_size=16; auto_enlarge_batch_size=false for concurrent GPU memory budget"", ""API CLI biccos_off token selects adapter; actual config is official vit.yaml (BICCOS unchanged)"", ""input route: Python API ABCrownSolver instead of abcrown.py + VNN-LIB (VNN-LIB cannot encode an l1 ball)"", ""ABCrownSolver._build_vnnlib_handler overridden to pass the l1 range dict (X, eps, data_min, data_max)"", ""specification.norm = 1 (the official file is an l_inf VNN-COMP config)"", ""general.adhoc_tuning None: api.py cannot eval Customized(); the vit hook only sets share_alphas when >= 6 MatMul modules exist, and this PyTorch module has 0, so the hook is a no-op here""]",,,97.0,55974.0,official_attack_off_f32_lp1_sharedalpha_batch16,"[""abcrown"",""scratch/text_export/sst_p1/sst_buffet/onnx/sst_d3_L9.onnx"",""scratch/text_export/sst_p1/sst_buffet/vnnlib/query_index_q0024_d3_L9_e1687_p1_eps0p3.v1.vnnlib"",30.0,""official_attack_off_f32_lp1_sharedalpha_batch16""]",
sst_p1,25,sst_d3_L13.onnx,query_index_q0025_d3_L13_e1333_p1_eps0p3.v1.vnnlib,unsat,3.397,CERTIFIED,1,30.0,3.397,6.44,3.042,7.457960423082113,0,0,,,Native API unsafe is conservatively UNKNOWN; no unvalidated L1 witness accepted,0,scratch/logs/fse2026/abcrown/sst_p1/00025_lp1_8bo4o9wr.log,6b8bbcfac1c01da1cabd240a87e4dce1a65f5a2b,"{""attack"": {""attack_off"": true, ""hook_replacements"": {}, ""overrides"": {""attack"": {""enable_mip_attack"": false, ""input_split_check_adv"": {""enabled"": ""false""}, ""pgd_order"": ""skip""}, ""bab"": {""attack"": {""enabled"": false}, ""branching"": {""input_split"": {""update_rhs_with_attack"": false}}}}}, ""biccos_applicable"": true, ""biccos_effective"": false, ""deviations"": [""config mapping: derived (no official category; vit_2023 transformer config)"", ""attack-off (user decision D20): all attack/falsification stages disabled, see config.attack.overrides"", ""L1 API: explicit solver.alpha-crown.share_alphas=true (ViT ONNX hook is not triggered by native modules); avoids large independent alpha tensors"", ""Python 3.11 typing.override compatibility via typing_extensions (no ACT source change)"", ""float32 stable interpreter; general.double_fp=false; solver.use_float64_in_last_iteration=false"", ""solver.batch_size=16; auto_enlarge_batch_size=false for concurrent GPU memory budget"", ""API CLI biccos_off token selects adapter; actual config is official vit.yaml (BICCOS unchanged)"", ""input route: Python API ABCrownSolver instead of abcrown.py + VNN-LIB (VNN-LIB cannot encode an l1 ball)"", ""ABCrownSolver._build_vnnlib_handler overridden to pass the l1 range dict (X, eps, data_min, data_max)"", ""specification.norm = 1 (the official file is an l_inf VNN-COMP config)"", ""general.adhoc_tuning None: api.py cannot eval Customized(); the vit hook only sets share_alphas when >= 6 MatMul modules exist, and this PyTorch module has 0, so the hook is a no-op here""], ""mapping"": ""derived (no official category; vit_2023 transformer config)"", ""notes"": [], ""official"": ""exp_configs/vnncomp23/vit.yaml"", ""official_biccos"": false, ""official_pgd_order"": ""skip"", ""variant"": ""official""}","[""config mapping: derived (no official category; vit_2023 transformer config)"", ""attack-off (user decision D20): all attack/falsification stages disabled, see config.attack.overrides"", ""L1 API: explicit solver.alpha-crown.share_alphas=true (ViT ONNX hook is not triggered by native modules); avoids large independent alpha tensors"", ""Python 3.11 typing.override compatibility via typing_extensions (no ACT source change)"", ""float32 stable interpreter; general.double_fp=false; solver.use_float64_in_last_iteration=false"", ""solver.batch_size=16; auto_enlarge_batch_size=false for concurrent GPU memory budget"", ""API CLI biccos_off token selects adapter; actual config is official vit.yaml (BICCOS unchanged)"", ""input route: Python API ABCrownSolver instead of abcrown.py + VNN-LIB (VNN-LIB cannot encode an l1 ball)"", ""ABCrownSolver._build_vnnlib_handler overridden to pass the l1 range dict (X, eps, data_min, data_max)"", ""specification.norm = 1 (the official file is an l_inf VNN-COMP config)"", ""general.adhoc_tuning None: api.py cannot eval Customized(); the vit hook only sets share_alphas when >= 6 MatMul modules exist, and this PyTorch module has 0, so the hook is a no-op here""]",,,99.0,55974.0,official_attack_off_f32_lp1_sharedalpha_batch16,"[""abcrown"",""scratch/text_export/sst_p1/sst_buffet/onnx/sst_d3_L13.onnx"",""scratch/text_export/sst_p1/sst_buffet/vnnlib/query_index_q0025_d3_L13_e1333_p1_eps0p3.v1.vnnlib"",30.0,""official_attack_off_f32_lp1_sharedalpha_batch16""]",
sst_p1,26,sst_d3_L10.onnx,query_index_q0026_d3_L10_e1559_p1_eps0p3.v1.vnnlib,unsat,3.198,CERTIFIED,1,30.0,3.198,6.273,3.075,7.257105024531484,0,0,,,Native API unsafe is conservatively UNKNOWN; no unvalidated L1 witness accepted,0,scratch/logs/fse2026/abcrown/sst_p1/00026_lp1_r9ex5ft4.log,6b8bbcfac1c01da1cabd240a87e4dce1a65f5a2b,"{""attack"": {""attack_off"": true, ""hook_replacements"": {}, ""overrides"": {""attack"": {""enable_mip_attack"": false, ""input_split_check_adv"": {""enabled"": ""false""}, ""pgd_order"": ""skip""}, ""bab"": {""attack"": {""enabled"": false}, ""branching"": {""input_split"": {""update_rhs_with_attack"": false}}}}}, ""biccos_applicable"": true, ""biccos_effective"": false, ""deviations"": [""config mapping: derived (no official category; vit_2023 transformer config)"", ""attack-off (user decision D20): all attack/falsification stages disabled, see config.attack.overrides"", ""L1 API: explicit solver.alpha-crown.share_alphas=true (ViT ONNX hook is not triggered by native modules); avoids large independent alpha tensors"", ""Python 3.11 typing.override compatibility via typing_extensions (no ACT source change)"", ""float32 stable interpreter; general.double_fp=false; solver.use_float64_in_last_iteration=false"", ""solver.batch_size=16; auto_enlarge_batch_size=false for concurrent GPU memory budget"", ""API CLI biccos_off token selects adapter; actual config is official vit.yaml (BICCOS unchanged)"", ""input route: Python API ABCrownSolver instead of abcrown.py + VNN-LIB (VNN-LIB cannot encode an l1 ball)"", ""ABCrownSolver._build_vnnlib_handler overridden to pass the l1 range dict (X, eps, data_min, data_max)"", ""specification.norm = 1 (the official file is an l_inf VNN-COMP config)"", ""general.adhoc_tuning None: api.py cannot eval Customized(); the vit hook only sets share_alphas when >= 6 MatMul modules exist, and this PyTorch module has 0, so the hook is a no-op here""], ""mapping"": ""derived (no official category; vit_2023 transformer config)"", ""notes"": [], ""official"": ""exp_configs/vnncomp23/vit.yaml"", ""official_biccos"": false, ""official_pgd_order"": ""skip"", ""variant"": ""official""}","[""config mapping: derived (no official category; vit_2023 transformer config)"", ""attack-off (user decision D20): all attack/falsification stages disabled, see config.attack.overrides"", ""L1 API: explicit solver.alpha-crown.share_alphas=true (ViT ONNX hook is not triggered by native modules); avoids large independent alpha tensors"", ""Python 3.11 typing.override compatibility via typing_extensions (no ACT source change)"", ""float32 stable interpreter; general.double_fp=false; solver.use_float64_in_last_iteration=false"", ""solver.batch_size=16; auto_enlarge_batch_size=false for concurrent GPU memory budget"", ""API CLI biccos_off token selects adapter; actual config is official vit.yaml (BICCOS unchanged)"", ""input route: Python API ABCrownSolver instead of abcrown.py + VNN-LIB (VNN-LIB cannot encode an l1 ball)"", ""ABCrownSolver._build_vnnlib_handler overridden to pass the l1 range dict (X, eps, data_min, data_max)"", ""specification.norm = 1 (the official file is an l_inf VNN-COMP config)"", ""general.adhoc_tuning None: api.py cannot eval Customized(); the vit hook only sets share_alphas when >= 6 MatMul modules exist, and this PyTorch module has 0, so the hook is a no-op here""]",,,98.0,55974.0,official_attack_off_f32_lp1_sharedalpha_batch16,"[""abcrown"",""scratch/text_export/sst_p1/sst_buffet/onnx/sst_d3_L10.onnx"",""scratch/text_export/sst_p1/sst_buffet/vnnlib/query_index_q0026_d3_L10_e1559_p1_eps0p3.v1.vnnlib"",30.0,""official_attack_off_f32_lp1_sharedalpha_batch16""]",
sst_p1,27,sst_d3_L16.onnx,query_index_q0027_d3_L16_e1285_p1_eps0p3.v1.vnnlib,unsat,1.043,CERTIFIED,1,30.0,1.043,4.104,3.061,5.053033569827676,0,0,,,Native API unsafe is conservatively UNKNOWN; no unvalidated L1 witness accepted,0,scratch/logs/fse2026/abcrown/sst_p1/00027_lp1_qx_tkwwv.log,6b8bbcfac1c01da1cabd240a87e4dce1a65f5a2b,"{""attack"": {""attack_off"": true, ""hook_replacements"": {}, ""overrides"": {""attack"": {""enable_mip_attack"": false, ""input_split_check_adv"": {""enabled"": ""false""}, ""pgd_order"": ""skip""}, ""bab"": {""attack"": {""enabled"": false}, ""branching"": {""input_split"": {""update_rhs_with_attack"": false}}}}}, ""biccos_applicable"": true, ""biccos_effective"": false, ""deviations"": [""config mapping: derived (no official category; vit_2023 transformer config)"", ""attack-off (user decision D20): all attack/falsification stages disabled, see config.attack.overrides"", ""L1 API: explicit solver.alpha-crown.share_alphas=true (ViT ONNX hook is not triggered by native modules); avoids large independent alpha tensors"", ""Python 3.11 typing.override compatibility via typing_extensions (no ACT source change)"", ""float32 stable interpreter; general.double_fp=false; solver.use_float64_in_last_iteration=false"", ""solver.batch_size=16; auto_enlarge_batch_size=false for concurrent GPU memory budget"", ""API CLI biccos_off token selects adapter; actual config is official vit.yaml (BICCOS unchanged)"", ""input route: Python API ABCrownSolver instead of abcrown.py + VNN-LIB (VNN-LIB cannot encode an l1 ball)"", ""ABCrownSolver._build_vnnlib_handler overridden to pass the l1 range dict (X, eps, data_min, data_max)"", ""specification.norm = 1 (the official file is an l_inf VNN-COMP config)"", ""general.adhoc_tuning None: api.py cannot eval Customized(); the vit hook only sets share_alphas when >= 6 MatMul modules exist, and this PyTorch module has 0, so the hook is a no-op here""], ""mapping"": ""derived (no official category; vit_2023 transformer config)"", ""notes"": [], ""official"": ""exp_configs/vnncomp23/vit.yaml"", ""official_biccos"": false, ""official_pgd_order"": ""skip"", ""variant"": ""official""}","[""config mapping: derived (no official category; vit_2023 transformer config)"", ""attack-off (user decision D20): all attack/falsification stages disabled, see config.attack.overrides"", ""L1 API: explicit solver.alpha-crown.share_alphas=true (ViT ONNX hook is not triggered by native modules); avoids large independent alpha tensors"", ""Python 3.11 typing.override compatibility via typing_extensions (no ACT source change)"", ""float32 stable interpreter; general.double_fp=false; solver.use_float64_in_last_iteration=false"", ""solver.batch_size=16; auto_enlarge_batch_size=false for concurrent GPU memory budget"", ""API CLI biccos_off token selects adapter; actual config is official vit.yaml (BICCOS unchanged)"", ""input route: Python API ABCrownSolver instead of abcrown.py + VNN-LIB (VNN-LIB cannot encode an l1 ball)"", ""ABCrownSolver._build_vnnlib_handler overridden to pass the l1 range dict (X, eps, data_min, data_max)"", ""specification.norm = 1 (the official file is an l_inf VNN-COMP config)"", ""general.adhoc_tuning None: api.py cannot eval Customized(); the vit hook only sets share_alphas when >= 6 MatMul modules exist, and this PyTorch module has 0, so the hook is a no-op here""]",,,29.0,55974.0,official_attack_off_f32_lp1_sharedalpha_batch16,"[""abcrown"",""scratch/text_export/sst_p1/sst_buffet/onnx/sst_d3_L16.onnx"",""scratch/text_export/sst_p1/sst_buffet/vnnlib/query_index_q0027_d3_L16_e1285_p1_eps0p3.v1.vnnlib"",30.0,""official_attack_off_f32_lp1_sharedalpha_batch16""]",
sst_p1,28,sst_d3_L13.onnx,query_index_q0028_d3_L13_e1207_p1_eps0p3.v1.vnnlib,unsat,1.059,CERTIFIED,1,30.0,1.059,4.196,3.137,5.153201835229993,0,0,,,Native API unsafe is conservatively UNKNOWN; no unvalidated L1 witness accepted,0,scratch/logs/fse2026/abcrown/sst_p1/00028_lp1_16zdhkgy.log,6b8bbcfac1c01da1cabd240a87e4dce1a65f5a2b,"{""attack"": {""attack_off"": true, ""hook_replacements"": {}, ""overrides"": {""attack"": {""enable_mip_attack"": false, ""input_split_check_adv"": {""enabled"": ""false""}, ""pgd_order"": ""skip""}, ""bab"": {""attack"": {""enabled"": false}, ""branching"": {""input_split"": {""update_rhs_with_attack"": false}}}}}, ""biccos_applicable"": true, ""biccos_effective"": false, ""deviations"": [""config mapping: derived (no official category; vit_2023 transformer config)"", ""attack-off (user decision D20): all attack/falsification stages disabled, see config.attack.overrides"", ""L1 API: explicit solver.alpha-crown.share_alphas=true (ViT ONNX hook is not triggered by native modules); avoids large independent alpha tensors"", ""Python 3.11 typing.override compatibility via typing_extensions (no ACT source change)"", ""float32 stable interpreter; general.double_fp=false; solver.use_float64_in_last_iteration=false"", ""solver.batch_size=16; auto_enlarge_batch_size=false for concurrent GPU memory budget"", ""API CLI biccos_off token selects adapter; actual config is official vit.yaml (BICCOS unchanged)"", ""input route: Python API ABCrownSolver instead of abcrown.py + VNN-LIB (VNN-LIB cannot encode an l1 ball)"", ""ABCrownSolver._build_vnnlib_handler overridden to pass the l1 range dict (X, eps, data_min, data_max)"", ""specification.norm = 1 (the official file is an l_inf VNN-COMP config)"", ""general.adhoc_tuning None: api.py cannot eval Customized(); the vit hook only sets share_alphas when >= 6 MatMul modules exist, and this PyTorch module has 0, so the hook is a no-op here""], ""mapping"": ""derived (no official category; vit_2023 transformer config)"", ""notes"": [], ""official"": ""exp_configs/vnncomp23/vit.yaml"", ""official_biccos"": false, ""official_pgd_order"": ""skip"", ""variant"": ""official""}","[""config mapping: derived (no official category; vit_2023 transformer config)"", ""attack-off (user decision D20): all attack/falsification stages disabled, see config.attack.overrides"", ""L1 API: explicit solver.alpha-crown.share_alphas=true (ViT ONNX hook is not triggered by native modules); avoids large independent alpha tensors"", ""Python 3.11 typing.override compatibility via typing_extensions (no ACT source change)"", ""float32 stable interpreter; general.double_fp=false; solver.use_float64_in_last_iteration=false"", ""solver.batch_size=16; auto_enlarge_batch_size=false for concurrent GPU memory budget"", ""API CLI biccos_off token selects adapter; actual config is official vit.yaml (BICCOS unchanged)"", ""input route: Python API ABCrownSolver instead of abcrown.py + VNN-LIB (VNN-LIB cannot encode an l1 ball)"", ""ABCrownSolver._build_vnnlib_handler overridden to pass the l1 range dict (X, eps, data_min, data_max)"", ""specification.norm = 1 (the official file is an l_inf VNN-COMP config)"", ""general.adhoc_tuning None: api.py cannot eval Customized(); the vit hook only sets share_alphas when >= 6 MatMul modules exist, and this PyTorch module has 0, so the hook is a no-op here""]",,,0.0,11558.0,official_attack_off_f32_lp1_sharedalpha_batch16,"[""abcrown"",""scratch/text_export/sst_p1/sst_buffet/onnx/sst_d3_L13.onnx"",""scratch/text_export/sst_p1/sst_buffet/vnnlib/query_index_q0028_d3_L13_e1207_p1_eps0p3.v1.vnnlib"",30.0,""official_attack_off_f32_lp1_sharedalpha_batch16""]",
sst_p1,29,sst_d3_L11.onnx,query_index_q0029_d3_L11_e1238_p1_eps0p3.v1.vnnlib,unsat,1.395,CERTIFIED,1,30.0,1.395,4.431,3.036,5.50582723133266,0,0,,,Native API unsafe is conservatively UNKNOWN; no unvalidated L1 witness accepted,0,scratch/logs/fse2026/abcrown/sst_p1/00029_lp1_ymh7i1ar.log,6b8bbcfac1c01da1cabd240a87e4dce1a65f5a2b,"{""attack"": {""attack_off"": true, ""hook_replacements"": {}, ""overrides"": {""attack"": {""enable_mip_attack"": false, ""input_split_check_adv"": {""enabled"": ""false""}, ""pgd_order"": ""skip""}, ""bab"": {""attack"": {""enabled"": false}, ""branching"": {""input_split"": {""update_rhs_with_attack"": false}}}}}, ""biccos_applicable"": true, ""biccos_effective"": false, ""deviations"": [""config mapping: derived (no official category; vit_2023 transformer config)"", ""attack-off (user decision D20): all attack/falsification stages disabled, see config.attack.overrides"", ""L1 API: explicit solver.alpha-crown.share_alphas=true (ViT ONNX hook is not triggered by native modules); avoids large independent alpha tensors"", ""Python 3.11 typing.override compatibility via typing_extensions (no ACT source change)"", ""float32 stable interpreter; general.double_fp=false; solver.use_float64_in_last_iteration=false"", ""solver.batch_size=16; auto_enlarge_batch_size=false for concurrent GPU memory budget"", ""API CLI biccos_off token selects adapter; actual config is official vit.yaml (BICCOS unchanged)"", ""input route: Python API ABCrownSolver instead of abcrown.py + VNN-LIB (VNN-LIB cannot encode an l1 ball)"", ""ABCrownSolver._build_vnnlib_handler overridden to pass the l1 range dict (X, eps, data_min, data_max)"", ""specification.norm = 1 (the official file is an l_inf VNN-COMP config)"", ""general.adhoc_tuning None: api.py cannot eval Customized(); the vit hook only sets share_alphas when >= 6 MatMul modules exist, and this PyTorch module has 0, so the hook is a no-op here""], ""mapping"": ""derived (no official category; vit_2023 transformer config)"", ""notes"": [], ""official"": ""exp_configs/vnncomp23/vit.yaml"", ""official_biccos"": false, ""official_pgd_order"": ""skip"", ""variant"": ""official""}","[""config mapping: derived (no official category; vit_2023 transformer config)"", ""attack-off (user decision D20): all attack/falsification stages disabled, see config.attack.overrides"", ""L1 API: explicit solver.alpha-crown.share_alphas=true (ViT ONNX hook is not triggered by native modules); avoids large independent alpha tensors"", ""Python 3.11 typing.override compatibility via typing_extensions (no ACT source change)"", ""float32 stable interpreter; general.double_fp=false; solver.use_float64_in_last_iteration=false"", ""solver.batch_size=16; auto_enlarge_batch_size=false for concurrent GPU memory budget"", ""API CLI biccos_off token selects adapter; actual config is official vit.yaml (BICCOS unchanged)"", ""input route: Python API ABCrownSolver instead of abcrown.py + VNN-LIB (VNN-LIB cannot encode an l1 ball)"", ""ABCrownSolver._build_vnnlib_handler overridden to pass the l1 range dict (X, eps, data_min, data_max)"", ""specification.norm = 1 (the official file is an l_inf VNN-COMP config)"", ""general.adhoc_tuning None: api.py cannot eval Customized(); the vit hook only sets share_alphas when >= 6 MatMul modules exist, and this PyTorch module has 0, so the hook is a no-op here""]",,,1.0,12206.0,official_attack_off_f32_lp1_sharedalpha_batch16,"[""abcrown"",""scratch/text_export/sst_p1/sst_buffet/onnx/sst_d3_L11.onnx"",""scratch/text_export/sst_p1/sst_buffet/vnnlib/query_index_q0029_d3_L11_e1238_p1_eps0p3.v1.vnnlib"",30.0,""official_attack_off_f32_lp1_sharedalpha_batch16""]",
sst_p1,30,sst_d3_L20.onnx,query_index_q0030_d3_L20_e37_p1_eps0p3.v1.vnnlib,unsat,1.125,CERTIFIED,1,30.0,1.125,4.247,3.122,5.208888744935393,0,0,,,Native API unsafe is conservatively UNKNOWN; no unvalidated L1 witness accepted,0,scratch/logs/fse2026/abcrown/sst_p1/00030_lp1_morsou2j.log,6b8bbcfac1c01da1cabd240a87e4dce1a65f5a2b,"{""attack"": {""attack_off"": true, ""hook_replacements"": {}, ""overrides"": {""attack"": {""enable_mip_attack"": false, ""input_split_check_adv"": {""enabled"": ""false""}, ""pgd_order"": ""skip""}, ""bab"": {""attack"": {""enabled"": false}, ""branching"": {""input_split"": {""update_rhs_with_attack"": false}}}}}, ""biccos_applicable"": true, ""biccos_effective"": false, ""deviations"": [""config mapping: derived (no official category; vit_2023 transformer config)"", ""attack-off (user decision D20): all attack/falsification stages disabled, see config.attack.overrides"", ""L1 API: explicit solver.alpha-crown.share_alphas=true (ViT ONNX hook is not triggered by native modules); avoids large independent alpha tensors"", ""Python 3.11 typing.override compatibility via typing_extensions (no ACT source change)"", ""float32 stable interpreter; general.double_fp=false; solver.use_float64_in_last_iteration=false"", ""solver.batch_size=16; auto_enlarge_batch_size=false for concurrent GPU memory budget"", ""API CLI biccos_off token selects adapter; actual config is official vit.yaml (BICCOS unchanged)"", ""input route: Python API ABCrownSolver instead of abcrown.py + VNN-LIB (VNN-LIB cannot encode an l1 ball)"", ""ABCrownSolver._build_vnnlib_handler overridden to pass the l1 range dict (X, eps, data_min, data_max)"", ""specification.norm = 1 (the official file is an l_inf VNN-COMP config)"", ""general.adhoc_tuning None: api.py cannot eval Customized(); the vit hook only sets share_alphas when >= 6 MatMul modules exist, and this PyTorch module has 0, so the hook is a no-op here""], ""mapping"": ""derived (no official category; vit_2023 transformer config)"", ""notes"": [], ""official"": ""exp_configs/vnncomp23/vit.yaml"", ""official_biccos"": false, ""official_pgd_order"": ""skip"", ""variant"": ""official""}","[""config mapping: derived (no official category; vit_2023 transformer config)"", ""attack-off (user decision D20): all attack/falsification stages disabled, see config.attack.overrides"", ""L1 API: explicit solver.alpha-crown.share_alphas=true (ViT ONNX hook is not triggered by native modules); avoids large independent alpha tensors"", ""Python 3.11 typing.override compatibility via typing_extensions (no ACT source change)"", ""float32 stable interpreter; general.double_fp=false; solver.use_float64_in_last_iteration=false"", ""solver.batch_size=16; auto_enlarge_batch_size=false for concurrent GPU memory budget"", ""API CLI biccos_off token selects adapter; actual config is official vit.yaml (BICCOS unchanged)"", ""input route: Python API ABCrownSolver instead of abcrown.py + VNN-LIB (VNN-LIB cannot encode an l1 ball)"", ""ABCrownSolver._build_vnnlib_handler overridden to pass the l1 range dict (X, eps, data_min, data_max)"", ""specification.norm = 1 (the official file is an l_inf VNN-COMP config)"", ""general.adhoc_tuning None: api.py cannot eval Customized(); the vit hook only sets share_alphas when >= 6 MatMul modules exist, and this PyTorch module has 0, so the hook is a no-op here""]",,,21.0,12962.0,official_attack_off_f32_lp1_sharedalpha_batch16,"[""abcrown"",""scratch/text_export/sst_p1/sst_buffet/onnx/sst_d3_L20.onnx"",""scratch/text_export/sst_p1/sst_buffet/vnnlib/query_index_q0030_d3_L20_e37_p1_eps0p3.v1.vnnlib"",30.0,""official_attack_off_f32_lp1_sharedalpha_batch16""]",
sst_p1,31,sst_d3_L16.onnx,query_index_q0031_d3_L16_e724_p1_eps0p3.v1.vnnlib,unsat,1.049,CERTIFIED,1,30.0,1.049,4.087,3.037,5.05323338881135,0,0,,,Native API unsafe is conservatively UNKNOWN; no unvalidated L1 witness accepted,0,scratch/logs/fse2026/abcrown/sst_p1/00031_lp1_a_s48p70.log,6b8bbcfac1c01da1cabd240a87e4dce1a65f5a2b,"{""attack"": {""attack_off"": true, ""hook_replacements"": {}, ""overrides"": {""attack"": {""enable_mip_attack"": false, ""input_split_check_adv"": {""enabled"": ""false""}, ""pgd_order"": ""skip""}, ""bab"": {""attack"": {""enabled"": false}, ""branching"": {""input_split"": {""update_rhs_with_attack"": false}}}}}, ""biccos_applicable"": true, ""biccos_effective"": false, ""deviations"": [""config mapping: derived (no official category; vit_2023 transformer config)"", ""attack-off (user decision D20): all attack/falsification stages disabled, see config.attack.overrides"", ""L1 API: explicit solver.alpha-crown.share_alphas=true (ViT ONNX hook is not triggered by native modules); avoids large independent alpha tensors"", ""Python 3.11 typing.override compatibility via typing_extensions (no ACT source change)"", ""float32 stable interpreter; general.double_fp=false; solver.use_float64_in_last_iteration=false"", ""solver.batch_size=16; auto_enlarge_batch_size=false for concurrent GPU memory budget"", ""API CLI biccos_off token selects adapter; actual config is official vit.yaml (BICCOS unchanged)"", ""input route: Python API ABCrownSolver instead of abcrown.py + VNN-LIB (VNN-LIB cannot encode an l1 ball)"", ""ABCrownSolver._build_vnnlib_handler overridden to pass the l1 range dict (X, eps, data_min, data_max)"", ""specification.norm = 1 (the official file is an l_inf VNN-COMP config)"", ""general.adhoc_tuning None: api.py cannot eval Customized(); the vit hook only sets share_alphas when >= 6 MatMul modules exist, and this PyTorch module has 0, so the hook is a no-op here""], ""mapping"": ""derived (no official category; vit_2023 transformer config)"", ""notes"": [], ""official"": ""exp_configs/vnncomp23/vit.yaml"", ""official_biccos"": false, ""official_pgd_order"": ""skip"", ""variant"": ""official""}","[""config mapping: derived (no official category; vit_2023 transformer config)"", ""attack-off (user decision D20): all attack/falsification stages disabled, see config.attack.overrides"", ""L1 API: explicit solver.alpha-crown.share_alphas=true (ViT ONNX hook is not triggered by native modules); avoids large independent alpha tensors"", ""Python 3.11 typing.override compatibility via typing_extensions (no ACT source change)"", ""float32 stable interpreter; general.double_fp=false; solver.use_float64_in_last_iteration=false"", ""solver.batch_size=16; auto_enlarge_batch_size=false for concurrent GPU memory budget"", ""API CLI biccos_off token selects adapter; actual config is official vit.yaml (BICCOS unchanged)"", ""input route: Python API ABCrownSolver instead of abcrown.py + VNN-LIB (VNN-LIB cannot encode an l1 ball)"", ""ABCrownSolver._build_vnnlib_handler overridden to pass the l1 range dict (X, eps, data_min, data_max)"", ""specification.norm = 1 (the official file is an l_inf VNN-COMP config)"", ""general.adhoc_tuning None: api.py cannot eval Customized(); the vit hook only sets share_alphas when >= 6 MatMul modules exist, and this PyTorch module has 0, so the hook is a no-op here""]",,,0.0,11526.0,official_attack_off_f32_lp1_sharedalpha_batch16,"[""abcrown"",""scratch/text_export/sst_p1/sst_buffet/onnx/sst_d3_L16.onnx"",""scratch/text_export/sst_p1/sst_buffet/vnnlib/query_index_q0031_d3_L16_e724_p1_eps0p3.v1.vnnlib"",30.0,""official_attack_off_f32_lp1_sharedalpha_batch16""]",
sst_p1,32,sst_d3_L16.onnx,query_index_q0032_d3_L16_e290_p1_eps0p3.v1.vnnlib,unsat,1.537,CERTIFIED,1,30.0,1.537,4.671,3.133,5.646988447755575,0,0,,,Native API unsafe is conservatively UNKNOWN; no unvalidated L1 witness accepted,0,scratch/logs/fse2026/abcrown/sst_p1/00032_lp1_h58revmo.log,6b8bbcfac1c01da1cabd240a87e4dce1a65f5a2b,"{""attack"": {""attack_off"": true, ""hook_replacements"": {}, ""overrides"": {""attack"": {""enable_mip_attack"": false, ""input_split_check_adv"": {""enabled"": ""false""}, ""pgd_order"": ""skip""}, ""bab"": {""attack"": {""enabled"": false}, ""branching"": {""input_split"": {""update_rhs_with_attack"": false}}}}}, ""biccos_applicable"": true, ""biccos_effective"": false, ""deviations"": [""config mapping: derived (no official category; vit_2023 transformer config)"", ""attack-off (user decision D20): all attack/falsification stages disabled, see config.attack.overrides"", ""L1 API: explicit solver.alpha-crown.share_alphas=true (ViT ONNX hook is not triggered by native modules); avoids large independent alpha tensors"", ""Python 3.11 typing.override compatibility via typing_extensions (no ACT source change)"", ""float32 stable interpreter; general.double_fp=false; solver.use_float64_in_last_iteration=false"", ""solver.batch_size=16; auto_enlarge_batch_size=false for concurrent GPU memory budget"", ""API CLI biccos_off token selects adapter; actual config is official vit.yaml (BICCOS unchanged)"", ""input route: Python API ABCrownSolver instead of abcrown.py + VNN-LIB (VNN-LIB cannot encode an l1 ball)"", ""ABCrownSolver._build_vnnlib_handler overridden to pass the l1 range dict (X, eps, data_min, data_max)"", ""specification.norm = 1 (the official file is an l_inf VNN-COMP config)"", ""general.adhoc_tuning None: api.py cannot eval Customized(); the vit hook only sets share_alphas when >= 6 MatMul modules exist, and this PyTorch module has 0, so the hook is a no-op here""], ""mapping"": ""derived (no official category; vit_2023 transformer config)"", ""notes"": [], ""official"": ""exp_configs/vnncomp23/vit.yaml"", ""official_biccos"": false, ""official_pgd_order"": ""skip"", ""variant"": ""official""}","[""config mapping: derived (no official category; vit_2023 transformer config)"", ""attack-off (user decision D20): all attack/falsification stages disabled, see config.attack.overrides"", ""L1 API: explicit solver.alpha-crown.share_alphas=true (ViT ONNX hook is not triggered by native modules); avoids large independent alpha tensors"", ""Python 3.11 typing.override compatibility via typing_extensions (no ACT source change)"", ""float32 stable interpreter; general.double_fp=false; solver.use_float64_in_last_iteration=false"", ""solver.batch_size=16; auto_enlarge_batch_size=false for concurrent GPU memory budget"", ""API CLI biccos_off token selects adapter; actual config is official vit.yaml (BICCOS unchanged)"", ""input route: Python API ABCrownSolver instead of abcrown.py + VNN-LIB (VNN-LIB cannot encode an l1 ball)"", ""ABCrownSolver._build_vnnlib_handler overridden to pass the l1 range dict (X, eps, data_min, data_max)"", ""specification.norm = 1 (the official file is an l_inf VNN-COMP config)"", ""general.adhoc_tuning None: api.py cannot eval Customized(); the vit hook only sets share_alphas when >= 6 MatMul modules exist, and this PyTorch module has 0, so the hook is a no-op here""]",,,0.0,11526.0,official_attack_off_f32_lp1_sharedalpha_batch16,"[""abcrown"",""scratch/text_export/sst_p1/sst_buffet/onnx/sst_d3_L16.onnx"",""scratch/text_export/sst_p1/sst_buffet/vnnlib/query_index_q0032_d3_L16_e290_p1_eps0p3.v1.vnnlib"",30.0,""official_attack_off_f32_lp1_sharedalpha_batch16""]",
sst_p1,33,sst_d3_L10.onnx,query_index_q0033_d3_L10_e1013_p1_eps0p3.v1.vnnlib,unsat,2.195,CERTIFIED,1,30.0,2.195,5.333,3.138,6.407402388751507,0,0,,,Native API unsafe is conservatively UNKNOWN; no unvalidated L1 witness accepted,0,scratch/logs/fse2026/abcrown/sst_p1/00033_lp1_cfbf0i6p.log,6b8bbcfac1c01da1cabd240a87e4dce1a65f5a2b,"{""attack"": {""attack_off"": true, ""hook_replacements"": {}, ""overrides"": {""attack"": {""enable_mip_attack"": false, ""input_split_check_adv"": {""enabled"": ""false""}, ""pgd_order"": ""skip""}, ""bab"": {""attack"": {""enabled"": false}, ""branching"": {""input_split"": {""update_rhs_with_attack"": false}}}}}, ""biccos_applicable"": true, ""biccos_effective"": false, ""deviations"": [""config mapping: derived (no official category; vit_2023 transformer config)"", ""attack-off (user decision D20): all attack/falsification stages disabled, see config.attack.overrides"", ""L1 API: explicit solver.alpha-crown.share_alphas=true (ViT ONNX hook is not triggered by native modules); avoids large independent alpha tensors"", ""Python 3.11 typing.override compatibility via typing_extensions (no ACT source change)"", ""float32 stable interpreter; general.double_fp=false; solver.use_float64_in_last_iteration=false"", ""solver.batch_size=16; auto_enlarge_batch_size=false for concurrent GPU memory budget"", ""API CLI biccos_off token selects adapter; actual config is official vit.yaml (BICCOS unchanged)"", ""input route: Python API ABCrownSolver instead of abcrown.py + VNN-LIB (VNN-LIB cannot encode an l1 ball)"", ""ABCrownSolver._build_vnnlib_handler overridden to pass the l1 range dict (X, eps, data_min, data_max)"", ""specification.norm = 1 (the official file is an l_inf VNN-COMP config)"", ""general.adhoc_tuning None: api.py cannot eval Customized(); the vit hook only sets share_alphas when >= 6 MatMul modules exist, and this PyTorch module has 0, so the hook is a no-op here""], ""mapping"": ""derived (no official category; vit_2023 transformer config)"", ""notes"": [], ""official"": ""exp_configs/vnncomp23/vit.yaml"", ""official_biccos"": false, ""official_pgd_order"": ""skip"", ""variant"": ""official""}","[""config mapping: derived (no official category; vit_2023 transformer config)"", ""attack-off (user decision D20): all attack/falsification stages disabled, see config.attack.overrides"", ""L1 API: explicit solver.alpha-crown.share_alphas=true (ViT ONNX hook is not triggered by native modules); avoids large independent alpha tensors"", ""Python 3.11 typing.override compatibility via typing_extensions (no ACT source change)"", ""float32 stable interpreter; general.double_fp=false; solver.use_float64_in_last_iteration=false"", ""solver.batch_size=16; auto_enlarge_batch_size=false for concurrent GPU memory budget"", ""API CLI biccos_off token selects adapter; actual config is official vit.yaml (BICCOS unchanged)"", ""input route: Python API ABCrownSolver instead of abcrown.py + VNN-LIB (VNN-LIB cannot encode an l1 ball)"", ""ABCrownSolver._build_vnnlib_handler overridden to pass the l1 range dict (X, eps, data_min, data_max)"", ""specification.norm = 1 (the official file is an l_inf VNN-COMP config)"", ""general.adhoc_tuning None: api.py cannot eval Customized(); the vit hook only sets share_alphas when >= 6 MatMul modules exist, and this PyTorch module has 0, so the hook is a no-op here""]",,,24.0,12924.0,official_attack_off_f32_lp1_sharedalpha_batch16,"[""abcrown"",""scratch/text_export/sst_p1/sst_buffet/onnx/sst_d3_L10.onnx"",""scratch/text_export/sst_p1/sst_buffet/vnnlib/query_index_q0033_d3_L10_e1013_p1_eps0p3.v1.vnnlib"",30.0,""official_attack_off_f32_lp1_sharedalpha_batch16""]",
sst_p1,34,sst_d3_L11.onnx,query_index_q0034_d3_L11_e1685_p1_eps0p3.v1.vnnlib,unsat,1.58,CERTIFIED,1,30.0,1.58,5.012,3.431,6.005726810544729,0,0,,,Native API unsafe is conservatively UNKNOWN; no unvalidated L1 witness accepted,0,scratch/logs/fse2026/abcrown/sst_p1/00034_lp1_vkcj47jh.log,6b8bbcfac1c01da1cabd240a87e4dce1a65f5a2b,"{""attack"": {""attack_off"": true, ""hook_replacements"": {}, ""overrides"": {""attack"": {""enable_mip_attack"": false, ""input_split_check_adv"": {""enabled"": ""false""}, ""pgd_order"": ""skip""}, ""bab"": {""attack"": {""enabled"": false}, ""branching"": {""input_split"": {""update_rhs_with_attack"": false}}}}}, ""biccos_applicable"": true, ""biccos_effective"": false, ""deviations"": [""config mapping: derived (no official category; vit_2023 transformer config)"", ""attack-off (user decision D20): all attack/falsification stages disabled, see config.attack.overrides"", ""L1 API: explicit solver.alpha-crown.share_alphas=true (ViT ONNX hook is not triggered by native modules); avoids large independent alpha tensors"", ""Python 3.11 typing.override compatibility via typing_extensions (no ACT source change)"", ""float32 stable interpreter; general.double_fp=false; solver.use_float64_in_last_iteration=false"", ""solver.batch_size=16; auto_enlarge_batch_size=false for concurrent GPU memory budget"", ""API CLI biccos_off token selects adapter; actual config is official vit.yaml (BICCOS unchanged)"", ""input route: Python API ABCrownSolver instead of abcrown.py + VNN-LIB (VNN-LIB cannot encode an l1 ball)"", ""ABCrownSolver._build_vnnlib_handler overridden to pass the l1 range dict (X, eps, data_min, data_max)"", ""specification.norm = 1 (the official file is an l_inf VNN-COMP config)"", ""general.adhoc_tuning None: api.py cannot eval Customized(); the vit hook only sets share_alphas when >= 6 MatMul modules exist, and this PyTorch module has 0, so the hook is a no-op here""], ""mapping"": ""derived (no official category; vit_2023 transformer config)"", ""notes"": [], ""official"": ""exp_configs/vnncomp23/vit.yaml"", ""official_biccos"": false, ""official_pgd_order"": ""skip"", ""variant"": ""official""}","[""config mapping: derived (no official category; vit_2023 transformer config)"", ""attack-off (user decision D20): all attack/falsification stages disabled, see config.attack.overrides"", ""L1 API: explicit solver.alpha-crown.share_alphas=true (ViT ONNX hook is not triggered by native modules); avoids large independent alpha tensors"", ""Python 3.11 typing.override compatibility via typing_extensions (no ACT source change)"", ""float32 stable interpreter; general.double_fp=false; solver.use_float64_in_last_iteration=false"", ""solver.batch_size=16; auto_enlarge_batch_size=false for concurrent GPU memory budget"", ""API CLI biccos_off token selects adapter; actual config is official vit.yaml (BICCOS unchanged)"", ""input route: Python API ABCrownSolver instead of abcrown.py + VNN-LIB (VNN-LIB cannot encode an l1 ball)"", ""ABCrownSolver._build_vnnlib_handler overridden to pass the l1 range dict (X, eps, data_min, data_max)"", ""specification.norm = 1 (the official file is an l_inf VNN-COMP config)"", ""general.adhoc_tuning None: api.py cannot eval Customized(); the vit hook only sets share_alphas when >= 6 MatMul modules exist, and this PyTorch module has 0, so the hook is a no-op here""]",,,94.0,29990.0,official_attack_off_f32_lp1_sharedalpha_batch16,"[""abcrown"",""scratch/text_export/sst_p1/sst_buffet/onnx/sst_d3_L11.onnx"",""scratch/text_export/sst_p1/sst_buffet/vnnlib/query_index_q0034_d3_L11_e1685_p1_eps0p3.v1.vnnlib"",30.0,""official_attack_off_f32_lp1_sharedalpha_batch16""]",
sst_p1,35,sst_d3_L19.onnx,query_index_q0035_d3_L19_e1739_p1_eps0p3.v1.vnnlib,unsat,1.456,CERTIFIED,1,30.0,1.456,4.765,3.309,5.753554943948984,0,0,,,Native API unsafe is conservatively UNKNOWN; no unvalidated L1 witness accepted,0,scratch/logs/fse2026/abcrown/sst_p1/00035_lp1_2919ql6r.log,6b8bbcfac1c01da1cabd240a87e4dce1a65f5a2b,"{""attack"": {""attack_off"": true, ""hook_replacements"": {}, ""overrides"": {""attack"": {""enable_mip_attack"": false, ""input_split_check_adv"": {""enabled"": ""false""}, ""pgd_order"": ""skip""}, ""bab"": {""attack"": {""enabled"": false}, ""branching"": {""input_split"": {""update_rhs_with_attack"": false}}}}}, ""biccos_applicable"": true, ""biccos_effective"": false, ""deviations"": [""config mapping: derived (no official category; vit_2023 transformer config)"", ""attack-off (user decision D20): all attack/falsification stages disabled, see config.attack.overrides"", ""L1 API: explicit solver.alpha-crown.share_alphas=true (ViT ONNX hook is not triggered by native modules); avoids large independent alpha tensors"", ""Python 3.11 typing.override compatibility via typing_extensions (no ACT source change)"", ""float32 stable interpreter; general.double_fp=false; solver.use_float64_in_last_iteration=false"", ""solver.batch_size=16; auto_enlarge_batch_size=false for concurrent GPU memory budget"", ""API CLI biccos_off token selects adapter; actual config is official vit.yaml (BICCOS unchanged)"", ""input route: Python API ABCrownSolver instead of abcrown.py + VNN-LIB (VNN-LIB cannot encode an l1 ball)"", ""ABCrownSolver._build_vnnlib_handler overridden to pass the l1 range dict (X, eps, data_min, data_max)"", ""specification.norm = 1 (the official file is an l_inf VNN-COMP config)"", ""general.adhoc_tuning None: api.py cannot eval Customized(); the vit hook only sets share_alphas when >= 6 MatMul modules exist, and this PyTorch module has 0, so the hook is a no-op here""], ""mapping"": ""derived (no official category; vit_2023 transformer config)"", ""notes"": [], ""official"": ""exp_configs/vnncomp23/vit.yaml"", ""official_biccos"": false, ""official_pgd_order"": ""skip"", ""variant"": ""official""}","[""config mapping: derived (no official category; vit_2023 transformer config)"", ""attack-off (user decision D20): all attack/falsification stages disabled, see config.attack.overrides"", ""L1 API: explicit solver.alpha-crown.share_alphas=true (ViT ONNX hook is not triggered by native modules); avoids large independent alpha tensors"", ""Python 3.11 typing.override compatibility via typing_extensions (no ACT source change)"", ""float32 stable interpreter; general.double_fp=false; solver.use_float64_in_last_iteration=false"", ""solver.batch_size=16; auto_enlarge_batch_size=false for concurrent GPU memory budget"", ""API CLI biccos_off token selects adapter; actual config is official vit.yaml (BICCOS unchanged)"", ""input route: Python API ABCrownSolver instead of abcrown.py + VNN-LIB (VNN-LIB cannot encode an l1 ball)"", ""ABCrownSolver._build_vnnlib_handler overridden to pass the l1 range dict (X, eps, data_min, data_max)"", ""specification.norm = 1 (the official file is an l_inf VNN-COMP config)"", ""general.adhoc_tuning None: api.py cannot eval Customized(); the vit hook only sets share_alphas when >= 6 MatMul modules exist, and this PyTorch module has 0, so the hook is a no-op here""]",,,91.0,42800.0,official_attack_off_f32_lp1_sharedalpha_batch16,"[""abcrown"",""scratch/text_export/sst_p1/sst_buffet/onnx/sst_d3_L19.onnx"",""scratch/text_export/sst_p1/sst_buffet/vnnlib/query_index_q0035_d3_L19_e1739_p1_eps0p3.v1.vnnlib"",30.0,""official_attack_off_f32_lp1_sharedalpha_batch16""]",
sst_p1,36,sst_d3_L20.onnx,query_index_q0036_d3_L20_e1702_p1_eps0p3.v1.vnnlib,unsat,2.088,CERTIFIED,1,30.0,2.088,5.309,3.221,6.30589022487402,0,0,,,Native API unsafe is conservatively UNKNOWN; no unvalidated L1 witness accepted,0,scratch/logs/fse2026/abcrown/sst_p1/00036_lp1_h5hyn27v.log,6b8bbcfac1c01da1cabd240a87e4dce1a65f5a2b,"{""attack"": {""attack_off"": true, ""hook_replacements"": {}, ""overrides"": {""attack"": {""enable_mip_attack"": false, ""input_split_check_adv"": {""enabled"": ""false""}, ""pgd_order"": ""skip""}, ""bab"": {""attack"": {""enabled"": false}, ""branching"": {""input_split"": {""update_rhs_with_attack"": false}}}}}, ""biccos_applicable"": true, ""biccos_effective"": false, ""deviations"": [""config mapping: derived (no official category; vit_2023 transformer config)"", ""attack-off (user decision D20): all attack/falsification stages disabled, see config.attack.overrides"", ""L1 API: explicit solver.alpha-crown.share_alphas=true (ViT ONNX hook is not triggered by native modules); avoids large independent alpha tensors"", ""Python 3.11 typing.override compatibility via typing_extensions (no ACT source change)"", ""float32 stable interpreter; general.double_fp=false; solver.use_float64_in_last_iteration=false"", ""solver.batch_size=16; auto_enlarge_batch_size=false for concurrent GPU memory budget"", ""API CLI biccos_off token selects adapter; actual config is official vit.yaml (BICCOS unchanged)"", ""input route: Python API ABCrownSolver instead of abcrown.py + VNN-LIB (VNN-LIB cannot encode an l1 ball)"", ""ABCrownSolver._build_vnnlib_handler overridden to pass the l1 range dict (X, eps, data_min, data_max)"", ""specification.norm = 1 (the official file is an l_inf VNN-COMP config)"", ""general.adhoc_tuning None: api.py cannot eval Customized(); the vit hook only sets share_alphas when >= 6 MatMul modules exist, and this PyTorch module has 0, so the hook is a no-op here""], ""mapping"": ""derived (no official category; vit_2023 transformer config)"", ""notes"": [], ""official"": ""exp_configs/vnncomp23/vit.yaml"", ""official_biccos"": false, ""official_pgd_order"": ""skip"", ""variant"": ""official""}","[""config mapping: derived (no official category; vit_2023 transformer config)"", ""attack-off (user decision D20): all attack/falsification stages disabled, see config.attack.overrides"", ""L1 API: explicit solver.alpha-crown.share_alphas=true (ViT ONNX hook is not triggered by native modules); avoids large independent alpha tensors"", ""Python 3.11 typing.override compatibility via typing_extensions (no ACT source change)"", ""float32 stable interpreter; general.double_fp=false; solver.use_float64_in_last_iteration=false"", ""solver.batch_size=16; auto_enlarge_batch_size=false for concurrent GPU memory budget"", ""API CLI biccos_off token selects adapter; actual config is official vit.yaml (BICCOS unchanged)"", ""input route: Python API ABCrownSolver instead of abcrown.py + VNN-LIB (VNN-LIB cannot encode an l1 ball)"", ""ABCrownSolver._build_vnnlib_handler overridden to pass the l1 range dict (X, eps, data_min, data_max)"", ""specification.norm = 1 (the official file is an l_inf VNN-COMP config)"", ""general.adhoc_tuning None: api.py cannot eval Customized(); the vit hook only sets share_alphas when >= 6 MatMul modules exist, and this PyTorch module has 0, so the hook is a no-op here""]",,,100.0,51572.0,official_attack_off_f32_lp1_sharedalpha_batch16,"[""abcrown"",""scratch/text_export/sst_p1/sst_buffet/onnx/sst_d3_L20.onnx"",""scratch/text_export/sst_p1/sst_buffet/vnnlib/query_index_q0036_d3_L20_e1702_p1_eps0p3.v1.vnnlib"",30.0,""official_attack_off_f32_lp1_sharedalpha_batch16""]",
sst_p1,37,sst_d3_L9.onnx,query_index_q0037_d3_L9_e1496_p1_eps0p3.v1.vnnlib,unsat,3.636,CERTIFIED,1,30.0,3.636,7.111,3.474,8.111159132793546,0,0,,,Native API unsafe is conservatively UNKNOWN; no unvalidated L1 witness accepted,0,scratch/logs/fse2026/abcrown/sst_p1/00037_lp1_zoa5muw5.log,6b8bbcfac1c01da1cabd240a87e4dce1a65f5a2b,"{""attack"": {""attack_off"": true, ""hook_replacements"": {}, ""overrides"": {""attack"": {""enable_mip_attack"": false, ""input_split_check_adv"": {""enabled"": ""false""}, ""pgd_order"": ""skip""}, ""bab"": {""attack"": {""enabled"": false}, ""branching"": {""input_split"": {""update_rhs_with_attack"": false}}}}}, ""biccos_applicable"": true, ""biccos_effective"": false, ""deviations"": [""config mapping: derived (no official category; vit_2023 transformer config)"", ""attack-off (user decision D20): all attack/falsification stages disabled, see config.attack.overrides"", ""L1 API: explicit solver.alpha-crown.share_alphas=true (ViT ONNX hook is not triggered by native modules); avoids large independent alpha tensors"", ""Python 3.11 typing.override compatibility via typing_extensions (no ACT source change)"", ""float32 stable interpreter; general.double_fp=false; solver.use_float64_in_last_iteration=false"", ""solver.batch_size=16; auto_enlarge_batch_size=false for concurrent GPU memory budget"", ""API CLI biccos_off token selects adapter; actual config is official vit.yaml (BICCOS unchanged)"", ""input route: Python API ABCrownSolver instead of abcrown.py + VNN-LIB (VNN-LIB cannot encode an l1 ball)"", ""ABCrownSolver._build_vnnlib_handler overridden to pass the l1 range dict (X, eps, data_min, data_max)"", ""specification.norm = 1 (the official file is an l_inf VNN-COMP config)"", ""general.adhoc_tuning None: api.py cannot eval Customized(); the vit hook only sets share_alphas when >= 6 MatMul modules exist, and this PyTorch module has 0, so the hook is a no-op here""], ""mapping"": ""derived (no official category; vit_2023 transformer config)"", ""notes"": [], ""official"": ""exp_configs/vnncomp23/vit.yaml"", ""official_biccos"": false, ""official_pgd_order"": ""skip"", ""variant"": ""official""}","[""config mapping: derived (no official category; vit_2023 transformer config)"", ""attack-off (user decision D20): all attack/falsification stages disabled, see config.attack.overrides"", ""L1 API: explicit solver.alpha-crown.share_alphas=true (ViT ONNX hook is not triggered by native modules); avoids large independent alpha tensors"", ""Python 3.11 typing.override compatibility via typing_extensions (no ACT source change)"", ""float32 stable interpreter; general.double_fp=false; solver.use_float64_in_last_iteration=false"", ""solver.batch_size=16; auto_enlarge_batch_size=false for concurrent GPU memory budget"", ""API CLI biccos_off token selects adapter; actual config is official vit.yaml (BICCOS unchanged)"", ""input route: Python API ABCrownSolver instead of abcrown.py + VNN-LIB (VNN-LIB cannot encode an l1 ball)"", ""ABCrownSolver._build_vnnlib_handler overridden to pass the l1 range dict (X, eps, data_min, data_max)"", ""specification.norm = 1 (the official file is an l_inf VNN-COMP config)"", ""general.adhoc_tuning None: api.py cannot eval Customized(); the vit hook only sets share_alphas when >= 6 MatMul modules exist, and this PyTorch module has 0, so the hook is a no-op here""]",,,0.0,51572.0,official_attack_off_f32_lp1_sharedalpha_batch16,"[""abcrown"",""scratch/text_export/sst_p1/sst_buffet/onnx/sst_d3_L9.onnx"",""scratch/text_export/sst_p1/sst_buffet/vnnlib/query_index_q0037_d3_L9_e1496_p1_eps0p3.v1.vnnlib"",30.0,""official_attack_off_f32_lp1_sharedalpha_batch16""]",
sst_p1,38,sst_d3_L11.onnx,query_index_q0038_d3_L11_e1560_p1_eps0p3.v1.vnnlib,unsat,1.037,CERTIFIED,1,30.0,1.037,4.146,3.109,5.153595790266991,0,0,,,Native API unsafe is conservatively UNKNOWN; no unvalidated L1 witness accepted,0,scratch/logs/fse2026/abcrown/sst_p1/00038_lp1_ikrxkk2p.log,6b8bbcfac1c01da1cabd240a87e4dce1a65f5a2b,"{""attack"": {""attack_off"": true, ""hook_replacements"": {}, ""overrides"": {""attack"": {""enable_mip_attack"": false, ""input_split_check_adv"": {""enabled"": ""false""}, ""pgd_order"": ""skip""}, ""bab"": {""attack"": {""enabled"": false}, ""branching"": {""input_split"": {""update_rhs_with_attack"": false}}}}}, ""biccos_applicable"": true, ""biccos_effective"": false, ""deviations"": [""config mapping: derived (no official category; vit_2023 transformer config)"", ""attack-off (user decision D20): all attack/falsification stages disabled, see config.attack.overrides"", ""L1 API: explicit solver.alpha-crown.share_alphas=true (ViT ONNX hook is not triggered by native modules); avoids large independent alpha tensors"", ""Python 3.11 typing.override compatibility via typing_extensions (no ACT source change)"", ""float32 stable interpreter; general.double_fp=false; solver.use_float64_in_last_iteration=false"", ""solver.batch_size=16; auto_enlarge_batch_size=false for concurrent GPU memory budget"", ""API CLI biccos_off token selects adapter; actual config is official vit.yaml (BICCOS unchanged)"", ""input route: Python API ABCrownSolver instead of abcrown.py + VNN-LIB (VNN-LIB cannot encode an l1 ball)"", ""ABCrownSolver._build_vnnlib_handler overridden to pass the l1 range dict (X, eps, data_min, data_max)"", ""specification.norm = 1 (the official file is an l_inf VNN-COMP config)"", ""general.adhoc_tuning None: api.py cannot eval Customized(); the vit hook only sets share_alphas when >= 6 MatMul modules exist, and this PyTorch module has 0, so the hook is a no-op here""], ""mapping"": ""derived (no official category; vit_2023 transformer config)"", ""notes"": [], ""official"": ""exp_configs/vnncomp23/vit.yaml"", ""official_biccos"": false, ""official_pgd_order"": ""skip"", ""variant"": ""official""}","[""config mapping: derived (no official category; vit_2023 transformer config)"", ""attack-off (user decision D20): all attack/falsification stages disabled, see config.attack.overrides"", ""L1 API: explicit solver.alpha-crown.share_alphas=true (ViT ONNX hook is not triggered by native modules); avoids large independent alpha tensors"", ""Python 3.11 typing.override compatibility via typing_extensions (no ACT source change)"", ""float32 stable interpreter; general.double_fp=false; solver.use_float64_in_last_iteration=false"", ""solver.batch_size=16; auto_enlarge_batch_size=false for concurrent GPU memory budget"", ""API CLI biccos_off token selects adapter; actual config is official vit.yaml (BICCOS unchanged)"", ""input route: Python API ABCrownSolver instead of abcrown.py + VNN-LIB (VNN-LIB cannot encode an l1 ball)"", ""ABCrownSolver._build_vnnlib_handler overridden to pass the l1 range dict (X, eps, data_min, data_max)"", ""specification.norm = 1 (the official file is an l_inf VNN-COMP config)"", ""general.adhoc_tuning None: api.py cannot eval Customized(); the vit hook only sets share_alphas when >= 6 MatMul modules exist, and this PyTorch module has 0, so the hook is a no-op here""]",,,100.0,82948.0,official_attack_off_f32_lp1_sharedalpha_batch16,"[""abcrown"",""scratch/text_export/sst_p1/sst_buffet/onnx/sst_d3_L11.onnx"",""scratch/text_export/sst_p1/sst_buffet/vnnlib/query_index_q0038_d3_L11_e1560_p1_eps0p3.v1.vnnlib"",30.0,""official_attack_off_f32_lp1_sharedalpha_batch16""]",
sst_p1,39,sst_d3_L13.onnx,query_index_q0039_d3_L13_e1728_p1_eps0p3.v1.vnnlib,unsat,3.079,CERTIFIED,1,30.0,3.079,6.417,3.339,7.459524402394891,0,0,,,Native API unsafe is conservatively UNKNOWN; no unvalidated L1 witness accepted,0,scratch/logs/fse2026/abcrown/sst_p1/00039_lp1_fbkgkokj.log,6b8bbcfac1c01da1cabd240a87e4dce1a65f5a2b,"{""attack"": {""attack_off"": true, ""hook_replacements"": {}, ""overrides"": {""attack"": {""enable_mip_attack"": false, ""input_split_check_adv"": {""enabled"": ""false""}, ""pgd_order"": ""skip""}, ""bab"": {""attack"": {""enabled"": false}, ""branching"": {""input_split"": {""update_rhs_with_attack"": false}}}}}, ""biccos_applicable"": true, ""biccos_effective"": false, ""deviations"": [""config mapping: derived (no official category; vit_2023 transformer config)"", ""attack-off (user decision D20): all attack/falsification stages disabled, see config.attack.overrides"", ""L1 API: explicit solver.alpha-crown.share_alphas=true (ViT ONNX hook is not triggered by native modules); avoids large independent alpha tensors"", ""Python 3.11 typing.override compatibility via typing_extensions (no ACT source change)"", ""float32 stable interpreter; general.double_fp=false; solver.use_float64_in_last_iteration=false"", ""solver.batch_size=16; auto_enlarge_batch_size=false for concurrent GPU memory budget"", ""API CLI biccos_off token selects adapter; actual config is official vit.yaml (BICCOS unchanged)"", ""input route: Python API ABCrownSolver instead of abcrown.py + VNN-LIB (VNN-LIB cannot encode an l1 ball)"", ""ABCrownSolver._build_vnnlib_handler overridden to pass the l1 range dict (X, eps, data_min, data_max)"", ""specification.norm = 1 (the official file is an l_inf VNN-COMP config)"", ""general.adhoc_tuning None: api.py cannot eval Customized(); the vit hook only sets share_alphas when >= 6 MatMul modules exist, and this PyTorch module has 0, so the hook is a no-op here""], ""mapping"": ""derived (no official category; vit_2023 transformer config)"", ""notes"": [], ""official"": ""exp_configs/vnncomp23/vit.yaml"", ""official_biccos"": false, ""official_pgd_order"": ""skip"", ""variant"": ""official""}","[""config mapping: derived (no official category; vit_2023 transformer config)"", ""attack-off (user decision D20): all attack/falsification stages disabled, see config.attack.overrides"", ""L1 API: explicit solver.alpha-crown.share_alphas=true (ViT ONNX hook is not triggered by native modules); avoids large independent alpha tensors"", ""Python 3.11 typing.override compatibility via typing_extensions (no ACT source change)"", ""float32 stable interpreter; general.double_fp=false; solver.use_float64_in_last_iteration=false"", ""solver.batch_size=16; auto_enlarge_batch_size=false for concurrent GPU memory budget"", ""API CLI biccos_off token selects adapter; actual config is official vit.yaml (BICCOS unchanged)"", ""input route: Python API ABCrownSolver instead of abcrown.py + VNN-LIB (VNN-LIB cannot encode an l1 ball)"", ""ABCrownSolver._build_vnnlib_handler overridden to pass the l1 range dict (X, eps, data_min, data_max)"", ""specification.norm = 1 (the official file is an l_inf VNN-COMP config)"", ""general.adhoc_tuning None: api.py cannot eval Customized(); the vit hook only sets share_alphas when >= 6 MatMul modules exist, and this PyTorch module has 0, so the hook is a no-op here""]",,,0.0,84664.0,official_attack_off_f32_lp1_sharedalpha_batch16,"[""abcrown"",""scratch/text_export/sst_p1/sst_buffet/onnx/sst_d3_L13.onnx"",""scratch/text_export/sst_p1/sst_buffet/vnnlib/query_index_q0039_d3_L13_e1728_p1_eps0p3.v1.vnnlib"",30.0,""official_attack_off_f32_lp1_sharedalpha_batch16""]",
sst_p1,40,sst_d3_L20.onnx,query_index_q0040_d3_L20_e1155_p1_eps0p2.v1.vnnlib,unsat,4.149,CERTIFIED,1,30.0,4.149,7.433,3.284,8.408129122108221,0,0,,,Native API unsafe is conservatively UNKNOWN; no unvalidated L1 witness accepted,0,scratch/logs/fse2026/abcrown/sst_p1/00040_lp1_vxx3ufxs.log,6b8bbcfac1c01da1cabd240a87e4dce1a65f5a2b,"{""attack"": {""attack_off"": true, ""hook_replacements"": {}, ""overrides"": {""attack"": {""enable_mip_attack"": false, ""input_split_check_adv"": {""enabled"": ""false""}, ""pgd_order"": ""skip""}, ""bab"": {""attack"": {""enabled"": false}, ""branching"": {""input_split"": {""update_rhs_with_attack"": false}}}}}, ""biccos_applicable"": true, ""biccos_effective"": false, ""deviations"": [""config mapping: derived (no official category; vit_2023 transformer config)"", ""attack-off (user decision D20): all attack/falsification stages disabled, see config.attack.overrides"", ""L1 API: explicit solver.alpha-crown.share_alphas=true (ViT ONNX hook is not triggered by native modules); avoids large independent alpha tensors"", ""Python 3.11 typing.override compatibility via typing_extensions (no ACT source change)"", ""float32 stable interpreter; general.double_fp=false; solver.use_float64_in_last_iteration=false"", ""solver.batch_size=16; auto_enlarge_batch_size=false for concurrent GPU memory budget"", ""API CLI biccos_off token selects adapter; actual config is official vit.yaml (BICCOS unchanged)"", ""input route: Python API ABCrownSolver instead of abcrown.py + VNN-LIB (VNN-LIB cannot encode an l1 ball)"", ""ABCrownSolver._build_vnnlib_handler overridden to pass the l1 range dict (X, eps, data_min, data_max)"", ""specification.norm = 1 (the official file is an l_inf VNN-COMP config)"", ""general.adhoc_tuning None: api.py cannot eval Customized(); the vit hook only sets share_alphas when >= 6 MatMul modules exist, and this PyTorch module has 0, so the hook is a no-op here""], ""mapping"": ""derived (no official category; vit_2023 transformer config)"", ""notes"": [], ""official"": ""exp_configs/vnncomp23/vit.yaml"", ""official_biccos"": false, ""official_pgd_order"": ""skip"", ""variant"": ""official""}","[""config mapping: derived (no official category; vit_2023 transformer config)"", ""attack-off (user decision D20): all attack/falsification stages disabled, see config.attack.overrides"", ""L1 API: explicit solver.alpha-crown.share_alphas=true (ViT ONNX hook is not triggered by native modules); avoids large independent alpha tensors"", ""Python 3.11 typing.override compatibility via typing_extensions (no ACT source change)"", ""float32 stable interpreter; general.double_fp=false; solver.use_float64_in_last_iteration=false"", ""solver.batch_size=16; auto_enlarge_batch_size=false for concurrent GPU memory budget"", ""API CLI biccos_off token selects adapter; actual config is official vit.yaml (BICCOS unchanged)"", ""input route: Python API ABCrownSolver instead of abcrown.py + VNN-LIB (VNN-LIB cannot encode an l1 ball)"", ""ABCrownSolver._build_vnnlib_handler overridden to pass the l1 range dict (X, eps, data_min, data_max)"", ""specification.norm = 1 (the official file is an l_inf VNN-COMP config)"", ""general.adhoc_tuning None: api.py cannot eval Customized(); the vit hook only sets share_alphas when >= 6 MatMul modules exist, and this PyTorch module has 0, so the hook is a no-op here""]",,,78.0,13865.0,official_attack_off_f32_lp1_sharedalpha_batch16,"[""abcrown"",""scratch/text_export/sst_p1/sst_buffet/onnx/sst_d3_L20.onnx"",""scratch/text_export/sst_p1/sst_buffet/vnnlib/query_index_q0040_d3_L20_e1155_p1_eps0p2.v1.vnnlib"",30.0,""official_attack_off_f32_lp1_sharedalpha_batch16""]",
sst_p1,41,sst_d3_L19.onnx,query_index_q0041_d3_L19_e567_p1_eps0p2.v1.vnnlib,unsat,3.828,CERTIFIED,1,30.0,3.828,7.071,3.243,8.00822402536869,0,0,,,Native API unsafe is conservatively UNKNOWN; no unvalidated L1 witness accepted,0,scratch/logs/fse2026/abcrown/sst_p1/00041_lp1_qp77zp26.log,6b8bbcfac1c01da1cabd240a87e4dce1a65f5a2b,"{""attack"": {""attack_off"": true, ""hook_replacements"": {}, ""overrides"": {""attack"": {""enable_mip_attack"": false, ""input_split_check_adv"": {""enabled"": ""false""}, ""pgd_order"": ""skip""}, ""bab"": {""attack"": {""enabled"": false}, ""branching"": {""input_split"": {""update_rhs_with_attack"": false}}}}}, ""biccos_applicable"": true, ""biccos_effective"": false, ""deviations"": [""config mapping: derived (no official category; vit_2023 transformer config)"", ""attack-off (user decision D20): all attack/falsification stages disabled, see config.attack.overrides"", ""L1 API: explicit solver.alpha-crown.share_alphas=true (ViT ONNX hook is not triggered by native modules); avoids large independent alpha tensors"", ""Python 3.11 typing.override compatibility via typing_extensions (no ACT source change)"", ""float32 stable interpreter; general.double_fp=false; solver.use_float64_in_last_iteration=false"", ""solver.batch_size=16; auto_enlarge_batch_size=false for concurrent GPU memory budget"", ""API CLI biccos_off token selects adapter; actual config is official vit.yaml (BICCOS unchanged)"", ""input route: Python API ABCrownSolver instead of abcrown.py + VNN-LIB (VNN-LIB cannot encode an l1 ball)"", ""ABCrownSolver._build_vnnlib_handler overridden to pass the l1 range dict (X, eps, data_min, data_max)"", ""specification.norm = 1 (the official file is an l_inf VNN-COMP config)"", ""general.adhoc_tuning None: api.py cannot eval Customized(); the vit hook only sets share_alphas when >= 6 MatMul modules exist, and this PyTorch module has 0, so the hook is a no-op here""], ""mapping"": ""derived (no official category; vit_2023 transformer config)"", ""notes"": [], ""official"": ""exp_configs/vnncomp23/vit.yaml"", ""official_biccos"": false, ""official_pgd_order"": ""skip"", ""variant"": ""official""}","[""config mapping: derived (no official category; vit_2023 transformer config)"", ""attack-off (user decision D20): all attack/falsification stages disabled, see config.attack.overrides"", ""L1 API: explicit solver.alpha-crown.share_alphas=true (ViT ONNX hook is not triggered by native modules); avoids large independent alpha tensors"", ""Python 3.11 typing.override compatibility via typing_extensions (no ACT source change)"", ""float32 stable interpreter; general.double_fp=false; solver.use_float64_in_last_iteration=false"", ""solver.batch_size=16; auto_enlarge_batch_size=false for concurrent GPU memory budget"", ""API CLI biccos_off token selects adapter; actual config is official vit.yaml (BICCOS unchanged)"", ""input route: Python API ABCrownSolver instead of abcrown.py + VNN-LIB (VNN-LIB cannot encode an l1 ball)"", ""ABCrownSolver._build_vnnlib_handler overridden to pass the l1 range dict (X, eps, data_min, data_max)"", ""specification.norm = 1 (the official file is an l_inf VNN-COMP config)"", ""general.adhoc_tuning None: api.py cannot eval Customized(); the vit hook only sets share_alphas when >= 6 MatMul modules exist, and this PyTorch module has 0, so the hook is a no-op here""]",,,98.0,26789.0,official_attack_off_f32_lp1_sharedalpha_batch16,"[""abcrown"",""scratch/text_export/sst_p1/sst_buffet/onnx/sst_d3_L19.onnx"",""scratch/text_export/sst_p1/sst_buffet/vnnlib/query_index_q0041_d3_L19_e567_p1_eps0p2.v1.vnnlib"",30.0,""official_attack_off_f32_lp1_sharedalpha_batch16""]",
sst_p1,42,sst_d3_L16.onnx,query_index_q0042_d3_L16_e1599_p1_eps0p2.v1.vnnlib,unsat,8.346,CERTIFIED,1,30.0,8.346,11.465,3.119,12.364548426121473,0,0,,,Native API unsafe is conservatively UNKNOWN; no unvalidated L1 witness accepted,0,scratch/logs/fse2026/abcrown/sst_p1/00042_lp1_xi0q04p8.log,6b8bbcfac1c01da1cabd240a87e4dce1a65f5a2b,"{""attack"": {""attack_off"": true, ""hook_replacements"": {}, ""overrides"": {""attack"": {""enable_mip_attack"": false, ""input_split_check_adv"": {""enabled"": ""false""}, ""pgd_order"": ""skip""}, ""bab"": {""attack"": {""enabled"": false}, ""branching"": {""input_split"": {""update_rhs_with_attack"": false}}}}}, ""biccos_applicable"": true, ""biccos_effective"": false, ""deviations"": [""config mapping: derived (no official category; vit_2023 transformer config)"", ""attack-off (user decision D20): all attack/falsification stages disabled, see config.attack.overrides"", ""L1 API: explicit solver.alpha-crown.share_alphas=true (ViT ONNX hook is not triggered by native modules); avoids large independent alpha tensors"", ""Python 3.11 typing.override compatibility via typing_extensions (no ACT source change)"", ""float32 stable interpreter; general.double_fp=false; solver.use_float64_in_last_iteration=false"", ""solver.batch_size=16; auto_enlarge_batch_size=false for concurrent GPU memory budget"", ""API CLI biccos_off token selects adapter; actual config is official vit.yaml (BICCOS unchanged)"", ""input route: Python API ABCrownSolver instead of abcrown.py + VNN-LIB (VNN-LIB cannot encode an l1 ball)"", ""ABCrownSolver._build_vnnlib_handler overridden to pass the l1 range dict (X, eps, data_min, data_max)"", ""specification.norm = 1 (the official file is an l_inf VNN-COMP config)"", ""general.adhoc_tuning None: api.py cannot eval Customized(); the vit hook only sets share_alphas when >= 6 MatMul modules exist, and this PyTorch module has 0, so the hook is a no-op here""], ""mapping"": ""derived (no official category; vit_2023 transformer config)"", ""notes"": [], ""official"": ""exp_configs/vnncomp23/vit.yaml"", ""official_biccos"": false, ""official_pgd_order"": ""skip"", ""variant"": ""official""}","[""config mapping: derived (no official category; vit_2023 transformer config)"", ""attack-off (user decision D20): all attack/falsification stages disabled, see config.attack.overrides"", ""L1 API: explicit solver.alpha-crown.share_alphas=true (ViT ONNX hook is not triggered by native modules); avoids large independent alpha tensors"", ""Python 3.11 typing.override compatibility via typing_extensions (no ACT source change)"", ""float32 stable interpreter; general.double_fp=false; solver.use_float64_in_last_iteration=false"", ""solver.batch_size=16; auto_enlarge_batch_size=false for concurrent GPU memory budget"", ""API CLI biccos_off token selects adapter; actual config is official vit.yaml (BICCOS unchanged)"", ""input route: Python API ABCrownSolver instead of abcrown.py + VNN-LIB (VNN-LIB cannot encode an l1 ball)"", ""ABCrownSolver._build_vnnlib_handler overridden to pass the l1 range dict (X, eps, data_min, data_max)"", ""specification.norm = 1 (the official file is an l_inf VNN-COMP config)"", ""general.adhoc_tuning None: api.py cannot eval Customized(); the vit hook only sets share_alphas when >= 6 MatMul modules exist, and this PyTorch module has 0, so the hook is a no-op here""]",,,98.0,33807.0,official_attack_off_f32_lp1_sharedalpha_batch16,"[""abcrown"",""scratch/text_export/sst_p1/sst_buffet/onnx/sst_d3_L16.onnx"",""scratch/text_export/sst_p1/sst_buffet/vnnlib/query_index_q0042_d3_L16_e1599_p1_eps0p2.v1.vnnlib"",30.0,""official_attack_off_f32_lp1_sharedalpha_batch16""]",
sst_p1,43,sst_d3_L5.onnx,query_index_q0043_d3_L5_e1251_p1_eps0p2.v1.vnnlib,unsat,6.149,CERTIFIED,1,30.0,6.149,9.558,3.41,10.616899533197284,0,0,,,Native API unsafe is conservatively UNKNOWN; no unvalidated L1 witness accepted,0,scratch/logs/fse2026/abcrown/sst_p1/00043_lp1_0vsfg08j.log,6b8bbcfac1c01da1cabd240a87e4dce1a65f5a2b,"{""attack"": {""attack_off"": true, ""hook_replacements"": {}, ""overrides"": {""attack"": {""enable_mip_attack"": false, ""input_split_check_adv"": {""enabled"": ""false""}, ""pgd_order"": ""skip""}, ""bab"": {""attack"": {""enabled"": false}, ""branching"": {""input_split"": {""update_rhs_with_attack"": false}}}}}, ""biccos_applicable"": true, ""biccos_effective"": false, ""deviations"": [""config mapping: derived (no official category; vit_2023 transformer config)"", ""attack-off (user decision D20): all attack/falsification stages disabled, see config.attack.overrides"", ""L1 API: explicit solver.alpha-crown.share_alphas=true (ViT ONNX hook is not triggered by native modules); avoids large independent alpha tensors"", ""Python 3.11 typing.override compatibility via typing_extensions (no ACT source change)"", ""float32 stable interpreter; general.double_fp=false; solver.use_float64_in_last_iteration=false"", ""solver.batch_size=16; auto_enlarge_batch_size=false for concurrent GPU memory budget"", ""API CLI biccos_off token selects adapter; actual config is official vit.yaml (BICCOS unchanged)"", ""input route: Python API ABCrownSolver instead of abcrown.py + VNN-LIB (VNN-LIB cannot encode an l1 ball)"", ""ABCrownSolver._build_vnnlib_handler overridden to pass the l1 range dict (X, eps, data_min, data_max)"", ""specification.norm = 1 (the official file is an l_inf VNN-COMP config)"", ""general.adhoc_tuning None: api.py cannot eval Customized(); the vit hook only sets share_alphas when >= 6 MatMul modules exist, and this PyTorch module has 0, so the hook is a no-op here""], ""mapping"": ""derived (no official category; vit_2023 transformer config)"", ""notes"": [], ""official"": ""exp_configs/vnncomp23/vit.yaml"", ""official_biccos"": false, ""official_pgd_order"": ""skip"", ""variant"": ""official""}","[""config mapping: derived (no official category; vit_2023 transformer config)"", ""attack-off (user decision D20): all attack/falsification stages disabled, see config.attack.overrides"", ""L1 API: explicit solver.alpha-crown.share_alphas=true (ViT ONNX hook is not triggered by native modules); avoids large independent alpha tensors"", ""Python 3.11 typing.override compatibility via typing_extensions (no ACT source change)"", ""float32 stable interpreter; general.double_fp=false; solver.use_float64_in_last_iteration=false"", ""solver.batch_size=16; auto_enlarge_batch_size=false for concurrent GPU memory budget"", ""API CLI biccos_off token selects adapter; actual config is official vit.yaml (BICCOS unchanged)"", ""input route: Python API ABCrownSolver instead of abcrown.py + VNN-LIB (VNN-LIB cannot encode an l1 ball)"", ""ABCrownSolver._build_vnnlib_handler overridden to pass the l1 range dict (X, eps, data_min, data_max)"", ""specification.norm = 1 (the official file is an l_inf VNN-COMP config)"", ""general.adhoc_tuning None: api.py cannot eval Customized(); the vit hook only sets share_alphas when >= 6 MatMul modules exist, and this PyTorch module has 0, so the hook is a no-op here""]",,,37.0,19477.0,official_attack_off_f32_lp1_sharedalpha_batch16,"[""abcrown"",""scratch/text_export/sst_p1/sst_buffet/onnx/sst_d3_L5.onnx"",""scratch/text_export/sst_p1/sst_buffet/vnnlib/query_index_q0043_d3_L5_e1251_p1_eps0p2.v1.vnnlib"",30.0,""official_attack_off_f32_lp1_sharedalpha_batch16""]",
sst_p1,44,sst_d3_L14.onnx,query_index_q0044_d3_L14_e45_p1_eps0p2.v1.vnnlib,unsat,4.871,CERTIFIED,1,30.0,4.871,8.337,3.465,9.362728204578161,0,0,,,Native API unsafe is conservatively UNKNOWN; no unvalidated L1 witness accepted,0,scratch/logs/fse2026/abcrown/sst_p1/00044_lp1_akr9stwd.log,6b8bbcfac1c01da1cabd240a87e4dce1a65f5a2b,"{""attack"": {""attack_off"": true, ""hook_replacements"": {}, ""overrides"": {""attack"": {""enable_mip_attack"": false, ""input_split_check_adv"": {""enabled"": ""false""}, ""pgd_order"": ""skip""}, ""bab"": {""attack"": {""enabled"": false}, ""branching"": {""input_split"": {""update_rhs_with_attack"": false}}}}}, ""biccos_applicable"": true, ""biccos_effective"": false, ""deviations"": [""config mapping: derived (no official category; vit_2023 transformer config)"", ""attack-off (user decision D20): all attack/falsification stages disabled, see config.attack.overrides"", ""L1 API: explicit solver.alpha-crown.share_alphas=true (ViT ONNX hook is not triggered by native modules); avoids large independent alpha tensors"", ""Python 3.11 typing.override compatibility via typing_extensions (no ACT source change)"", ""float32 stable interpreter; general.double_fp=false; solver.use_float64_in_last_iteration=false"", ""solver.batch_size=16; auto_enlarge_batch_size=false for concurrent GPU memory budget"", ""API CLI biccos_off token selects adapter; actual config is official vit.yaml (BICCOS unchanged)"", ""input route: Python API ABCrownSolver instead of abcrown.py + VNN-LIB (VNN-LIB cannot encode an l1 ball)"", ""ABCrownSolver._build_vnnlib_handler overridden to pass the l1 range dict (X, eps, data_min, data_max)"", ""specification.norm = 1 (the official file is an l_inf VNN-COMP config)"", ""general.adhoc_tuning None: api.py cannot eval Customized(); the vit hook only sets share_alphas when >= 6 MatMul modules exist, and this PyTorch module has 0, so the hook is a no-op here""], ""mapping"": ""derived (no official category; vit_2023 transformer config)"", ""notes"": [], ""official"": ""exp_configs/vnncomp23/vit.yaml"", ""official_biccos"": false, ""official_pgd_order"": ""skip"", ""variant"": ""official""}","[""config mapping: derived (no official category; vit_2023 transformer config)"", ""attack-off (user decision D20): all attack/falsification stages disabled, see config.attack.overrides"", ""L1 API: explicit solver.alpha-crown.share_alphas=true (ViT ONNX hook is not triggered by native modules); avoids large independent alpha tensors"", ""Python 3.11 typing.override compatibility via typing_extensions (no ACT source change)"", ""float32 stable interpreter; general.double_fp=false; solver.use_float64_in_last_iteration=false"", ""solver.batch_size=16; auto_enlarge_batch_size=false for concurrent GPU memory budget"", ""API CLI biccos_off token selects adapter; actual config is official vit.yaml (BICCOS unchanged)"", ""input route: Python API ABCrownSolver instead of abcrown.py + VNN-LIB (VNN-LIB cannot encode an l1 ball)"", ""ABCrownSolver._build_vnnlib_handler overridden to pass the l1 range dict (X, eps, data_min, data_max)"", ""specification.norm = 1 (the official file is an l_inf VNN-COMP config)"", ""general.adhoc_tuning None: api.py cannot eval Customized(); the vit hook only sets share_alphas when >= 6 MatMul modules exist, and this PyTorch module has 0, so the hook is a no-op here""]",,,93.0,34391.0,official_attack_off_f32_lp1_sharedalpha_batch16,"[""abcrown"",""scratch/text_export/sst_p1/sst_buffet/onnx/sst_d3_L14.onnx"",""scratch/text_export/sst_p1/sst_buffet/vnnlib/query_index_q0044_d3_L14_e45_p1_eps0p2.v1.vnnlib"",30.0,""official_attack_off_f32_lp1_sharedalpha_batch16""]",
sst_p1,45,sst_d3_L13.onnx,query_index_q0045_d3_L13_e1323_p1_eps0p2.v1.vnnlib,unsat,8.357,CERTIFIED,1,30.0,8.357,11.959,3.602,12.965062607079744,0,0,,,Native API unsafe is conservatively UNKNOWN; no unvalidated L1 witness accepted,0,scratch/logs/fse2026/abcrown/sst_p1/00045_lp1_47ovk6z0.log,6b8bbcfac1c01da1cabd240a87e4dce1a65f5a2b,"{""attack"": {""attack_off"": true, ""hook_replacements"": {}, ""overrides"": {""attack"": {""enable_mip_attack"": false, ""input_split_check_adv"": {""enabled"": ""false""}, ""pgd_order"": ""skip""}, ""bab"": {""attack"": {""enabled"": false}, ""branching"": {""input_split"": {""update_rhs_with_attack"": false}}}}}, ""biccos_applicable"": true, ""biccos_effective"": false, ""deviations"": [""config mapping: derived (no official category; vit_2023 transformer config)"", ""attack-off (user decision D20): all attack/falsification stages disabled, see config.attack.overrides"", ""L1 API: explicit solver.alpha-crown.share_alphas=true (ViT ONNX hook is not triggered by native modules); avoids large independent alpha tensors"", ""Python 3.11 typing.override compatibility via typing_extensions (no ACT source change)"", ""float32 stable interpreter; general.double_fp=false; solver.use_float64_in_last_iteration=false"", ""solver.batch_size=16; auto_enlarge_batch_size=false for concurrent GPU memory budget"", ""API CLI biccos_off token selects adapter; actual config is official vit.yaml (BICCOS unchanged)"", ""input route: Python API ABCrownSolver instead of abcrown.py + VNN-LIB (VNN-LIB cannot encode an l1 ball)"", ""ABCrownSolver._build_vnnlib_handler overridden to pass the l1 range dict (X, eps, data_min, data_max)"", ""specification.norm = 1 (the official file is an l_inf VNN-COMP config)"", ""general.adhoc_tuning None: api.py cannot eval Customized(); the vit hook only sets share_alphas when >= 6 MatMul modules exist, and this PyTorch module has 0, so the hook is a no-op here""], ""mapping"": ""derived (no official category; vit_2023 transformer config)"", ""notes"": [], ""official"": ""exp_configs/vnncomp23/vit.yaml"", ""official_biccos"": false, ""official_pgd_order"": ""skip"", ""variant"": ""official""}","[""config mapping: derived (no official category; vit_2023 transformer config)"", ""attack-off (user decision D20): all attack/falsification stages disabled, see config.attack.overrides"", ""L1 API: explicit solver.alpha-crown.share_alphas=true (ViT ONNX hook is not triggered by native modules); avoids large independent alpha tensors"", ""Python 3.11 typing.override compatibility via typing_extensions (no ACT source change)"", ""float32 stable interpreter; general.double_fp=false; solver.use_float64_in_last_iteration=false"", ""solver.batch_size=16; auto_enlarge_batch_size=false for concurrent GPU memory budget"", ""API CLI biccos_off token selects adapter; actual config is official vit.yaml (BICCOS unchanged)"", ""input route: Python API ABCrownSolver instead of abcrown.py + VNN-LIB (VNN-LIB cannot encode an l1 ball)"", ""ABCrownSolver._build_vnnlib_handler overridden to pass the l1 range dict (X, eps, data_min, data_max)"", ""specification.norm = 1 (the official file is an l_inf VNN-COMP config)"", ""general.adhoc_tuning None: api.py cannot eval Customized(); the vit hook only sets share_alphas when >= 6 MatMul modules exist, and this PyTorch module has 0, so the hook is a no-op here""]",,,96.0,53013.0,official_attack_off_f32_lp1_sharedalpha_batch16,"[""abcrown"",""scratch/text_export/sst_p1/sst_buffet/onnx/sst_d3_L13.onnx"",""scratch/text_export/sst_p1/sst_buffet/vnnlib/query_index_q0045_d3_L13_e1323_p1_eps0p2.v1.vnnlib"",30.0,""official_attack_off_f32_lp1_sharedalpha_batch16""]",
sst_p1,46,sst_d3_L15.onnx,query_index_q0046_d3_L15_e875_p1_eps0p2.v1.vnnlib,unsat,5.295,CERTIFIED,1,30.0,5.295,8.456,3.16,9.459721928462386,0,0,,,Native API unsafe is conservatively UNKNOWN; no unvalidated L1 witness accepted,0,scratch/logs/fse2026/abcrown/sst_p1/00046_lp1_jhs77rou.log,6b8bbcfac1c01da1cabd240a87e4dce1a65f5a2b,"{""attack"": {""attack_off"": true, ""hook_replacements"": {}, ""overrides"": {""attack"": {""enable_mip_attack"": false, ""input_split_check_adv"": {""enabled"": ""false""}, ""pgd_order"": ""skip""}, ""bab"": {""attack"": {""enabled"": false}, ""branching"": {""input_split"": {""update_rhs_with_attack"": false}}}}}, ""biccos_applicable"": true, ""biccos_effective"": false, ""deviations"": [""config mapping: derived (no official category; vit_2023 transformer config)"", ""attack-off (user decision D20): all attack/falsification stages disabled, see config.attack.overrides"", ""L1 API: explicit solver.alpha-crown.share_alphas=true (ViT ONNX hook is not triggered by native modules); avoids large independent alpha tensors"", ""Python 3.11 typing.override compatibility via typing_extensions (no ACT source change)"", ""float32 stable interpreter; general.double_fp=false; solver.use_float64_in_last_iteration=false"", ""solver.batch_size=16; auto_enlarge_batch_size=false for concurrent GPU memory budget"", ""API CLI biccos_off token selects adapter; actual config is official vit.yaml (BICCOS unchanged)"", ""input route: Python API ABCrownSolver instead of abcrown.py + VNN-LIB (VNN-LIB cannot encode an l1 ball)"", ""ABCrownSolver._build_vnnlib_handler overridden to pass the l1 range dict (X, eps, data_min, data_max)"", ""specification.norm = 1 (the official file is an l_inf VNN-COMP config)"", ""general.adhoc_tuning None: api.py cannot eval Customized(); the vit hook only sets share_alphas when >= 6 MatMul modules exist, and this PyTorch module has 0, so the hook is a no-op here""], ""mapping"": ""derived (no official category; vit_2023 transformer config)"", ""notes"": [], ""official"": ""exp_configs/vnncomp23/vit.yaml"", ""official_biccos"": false, ""official_pgd_order"": ""skip"", ""variant"": ""official""}","[""config mapping: derived (no official category; vit_2023 transformer config)"", ""attack-off (user decision D20): all attack/falsification stages disabled, see config.attack.overrides"", ""L1 API: explicit solver.alpha-crown.share_alphas=true (ViT ONNX hook is not triggered by native modules); avoids large independent alpha tensors"", ""Python 3.11 typing.override compatibility via typing_extensions (no ACT source change)"", ""float32 stable interpreter; general.double_fp=false; solver.use_float64_in_last_iteration=false"", ""solver.batch_size=16; auto_enlarge_batch_size=false for concurrent GPU memory budget"", ""API CLI biccos_off token selects adapter; actual config is official vit.yaml (BICCOS unchanged)"", ""input route: Python API ABCrownSolver instead of abcrown.py + VNN-LIB (VNN-LIB cannot encode an l1 ball)"", ""ABCrownSolver._build_vnnlib_handler overridden to pass the l1 range dict (X, eps, data_min, data_max)"", ""specification.norm = 1 (the official file is an l_inf VNN-COMP config)"", ""general.adhoc_tuning None: api.py cannot eval Customized(); the vit hook only sets share_alphas when >= 6 MatMul modules exist, and this PyTorch module has 0, so the hook is a no-op here""]",,,84.0,2296.0,official_attack_off_f32_lp1_sharedalpha_batch16,"[""abcrown"",""scratch/text_export/sst_p1/sst_buffet/onnx/sst_d3_L15.onnx"",""scratch/text_export/sst_p1/sst_buffet/vnnlib/query_index_q0046_d3_L15_e875_p1_eps0p2.v1.vnnlib"",30.0,""official_attack_off_f32_lp1_sharedalpha_batch16""]",
sst_p1,47,sst_d3_L9.onnx,query_index_q0047_d3_L9_e818_p1_eps0p2.v1.vnnlib,unsat,1.906,CERTIFIED,1,30.0,1.906,4.941,3.035,5.903914777562022,0,0,,,Native API unsafe is conservatively UNKNOWN; no unvalidated L1 witness accepted,0,scratch/logs/fse2026/abcrown/sst_p1/00047_lp1_vz4cc7vt.log,6b8bbcfac1c01da1cabd240a87e4dce1a65f5a2b,"{""attack"": {""attack_off"": true, ""hook_replacements"": {}, ""overrides"": {""attack"": {""enable_mip_attack"": false, ""input_split_check_adv"": {""enabled"": ""false""}, ""pgd_order"": ""skip""}, ""bab"": {""attack"": {""enabled"": false}, ""branching"": {""input_split"": {""update_rhs_with_attack"": false}}}}}, ""biccos_applicable"": true, ""biccos_effective"": false, ""deviations"": [""config mapping: derived (no official category; vit_2023 transformer config)"", ""attack-off (user decision D20): all attack/falsification stages disabled, see config.attack.overrides"", ""L1 API: explicit solver.alpha-crown.share_alphas=true (ViT ONNX hook is not triggered by native modules); avoids large independent alpha tensors"", ""Python 3.11 typing.override compatibility via typing_extensions (no ACT source change)"", ""float32 stable interpreter; general.double_fp=false; solver.use_float64_in_last_iteration=false"", ""solver.batch_size=16; auto_enlarge_batch_size=false for concurrent GPU memory budget"", ""API CLI biccos_off token selects adapter; actual config is official vit.yaml (BICCOS unchanged)"", ""input route: Python API ABCrownSolver instead of abcrown.py + VNN-LIB (VNN-LIB cannot encode an l1 ball)"", ""ABCrownSolver._build_vnnlib_handler overridden to pass the l1 range dict (X, eps, data_min, data_max)"", ""specification.norm = 1 (the official file is an l_inf VNN-COMP config)"", ""general.adhoc_tuning None: api.py cannot eval Customized(); the vit hook only sets share_alphas when >= 6 MatMul modules exist, and this PyTorch module has 0, so the hook is a no-op here""], ""mapping"": ""derived (no official category; vit_2023 transformer config)"", ""notes"": [], ""official"": ""exp_configs/vnncomp23/vit.yaml"", ""official_biccos"": false, ""official_pgd_order"": ""skip"", ""variant"": ""official""}","[""config mapping: derived (no official category; vit_2023 transformer config)"", ""attack-off (user decision D20): all attack/falsification stages disabled, see config.attack.overrides"", ""L1 API: explicit solver.alpha-crown.share_alphas=true (ViT ONNX hook is not triggered by native modules); avoids large independent alpha tensors"", ""Python 3.11 typing.override compatibility via typing_extensions (no ACT source change)"", ""float32 stable interpreter; general.double_fp=false; solver.use_float64_in_last_iteration=false"", ""solver.batch_size=16; auto_enlarge_batch_size=false for concurrent GPU memory budget"", ""API CLI biccos_off token selects adapter; actual config is official vit.yaml (BICCOS unchanged)"", ""input route: Python API ABCrownSolver instead of abcrown.py + VNN-LIB (VNN-LIB cannot encode an l1 ball)"", ""ABCrownSolver._build_vnnlib_handler overridden to pass the l1 range dict (X, eps, data_min, data_max)"", ""specification.norm = 1 (the official file is an l_inf VNN-COMP config)"", ""general.adhoc_tuning None: api.py cannot eval Customized(); the vit hook only sets share_alphas when >= 6 MatMul modules exist, and this PyTorch module has 0, so the hook is a no-op here""]",,,38.0,6700.0,official_attack_off_f32_lp1_sharedalpha_batch16,"[""abcrown"",""scratch/text_export/sst_p1/sst_buffet/onnx/sst_d3_L9.onnx"",""scratch/text_export/sst_p1/sst_buffet/vnnlib/query_index_q0047_d3_L9_e818_p1_eps0p2.v1.vnnlib"",30.0,""official_attack_off_f32_lp1_sharedalpha_batch16""]",
sst_p1,48,sst_d3_L11.onnx,query_index_q0048_d3_L11_e1783_p1_eps0p2.v1.vnnlib,unsat,3.372,CERTIFIED,1,30.0,3.372,6.575,3.203,7.556752257049084,0,0,,,Native API unsafe is conservatively UNKNOWN; no unvalidated L1 witness accepted,0,scratch/logs/fse2026/abcrown/sst_p1/00048_lp1_iryc3ggj.log,6b8bbcfac1c01da1cabd240a87e4dce1a65f5a2b,"{""attack"": {""attack_off"": true, ""hook_replacements"": {}, ""overrides"": {""attack"": {""enable_mip_attack"": false, ""input_split_check_adv"": {""enabled"": ""false""}, ""pgd_order"": ""skip""}, ""bab"": {""attack"": {""enabled"": false}, ""branching"": {""input_split"": {""update_rhs_with_attack"": false}}}}}, ""biccos_applicable"": true, ""biccos_effective"": false, ""deviations"": [""config mapping: derived (no official category; vit_2023 transformer config)"", ""attack-off (user decision D20): all attack/falsification stages disabled, see config.attack.overrides"", ""L1 API: explicit solver.alpha-crown.share_alphas=true (ViT ONNX hook is not triggered by native modules); avoids large independent alpha tensors"", ""Python 3.11 typing.override compatibility via typing_extensions (no ACT source change)"", ""float32 stable interpreter; general.double_fp=false; solver.use_float64_in_last_iteration=false"", ""solver.batch_size=16; auto_enlarge_batch_size=false for concurrent GPU memory budget"", ""API CLI biccos_off token selects adapter; actual config is official vit.yaml (BICCOS unchanged)"", ""input route: Python API ABCrownSolver instead of abcrown.py + VNN-LIB (VNN-LIB cannot encode an l1 ball)"", ""ABCrownSolver._build_vnnlib_handler overridden to pass the l1 range dict (X, eps, data_min, data_max)"", ""specification.norm = 1 (the official file is an l_inf VNN-COMP config)"", ""general.adhoc_tuning None: api.py cannot eval Customized(); the vit hook only sets share_alphas when >= 6 MatMul modules exist, and this PyTorch module has 0, so the hook is a no-op here""], ""mapping"": ""derived (no official category; vit_2023 transformer config)"", ""notes"": [], ""official"": ""exp_configs/vnncomp23/vit.yaml"", ""official_biccos"": false, ""official_pgd_order"": ""skip"", ""variant"": ""official""}","[""config mapping: derived (no official category; vit_2023 transformer config)"", ""attack-off (user decision D20): all attack/falsification stages disabled, see config.attack.overrides"", ""L1 API: explicit solver.alpha-crown.share_alphas=true (ViT ONNX hook is not triggered by native modules); avoids large independent alpha tensors"", ""Python 3.11 typing.override compatibility via typing_extensions (no ACT source change)"", ""float32 stable interpreter; general.double_fp=false; solver.use_float64_in_last_iteration=false"", ""solver.batch_size=16; auto_enlarge_batch_size=false for concurrent GPU memory budget"", ""API CLI biccos_off token selects adapter; actual config is official vit.yaml (BICCOS unchanged)"", ""input route: Python API ABCrownSolver instead of abcrown.py + VNN-LIB (VNN-LIB cannot encode an l1 ball)"", ""ABCrownSolver._build_vnnlib_handler overridden to pass the l1 range dict (X, eps, data_min, data_max)"", ""specification.norm = 1 (the official file is an l_inf VNN-COMP config)"", ""general.adhoc_tuning None: api.py cannot eval Customized(); the vit hook only sets share_alphas when >= 6 MatMul modules exist, and this PyTorch module has 0, so the hook is a no-op here""]",,,97.0,4366.0,official_attack_off_f32_lp1_sharedalpha_batch16,"[""abcrown"",""scratch/text_export/sst_p1/sst_buffet/onnx/sst_d3_L11.onnx"",""scratch/text_export/sst_p1/sst_buffet/vnnlib/query_index_q0048_d3_L11_e1783_p1_eps0p2.v1.vnnlib"",30.0,""official_attack_off_f32_lp1_sharedalpha_batch16""]",
sst_p1,49,sst_d3_L14.onnx,query_index_q0049_d3_L14_e1193_p1_eps0p2.v1.vnnlib,unknown,32.114,UNKNOWN,0,30.0,32.114,35.321,3.207,36.35542055033147,1,0,,,Native API unsafe is conservatively UNKNOWN; no unvalidated L1 witness accepted,0,scratch/logs/fse2026/abcrown/sst_p1/00049_lp1_hs7bkfi5.log,6b8bbcfac1c01da1cabd240a87e4dce1a65f5a2b,"{""attack"": {""attack_off"": true, ""hook_replacements"": {}, ""overrides"": {""attack"": {""enable_mip_attack"": false, ""input_split_check_adv"": {""enabled"": ""false""}, ""pgd_order"": ""skip""}, ""bab"": {""attack"": {""enabled"": false}, ""branching"": {""input_split"": {""update_rhs_with_attack"": false}}}}}, ""biccos_applicable"": true, ""biccos_effective"": false, ""deviations"": [""config mapping: derived (no official category; vit_2023 transformer config)"", ""attack-off (user decision D20): all attack/falsification stages disabled, see config.attack.overrides"", ""L1 API: explicit solver.alpha-crown.share_alphas=true (ViT ONNX hook is not triggered by native modules); avoids large independent alpha tensors"", ""Python 3.11 typing.override compatibility via typing_extensions (no ACT source change)"", ""float32 stable interpreter; general.double_fp=false; solver.use_float64_in_last_iteration=false"", ""solver.batch_size=16; auto_enlarge_batch_size=false for concurrent GPU memory budget"", ""API CLI biccos_off token selects adapter; actual config is official vit.yaml (BICCOS unchanged)"", ""input route: Python API ABCrownSolver instead of abcrown.py + VNN-LIB (VNN-LIB cannot encode an l1 ball)"", ""ABCrownSolver._build_vnnlib_handler overridden to pass the l1 range dict (X, eps, data_min, data_max)"", ""specification.norm = 1 (the official file is an l_inf VNN-COMP config)"", ""general.adhoc_tuning None: api.py cannot eval Customized(); the vit hook only sets share_alphas when >= 6 MatMul modules exist, and this PyTorch module has 0, so the hook is a no-op here""], ""mapping"": ""derived (no official category; vit_2023 transformer config)"", ""notes"": [], ""official"": ""exp_configs/vnncomp23/vit.yaml"", ""official_biccos"": false, ""official_pgd_order"": ""skip"", ""variant"": ""official""}","[""config mapping: derived (no official category; vit_2023 transformer config)"", ""attack-off (user decision D20): all attack/falsification stages disabled, see config.attack.overrides"", ""L1 API: explicit solver.alpha-crown.share_alphas=true (ViT ONNX hook is not triggered by native modules); avoids large independent alpha tensors"", ""Python 3.11 typing.override compatibility via typing_extensions (no ACT source change)"", ""float32 stable interpreter; general.double_fp=false; solver.use_float64_in_last_iteration=false"", ""solver.batch_size=16; auto_enlarge_batch_size=false for concurrent GPU memory budget"", ""API CLI biccos_off token selects adapter; actual config is official vit.yaml (BICCOS unchanged)"", ""input route: Python API ABCrownSolver instead of abcrown.py + VNN-LIB (VNN-LIB cannot encode an l1 ball)"", ""ABCrownSolver._build_vnnlib_handler overridden to pass the l1 range dict (X, eps, data_min, data_max)"", ""specification.norm = 1 (the official file is an l_inf VNN-COMP config)"", ""general.adhoc_tuning None: api.py cannot eval Customized(); the vit hook only sets share_alphas when >= 6 MatMul modules exist, and this PyTorch module has 0, so the hook is a no-op here""]",,,96.0,13376.0,official_attack_off_f32_lp1_sharedalpha_batch16,"[""abcrown"",""scratch/text_export/sst_p1/sst_buffet/onnx/sst_d3_L14.onnx"",""scratch/text_export/sst_p1/sst_buffet/vnnlib/query_index_q0049_d3_L14_e1193_p1_eps0p2.v1.vnnlib"",30.0,""official_attack_off_f32_lp1_sharedalpha_batch16""]",
sst_p1,50,sst_d3_L20.onnx,query_index_q0050_d3_L20_e1155_p1_eps0p3.v1.vnnlib,unsat,2.794,CERTIFIED,1,30.0,2.794,6.404,3.61,7.408069437369704,0,0,,,Native API unsafe is conservatively UNKNOWN; no unvalidated L1 witness accepted,0,scratch/logs/fse2026/abcrown/sst_p1/00050_lp1_75lgdpms.log,6b8bbcfac1c01da1cabd240a87e4dce1a65f5a2b,"{""attack"": {""attack_off"": true, ""hook_replacements"": {}, ""overrides"": {""attack"": {""enable_mip_attack"": false, ""input_split_check_adv"": {""enabled"": ""false""}, ""pgd_order"": ""skip""}, ""bab"": {""attack"": {""enabled"": false}, ""branching"": {""input_split"": {""update_rhs_with_attack"": false}}}}}, ""biccos_applicable"": true, ""biccos_effective"": false, ""deviations"": [""config mapping: derived (no official category; vit_2023 transformer config)"", ""attack-off (user decision D20): all attack/falsification stages disabled, see config.attack.overrides"", ""L1 API: explicit solver.alpha-crown.share_alphas=true (ViT ONNX hook is not triggered by native modules); avoids large independent alpha tensors"", ""Python 3.11 typing.override compatibility via typing_extensions (no ACT source change)"", ""float32 stable interpreter; general.double_fp=false; solver.use_float64_in_last_iteration=false"", ""solver.batch_size=16; auto_enlarge_batch_size=false for concurrent GPU memory budget"", ""API CLI biccos_off token selects adapter; actual config is official vit.yaml (BICCOS unchanged)"", ""input route: Python API ABCrownSolver instead of abcrown.py + VNN-LIB (VNN-LIB cannot encode an l1 ball)"", ""ABCrownSolver._build_vnnlib_handler overridden to pass the l1 range dict (X, eps, data_min, data_max)"", ""specification.norm = 1 (the official file is an l_inf VNN-COMP config)"", ""general.adhoc_tuning None: api.py cannot eval Customized(); the vit hook only sets share_alphas when >= 6 MatMul modules exist, and this PyTorch module has 0, so the hook is a no-op here""], ""mapping"": ""derived (no official category; vit_2023 transformer config)"", ""notes"": [], ""official"": ""exp_configs/vnncomp23/vit.yaml"", ""official_biccos"": false, ""official_pgd_order"": ""skip"", ""variant"": ""official""}","[""config mapping: derived (no official category; vit_2023 transformer config)"", ""attack-off (user decision D20): all attack/falsification stages disabled, see config.attack.overrides"", ""L1 API: explicit solver.alpha-crown.share_alphas=true (ViT ONNX hook is not triggered by native modules); avoids large independent alpha tensors"", ""Python 3.11 typing.override compatibility via typing_extensions (no ACT source change)"", ""float32 stable interpreter; general.double_fp=false; solver.use_float64_in_last_iteration=false"", ""solver.batch_size=16; auto_enlarge_batch_size=false for concurrent GPU memory budget"", ""API CLI biccos_off token selects adapter; actual config is official vit.yaml (BICCOS unchanged)"", ""input route: Python API ABCrownSolver instead of abcrown.py + VNN-LIB (VNN-LIB cannot encode an l1 ball)"", ""ABCrownSolver._build_vnnlib_handler overridden to pass the l1 range dict (X, eps, data_min, data_max)"", ""specification.norm = 1 (the official file is an l_inf VNN-COMP config)"", ""general.adhoc_tuning None: api.py cannot eval Customized(); the vit hook only sets share_alphas when >= 6 MatMul modules exist, and this PyTorch module has 0, so the hook is a no-op here""]",,,100.0,46760.0,official_attack_off_f32_lp1_sharedalpha_batch16,"[""abcrown"",""scratch/text_export/sst_p1/sst_buffet/onnx/sst_d3_L20.onnx"",""scratch/text_export/sst_p1/sst_buffet/vnnlib/query_index_q0050_d3_L20_e1155_p1_eps0p3.v1.vnnlib"",30.0,""official_attack_off_f32_lp1_sharedalpha_batch16""]",
sst_p1,51,sst_d3_L19.onnx,query_index_q0051_d3_L19_e567_p1_eps0p3.v1.vnnlib,unsat,6.313,CERTIFIED,1,30.0,6.313,9.378,3.066,10.413649763911963,0,0,,,Native API unsafe is conservatively UNKNOWN; no unvalidated L1 witness accepted,0,scratch/logs/fse2026/abcrown/sst_p1/00051_lp1_0h1aufs4.log,6b8bbcfac1c01da1cabd240a87e4dce1a65f5a2b,"{""attack"": {""attack_off"": true, ""hook_replacements"": {}, ""overrides"": {""attack"": {""enable_mip_attack"": false, ""input_split_check_adv"": {""enabled"": ""false""}, ""pgd_order"": ""skip""}, ""bab"": {""attack"": {""enabled"": false}, ""branching"": {""input_split"": {""update_rhs_with_attack"": false}}}}}, ""biccos_applicable"": true, ""biccos_effective"": false, ""deviations"": [""config mapping: derived (no official category; vit_2023 transformer config)"", ""attack-off (user decision D20): all attack/falsification stages disabled, see config.attack.overrides"", ""L1 API: explicit solver.alpha-crown.share_alphas=true (ViT ONNX hook is not triggered by native modules); avoids large independent alpha tensors"", ""Python 3.11 typing.override compatibility via typing_extensions (no ACT source change)"", ""float32 stable interpreter; general.double_fp=false; solver.use_float64_in_last_iteration=false"", ""solver.batch_size=16; auto_enlarge_batch_size=false for concurrent GPU memory budget"", ""API CLI biccos_off token selects adapter; actual config is official vit.yaml (BICCOS unchanged)"", ""input route: Python API ABCrownSolver instead of abcrown.py + VNN-LIB (VNN-LIB cannot encode an l1 ball)"", ""ABCrownSolver._build_vnnlib_handler overridden to pass the l1 range dict (X, eps, data_min, data_max)"", ""specification.norm = 1 (the official file is an l_inf VNN-COMP config)"", ""general.adhoc_tuning None: api.py cannot eval Customized(); the vit hook only sets share_alphas when >= 6 MatMul modules exist, and this PyTorch module has 0, so the hook is a no-op here""], ""mapping"": ""derived (no official category; vit_2023 transformer config)"", ""notes"": [], ""official"": ""exp_configs/vnncomp23/vit.yaml"", ""official_biccos"": false, ""official_pgd_order"": ""skip"", ""variant"": ""official""}","[""config mapping: derived (no official category; vit_2023 transformer config)"", ""attack-off (user decision D20): all attack/falsification stages disabled, see config.attack.overrides"", ""L1 API: explicit solver.alpha-crown.share_alphas=true (ViT ONNX hook is not triggered by native modules); avoids large independent alpha tensors"", ""Python 3.11 typing.override compatibility via typing_extensions (no ACT source change)"", ""float32 stable interpreter; general.double_fp=false; solver.use_float64_in_last_iteration=false"", ""solver.batch_size=16; auto_enlarge_batch_size=false for concurrent GPU memory budget"", ""API CLI biccos_off token selects adapter; actual config is official vit.yaml (BICCOS unchanged)"", ""input route: Python API ABCrownSolver instead of abcrown.py + VNN-LIB (VNN-LIB cannot encode an l1 ball)"", ""ABCrownSolver._build_vnnlib_handler overridden to pass the l1 range dict (X, eps, data_min, data_max)"", ""specification.norm = 1 (the official file is an l_inf VNN-COMP config)"", ""general.adhoc_tuning None: api.py cannot eval Customized(); the vit hook only sets share_alphas when >= 6 MatMul modules exist, and this PyTorch module has 0, so the hook is a no-op here""]",,,0.0,646.0,official_attack_off_f32_lp1_sharedalpha_batch16,"[""abcrown"",""scratch/text_export/sst_p1/sst_buffet/onnx/sst_d3_L19.onnx"",""scratch/text_export/sst_p1/sst_buffet/vnnlib/query_index_q0051_d3_L19_e567_p1_eps0p3.v1.vnnlib"",30.0,""official_attack_off_f32_lp1_sharedalpha_batch16""]",
sst_p1,52,sst_d3_L16.onnx,query_index_q0052_d3_L16_e1599_p1_eps0p3.v1.vnnlib,unsat,6.081,CERTIFIED,1,30.0,6.081,9.541,3.46,10.613862616941333,0,0,,,Native API unsafe is conservatively UNKNOWN; no unvalidated L1 witness accepted,0,scratch/logs/fse2026/abcrown/sst_p1/00052_lp1_4l21e_59.log,6b8bbcfac1c01da1cabd240a87e4dce1a65f5a2b,"{""attack"": {""attack_off"": true, ""hook_replacements"": {}, ""overrides"": {""attack"": {""enable_mip_attack"": false, ""input_split_check_adv"": {""enabled"": ""false""}, ""pgd_order"": ""skip""}, ""bab"": {""attack"": {""enabled"": false}, ""branching"": {""input_split"": {""update_rhs_with_attack"": false}}}}}, ""biccos_applicable"": true, ""biccos_effective"": false, ""deviations"": [""config mapping: derived (no official category; vit_2023 transformer config)"", ""attack-off (user decision D20): all attack/falsification stages disabled, see config.attack.overrides"", ""L1 API: explicit solver.alpha-crown.share_alphas=true (ViT ONNX hook is not triggered by native modules); avoids large independent alpha tensors"", ""Python 3.11 typing.override compatibility via typing_extensions (no ACT source change)"", ""float32 stable interpreter; general.double_fp=false; solver.use_float64_in_last_iteration=false"", ""solver.batch_size=16; auto_enlarge_batch_size=false for concurrent GPU memory budget"", ""API CLI biccos_off token selects adapter; actual config is official vit.yaml (BICCOS unchanged)"", ""input route: Python API ABCrownSolver instead of abcrown.py + VNN-LIB (VNN-LIB cannot encode an l1 ball)"", ""ABCrownSolver._build_vnnlib_handler overridden to pass the l1 range dict (X, eps, data_min, data_max)"", ""specification.norm = 1 (the official file is an l_inf VNN-COMP config)"", ""general.adhoc_tuning None: api.py cannot eval Customized(); the vit hook only sets share_alphas when >= 6 MatMul modules exist, and this PyTorch module has 0, so the hook is a no-op here""], ""mapping"": ""derived (no official category; vit_2023 transformer config)"", ""notes"": [], ""official"": ""exp_configs/vnncomp23/vit.yaml"", ""official_biccos"": false, ""official_pgd_order"": ""skip"", ""variant"": ""official""}","[""config mapping: derived (no official category; vit_2023 transformer config)"", ""attack-off (user decision D20): all attack/falsification stages disabled, see config.attack.overrides"", ""L1 API: explicit solver.alpha-crown.share_alphas=true (ViT ONNX hook is not triggered by native modules); avoids large independent alpha tensors"", ""Python 3.11 typing.override compatibility via typing_extensions (no ACT source change)"", ""float32 stable interpreter; general.double_fp=false; solver.use_float64_in_last_iteration=false"", ""solver.batch_size=16; auto_enlarge_batch_size=false for concurrent GPU memory budget"", ""API CLI biccos_off token selects adapter; actual config is official vit.yaml (BICCOS unchanged)"", ""input route: Python API ABCrownSolver instead of abcrown.py + VNN-LIB (VNN-LIB cannot encode an l1 ball)"", ""ABCrownSolver._build_vnnlib_handler overridden to pass the l1 range dict (X, eps, data_min, data_max)"", ""specification.norm = 1 (the official file is an l_inf VNN-COMP config)"", ""general.adhoc_tuning None: api.py cannot eval Customized(); the vit hook only sets share_alphas when >= 6 MatMul modules exist, and this PyTorch module has 0, so the hook is a no-op here""]",,,96.0,40798.0,official_attack_off_f32_lp1_sharedalpha_batch16,"[""abcrown"",""scratch/text_export/sst_p1/sst_buffet/onnx/sst_d3_L16.onnx"",""scratch/text_export/sst_p1/sst_buffet/vnnlib/query_index_q0052_d3_L16_e1599_p1_eps0p3.v1.vnnlib"",30.0,""official_attack_off_f32_lp1_sharedalpha_batch16""]",
sst_p1,53,sst_d3_L5.onnx,query_index_q0053_d3_L5_e1251_p1_eps0p3.v1.vnnlib,unsat,3.732,CERTIFIED,1,30.0,3.732,7.211,3.478,8.302128989249468,0,0,,,Native API unsafe is conservatively UNKNOWN; no unvalidated L1 witness accepted,0,scratch/logs/fse2026/abcrown/sst_p1/00053_lp1_8mzumog3.log,6b8bbcfac1c01da1cabd240a87e4dce1a65f5a2b,"{""attack"": {""attack_off"": true, ""hook_replacements"": {}, ""overrides"": {""attack"": {""enable_mip_attack"": false, ""input_split_check_adv"": {""enabled"": ""false""}, ""pgd_order"": ""skip""}, ""bab"": {""attack"": {""enabled"": false}, ""branching"": {""input_split"": {""update_rhs_with_attack"": false}}}}}, ""biccos_applicable"": true, ""biccos_effective"": false, ""deviations"": [""config mapping: derived (no official category; vit_2023 transformer config)"", ""attack-off (user decision D20): all attack/falsification stages disabled, see config.attack.overrides"", ""L1 API: explicit solver.alpha-crown.share_alphas=true (ViT ONNX hook is not triggered by native modules); avoids large independent alpha tensors"", ""Python 3.11 typing.override compatibility via typing_extensions (no ACT source change)"", ""float32 stable interpreter; general.double_fp=false; solver.use_float64_in_last_iteration=false"", ""solver.batch_size=16; auto_enlarge_batch_size=false for concurrent GPU memory budget"", ""API CLI biccos_off token selects adapter; actual config is official vit.yaml (BICCOS unchanged)"", ""input route: Python API ABCrownSolver instead of abcrown.py + VNN-LIB (VNN-LIB cannot encode an l1 ball)"", ""ABCrownSolver._build_vnnlib_handler overridden to pass the l1 range dict (X, eps, data_min, data_max)"", ""specification.norm = 1 (the official file is an l_inf VNN-COMP config)"", ""general.adhoc_tuning None: api.py cannot eval Customized(); the vit hook only sets share_alphas when >= 6 MatMul modules exist, and this PyTorch module has 0, so the hook is a no-op here""], ""mapping"": ""derived (no official category; vit_2023 transformer config)"", ""notes"": [], ""official"": ""exp_configs/vnncomp23/vit.yaml"", ""official_biccos"": false, ""official_pgd_order"": ""skip"", ""variant"": ""official""}","[""config mapping: derived (no official category; vit_2023 transformer config)"", ""attack-off (user decision D20): all attack/falsification stages disabled, see config.attack.overrides"", ""L1 API: explicit solver.alpha-crown.share_alphas=true (ViT ONNX hook is not triggered by native modules); avoids large independent alpha tensors"", ""Python 3.11 typing.override compatibility via typing_extensions (no ACT source change)"", ""float32 stable interpreter; general.double_fp=false; solver.use_float64_in_last_iteration=false"", ""solver.batch_size=16; auto_enlarge_batch_size=false for concurrent GPU memory budget"", ""API CLI biccos_off token selects adapter; actual config is official vit.yaml (BICCOS unchanged)"", ""input route: Python API ABCrownSolver instead of abcrown.py + VNN-LIB (VNN-LIB cannot encode an l1 ball)"", ""ABCrownSolver._build_vnnlib_handler overridden to pass the l1 range dict (X, eps, data_min, data_max)"", ""specification.norm = 1 (the official file is an l_inf VNN-COMP config)"", ""general.adhoc_tuning None: api.py cannot eval Customized(); the vit hook only sets share_alphas when >= 6 MatMul modules exist, and this PyTorch module has 0, so the hook is a no-op here""]",,,97.0,48044.0,official_attack_off_f32_lp1_sharedalpha_batch16,"[""abcrown"",""scratch/text_export/sst_p1/sst_buffet/onnx/sst_d3_L5.onnx"",""scratch/text_export/sst_p1/sst_buffet/vnnlib/query_index_q0053_d3_L5_e1251_p1_eps0p3.v1.vnnlib"",30.0,""official_attack_off_f32_lp1_sharedalpha_batch16""]",
sst_p1,54,sst_d3_L14.onnx,query_index_q0054_d3_L14_e45_p1_eps0p3.v1.vnnlib,unsat,7.281,CERTIFIED,1,30.0,7.281,10.86,3.579,11.964854005724192,0,0,,,Native API unsafe is conservatively UNKNOWN; no unvalidated L1 witness accepted,0,scratch/logs/fse2026/abcrown/sst_p1/00054_lp1_76i1g9gw.log,6b8bbcfac1c01da1cabd240a87e4dce1a65f5a2b,"{""attack"": {""attack_off"": true, ""hook_replacements"": {}, ""overrides"": {""attack"": {""enable_mip_attack"": false, ""input_split_check_adv"": {""enabled"": ""false""}, ""pgd_order"": ""skip""}, ""bab"": {""attack"": {""enabled"": false}, ""branching"": {""input_split"": {""update_rhs_with_attack"": false}}}}}, ""biccos_applicable"": true, ""biccos_effective"": false, ""deviations"": [""config mapping: derived (no official category; vit_2023 transformer config)"", ""attack-off (user decision D20): all attack/falsification stages disabled, see config.attack.overrides"", ""L1 API: explicit solver.alpha-crown.share_alphas=true (ViT ONNX hook is not triggered by native modules); avoids large independent alpha tensors"", ""Python 3.11 typing.override compatibility via typing_extensions (no ACT source change)"", ""float32 stable interpreter; general.double_fp=false; solver.use_float64_in_last_iteration=false"", ""solver.batch_size=16; auto_enlarge_batch_size=false for concurrent GPU memory budget"", ""API CLI biccos_off token selects adapter; actual config is official vit.yaml (BICCOS unchanged)"", ""input route: Python API ABCrownSolver instead of abcrown.py + VNN-LIB (VNN-LIB cannot encode an l1 ball)"", ""ABCrownSolver._build_vnnlib_handler overridden to pass the l1 range dict (X, eps, data_min, data_max)"", ""specification.norm = 1 (the official file is an l_inf VNN-COMP config)"", ""general.adhoc_tuning None: api.py cannot eval Customized(); the vit hook only sets share_alphas when >= 6 MatMul modules exist, and this PyTorch module has 0, so the hook is a no-op here""], ""mapping"": ""derived (no official category; vit_2023 transformer config)"", ""notes"": [], ""official"": ""exp_configs/vnncomp23/vit.yaml"", ""official_biccos"": false, ""official_pgd_order"": ""skip"", ""variant"": ""official""}","[""config mapping: derived (no official category; vit_2023 transformer config)"", ""attack-off (user decision D20): all attack/falsification stages disabled, see config.attack.overrides"", ""L1 API: explicit solver.alpha-crown.share_alphas=true (ViT ONNX hook is not triggered by native modules); avoids large independent alpha tensors"", ""Python 3.11 typing.override compatibility via typing_extensions (no ACT source change)"", ""float32 stable interpreter; general.double_fp=false; solver.use_float64_in_last_iteration=false"", ""solver.batch_size=16; auto_enlarge_batch_size=false for concurrent GPU memory budget"", ""API CLI biccos_off token selects adapter; actual config is official vit.yaml (BICCOS unchanged)"", ""input route: Python API ABCrownSolver instead of abcrown.py + VNN-LIB (VNN-LIB cannot encode an l1 ball)"", ""ABCrownSolver._build_vnnlib_handler overridden to pass the l1 range dict (X, eps, data_min, data_max)"", ""specification.norm = 1 (the official file is an l_inf VNN-COMP config)"", ""general.adhoc_tuning None: api.py cannot eval Customized(); the vit hook only sets share_alphas when >= 6 MatMul modules exist, and this PyTorch module has 0, so the hook is a no-op here""]",,,100.0,55016.0,official_attack_off_f32_lp1_sharedalpha_batch16,"[""abcrown"",""scratch/text_export/sst_p1/sst_buffet/onnx/sst_d3_L14.onnx"",""scratch/text_export/sst_p1/sst_buffet/vnnlib/query_index_q0054_d3_L14_e45_p1_eps0p3.v1.vnnlib"",30.0,""official_attack_off_f32_lp1_sharedalpha_batch16""]",
sst_p1,55,sst_d3_L13.onnx,query_index_q0055_d3_L13_e1323_p1_eps0p3.v1.vnnlib,unsat,1.069,CERTIFIED,1,30.0,1.069,4.275,3.205,5.405621975660324,0,0,,,Native API unsafe is conservatively UNKNOWN; no unvalidated L1 witness accepted,0,scratch/logs/fse2026/abcrown/sst_p1/00055_lp1_oqkv6j9w.log,6b8bbcfac1c01da1cabd240a87e4dce1a65f5a2b,"{""attack"": {""attack_off"": true, ""hook_replacements"": {}, ""overrides"": {""attack"": {""enable_mip_attack"": false, ""input_split_check_adv"": {""enabled"": ""false""}, ""pgd_order"": ""skip""}, ""bab"": {""attack"": {""enabled"": false}, ""branching"": {""input_split"": {""update_rhs_with_attack"": false}}}}}, ""biccos_applicable"": true, ""biccos_effective"": false, ""deviations"": [""config mapping: derived (no official category; vit_2023 transformer config)"", ""attack-off (user decision D20): all attack/falsification stages disabled, see config.attack.overrides"", ""L1 API: explicit solver.alpha-crown.share_alphas=true (ViT ONNX hook is not triggered by native modules); avoids large independent alpha tensors"", ""Python 3.11 typing.override compatibility via typing_extensions (no ACT source change)"", ""float32 stable interpreter; general.double_fp=false; solver.use_float64_in_last_iteration=false"", ""solver.batch_size=16; auto_enlarge_batch_size=false for concurrent GPU memory budget"", ""API CLI biccos_off token selects adapter; actual config is official vit.yaml (BICCOS unchanged)"", ""input route: Python API ABCrownSolver instead of abcrown.py + VNN-LIB (VNN-LIB cannot encode an l1 ball)"", ""ABCrownSolver._build_vnnlib_handler overridden to pass the l1 range dict (X, eps, data_min, data_max)"", ""specification.norm = 1 (the official file is an l_inf VNN-COMP config)"", ""general.adhoc_tuning None: api.py cannot eval Customized(); the vit hook only sets share_alphas when >= 6 MatMul modules exist, and this PyTorch module has 0, so the hook is a no-op here""], ""mapping"": ""derived (no official category; vit_2023 transformer config)"", ""notes"": [], ""official"": ""exp_configs/vnncomp23/vit.yaml"", ""official_biccos"": false, ""official_pgd_order"": ""skip"", ""variant"": ""official""}","[""config mapping: derived (no official category; vit_2023 transformer config)"", ""attack-off (user decision D20): all attack/falsification stages disabled, see config.attack.overrides"", ""L1 API: explicit solver.alpha-crown.share_alphas=true (ViT ONNX hook is not triggered by native modules); avoids large independent alpha tensors"", ""Python 3.11 typing.override compatibility via typing_extensions (no ACT source change)"", ""float32 stable interpreter; general.double_fp=false; solver.use_float64_in_last_iteration=false"", ""solver.batch_size=16; auto_enlarge_batch_size=false for concurrent GPU memory budget"", ""API CLI biccos_off token selects adapter; actual config is official vit.yaml (BICCOS unchanged)"", ""input route: Python API ABCrownSolver instead of abcrown.py + VNN-LIB (VNN-LIB cannot encode an l1 ball)"", ""ABCrownSolver._build_vnnlib_handler overridden to pass the l1 range dict (X, eps, data_min, data_max)"", ""specification.norm = 1 (the official file is an l_inf VNN-COMP config)"", ""general.adhoc_tuning None: api.py cannot eval Customized(); the vit hook only sets share_alphas when >= 6 MatMul modules exist, and this PyTorch module has 0, so the hook is a no-op here""]",,,92.0,43742.0,official_attack_off_f32_lp1_sharedalpha_batch16,"[""abcrown"",""scratch/text_export/sst_p1/sst_buffet/onnx/sst_d3_L13.onnx"",""scratch/text_export/sst_p1/sst_buffet/vnnlib/query_index_q0055_d3_L13_e1323_p1_eps0p3.v1.vnnlib"",30.0,""official_attack_off_f32_lp1_sharedalpha_batch16""]",
sst_p1,56,sst_d3_L15.onnx,query_index_q0056_d3_L15_e875_p1_eps0p3.v1.vnnlib,unsat,4.441,CERTIFIED,1,30.0,4.441,7.845,3.404,8.91073420085013,0,0,,,Native API unsafe is conservatively UNKNOWN; no unvalidated L1 witness accepted,0,scratch/logs/fse2026/abcrown/sst_p1/00056_lp1_bogl3qq2.log,6b8bbcfac1c01da1cabd240a87e4dce1a65f5a2b,"{""attack"": {""attack_off"": true, ""hook_replacements"": {}, ""overrides"": {""attack"": {""enable_mip_attack"": false, ""input_split_check_adv"": {""enabled"": ""false""}, ""pgd_order"": ""skip""}, ""bab"": {""attack"": {""enabled"": false}, ""branching"": {""input_split"": {""update_rhs_with_attack"": false}}}}}, ""biccos_applicable"": true, ""biccos_effective"": false, ""deviations"": [""config mapping: derived (no official category; vit_2023 transformer config)"", ""attack-off (user decision D20): all attack/falsification stages disabled, see config.attack.overrides"", ""L1 API: explicit solver.alpha-crown.share_alphas=true (ViT ONNX hook is not triggered by native modules); avoids large independent alpha tensors"", ""Python 3.11 typing.override compatibility via typing_extensions (no ACT source change)"", ""float32 stable interpreter; general.double_fp=false; solver.use_float64_in_last_iteration=false"", ""solver.batch_size=16; auto_enlarge_batch_size=false for concurrent GPU memory budget"", ""API CLI biccos_off token selects adapter; actual config is official vit.yaml (BICCOS unchanged)"", ""input route: Python API ABCrownSolver instead of abcrown.py + VNN-LIB (VNN-LIB cannot encode an l1 ball)"", ""ABCrownSolver._build_vnnlib_handler overridden to pass the l1 range dict (X, eps, data_min, data_max)"", ""specification.norm = 1 (the official file is an l_inf VNN-COMP config)"", ""general.adhoc_tuning None: api.py cannot eval Customized(); the vit hook only sets share_alphas when >= 6 MatMul modules exist, and this PyTorch module has 0, so the hook is a no-op here""], ""mapping"": ""derived (no official category; vit_2023 transformer config)"", ""notes"": [], ""official"": ""exp_configs/vnncomp23/vit.yaml"", ""official_biccos"": false, ""official_pgd_order"": ""skip"", ""variant"": ""official""}","[""config mapping: derived (no official category; vit_2023 transformer config)"", ""attack-off (user decision D20): all attack/falsification stages disabled, see config.attack.overrides"", ""L1 API: explicit solver.alpha-crown.share_alphas=true (ViT ONNX hook is not triggered by native modules); avoids large independent alpha tensors"", ""Python 3.11 typing.override compatibility via typing_extensions (no ACT source change)"", ""float32 stable interpreter; general.double_fp=false; solver.use_float64_in_last_iteration=false"", ""solver.batch_size=16; auto_enlarge_batch_size=false for concurrent GPU memory budget"", ""API CLI biccos_off token selects adapter; actual config is official vit.yaml (BICCOS unchanged)"", ""input route: Python API ABCrownSolver instead of abcrown.py + VNN-LIB (VNN-LIB cannot encode an l1 ball)"", ""ABCrownSolver._build_vnnlib_handler overridden to pass the l1 range dict (X, eps, data_min, data_max)"", ""specification.norm = 1 (the official file is an l_inf VNN-COMP config)"", ""general.adhoc_tuning None: api.py cannot eval Customized(); the vit hook only sets share_alphas when >= 6 MatMul modules exist, and this PyTorch module has 0, so the hook is a no-op here""]",,,86.0,15036.0,official_attack_off_f32_lp1_sharedalpha_batch16,"[""abcrown"",""scratch/text_export/sst_p1/sst_buffet/onnx/sst_d3_L15.onnx"",""scratch/text_export/sst_p1/sst_buffet/vnnlib/query_index_q0056_d3_L15_e875_p1_eps0p3.v1.vnnlib"",30.0,""official_attack_off_f32_lp1_sharedalpha_batch16""]",
sst_p1,57,sst_d3_L9.onnx,query_index_q0057_d3_L9_e818_p1_eps0p3.v1.vnnlib,unsat,2.748,CERTIFIED,1,30.0,2.748,5.957,3.209,7.067868819460273,0,0,,,Native API unsafe is conservatively UNKNOWN; no unvalidated L1 witness accepted,0,scratch/logs/fse2026/abcrown/sst_p1/00057_lp1_sv35jzw2.log,6b8bbcfac1c01da1cabd240a87e4dce1a65f5a2b,"{""attack"": {""attack_off"": true, ""hook_replacements"": {}, ""overrides"": {""attack"": {""enable_mip_attack"": false, ""input_split_check_adv"": {""enabled"": ""false""}, ""pgd_order"": ""skip""}, ""bab"": {""attack"": {""enabled"": false}, ""branching"": {""input_split"": {""update_rhs_with_attack"": false}}}}}, ""biccos_applicable"": true, ""biccos_effective"": false, ""deviations"": [""config mapping: derived (no official category; vit_2023 transformer config)"", ""attack-off (user decision D20): all attack/falsification stages disabled, see config.attack.overrides"", ""L1 API: explicit solver.alpha-crown.share_alphas=true (ViT ONNX hook is not triggered by native modules); avoids large independent alpha tensors"", ""Python 3.11 typing.override compatibility via typing_extensions (no ACT source change)"", ""float32 stable interpreter; general.double_fp=false; solver.use_float64_in_last_iteration=false"", ""solver.batch_size=16; auto_enlarge_batch_size=false for concurrent GPU memory budget"", ""API CLI biccos_off token selects adapter; actual config is official vit.yaml (BICCOS unchanged)"", ""input route: Python API ABCrownSolver instead of abcrown.py + VNN-LIB (VNN-LIB cannot encode an l1 ball)"", ""ABCrownSolver._build_vnnlib_handler overridden to pass the l1 range dict (X, eps, data_min, data_max)"", ""specification.norm = 1 (the official file is an l_inf VNN-COMP config)"", ""general.adhoc_tuning None: api.py cannot eval Customized(); the vit hook only sets share_alphas when >= 6 MatMul modules exist, and this PyTorch module has 0, so the hook is a no-op here""], ""mapping"": ""derived (no official category; vit_2023 transformer config)"", ""notes"": [], ""official"": ""exp_configs/vnncomp23/vit.yaml"", ""official_biccos"": false, ""official_pgd_order"": ""skip"", ""variant"": ""official""}","[""config mapping: derived (no official category; vit_2023 transformer config)"", ""attack-off (user decision D20): all attack/falsification stages disabled, see config.attack.overrides"", ""L1 API: explicit solver.alpha-crown.share_alphas=true (ViT ONNX hook is not triggered by native modules); avoids large independent alpha tensors"", ""Python 3.11 typing.override compatibility via typing_extensions (no ACT source change)"", ""float32 stable interpreter; general.double_fp=false; solver.use_float64_in_last_iteration=false"", ""solver.batch_size=16; auto_enlarge_batch_size=false for concurrent GPU memory budget"", ""API CLI biccos_off token selects adapter; actual config is official vit.yaml (BICCOS unchanged)"", ""input route: Python API ABCrownSolver instead of abcrown.py + VNN-LIB (VNN-LIB cannot encode an l1 ball)"", ""ABCrownSolver._build_vnnlib_handler overridden to pass the l1 range dict (X, eps, data_min, data_max)"", ""specification.norm = 1 (the official file is an l_inf VNN-COMP config)"", ""general.adhoc_tuning None: api.py cannot eval Customized(); the vit hook only sets share_alphas when >= 6 MatMul modules exist, and this PyTorch module has 0, so the hook is a no-op here""]",,,82.0,28578.0,official_attack_off_f32_lp1_sharedalpha_batch16,"[""abcrown"",""scratch/text_export/sst_p1/sst_buffet/onnx/sst_d3_L9.onnx"",""scratch/text_export/sst_p1/sst_buffet/vnnlib/query_index_q0057_d3_L9_e818_p1_eps0p3.v1.vnnlib"",30.0,""official_attack_off_f32_lp1_sharedalpha_batch16""]",
sst_p1,58,sst_d3_L11.onnx,query_index_q0058_d3_L11_e1783_p1_eps0p3.v1.vnnlib,unsat,4.109,CERTIFIED,1,30.0,4.109,7.313,3.204,8.359265079721808,0,0,,,Native API unsafe is conservatively UNKNOWN; no unvalidated L1 witness accepted,0,scratch/logs/fse2026/abcrown/sst_p1/00058_lp1_bhalwwm_.log,6b8bbcfac1c01da1cabd240a87e4dce1a65f5a2b,"{""attack"": {""attack_off"": true, ""hook_replacements"": {}, ""overrides"": {""attack"": {""enable_mip_attack"": false, ""input_split_check_adv"": {""enabled"": ""false""}, ""pgd_order"": ""skip""}, ""bab"": {""attack"": {""enabled"": false}, ""branching"": {""input_split"": {""update_rhs_with_attack"": false}}}}}, ""biccos_applicable"": true, ""biccos_effective"": false, ""deviations"": [""config mapping: derived (no official category; vit_2023 transformer config)"", ""attack-off (user decision D20): all attack/falsification stages disabled, see config.attack.overrides"", ""L1 API: explicit solver.alpha-crown.share_alphas=true (ViT ONNX hook is not triggered by native modules); avoids large independent alpha tensors"", ""Python 3.11 typing.override compatibility via typing_extensions (no ACT source change)"", ""float32 stable interpreter; general.double_fp=false; solver.use_float64_in_last_iteration=false"", ""solver.batch_size=16; auto_enlarge_batch_size=false for concurrent GPU memory budget"", ""API CLI biccos_off token selects adapter; actual config is official vit.yaml (BICCOS unchanged)"", ""input route: Python API ABCrownSolver instead of abcrown.py + VNN-LIB (VNN-LIB cannot encode an l1 ball)"", ""ABCrownSolver._build_vnnlib_handler overridden to pass the l1 range dict (X, eps, data_min, data_max)"", ""specification.norm = 1 (the official file is an l_inf VNN-COMP config)"", ""general.adhoc_tuning None: api.py cannot eval Customized(); the vit hook only sets share_alphas when >= 6 MatMul modules exist, and this PyTorch module has 0, so the hook is a no-op here""], ""mapping"": ""derived (no official category; vit_2023 transformer config)"", ""notes"": [], ""official"": ""exp_configs/vnncomp23/vit.yaml"", ""official_biccos"": false, ""official_pgd_order"": ""skip"", ""variant"": ""official""}","[""config mapping: derived (no official category; vit_2023 transformer config)"", ""attack-off (user decision D20): all attack/falsification stages disabled, see config.attack.overrides"", ""L1 API: explicit solver.alpha-crown.share_alphas=true (ViT ONNX hook is not triggered by native modules); avoids large independent alpha tensors"", ""Python 3.11 typing.override compatibility via typing_extensions (no ACT source change)"", ""float32 stable interpreter; general.double_fp=false; solver.use_float64_in_last_iteration=false"", ""solver.batch_size=16; auto_enlarge_batch_size=false for concurrent GPU memory budget"", ""API CLI biccos_off token selects adapter; actual config is official vit.yaml (BICCOS unchanged)"", ""input route: Python API ABCrownSolver instead of abcrown.py + VNN-LIB (VNN-LIB cannot encode an l1 ball)"", ""ABCrownSolver._build_vnnlib_handler overridden to pass the l1 range dict (X, eps, data_min, data_max)"", ""specification.norm = 1 (the official file is an l_inf VNN-COMP config)"", ""general.adhoc_tuning None: api.py cannot eval Customized(); the vit hook only sets share_alphas when >= 6 MatMul modules exist, and this PyTorch module has 0, so the hook is a no-op here""]",,,96.0,23186.0,official_attack_off_f32_lp1_sharedalpha_batch16,"[""abcrown"",""scratch/text_export/sst_p1/sst_buffet/onnx/sst_d3_L11.onnx"",""scratch/text_export/sst_p1/sst_buffet/vnnlib/query_index_q0058_d3_L11_e1783_p1_eps0p3.v1.vnnlib"",30.0,""official_attack_off_f32_lp1_sharedalpha_batch16""]",
sst_p1,59,sst_d3_L14.onnx,query_index_q0059_d3_L14_e1193_p1_eps0p3.v1.vnnlib,unknown,37.162,UNKNOWN,0,30.0,37.162,40.713,3.55,41.76628774031997,1,0,,,Native API unsafe is conservatively UNKNOWN; no unvalidated L1 witness accepted,0,scratch/logs/fse2026/abcrown/sst_p1/00059_lp1_t9yrzafj.log,6b8bbcfac1c01da1cabd240a87e4dce1a65f5a2b,"{""attack"": {""attack_off"": true, ""hook_replacements"": {}, ""overrides"": {""attack"": {""enable_mip_attack"": false, ""input_split_check_adv"": {""enabled"": ""false""}, ""pgd_order"": ""skip""}, ""bab"": {""attack"": {""enabled"": false}, ""branching"": {""input_split"": {""update_rhs_with_attack"": false}}}}}, ""biccos_applicable"": true, ""biccos_effective"": false, ""deviations"": [""config mapping: derived (no official category; vit_2023 transformer config)"", ""attack-off (user decision D20): all attack/falsification stages disabled, see config.attack.overrides"", ""L1 API: explicit solver.alpha-crown.share_alphas=true (ViT ONNX hook is not triggered by native modules); avoids large independent alpha tensors"", ""Python 3.11 typing.override compatibility via typing_extensions (no ACT source change)"", ""float32 stable interpreter; general.double_fp=false; solver.use_float64_in_last_iteration=false"", ""solver.batch_size=16; auto_enlarge_batch_size=false for concurrent GPU memory budget"", ""API CLI biccos_off token selects adapter; actual config is official vit.yaml (BICCOS unchanged)"", ""input route: Python API ABCrownSolver instead of abcrown.py + VNN-LIB (VNN-LIB cannot encode an l1 ball)"", ""ABCrownSolver._build_vnnlib_handler overridden to pass the l1 range dict (X, eps, data_min, data_max)"", ""specification.norm = 1 (the official file is an l_inf VNN-COMP config)"", ""general.adhoc_tuning None: api.py cannot eval Customized(); the vit hook only sets share_alphas when >= 6 MatMul modules exist, and this PyTorch module has 0, so the hook is a no-op here""], ""mapping"": ""derived (no official category; vit_2023 transformer config)"", ""notes"": [], ""official"": ""exp_configs/vnncomp23/vit.yaml"", ""official_biccos"": false, ""official_pgd_order"": ""skip"", ""variant"": ""official""}","[""config mapping: derived (no official category; vit_2023 transformer config)"", ""attack-off (user decision D20): all attack/falsification stages disabled, see config.attack.overrides"", ""L1 API: explicit solver.alpha-crown.share_alphas=true (ViT ONNX hook is not triggered by native modules); avoids large independent alpha tensors"", ""Python 3.11 typing.override compatibility via typing_extensions (no ACT source change)"", ""float32 stable interpreter; general.double_fp=false; solver.use_float64_in_last_iteration=false"", ""solver.batch_size=16; auto_enlarge_batch_size=false for concurrent GPU memory budget"", ""API CLI biccos_off token selects adapter; actual config is official vit.yaml (BICCOS unchanged)"", ""input route: Python API ABCrownSolver instead of abcrown.py + VNN-LIB (VNN-LIB cannot encode an l1 ball)"", ""ABCrownSolver._build_vnnlib_handler overridden to pass the l1 range dict (X, eps, data_min, data_max)"", ""specification.norm = 1 (the official file is an l_inf VNN-COMP config)"", ""general.adhoc_tuning None: api.py cannot eval Customized(); the vit hook only sets share_alphas when >= 6 MatMul modules exist, and this PyTorch module has 0, so the hook is a no-op here""]",,,80.0,19246.0,official_attack_off_f32_lp1_sharedalpha_batch16,"[""abcrown"",""scratch/text_export/sst_p1/sst_buffet/onnx/sst_d3_L14.onnx"",""scratch/text_export/sst_p1/sst_buffet/vnnlib/query_index_q0059_d3_L14_e1193_p1_eps0p3.v1.vnnlib"",30.0,""official_attack_off_f32_lp1_sharedalpha_batch16""]",
