dataset,row,onnx,vnnlib,result,time_sec,status,solved,timeout_s,verification_s,wall_s,prep_s,process_wall_s,over_timeout,witness_n,witness_valid,witness_valid_1e6,witness_note,exit_code,log_path,tool_commit,config,deviations,error_class,error_detail,gpu_util_pct_before,gpu_mem_used_mib_before,variant,key,reused_from_row
sst_pinf,0,sst_d3_L16.onnx,query_index_q0000_d3_L16_e687_p1_eps0p01.v1.vnnlib,unsat,3.1598167419433594,CERTIFIED,1,30.0,3.1598167419433594,7.576,3.97,11.666388992220163,0,0,,,not a FALSIFIED row,0,scratch/logs/fse2026/abcrown/sst_pinf/00000_4d879fd597943285d3a3_z45mhewt.log,6b8bbcfac1c01da1cabd240a87e4dce1a65f5a2b,"{""attack"": {""attack_off"": true, ""hook_replacements"": {}, ""overrides"": {""attack"": {""enable_mip_attack"": false, ""input_split_check_adv"": {""enabled"": ""false""}, ""pgd_order"": ""skip""}, ""bab"": {""attack"": {""enabled"": false}, ""branching"": {""input_split"": {""update_rhs_with_attack"": false}}}}}, ""biccos_applicable"": true, ""biccos_effective"": false, ""derived_path"": ""scratch/rq1_2026_tmp/baselines/abcrown/sst_pinf/00000_4d879fd597943285d3a3_z45mhewt/config.yaml"", ""deviations"": [""config mapping: derived (no official category; vit_2023 transformer config)"", ""attack-off (user decision D20): all attack/falsification stages disabled, see config.attack.overrides"", ""float32: general.double_fp=false; solver.use_float64_in_last_iteration=false; stable_f32 interpreter"", ""solver.batch_size=16; auto_enlarge_batch_size=false for concurrent GPU memory budget""], ""mapping"": ""derived (no official category; vit_2023 transformer config)"", ""notes"": [], ""official"": ""exp_configs/vnncomp23/vit.yaml"", ""official_biccos"": false, ""official_pgd_order"": ""skip"", ""variant"": ""official""}","[""config mapping: derived (no official category; vit_2023 transformer config)"", ""attack-off (user decision D20): all attack/falsification stages disabled, see config.attack.overrides"", ""float32: general.double_fp=false; solver.use_float64_in_last_iteration=false; stable_f32 interpreter"", ""solver.batch_size=16; auto_enlarge_batch_size=false for concurrent GPU memory budget""]",,,13.0,74844.0,official_attack_off_f32,"[""abcrown"",""scratch/text_export/sst_pinf/sst_buffet/onnx/sst_d3_L16.onnx"",""scratch/text_export/sst_pinf/sst_buffet/vnnlib/query_index_q0000_d3_L16_e687_p1_eps0p01.v1.vnnlib"",30.0,""official_attack_off_f32""]",
sst_pinf,1,sst_d3_L16.onnx,query_index_q0001_d3_L16_e35_p1_eps0p01.v1.vnnlib,unsat,1.3972439765930176,CERTIFIED,1,30.0,1.3972439765930176,5.222,3.92,9.26136845164001,0,0,,,not a FALSIFIED row,0,scratch/logs/fse2026/abcrown/sst_pinf/00001_fb60f50dc174358f8814_pihybisg.log,6b8bbcfac1c01da1cabd240a87e4dce1a65f5a2b,"{""attack"": {""attack_off"": true, ""hook_replacements"": {}, ""overrides"": {""attack"": {""enable_mip_attack"": false, ""input_split_check_adv"": {""enabled"": ""false""}, ""pgd_order"": ""skip""}, ""bab"": {""attack"": {""enabled"": false}, ""branching"": {""input_split"": {""update_rhs_with_attack"": false}}}}}, ""biccos_applicable"": true, ""biccos_effective"": false, ""derived_path"": ""scratch/rq1_2026_tmp/baselines/abcrown/sst_pinf/00001_fb60f50dc174358f8814_pihybisg/config.yaml"", ""deviations"": [""config mapping: derived (no official category; vit_2023 transformer config)"", ""attack-off (user decision D20): all attack/falsification stages disabled, see config.attack.overrides"", ""float32: general.double_fp=false; solver.use_float64_in_last_iteration=false; stable_f32 interpreter"", ""solver.batch_size=16; auto_enlarge_batch_size=false for concurrent GPU memory budget""], ""mapping"": ""derived (no official category; vit_2023 transformer config)"", ""notes"": [], ""official"": ""exp_configs/vnncomp23/vit.yaml"", ""official_biccos"": false, ""official_pgd_order"": ""skip"", ""variant"": ""official""}","[""config mapping: derived (no official category; vit_2023 transformer config)"", ""attack-off (user decision D20): all attack/falsification stages disabled, see config.attack.overrides"", ""float32: general.double_fp=false; solver.use_float64_in_last_iteration=false; stable_f32 interpreter"", ""solver.batch_size=16; auto_enlarge_batch_size=false for concurrent GPU memory budget""]",,,2.0,12214.0,official_attack_off_f32,"[""abcrown"",""scratch/text_export/sst_pinf/sst_buffet/onnx/sst_d3_L16.onnx"",""scratch/text_export/sst_pinf/sst_buffet/vnnlib/query_index_q0001_d3_L16_e35_p1_eps0p01.v1.vnnlib"",30.0,""official_attack_off_f32""]",
sst_pinf,2,sst_d3_L20.onnx,query_index_q0002_d3_L20_e733_p1_eps0p01.v1.vnnlib,unsat,2.4919025897979736,CERTIFIED,1,30.0,2.4919025897979736,6.426,3.87,10.425675524398685,0,0,,,not a FALSIFIED row,0,scratch/logs/fse2026/abcrown/sst_pinf/00002_026b0ab69dce4d9d588f_fy7i9k1u.log,6b8bbcfac1c01da1cabd240a87e4dce1a65f5a2b,"{""attack"": {""attack_off"": true, ""hook_replacements"": {}, ""overrides"": {""attack"": {""enable_mip_attack"": false, ""input_split_check_adv"": {""enabled"": ""false""}, ""pgd_order"": ""skip""}, ""bab"": {""attack"": {""enabled"": false}, ""branching"": {""input_split"": {""update_rhs_with_attack"": false}}}}}, ""biccos_applicable"": true, ""biccos_effective"": false, ""derived_path"": ""scratch/rq1_2026_tmp/baselines/abcrown/sst_pinf/00002_026b0ab69dce4d9d588f_fy7i9k1u/config.yaml"", ""deviations"": [""config mapping: derived (no official category; vit_2023 transformer config)"", ""attack-off (user decision D20): all attack/falsification stages disabled, see config.attack.overrides"", ""float32: general.double_fp=false; solver.use_float64_in_last_iteration=false; stable_f32 interpreter"", ""solver.batch_size=16; auto_enlarge_batch_size=false for concurrent GPU memory budget""], ""mapping"": ""derived (no official category; vit_2023 transformer config)"", ""notes"": [], ""official"": ""exp_configs/vnncomp23/vit.yaml"", ""official_biccos"": false, ""official_pgd_order"": ""skip"", ""variant"": ""official""}","[""config mapping: derived (no official category; vit_2023 transformer config)"", ""attack-off (user decision D20): all attack/falsification stages disabled, see config.attack.overrides"", ""float32: general.double_fp=false; solver.use_float64_in_last_iteration=false; stable_f32 interpreter"", ""solver.batch_size=16; auto_enlarge_batch_size=false for concurrent GPU memory budget""]",,,18.0,13386.0,official_attack_off_f32,"[""abcrown"",""scratch/text_export/sst_pinf/sst_buffet/onnx/sst_d3_L20.onnx"",""scratch/text_export/sst_pinf/sst_buffet/vnnlib/query_index_q0002_d3_L20_e733_p1_eps0p01.v1.vnnlib"",30.0,""official_attack_off_f32""]",
sst_pinf,3,sst_d3_L17.onnx,query_index_q0003_d3_L17_e1455_p1_eps0p01.v1.vnnlib,timeout,31.6565945148468,TIMEOUT,0,30.0,31.6565945148468,35.72,3.72,39.5649250112474,1,0,,,not a FALSIFIED row,0,scratch/logs/fse2026/abcrown/sst_pinf/00003_be3996fea2cc64621bb3_0wwk59e0.log,6b8bbcfac1c01da1cabd240a87e4dce1a65f5a2b,"{""attack"": {""attack_off"": true, ""hook_replacements"": {}, ""overrides"": {""attack"": {""enable_mip_attack"": false, ""input_split_check_adv"": {""enabled"": ""false""}, ""pgd_order"": ""skip""}, ""bab"": {""attack"": {""enabled"": false}, ""branching"": {""input_split"": {""update_rhs_with_attack"": false}}}}}, ""biccos_applicable"": true, ""biccos_effective"": false, ""derived_path"": ""scratch/rq1_2026_tmp/baselines/abcrown/sst_pinf/00003_be3996fea2cc64621bb3_0wwk59e0/config.yaml"", ""deviations"": [""config mapping: derived (no official category; vit_2023 transformer config)"", ""attack-off (user decision D20): all attack/falsification stages disabled, see config.attack.overrides"", ""float32: general.double_fp=false; solver.use_float64_in_last_iteration=false; stable_f32 interpreter"", ""solver.batch_size=16; auto_enlarge_batch_size=false for concurrent GPU memory budget""], ""mapping"": ""derived (no official category; vit_2023 transformer config)"", ""notes"": [], ""official"": ""exp_configs/vnncomp23/vit.yaml"", ""official_biccos"": false, ""official_pgd_order"": ""skip"", ""variant"": ""official""}","[""config mapping: derived (no official category; vit_2023 transformer config)"", ""attack-off (user decision D20): all attack/falsification stages disabled, see config.attack.overrides"", ""float32: general.double_fp=false; solver.use_float64_in_last_iteration=false; stable_f32 interpreter"", ""solver.batch_size=16; auto_enlarge_batch_size=false for concurrent GPU memory budget""]",,,95.0,30654.0,official_attack_off_f32,"[""abcrown"",""scratch/text_export/sst_pinf/sst_buffet/onnx/sst_d3_L17.onnx"",""scratch/text_export/sst_pinf/sst_buffet/vnnlib/query_index_q0003_d3_L17_e1455_p1_eps0p01.v1.vnnlib"",30.0,""official_attack_off_f32""]",
sst_pinf,4,sst_d3_L9.onnx,query_index_q0004_d3_L9_e1687_p1_eps0p01.v1.vnnlib,unsat,2.441117286682129,CERTIFIED,1,30.0,2.441117286682129,6.624,4.328,11.063123090192676,0,0,,,not a FALSIFIED row,0,scratch/logs/fse2026/abcrown/sst_pinf/00004_9b6ab5255db8084fcac4_qlptvd1i.log,6b8bbcfac1c01da1cabd240a87e4dce1a65f5a2b,"{""attack"": {""attack_off"": true, ""hook_replacements"": {}, ""overrides"": {""attack"": {""enable_mip_attack"": false, ""input_split_check_adv"": {""enabled"": ""false""}, ""pgd_order"": ""skip""}, ""bab"": {""attack"": {""enabled"": false}, ""branching"": {""input_split"": {""update_rhs_with_attack"": false}}}}}, ""biccos_applicable"": true, ""biccos_effective"": false, ""derived_path"": ""scratch/rq1_2026_tmp/baselines/abcrown/sst_pinf/00004_9b6ab5255db8084fcac4_qlptvd1i/config.yaml"", ""deviations"": [""config mapping: derived (no official category; vit_2023 transformer config)"", ""attack-off (user decision D20): all attack/falsification stages disabled, see config.attack.overrides"", ""float32: general.double_fp=false; solver.use_float64_in_last_iteration=false; stable_f32 interpreter"", ""solver.batch_size=16; auto_enlarge_batch_size=false for concurrent GPU memory budget""], ""mapping"": ""derived (no official category; vit_2023 transformer config)"", ""notes"": [], ""official"": ""exp_configs/vnncomp23/vit.yaml"", ""official_biccos"": false, ""official_pgd_order"": ""skip"", ""variant"": ""official""}","[""config mapping: derived (no official category; vit_2023 transformer config)"", ""attack-off (user decision D20): all attack/falsification stages disabled, see config.attack.overrides"", ""float32: general.double_fp=false; solver.use_float64_in_last_iteration=false; stable_f32 interpreter"", ""solver.batch_size=16; auto_enlarge_batch_size=false for concurrent GPU memory budget""]",,,97.0,46624.0,official_attack_off_f32,"[""abcrown"",""scratch/text_export/sst_pinf/sst_buffet/onnx/sst_d3_L9.onnx"",""scratch/text_export/sst_pinf/sst_buffet/vnnlib/query_index_q0004_d3_L9_e1687_p1_eps0p01.v1.vnnlib"",30.0,""official_attack_off_f32""]",
sst_pinf,5,sst_d3_L13.onnx,query_index_q0005_d3_L13_e1333_p1_eps0p01.v1.vnnlib,unsat,1.0730395317077637,CERTIFIED,1,30.0,1.0730395317077637,4.872,3.82,8.808850130066276,0,0,,,not a FALSIFIED row,0,scratch/logs/fse2026/abcrown/sst_pinf/00005_5b759d2c114200456daf_2hy3r5v_.log,6b8bbcfac1c01da1cabd240a87e4dce1a65f5a2b,"{""attack"": {""attack_off"": true, ""hook_replacements"": {}, ""overrides"": {""attack"": {""enable_mip_attack"": false, ""input_split_check_adv"": {""enabled"": ""false""}, ""pgd_order"": ""skip""}, ""bab"": {""attack"": {""enabled"": false}, ""branching"": {""input_split"": {""update_rhs_with_attack"": false}}}}}, ""biccos_applicable"": true, ""biccos_effective"": false, ""derived_path"": ""scratch/rq1_2026_tmp/baselines/abcrown/sst_pinf/00005_5b759d2c114200456daf_2hy3r5v_/config.yaml"", ""deviations"": [""config mapping: derived (no official category; vit_2023 transformer config)"", ""attack-off (user decision D20): all attack/falsification stages disabled, see config.attack.overrides"", ""float32: general.double_fp=false; solver.use_float64_in_last_iteration=false; stable_f32 interpreter"", ""solver.batch_size=16; auto_enlarge_batch_size=false for concurrent GPU memory budget""], ""mapping"": ""derived (no official category; vit_2023 transformer config)"", ""notes"": [], ""official"": ""exp_configs/vnncomp23/vit.yaml"", ""official_biccos"": false, ""official_pgd_order"": ""skip"", ""variant"": ""official""}","[""config mapping: derived (no official category; vit_2023 transformer config)"", ""attack-off (user decision D20): all attack/falsification stages disabled, see config.attack.overrides"", ""float32: general.double_fp=false; solver.use_float64_in_last_iteration=false; stable_f32 interpreter"", ""solver.batch_size=16; auto_enlarge_batch_size=false for concurrent GPU memory budget""]",,,94.0,46628.0,official_attack_off_f32,"[""abcrown"",""scratch/text_export/sst_pinf/sst_buffet/onnx/sst_d3_L13.onnx"",""scratch/text_export/sst_pinf/sst_buffet/vnnlib/query_index_q0005_d3_L13_e1333_p1_eps0p01.v1.vnnlib"",30.0,""official_attack_off_f32""]",
sst_pinf,6,sst_d3_L10.onnx,query_index_q0006_d3_L10_e1559_p1_eps0p01.v1.vnnlib,unsat,1.0448906421661377,CERTIFIED,1,30.0,1.0448906421661377,4.771,3.72,8.608293103054166,0,0,,,not a FALSIFIED row,0,scratch/logs/fse2026/abcrown/sst_pinf/00006_6b47311857a19b751632_e6pspuqz.log,6b8bbcfac1c01da1cabd240a87e4dce1a65f5a2b,"{""attack"": {""attack_off"": true, ""hook_replacements"": {}, ""overrides"": {""attack"": {""enable_mip_attack"": false, ""input_split_check_adv"": {""enabled"": ""false""}, ""pgd_order"": ""skip""}, ""bab"": {""attack"": {""enabled"": false}, ""branching"": {""input_split"": {""update_rhs_with_attack"": false}}}}}, ""biccos_applicable"": true, ""biccos_effective"": false, ""derived_path"": ""scratch/rq1_2026_tmp/baselines/abcrown/sst_pinf/00006_6b47311857a19b751632_e6pspuqz/config.yaml"", ""deviations"": [""config mapping: derived (no official category; vit_2023 transformer config)"", ""attack-off (user decision D20): all attack/falsification stages disabled, see config.attack.overrides"", ""float32: general.double_fp=false; solver.use_float64_in_last_iteration=false; stable_f32 interpreter"", ""solver.batch_size=16; auto_enlarge_batch_size=false for concurrent GPU memory budget""], ""mapping"": ""derived (no official category; vit_2023 transformer config)"", ""notes"": [], ""official"": ""exp_configs/vnncomp23/vit.yaml"", ""official_biccos"": false, ""official_pgd_order"": ""skip"", ""variant"": ""official""}","[""config mapping: derived (no official category; vit_2023 transformer config)"", ""attack-off (user decision D20): all attack/falsification stages disabled, see config.attack.overrides"", ""float32: general.double_fp=false; solver.use_float64_in_last_iteration=false; stable_f32 interpreter"", ""solver.batch_size=16; auto_enlarge_batch_size=false for concurrent GPU memory budget""]",,,0.0,11526.0,official_attack_off_f32,"[""abcrown"",""scratch/text_export/sst_pinf/sst_buffet/onnx/sst_d3_L10.onnx"",""scratch/text_export/sst_pinf/sst_buffet/vnnlib/query_index_q0006_d3_L10_e1559_p1_eps0p01.v1.vnnlib"",30.0,""official_attack_off_f32""]",
sst_pinf,7,sst_d3_L16.onnx,query_index_q0007_d3_L16_e1285_p1_eps0p01.v1.vnnlib,unsat,2.071492910385132,CERTIFIED,1,30.0,2.071492910385132,6.174,3.82,10.113130874931812,0,0,,,not a FALSIFIED row,0,scratch/logs/fse2026/abcrown/sst_pinf/00007_e610192c1b49fdf5d087_b6gpfdj3.log,6b8bbcfac1c01da1cabd240a87e4dce1a65f5a2b,"{""attack"": {""attack_off"": true, ""hook_replacements"": {}, ""overrides"": {""attack"": {""enable_mip_attack"": false, ""input_split_check_adv"": {""enabled"": ""false""}, ""pgd_order"": ""skip""}, ""bab"": {""attack"": {""enabled"": false}, ""branching"": {""input_split"": {""update_rhs_with_attack"": false}}}}}, ""biccos_applicable"": true, ""biccos_effective"": false, ""derived_path"": ""scratch/rq1_2026_tmp/baselines/abcrown/sst_pinf/00007_e610192c1b49fdf5d087_b6gpfdj3/config.yaml"", ""deviations"": [""config mapping: derived (no official category; vit_2023 transformer config)"", ""attack-off (user decision D20): all attack/falsification stages disabled, see config.attack.overrides"", ""float32: general.double_fp=false; solver.use_float64_in_last_iteration=false; stable_f32 interpreter"", ""solver.batch_size=16; auto_enlarge_batch_size=false for concurrent GPU memory budget""], ""mapping"": ""derived (no official category; vit_2023 transformer config)"", ""notes"": [], ""official"": ""exp_configs/vnncomp23/vit.yaml"", ""official_biccos"": false, ""official_pgd_order"": ""skip"", ""variant"": ""official""}","[""config mapping: derived (no official category; vit_2023 transformer config)"", ""attack-off (user decision D20): all attack/falsification stages disabled, see config.attack.overrides"", ""float32: general.double_fp=false; solver.use_float64_in_last_iteration=false; stable_f32 interpreter"", ""solver.batch_size=16; auto_enlarge_batch_size=false for concurrent GPU memory budget""]",,,39.0,13082.0,official_attack_off_f32,"[""abcrown"",""scratch/text_export/sst_pinf/sst_buffet/onnx/sst_d3_L16.onnx"",""scratch/text_export/sst_pinf/sst_buffet/vnnlib/query_index_q0007_d3_L16_e1285_p1_eps0p01.v1.vnnlib"",30.0,""official_attack_off_f32""]",
sst_pinf,8,sst_d3_L13.onnx,query_index_q0008_d3_L13_e1207_p1_eps0p01.v1.vnnlib,unsat,3.5972530841827393,CERTIFIED,1,30.0,3.5972530841827393,8.078,4.271,12.469292474910617,0,0,,,not a FALSIFIED row,0,scratch/logs/fse2026/abcrown/sst_pinf/00008_9bbbc6f1d514bb171d11_xim9_fea.log,6b8bbcfac1c01da1cabd240a87e4dce1a65f5a2b,"{""attack"": {""attack_off"": true, ""hook_replacements"": {}, ""overrides"": {""attack"": {""enable_mip_attack"": false, ""input_split_check_adv"": {""enabled"": ""false""}, ""pgd_order"": ""skip""}, ""bab"": {""attack"": {""enabled"": false}, ""branching"": {""input_split"": {""update_rhs_with_attack"": false}}}}}, ""biccos_applicable"": true, ""biccos_effective"": false, ""derived_path"": ""scratch/rq1_2026_tmp/baselines/abcrown/sst_pinf/00008_9bbbc6f1d514bb171d11_xim9_fea/config.yaml"", ""deviations"": [""config mapping: derived (no official category; vit_2023 transformer config)"", ""attack-off (user decision D20): all attack/falsification stages disabled, see config.attack.overrides"", ""float32: general.double_fp=false; solver.use_float64_in_last_iteration=false; stable_f32 interpreter"", ""solver.batch_size=16; auto_enlarge_batch_size=false for concurrent GPU memory budget""], ""mapping"": ""derived (no official category; vit_2023 transformer config)"", ""notes"": [], ""official"": ""exp_configs/vnncomp23/vit.yaml"", ""official_biccos"": false, ""official_pgd_order"": ""skip"", ""variant"": ""official""}","[""config mapping: derived (no official category; vit_2023 transformer config)"", ""attack-off (user decision D20): all attack/falsification stages disabled, see config.attack.overrides"", ""float32: general.double_fp=false; solver.use_float64_in_last_iteration=false; stable_f32 interpreter"", ""solver.batch_size=16; auto_enlarge_batch_size=false for concurrent GPU memory budget""]",,,65.0,33620.0,official_attack_off_f32,"[""abcrown"",""scratch/text_export/sst_pinf/sst_buffet/onnx/sst_d3_L13.onnx"",""scratch/text_export/sst_pinf/sst_buffet/vnnlib/query_index_q0008_d3_L13_e1207_p1_eps0p01.v1.vnnlib"",30.0,""official_attack_off_f32""]",
sst_pinf,9,sst_d3_L11.onnx,query_index_q0009_d3_L11_e1238_p1_eps0p01.v1.vnnlib,unsat,1.0036520957946777,CERTIFIED,1,30.0,1.0036520957946777,5.323,4.271,9.716621734201908,0,0,,,not a FALSIFIED row,0,scratch/logs/fse2026/abcrown/sst_pinf/00009_d8570aae0832a34852fa_nmmdr8ip.log,6b8bbcfac1c01da1cabd240a87e4dce1a65f5a2b,"{""attack"": {""attack_off"": true, ""hook_replacements"": {}, ""overrides"": {""attack"": {""enable_mip_attack"": false, ""input_split_check_adv"": {""enabled"": ""false""}, ""pgd_order"": ""skip""}, ""bab"": {""attack"": {""enabled"": false}, ""branching"": {""input_split"": {""update_rhs_with_attack"": false}}}}}, ""biccos_applicable"": true, ""biccos_effective"": false, ""derived_path"": ""scratch/rq1_2026_tmp/baselines/abcrown/sst_pinf/00009_d8570aae0832a34852fa_nmmdr8ip/config.yaml"", ""deviations"": [""config mapping: derived (no official category; vit_2023 transformer config)"", ""attack-off (user decision D20): all attack/falsification stages disabled, see config.attack.overrides"", ""float32: general.double_fp=false; solver.use_float64_in_last_iteration=false; stable_f32 interpreter"", ""solver.batch_size=16; auto_enlarge_batch_size=false for concurrent GPU memory budget""], ""mapping"": ""derived (no official category; vit_2023 transformer config)"", ""notes"": [], ""official"": ""exp_configs/vnncomp23/vit.yaml"", ""official_biccos"": false, ""official_pgd_order"": ""skip"", ""variant"": ""official""}","[""config mapping: derived (no official category; vit_2023 transformer config)"", ""attack-off (user decision D20): all attack/falsification stages disabled, see config.attack.overrides"", ""float32: general.double_fp=false; solver.use_float64_in_last_iteration=false; stable_f32 interpreter"", ""solver.batch_size=16; auto_enlarge_batch_size=false for concurrent GPU memory budget""]",,,0.0,49222.0,official_attack_off_f32,"[""abcrown"",""scratch/text_export/sst_pinf/sst_buffet/onnx/sst_d3_L11.onnx"",""scratch/text_export/sst_pinf/sst_buffet/vnnlib/query_index_q0009_d3_L11_e1238_p1_eps0p01.v1.vnnlib"",30.0,""official_attack_off_f32""]",
sst_pinf,10,sst_d3_L20.onnx,query_index_q0010_d3_L20_e37_p1_eps0p01.v1.vnnlib,unsat,1.2145185470581055,CERTIFIED,1,30.0,1.2145185470581055,5.674,4.121,9.912929724901915,0,0,,,not a FALSIFIED row,0,scratch/logs/fse2026/abcrown/sst_pinf/00010_6fa723e4c37ad16b634e_j3hkynyg.log,6b8bbcfac1c01da1cabd240a87e4dce1a65f5a2b,"{""attack"": {""attack_off"": true, ""hook_replacements"": {}, ""overrides"": {""attack"": {""enable_mip_attack"": false, ""input_split_check_adv"": {""enabled"": ""false""}, ""pgd_order"": ""skip""}, ""bab"": {""attack"": {""enabled"": false}, ""branching"": {""input_split"": {""update_rhs_with_attack"": false}}}}}, ""biccos_applicable"": true, ""biccos_effective"": false, ""derived_path"": ""scratch/rq1_2026_tmp/baselines/abcrown/sst_pinf/00010_6fa723e4c37ad16b634e_j3hkynyg/config.yaml"", ""deviations"": [""config mapping: derived (no official category; vit_2023 transformer config)"", ""attack-off (user decision D20): all attack/falsification stages disabled, see config.attack.overrides"", ""float32: general.double_fp=false; solver.use_float64_in_last_iteration=false; stable_f32 interpreter"", ""solver.batch_size=16; auto_enlarge_batch_size=false for concurrent GPU memory budget""], ""mapping"": ""derived (no official category; vit_2023 transformer config)"", ""notes"": [], ""official"": ""exp_configs/vnncomp23/vit.yaml"", ""official_biccos"": false, ""official_pgd_order"": ""skip"", ""variant"": ""official""}","[""config mapping: derived (no official category; vit_2023 transformer config)"", ""attack-off (user decision D20): all attack/falsification stages disabled, see config.attack.overrides"", ""float32: general.double_fp=false; solver.use_float64_in_last_iteration=false; stable_f32 interpreter"", ""solver.batch_size=16; auto_enlarge_batch_size=false for concurrent GPU memory budget""]",,,100.0,75034.0,official_attack_off_f32,"[""abcrown"",""scratch/text_export/sst_pinf/sst_buffet/onnx/sst_d3_L20.onnx"",""scratch/text_export/sst_pinf/sst_buffet/vnnlib/query_index_q0010_d3_L20_e37_p1_eps0p01.v1.vnnlib"",30.0,""official_attack_off_f32""]",
sst_pinf,11,sst_d3_L16.onnx,query_index_q0011_d3_L16_e724_p1_eps0p01.v1.vnnlib,unsat,2.581962823867798,CERTIFIED,1,30.0,2.581962823867798,6.624,4.371,11.115599680691957,0,0,,,not a FALSIFIED row,0,scratch/logs/fse2026/abcrown/sst_pinf/00011_1f4574327d9e255a9f21_toimlju6.log,6b8bbcfac1c01da1cabd240a87e4dce1a65f5a2b,"{""attack"": {""attack_off"": true, ""hook_replacements"": {}, ""overrides"": {""attack"": {""enable_mip_attack"": false, ""input_split_check_adv"": {""enabled"": ""false""}, ""pgd_order"": ""skip""}, ""bab"": {""attack"": {""enabled"": false}, ""branching"": {""input_split"": {""update_rhs_with_attack"": false}}}}}, ""biccos_applicable"": true, ""biccos_effective"": false, ""derived_path"": ""scratch/rq1_2026_tmp/baselines/abcrown/sst_pinf/00011_1f4574327d9e255a9f21_toimlju6/config.yaml"", ""deviations"": [""config mapping: derived (no official category; vit_2023 transformer config)"", ""attack-off (user decision D20): all attack/falsification stages disabled, see config.attack.overrides"", ""float32: general.double_fp=false; solver.use_float64_in_last_iteration=false; stable_f32 interpreter"", ""solver.batch_size=16; auto_enlarge_batch_size=false for concurrent GPU memory budget""], ""mapping"": ""derived (no official category; vit_2023 transformer config)"", ""notes"": [], ""official"": ""exp_configs/vnncomp23/vit.yaml"", ""official_biccos"": false, ""official_pgd_order"": ""skip"", ""variant"": ""official""}","[""config mapping: derived (no official category; vit_2023 transformer config)"", ""attack-off (user decision D20): all attack/falsification stages disabled, see config.attack.overrides"", ""float32: general.double_fp=false; solver.use_float64_in_last_iteration=false; stable_f32 interpreter"", ""solver.batch_size=16; auto_enlarge_batch_size=false for concurrent GPU memory budget""]",,,0.0,75034.0,official_attack_off_f32,"[""abcrown"",""scratch/text_export/sst_pinf/sst_buffet/onnx/sst_d3_L16.onnx"",""scratch/text_export/sst_pinf/sst_buffet/vnnlib/query_index_q0011_d3_L16_e724_p1_eps0p01.v1.vnnlib"",30.0,""official_attack_off_f32""]",
sst_pinf,12,sst_d3_L16.onnx,query_index_q0012_d3_L16_e290_p1_eps0p01.v1.vnnlib,unsat,3.7432663440704346,CERTIFIED,1,30.0,3.7432663440704346,7.676,4.273,12.065886832773685,0,0,,,not a FALSIFIED row,0,scratch/logs/fse2026/abcrown/sst_pinf/00012_7ccdf07c27d811369c37_ftx2yaux.log,6b8bbcfac1c01da1cabd240a87e4dce1a65f5a2b,"{""attack"": {""attack_off"": true, ""hook_replacements"": {}, ""overrides"": {""attack"": {""enable_mip_attack"": false, ""input_split_check_adv"": {""enabled"": ""false""}, ""pgd_order"": ""skip""}, ""bab"": {""attack"": {""enabled"": false}, ""branching"": {""input_split"": {""update_rhs_with_attack"": false}}}}}, ""biccos_applicable"": true, ""biccos_effective"": false, ""derived_path"": ""scratch/rq1_2026_tmp/baselines/abcrown/sst_pinf/00012_7ccdf07c27d811369c37_ftx2yaux/config.yaml"", ""deviations"": [""config mapping: derived (no official category; vit_2023 transformer config)"", ""attack-off (user decision D20): all attack/falsification stages disabled, see config.attack.overrides"", ""float32: general.double_fp=false; solver.use_float64_in_last_iteration=false; stable_f32 interpreter"", ""solver.batch_size=16; auto_enlarge_batch_size=false for concurrent GPU memory budget""], ""mapping"": ""derived (no official category; vit_2023 transformer config)"", ""notes"": [], ""official"": ""exp_configs/vnncomp23/vit.yaml"", ""official_biccos"": false, ""official_pgd_order"": ""skip"", ""variant"": ""official""}","[""config mapping: derived (no official category; vit_2023 transformer config)"", ""attack-off (user decision D20): all attack/falsification stages disabled, see config.attack.overrides"", ""float32: general.double_fp=false; solver.use_float64_in_last_iteration=false; stable_f32 interpreter"", ""solver.batch_size=16; auto_enlarge_batch_size=false for concurrent GPU memory budget""]",,,0.0,91040.0,official_attack_off_f32,"[""abcrown"",""scratch/text_export/sst_pinf/sst_buffet/onnx/sst_d3_L16.onnx"",""scratch/text_export/sst_pinf/sst_buffet/vnnlib/query_index_q0012_d3_L16_e290_p1_eps0p01.v1.vnnlib"",30.0,""official_attack_off_f32""]",
sst_pinf,13,sst_d3_L10.onnx,query_index_q0013_d3_L10_e1013_p1_eps0p01.v1.vnnlib,unsat,3.728231430053711,CERTIFIED,1,30.0,3.728231430053711,7.726,4.12,11.96772557683289,0,0,,,not a FALSIFIED row,0,scratch/logs/fse2026/abcrown/sst_pinf/00013_b83b2164c9485f972bc1_p39q29aj.log,6b8bbcfac1c01da1cabd240a87e4dce1a65f5a2b,"{""attack"": {""attack_off"": true, ""hook_replacements"": {}, ""overrides"": {""attack"": {""enable_mip_attack"": false, ""input_split_check_adv"": {""enabled"": ""false""}, ""pgd_order"": ""skip""}, ""bab"": {""attack"": {""enabled"": false}, ""branching"": {""input_split"": {""update_rhs_with_attack"": false}}}}}, ""biccos_applicable"": true, ""biccos_effective"": false, ""derived_path"": ""scratch/rq1_2026_tmp/baselines/abcrown/sst_pinf/00013_b83b2164c9485f972bc1_p39q29aj/config.yaml"", ""deviations"": [""config mapping: derived (no official category; vit_2023 transformer config)"", ""attack-off (user decision D20): all attack/falsification stages disabled, see config.attack.overrides"", ""float32: general.double_fp=false; solver.use_float64_in_last_iteration=false; stable_f32 interpreter"", ""solver.batch_size=16; auto_enlarge_batch_size=false for concurrent GPU memory budget""], ""mapping"": ""derived (no official category; vit_2023 transformer config)"", ""notes"": [], ""official"": ""exp_configs/vnncomp23/vit.yaml"", ""official_biccos"": false, ""official_pgd_order"": ""skip"", ""variant"": ""official""}","[""config mapping: derived (no official category; vit_2023 transformer config)"", ""attack-off (user decision D20): all attack/falsification stages disabled, see config.attack.overrides"", ""float32: general.double_fp=false; solver.use_float64_in_last_iteration=false; stable_f32 interpreter"", ""solver.batch_size=16; auto_enlarge_batch_size=false for concurrent GPU memory budget""]",,,12.0,81706.0,official_attack_off_f32,"[""abcrown"",""scratch/text_export/sst_pinf/sst_buffet/onnx/sst_d3_L10.onnx"",""scratch/text_export/sst_pinf/sst_buffet/vnnlib/query_index_q0013_d3_L10_e1013_p1_eps0p01.v1.vnnlib"",30.0,""official_attack_off_f32""]",
sst_pinf,14,sst_d3_L11.onnx,query_index_q0014_d3_L11_e1685_p1_eps0p01.v1.vnnlib,unsat,3.2859230041503906,CERTIFIED,1,30.0,3.2859230041503906,7.075,4.022,11.214699905365705,0,0,,,not a FALSIFIED row,0,scratch/logs/fse2026/abcrown/sst_pinf/00014_4d3138e51426089e5fed_n_nrg49h.log,6b8bbcfac1c01da1cabd240a87e4dce1a65f5a2b,"{""attack"": {""attack_off"": true, ""hook_replacements"": {}, ""overrides"": {""attack"": {""enable_mip_attack"": false, ""input_split_check_adv"": {""enabled"": ""false""}, ""pgd_order"": ""skip""}, ""bab"": {""attack"": {""enabled"": false}, ""branching"": {""input_split"": {""update_rhs_with_attack"": false}}}}}, ""biccos_applicable"": true, ""biccos_effective"": false, ""derived_path"": ""scratch/rq1_2026_tmp/baselines/abcrown/sst_pinf/00014_4d3138e51426089e5fed_n_nrg49h/config.yaml"", ""deviations"": [""config mapping: derived (no official category; vit_2023 transformer config)"", ""attack-off (user decision D20): all attack/falsification stages disabled, see config.attack.overrides"", ""float32: general.double_fp=false; solver.use_float64_in_last_iteration=false; stable_f32 interpreter"", ""solver.batch_size=16; auto_enlarge_batch_size=false for concurrent GPU memory budget""], ""mapping"": ""derived (no official category; vit_2023 transformer config)"", ""notes"": [], ""official"": ""exp_configs/vnncomp23/vit.yaml"", ""official_biccos"": false, ""official_pgd_order"": ""skip"", ""variant"": ""official""}","[""config mapping: derived (no official category; vit_2023 transformer config)"", ""attack-off (user decision D20): all attack/falsification stages disabled, see config.attack.overrides"", ""float32: general.double_fp=false; solver.use_float64_in_last_iteration=false; stable_f32 interpreter"", ""solver.batch_size=16; auto_enlarge_batch_size=false for concurrent GPU memory budget""]",,,12.0,81706.0,official_attack_off_f32,"[""abcrown"",""scratch/text_export/sst_pinf/sst_buffet/onnx/sst_d3_L11.onnx"",""scratch/text_export/sst_pinf/sst_buffet/vnnlib/query_index_q0014_d3_L11_e1685_p1_eps0p01.v1.vnnlib"",30.0,""official_attack_off_f32""]",
sst_pinf,15,sst_d3_L19.onnx,query_index_q0015_d3_L19_e1739_p1_eps0p01.v1.vnnlib,unsat,1.692831039428711,CERTIFIED,1,30.0,1.692831039428711,5.873,4.02,10.013859815895557,0,0,,,not a FALSIFIED row,0,scratch/logs/fse2026/abcrown/sst_pinf/00015_e0e6842f1fdcd935693d_dg86_pqo.log,6b8bbcfac1c01da1cabd240a87e4dce1a65f5a2b,"{""attack"": {""attack_off"": true, ""hook_replacements"": {}, ""overrides"": {""attack"": {""enable_mip_attack"": false, ""input_split_check_adv"": {""enabled"": ""false""}, ""pgd_order"": ""skip""}, ""bab"": {""attack"": {""enabled"": false}, ""branching"": {""input_split"": {""update_rhs_with_attack"": false}}}}}, ""biccos_applicable"": true, ""biccos_effective"": false, ""derived_path"": ""scratch/rq1_2026_tmp/baselines/abcrown/sst_pinf/00015_e0e6842f1fdcd935693d_dg86_pqo/config.yaml"", ""deviations"": [""config mapping: derived (no official category; vit_2023 transformer config)"", ""attack-off (user decision D20): all attack/falsification stages disabled, see config.attack.overrides"", ""float32: general.double_fp=false; solver.use_float64_in_last_iteration=false; stable_f32 interpreter"", ""solver.batch_size=16; auto_enlarge_batch_size=false for concurrent GPU memory budget""], ""mapping"": ""derived (no official category; vit_2023 transformer config)"", ""notes"": [], ""official"": ""exp_configs/vnncomp23/vit.yaml"", ""official_biccos"": false, ""official_pgd_order"": ""skip"", ""variant"": ""official""}","[""config mapping: derived (no official category; vit_2023 transformer config)"", ""attack-off (user decision D20): all attack/falsification stages disabled, see config.attack.overrides"", ""float32: general.double_fp=false; solver.use_float64_in_last_iteration=false; stable_f32 interpreter"", ""solver.batch_size=16; auto_enlarge_batch_size=false for concurrent GPU memory budget""]",,,14.0,81706.0,official_attack_off_f32,"[""abcrown"",""scratch/text_export/sst_pinf/sst_buffet/onnx/sst_d3_L19.onnx"",""scratch/text_export/sst_pinf/sst_buffet/vnnlib/query_index_q0015_d3_L19_e1739_p1_eps0p01.v1.vnnlib"",30.0,""official_attack_off_f32""]",
sst_pinf,16,sst_d3_L20.onnx,query_index_q0016_d3_L20_e1702_p1_eps0p01.v1.vnnlib,unsat,1.1787376403808594,CERTIFIED,1,30.0,1.1787376403808594,5.072,3.77,8.962234672158957,0,0,,,not a FALSIFIED row,0,scratch/logs/fse2026/abcrown/sst_pinf/00016_c9e065ebefe948004364_aflifsi2.log,6b8bbcfac1c01da1cabd240a87e4dce1a65f5a2b,"{""attack"": {""attack_off"": true, ""hook_replacements"": {}, ""overrides"": {""attack"": {""enable_mip_attack"": false, ""input_split_check_adv"": {""enabled"": ""false""}, ""pgd_order"": ""skip""}, ""bab"": {""attack"": {""enabled"": false}, ""branching"": {""input_split"": {""update_rhs_with_attack"": false}}}}}, ""biccos_applicable"": true, ""biccos_effective"": false, ""derived_path"": ""scratch/rq1_2026_tmp/baselines/abcrown/sst_pinf/00016_c9e065ebefe948004364_aflifsi2/config.yaml"", ""deviations"": [""config mapping: derived (no official category; vit_2023 transformer config)"", ""attack-off (user decision D20): all attack/falsification stages disabled, see config.attack.overrides"", ""float32: general.double_fp=false; solver.use_float64_in_last_iteration=false; stable_f32 interpreter"", ""solver.batch_size=16; auto_enlarge_batch_size=false for concurrent GPU memory budget""], ""mapping"": ""derived (no official category; vit_2023 transformer config)"", ""notes"": [], ""official"": ""exp_configs/vnncomp23/vit.yaml"", ""official_biccos"": false, ""official_pgd_order"": ""skip"", ""variant"": ""official""}","[""config mapping: derived (no official category; vit_2023 transformer config)"", ""attack-off (user decision D20): all attack/falsification stages disabled, see config.attack.overrides"", ""float32: general.double_fp=false; solver.use_float64_in_last_iteration=false; stable_f32 interpreter"", ""solver.batch_size=16; auto_enlarge_batch_size=false for concurrent GPU memory budget""]",,,24.0,81706.0,official_attack_off_f32,"[""abcrown"",""scratch/text_export/sst_pinf/sst_buffet/onnx/sst_d3_L20.onnx"",""scratch/text_export/sst_pinf/sst_buffet/vnnlib/query_index_q0016_d3_L20_e1702_p1_eps0p01.v1.vnnlib"",30.0,""official_attack_off_f32""]",
sst_pinf,17,sst_d3_L9.onnx,query_index_q0017_d3_L9_e1496_p1_eps0p01.v1.vnnlib,unsat,1.111006498336792,CERTIFIED,1,30.0,1.111006498336792,5.073,3.82,9.013167079538107,0,0,,,not a FALSIFIED row,0,scratch/logs/fse2026/abcrown/sst_pinf/00017_3fcd1ecab6707c08a184_owlk0elu.log,6b8bbcfac1c01da1cabd240a87e4dce1a65f5a2b,"{""attack"": {""attack_off"": true, ""hook_replacements"": {}, ""overrides"": {""attack"": {""enable_mip_attack"": false, ""input_split_check_adv"": {""enabled"": ""false""}, ""pgd_order"": ""skip""}, ""bab"": {""attack"": {""enabled"": false}, ""branching"": {""input_split"": {""update_rhs_with_attack"": false}}}}}, ""biccos_applicable"": true, ""biccos_effective"": false, ""derived_path"": ""scratch/rq1_2026_tmp/baselines/abcrown/sst_pinf/00017_3fcd1ecab6707c08a184_owlk0elu/config.yaml"", ""deviations"": [""config mapping: derived (no official category; vit_2023 transformer config)"", ""attack-off (user decision D20): all attack/falsification stages disabled, see config.attack.overrides"", ""float32: general.double_fp=false; solver.use_float64_in_last_iteration=false; stable_f32 interpreter"", ""solver.batch_size=16; auto_enlarge_batch_size=false for concurrent GPU memory budget""], ""mapping"": ""derived (no official category; vit_2023 transformer config)"", ""notes"": [], ""official"": ""exp_configs/vnncomp23/vit.yaml"", ""official_biccos"": false, ""official_pgd_order"": ""skip"", ""variant"": ""official""}","[""config mapping: derived (no official category; vit_2023 transformer config)"", ""attack-off (user decision D20): all attack/falsification stages disabled, see config.attack.overrides"", ""float32: general.double_fp=false; solver.use_float64_in_last_iteration=false; stable_f32 interpreter"", ""solver.batch_size=16; auto_enlarge_batch_size=false for concurrent GPU memory budget""]",,,1.0,12722.0,official_attack_off_f32,"[""abcrown"",""scratch/text_export/sst_pinf/sst_buffet/onnx/sst_d3_L9.onnx"",""scratch/text_export/sst_pinf/sst_buffet/vnnlib/query_index_q0017_d3_L9_e1496_p1_eps0p01.v1.vnnlib"",30.0,""official_attack_off_f32""]",
sst_pinf,18,sst_d3_L11.onnx,query_index_q0018_d3_L11_e1560_p1_eps0p01.v1.vnnlib,unsat,1.388986587524414,CERTIFIED,1,30.0,1.388986587524414,5.122,4.07,9.31287594139576,0,0,,,not a FALSIFIED row,0,scratch/logs/fse2026/abcrown/sst_pinf/00018_cffe9995a3dda2088ffb_6xvjfph4.log,6b8bbcfac1c01da1cabd240a87e4dce1a65f5a2b,"{""attack"": {""attack_off"": true, ""hook_replacements"": {}, ""overrides"": {""attack"": {""enable_mip_attack"": false, ""input_split_check_adv"": {""enabled"": ""false""}, ""pgd_order"": ""skip""}, ""bab"": {""attack"": {""enabled"": false}, ""branching"": {""input_split"": {""update_rhs_with_attack"": false}}}}}, ""biccos_applicable"": true, ""biccos_effective"": false, ""derived_path"": ""scratch/rq1_2026_tmp/baselines/abcrown/sst_pinf/00018_cffe9995a3dda2088ffb_6xvjfph4/config.yaml"", ""deviations"": [""config mapping: derived (no official category; vit_2023 transformer config)"", ""attack-off (user decision D20): all attack/falsification stages disabled, see config.attack.overrides"", ""float32: general.double_fp=false; solver.use_float64_in_last_iteration=false; stable_f32 interpreter"", ""solver.batch_size=16; auto_enlarge_batch_size=false for concurrent GPU memory budget""], ""mapping"": ""derived (no official category; vit_2023 transformer config)"", ""notes"": [], ""official"": ""exp_configs/vnncomp23/vit.yaml"", ""official_biccos"": false, ""official_pgd_order"": ""skip"", ""variant"": ""official""}","[""config mapping: derived (no official category; vit_2023 transformer config)"", ""attack-off (user decision D20): all attack/falsification stages disabled, see config.attack.overrides"", ""float32: general.double_fp=false; solver.use_float64_in_last_iteration=false; stable_f32 interpreter"", ""solver.batch_size=16; auto_enlarge_batch_size=false for concurrent GPU memory budget""]",,,2.0,12206.0,official_attack_off_f32,"[""abcrown"",""scratch/text_export/sst_pinf/sst_buffet/onnx/sst_d3_L11.onnx"",""scratch/text_export/sst_pinf/sst_buffet/vnnlib/query_index_q0018_d3_L11_e1560_p1_eps0p01.v1.vnnlib"",30.0,""official_attack_off_f32""]",
sst_pinf,19,sst_d3_L13.onnx,query_index_q0019_d3_L13_e1728_p1_eps0p01.v1.vnnlib,unsat,2.5083446502685547,CERTIFIED,1,30.0,2.5083446502685547,6.777,3.97,10.869492268189788,0,0,,,not a FALSIFIED row,0,scratch/logs/fse2026/abcrown/sst_pinf/00019_1b0dc96bdbdd5e56a8e5_8ry_st7p.log,6b8bbcfac1c01da1cabd240a87e4dce1a65f5a2b,"{""attack"": {""attack_off"": true, ""hook_replacements"": {}, ""overrides"": {""attack"": {""enable_mip_attack"": false, ""input_split_check_adv"": {""enabled"": ""false""}, ""pgd_order"": ""skip""}, ""bab"": {""attack"": {""enabled"": false}, ""branching"": {""input_split"": {""update_rhs_with_attack"": false}}}}}, ""biccos_applicable"": true, ""biccos_effective"": false, ""derived_path"": ""scratch/rq1_2026_tmp/baselines/abcrown/sst_pinf/00019_1b0dc96bdbdd5e56a8e5_8ry_st7p/config.yaml"", ""deviations"": [""config mapping: derived (no official category; vit_2023 transformer config)"", ""attack-off (user decision D20): all attack/falsification stages disabled, see config.attack.overrides"", ""float32: general.double_fp=false; solver.use_float64_in_last_iteration=false; stable_f32 interpreter"", ""solver.batch_size=16; auto_enlarge_batch_size=false for concurrent GPU memory budget""], ""mapping"": ""derived (no official category; vit_2023 transformer config)"", ""notes"": [], ""official"": ""exp_configs/vnncomp23/vit.yaml"", ""official_biccos"": false, ""official_pgd_order"": ""skip"", ""variant"": ""official""}","[""config mapping: derived (no official category; vit_2023 transformer config)"", ""attack-off (user decision D20): all attack/falsification stages disabled, see config.attack.overrides"", ""float32: general.double_fp=false; solver.use_float64_in_last_iteration=false; stable_f32 interpreter"", ""solver.batch_size=16; auto_enlarge_batch_size=false for concurrent GPU memory budget""]",,,16.0,12710.0,official_attack_off_f32,"[""abcrown"",""scratch/text_export/sst_pinf/sst_buffet/onnx/sst_d3_L13.onnx"",""scratch/text_export/sst_pinf/sst_buffet/vnnlib/query_index_q0019_d3_L13_e1728_p1_eps0p01.v1.vnnlib"",30.0,""official_attack_off_f32""]",
sst_pinf,20,sst_d3_L16.onnx,query_index_q0020_d3_L16_e687_p1_eps0p03.v1.vnnlib,unsat,2.812969923019409,CERTIFIED,1,30.0,2.812969923019409,7.026,4.371,11.517245767638087,0,0,,,not a FALSIFIED row,0,scratch/logs/fse2026/abcrown/sst_pinf/00020_4c4c041acd7e2353858a_uvgagsja.log,6b8bbcfac1c01da1cabd240a87e4dce1a65f5a2b,"{""attack"": {""attack_off"": true, ""hook_replacements"": {}, ""overrides"": {""attack"": {""enable_mip_attack"": false, ""input_split_check_adv"": {""enabled"": ""false""}, ""pgd_order"": ""skip""}, ""bab"": {""attack"": {""enabled"": false}, ""branching"": {""input_split"": {""update_rhs_with_attack"": false}}}}}, ""biccos_applicable"": true, ""biccos_effective"": false, ""derived_path"": ""scratch/rq1_2026_tmp/baselines/abcrown/sst_pinf/00020_4c4c041acd7e2353858a_uvgagsja/config.yaml"", ""deviations"": [""config mapping: derived (no official category; vit_2023 transformer config)"", ""attack-off (user decision D20): all attack/falsification stages disabled, see config.attack.overrides"", ""float32: general.double_fp=false; solver.use_float64_in_last_iteration=false; stable_f32 interpreter"", ""solver.batch_size=16; auto_enlarge_batch_size=false for concurrent GPU memory budget""], ""mapping"": ""derived (no official category; vit_2023 transformer config)"", ""notes"": [], ""official"": ""exp_configs/vnncomp23/vit.yaml"", ""official_biccos"": false, ""official_pgd_order"": ""skip"", ""variant"": ""official""}","[""config mapping: derived (no official category; vit_2023 transformer config)"", ""attack-off (user decision D20): all attack/falsification stages disabled, see config.attack.overrides"", ""float32: general.double_fp=false; solver.use_float64_in_last_iteration=false; stable_f32 interpreter"", ""solver.batch_size=16; auto_enlarge_batch_size=false for concurrent GPU memory budget""]",,,91.0,38892.0,official_attack_off_f32,"[""abcrown"",""scratch/text_export/sst_pinf/sst_buffet/onnx/sst_d3_L16.onnx"",""scratch/text_export/sst_pinf/sst_buffet/vnnlib/query_index_q0020_d3_L16_e687_p1_eps0p03.v1.vnnlib"",30.0,""official_attack_off_f32""]",
sst_pinf,21,sst_d3_L16.onnx,query_index_q0021_d3_L16_e35_p1_eps0p03.v1.vnnlib,unsat,1.0473816394805908,CERTIFIED,1,30.0,1.0473816394805908,5.222,4.271,9.614449691027403,0,0,,,not a FALSIFIED row,0,scratch/logs/fse2026/abcrown/sst_pinf/00021_98260dc16fe16338d2ce_8t72q3p3.log,6b8bbcfac1c01da1cabd240a87e4dce1a65f5a2b,"{""attack"": {""attack_off"": true, ""hook_replacements"": {}, ""overrides"": {""attack"": {""enable_mip_attack"": false, ""input_split_check_adv"": {""enabled"": ""false""}, ""pgd_order"": ""skip""}, ""bab"": {""attack"": {""enabled"": false}, ""branching"": {""input_split"": {""update_rhs_with_attack"": false}}}}}, ""biccos_applicable"": true, ""biccos_effective"": false, ""derived_path"": ""scratch/rq1_2026_tmp/baselines/abcrown/sst_pinf/00021_98260dc16fe16338d2ce_8t72q3p3/config.yaml"", ""deviations"": [""config mapping: derived (no official category; vit_2023 transformer config)"", ""attack-off (user decision D20): all attack/falsification stages disabled, see config.attack.overrides"", ""float32: general.double_fp=false; solver.use_float64_in_last_iteration=false; stable_f32 interpreter"", ""solver.batch_size=16; auto_enlarge_batch_size=false for concurrent GPU memory budget""], ""mapping"": ""derived (no official category; vit_2023 transformer config)"", ""notes"": [], ""official"": ""exp_configs/vnncomp23/vit.yaml"", ""official_biccos"": false, ""official_pgd_order"": ""skip"", ""variant"": ""official""}","[""config mapping: derived (no official category; vit_2023 transformer config)"", ""attack-off (user decision D20): all attack/falsification stages disabled, see config.attack.overrides"", ""float32: general.double_fp=false; solver.use_float64_in_last_iteration=false; stable_f32 interpreter"", ""solver.batch_size=16; auto_enlarge_batch_size=false for concurrent GPU memory budget""]",,,15.0,59926.0,official_attack_off_f32,"[""abcrown"",""scratch/text_export/sst_pinf/sst_buffet/onnx/sst_d3_L16.onnx"",""scratch/text_export/sst_pinf/sst_buffet/vnnlib/query_index_q0021_d3_L16_e35_p1_eps0p03.v1.vnnlib"",30.0,""official_attack_off_f32""]",
sst_pinf,22,sst_d3_L20.onnx,query_index_q0022_d3_L20_e733_p1_eps0p03.v1.vnnlib,unsat,3.232447862625122,CERTIFIED,1,30.0,3.232447862625122,7.525,4.121,11.763427905738354,0,0,,,not a FALSIFIED row,0,scratch/logs/fse2026/abcrown/sst_pinf/00022_7b33980fa8b81f1ea8f9_kyoizucb.log,6b8bbcfac1c01da1cabd240a87e4dce1a65f5a2b,"{""attack"": {""attack_off"": true, ""hook_replacements"": {}, ""overrides"": {""attack"": {""enable_mip_attack"": false, ""input_split_check_adv"": {""enabled"": ""false""}, ""pgd_order"": ""skip""}, ""bab"": {""attack"": {""enabled"": false}, ""branching"": {""input_split"": {""update_rhs_with_attack"": false}}}}}, ""biccos_applicable"": true, ""biccos_effective"": false, ""derived_path"": ""scratch/rq1_2026_tmp/baselines/abcrown/sst_pinf/00022_7b33980fa8b81f1ea8f9_kyoizucb/config.yaml"", ""deviations"": [""config mapping: derived (no official category; vit_2023 transformer config)"", ""attack-off (user decision D20): all attack/falsification stages disabled, see config.attack.overrides"", ""float32: general.double_fp=false; solver.use_float64_in_last_iteration=false; stable_f32 interpreter"", ""solver.batch_size=16; auto_enlarge_batch_size=false for concurrent GPU memory budget""], ""mapping"": ""derived (no official category; vit_2023 transformer config)"", ""notes"": [], ""official"": ""exp_configs/vnncomp23/vit.yaml"", ""official_biccos"": false, ""official_pgd_order"": ""skip"", ""variant"": ""official""}","[""config mapping: derived (no official category; vit_2023 transformer config)"", ""attack-off (user decision D20): all attack/falsification stages disabled, see config.attack.overrides"", ""float32: general.double_fp=false; solver.use_float64_in_last_iteration=false; stable_f32 interpreter"", ""solver.batch_size=16; auto_enlarge_batch_size=false for concurrent GPU memory budget""]",,,0.0,75610.0,official_attack_off_f32,"[""abcrown"",""scratch/text_export/sst_pinf/sst_buffet/onnx/sst_d3_L20.onnx"",""scratch/text_export/sst_pinf/sst_buffet/vnnlib/query_index_q0022_d3_L20_e733_p1_eps0p03.v1.vnnlib"",30.0,""official_attack_off_f32""]",
sst_pinf,23,sst_d3_L17.onnx,query_index_q0023_d3_L17_e1455_p1_eps0p03.v1.vnnlib,timeout,,TIMEOUT,0,30.0,,35.537,4.371,40.01707915402949,1,0,,,not a FALSIFIED row,0,scratch/logs/fse2026/abcrown/sst_pinf/00023_460ffe16ab85fde39a93_j7plc55p.log,6b8bbcfac1c01da1cabd240a87e4dce1a65f5a2b,"{""attack"": {""attack_off"": true, ""hook_replacements"": {}, ""overrides"": {""attack"": {""enable_mip_attack"": false, ""input_split_check_adv"": {""enabled"": ""false""}, ""pgd_order"": ""skip""}, ""bab"": {""attack"": {""enabled"": false}, ""branching"": {""input_split"": {""update_rhs_with_attack"": false}}}}}, ""biccos_applicable"": true, ""biccos_effective"": false, ""derived_path"": ""scratch/rq1_2026_tmp/baselines/abcrown/sst_pinf/00023_460ffe16ab85fde39a93_j7plc55p/config.yaml"", ""deviations"": [""config mapping: derived (no official category; vit_2023 transformer config)"", ""attack-off (user decision D20): all attack/falsification stages disabled, see config.attack.overrides"", ""float32: general.double_fp=false; solver.use_float64_in_last_iteration=false; stable_f32 interpreter"", ""solver.batch_size=16; auto_enlarge_batch_size=false for concurrent GPU memory budget""], ""mapping"": ""derived (no official category; vit_2023 transformer config)"", ""notes"": [], ""official"": ""exp_configs/vnncomp23/vit.yaml"", ""official_biccos"": false, ""official_pgd_order"": ""skip"", ""variant"": ""official""}","[""config mapping: derived (no official category; vit_2023 transformer config)"", ""attack-off (user decision D20): all attack/falsification stages disabled, see config.attack.overrides"", ""float32: general.double_fp=false; solver.use_float64_in_last_iteration=false; stable_f32 interpreter"", ""solver.batch_size=16; auto_enlarge_batch_size=false for concurrent GPU memory budget"", ""official CROWN crash retry; missing first-attempt tool clock means unscored (accounted wall+retry time retained separately)""]",,,0.0,75610.0,official_attack_off_f32,"[""abcrown"",""scratch/text_export/sst_pinf/sst_buffet/onnx/sst_d3_L17.onnx"",""scratch/text_export/sst_pinf/sst_buffet/vnnlib/query_index_q0023_d3_L17_e1455_p1_eps0p03.v1.vnnlib"",30.0,""official_attack_off_f32""]",
sst_pinf,24,sst_d3_L9.onnx,query_index_q0024_d3_L9_e1687_p1_eps0p03.v1.vnnlib,timeout,,TIMEOUT,0,30.0,,34.885,4.27,39.26287833601236,1,0,,,not a FALSIFIED row,0,scratch/logs/fse2026/abcrown/sst_pinf/00024_ac2e1d14687ae3a3ae44_5bzgjccn.log,6b8bbcfac1c01da1cabd240a87e4dce1a65f5a2b,"{""attack"": {""attack_off"": true, ""hook_replacements"": {}, ""overrides"": {""attack"": {""enable_mip_attack"": false, ""input_split_check_adv"": {""enabled"": ""false""}, ""pgd_order"": ""skip""}, ""bab"": {""attack"": {""enabled"": false}, ""branching"": {""input_split"": {""update_rhs_with_attack"": false}}}}}, ""biccos_applicable"": true, ""biccos_effective"": false, ""derived_path"": ""scratch/rq1_2026_tmp/baselines/abcrown/sst_pinf/00024_ac2e1d14687ae3a3ae44_5bzgjccn/config.yaml"", ""deviations"": [""config mapping: derived (no official category; vit_2023 transformer config)"", ""attack-off (user decision D20): all attack/falsification stages disabled, see config.attack.overrides"", ""float32: general.double_fp=false; solver.use_float64_in_last_iteration=false; stable_f32 interpreter"", ""solver.batch_size=16; auto_enlarge_batch_size=false for concurrent GPU memory budget""], ""mapping"": ""derived (no official category; vit_2023 transformer config)"", ""notes"": [], ""official"": ""exp_configs/vnncomp23/vit.yaml"", ""official_biccos"": false, ""official_pgd_order"": ""skip"", ""variant"": ""official""}","[""config mapping: derived (no official category; vit_2023 transformer config)"", ""attack-off (user decision D20): all attack/falsification stages disabled, see config.attack.overrides"", ""float32: general.double_fp=false; solver.use_float64_in_last_iteration=false; stable_f32 interpreter"", ""solver.batch_size=16; auto_enlarge_batch_size=false for concurrent GPU memory budget"", ""official CROWN crash retry; missing first-attempt tool clock means unscored (accounted wall+retry time retained separately)""]",,,45.0,93086.0,official_attack_off_f32,"[""abcrown"",""scratch/text_export/sst_pinf/sst_buffet/onnx/sst_d3_L9.onnx"",""scratch/text_export/sst_pinf/sst_buffet/vnnlib/query_index_q0024_d3_L9_e1687_p1_eps0p03.v1.vnnlib"",30.0,""official_attack_off_f32""]",
sst_pinf,25,sst_d3_L13.onnx,query_index_q0025_d3_L13_e1333_p1_eps0p03.v1.vnnlib,unsat,1.0781614780426025,CERTIFIED,1,30.0,1.0781614780426025,5.072,3.87,9.065301032736897,0,0,,,not a FALSIFIED row,0,scratch/logs/fse2026/abcrown/sst_pinf/00025_4a6d218f4aa1ffecd4c5_0nd3ns32.log,6b8bbcfac1c01da1cabd240a87e4dce1a65f5a2b,"{""attack"": {""attack_off"": true, ""hook_replacements"": {}, ""overrides"": {""attack"": {""enable_mip_attack"": false, ""input_split_check_adv"": {""enabled"": ""false""}, ""pgd_order"": ""skip""}, ""bab"": {""attack"": {""enabled"": false}, ""branching"": {""input_split"": {""update_rhs_with_attack"": false}}}}}, ""biccos_applicable"": true, ""biccos_effective"": false, ""derived_path"": ""scratch/rq1_2026_tmp/baselines/abcrown/sst_pinf/00025_4a6d218f4aa1ffecd4c5_0nd3ns32/config.yaml"", ""deviations"": [""config mapping: derived (no official category; vit_2023 transformer config)"", ""attack-off (user decision D20): all attack/falsification stages disabled, see config.attack.overrides"", ""float32: general.double_fp=false; solver.use_float64_in_last_iteration=false; stable_f32 interpreter"", ""solver.batch_size=16; auto_enlarge_batch_size=false for concurrent GPU memory budget""], ""mapping"": ""derived (no official category; vit_2023 transformer config)"", ""notes"": [], ""official"": ""exp_configs/vnncomp23/vit.yaml"", ""official_biccos"": false, ""official_pgd_order"": ""skip"", ""variant"": ""official""}","[""config mapping: derived (no official category; vit_2023 transformer config)"", ""attack-off (user decision D20): all attack/falsification stages disabled, see config.attack.overrides"", ""float32: general.double_fp=false; solver.use_float64_in_last_iteration=false; stable_f32 interpreter"", ""solver.batch_size=16; auto_enlarge_batch_size=false for concurrent GPU memory budget""]",,,0.0,12214.0,official_attack_off_f32,"[""abcrown"",""scratch/text_export/sst_pinf/sst_buffet/onnx/sst_d3_L13.onnx"",""scratch/text_export/sst_pinf/sst_buffet/vnnlib/query_index_q0025_d3_L13_e1333_p1_eps0p03.v1.vnnlib"",30.0,""official_attack_off_f32""]",
sst_pinf,26,sst_d3_L10.onnx,query_index_q0026_d3_L10_e1559_p1_eps0p03.v1.vnnlib,unsat,1.1113293170928955,CERTIFIED,1,30.0,1.1113293170928955,4.872,4.073,9.060698004439473,0,0,,,not a FALSIFIED row,0,scratch/logs/fse2026/abcrown/sst_pinf/00026_61687b52f37e3670f4be_o_n_cu3t.log,6b8bbcfac1c01da1cabd240a87e4dce1a65f5a2b,"{""attack"": {""attack_off"": true, ""hook_replacements"": {}, ""overrides"": {""attack"": {""enable_mip_attack"": false, ""input_split_check_adv"": {""enabled"": ""false""}, ""pgd_order"": ""skip""}, ""bab"": {""attack"": {""enabled"": false}, ""branching"": {""input_split"": {""update_rhs_with_attack"": false}}}}}, ""biccos_applicable"": true, ""biccos_effective"": false, ""derived_path"": ""scratch/rq1_2026_tmp/baselines/abcrown/sst_pinf/00026_61687b52f37e3670f4be_o_n_cu3t/config.yaml"", ""deviations"": [""config mapping: derived (no official category; vit_2023 transformer config)"", ""attack-off (user decision D20): all attack/falsification stages disabled, see config.attack.overrides"", ""float32: general.double_fp=false; solver.use_float64_in_last_iteration=false; stable_f32 interpreter"", ""solver.batch_size=16; auto_enlarge_batch_size=false for concurrent GPU memory budget""], ""mapping"": ""derived (no official category; vit_2023 transformer config)"", ""notes"": [], ""official"": ""exp_configs/vnncomp23/vit.yaml"", ""official_biccos"": false, ""official_pgd_order"": ""skip"", ""variant"": ""official""}","[""config mapping: derived (no official category; vit_2023 transformer config)"", ""attack-off (user decision D20): all attack/falsification stages disabled, see config.attack.overrides"", ""float32: general.double_fp=false; solver.use_float64_in_last_iteration=false; stable_f32 interpreter"", ""solver.batch_size=16; auto_enlarge_batch_size=false for concurrent GPU memory budget""]",,,0.0,11526.0,official_attack_off_f32,"[""abcrown"",""scratch/text_export/sst_pinf/sst_buffet/onnx/sst_d3_L10.onnx"",""scratch/text_export/sst_pinf/sst_buffet/vnnlib/query_index_q0026_d3_L10_e1559_p1_eps0p03.v1.vnnlib"",30.0,""official_attack_off_f32""]",
sst_pinf,27,sst_d3_L16.onnx,query_index_q0027_d3_L16_e1285_p1_eps0p03.v1.vnnlib,unsat,1.039036512374878,CERTIFIED,1,30.0,1.039036512374878,4.922,3.72,8.760935017839074,0,0,,,not a FALSIFIED row,0,scratch/logs/fse2026/abcrown/sst_pinf/00027_378d00c78e9e00d4bba6_mzvtyw9n.log,6b8bbcfac1c01da1cabd240a87e4dce1a65f5a2b,"{""attack"": {""attack_off"": true, ""hook_replacements"": {}, ""overrides"": {""attack"": {""enable_mip_attack"": false, ""input_split_check_adv"": {""enabled"": ""false""}, ""pgd_order"": ""skip""}, ""bab"": {""attack"": {""enabled"": false}, ""branching"": {""input_split"": {""update_rhs_with_attack"": false}}}}}, ""biccos_applicable"": true, ""biccos_effective"": false, ""derived_path"": ""scratch/rq1_2026_tmp/baselines/abcrown/sst_pinf/00027_378d00c78e9e00d4bba6_mzvtyw9n/config.yaml"", ""deviations"": [""config mapping: derived (no official category; vit_2023 transformer config)"", ""attack-off (user decision D20): all attack/falsification stages disabled, see config.attack.overrides"", ""float32: general.double_fp=false; solver.use_float64_in_last_iteration=false; stable_f32 interpreter"", ""solver.batch_size=16; auto_enlarge_batch_size=false for concurrent GPU memory budget""], ""mapping"": ""derived (no official category; vit_2023 transformer config)"", ""notes"": [], ""official"": ""exp_configs/vnncomp23/vit.yaml"", ""official_biccos"": false, ""official_pgd_order"": ""skip"", ""variant"": ""official""}","[""config mapping: derived (no official category; vit_2023 transformer config)"", ""attack-off (user decision D20): all attack/falsification stages disabled, see config.attack.overrides"", ""float32: general.double_fp=false; solver.use_float64_in_last_iteration=false; stable_f32 interpreter"", ""solver.batch_size=16; auto_enlarge_batch_size=false for concurrent GPU memory budget""]",,,24.0,18358.0,official_attack_off_f32,"[""abcrown"",""scratch/text_export/sst_pinf/sst_buffet/onnx/sst_d3_L16.onnx"",""scratch/text_export/sst_pinf/sst_buffet/vnnlib/query_index_q0027_d3_L16_e1285_p1_eps0p03.v1.vnnlib"",30.0,""official_attack_off_f32""]",
sst_pinf,28,sst_d3_L13.onnx,query_index_q0028_d3_L13_e1207_p1_eps0p03.v1.vnnlib,unsat,1.044851541519165,CERTIFIED,1,30.0,1.044851541519165,4.821,3.826,8.761636320501566,0,0,,,not a FALSIFIED row,0,scratch/logs/fse2026/abcrown/sst_pinf/00028_4b94845f6c533c45c9cc_q727my4d.log,6b8bbcfac1c01da1cabd240a87e4dce1a65f5a2b,"{""attack"": {""attack_off"": true, ""hook_replacements"": {}, ""overrides"": {""attack"": {""enable_mip_attack"": false, ""input_split_check_adv"": {""enabled"": ""false""}, ""pgd_order"": ""skip""}, ""bab"": {""attack"": {""enabled"": false}, ""branching"": {""input_split"": {""update_rhs_with_attack"": false}}}}}, ""biccos_applicable"": true, ""biccos_effective"": false, ""derived_path"": ""scratch/rq1_2026_tmp/baselines/abcrown/sst_pinf/00028_4b94845f6c533c45c9cc_q727my4d/config.yaml"", ""deviations"": [""config mapping: derived (no official category; vit_2023 transformer config)"", ""attack-off (user decision D20): all attack/falsification stages disabled, see config.attack.overrides"", ""float32: general.double_fp=false; solver.use_float64_in_last_iteration=false; stable_f32 interpreter"", ""solver.batch_size=16; auto_enlarge_batch_size=false for concurrent GPU memory budget""], ""mapping"": ""derived (no official category; vit_2023 transformer config)"", ""notes"": [], ""official"": ""exp_configs/vnncomp23/vit.yaml"", ""official_biccos"": false, ""official_pgd_order"": ""skip"", ""variant"": ""official""}","[""config mapping: derived (no official category; vit_2023 transformer config)"", ""attack-off (user decision D20): all attack/falsification stages disabled, see config.attack.overrides"", ""float32: general.double_fp=false; solver.use_float64_in_last_iteration=false; stable_f32 interpreter"", ""solver.batch_size=16; auto_enlarge_batch_size=false for concurrent GPU memory budget""]",,,0.0,11526.0,official_attack_off_f32,"[""abcrown"",""scratch/text_export/sst_pinf/sst_buffet/onnx/sst_d3_L13.onnx"",""scratch/text_export/sst_pinf/sst_buffet/vnnlib/query_index_q0028_d3_L13_e1207_p1_eps0p03.v1.vnnlib"",30.0,""official_attack_off_f32""]",
sst_pinf,29,sst_d3_L11.onnx,query_index_q0029_d3_L11_e1238_p1_eps0p03.v1.vnnlib,unsat,1.6271650791168213,CERTIFIED,1,30.0,1.6271650791168213,5.523,3.719,9.355295181274414,0,0,,,not a FALSIFIED row,0,scratch/logs/fse2026/abcrown/sst_pinf/00029_2102aa0bc0ed29cfffac_33lyms6q.log,6b8bbcfac1c01da1cabd240a87e4dce1a65f5a2b,"{""attack"": {""attack_off"": true, ""hook_replacements"": {}, ""overrides"": {""attack"": {""enable_mip_attack"": false, ""input_split_check_adv"": {""enabled"": ""false""}, ""pgd_order"": ""skip""}, ""bab"": {""attack"": {""enabled"": false}, ""branching"": {""input_split"": {""update_rhs_with_attack"": false}}}}}, ""biccos_applicable"": true, ""biccos_effective"": false, ""derived_path"": ""scratch/rq1_2026_tmp/baselines/abcrown/sst_pinf/00029_2102aa0bc0ed29cfffac_33lyms6q/config.yaml"", ""deviations"": [""config mapping: derived (no official category; vit_2023 transformer config)"", ""attack-off (user decision D20): all attack/falsification stages disabled, see config.attack.overrides"", ""float32: general.double_fp=false; solver.use_float64_in_last_iteration=false; stable_f32 interpreter"", ""solver.batch_size=16; auto_enlarge_batch_size=false for concurrent GPU memory budget""], ""mapping"": ""derived (no official category; vit_2023 transformer config)"", ""notes"": [], ""official"": ""exp_configs/vnncomp23/vit.yaml"", ""official_biccos"": false, ""official_pgd_order"": ""skip"", ""variant"": ""official""}","[""config mapping: derived (no official category; vit_2023 transformer config)"", ""attack-off (user decision D20): all attack/falsification stages disabled, see config.attack.overrides"", ""float32: general.double_fp=false; solver.use_float64_in_last_iteration=false; stable_f32 interpreter"", ""solver.batch_size=16; auto_enlarge_batch_size=false for concurrent GPU memory budget""]",,,0.0,12214.0,official_attack_off_f32,"[""abcrown"",""scratch/text_export/sst_pinf/sst_buffet/onnx/sst_d3_L11.onnx"",""scratch/text_export/sst_pinf/sst_buffet/vnnlib/query_index_q0029_d3_L11_e1238_p1_eps0p03.v1.vnnlib"",30.0,""official_attack_off_f32""]",
sst_pinf,30,sst_d3_L20.onnx,query_index_q0030_d3_L20_e37_p1_eps0p03.v1.vnnlib,unsat,1.3694584369659424,CERTIFIED,1,30.0,1.3694584369659424,5.172,3.92,9.211341546848416,0,0,,,not a FALSIFIED row,0,scratch/logs/fse2026/abcrown/sst_pinf/00030_12a5481baedcba2c925b_dptnw6dz.log,6b8bbcfac1c01da1cabd240a87e4dce1a65f5a2b,"{""attack"": {""attack_off"": true, ""hook_replacements"": {}, ""overrides"": {""attack"": {""enable_mip_attack"": false, ""input_split_check_adv"": {""enabled"": ""false""}, ""pgd_order"": ""skip""}, ""bab"": {""attack"": {""enabled"": false}, ""branching"": {""input_split"": {""update_rhs_with_attack"": false}}}}}, ""biccos_applicable"": true, ""biccos_effective"": false, ""derived_path"": ""scratch/rq1_2026_tmp/baselines/abcrown/sst_pinf/00030_12a5481baedcba2c925b_dptnw6dz/config.yaml"", ""deviations"": [""config mapping: derived (no official category; vit_2023 transformer config)"", ""attack-off (user decision D20): all attack/falsification stages disabled, see config.attack.overrides"", ""float32: general.double_fp=false; solver.use_float64_in_last_iteration=false; stable_f32 interpreter"", ""solver.batch_size=16; auto_enlarge_batch_size=false for concurrent GPU memory budget""], ""mapping"": ""derived (no official category; vit_2023 transformer config)"", ""notes"": [], ""official"": ""exp_configs/vnncomp23/vit.yaml"", ""official_biccos"": false, ""official_pgd_order"": ""skip"", ""variant"": ""official""}","[""config mapping: derived (no official category; vit_2023 transformer config)"", ""attack-off (user decision D20): all attack/falsification stages disabled, see config.attack.overrides"", ""float32: general.double_fp=false; solver.use_float64_in_last_iteration=false; stable_f32 interpreter"", ""solver.batch_size=16; auto_enlarge_batch_size=false for concurrent GPU memory budget""]",,,35.0,13776.0,official_attack_off_f32,"[""abcrown"",""scratch/text_export/sst_pinf/sst_buffet/onnx/sst_d3_L20.onnx"",""scratch/text_export/sst_pinf/sst_buffet/vnnlib/query_index_q0030_d3_L20_e37_p1_eps0p03.v1.vnnlib"",30.0,""official_attack_off_f32""]",
sst_pinf,31,sst_d3_L16.onnx,query_index_q0031_d3_L16_e724_p1_eps0p03.v1.vnnlib,unsat,1.0555956363677979,CERTIFIED,1,30.0,1.0555956363677979,4.822,3.77,8.711346602067351,0,0,,,not a FALSIFIED row,0,scratch/logs/fse2026/abcrown/sst_pinf/00031_82dac69f785a8faedf69_66fz4p8o.log,6b8bbcfac1c01da1cabd240a87e4dce1a65f5a2b,"{""attack"": {""attack_off"": true, ""hook_replacements"": {}, ""overrides"": {""attack"": {""enable_mip_attack"": false, ""input_split_check_adv"": {""enabled"": ""false""}, ""pgd_order"": ""skip""}, ""bab"": {""attack"": {""enabled"": false}, ""branching"": {""input_split"": {""update_rhs_with_attack"": false}}}}}, ""biccos_applicable"": true, ""biccos_effective"": false, ""derived_path"": ""scratch/rq1_2026_tmp/baselines/abcrown/sst_pinf/00031_82dac69f785a8faedf69_66fz4p8o/config.yaml"", ""deviations"": [""config mapping: derived (no official category; vit_2023 transformer config)"", ""attack-off (user decision D20): all attack/falsification stages disabled, see config.attack.overrides"", ""float32: general.double_fp=false; solver.use_float64_in_last_iteration=false; stable_f32 interpreter"", ""solver.batch_size=16; auto_enlarge_batch_size=false for concurrent GPU memory budget""], ""mapping"": ""derived (no official category; vit_2023 transformer config)"", ""notes"": [], ""official"": ""exp_configs/vnncomp23/vit.yaml"", ""official_biccos"": false, ""official_pgd_order"": ""skip"", ""variant"": ""official""}","[""config mapping: derived (no official category; vit_2023 transformer config)"", ""attack-off (user decision D20): all attack/falsification stages disabled, see config.attack.overrides"", ""float32: general.double_fp=false; solver.use_float64_in_last_iteration=false; stable_f32 interpreter"", ""solver.batch_size=16; auto_enlarge_batch_size=false for concurrent GPU memory budget""]",,,3.0,11526.0,official_attack_off_f32,"[""abcrown"",""scratch/text_export/sst_pinf/sst_buffet/onnx/sst_d3_L16.onnx"",""scratch/text_export/sst_pinf/sst_buffet/vnnlib/query_index_q0031_d3_L16_e724_p1_eps0p03.v1.vnnlib"",30.0,""official_attack_off_f32""]",
sst_pinf,32,sst_d3_L16.onnx,query_index_q0032_d3_L16_e290_p1_eps0p03.v1.vnnlib,unsat,7.702290296554565,CERTIFIED,1,30.0,7.702290296554565,11.734,3.82,15.674480728805065,0,0,,,not a FALSIFIED row,0,scratch/logs/fse2026/abcrown/sst_pinf/00032_b34296424262b756abf9_pc9mzc50.log,6b8bbcfac1c01da1cabd240a87e4dce1a65f5a2b,"{""attack"": {""attack_off"": true, ""hook_replacements"": {}, ""overrides"": {""attack"": {""enable_mip_attack"": false, ""input_split_check_adv"": {""enabled"": ""false""}, ""pgd_order"": ""skip""}, ""bab"": {""attack"": {""enabled"": false}, ""branching"": {""input_split"": {""update_rhs_with_attack"": false}}}}}, ""biccos_applicable"": true, ""biccos_effective"": false, ""derived_path"": ""scratch/rq1_2026_tmp/baselines/abcrown/sst_pinf/00032_b34296424262b756abf9_pc9mzc50/config.yaml"", ""deviations"": [""config mapping: derived (no official category; vit_2023 transformer config)"", ""attack-off (user decision D20): all attack/falsification stages disabled, see config.attack.overrides"", ""float32: general.double_fp=false; solver.use_float64_in_last_iteration=false; stable_f32 interpreter"", ""solver.batch_size=16; auto_enlarge_batch_size=false for concurrent GPU memory budget""], ""mapping"": ""derived (no official category; vit_2023 transformer config)"", ""notes"": [], ""official"": ""exp_configs/vnncomp23/vit.yaml"", ""official_biccos"": false, ""official_pgd_order"": ""skip"", ""variant"": ""official""}","[""config mapping: derived (no official category; vit_2023 transformer config)"", ""attack-off (user decision D20): all attack/falsification stages disabled, see config.attack.overrides"", ""float32: general.double_fp=false; solver.use_float64_in_last_iteration=false; stable_f32 interpreter"", ""solver.batch_size=16; auto_enlarge_batch_size=false for concurrent GPU memory budget""]",,,0.0,15194.0,official_attack_off_f32,"[""abcrown"",""scratch/text_export/sst_pinf/sst_buffet/onnx/sst_d3_L16.onnx"",""scratch/text_export/sst_pinf/sst_buffet/vnnlib/query_index_q0032_d3_L16_e290_p1_eps0p03.v1.vnnlib"",30.0,""official_attack_off_f32""]",
sst_pinf,33,sst_d3_L10.onnx,query_index_q0033_d3_L10_e1013_p1_eps0p03.v1.vnnlib,unsat,2.9971814155578613,CERTIFIED,1,30.0,2.9971814155578613,7.076,3.72,10.914744744077325,0,0,,,not a FALSIFIED row,0,scratch/logs/fse2026/abcrown/sst_pinf/00033_e07e39bd9ed3c3b34f64_1luzakqn.log,6b8bbcfac1c01da1cabd240a87e4dce1a65f5a2b,"{""attack"": {""attack_off"": true, ""hook_replacements"": {}, ""overrides"": {""attack"": {""enable_mip_attack"": false, ""input_split_check_adv"": {""enabled"": ""false""}, ""pgd_order"": ""skip""}, ""bab"": {""attack"": {""enabled"": false}, ""branching"": {""input_split"": {""update_rhs_with_attack"": false}}}}}, ""biccos_applicable"": true, ""biccos_effective"": false, ""derived_path"": ""scratch/rq1_2026_tmp/baselines/abcrown/sst_pinf/00033_e07e39bd9ed3c3b34f64_1luzakqn/config.yaml"", ""deviations"": [""config mapping: derived (no official category; vit_2023 transformer config)"", ""attack-off (user decision D20): all attack/falsification stages disabled, see config.attack.overrides"", ""float32: general.double_fp=false; solver.use_float64_in_last_iteration=false; stable_f32 interpreter"", ""solver.batch_size=16; auto_enlarge_batch_size=false for concurrent GPU memory budget""], ""mapping"": ""derived (no official category; vit_2023 transformer config)"", ""notes"": [], ""official"": ""exp_configs/vnncomp23/vit.yaml"", ""official_biccos"": false, ""official_pgd_order"": ""skip"", ""variant"": ""official""}","[""config mapping: derived (no official category; vit_2023 transformer config)"", ""attack-off (user decision D20): all attack/falsification stages disabled, see config.attack.overrides"", ""float32: general.double_fp=false; solver.use_float64_in_last_iteration=false; stable_f32 interpreter"", ""solver.batch_size=16; auto_enlarge_batch_size=false for concurrent GPU memory budget""]",,,13.0,47578.0,official_attack_off_f32,"[""abcrown"",""scratch/text_export/sst_pinf/sst_buffet/onnx/sst_d3_L10.onnx"",""scratch/text_export/sst_pinf/sst_buffet/vnnlib/query_index_q0033_d3_L10_e1013_p1_eps0p03.v1.vnnlib"",30.0,""official_attack_off_f32""]",
sst_pinf,34,sst_d3_L11.onnx,query_index_q0034_d3_L11_e1685_p1_eps0p03.v1.vnnlib,unsat,0.9930593967437744,CERTIFIED,1,30.0,0.9930593967437744,4.823,4.272,9.211737351492047,0,0,,,not a FALSIFIED row,0,scratch/logs/fse2026/abcrown/sst_pinf/00034_48d52493de94f8b15c1f_y6ibqt6y.log,6b8bbcfac1c01da1cabd240a87e4dce1a65f5a2b,"{""attack"": {""attack_off"": true, ""hook_replacements"": {}, ""overrides"": {""attack"": {""enable_mip_attack"": false, ""input_split_check_adv"": {""enabled"": ""false""}, ""pgd_order"": ""skip""}, ""bab"": {""attack"": {""enabled"": false}, ""branching"": {""input_split"": {""update_rhs_with_attack"": false}}}}}, ""biccos_applicable"": true, ""biccos_effective"": false, ""derived_path"": ""scratch/rq1_2026_tmp/baselines/abcrown/sst_pinf/00034_48d52493de94f8b15c1f_y6ibqt6y/config.yaml"", ""deviations"": [""config mapping: derived (no official category; vit_2023 transformer config)"", ""attack-off (user decision D20): all attack/falsification stages disabled, see config.attack.overrides"", ""float32: general.double_fp=false; solver.use_float64_in_last_iteration=false; stable_f32 interpreter"", ""solver.batch_size=16; auto_enlarge_batch_size=false for concurrent GPU memory budget""], ""mapping"": ""derived (no official category; vit_2023 transformer config)"", ""notes"": [], ""official"": ""exp_configs/vnncomp23/vit.yaml"", ""official_biccos"": false, ""official_pgd_order"": ""skip"", ""variant"": ""official""}","[""config mapping: derived (no official category; vit_2023 transformer config)"", ""attack-off (user decision D20): all attack/falsification stages disabled, see config.attack.overrides"", ""float32: general.double_fp=false; solver.use_float64_in_last_iteration=false; stable_f32 interpreter"", ""solver.batch_size=16; auto_enlarge_batch_size=false for concurrent GPU memory budget""]",,,2.0,80302.0,official_attack_off_f32,"[""abcrown"",""scratch/text_export/sst_pinf/sst_buffet/onnx/sst_d3_L11.onnx"",""scratch/text_export/sst_pinf/sst_buffet/vnnlib/query_index_q0034_d3_L11_e1685_p1_eps0p03.v1.vnnlib"",30.0,""official_attack_off_f32""]",
sst_pinf,35,sst_d3_L19.onnx,query_index_q0035_d3_L19_e1739_p1_eps0p03.v1.vnnlib,unsat,1.0777440071105957,CERTIFIED,1,30.0,1.0777440071105957,4.772,4.171,9.062187196686864,0,0,,,not a FALSIFIED row,0,scratch/logs/fse2026/abcrown/sst_pinf/00035_c51e7c2f42d865380270_k1wjwo8q.log,6b8bbcfac1c01da1cabd240a87e4dce1a65f5a2b,"{""attack"": {""attack_off"": true, ""hook_replacements"": {}, ""overrides"": {""attack"": {""enable_mip_attack"": false, ""input_split_check_adv"": {""enabled"": ""false""}, ""pgd_order"": ""skip""}, ""bab"": {""attack"": {""enabled"": false}, ""branching"": {""input_split"": {""update_rhs_with_attack"": false}}}}}, ""biccos_applicable"": true, ""biccos_effective"": false, ""derived_path"": ""scratch/rq1_2026_tmp/baselines/abcrown/sst_pinf/00035_c51e7c2f42d865380270_k1wjwo8q/config.yaml"", ""deviations"": [""config mapping: derived (no official category; vit_2023 transformer config)"", ""attack-off (user decision D20): all attack/falsification stages disabled, see config.attack.overrides"", ""float32: general.double_fp=false; solver.use_float64_in_last_iteration=false; stable_f32 interpreter"", ""solver.batch_size=16; auto_enlarge_batch_size=false for concurrent GPU memory budget""], ""mapping"": ""derived (no official category; vit_2023 transformer config)"", ""notes"": [], ""official"": ""exp_configs/vnncomp23/vit.yaml"", ""official_biccos"": false, ""official_pgd_order"": ""skip"", ""variant"": ""official""}","[""config mapping: derived (no official category; vit_2023 transformer config)"", ""attack-off (user decision D20): all attack/falsification stages disabled, see config.attack.overrides"", ""float32: general.double_fp=false; solver.use_float64_in_last_iteration=false; stable_f32 interpreter"", ""solver.batch_size=16; auto_enlarge_batch_size=false for concurrent GPU memory budget""]",,,0.0,80302.0,official_attack_off_f32,"[""abcrown"",""scratch/text_export/sst_pinf/sst_buffet/onnx/sst_d3_L19.onnx"",""scratch/text_export/sst_pinf/sst_buffet/vnnlib/query_index_q0035_d3_L19_e1739_p1_eps0p03.v1.vnnlib"",30.0,""official_attack_off_f32""]",
sst_pinf,36,sst_d3_L20.onnx,query_index_q0036_d3_L20_e1702_p1_eps0p03.v1.vnnlib,unsat,6.113034725189209,CERTIFIED,1,30.0,6.113034725189209,9.781,4.272,14.171228773891926,0,0,,,not a FALSIFIED row,0,scratch/logs/fse2026/abcrown/sst_pinf/00036_b2b85506c8acd8e006e1_llg1pirz.log,6b8bbcfac1c01da1cabd240a87e4dce1a65f5a2b,"{""attack"": {""attack_off"": true, ""hook_replacements"": {}, ""overrides"": {""attack"": {""enable_mip_attack"": false, ""input_split_check_adv"": {""enabled"": ""false""}, ""pgd_order"": ""skip""}, ""bab"": {""attack"": {""enabled"": false}, ""branching"": {""input_split"": {""update_rhs_with_attack"": false}}}}}, ""biccos_applicable"": true, ""biccos_effective"": false, ""derived_path"": ""scratch/rq1_2026_tmp/baselines/abcrown/sst_pinf/00036_b2b85506c8acd8e006e1_llg1pirz/config.yaml"", ""deviations"": [""config mapping: derived (no official category; vit_2023 transformer config)"", ""attack-off (user decision D20): all attack/falsification stages disabled, see config.attack.overrides"", ""float32: general.double_fp=false; solver.use_float64_in_last_iteration=false; stable_f32 interpreter"", ""solver.batch_size=16; auto_enlarge_batch_size=false for concurrent GPU memory budget""], ""mapping"": ""derived (no official category; vit_2023 transformer config)"", ""notes"": [], ""official"": ""exp_configs/vnncomp23/vit.yaml"", ""official_biccos"": false, ""official_pgd_order"": ""skip"", ""variant"": ""official""}","[""config mapping: derived (no official category; vit_2023 transformer config)"", ""attack-off (user decision D20): all attack/falsification stages disabled, see config.attack.overrides"", ""float32: general.double_fp=false; solver.use_float64_in_last_iteration=false; stable_f32 interpreter"", ""solver.batch_size=16; auto_enlarge_batch_size=false for concurrent GPU memory budget""]",,,22.0,80302.0,official_attack_off_f32,"[""abcrown"",""scratch/text_export/sst_pinf/sst_buffet/onnx/sst_d3_L20.onnx"",""scratch/text_export/sst_pinf/sst_buffet/vnnlib/query_index_q0036_d3_L20_e1702_p1_eps0p03.v1.vnnlib"",30.0,""official_attack_off_f32""]",
sst_pinf,37,sst_d3_L9.onnx,query_index_q0037_d3_L9_e1496_p1_eps0p03.v1.vnnlib,timeout,31.922496557235718,TIMEOUT,0,30.0,31.922496557235718,36.224,3.72,40.066976269707084,1,0,,,not a FALSIFIED row,0,scratch/logs/fse2026/abcrown/sst_pinf/00037_197f54680a7f088b8491_9k8newiy.log,6b8bbcfac1c01da1cabd240a87e4dce1a65f5a2b,"{""attack"": {""attack_off"": true, ""hook_replacements"": {}, ""overrides"": {""attack"": {""enable_mip_attack"": false, ""input_split_check_adv"": {""enabled"": ""false""}, ""pgd_order"": ""skip""}, ""bab"": {""attack"": {""enabled"": false}, ""branching"": {""input_split"": {""update_rhs_with_attack"": false}}}}}, ""biccos_applicable"": true, ""biccos_effective"": false, ""derived_path"": ""scratch/rq1_2026_tmp/baselines/abcrown/sst_pinf/00037_197f54680a7f088b8491_9k8newiy/config.yaml"", ""deviations"": [""config mapping: derived (no official category; vit_2023 transformer config)"", ""attack-off (user decision D20): all attack/falsification stages disabled, see config.attack.overrides"", ""float32: general.double_fp=false; solver.use_float64_in_last_iteration=false; stable_f32 interpreter"", ""solver.batch_size=16; auto_enlarge_batch_size=false for concurrent GPU memory budget""], ""mapping"": ""derived (no official category; vit_2023 transformer config)"", ""notes"": [], ""official"": ""exp_configs/vnncomp23/vit.yaml"", ""official_biccos"": false, ""official_pgd_order"": ""skip"", ""variant"": ""official""}","[""config mapping: derived (no official category; vit_2023 transformer config)"", ""attack-off (user decision D20): all attack/falsification stages disabled, see config.attack.overrides"", ""float32: general.double_fp=false; solver.use_float64_in_last_iteration=false; stable_f32 interpreter"", ""solver.batch_size=16; auto_enlarge_batch_size=false for concurrent GPU memory budget""]",,,4.0,68812.0,official_attack_off_f32,"[""abcrown"",""scratch/text_export/sst_pinf/sst_buffet/onnx/sst_d3_L9.onnx"",""scratch/text_export/sst_pinf/sst_buffet/vnnlib/query_index_q0037_d3_L9_e1496_p1_eps0p03.v1.vnnlib"",30.0,""official_attack_off_f32""]",
sst_pinf,38,sst_d3_L11.onnx,query_index_q0038_d3_L11_e1560_p1_eps0p03.v1.vnnlib,unsat,0.9809026718139648,CERTIFIED,1,30.0,0.9809026718139648,4.772,3.671,8.562531664967537,0,0,,,not a FALSIFIED row,0,scratch/logs/fse2026/abcrown/sst_pinf/00038_208fa24145def1429d3e__x8i_33w.log,6b8bbcfac1c01da1cabd240a87e4dce1a65f5a2b,"{""attack"": {""attack_off"": true, ""hook_replacements"": {}, ""overrides"": {""attack"": {""enable_mip_attack"": false, ""input_split_check_adv"": {""enabled"": ""false""}, ""pgd_order"": ""skip""}, ""bab"": {""attack"": {""enabled"": false}, ""branching"": {""input_split"": {""update_rhs_with_attack"": false}}}}}, ""biccos_applicable"": true, ""biccos_effective"": false, ""derived_path"": ""scratch/rq1_2026_tmp/baselines/abcrown/sst_pinf/00038_208fa24145def1429d3e__x8i_33w/config.yaml"", ""deviations"": [""config mapping: derived (no official category; vit_2023 transformer config)"", ""attack-off (user decision D20): all attack/falsification stages disabled, see config.attack.overrides"", ""float32: general.double_fp=false; solver.use_float64_in_last_iteration=false; stable_f32 interpreter"", ""solver.batch_size=16; auto_enlarge_batch_size=false for concurrent GPU memory budget""], ""mapping"": ""derived (no official category; vit_2023 transformer config)"", ""notes"": [], ""official"": ""exp_configs/vnncomp23/vit.yaml"", ""official_biccos"": false, ""official_pgd_order"": ""skip"", ""variant"": ""official""}","[""config mapping: derived (no official category; vit_2023 transformer config)"", ""attack-off (user decision D20): all attack/falsification stages disabled, see config.attack.overrides"", ""float32: general.double_fp=false; solver.use_float64_in_last_iteration=false; stable_f32 interpreter"", ""solver.batch_size=16; auto_enlarge_batch_size=false for concurrent GPU memory budget""]",,,99.0,68812.0,official_attack_off_f32,"[""abcrown"",""scratch/text_export/sst_pinf/sst_buffet/onnx/sst_d3_L11.onnx"",""scratch/text_export/sst_pinf/sst_buffet/vnnlib/query_index_q0038_d3_L11_e1560_p1_eps0p03.v1.vnnlib"",30.0,""official_attack_off_f32""]",
sst_pinf,39,sst_d3_L13.onnx,query_index_q0039_d3_L13_e1728_p1_eps0p03.v1.vnnlib,unsat,2.0989983081817627,CERTIFIED,1,30.0,2.0989983081817627,5.874,3.721,9.712434999644756,0,0,,,not a FALSIFIED row,0,scratch/logs/fse2026/abcrown/sst_pinf/00039_8f062d23fb8979d98ec7_4vfv2utn.log,6b8bbcfac1c01da1cabd240a87e4dce1a65f5a2b,"{""attack"": {""attack_off"": true, ""hook_replacements"": {}, ""overrides"": {""attack"": {""enable_mip_attack"": false, ""input_split_check_adv"": {""enabled"": ""false""}, ""pgd_order"": ""skip""}, ""bab"": {""attack"": {""enabled"": false}, ""branching"": {""input_split"": {""update_rhs_with_attack"": false}}}}}, ""biccos_applicable"": true, ""biccos_effective"": false, ""derived_path"": ""scratch/rq1_2026_tmp/baselines/abcrown/sst_pinf/00039_8f062d23fb8979d98ec7_4vfv2utn/config.yaml"", ""deviations"": [""config mapping: derived (no official category; vit_2023 transformer config)"", ""attack-off (user decision D20): all attack/falsification stages disabled, see config.attack.overrides"", ""float32: general.double_fp=false; solver.use_float64_in_last_iteration=false; stable_f32 interpreter"", ""solver.batch_size=16; auto_enlarge_batch_size=false for concurrent GPU memory budget""], ""mapping"": ""derived (no official category; vit_2023 transformer config)"", ""notes"": [], ""official"": ""exp_configs/vnncomp23/vit.yaml"", ""official_biccos"": false, ""official_pgd_order"": ""skip"", ""variant"": ""official""}","[""config mapping: derived (no official category; vit_2023 transformer config)"", ""attack-off (user decision D20): all attack/falsification stages disabled, see config.attack.overrides"", ""float32: general.double_fp=false; solver.use_float64_in_last_iteration=false; stable_f32 interpreter"", ""solver.batch_size=16; auto_enlarge_batch_size=false for concurrent GPU memory budget""]",,,2.0,724.0,official_attack_off_f32,"[""abcrown"",""scratch/text_export/sst_pinf/sst_buffet/onnx/sst_d3_L13.onnx"",""scratch/text_export/sst_pinf/sst_buffet/vnnlib/query_index_q0039_d3_L13_e1728_p1_eps0p03.v1.vnnlib"",30.0,""official_attack_off_f32""]",
sst_pinf,40,sst_d3_L20.onnx,query_index_q0040_d3_L20_e1155_p1_eps0p01.v1.vnnlib,unsat,1.1305315494537354,CERTIFIED,1,30.0,1.1305315494537354,4.772,3.92,8.808678844943643,0,0,,,not a FALSIFIED row,0,scratch/logs/fse2026/abcrown/sst_pinf/00040_d3a2e3cfa0194b5c9b9b_yxh3uzzu.log,6b8bbcfac1c01da1cabd240a87e4dce1a65f5a2b,"{""attack"": {""attack_off"": true, ""hook_replacements"": {}, ""overrides"": {""attack"": {""enable_mip_attack"": false, ""input_split_check_adv"": {""enabled"": ""false""}, ""pgd_order"": ""skip""}, ""bab"": {""attack"": {""enabled"": false}, ""branching"": {""input_split"": {""update_rhs_with_attack"": false}}}}}, ""biccos_applicable"": true, ""biccos_effective"": false, ""derived_path"": ""scratch/rq1_2026_tmp/baselines/abcrown/sst_pinf/00040_d3a2e3cfa0194b5c9b9b_yxh3uzzu/config.yaml"", ""deviations"": [""config mapping: derived (no official category; vit_2023 transformer config)"", ""attack-off (user decision D20): all attack/falsification stages disabled, see config.attack.overrides"", ""float32: general.double_fp=false; solver.use_float64_in_last_iteration=false; stable_f32 interpreter"", ""solver.batch_size=16; auto_enlarge_batch_size=false for concurrent GPU memory budget""], ""mapping"": ""derived (no official category; vit_2023 transformer config)"", ""notes"": [], ""official"": ""exp_configs/vnncomp23/vit.yaml"", ""official_biccos"": false, ""official_pgd_order"": ""skip"", ""variant"": ""official""}","[""config mapping: derived (no official category; vit_2023 transformer config)"", ""attack-off (user decision D20): all attack/falsification stages disabled, see config.attack.overrides"", ""float32: general.double_fp=false; solver.use_float64_in_last_iteration=false; stable_f32 interpreter"", ""solver.batch_size=16; auto_enlarge_batch_size=false for concurrent GPU memory budget""]",,,37.0,3744.0,official_attack_off_f32,"[""abcrown"",""scratch/text_export/sst_pinf/sst_buffet/onnx/sst_d3_L20.onnx"",""scratch/text_export/sst_pinf/sst_buffet/vnnlib/query_index_q0040_d3_L20_e1155_p1_eps0p01.v1.vnnlib"",30.0,""official_attack_off_f32""]",
sst_pinf,41,sst_d3_L19.onnx,query_index_q0041_d3_L19_e567_p1_eps0p01.v1.vnnlib,unsat,3.483057975769043,CERTIFIED,1,30.0,3.483057975769043,7.433,3.671,11.203842302784324,0,0,,,not a FALSIFIED row,0,scratch/logs/fse2026/abcrown/sst_pinf/00041_bf64ad7ef32a7a1376fe_e84s91rt.log,6b8bbcfac1c01da1cabd240a87e4dce1a65f5a2b,"{""attack"": {""attack_off"": true, ""hook_replacements"": {}, ""overrides"": {""attack"": {""enable_mip_attack"": false, ""input_split_check_adv"": {""enabled"": ""false""}, ""pgd_order"": ""skip""}, ""bab"": {""attack"": {""enabled"": false}, ""branching"": {""input_split"": {""update_rhs_with_attack"": false}}}}}, ""biccos_applicable"": true, ""biccos_effective"": false, ""derived_path"": ""scratch/rq1_2026_tmp/baselines/abcrown/sst_pinf/00041_bf64ad7ef32a7a1376fe_e84s91rt/config.yaml"", ""deviations"": [""config mapping: derived (no official category; vit_2023 transformer config)"", ""attack-off (user decision D20): all attack/falsification stages disabled, see config.attack.overrides"", ""float32: general.double_fp=false; solver.use_float64_in_last_iteration=false; stable_f32 interpreter"", ""solver.batch_size=16; auto_enlarge_batch_size=false for concurrent GPU memory budget""], ""mapping"": ""derived (no official category; vit_2023 transformer config)"", ""notes"": [], ""official"": ""exp_configs/vnncomp23/vit.yaml"", ""official_biccos"": false, ""official_pgd_order"": ""skip"", ""variant"": ""official""}","[""config mapping: derived (no official category; vit_2023 transformer config)"", ""attack-off (user decision D20): all attack/falsification stages disabled, see config.attack.overrides"", ""float32: general.double_fp=false; solver.use_float64_in_last_iteration=false; stable_f32 interpreter"", ""solver.batch_size=16; auto_enlarge_batch_size=false for concurrent GPU memory budget""]",,,7.0,34.0,official_attack_off_f32,"[""abcrown"",""scratch/text_export/sst_pinf/sst_buffet/onnx/sst_d3_L19.onnx"",""scratch/text_export/sst_pinf/sst_buffet/vnnlib/query_index_q0041_d3_L19_e567_p1_eps0p01.v1.vnnlib"",30.0,""official_attack_off_f32""]",
sst_pinf,42,sst_d3_L16.onnx,query_index_q0042_d3_L16_e1599_p1_eps0p01.v1.vnnlib,unsat,3.924349546432495,CERTIFIED,1,30.0,3.924349546432495,7.877,3.621,11.613367263227701,0,0,,,not a FALSIFIED row,0,scratch/logs/fse2026/abcrown/sst_pinf/00042_5bac46b0ae9ea00075cd_2bjhbh46.log,6b8bbcfac1c01da1cabd240a87e4dce1a65f5a2b,"{""attack"": {""attack_off"": true, ""hook_replacements"": {}, ""overrides"": {""attack"": {""enable_mip_attack"": false, ""input_split_check_adv"": {""enabled"": ""false""}, ""pgd_order"": ""skip""}, ""bab"": {""attack"": {""enabled"": false}, ""branching"": {""input_split"": {""update_rhs_with_attack"": false}}}}}, ""biccos_applicable"": true, ""biccos_effective"": false, ""derived_path"": ""scratch/rq1_2026_tmp/baselines/abcrown/sst_pinf/00042_5bac46b0ae9ea00075cd_2bjhbh46/config.yaml"", ""deviations"": [""config mapping: derived (no official category; vit_2023 transformer config)"", ""attack-off (user decision D20): all attack/falsification stages disabled, see config.attack.overrides"", ""float32: general.double_fp=false; solver.use_float64_in_last_iteration=false; stable_f32 interpreter"", ""solver.batch_size=16; auto_enlarge_batch_size=false for concurrent GPU memory budget""], ""mapping"": ""derived (no official category; vit_2023 transformer config)"", ""notes"": [], ""official"": ""exp_configs/vnncomp23/vit.yaml"", ""official_biccos"": false, ""official_pgd_order"": ""skip"", ""variant"": ""official""}","[""config mapping: derived (no official category; vit_2023 transformer config)"", ""attack-off (user decision D20): all attack/falsification stages disabled, see config.attack.overrides"", ""float32: general.double_fp=false; solver.use_float64_in_last_iteration=false; stable_f32 interpreter"", ""solver.batch_size=16; auto_enlarge_batch_size=false for concurrent GPU memory budget""]",,,0.0,34.0,official_attack_off_f32,"[""abcrown"",""scratch/text_export/sst_pinf/sst_buffet/onnx/sst_d3_L16.onnx"",""scratch/text_export/sst_pinf/sst_buffet/vnnlib/query_index_q0042_d3_L16_e1599_p1_eps0p01.v1.vnnlib"",30.0,""official_attack_off_f32""]",
sst_pinf,43,sst_d3_L5.onnx,query_index_q0043_d3_L5_e1251_p1_eps0p01.v1.vnnlib,unsat,4.22092604637146,CERTIFIED,1,30.0,4.22092604637146,8.177,4.021,12.314645247533917,0,0,,,not a FALSIFIED row,0,scratch/logs/fse2026/abcrown/sst_pinf/00043_70ff0491d7f192fe89d4_2c81xu3_.log,6b8bbcfac1c01da1cabd240a87e4dce1a65f5a2b,"{""attack"": {""attack_off"": true, ""hook_replacements"": {}, ""overrides"": {""attack"": {""enable_mip_attack"": false, ""input_split_check_adv"": {""enabled"": ""false""}, ""pgd_order"": ""skip""}, ""bab"": {""attack"": {""enabled"": false}, ""branching"": {""input_split"": {""update_rhs_with_attack"": false}}}}}, ""biccos_applicable"": true, ""biccos_effective"": false, ""derived_path"": ""scratch/rq1_2026_tmp/baselines/abcrown/sst_pinf/00043_70ff0491d7f192fe89d4_2c81xu3_/config.yaml"", ""deviations"": [""config mapping: derived (no official category; vit_2023 transformer config)"", ""attack-off (user decision D20): all attack/falsification stages disabled, see config.attack.overrides"", ""float32: general.double_fp=false; solver.use_float64_in_last_iteration=false; stable_f32 interpreter"", ""solver.batch_size=16; auto_enlarge_batch_size=false for concurrent GPU memory budget""], ""mapping"": ""derived (no official category; vit_2023 transformer config)"", ""notes"": [], ""official"": ""exp_configs/vnncomp23/vit.yaml"", ""official_biccos"": false, ""official_pgd_order"": ""skip"", ""variant"": ""official""}","[""config mapping: derived (no official category; vit_2023 transformer config)"", ""attack-off (user decision D20): all attack/falsification stages disabled, see config.attack.overrides"", ""float32: general.double_fp=false; solver.use_float64_in_last_iteration=false; stable_f32 interpreter"", ""solver.batch_size=16; auto_enlarge_batch_size=false for concurrent GPU memory budget""]",,,98.0,17972.0,official_attack_off_f32,"[""abcrown"",""scratch/text_export/sst_pinf/sst_buffet/onnx/sst_d3_L5.onnx"",""scratch/text_export/sst_pinf/sst_buffet/vnnlib/query_index_q0043_d3_L5_e1251_p1_eps0p01.v1.vnnlib"",30.0,""official_attack_off_f32""]",
sst_pinf,44,sst_d3_L14.onnx,query_index_q0044_d3_L14_e45_p1_eps0p01.v1.vnnlib,unsat,3.552032470703125,CERTIFIED,1,30.0,3.552032470703125,7.426,4.02,11.56343038752675,0,0,,,not a FALSIFIED row,0,scratch/logs/fse2026/abcrown/sst_pinf/00044_6eda77dac7c13154aa08_c57_ob0m.log,6b8bbcfac1c01da1cabd240a87e4dce1a65f5a2b,"{""attack"": {""attack_off"": true, ""hook_replacements"": {}, ""overrides"": {""attack"": {""enable_mip_attack"": false, ""input_split_check_adv"": {""enabled"": ""false""}, ""pgd_order"": ""skip""}, ""bab"": {""attack"": {""enabled"": false}, ""branching"": {""input_split"": {""update_rhs_with_attack"": false}}}}}, ""biccos_applicable"": true, ""biccos_effective"": false, ""derived_path"": ""scratch/rq1_2026_tmp/baselines/abcrown/sst_pinf/00044_6eda77dac7c13154aa08_c57_ob0m/config.yaml"", ""deviations"": [""config mapping: derived (no official category; vit_2023 transformer config)"", ""attack-off (user decision D20): all attack/falsification stages disabled, see config.attack.overrides"", ""float32: general.double_fp=false; solver.use_float64_in_last_iteration=false; stable_f32 interpreter"", ""solver.batch_size=16; auto_enlarge_batch_size=false for concurrent GPU memory budget""], ""mapping"": ""derived (no official category; vit_2023 transformer config)"", ""notes"": [], ""official"": ""exp_configs/vnncomp23/vit.yaml"", ""official_biccos"": false, ""official_pgd_order"": ""skip"", ""variant"": ""official""}","[""config mapping: derived (no official category; vit_2023 transformer config)"", ""attack-off (user decision D20): all attack/falsification stages disabled, see config.attack.overrides"", ""float32: general.double_fp=false; solver.use_float64_in_last_iteration=false; stable_f32 interpreter"", ""solver.batch_size=16; auto_enlarge_batch_size=false for concurrent GPU memory budget""]",,,99.0,34058.0,official_attack_off_f32,"[""abcrown"",""scratch/text_export/sst_pinf/sst_buffet/onnx/sst_d3_L14.onnx"",""scratch/text_export/sst_pinf/sst_buffet/vnnlib/query_index_q0044_d3_L14_e45_p1_eps0p01.v1.vnnlib"",30.0,""official_attack_off_f32""]",
sst_pinf,45,sst_d3_L13.onnx,query_index_q0045_d3_L13_e1323_p1_eps0p01.v1.vnnlib,unsat,4.868927240371704,CERTIFIED,1,30.0,4.868927240371704,8.628,4.02,12.762699356302619,0,0,,,not a FALSIFIED row,0,scratch/logs/fse2026/abcrown/sst_pinf/00045_223c7b5660d978ca1cdd_q9wx1s_1.log,6b8bbcfac1c01da1cabd240a87e4dce1a65f5a2b,"{""attack"": {""attack_off"": true, ""hook_replacements"": {}, ""overrides"": {""attack"": {""enable_mip_attack"": false, ""input_split_check_adv"": {""enabled"": ""false""}, ""pgd_order"": ""skip""}, ""bab"": {""attack"": {""enabled"": false}, ""branching"": {""input_split"": {""update_rhs_with_attack"": false}}}}}, ""biccos_applicable"": true, ""biccos_effective"": false, ""derived_path"": ""scratch/rq1_2026_tmp/baselines/abcrown/sst_pinf/00045_223c7b5660d978ca1cdd_q9wx1s_1/config.yaml"", ""deviations"": [""config mapping: derived (no official category; vit_2023 transformer config)"", ""attack-off (user decision D20): all attack/falsification stages disabled, see config.attack.overrides"", ""float32: general.double_fp=false; solver.use_float64_in_last_iteration=false; stable_f32 interpreter"", ""solver.batch_size=16; auto_enlarge_batch_size=false for concurrent GPU memory budget""], ""mapping"": ""derived (no official category; vit_2023 transformer config)"", ""notes"": [], ""official"": ""exp_configs/vnncomp23/vit.yaml"", ""official_biccos"": false, ""official_pgd_order"": ""skip"", ""variant"": ""official""}","[""config mapping: derived (no official category; vit_2023 transformer config)"", ""attack-off (user decision D20): all attack/falsification stages disabled, see config.attack.overrides"", ""float32: general.double_fp=false; solver.use_float64_in_last_iteration=false; stable_f32 interpreter"", ""solver.batch_size=16; auto_enlarge_batch_size=false for concurrent GPU memory budget""]",,,97.0,38738.0,official_attack_off_f32,"[""abcrown"",""scratch/text_export/sst_pinf/sst_buffet/onnx/sst_d3_L13.onnx"",""scratch/text_export/sst_pinf/sst_buffet/vnnlib/query_index_q0045_d3_L13_e1323_p1_eps0p01.v1.vnnlib"",30.0,""official_attack_off_f32""]",
sst_pinf,46,sst_d3_L15.onnx,query_index_q0046_d3_L15_e875_p1_eps0p01.v1.vnnlib,unsat,2.7521133422851562,CERTIFIED,1,30.0,2.7521133422851562,6.826,3.82,10.760615965351462,0,0,,,not a FALSIFIED row,0,scratch/logs/fse2026/abcrown/sst_pinf/00046_f41089001c149f936975_hv365rog.log,6b8bbcfac1c01da1cabd240a87e4dce1a65f5a2b,"{""attack"": {""attack_off"": true, ""hook_replacements"": {}, ""overrides"": {""attack"": {""enable_mip_attack"": false, ""input_split_check_adv"": {""enabled"": ""false""}, ""pgd_order"": ""skip""}, ""bab"": {""attack"": {""enabled"": false}, ""branching"": {""input_split"": {""update_rhs_with_attack"": false}}}}}, ""biccos_applicable"": true, ""biccos_effective"": false, ""derived_path"": ""scratch/rq1_2026_tmp/baselines/abcrown/sst_pinf/00046_f41089001c149f936975_hv365rog/config.yaml"", ""deviations"": [""config mapping: derived (no official category; vit_2023 transformer config)"", ""attack-off (user decision D20): all attack/falsification stages disabled, see config.attack.overrides"", ""float32: general.double_fp=false; solver.use_float64_in_last_iteration=false; stable_f32 interpreter"", ""solver.batch_size=16; auto_enlarge_batch_size=false for concurrent GPU memory budget""], ""mapping"": ""derived (no official category; vit_2023 transformer config)"", ""notes"": [], ""official"": ""exp_configs/vnncomp23/vit.yaml"", ""official_biccos"": false, ""official_pgd_order"": ""skip"", ""variant"": ""official""}","[""config mapping: derived (no official category; vit_2023 transformer config)"", ""attack-off (user decision D20): all attack/falsification stages disabled, see config.attack.overrides"", ""float32: general.double_fp=false; solver.use_float64_in_last_iteration=false; stable_f32 interpreter"", ""solver.batch_size=16; auto_enlarge_batch_size=false for concurrent GPU memory budget""]",,,0.0,37.0,official_attack_off_f32,"[""abcrown"",""scratch/text_export/sst_pinf/sst_buffet/onnx/sst_d3_L15.onnx"",""scratch/text_export/sst_pinf/sst_buffet/vnnlib/query_index_q0046_d3_L15_e875_p1_eps0p01.v1.vnnlib"",30.0,""official_attack_off_f32""]",
sst_pinf,47,sst_d3_L9.onnx,query_index_q0047_d3_L9_e818_p1_eps0p01.v1.vnnlib,unsat,3.536900758743286,CERTIFIED,1,30.0,3.536900758743286,7.627,3.97,11.705233169719577,0,0,,,not a FALSIFIED row,0,scratch/logs/fse2026/abcrown/sst_pinf/00047_c11ca6fb7cecaf7b86e8_kh0e9l4m.log,6b8bbcfac1c01da1cabd240a87e4dce1a65f5a2b,"{""attack"": {""attack_off"": true, ""hook_replacements"": {}, ""overrides"": {""attack"": {""enable_mip_attack"": false, ""input_split_check_adv"": {""enabled"": ""false""}, ""pgd_order"": ""skip""}, ""bab"": {""attack"": {""enabled"": false}, ""branching"": {""input_split"": {""update_rhs_with_attack"": false}}}}}, ""biccos_applicable"": true, ""biccos_effective"": false, ""derived_path"": ""scratch/rq1_2026_tmp/baselines/abcrown/sst_pinf/00047_c11ca6fb7cecaf7b86e8_kh0e9l4m/config.yaml"", ""deviations"": [""config mapping: derived (no official category; vit_2023 transformer config)"", ""attack-off (user decision D20): all attack/falsification stages disabled, see config.attack.overrides"", ""float32: general.double_fp=false; solver.use_float64_in_last_iteration=false; stable_f32 interpreter"", ""solver.batch_size=16; auto_enlarge_batch_size=false for concurrent GPU memory budget""], ""mapping"": ""derived (no official category; vit_2023 transformer config)"", ""notes"": [], ""official"": ""exp_configs/vnncomp23/vit.yaml"", ""official_biccos"": false, ""official_pgd_order"": ""skip"", ""variant"": ""official""}","[""config mapping: derived (no official category; vit_2023 transformer config)"", ""attack-off (user decision D20): all attack/falsification stages disabled, see config.attack.overrides"", ""float32: general.double_fp=false; solver.use_float64_in_last_iteration=false; stable_f32 interpreter"", ""solver.batch_size=16; auto_enlarge_batch_size=false for concurrent GPU memory budget""]",,,87.0,26196.0,official_attack_off_f32,"[""abcrown"",""scratch/text_export/sst_pinf/sst_buffet/onnx/sst_d3_L9.onnx"",""scratch/text_export/sst_pinf/sst_buffet/vnnlib/query_index_q0047_d3_L9_e818_p1_eps0p01.v1.vnnlib"",30.0,""official_attack_off_f32""]",
sst_pinf,48,sst_d3_L11.onnx,query_index_q0048_d3_L11_e1783_p1_eps0p01.v1.vnnlib,unsat,4.135730266571045,CERTIFIED,1,30.0,4.135730266571045,7.977,3.72,11.811224224045873,0,0,,,not a FALSIFIED row,0,scratch/logs/fse2026/abcrown/sst_pinf/00048_504f87284db9de23a12c_w02druxn.log,6b8bbcfac1c01da1cabd240a87e4dce1a65f5a2b,"{""attack"": {""attack_off"": true, ""hook_replacements"": {}, ""overrides"": {""attack"": {""enable_mip_attack"": false, ""input_split_check_adv"": {""enabled"": ""false""}, ""pgd_order"": ""skip""}, ""bab"": {""attack"": {""enabled"": false}, ""branching"": {""input_split"": {""update_rhs_with_attack"": false}}}}}, ""biccos_applicable"": true, ""biccos_effective"": false, ""derived_path"": ""scratch/rq1_2026_tmp/baselines/abcrown/sst_pinf/00048_504f87284db9de23a12c_w02druxn/config.yaml"", ""deviations"": [""config mapping: derived (no official category; vit_2023 transformer config)"", ""attack-off (user decision D20): all attack/falsification stages disabled, see config.attack.overrides"", ""float32: general.double_fp=false; solver.use_float64_in_last_iteration=false; stable_f32 interpreter"", ""solver.batch_size=16; auto_enlarge_batch_size=false for concurrent GPU memory budget""], ""mapping"": ""derived (no official category; vit_2023 transformer config)"", ""notes"": [], ""official"": ""exp_configs/vnncomp23/vit.yaml"", ""official_biccos"": false, ""official_pgd_order"": ""skip"", ""variant"": ""official""}","[""config mapping: derived (no official category; vit_2023 transformer config)"", ""attack-off (user decision D20): all attack/falsification stages disabled, see config.attack.overrides"", ""float32: general.double_fp=false; solver.use_float64_in_last_iteration=false; stable_f32 interpreter"", ""solver.batch_size=16; auto_enlarge_batch_size=false for concurrent GPU memory budget""]",,,40.0,4658.0,official_attack_off_f32,"[""abcrown"",""scratch/text_export/sst_pinf/sst_buffet/onnx/sst_d3_L11.onnx"",""scratch/text_export/sst_pinf/sst_buffet/vnnlib/query_index_q0048_d3_L11_e1783_p1_eps0p01.v1.vnnlib"",30.0,""official_attack_off_f32""]",
sst_pinf,49,sst_d3_L14.onnx,query_index_q0049_d3_L14_e1193_p1_eps0p01.v1.vnnlib,timeout,30.909593105316162,TIMEOUT,0,30.0,30.909593105316162,34.924,3.77,38.80212230049074,1,0,,,not a FALSIFIED row,0,scratch/logs/fse2026/abcrown/sst_pinf/00049_bf05cce15c5946dd36d5_hfvg5q0m.log,6b8bbcfac1c01da1cabd240a87e4dce1a65f5a2b,"{""attack"": {""attack_off"": true, ""hook_replacements"": {}, ""overrides"": {""attack"": {""enable_mip_attack"": false, ""input_split_check_adv"": {""enabled"": ""false""}, ""pgd_order"": ""skip""}, ""bab"": {""attack"": {""enabled"": false}, ""branching"": {""input_split"": {""update_rhs_with_attack"": false}}}}}, ""biccos_applicable"": true, ""biccos_effective"": false, ""derived_path"": ""scratch/rq1_2026_tmp/baselines/abcrown/sst_pinf/00049_bf05cce15c5946dd36d5_hfvg5q0m/config.yaml"", ""deviations"": [""config mapping: derived (no official category; vit_2023 transformer config)"", ""attack-off (user decision D20): all attack/falsification stages disabled, see config.attack.overrides"", ""float32: general.double_fp=false; solver.use_float64_in_last_iteration=false; stable_f32 interpreter"", ""solver.batch_size=16; auto_enlarge_batch_size=false for concurrent GPU memory budget""], ""mapping"": ""derived (no official category; vit_2023 transformer config)"", ""notes"": [], ""official"": ""exp_configs/vnncomp23/vit.yaml"", ""official_biccos"": false, ""official_pgd_order"": ""skip"", ""variant"": ""official""}","[""config mapping: derived (no official category; vit_2023 transformer config)"", ""attack-off (user decision D20): all attack/falsification stages disabled, see config.attack.overrides"", ""float32: general.double_fp=false; solver.use_float64_in_last_iteration=false; stable_f32 interpreter"", ""solver.batch_size=16; auto_enlarge_batch_size=false for concurrent GPU memory budget""]",,,0.0,37.0,official_attack_off_f32,"[""abcrown"",""scratch/text_export/sst_pinf/sst_buffet/onnx/sst_d3_L14.onnx"",""scratch/text_export/sst_pinf/sst_buffet/vnnlib/query_index_q0049_d3_L14_e1193_p1_eps0p01.v1.vnnlib"",30.0,""official_attack_off_f32""]",
sst_pinf,50,sst_d3_L20.onnx,query_index_q0050_d3_L20_e1155_p1_eps0p03.v1.vnnlib,unsat,4.976457834243774,CERTIFIED,1,30.0,4.976457834243774,8.928,3.723,12.764925254508853,0,0,,,not a FALSIFIED row,0,scratch/logs/fse2026/abcrown/sst_pinf/00050_5ed5f2cded2b04ce0576_9y3rcxat.log,6b8bbcfac1c01da1cabd240a87e4dce1a65f5a2b,"{""attack"": {""attack_off"": true, ""hook_replacements"": {}, ""overrides"": {""attack"": {""enable_mip_attack"": false, ""input_split_check_adv"": {""enabled"": ""false""}, ""pgd_order"": ""skip""}, ""bab"": {""attack"": {""enabled"": false}, ""branching"": {""input_split"": {""update_rhs_with_attack"": false}}}}}, ""biccos_applicable"": true, ""biccos_effective"": false, ""derived_path"": ""scratch/rq1_2026_tmp/baselines/abcrown/sst_pinf/00050_5ed5f2cded2b04ce0576_9y3rcxat/config.yaml"", ""deviations"": [""config mapping: derived (no official category; vit_2023 transformer config)"", ""attack-off (user decision D20): all attack/falsification stages disabled, see config.attack.overrides"", ""float32: general.double_fp=false; solver.use_float64_in_last_iteration=false; stable_f32 interpreter"", ""solver.batch_size=16; auto_enlarge_batch_size=false for concurrent GPU memory budget""], ""mapping"": ""derived (no official category; vit_2023 transformer config)"", ""notes"": [], ""official"": ""exp_configs/vnncomp23/vit.yaml"", ""official_biccos"": false, ""official_pgd_order"": ""skip"", ""variant"": ""official""}","[""config mapping: derived (no official category; vit_2023 transformer config)"", ""attack-off (user decision D20): all attack/falsification stages disabled, see config.attack.overrides"", ""float32: general.double_fp=false; solver.use_float64_in_last_iteration=false; stable_f32 interpreter"", ""solver.batch_size=16; auto_enlarge_batch_size=false for concurrent GPU memory budget""]",,,49.0,4098.0,official_attack_off_f32,"[""abcrown"",""scratch/text_export/sst_pinf/sst_buffet/onnx/sst_d3_L20.onnx"",""scratch/text_export/sst_pinf/sst_buffet/vnnlib/query_index_q0050_d3_L20_e1155_p1_eps0p03.v1.vnnlib"",30.0,""official_attack_off_f32""]",
sst_pinf,51,sst_d3_L19.onnx,query_index_q0051_d3_L19_e567_p1_eps0p03.v1.vnnlib,unsat,3.7873871326446533,CERTIFIED,1,30.0,3.7873871326446533,7.877,4.02,12.003878371790051,0,0,,,not a FALSIFIED row,0,scratch/logs/fse2026/abcrown/sst_pinf/00051_0a4d971655ba2a8cafe1_uvp40z3s.log,6b8bbcfac1c01da1cabd240a87e4dce1a65f5a2b,"{""attack"": {""attack_off"": true, ""hook_replacements"": {}, ""overrides"": {""attack"": {""enable_mip_attack"": false, ""input_split_check_adv"": {""enabled"": ""false""}, ""pgd_order"": ""skip""}, ""bab"": {""attack"": {""enabled"": false}, ""branching"": {""input_split"": {""update_rhs_with_attack"": false}}}}}, ""biccos_applicable"": true, ""biccos_effective"": false, ""derived_path"": ""scratch/rq1_2026_tmp/baselines/abcrown/sst_pinf/00051_0a4d971655ba2a8cafe1_uvp40z3s/config.yaml"", ""deviations"": [""config mapping: derived (no official category; vit_2023 transformer config)"", ""attack-off (user decision D20): all attack/falsification stages disabled, see config.attack.overrides"", ""float32: general.double_fp=false; solver.use_float64_in_last_iteration=false; stable_f32 interpreter"", ""solver.batch_size=16; auto_enlarge_batch_size=false for concurrent GPU memory budget""], ""mapping"": ""derived (no official category; vit_2023 transformer config)"", ""notes"": [], ""official"": ""exp_configs/vnncomp23/vit.yaml"", ""official_biccos"": false, ""official_pgd_order"": ""skip"", ""variant"": ""official""}","[""config mapping: derived (no official category; vit_2023 transformer config)"", ""attack-off (user decision D20): all attack/falsification stages disabled, see config.attack.overrides"", ""float32: general.double_fp=false; solver.use_float64_in_last_iteration=false; stable_f32 interpreter"", ""solver.batch_size=16; auto_enlarge_batch_size=false for concurrent GPU memory budget""]",,,98.0,31338.0,official_attack_off_f32,"[""abcrown"",""scratch/text_export/sst_pinf/sst_buffet/onnx/sst_d3_L19.onnx"",""scratch/text_export/sst_pinf/sst_buffet/vnnlib/query_index_q0051_d3_L19_e567_p1_eps0p03.v1.vnnlib"",30.0,""official_attack_off_f32""]",
sst_pinf,52,sst_d3_L16.onnx,query_index_q0052_d3_L16_e1599_p1_eps0p03.v1.vnnlib,unsat,2.3045284748077393,CERTIFIED,1,30.0,2.3045284748077393,6.074,3.67,9.853571621701121,0,0,,,not a FALSIFIED row,0,scratch/logs/fse2026/abcrown/sst_pinf/00052_a14716a896fb027bdd98_my0cwt4u.log,6b8bbcfac1c01da1cabd240a87e4dce1a65f5a2b,"{""attack"": {""attack_off"": true, ""hook_replacements"": {}, ""overrides"": {""attack"": {""enable_mip_attack"": false, ""input_split_check_adv"": {""enabled"": ""false""}, ""pgd_order"": ""skip""}, ""bab"": {""attack"": {""enabled"": false}, ""branching"": {""input_split"": {""update_rhs_with_attack"": false}}}}}, ""biccos_applicable"": true, ""biccos_effective"": false, ""derived_path"": ""scratch/rq1_2026_tmp/baselines/abcrown/sst_pinf/00052_a14716a896fb027bdd98_my0cwt4u/config.yaml"", ""deviations"": [""config mapping: derived (no official category; vit_2023 transformer config)"", ""attack-off (user decision D20): all attack/falsification stages disabled, see config.attack.overrides"", ""float32: general.double_fp=false; solver.use_float64_in_last_iteration=false; stable_f32 interpreter"", ""solver.batch_size=16; auto_enlarge_batch_size=false for concurrent GPU memory budget""], ""mapping"": ""derived (no official category; vit_2023 transformer config)"", ""notes"": [], ""official"": ""exp_configs/vnncomp23/vit.yaml"", ""official_biccos"": false, ""official_pgd_order"": ""skip"", ""variant"": ""official""}","[""config mapping: derived (no official category; vit_2023 transformer config)"", ""attack-off (user decision D20): all attack/falsification stages disabled, see config.attack.overrides"", ""float32: general.double_fp=false; solver.use_float64_in_last_iteration=false; stable_f32 interpreter"", ""solver.batch_size=16; auto_enlarge_batch_size=false for concurrent GPU memory budget""]",,,49.0,4174.0,official_attack_off_f32,"[""abcrown"",""scratch/text_export/sst_pinf/sst_buffet/onnx/sst_d3_L16.onnx"",""scratch/text_export/sst_pinf/sst_buffet/vnnlib/query_index_q0052_d3_L16_e1599_p1_eps0p03.v1.vnnlib"",30.0,""official_attack_off_f32""]",
sst_pinf,53,sst_d3_L5.onnx,query_index_q0053_d3_L5_e1251_p1_eps0p03.v1.vnnlib,unsat,8.842159271240234,CERTIFIED,1,30.0,8.842159271240234,12.736,3.87,16.71896605566144,0,0,,,not a FALSIFIED row,0,scratch/logs/fse2026/abcrown/sst_pinf/00053_38b0c62596c7ba9ae417_c91fe_lw.log,6b8bbcfac1c01da1cabd240a87e4dce1a65f5a2b,"{""attack"": {""attack_off"": true, ""hook_replacements"": {}, ""overrides"": {""attack"": {""enable_mip_attack"": false, ""input_split_check_adv"": {""enabled"": ""false""}, ""pgd_order"": ""skip""}, ""bab"": {""attack"": {""enabled"": false}, ""branching"": {""input_split"": {""update_rhs_with_attack"": false}}}}}, ""biccos_applicable"": true, ""biccos_effective"": false, ""derived_path"": ""scratch/rq1_2026_tmp/baselines/abcrown/sst_pinf/00053_38b0c62596c7ba9ae417_c91fe_lw/config.yaml"", ""deviations"": [""config mapping: derived (no official category; vit_2023 transformer config)"", ""attack-off (user decision D20): all attack/falsification stages disabled, see config.attack.overrides"", ""float32: general.double_fp=false; solver.use_float64_in_last_iteration=false; stable_f32 interpreter"", ""solver.batch_size=16; auto_enlarge_batch_size=false for concurrent GPU memory budget""], ""mapping"": ""derived (no official category; vit_2023 transformer config)"", ""notes"": [], ""official"": ""exp_configs/vnncomp23/vit.yaml"", ""official_biccos"": false, ""official_pgd_order"": ""skip"", ""variant"": ""official""}","[""config mapping: derived (no official category; vit_2023 transformer config)"", ""attack-off (user decision D20): all attack/falsification stages disabled, see config.attack.overrides"", ""float32: general.double_fp=false; solver.use_float64_in_last_iteration=false; stable_f32 interpreter"", ""solver.batch_size=16; auto_enlarge_batch_size=false for concurrent GPU memory budget""]",,,94.0,57744.0,official_attack_off_f32,"[""abcrown"",""scratch/text_export/sst_pinf/sst_buffet/onnx/sst_d3_L5.onnx"",""scratch/text_export/sst_pinf/sst_buffet/vnnlib/query_index_q0053_d3_L5_e1251_p1_eps0p03.v1.vnnlib"",30.0,""official_attack_off_f32""]",
sst_pinf,54,sst_d3_L14.onnx,query_index_q0054_d3_L14_e45_p1_eps0p03.v1.vnnlib,unsat,1.0295941829681396,CERTIFIED,1,30.0,1.0295941829681396,4.922,4.021,9.070816801860929,0,0,,,not a FALSIFIED row,0,scratch/logs/fse2026/abcrown/sst_pinf/00054_7a13589c67b9a10b7f09_858a5vp9.log,6b8bbcfac1c01da1cabd240a87e4dce1a65f5a2b,"{""attack"": {""attack_off"": true, ""hook_replacements"": {}, ""overrides"": {""attack"": {""enable_mip_attack"": false, ""input_split_check_adv"": {""enabled"": ""false""}, ""pgd_order"": ""skip""}, ""bab"": {""attack"": {""enabled"": false}, ""branching"": {""input_split"": {""update_rhs_with_attack"": false}}}}}, ""biccos_applicable"": true, ""biccos_effective"": false, ""derived_path"": ""scratch/rq1_2026_tmp/baselines/abcrown/sst_pinf/00054_7a13589c67b9a10b7f09_858a5vp9/config.yaml"", ""deviations"": [""config mapping: derived (no official category; vit_2023 transformer config)"", ""attack-off (user decision D20): all attack/falsification stages disabled, see config.attack.overrides"", ""float32: general.double_fp=false; solver.use_float64_in_last_iteration=false; stable_f32 interpreter"", ""solver.batch_size=16; auto_enlarge_batch_size=false for concurrent GPU memory budget""], ""mapping"": ""derived (no official category; vit_2023 transformer config)"", ""notes"": [], ""official"": ""exp_configs/vnncomp23/vit.yaml"", ""official_biccos"": false, ""official_pgd_order"": ""skip"", ""variant"": ""official""}","[""config mapping: derived (no official category; vit_2023 transformer config)"", ""attack-off (user decision D20): all attack/falsification stages disabled, see config.attack.overrides"", ""float32: general.double_fp=false; solver.use_float64_in_last_iteration=false; stable_f32 interpreter"", ""solver.batch_size=16; auto_enlarge_batch_size=false for concurrent GPU memory budget""]",,,8.0,37.0,official_attack_off_f32,"[""abcrown"",""scratch/text_export/sst_pinf/sst_buffet/onnx/sst_d3_L14.onnx"",""scratch/text_export/sst_pinf/sst_buffet/vnnlib/query_index_q0054_d3_L14_e45_p1_eps0p03.v1.vnnlib"",30.0,""official_attack_off_f32""]",
sst_pinf,55,sst_d3_L13.onnx,query_index_q0055_d3_L13_e1323_p1_eps0p03.v1.vnnlib,unsat,3.7452750205993652,CERTIFIED,1,30.0,3.7452750205993652,7.577,3.725,11.412879904732108,0,0,,,not a FALSIFIED row,0,scratch/logs/fse2026/abcrown/sst_pinf/00055_4541015898f66db75a66__eq37qzn.log,6b8bbcfac1c01da1cabd240a87e4dce1a65f5a2b,"{""attack"": {""attack_off"": true, ""hook_replacements"": {}, ""overrides"": {""attack"": {""enable_mip_attack"": false, ""input_split_check_adv"": {""enabled"": ""false""}, ""pgd_order"": ""skip""}, ""bab"": {""attack"": {""enabled"": false}, ""branching"": {""input_split"": {""update_rhs_with_attack"": false}}}}}, ""biccos_applicable"": true, ""biccos_effective"": false, ""derived_path"": ""scratch/rq1_2026_tmp/baselines/abcrown/sst_pinf/00055_4541015898f66db75a66__eq37qzn/config.yaml"", ""deviations"": [""config mapping: derived (no official category; vit_2023 transformer config)"", ""attack-off (user decision D20): all attack/falsification stages disabled, see config.attack.overrides"", ""float32: general.double_fp=false; solver.use_float64_in_last_iteration=false; stable_f32 interpreter"", ""solver.batch_size=16; auto_enlarge_batch_size=false for concurrent GPU memory budget""], ""mapping"": ""derived (no official category; vit_2023 transformer config)"", ""notes"": [], ""official"": ""exp_configs/vnncomp23/vit.yaml"", ""official_biccos"": false, ""official_pgd_order"": ""skip"", ""variant"": ""official""}","[""config mapping: derived (no official category; vit_2023 transformer config)"", ""attack-off (user decision D20): all attack/falsification stages disabled, see config.attack.overrides"", ""float32: general.double_fp=false; solver.use_float64_in_last_iteration=false; stable_f32 interpreter"", ""solver.batch_size=16; auto_enlarge_batch_size=false for concurrent GPU memory budget""]",,,32.0,4462.0,official_attack_off_f32,"[""abcrown"",""scratch/text_export/sst_pinf/sst_buffet/onnx/sst_d3_L13.onnx"",""scratch/text_export/sst_pinf/sst_buffet/vnnlib/query_index_q0055_d3_L13_e1323_p1_eps0p03.v1.vnnlib"",30.0,""official_attack_off_f32""]",
sst_pinf,56,sst_d3_L15.onnx,query_index_q0056_d3_L15_e875_p1_eps0p03.v1.vnnlib,unsat,1.7130086421966553,CERTIFIED,1,30.0,1.7130086421966553,5.474,3.97,9.551935009658337,0,0,,,not a FALSIFIED row,0,scratch/logs/fse2026/abcrown/sst_pinf/00056_f362ad1525a482b349a8_flnyhtg2.log,6b8bbcfac1c01da1cabd240a87e4dce1a65f5a2b,"{""attack"": {""attack_off"": true, ""hook_replacements"": {}, ""overrides"": {""attack"": {""enable_mip_attack"": false, ""input_split_check_adv"": {""enabled"": ""false""}, ""pgd_order"": ""skip""}, ""bab"": {""attack"": {""enabled"": false}, ""branching"": {""input_split"": {""update_rhs_with_attack"": false}}}}}, ""biccos_applicable"": true, ""biccos_effective"": false, ""derived_path"": ""scratch/rq1_2026_tmp/baselines/abcrown/sst_pinf/00056_f362ad1525a482b349a8_flnyhtg2/config.yaml"", ""deviations"": [""config mapping: derived (no official category; vit_2023 transformer config)"", ""attack-off (user decision D20): all attack/falsification stages disabled, see config.attack.overrides"", ""float32: general.double_fp=false; solver.use_float64_in_last_iteration=false; stable_f32 interpreter"", ""solver.batch_size=16; auto_enlarge_batch_size=false for concurrent GPU memory budget""], ""mapping"": ""derived (no official category; vit_2023 transformer config)"", ""notes"": [], ""official"": ""exp_configs/vnncomp23/vit.yaml"", ""official_biccos"": false, ""official_pgd_order"": ""skip"", ""variant"": ""official""}","[""config mapping: derived (no official category; vit_2023 transformer config)"", ""attack-off (user decision D20): all attack/falsification stages disabled, see config.attack.overrides"", ""float32: general.double_fp=false; solver.use_float64_in_last_iteration=false; stable_f32 interpreter"", ""solver.batch_size=16; auto_enlarge_batch_size=false for concurrent GPU memory budget""]",,,0.0,634.0,official_attack_off_f32,"[""abcrown"",""scratch/text_export/sst_pinf/sst_buffet/onnx/sst_d3_L15.onnx"",""scratch/text_export/sst_pinf/sst_buffet/vnnlib/query_index_q0056_d3_L15_e875_p1_eps0p03.v1.vnnlib"",30.0,""official_attack_off_f32""]",
sst_pinf,57,sst_d3_L9.onnx,query_index_q0057_d3_L9_e818_p1_eps0p03.v1.vnnlib,timeout,31.254450798034668,TIMEOUT,0,30.0,31.254450798034668,35.375,3.92,39.41087254323065,1,0,,,not a FALSIFIED row,0,scratch/logs/fse2026/abcrown/sst_pinf/00057_f7c667e2361451679711_2y7etlcz.log,6b8bbcfac1c01da1cabd240a87e4dce1a65f5a2b,"{""attack"": {""attack_off"": true, ""hook_replacements"": {}, ""overrides"": {""attack"": {""enable_mip_attack"": false, ""input_split_check_adv"": {""enabled"": ""false""}, ""pgd_order"": ""skip""}, ""bab"": {""attack"": {""enabled"": false}, ""branching"": {""input_split"": {""update_rhs_with_attack"": false}}}}}, ""biccos_applicable"": true, ""biccos_effective"": false, ""derived_path"": ""scratch/rq1_2026_tmp/baselines/abcrown/sst_pinf/00057_f7c667e2361451679711_2y7etlcz/config.yaml"", ""deviations"": [""config mapping: derived (no official category; vit_2023 transformer config)"", ""attack-off (user decision D20): all attack/falsification stages disabled, see config.attack.overrides"", ""float32: general.double_fp=false; solver.use_float64_in_last_iteration=false; stable_f32 interpreter"", ""solver.batch_size=16; auto_enlarge_batch_size=false for concurrent GPU memory budget""], ""mapping"": ""derived (no official category; vit_2023 transformer config)"", ""notes"": [], ""official"": ""exp_configs/vnncomp23/vit.yaml"", ""official_biccos"": false, ""official_pgd_order"": ""skip"", ""variant"": ""official""}","[""config mapping: derived (no official category; vit_2023 transformer config)"", ""attack-off (user decision D20): all attack/falsification stages disabled, see config.attack.overrides"", ""float32: general.double_fp=false; solver.use_float64_in_last_iteration=false; stable_f32 interpreter"", ""solver.batch_size=16; auto_enlarge_batch_size=false for concurrent GPU memory budget""]",,,94.0,27606.0,official_attack_off_f32,"[""abcrown"",""scratch/text_export/sst_pinf/sst_buffet/onnx/sst_d3_L9.onnx"",""scratch/text_export/sst_pinf/sst_buffet/vnnlib/query_index_q0057_d3_L9_e818_p1_eps0p03.v1.vnnlib"",30.0,""official_attack_off_f32""]",
sst_pinf,58,sst_d3_L11.onnx,query_index_q0058_d3_L11_e1783_p1_eps0p03.v1.vnnlib,unsat,2.019880533218384,CERTIFIED,1,30.0,2.019880533218384,5.824,3.77,9.709047386422753,0,0,,,not a FALSIFIED row,0,scratch/logs/fse2026/abcrown/sst_pinf/00058_a77819017a9d84d0342a_vfbf_egu.log,6b8bbcfac1c01da1cabd240a87e4dce1a65f5a2b,"{""attack"": {""attack_off"": true, ""hook_replacements"": {}, ""overrides"": {""attack"": {""enable_mip_attack"": false, ""input_split_check_adv"": {""enabled"": ""false""}, ""pgd_order"": ""skip""}, ""bab"": {""attack"": {""enabled"": false}, ""branching"": {""input_split"": {""update_rhs_with_attack"": false}}}}}, ""biccos_applicable"": true, ""biccos_effective"": false, ""derived_path"": ""scratch/rq1_2026_tmp/baselines/abcrown/sst_pinf/00058_a77819017a9d84d0342a_vfbf_egu/config.yaml"", ""deviations"": [""config mapping: derived (no official category; vit_2023 transformer config)"", ""attack-off (user decision D20): all attack/falsification stages disabled, see config.attack.overrides"", ""float32: general.double_fp=false; solver.use_float64_in_last_iteration=false; stable_f32 interpreter"", ""solver.batch_size=16; auto_enlarge_batch_size=false for concurrent GPU memory budget""], ""mapping"": ""derived (no official category; vit_2023 transformer config)"", ""notes"": [], ""official"": ""exp_configs/vnncomp23/vit.yaml"", ""official_biccos"": false, ""official_pgd_order"": ""skip"", ""variant"": ""official""}","[""config mapping: derived (no official category; vit_2023 transformer config)"", ""attack-off (user decision D20): all attack/falsification stages disabled, see config.attack.overrides"", ""float32: general.double_fp=false; solver.use_float64_in_last_iteration=false; stable_f32 interpreter"", ""solver.batch_size=16; auto_enlarge_batch_size=false for concurrent GPU memory budget""]",,,74.0,10992.0,official_attack_off_f32,"[""abcrown"",""scratch/text_export/sst_pinf/sst_buffet/onnx/sst_d3_L11.onnx"",""scratch/text_export/sst_pinf/sst_buffet/vnnlib/query_index_q0058_d3_L11_e1783_p1_eps0p03.v1.vnnlib"",30.0,""official_attack_off_f32""]",
sst_pinf,59,sst_d3_L14.onnx,query_index_q0059_d3_L14_e1193_p1_eps0p03.v1.vnnlib,timeout,30.328455924987793,TIMEOUT,0,30.0,30.328455924987793,34.373,3.72,38.202532567083836,1,0,,,not a FALSIFIED row,0,scratch/logs/fse2026/abcrown/sst_pinf/00059_a2ed83ceea6c1c3c19d6_61hk3j5q.log,6b8bbcfac1c01da1cabd240a87e4dce1a65f5a2b,"{""attack"": {""attack_off"": true, ""hook_replacements"": {}, ""overrides"": {""attack"": {""enable_mip_attack"": false, ""input_split_check_adv"": {""enabled"": ""false""}, ""pgd_order"": ""skip""}, ""bab"": {""attack"": {""enabled"": false}, ""branching"": {""input_split"": {""update_rhs_with_attack"": false}}}}}, ""biccos_applicable"": true, ""biccos_effective"": false, ""derived_path"": ""scratch/rq1_2026_tmp/baselines/abcrown/sst_pinf/00059_a2ed83ceea6c1c3c19d6_61hk3j5q/config.yaml"", ""deviations"": [""config mapping: derived (no official category; vit_2023 transformer config)"", ""attack-off (user decision D20): all attack/falsification stages disabled, see config.attack.overrides"", ""float32: general.double_fp=false; solver.use_float64_in_last_iteration=false; stable_f32 interpreter"", ""solver.batch_size=16; auto_enlarge_batch_size=false for concurrent GPU memory budget""], ""mapping"": ""derived (no official category; vit_2023 transformer config)"", ""notes"": [], ""official"": ""exp_configs/vnncomp23/vit.yaml"", ""official_biccos"": false, ""official_pgd_order"": ""skip"", ""variant"": ""official""}","[""config mapping: derived (no official category; vit_2023 transformer config)"", ""attack-off (user decision D20): all attack/falsification stages disabled, see config.attack.overrides"", ""float32: general.double_fp=false; solver.use_float64_in_last_iteration=false; stable_f32 interpreter"", ""solver.batch_size=16; auto_enlarge_batch_size=false for concurrent GPU memory budget""]",,,26.0,34.0,official_attack_off_f32,"[""abcrown"",""scratch/text_export/sst_pinf/sst_buffet/onnx/sst_d3_L14.onnx"",""scratch/text_export/sst_pinf/sst_buffet/vnnlib/query_index_q0059_d3_L14_e1193_p1_eps0p03.v1.vnnlib"",30.0,""official_attack_off_f32""]",
