dataset,row,onnx,vnnlib,result,time_sec,status,solved,timeout_s,verification_s,wall_s,prep_s,process_wall_s,over_timeout,witness_n,witness_valid,witness_valid_1e6,witness_note,exit_code,log_path,tool_commit,config,deviations,error_class,error_detail,gpu_util_pct_before,gpu_mem_used_mib_before,variant,key,reused_from_row
cora_2024,0,mnist-point.onnx,mnist-img0.vnnlib,timeout,34.44151067733765,TIMEOUT,0,30.0,34.44151067733765,39.258,4.171,43.612406209111214,1,0,,,not a FALSIFIED row,0,scratch/logs/fse2026/abcrown/cora_2024/00000_a62504a8c57c27786d77_5xi712qt.log,6b8bbcfac1c01da1cabd240a87e4dce1a65f5a2b,"{""attack"": {""attack_off"": true, ""hook_replacements"": {}, ""overrides"": {""attack"": {""enable_mip_attack"": false, ""input_split_check_adv"": {""enabled"": ""false""}, ""pgd_order"": ""skip""}, ""bab"": {""attack"": {""enabled"": false}, ""branching"": {""input_split"": {""update_rhs_with_attack"": false}}}}}, ""biccos_applicable"": true, ""biccos_effective"": false, ""derived_path"": ""scratch/rq1_2026_tmp/baselines/abcrown/cora_2024/00000_a62504a8c57c27786d77_5xi712qt/config.yaml"", ""deviations"": [""attack-off (user decision D20): all attack/falsification stages disabled, see config.attack.overrides"", ""float32: general.double_fp=false; solver.use_float64_in_last_iteration=false; stable_f32 interpreter""], ""mapping"": ""exact"", ""notes"": [], ""official"": ""exp_configs/vnncomp25/cora.yaml"", ""official_biccos"": false, ""official_pgd_order"": ""before"", ""variant"": ""official""}","[""attack-off (user decision D20): all attack/falsification stages disabled, see config.attack.overrides"", ""float32: general.double_fp=false; solver.use_float64_in_last_iteration=false; stable_f32 interpreter""]",,,89.0,21948.0,official_attack_off_f32,"[""abcrown"",""data/vnncomp2026/cora_2024/1.0/onnx/mnist-point.onnx"",""data/vnncomp2026/cora_2024/1.0/vnnlib/mnist-img0.vnnlib"",30.0,""official_attack_off_f32""]",
cora_2024,1,mnist-trades.onnx,mnist-img0.vnnlib,timeout,30.859020471572876,TIMEOUT,0,30.0,30.859020471572876,35.779,5.004,40.88173769414425,1,0,,,not a FALSIFIED row,0,scratch/logs/fse2026/abcrown/cora_2024/00001_c813c66f00ff16e38392_nn9mwkxu.log,6b8bbcfac1c01da1cabd240a87e4dce1a65f5a2b,"{""attack"": {""attack_off"": true, ""hook_replacements"": {}, ""overrides"": {""attack"": {""enable_mip_attack"": false, ""input_split_check_adv"": {""enabled"": ""false""}, ""pgd_order"": ""skip""}, ""bab"": {""attack"": {""enabled"": false}, ""branching"": {""input_split"": {""update_rhs_with_attack"": false}}}}}, ""biccos_applicable"": true, ""biccos_effective"": false, ""derived_path"": ""scratch/rq1_2026_tmp/baselines/abcrown/cora_2024/00001_c813c66f00ff16e38392_nn9mwkxu/config.yaml"", ""deviations"": [""attack-off (user decision D20): all attack/falsification stages disabled, see config.attack.overrides"", ""float32: general.double_fp=false; solver.use_float64_in_last_iteration=false; stable_f32 interpreter""], ""mapping"": ""exact"", ""notes"": [], ""official"": ""exp_configs/vnncomp25/cora.yaml"", ""official_biccos"": false, ""official_pgd_order"": ""before"", ""variant"": ""official""}","[""attack-off (user decision D20): all attack/falsification stages disabled, see config.attack.overrides"", ""float32: general.double_fp=false; solver.use_float64_in_last_iteration=false; stable_f32 interpreter""]",,,0.0,82982.0,official_attack_off_f32,"[""abcrown"",""data/vnncomp2026/cora_2024/1.0/onnx/mnist-trades.onnx"",""data/vnncomp2026/cora_2024/1.0/vnnlib/mnist-img0.vnnlib"",30.0,""official_attack_off_f32""]",
cora_2024,2,mnist-set.onnx,mnist-img0.vnnlib,unsat,0.35875964164733887,CERTIFIED,1,30.0,0.35875964164733887,5.309,5.016,10.510746471583843,0,0,,,not a FALSIFIED row,0,scratch/logs/fse2026/abcrown/cora_2024/00002_0986e9fe16cdf7483e2c_y8q9zet6.log,6b8bbcfac1c01da1cabd240a87e4dce1a65f5a2b,"{""attack"": {""attack_off"": true, ""hook_replacements"": {}, ""overrides"": {""attack"": {""enable_mip_attack"": false, ""input_split_check_adv"": {""enabled"": ""false""}, ""pgd_order"": ""skip""}, ""bab"": {""attack"": {""enabled"": false}, ""branching"": {""input_split"": {""update_rhs_with_attack"": false}}}}}, ""biccos_applicable"": true, ""biccos_effective"": false, ""derived_path"": ""scratch/rq1_2026_tmp/baselines/abcrown/cora_2024/00002_0986e9fe16cdf7483e2c_y8q9zet6/config.yaml"", ""deviations"": [""attack-off (user decision D20): all attack/falsification stages disabled, see config.attack.overrides"", ""float32: general.double_fp=false; solver.use_float64_in_last_iteration=false; stable_f32 interpreter""], ""mapping"": ""exact"", ""notes"": [], ""official"": ""exp_configs/vnncomp25/cora.yaml"", ""official_biccos"": false, ""official_pgd_order"": ""before"", ""variant"": ""official""}","[""attack-off (user decision D20): all attack/falsification stages disabled, see config.attack.overrides"", ""float32: general.double_fp=false; solver.use_float64_in_last_iteration=false; stable_f32 interpreter""]",,,0.0,72442.0,official_attack_off_f32,"[""abcrown"",""data/vnncomp2026/cora_2024/1.0/onnx/mnist-set.onnx"",""data/vnncomp2026/cora_2024/1.0/vnnlib/mnist-img0.vnnlib"",30.0,""official_attack_off_f32""]",
cora_2024,3,mnist-point.onnx,mnist-img1.vnnlib,timeout,48.256712436676025,TIMEOUT,0,30.0,48.256712436676025,53.498,4.917,58.64327046647668,1,0,,,not a FALSIFIED row,0,scratch/logs/fse2026/abcrown/cora_2024/00003_12a18c336d22a5207296_luu6ur19.log,6b8bbcfac1c01da1cabd240a87e4dce1a65f5a2b,"{""attack"": {""attack_off"": true, ""hook_replacements"": {}, ""overrides"": {""attack"": {""enable_mip_attack"": false, ""input_split_check_adv"": {""enabled"": ""false""}, ""pgd_order"": ""skip""}, ""bab"": {""attack"": {""enabled"": false}, ""branching"": {""input_split"": {""update_rhs_with_attack"": false}}}}}, ""biccos_applicable"": true, ""biccos_effective"": false, ""derived_path"": ""scratch/rq1_2026_tmp/baselines/abcrown/cora_2024/00003_12a18c336d22a5207296_luu6ur19/config.yaml"", ""deviations"": [""attack-off (user decision D20): all attack/falsification stages disabled, see config.attack.overrides"", ""float32: general.double_fp=false; solver.use_float64_in_last_iteration=false; stable_f32 interpreter""], ""mapping"": ""exact"", ""notes"": [], ""official"": ""exp_configs/vnncomp25/cora.yaml"", ""official_biccos"": false, ""official_pgd_order"": ""before"", ""variant"": ""official""}","[""attack-off (user decision D20): all attack/falsification stages disabled, see config.attack.overrides"", ""float32: general.double_fp=false; solver.use_float64_in_last_iteration=false; stable_f32 interpreter""]",,,0.0,84442.0,official_attack_off_f32,"[""abcrown"",""data/vnncomp2026/cora_2024/1.0/onnx/mnist-point.onnx"",""data/vnncomp2026/cora_2024/1.0/vnnlib/mnist-img1.vnnlib"",30.0,""official_attack_off_f32""]",
cora_2024,4,mnist-trades.onnx,mnist-img1.vnnlib,timeout,51.81273007392883,TIMEOUT,0,30.0,51.81273007392883,56.658,5.15,61.92343137413263,1,0,,,not a FALSIFIED row,0,scratch/logs/fse2026/abcrown/cora_2024/00004_c2cee87f703937fc696a_g7yvbtoc.log,6b8bbcfac1c01da1cabd240a87e4dce1a65f5a2b,"{""attack"": {""attack_off"": true, ""hook_replacements"": {}, ""overrides"": {""attack"": {""enable_mip_attack"": false, ""input_split_check_adv"": {""enabled"": ""false""}, ""pgd_order"": ""skip""}, ""bab"": {""attack"": {""enabled"": false}, ""branching"": {""input_split"": {""update_rhs_with_attack"": false}}}}}, ""biccos_applicable"": true, ""biccos_effective"": false, ""derived_path"": ""scratch/rq1_2026_tmp/baselines/abcrown/cora_2024/00004_c2cee87f703937fc696a_g7yvbtoc/config.yaml"", ""deviations"": [""attack-off (user decision D20): all attack/falsification stages disabled, see config.attack.overrides"", ""float32: general.double_fp=false; solver.use_float64_in_last_iteration=false; stable_f32 interpreter""], ""mapping"": ""exact"", ""notes"": [], ""official"": ""exp_configs/vnncomp25/cora.yaml"", ""official_biccos"": false, ""official_pgd_order"": ""before"", ""variant"": ""official""}","[""attack-off (user decision D20): all attack/falsification stages disabled, see config.attack.overrides"", ""float32: general.double_fp=false; solver.use_float64_in_last_iteration=false; stable_f32 interpreter""]",,,53.0,42236.0,official_attack_off_f32,"[""abcrown"",""data/vnncomp2026/cora_2024/1.0/onnx/mnist-trades.onnx"",""data/vnncomp2026/cora_2024/1.0/vnnlib/mnist-img1.vnnlib"",30.0,""official_attack_off_f32""]",
cora_2024,5,mnist-set.onnx,mnist-img1.vnnlib,unsat,0.686093807220459,CERTIFIED,1,30.0,0.686093807220459,4.922,4.12,9.158669544383883,0,0,,,not a FALSIFIED row,0,scratch/logs/fse2026/abcrown/cora_2024/00005_dd44ce0f3a1f57f91bd8_nlmzt8u5.log,6b8bbcfac1c01da1cabd240a87e4dce1a65f5a2b,"{""attack"": {""attack_off"": true, ""hook_replacements"": {}, ""overrides"": {""attack"": {""enable_mip_attack"": false, ""input_split_check_adv"": {""enabled"": ""false""}, ""pgd_order"": ""skip""}, ""bab"": {""attack"": {""enabled"": false}, ""branching"": {""input_split"": {""update_rhs_with_attack"": false}}}}}, ""biccos_applicable"": true, ""biccos_effective"": false, ""derived_path"": ""scratch/rq1_2026_tmp/baselines/abcrown/cora_2024/00005_dd44ce0f3a1f57f91bd8_nlmzt8u5/config.yaml"", ""deviations"": [""attack-off (user decision D20): all attack/falsification stages disabled, see config.attack.overrides"", ""float32: general.double_fp=false; solver.use_float64_in_last_iteration=false; stable_f32 interpreter""], ""mapping"": ""exact"", ""notes"": [], ""official"": ""exp_configs/vnncomp25/cora.yaml"", ""official_biccos"": false, ""official_pgd_order"": ""before"", ""variant"": ""official""}","[""attack-off (user decision D20): all attack/falsification stages disabled, see config.attack.overrides"", ""float32: general.double_fp=false; solver.use_float64_in_last_iteration=false; stable_f32 interpreter""]",,,73.0,20900.0,official_attack_off_f32,"[""abcrown"",""data/vnncomp2026/cora_2024/1.0/onnx/mnist-set.onnx"",""data/vnncomp2026/cora_2024/1.0/vnnlib/mnist-img1.vnnlib"",30.0,""official_attack_off_f32""]",
cora_2024,6,mnist-point.onnx,mnist-img2.vnnlib,timeout,45.99443697929382,TIMEOUT,0,30.0,45.99443697929382,50.874,4.271,55.29427878372371,1,0,,,not a FALSIFIED row,0,scratch/logs/fse2026/abcrown/cora_2024/00006_6d90beb448bbfd24b525_314eglto.log,6b8bbcfac1c01da1cabd240a87e4dce1a65f5a2b,"{""attack"": {""attack_off"": true, ""hook_replacements"": {}, ""overrides"": {""attack"": {""enable_mip_attack"": false, ""input_split_check_adv"": {""enabled"": ""false""}, ""pgd_order"": ""skip""}, ""bab"": {""attack"": {""enabled"": false}, ""branching"": {""input_split"": {""update_rhs_with_attack"": false}}}}}, ""biccos_applicable"": true, ""biccos_effective"": false, ""derived_path"": ""scratch/rq1_2026_tmp/baselines/abcrown/cora_2024/00006_6d90beb448bbfd24b525_314eglto/config.yaml"", ""deviations"": [""attack-off (user decision D20): all attack/falsification stages disabled, see config.attack.overrides"", ""float32: general.double_fp=false; solver.use_float64_in_last_iteration=false; stable_f32 interpreter""], ""mapping"": ""exact"", ""notes"": [], ""official"": ""exp_configs/vnncomp25/cora.yaml"", ""official_biccos"": false, ""official_pgd_order"": ""before"", ""variant"": ""official""}","[""attack-off (user decision D20): all attack/falsification stages disabled, see config.attack.overrides"", ""float32: general.double_fp=false; solver.use_float64_in_last_iteration=false; stable_f32 interpreter""]",,,92.0,64382.0,official_attack_off_f32,"[""abcrown"",""data/vnncomp2026/cora_2024/1.0/onnx/mnist-point.onnx"",""data/vnncomp2026/cora_2024/1.0/vnnlib/mnist-img2.vnnlib"",30.0,""official_attack_off_f32""]",
cora_2024,7,mnist-trades.onnx,mnist-img2.vnnlib,timeout,46.96686339378357,TIMEOUT,0,30.0,46.96686339378357,52.084,5.297,57.583845030516386,1,0,,,not a FALSIFIED row,0,scratch/logs/fse2026/abcrown/cora_2024/00007_34bbfb239eb186f2fd71_1spm1pqs.log,6b8bbcfac1c01da1cabd240a87e4dce1a65f5a2b,"{""attack"": {""attack_off"": true, ""hook_replacements"": {}, ""overrides"": {""attack"": {""enable_mip_attack"": false, ""input_split_check_adv"": {""enabled"": ""false""}, ""pgd_order"": ""skip""}, ""bab"": {""attack"": {""enabled"": false}, ""branching"": {""input_split"": {""update_rhs_with_attack"": false}}}}}, ""biccos_applicable"": true, ""biccos_effective"": false, ""derived_path"": ""scratch/rq1_2026_tmp/baselines/abcrown/cora_2024/00007_34bbfb239eb186f2fd71_1spm1pqs/config.yaml"", ""deviations"": [""attack-off (user decision D20): all attack/falsification stages disabled, see config.attack.overrides"", ""float32: general.double_fp=false; solver.use_float64_in_last_iteration=false; stable_f32 interpreter""], ""mapping"": ""exact"", ""notes"": [], ""official"": ""exp_configs/vnncomp25/cora.yaml"", ""official_biccos"": false, ""official_pgd_order"": ""before"", ""variant"": ""official""}","[""attack-off (user decision D20): all attack/falsification stages disabled, see config.attack.overrides"", ""float32: general.double_fp=false; solver.use_float64_in_last_iteration=false; stable_f32 interpreter""]",,,0.0,67844.0,official_attack_off_f32,"[""abcrown"",""data/vnncomp2026/cora_2024/1.0/onnx/mnist-trades.onnx"",""data/vnncomp2026/cora_2024/1.0/vnnlib/mnist-img2.vnnlib"",30.0,""official_attack_off_f32""]",
cora_2024,8,mnist-set.onnx,mnist-img2.vnnlib,unsat,0.2553365230560303,CERTIFIED,1,30.0,0.2553365230560303,5.514,5.101,10.766016902402043,0,0,,,not a FALSIFIED row,0,scratch/logs/fse2026/abcrown/cora_2024/00008_ab7aa50e446b67a83dbd_sqpx_vjw.log,6b8bbcfac1c01da1cabd240a87e4dce1a65f5a2b,"{""attack"": {""attack_off"": true, ""hook_replacements"": {}, ""overrides"": {""attack"": {""enable_mip_attack"": false, ""input_split_check_adv"": {""enabled"": ""false""}, ""pgd_order"": ""skip""}, ""bab"": {""attack"": {""enabled"": false}, ""branching"": {""input_split"": {""update_rhs_with_attack"": false}}}}}, ""biccos_applicable"": true, ""biccos_effective"": false, ""derived_path"": ""scratch/rq1_2026_tmp/baselines/abcrown/cora_2024/00008_ab7aa50e446b67a83dbd_sqpx_vjw/config.yaml"", ""deviations"": [""attack-off (user decision D20): all attack/falsification stages disabled, see config.attack.overrides"", ""float32: general.double_fp=false; solver.use_float64_in_last_iteration=false; stable_f32 interpreter""], ""mapping"": ""exact"", ""notes"": [], ""official"": ""exp_configs/vnncomp25/cora.yaml"", ""official_biccos"": false, ""official_pgd_order"": ""before"", ""variant"": ""official""}","[""attack-off (user decision D20): all attack/falsification stages disabled, see config.attack.overrides"", ""float32: general.double_fp=false; solver.use_float64_in_last_iteration=false; stable_f32 interpreter""]",,,0.0,28890.0,official_attack_off_f32,"[""abcrown"",""data/vnncomp2026/cora_2024/1.0/onnx/mnist-set.onnx"",""data/vnncomp2026/cora_2024/1.0/vnnlib/mnist-img2.vnnlib"",30.0,""official_attack_off_f32""]",
cora_2024,9,mnist-point.onnx,mnist-img3.vnnlib,timeout,31.412815809249878,TIMEOUT,0,30.0,31.412815809249878,36.39,5.052,41.55115070194006,1,0,,,not a FALSIFIED row,0,scratch/logs/fse2026/abcrown/cora_2024/00009_dff56013fd8b2fa8dcc2_ez0ppifh.log,6b8bbcfac1c01da1cabd240a87e4dce1a65f5a2b,"{""attack"": {""attack_off"": true, ""hook_replacements"": {}, ""overrides"": {""attack"": {""enable_mip_attack"": false, ""input_split_check_adv"": {""enabled"": ""false""}, ""pgd_order"": ""skip""}, ""bab"": {""attack"": {""enabled"": false}, ""branching"": {""input_split"": {""update_rhs_with_attack"": false}}}}}, ""biccos_applicable"": true, ""biccos_effective"": false, ""derived_path"": ""scratch/rq1_2026_tmp/baselines/abcrown/cora_2024/00009_dff56013fd8b2fa8dcc2_ez0ppifh/config.yaml"", ""deviations"": [""attack-off (user decision D20): all attack/falsification stages disabled, see config.attack.overrides"", ""float32: general.double_fp=false; solver.use_float64_in_last_iteration=false; stable_f32 interpreter""], ""mapping"": ""exact"", ""notes"": [], ""official"": ""exp_configs/vnncomp25/cora.yaml"", ""official_biccos"": false, ""official_pgd_order"": ""before"", ""variant"": ""official""}","[""attack-off (user decision D20): all attack/falsification stages disabled, see config.attack.overrides"", ""float32: general.double_fp=false; solver.use_float64_in_last_iteration=false; stable_f32 interpreter""]",,,0.0,47272.0,official_attack_off_f32,"[""abcrown"",""data/vnncomp2026/cora_2024/1.0/onnx/mnist-point.onnx"",""data/vnncomp2026/cora_2024/1.0/vnnlib/mnist-img3.vnnlib"",30.0,""official_attack_off_f32""]",
cora_2024,10,mnist-trades.onnx,mnist-img3.vnnlib,timeout,37.04416823387146,TIMEOUT,0,30.0,37.04416823387146,41.287,4.02,45.428867081180215,1,0,,,not a FALSIFIED row,0,scratch/logs/fse2026/abcrown/cora_2024/00010_8cb205067b10e741972d_d108upwk.log,6b8bbcfac1c01da1cabd240a87e4dce1a65f5a2b,"{""attack"": {""attack_off"": true, ""hook_replacements"": {}, ""overrides"": {""attack"": {""enable_mip_attack"": false, ""input_split_check_adv"": {""enabled"": ""false""}, ""pgd_order"": ""skip""}, ""bab"": {""attack"": {""enabled"": false}, ""branching"": {""input_split"": {""update_rhs_with_attack"": false}}}}}, ""biccos_applicable"": true, ""biccos_effective"": false, ""derived_path"": ""scratch/rq1_2026_tmp/baselines/abcrown/cora_2024/00010_8cb205067b10e741972d_d108upwk/config.yaml"", ""deviations"": [""attack-off (user decision D20): all attack/falsification stages disabled, see config.attack.overrides"", ""float32: general.double_fp=false; solver.use_float64_in_last_iteration=false; stable_f32 interpreter""], ""mapping"": ""exact"", ""notes"": [], ""official"": ""exp_configs/vnncomp25/cora.yaml"", ""official_biccos"": false, ""official_pgd_order"": ""before"", ""variant"": ""official""}","[""attack-off (user decision D20): all attack/falsification stages disabled, see config.attack.overrides"", ""float32: general.double_fp=false; solver.use_float64_in_last_iteration=false; stable_f32 interpreter""]",,,0.0,57492.0,official_attack_off_f32,"[""abcrown"",""data/vnncomp2026/cora_2024/1.0/onnx/mnist-trades.onnx"",""data/vnncomp2026/cora_2024/1.0/vnnlib/mnist-img3.vnnlib"",30.0,""official_attack_off_f32""]",
cora_2024,11,mnist-set.onnx,mnist-img3.vnnlib,unsat,0.25210142135620117,CERTIFIED,1,30.0,0.25210142135620117,4.271,5.523,9.913031870499253,0,0,,,not a FALSIFIED row,0,scratch/logs/fse2026/abcrown/cora_2024/00011_6326abdb2a46fee302d8_su7wllgh.log,6b8bbcfac1c01da1cabd240a87e4dce1a65f5a2b,"{""attack"": {""attack_off"": true, ""hook_replacements"": {}, ""overrides"": {""attack"": {""enable_mip_attack"": false, ""input_split_check_adv"": {""enabled"": ""false""}, ""pgd_order"": ""skip""}, ""bab"": {""attack"": {""enabled"": false}, ""branching"": {""input_split"": {""update_rhs_with_attack"": false}}}}}, ""biccos_applicable"": true, ""biccos_effective"": false, ""derived_path"": ""scratch/rq1_2026_tmp/baselines/abcrown/cora_2024/00011_6326abdb2a46fee302d8_su7wllgh/config.yaml"", ""deviations"": [""attack-off (user decision D20): all attack/falsification stages disabled, see config.attack.overrides"", ""float32: general.double_fp=false; solver.use_float64_in_last_iteration=false; stable_f32 interpreter""], ""mapping"": ""exact"", ""notes"": [], ""official"": ""exp_configs/vnncomp25/cora.yaml"", ""official_biccos"": false, ""official_pgd_order"": ""before"", ""variant"": ""official""}","[""attack-off (user decision D20): all attack/falsification stages disabled, see config.attack.overrides"", ""float32: general.double_fp=false; solver.use_float64_in_last_iteration=false; stable_f32 interpreter""]",,,0.0,34.0,official_attack_off_f32,"[""abcrown"",""data/vnncomp2026/cora_2024/1.0/onnx/mnist-set.onnx"",""data/vnncomp2026/cora_2024/1.0/vnnlib/mnist-img3.vnnlib"",30.0,""official_attack_off_f32""]",
cora_2024,12,mnist-point.onnx,mnist-img4.vnnlib,timeout,43.61163377761841,TIMEOUT,0,30.0,43.61163377761841,47.746,4.021,51.88841484114528,1,0,,,not a FALSIFIED row,0,scratch/logs/fse2026/abcrown/cora_2024/00012_0016fdfdc50e30418dd3_a3ifz8nz.log,6b8bbcfac1c01da1cabd240a87e4dce1a65f5a2b,"{""attack"": {""attack_off"": true, ""hook_replacements"": {}, ""overrides"": {""attack"": {""enable_mip_attack"": false, ""input_split_check_adv"": {""enabled"": ""false""}, ""pgd_order"": ""skip""}, ""bab"": {""attack"": {""enabled"": false}, ""branching"": {""input_split"": {""update_rhs_with_attack"": false}}}}}, ""biccos_applicable"": true, ""biccos_effective"": false, ""derived_path"": ""scratch/rq1_2026_tmp/baselines/abcrown/cora_2024/00012_0016fdfdc50e30418dd3_a3ifz8nz/config.yaml"", ""deviations"": [""attack-off (user decision D20): all attack/falsification stages disabled, see config.attack.overrides"", ""float32: general.double_fp=false; solver.use_float64_in_last_iteration=false; stable_f32 interpreter""], ""mapping"": ""exact"", ""notes"": [], ""official"": ""exp_configs/vnncomp25/cora.yaml"", ""official_biccos"": false, ""official_pgd_order"": ""before"", ""variant"": ""official""}","[""attack-off (user decision D20): all attack/falsification stages disabled, see config.attack.overrides"", ""float32: general.double_fp=false; solver.use_float64_in_last_iteration=false; stable_f32 interpreter""]",,,0.0,34.0,official_attack_off_f32,"[""abcrown"",""data/vnncomp2026/cora_2024/1.0/onnx/mnist-point.onnx"",""data/vnncomp2026/cora_2024/1.0/vnnlib/mnist-img4.vnnlib"",30.0,""official_attack_off_f32""]",
cora_2024,13,mnist-trades.onnx,mnist-img4.vnnlib,timeout,40.4930055141449,TIMEOUT,0,30.0,40.4930055141449,44.443,4.376,48.93475064262748,1,0,,,not a FALSIFIED row,0,scratch/logs/fse2026/abcrown/cora_2024/00013_6982415924e3ad83f677_1v_t91er.log,6b8bbcfac1c01da1cabd240a87e4dce1a65f5a2b,"{""attack"": {""attack_off"": true, ""hook_replacements"": {}, ""overrides"": {""attack"": {""enable_mip_attack"": false, ""input_split_check_adv"": {""enabled"": ""false""}, ""pgd_order"": ""skip""}, ""bab"": {""attack"": {""enabled"": false}, ""branching"": {""input_split"": {""update_rhs_with_attack"": false}}}}}, ""biccos_applicable"": true, ""biccos_effective"": false, ""derived_path"": ""scratch/rq1_2026_tmp/baselines/abcrown/cora_2024/00013_6982415924e3ad83f677_1v_t91er/config.yaml"", ""deviations"": [""attack-off (user decision D20): all attack/falsification stages disabled, see config.attack.overrides"", ""float32: general.double_fp=false; solver.use_float64_in_last_iteration=false; stable_f32 interpreter""], ""mapping"": ""exact"", ""notes"": [], ""official"": ""exp_configs/vnncomp25/cora.yaml"", ""official_biccos"": false, ""official_pgd_order"": ""before"", ""variant"": ""official""}","[""attack-off (user decision D20): all attack/falsification stages disabled, see config.attack.overrides"", ""float32: general.double_fp=false; solver.use_float64_in_last_iteration=false; stable_f32 interpreter""]",,,34.0,34.0,official_attack_off_f32,"[""abcrown"",""data/vnncomp2026/cora_2024/1.0/onnx/mnist-trades.onnx"",""data/vnncomp2026/cora_2024/1.0/vnnlib/mnist-img4.vnnlib"",30.0,""official_attack_off_f32""]",
cora_2024,14,mnist-set.onnx,mnist-img4.vnnlib,unsat,0.5709695816040039,CERTIFIED,1,30.0,0.5709695816040039,4.471,3.87,8.457835441455245,0,0,,,not a FALSIFIED row,0,scratch/logs/fse2026/abcrown/cora_2024/00014_cc410caf61d3356a558f_b6xydk4d.log,6b8bbcfac1c01da1cabd240a87e4dce1a65f5a2b,"{""attack"": {""attack_off"": true, ""hook_replacements"": {}, ""overrides"": {""attack"": {""enable_mip_attack"": false, ""input_split_check_adv"": {""enabled"": ""false""}, ""pgd_order"": ""skip""}, ""bab"": {""attack"": {""enabled"": false}, ""branching"": {""input_split"": {""update_rhs_with_attack"": false}}}}}, ""biccos_applicable"": true, ""biccos_effective"": false, ""derived_path"": ""scratch/rq1_2026_tmp/baselines/abcrown/cora_2024/00014_cc410caf61d3356a558f_b6xydk4d/config.yaml"", ""deviations"": [""attack-off (user decision D20): all attack/falsification stages disabled, see config.attack.overrides"", ""float32: general.double_fp=false; solver.use_float64_in_last_iteration=false; stable_f32 interpreter""], ""mapping"": ""exact"", ""notes"": [], ""official"": ""exp_configs/vnncomp25/cora.yaml"", ""official_biccos"": false, ""official_pgd_order"": ""before"", ""variant"": ""official""}","[""attack-off (user decision D20): all attack/falsification stages disabled, see config.attack.overrides"", ""float32: general.double_fp=false; solver.use_float64_in_last_iteration=false; stable_f32 interpreter""]",,,0.0,50550.0,official_attack_off_f32,"[""abcrown"",""data/vnncomp2026/cora_2024/1.0/onnx/mnist-set.onnx"",""data/vnncomp2026/cora_2024/1.0/vnnlib/mnist-img4.vnnlib"",30.0,""official_attack_off_f32""]",
cora_2024,15,mnist-point.onnx,mnist-img5.vnnlib,timeout,38.64107322692871,TIMEOUT,0,30.0,38.64107322692871,42.584,3.92,46.61958457157016,1,0,,,not a FALSIFIED row,0,scratch/logs/fse2026/abcrown/cora_2024/00015_6525916e08dac2dcb62a_b_txzmf0.log,6b8bbcfac1c01da1cabd240a87e4dce1a65f5a2b,"{""attack"": {""attack_off"": true, ""hook_replacements"": {}, ""overrides"": {""attack"": {""enable_mip_attack"": false, ""input_split_check_adv"": {""enabled"": ""false""}, ""pgd_order"": ""skip""}, ""bab"": {""attack"": {""enabled"": false}, ""branching"": {""input_split"": {""update_rhs_with_attack"": false}}}}}, ""biccos_applicable"": true, ""biccos_effective"": false, ""derived_path"": ""scratch/rq1_2026_tmp/baselines/abcrown/cora_2024/00015_6525916e08dac2dcb62a_b_txzmf0/config.yaml"", ""deviations"": [""attack-off (user decision D20): all attack/falsification stages disabled, see config.attack.overrides"", ""float32: general.double_fp=false; solver.use_float64_in_last_iteration=false; stable_f32 interpreter""], ""mapping"": ""exact"", ""notes"": [], ""official"": ""exp_configs/vnncomp25/cora.yaml"", ""official_biccos"": false, ""official_pgd_order"": ""before"", ""variant"": ""official""}","[""attack-off (user decision D20): all attack/falsification stages disabled, see config.attack.overrides"", ""float32: general.double_fp=false; solver.use_float64_in_last_iteration=false; stable_f32 interpreter""]",,,0.0,50550.0,official_attack_off_f32,"[""abcrown"",""data/vnncomp2026/cora_2024/1.0/onnx/mnist-point.onnx"",""data/vnncomp2026/cora_2024/1.0/vnnlib/mnist-img5.vnnlib"",30.0,""official_attack_off_f32""]",
cora_2024,16,mnist-trades.onnx,mnist-img5.vnnlib,timeout,38.12113404273987,TIMEOUT,0,30.0,38.12113404273987,42.085,3.77,45.97409932129085,1,0,,,not a FALSIFIED row,0,scratch/logs/fse2026/abcrown/cora_2024/00016_4080654cfa46aed4b3a7_l_qw2yb8.log,6b8bbcfac1c01da1cabd240a87e4dce1a65f5a2b,"{""attack"": {""attack_off"": true, ""hook_replacements"": {}, ""overrides"": {""attack"": {""enable_mip_attack"": false, ""input_split_check_adv"": {""enabled"": ""false""}, ""pgd_order"": ""skip""}, ""bab"": {""attack"": {""enabled"": false}, ""branching"": {""input_split"": {""update_rhs_with_attack"": false}}}}}, ""biccos_applicable"": true, ""biccos_effective"": false, ""derived_path"": ""scratch/rq1_2026_tmp/baselines/abcrown/cora_2024/00016_4080654cfa46aed4b3a7_l_qw2yb8/config.yaml"", ""deviations"": [""attack-off (user decision D20): all attack/falsification stages disabled, see config.attack.overrides"", ""float32: general.double_fp=false; solver.use_float64_in_last_iteration=false; stable_f32 interpreter""], ""mapping"": ""exact"", ""notes"": [], ""official"": ""exp_configs/vnncomp25/cora.yaml"", ""official_biccos"": false, ""official_pgd_order"": ""before"", ""variant"": ""official""}","[""attack-off (user decision D20): all attack/falsification stages disabled, see config.attack.overrides"", ""float32: general.double_fp=false; solver.use_float64_in_last_iteration=false; stable_f32 interpreter""]",,,91.0,50550.0,official_attack_off_f32,"[""abcrown"",""data/vnncomp2026/cora_2024/1.0/onnx/mnist-trades.onnx"",""data/vnncomp2026/cora_2024/1.0/vnnlib/mnist-img5.vnnlib"",30.0,""official_attack_off_f32""]",
cora_2024,17,mnist-set.onnx,mnist-img5.vnnlib,unsat,0.43762946128845215,CERTIFIED,1,30.0,0.43762946128845215,4.421,3.971,8.506940169259906,0,0,,,not a FALSIFIED row,0,scratch/logs/fse2026/abcrown/cora_2024/00017_4ce77a91bb0ec5d0bd6a_jbjt6s64.log,6b8bbcfac1c01da1cabd240a87e4dce1a65f5a2b,"{""attack"": {""attack_off"": true, ""hook_replacements"": {}, ""overrides"": {""attack"": {""enable_mip_attack"": false, ""input_split_check_adv"": {""enabled"": ""false""}, ""pgd_order"": ""skip""}, ""bab"": {""attack"": {""enabled"": false}, ""branching"": {""input_split"": {""update_rhs_with_attack"": false}}}}}, ""biccos_applicable"": true, ""biccos_effective"": false, ""derived_path"": ""scratch/rq1_2026_tmp/baselines/abcrown/cora_2024/00017_4ce77a91bb0ec5d0bd6a_jbjt6s64/config.yaml"", ""deviations"": [""attack-off (user decision D20): all attack/falsification stages disabled, see config.attack.overrides"", ""float32: general.double_fp=false; solver.use_float64_in_last_iteration=false; stable_f32 interpreter""], ""mapping"": ""exact"", ""notes"": [], ""official"": ""exp_configs/vnncomp25/cora.yaml"", ""official_biccos"": false, ""official_pgd_order"": ""before"", ""variant"": ""official""}","[""attack-off (user decision D20): all attack/falsification stages disabled, see config.attack.overrides"", ""float32: general.double_fp=false; solver.use_float64_in_last_iteration=false; stable_f32 interpreter""]",,,95.0,50550.0,official_attack_off_f32,"[""abcrown"",""data/vnncomp2026/cora_2024/1.0/onnx/mnist-set.onnx"",""data/vnncomp2026/cora_2024/1.0/vnnlib/mnist-img5.vnnlib"",30.0,""official_attack_off_f32""]",
cora_2024,18,mnist-point.onnx,mnist-img6.vnnlib,timeout,38.22324347496033,TIMEOUT,0,30.0,38.22324347496033,42.335,3.87,46.31863453797996,1,0,,,not a FALSIFIED row,0,scratch/logs/fse2026/abcrown/cora_2024/00018_10bf7172ba375e338b50_2pmjvt_p.log,6b8bbcfac1c01da1cabd240a87e4dce1a65f5a2b,"{""attack"": {""attack_off"": true, ""hook_replacements"": {}, ""overrides"": {""attack"": {""enable_mip_attack"": false, ""input_split_check_adv"": {""enabled"": ""false""}, ""pgd_order"": ""skip""}, ""bab"": {""attack"": {""enabled"": false}, ""branching"": {""input_split"": {""update_rhs_with_attack"": false}}}}}, ""biccos_applicable"": true, ""biccos_effective"": false, ""derived_path"": ""scratch/rq1_2026_tmp/baselines/abcrown/cora_2024/00018_10bf7172ba375e338b50_2pmjvt_p/config.yaml"", ""deviations"": [""attack-off (user decision D20): all attack/falsification stages disabled, see config.attack.overrides"", ""float32: general.double_fp=false; solver.use_float64_in_last_iteration=false; stable_f32 interpreter""], ""mapping"": ""exact"", ""notes"": [], ""official"": ""exp_configs/vnncomp25/cora.yaml"", ""official_biccos"": false, ""official_pgd_order"": ""before"", ""variant"": ""official""}","[""attack-off (user decision D20): all attack/falsification stages disabled, see config.attack.overrides"", ""float32: general.double_fp=false; solver.use_float64_in_last_iteration=false; stable_f32 interpreter""]",,,93.0,50550.0,official_attack_off_f32,"[""abcrown"",""data/vnncomp2026/cora_2024/1.0/onnx/mnist-point.onnx"",""data/vnncomp2026/cora_2024/1.0/vnnlib/mnist-img6.vnnlib"",30.0,""official_attack_off_f32""]",
cora_2024,19,mnist-trades.onnx,mnist-img6.vnnlib,timeout,30.458028078079224,TIMEOUT,0,30.0,30.458028078079224,34.272,3.83,38.211757296696305,1,0,,,not a FALSIFIED row,0,scratch/logs/fse2026/abcrown/cora_2024/00019_ab5a82c6f0c6d4e33591_1vvgyy87.log,6b8bbcfac1c01da1cabd240a87e4dce1a65f5a2b,"{""attack"": {""attack_off"": true, ""hook_replacements"": {}, ""overrides"": {""attack"": {""enable_mip_attack"": false, ""input_split_check_adv"": {""enabled"": ""false""}, ""pgd_order"": ""skip""}, ""bab"": {""attack"": {""enabled"": false}, ""branching"": {""input_split"": {""update_rhs_with_attack"": false}}}}}, ""biccos_applicable"": true, ""biccos_effective"": false, ""derived_path"": ""scratch/rq1_2026_tmp/baselines/abcrown/cora_2024/00019_ab5a82c6f0c6d4e33591_1vvgyy87/config.yaml"", ""deviations"": [""attack-off (user decision D20): all attack/falsification stages disabled, see config.attack.overrides"", ""float32: general.double_fp=false; solver.use_float64_in_last_iteration=false; stable_f32 interpreter""], ""mapping"": ""exact"", ""notes"": [], ""official"": ""exp_configs/vnncomp25/cora.yaml"", ""official_biccos"": false, ""official_pgd_order"": ""before"", ""variant"": ""official""}","[""attack-off (user decision D20): all attack/falsification stages disabled, see config.attack.overrides"", ""float32: general.double_fp=false; solver.use_float64_in_last_iteration=false; stable_f32 interpreter""]",,,0.0,50550.0,official_attack_off_f32,"[""abcrown"",""data/vnncomp2026/cora_2024/1.0/onnx/mnist-trades.onnx"",""data/vnncomp2026/cora_2024/1.0/vnnlib/mnist-img6.vnnlib"",30.0,""official_attack_off_f32""]",
cora_2024,20,mnist-set.onnx,mnist-img6.vnnlib,unsat,0.9382402896881104,CERTIFIED,1,30.0,0.9382402896881104,4.922,3.97,9.00836486928165,0,0,,,not a FALSIFIED row,0,scratch/logs/fse2026/abcrown/cora_2024/00020_88480f09d6b4741e2e82_4rjgp5yg.log,6b8bbcfac1c01da1cabd240a87e4dce1a65f5a2b,"{""attack"": {""attack_off"": true, ""hook_replacements"": {}, ""overrides"": {""attack"": {""enable_mip_attack"": false, ""input_split_check_adv"": {""enabled"": ""false""}, ""pgd_order"": ""skip""}, ""bab"": {""attack"": {""enabled"": false}, ""branching"": {""input_split"": {""update_rhs_with_attack"": false}}}}}, ""biccos_applicable"": true, ""biccos_effective"": false, ""derived_path"": ""scratch/rq1_2026_tmp/baselines/abcrown/cora_2024/00020_88480f09d6b4741e2e82_4rjgp5yg/config.yaml"", ""deviations"": [""attack-off (user decision D20): all attack/falsification stages disabled, see config.attack.overrides"", ""float32: general.double_fp=false; solver.use_float64_in_last_iteration=false; stable_f32 interpreter""], ""mapping"": ""exact"", ""notes"": [], ""official"": ""exp_configs/vnncomp25/cora.yaml"", ""official_biccos"": false, ""official_pgd_order"": ""before"", ""variant"": ""official""}","[""attack-off (user decision D20): all attack/falsification stages disabled, see config.attack.overrides"", ""float32: general.double_fp=false; solver.use_float64_in_last_iteration=false; stable_f32 interpreter""]",,,83.0,25904.0,official_attack_off_f32,"[""abcrown"",""data/vnncomp2026/cora_2024/1.0/onnx/mnist-set.onnx"",""data/vnncomp2026/cora_2024/1.0/vnnlib/mnist-img6.vnnlib"",30.0,""official_attack_off_f32""]",
cora_2024,21,mnist-point.onnx,mnist-img7.vnnlib,timeout,46.03665471076965,TIMEOUT,0,30.0,46.03665471076965,50.465,3.97,54.58735381625593,1,0,,,not a FALSIFIED row,0,scratch/logs/fse2026/abcrown/cora_2024/00021_97601d1b8e83372e9937_o4chckh4.log,6b8bbcfac1c01da1cabd240a87e4dce1a65f5a2b,"{""attack"": {""attack_off"": true, ""hook_replacements"": {}, ""overrides"": {""attack"": {""enable_mip_attack"": false, ""input_split_check_adv"": {""enabled"": ""false""}, ""pgd_order"": ""skip""}, ""bab"": {""attack"": {""enabled"": false}, ""branching"": {""input_split"": {""update_rhs_with_attack"": false}}}}}, ""biccos_applicable"": true, ""biccos_effective"": false, ""derived_path"": ""scratch/rq1_2026_tmp/baselines/abcrown/cora_2024/00021_97601d1b8e83372e9937_o4chckh4/config.yaml"", ""deviations"": [""attack-off (user decision D20): all attack/falsification stages disabled, see config.attack.overrides"", ""float32: general.double_fp=false; solver.use_float64_in_last_iteration=false; stable_f32 interpreter""], ""mapping"": ""exact"", ""notes"": [], ""official"": ""exp_configs/vnncomp25/cora.yaml"", ""official_biccos"": false, ""official_pgd_order"": ""before"", ""variant"": ""official""}","[""attack-off (user decision D20): all attack/falsification stages disabled, see config.attack.overrides"", ""float32: general.double_fp=false; solver.use_float64_in_last_iteration=false; stable_f32 interpreter""]",,,83.0,32944.0,official_attack_off_f32,"[""abcrown"",""data/vnncomp2026/cora_2024/1.0/onnx/mnist-point.onnx"",""data/vnncomp2026/cora_2024/1.0/vnnlib/mnist-img7.vnnlib"",30.0,""official_attack_off_f32""]",
cora_2024,22,mnist-trades.onnx,mnist-img7.vnnlib,timeout,49.3696928024292,TIMEOUT,0,30.0,49.3696928024292,58.789,5.003,64.09437096305192,1,0,,,not a FALSIFIED row,0,scratch/logs/fse2026/abcrown/cora_2024/00022_b7c3dbf6cee0724fbdd8_syq1ulpr.log,6b8bbcfac1c01da1cabd240a87e4dce1a65f5a2b,"{""attack"": {""attack_off"": true, ""hook_replacements"": {}, ""overrides"": {""attack"": {""enable_mip_attack"": false, ""input_split_check_adv"": {""enabled"": ""false""}, ""pgd_order"": ""skip""}, ""bab"": {""attack"": {""enabled"": false}, ""branching"": {""input_split"": {""update_rhs_with_attack"": false}}}}}, ""biccos_applicable"": true, ""biccos_effective"": false, ""derived_path"": ""scratch/rq1_2026_tmp/baselines/abcrown/cora_2024/00022_b7c3dbf6cee0724fbdd8_syq1ulpr/config.yaml"", ""deviations"": [""attack-off (user decision D20): all attack/falsification stages disabled, see config.attack.overrides"", ""float32: general.double_fp=false; solver.use_float64_in_last_iteration=false; stable_f32 interpreter""], ""mapping"": ""exact"", ""notes"": [], ""official"": ""exp_configs/vnncomp25/cora.yaml"", ""official_biccos"": false, ""official_pgd_order"": ""before"", ""variant"": ""official""}","[""attack-off (user decision D20): all attack/falsification stages disabled, see config.attack.overrides"", ""float32: general.double_fp=false; solver.use_float64_in_last_iteration=false; stable_f32 interpreter""]",,,0.0,34864.0,official_attack_off_f32,"[""abcrown"",""data/vnncomp2026/cora_2024/1.0/onnx/mnist-trades.onnx"",""data/vnncomp2026/cora_2024/1.0/vnnlib/mnist-img7.vnnlib"",30.0,""official_attack_off_f32""]",
cora_2024,23,mnist-set.onnx,mnist-img7.vnnlib,unsat,1.0481281280517578,CERTIFIED,1,30.0,1.0481281280517578,5.611,5.838,11.626980382949114,0,0,,,not a FALSIFIED row,0,scratch/logs/fse2026/abcrown/cora_2024/00023_1e144b962d49af8543d8_8kyuqvnj.log,6b8bbcfac1c01da1cabd240a87e4dce1a65f5a2b,"{""attack"": {""attack_off"": true, ""hook_replacements"": {}, ""overrides"": {""attack"": {""enable_mip_attack"": false, ""input_split_check_adv"": {""enabled"": ""false""}, ""pgd_order"": ""skip""}, ""bab"": {""attack"": {""enabled"": false}, ""branching"": {""input_split"": {""update_rhs_with_attack"": false}}}}}, ""biccos_applicable"": true, ""biccos_effective"": false, ""derived_path"": ""scratch/rq1_2026_tmp/baselines/abcrown/cora_2024/00023_1e144b962d49af8543d8_8kyuqvnj/config.yaml"", ""deviations"": [""attack-off (user decision D20): all attack/falsification stages disabled, see config.attack.overrides"", ""float32: general.double_fp=false; solver.use_float64_in_last_iteration=false; stable_f32 interpreter""], ""mapping"": ""exact"", ""notes"": [], ""official"": ""exp_configs/vnncomp25/cora.yaml"", ""official_biccos"": false, ""official_pgd_order"": ""before"", ""variant"": ""official""}","[""attack-off (user decision D20): all attack/falsification stages disabled, see config.attack.overrides"", ""float32: general.double_fp=false; solver.use_float64_in_last_iteration=false; stable_f32 interpreter""]",,,16.0,61506.0,official_attack_off_f32,"[""abcrown"",""data/vnncomp2026/cora_2024/1.0/onnx/mnist-set.onnx"",""data/vnncomp2026/cora_2024/1.0/vnnlib/mnist-img7.vnnlib"",30.0,""official_attack_off_f32""]",
cora_2024,24,mnist-point.onnx,mnist-img8.vnnlib,timeout,,TIMEOUT,0,30.0,,60.268,4.914,65.32608316093683,1,0,,,not a FALSIFIED row,,scratch/logs/fse2026/abcrown/cora_2024/00024_f4292ef812206e316ecd_i3t1lon2.log,6b8bbcfac1c01da1cabd240a87e4dce1a65f5a2b,"{""attack"": {""attack_off"": true, ""hook_replacements"": {}, ""overrides"": {""attack"": {""enable_mip_attack"": false, ""input_split_check_adv"": {""enabled"": ""false""}, ""pgd_order"": ""skip""}, ""bab"": {""attack"": {""enabled"": false}, ""branching"": {""input_split"": {""update_rhs_with_attack"": false}}}}}, ""biccos_applicable"": true, ""biccos_effective"": false, ""derived_path"": ""scratch/rq1_2026_tmp/baselines/abcrown/cora_2024/00024_f4292ef812206e316ecd_i3t1lon2/config.yaml"", ""deviations"": [""attack-off (user decision D20): all attack/falsification stages disabled, see config.attack.overrides"", ""float32: general.double_fp=false; solver.use_float64_in_last_iteration=false; stable_f32 interpreter""], ""mapping"": ""exact"", ""notes"": [], ""official"": ""exp_configs/vnncomp25/cora.yaml"", ""official_biccos"": false, ""official_pgd_order"": ""before"", ""variant"": ""official""}","[""attack-off (user decision D20): all attack/falsification stages disabled, see config.attack.overrides"", ""float32: general.double_fp=false; solver.use_float64_in_last_iteration=false; stable_f32 interpreter""]",,,0.0,61506.0,official_attack_off_f32,"[""abcrown"",""data/vnncomp2026/cora_2024/1.0/onnx/mnist-point.onnx"",""data/vnncomp2026/cora_2024/1.0/vnnlib/mnist-img8.vnnlib"",30.0,""official_attack_off_f32""]",
cora_2024,25,mnist-trades.onnx,mnist-img8.vnnlib,timeout,35.72096514701843,TIMEOUT,0,30.0,35.72096514701843,40.339,4.122,44.58472138270736,1,0,,,not a FALSIFIED row,0,scratch/logs/fse2026/abcrown/cora_2024/00025_c7fc995b8643571d84ff_mg9rvpjd.log,6b8bbcfac1c01da1cabd240a87e4dce1a65f5a2b,"{""attack"": {""attack_off"": true, ""hook_replacements"": {}, ""overrides"": {""attack"": {""enable_mip_attack"": false, ""input_split_check_adv"": {""enabled"": ""false""}, ""pgd_order"": ""skip""}, ""bab"": {""attack"": {""enabled"": false}, ""branching"": {""input_split"": {""update_rhs_with_attack"": false}}}}}, ""biccos_applicable"": true, ""biccos_effective"": false, ""derived_path"": ""scratch/rq1_2026_tmp/baselines/abcrown/cora_2024/00025_c7fc995b8643571d84ff_mg9rvpjd/config.yaml"", ""deviations"": [""attack-off (user decision D20): all attack/falsification stages disabled, see config.attack.overrides"", ""float32: general.double_fp=false; solver.use_float64_in_last_iteration=false; stable_f32 interpreter""], ""mapping"": ""exact"", ""notes"": [], ""official"": ""exp_configs/vnncomp25/cora.yaml"", ""official_biccos"": false, ""official_pgd_order"": ""before"", ""variant"": ""official""}","[""attack-off (user decision D20): all attack/falsification stages disabled, see config.attack.overrides"", ""float32: general.double_fp=false; solver.use_float64_in_last_iteration=false; stable_f32 interpreter""]",,,47.0,12960.0,official_attack_off_f32,"[""abcrown"",""data/vnncomp2026/cora_2024/1.0/onnx/mnist-trades.onnx"",""data/vnncomp2026/cora_2024/1.0/vnnlib/mnist-img8.vnnlib"",30.0,""official_attack_off_f32""]",
cora_2024,26,mnist-set.onnx,mnist-img8.vnnlib,unsat,0.2655763626098633,CERTIFIED,1,30.0,0.2655763626098633,5.373,4.759,10.292643098160625,0,0,,,not a FALSIFIED row,0,scratch/logs/fse2026/abcrown/cora_2024/00026_e528a189ba97df6ba8e7_2woy7qhf.log,6b8bbcfac1c01da1cabd240a87e4dce1a65f5a2b,"{""attack"": {""attack_off"": true, ""hook_replacements"": {}, ""overrides"": {""attack"": {""enable_mip_attack"": false, ""input_split_check_adv"": {""enabled"": ""false""}, ""pgd_order"": ""skip""}, ""bab"": {""attack"": {""enabled"": false}, ""branching"": {""input_split"": {""update_rhs_with_attack"": false}}}}}, ""biccos_applicable"": true, ""biccos_effective"": false, ""derived_path"": ""scratch/rq1_2026_tmp/baselines/abcrown/cora_2024/00026_e528a189ba97df6ba8e7_2woy7qhf/config.yaml"", ""deviations"": [""attack-off (user decision D20): all attack/falsification stages disabled, see config.attack.overrides"", ""float32: general.double_fp=false; solver.use_float64_in_last_iteration=false; stable_f32 interpreter""], ""mapping"": ""exact"", ""notes"": [], ""official"": ""exp_configs/vnncomp25/cora.yaml"", ""official_biccos"": false, ""official_pgd_order"": ""before"", ""variant"": ""official""}","[""attack-off (user decision D20): all attack/falsification stages disabled, see config.attack.overrides"", ""float32: general.double_fp=false; solver.use_float64_in_last_iteration=false; stable_f32 interpreter""]",,,0.0,38208.0,official_attack_off_f32,"[""abcrown"",""data/vnncomp2026/cora_2024/1.0/onnx/mnist-set.onnx"",""data/vnncomp2026/cora_2024/1.0/vnnlib/mnist-img8.vnnlib"",30.0,""official_attack_off_f32""]",
cora_2024,27,mnist-point.onnx,mnist-img9.vnnlib,timeout,47.690868854522705,TIMEOUT,0,30.0,47.690868854522705,52.797,4.689,57.65888471342623,1,0,,,not a FALSIFIED row,0,scratch/logs/fse2026/abcrown/cora_2024/00027_f4ac0b1cdac5ffb55851_fnthy1b_.log,6b8bbcfac1c01da1cabd240a87e4dce1a65f5a2b,"{""attack"": {""attack_off"": true, ""hook_replacements"": {}, ""overrides"": {""attack"": {""enable_mip_attack"": false, ""input_split_check_adv"": {""enabled"": ""false""}, ""pgd_order"": ""skip""}, ""bab"": {""attack"": {""enabled"": false}, ""branching"": {""input_split"": {""update_rhs_with_attack"": false}}}}}, ""biccos_applicable"": true, ""biccos_effective"": false, ""derived_path"": ""scratch/rq1_2026_tmp/baselines/abcrown/cora_2024/00027_f4ac0b1cdac5ffb55851_fnthy1b_/config.yaml"", ""deviations"": [""attack-off (user decision D20): all attack/falsification stages disabled, see config.attack.overrides"", ""float32: general.double_fp=false; solver.use_float64_in_last_iteration=false; stable_f32 interpreter""], ""mapping"": ""exact"", ""notes"": [], ""official"": ""exp_configs/vnncomp25/cora.yaml"", ""official_biccos"": false, ""official_pgd_order"": ""before"", ""variant"": ""official""}","[""attack-off (user decision D20): all attack/falsification stages disabled, see config.attack.overrides"", ""float32: general.double_fp=false; solver.use_float64_in_last_iteration=false; stable_f32 interpreter""]",,,1.0,38208.0,official_attack_off_f32,"[""abcrown"",""data/vnncomp2026/cora_2024/1.0/onnx/mnist-point.onnx"",""data/vnncomp2026/cora_2024/1.0/vnnlib/mnist-img9.vnnlib"",30.0,""official_attack_off_f32""]",
cora_2024,28,mnist-trades.onnx,mnist-img9.vnnlib,timeout,48.99386954307556,TIMEOUT,0,30.0,48.99386954307556,55.88,4.601,60.69439269043505,1,0,,,not a FALSIFIED row,0,scratch/logs/fse2026/abcrown/cora_2024/00028_ee03f62b639db1c956b8_4yg5ivw2.log,6b8bbcfac1c01da1cabd240a87e4dce1a65f5a2b,"{""attack"": {""attack_off"": true, ""hook_replacements"": {}, ""overrides"": {""attack"": {""enable_mip_attack"": false, ""input_split_check_adv"": {""enabled"": ""false""}, ""pgd_order"": ""skip""}, ""bab"": {""attack"": {""enabled"": false}, ""branching"": {""input_split"": {""update_rhs_with_attack"": false}}}}}, ""biccos_applicable"": true, ""biccos_effective"": false, ""derived_path"": ""scratch/rq1_2026_tmp/baselines/abcrown/cora_2024/00028_ee03f62b639db1c956b8_4yg5ivw2/config.yaml"", ""deviations"": [""attack-off (user decision D20): all attack/falsification stages disabled, see config.attack.overrides"", ""float32: general.double_fp=false; solver.use_float64_in_last_iteration=false; stable_f32 interpreter""], ""mapping"": ""exact"", ""notes"": [], ""official"": ""exp_configs/vnncomp25/cora.yaml"", ""official_biccos"": false, ""official_pgd_order"": ""before"", ""variant"": ""official""}","[""attack-off (user decision D20): all attack/falsification stages disabled, see config.attack.overrides"", ""float32: general.double_fp=false; solver.use_float64_in_last_iteration=false; stable_f32 interpreter""]",,,0.0,38208.0,official_attack_off_f32,"[""abcrown"",""data/vnncomp2026/cora_2024/1.0/onnx/mnist-trades.onnx"",""data/vnncomp2026/cora_2024/1.0/vnnlib/mnist-img9.vnnlib"",30.0,""official_attack_off_f32""]",
cora_2024,29,mnist-set.onnx,mnist-img9.vnnlib,unsat,0.26546478271484375,CERTIFIED,1,30.0,0.26546478271484375,4.681,4.875,9.690015034750104,0,0,,,not a FALSIFIED row,0,scratch/logs/fse2026/abcrown/cora_2024/00029_ec7071ac203bc5f164c8_2ux33fsd.log,6b8bbcfac1c01da1cabd240a87e4dce1a65f5a2b,"{""attack"": {""attack_off"": true, ""hook_replacements"": {}, ""overrides"": {""attack"": {""enable_mip_attack"": false, ""input_split_check_adv"": {""enabled"": ""false""}, ""pgd_order"": ""skip""}, ""bab"": {""attack"": {""enabled"": false}, ""branching"": {""input_split"": {""update_rhs_with_attack"": false}}}}}, ""biccos_applicable"": true, ""biccos_effective"": false, ""derived_path"": ""scratch/rq1_2026_tmp/baselines/abcrown/cora_2024/00029_ec7071ac203bc5f164c8_2ux33fsd/config.yaml"", ""deviations"": [""attack-off (user decision D20): all attack/falsification stages disabled, see config.attack.overrides"", ""float32: general.double_fp=false; solver.use_float64_in_last_iteration=false; stable_f32 interpreter""], ""mapping"": ""exact"", ""notes"": [], ""official"": ""exp_configs/vnncomp25/cora.yaml"", ""official_biccos"": false, ""official_pgd_order"": ""before"", ""variant"": ""official""}","[""attack-off (user decision D20): all attack/falsification stages disabled, see config.attack.overrides"", ""float32: general.double_fp=false; solver.use_float64_in_last_iteration=false; stable_f32 interpreter""]",,,0.0,61470.0,official_attack_off_f32,"[""abcrown"",""data/vnncomp2026/cora_2024/1.0/onnx/mnist-set.onnx"",""data/vnncomp2026/cora_2024/1.0/vnnlib/mnist-img9.vnnlib"",30.0,""official_attack_off_f32""]",
cora_2024,30,mnist-point.onnx,mnist-img10.vnnlib,timeout,46.16426229476929,TIMEOUT,0,30.0,46.16426229476929,49.948,4.197,54.25987560302019,1,0,,,not a FALSIFIED row,0,scratch/logs/fse2026/abcrown/cora_2024/00030_b8b8188c015ba8abea99_qgvjpauc.log,6b8bbcfac1c01da1cabd240a87e4dce1a65f5a2b,"{""attack"": {""attack_off"": true, ""hook_replacements"": {}, ""overrides"": {""attack"": {""enable_mip_attack"": false, ""input_split_check_adv"": {""enabled"": ""false""}, ""pgd_order"": ""skip""}, ""bab"": {""attack"": {""enabled"": false}, ""branching"": {""input_split"": {""update_rhs_with_attack"": false}}}}}, ""biccos_applicable"": true, ""biccos_effective"": false, ""derived_path"": ""scratch/rq1_2026_tmp/baselines/abcrown/cora_2024/00030_b8b8188c015ba8abea99_qgvjpauc/config.yaml"", ""deviations"": [""attack-off (user decision D20): all attack/falsification stages disabled, see config.attack.overrides"", ""float32: general.double_fp=false; solver.use_float64_in_last_iteration=false; stable_f32 interpreter""], ""mapping"": ""exact"", ""notes"": [], ""official"": ""exp_configs/vnncomp25/cora.yaml"", ""official_biccos"": false, ""official_pgd_order"": ""before"", ""variant"": ""official""}","[""attack-off (user decision D20): all attack/falsification stages disabled, see config.attack.overrides"", ""float32: general.double_fp=false; solver.use_float64_in_last_iteration=false; stable_f32 interpreter""]",,,0.0,61470.0,official_attack_off_f32,"[""abcrown"",""data/vnncomp2026/cora_2024/1.0/onnx/mnist-point.onnx"",""data/vnncomp2026/cora_2024/1.0/vnnlib/mnist-img10.vnnlib"",30.0,""official_attack_off_f32""]",
cora_2024,31,mnist-trades.onnx,mnist-img10.vnnlib,timeout,53.47182631492615,TIMEOUT,0,30.0,53.47182631492615,57.749,3.92,61.845568131655455,1,0,,,not a FALSIFIED row,0,scratch/logs/fse2026/abcrown/cora_2024/00031_df5dbde1ca0b44384f61_z599cj18.log,6b8bbcfac1c01da1cabd240a87e4dce1a65f5a2b,"{""attack"": {""attack_off"": true, ""hook_replacements"": {}, ""overrides"": {""attack"": {""enable_mip_attack"": false, ""input_split_check_adv"": {""enabled"": ""false""}, ""pgd_order"": ""skip""}, ""bab"": {""attack"": {""enabled"": false}, ""branching"": {""input_split"": {""update_rhs_with_attack"": false}}}}}, ""biccos_applicable"": true, ""biccos_effective"": false, ""derived_path"": ""scratch/rq1_2026_tmp/baselines/abcrown/cora_2024/00031_df5dbde1ca0b44384f61_z599cj18/config.yaml"", ""deviations"": [""attack-off (user decision D20): all attack/falsification stages disabled, see config.attack.overrides"", ""float32: general.double_fp=false; solver.use_float64_in_last_iteration=false; stable_f32 interpreter""], ""mapping"": ""exact"", ""notes"": [], ""official"": ""exp_configs/vnncomp25/cora.yaml"", ""official_biccos"": false, ""official_pgd_order"": ""before"", ""variant"": ""official""}","[""attack-off (user decision D20): all attack/falsification stages disabled, see config.attack.overrides"", ""float32: general.double_fp=false; solver.use_float64_in_last_iteration=false; stable_f32 interpreter""]",,,76.0,31586.0,official_attack_off_f32,"[""abcrown"",""data/vnncomp2026/cora_2024/1.0/onnx/mnist-trades.onnx"",""data/vnncomp2026/cora_2024/1.0/vnnlib/mnist-img10.vnnlib"",30.0,""official_attack_off_f32""]",
cora_2024,32,mnist-set.onnx,mnist-img10.vnnlib,unsat,0.329709529876709,CERTIFIED,1,30.0,0.329709529876709,5.142,4.809,10.098086727783084,0,0,,,not a FALSIFIED row,0,scratch/logs/fse2026/abcrown/cora_2024/00032_3da5118e7e778fa086b5_k0pt5xgw.log,6b8bbcfac1c01da1cabd240a87e4dce1a65f5a2b,"{""attack"": {""attack_off"": true, ""hook_replacements"": {}, ""overrides"": {""attack"": {""enable_mip_attack"": false, ""input_split_check_adv"": {""enabled"": ""false""}, ""pgd_order"": ""skip""}, ""bab"": {""attack"": {""enabled"": false}, ""branching"": {""input_split"": {""update_rhs_with_attack"": false}}}}}, ""biccos_applicable"": true, ""biccos_effective"": false, ""derived_path"": ""scratch/rq1_2026_tmp/baselines/abcrown/cora_2024/00032_3da5118e7e778fa086b5_k0pt5xgw/config.yaml"", ""deviations"": [""attack-off (user decision D20): all attack/falsification stages disabled, see config.attack.overrides"", ""float32: general.double_fp=false; solver.use_float64_in_last_iteration=false; stable_f32 interpreter""], ""mapping"": ""exact"", ""notes"": [], ""official"": ""exp_configs/vnncomp25/cora.yaml"", ""official_biccos"": false, ""official_pgd_order"": ""before"", ""variant"": ""official""}","[""attack-off (user decision D20): all attack/falsification stages disabled, see config.attack.overrides"", ""float32: general.double_fp=false; solver.use_float64_in_last_iteration=false; stable_f32 interpreter""]",,,0.0,38366.0,official_attack_off_f32,"[""abcrown"",""data/vnncomp2026/cora_2024/1.0/onnx/mnist-set.onnx"",""data/vnncomp2026/cora_2024/1.0/vnnlib/mnist-img10.vnnlib"",30.0,""official_attack_off_f32""]",
cora_2024,33,mnist-point.onnx,mnist-img11.vnnlib,timeout,52.17746639251709,TIMEOUT,0,30.0,52.17746639251709,57.382,5.064,62.58555477298796,1,0,,,not a FALSIFIED row,0,scratch/logs/fse2026/abcrown/cora_2024/00033_e6aea7b1267d19079a4c_6d6j6aw3.log,6b8bbcfac1c01da1cabd240a87e4dce1a65f5a2b,"{""attack"": {""attack_off"": true, ""hook_replacements"": {}, ""overrides"": {""attack"": {""enable_mip_attack"": false, ""input_split_check_adv"": {""enabled"": ""false""}, ""pgd_order"": ""skip""}, ""bab"": {""attack"": {""enabled"": false}, ""branching"": {""input_split"": {""update_rhs_with_attack"": false}}}}}, ""biccos_applicable"": true, ""biccos_effective"": false, ""derived_path"": ""scratch/rq1_2026_tmp/baselines/abcrown/cora_2024/00033_e6aea7b1267d19079a4c_6d6j6aw3/config.yaml"", ""deviations"": [""attack-off (user decision D20): all attack/falsification stages disabled, see config.attack.overrides"", ""float32: general.double_fp=false; solver.use_float64_in_last_iteration=false; stable_f32 interpreter""], ""mapping"": ""exact"", ""notes"": [], ""official"": ""exp_configs/vnncomp25/cora.yaml"", ""official_biccos"": false, ""official_pgd_order"": ""before"", ""variant"": ""official""}","[""attack-off (user decision D20): all attack/falsification stages disabled, see config.attack.overrides"", ""float32: general.double_fp=false; solver.use_float64_in_last_iteration=false; stable_f32 interpreter""]",,,0.0,38366.0,official_attack_off_f32,"[""abcrown"",""data/vnncomp2026/cora_2024/1.0/onnx/mnist-point.onnx"",""data/vnncomp2026/cora_2024/1.0/vnnlib/mnist-img11.vnnlib"",30.0,""official_attack_off_f32""]",
cora_2024,34,mnist-trades.onnx,mnist-img11.vnnlib,timeout,,TIMEOUT,0,30.0,,60.255,5.203,65.58685846067965,1,0,,,not a FALSIFIED row,,scratch/logs/fse2026/abcrown/cora_2024/00034_27c0caf38c3ef36b7dce_frfv_zbf.log,6b8bbcfac1c01da1cabd240a87e4dce1a65f5a2b,"{""attack"": {""attack_off"": true, ""hook_replacements"": {}, ""overrides"": {""attack"": {""enable_mip_attack"": false, ""input_split_check_adv"": {""enabled"": ""false""}, ""pgd_order"": ""skip""}, ""bab"": {""attack"": {""enabled"": false}, ""branching"": {""input_split"": {""update_rhs_with_attack"": false}}}}}, ""biccos_applicable"": true, ""biccos_effective"": false, ""derived_path"": ""scratch/rq1_2026_tmp/baselines/abcrown/cora_2024/00034_27c0caf38c3ef36b7dce_frfv_zbf/config.yaml"", ""deviations"": [""attack-off (user decision D20): all attack/falsification stages disabled, see config.attack.overrides"", ""float32: general.double_fp=false; solver.use_float64_in_last_iteration=false; stable_f32 interpreter""], ""mapping"": ""exact"", ""notes"": [], ""official"": ""exp_configs/vnncomp25/cora.yaml"", ""official_biccos"": false, ""official_pgd_order"": ""before"", ""variant"": ""official""}","[""attack-off (user decision D20): all attack/falsification stages disabled, see config.attack.overrides"", ""float32: general.double_fp=false; solver.use_float64_in_last_iteration=false; stable_f32 interpreter""]",,,0.0,61328.0,official_attack_off_f32,"[""abcrown"",""data/vnncomp2026/cora_2024/1.0/onnx/mnist-trades.onnx"",""data/vnncomp2026/cora_2024/1.0/vnnlib/mnist-img11.vnnlib"",30.0,""official_attack_off_f32""]",
cora_2024,35,mnist-set.onnx,mnist-img11.vnnlib,unsat,1.030759334564209,CERTIFIED,1,30.0,1.030759334564209,5.022,3.97,9.10782753676176,0,0,,,not a FALSIFIED row,0,scratch/logs/fse2026/abcrown/cora_2024/00035_7e0286bb9b780ee5dbf1_ixh6ynqo.log,6b8bbcfac1c01da1cabd240a87e4dce1a65f5a2b,"{""attack"": {""attack_off"": true, ""hook_replacements"": {}, ""overrides"": {""attack"": {""enable_mip_attack"": false, ""input_split_check_adv"": {""enabled"": ""false""}, ""pgd_order"": ""skip""}, ""bab"": {""attack"": {""enabled"": false}, ""branching"": {""input_split"": {""update_rhs_with_attack"": false}}}}}, ""biccos_applicable"": true, ""biccos_effective"": false, ""derived_path"": ""scratch/rq1_2026_tmp/baselines/abcrown/cora_2024/00035_7e0286bb9b780ee5dbf1_ixh6ynqo/config.yaml"", ""deviations"": [""attack-off (user decision D20): all attack/falsification stages disabled, see config.attack.overrides"", ""float32: general.double_fp=false; solver.use_float64_in_last_iteration=false; stable_f32 interpreter""], ""mapping"": ""exact"", ""notes"": [], ""official"": ""exp_configs/vnncomp25/cora.yaml"", ""official_biccos"": false, ""official_pgd_order"": ""before"", ""variant"": ""official""}","[""attack-off (user decision D20): all attack/falsification stages disabled, see config.attack.overrides"", ""float32: general.double_fp=false; solver.use_float64_in_last_iteration=false; stable_f32 interpreter""]",,,87.0,25326.0,official_attack_off_f32,"[""abcrown"",""data/vnncomp2026/cora_2024/1.0/onnx/mnist-set.onnx"",""data/vnncomp2026/cora_2024/1.0/vnnlib/mnist-img11.vnnlib"",30.0,""official_attack_off_f32""]",
cora_2024,36,mnist-point.onnx,mnist-img12.vnnlib,timeout,50.31113624572754,TIMEOUT,0,30.0,50.31113624572754,55.087,3.87,59.055784994736314,1,0,,,not a FALSIFIED row,0,scratch/logs/fse2026/abcrown/cora_2024/00036_55c1c4463e6616a67900_pn77nfa6.log,6b8bbcfac1c01da1cabd240a87e4dce1a65f5a2b,"{""attack"": {""attack_off"": true, ""hook_replacements"": {}, ""overrides"": {""attack"": {""enable_mip_attack"": false, ""input_split_check_adv"": {""enabled"": ""false""}, ""pgd_order"": ""skip""}, ""bab"": {""attack"": {""enabled"": false}, ""branching"": {""input_split"": {""update_rhs_with_attack"": false}}}}}, ""biccos_applicable"": true, ""biccos_effective"": false, ""derived_path"": ""scratch/rq1_2026_tmp/baselines/abcrown/cora_2024/00036_55c1c4463e6616a67900_pn77nfa6/config.yaml"", ""deviations"": [""attack-off (user decision D20): all attack/falsification stages disabled, see config.attack.overrides"", ""float32: general.double_fp=false; solver.use_float64_in_last_iteration=false; stable_f32 interpreter""], ""mapping"": ""exact"", ""notes"": [], ""official"": ""exp_configs/vnncomp25/cora.yaml"", ""official_biccos"": false, ""official_pgd_order"": ""before"", ""variant"": ""official""}","[""attack-off (user decision D20): all attack/falsification stages disabled, see config.attack.overrides"", ""float32: general.double_fp=false; solver.use_float64_in_last_iteration=false; stable_f32 interpreter""]",,,64.0,32726.0,official_attack_off_f32,"[""abcrown"",""data/vnncomp2026/cora_2024/1.0/onnx/mnist-point.onnx"",""data/vnncomp2026/cora_2024/1.0/vnnlib/mnist-img12.vnnlib"",30.0,""official_attack_off_f32""]",
cora_2024,37,mnist-trades.onnx,mnist-img12.vnnlib,timeout,43.97708225250244,TIMEOUT,0,30.0,43.97708225250244,48.945,5.022,54.11548823304474,1,0,,,not a FALSIFIED row,0,scratch/logs/fse2026/abcrown/cora_2024/00037_457e2eac429c517eb5fc_47__75y6.log,6b8bbcfac1c01da1cabd240a87e4dce1a65f5a2b,"{""attack"": {""attack_off"": true, ""hook_replacements"": {}, ""overrides"": {""attack"": {""enable_mip_attack"": false, ""input_split_check_adv"": {""enabled"": ""false""}, ""pgd_order"": ""skip""}, ""bab"": {""attack"": {""enabled"": false}, ""branching"": {""input_split"": {""update_rhs_with_attack"": false}}}}}, ""biccos_applicable"": true, ""biccos_effective"": false, ""derived_path"": ""scratch/rq1_2026_tmp/baselines/abcrown/cora_2024/00037_457e2eac429c517eb5fc_47__75y6/config.yaml"", ""deviations"": [""attack-off (user decision D20): all attack/falsification stages disabled, see config.attack.overrides"", ""float32: general.double_fp=false; solver.use_float64_in_last_iteration=false; stable_f32 interpreter""], ""mapping"": ""exact"", ""notes"": [], ""official"": ""exp_configs/vnncomp25/cora.yaml"", ""official_biccos"": false, ""official_pgd_order"": ""before"", ""variant"": ""official""}","[""attack-off (user decision D20): all attack/falsification stages disabled, see config.attack.overrides"", ""float32: general.double_fp=false; solver.use_float64_in_last_iteration=false; stable_f32 interpreter""]",,,0.0,34926.0,official_attack_off_f32,"[""abcrown"",""data/vnncomp2026/cora_2024/1.0/onnx/mnist-trades.onnx"",""data/vnncomp2026/cora_2024/1.0/vnnlib/mnist-img12.vnnlib"",30.0,""official_attack_off_f32""]",
cora_2024,38,mnist-set.onnx,mnist-img12.vnnlib,unsat,0.6074085235595703,CERTIFIED,1,30.0,0.6074085235595703,5.503,4.85,10.467170562595129,0,0,,,not a FALSIFIED row,0,scratch/logs/fse2026/abcrown/cora_2024/00038_2f974f5cafe75fc4f5aa_8tlh4lq7.log,6b8bbcfac1c01da1cabd240a87e4dce1a65f5a2b,"{""attack"": {""attack_off"": true, ""hook_replacements"": {}, ""overrides"": {""attack"": {""enable_mip_attack"": false, ""input_split_check_adv"": {""enabled"": ""false""}, ""pgd_order"": ""skip""}, ""bab"": {""attack"": {""enabled"": false}, ""branching"": {""input_split"": {""update_rhs_with_attack"": false}}}}}, ""biccos_applicable"": true, ""biccos_effective"": false, ""derived_path"": ""scratch/rq1_2026_tmp/baselines/abcrown/cora_2024/00038_2f974f5cafe75fc4f5aa_8tlh4lq7/config.yaml"", ""deviations"": [""attack-off (user decision D20): all attack/falsification stages disabled, see config.attack.overrides"", ""float32: general.double_fp=false; solver.use_float64_in_last_iteration=false; stable_f32 interpreter""], ""mapping"": ""exact"", ""notes"": [], ""official"": ""exp_configs/vnncomp25/cora.yaml"", ""official_biccos"": false, ""official_pgd_order"": ""before"", ""variant"": ""official""}","[""attack-off (user decision D20): all attack/falsification stages disabled, see config.attack.overrides"", ""float32: general.double_fp=false; solver.use_float64_in_last_iteration=false; stable_f32 interpreter""]",,,0.0,34926.0,official_attack_off_f32,"[""abcrown"",""data/vnncomp2026/cora_2024/1.0/onnx/mnist-set.onnx"",""data/vnncomp2026/cora_2024/1.0/vnnlib/mnist-img12.vnnlib"",30.0,""official_attack_off_f32""]",
cora_2024,39,mnist-point.onnx,mnist-img13.vnnlib,timeout,,TIMEOUT,0,30.0,,60.377,5.352,65.83529014326632,1,0,,,not a FALSIFIED row,,scratch/logs/fse2026/abcrown/cora_2024/00039_6b70799d852d056591e0_42jna7q2.log,6b8bbcfac1c01da1cabd240a87e4dce1a65f5a2b,"{""attack"": {""attack_off"": true, ""hook_replacements"": {}, ""overrides"": {""attack"": {""enable_mip_attack"": false, ""input_split_check_adv"": {""enabled"": ""false""}, ""pgd_order"": ""skip""}, ""bab"": {""attack"": {""enabled"": false}, ""branching"": {""input_split"": {""update_rhs_with_attack"": false}}}}}, ""biccos_applicable"": true, ""biccos_effective"": false, ""derived_path"": ""scratch/rq1_2026_tmp/baselines/abcrown/cora_2024/00039_6b70799d852d056591e0_42jna7q2/config.yaml"", ""deviations"": [""attack-off (user decision D20): all attack/falsification stages disabled, see config.attack.overrides"", ""float32: general.double_fp=false; solver.use_float64_in_last_iteration=false; stable_f32 interpreter""], ""mapping"": ""exact"", ""notes"": [], ""official"": ""exp_configs/vnncomp25/cora.yaml"", ""official_biccos"": false, ""official_pgd_order"": ""before"", ""variant"": ""official""}","[""attack-off (user decision D20): all attack/falsification stages disabled, see config.attack.overrides"", ""float32: general.double_fp=false; solver.use_float64_in_last_iteration=false; stable_f32 interpreter""]",,,0.0,34926.0,official_attack_off_f32,"[""abcrown"",""data/vnncomp2026/cora_2024/1.0/onnx/mnist-point.onnx"",""data/vnncomp2026/cora_2024/1.0/vnnlib/mnist-img13.vnnlib"",30.0,""official_attack_off_f32""]",
cora_2024,40,mnist-trades.onnx,mnist-img13.vnnlib,timeout,32.33578705787659,TIMEOUT,0,30.0,32.33578705787659,36.426,4.02,40.55995662510395,1,0,,,not a FALSIFIED row,0,scratch/logs/fse2026/abcrown/cora_2024/00040_8356156e09163bcd52ab_nogil00f.log,6b8bbcfac1c01da1cabd240a87e4dce1a65f5a2b,"{""attack"": {""attack_off"": true, ""hook_replacements"": {}, ""overrides"": {""attack"": {""enable_mip_attack"": false, ""input_split_check_adv"": {""enabled"": ""false""}, ""pgd_order"": ""skip""}, ""bab"": {""attack"": {""enabled"": false}, ""branching"": {""input_split"": {""update_rhs_with_attack"": false}}}}}, ""biccos_applicable"": true, ""biccos_effective"": false, ""derived_path"": ""scratch/rq1_2026_tmp/baselines/abcrown/cora_2024/00040_8356156e09163bcd52ab_nogil00f/config.yaml"", ""deviations"": [""attack-off (user decision D20): all attack/falsification stages disabled, see config.attack.overrides"", ""float32: general.double_fp=false; solver.use_float64_in_last_iteration=false; stable_f32 interpreter""], ""mapping"": ""exact"", ""notes"": [], ""official"": ""exp_configs/vnncomp25/cora.yaml"", ""official_biccos"": false, ""official_pgd_order"": ""before"", ""variant"": ""official""}","[""attack-off (user decision D20): all attack/falsification stages disabled, see config.attack.overrides"", ""float32: general.double_fp=false; solver.use_float64_in_last_iteration=false; stable_f32 interpreter""]",,,77.0,4678.0,official_attack_off_f32,"[""abcrown"",""data/vnncomp2026/cora_2024/1.0/onnx/mnist-trades.onnx"",""data/vnncomp2026/cora_2024/1.0/vnnlib/mnist-img13.vnnlib"",30.0,""official_attack_off_f32""]",
cora_2024,41,mnist-set.onnx,mnist-img13.vnnlib,unsat,0.32976245880126953,CERTIFIED,1,30.0,0.32976245880126953,5.132,4.749,10.02146240323782,0,0,,,not a FALSIFIED row,0,scratch/logs/fse2026/abcrown/cora_2024/00041_a60c4c4a23c0657a5c7d_wlkzxnql.log,6b8bbcfac1c01da1cabd240a87e4dce1a65f5a2b,"{""attack"": {""attack_off"": true, ""hook_replacements"": {}, ""overrides"": {""attack"": {""enable_mip_attack"": false, ""input_split_check_adv"": {""enabled"": ""false""}, ""pgd_order"": ""skip""}, ""bab"": {""attack"": {""enabled"": false}, ""branching"": {""input_split"": {""update_rhs_with_attack"": false}}}}}, ""biccos_applicable"": true, ""biccos_effective"": false, ""derived_path"": ""scratch/rq1_2026_tmp/baselines/abcrown/cora_2024/00041_a60c4c4a23c0657a5c7d_wlkzxnql/config.yaml"", ""deviations"": [""attack-off (user decision D20): all attack/falsification stages disabled, see config.attack.overrides"", ""float32: general.double_fp=false; solver.use_float64_in_last_iteration=false; stable_f32 interpreter""], ""mapping"": ""exact"", ""notes"": [], ""official"": ""exp_configs/vnncomp25/cora.yaml"", ""official_biccos"": false, ""official_pgd_order"": ""before"", ""variant"": ""official""}","[""attack-off (user decision D20): all attack/falsification stages disabled, see config.attack.overrides"", ""float32: general.double_fp=false; solver.use_float64_in_last_iteration=false; stable_f32 interpreter""]",,,10.0,35066.0,official_attack_off_f32,"[""abcrown"",""data/vnncomp2026/cora_2024/1.0/onnx/mnist-set.onnx"",""data/vnncomp2026/cora_2024/1.0/vnnlib/mnist-img13.vnnlib"",30.0,""official_attack_off_f32""]",
cora_2024,42,mnist-point.onnx,mnist-img14.vnnlib,timeout,47.45046257972717,TIMEOUT,0,30.0,47.45046257972717,52.798,5.087,58.058837519958615,1,0,,,not a FALSIFIED row,0,scratch/logs/fse2026/abcrown/cora_2024/00042_51d75341a408b3c48160_t2qo1_o0.log,6b8bbcfac1c01da1cabd240a87e4dce1a65f5a2b,"{""attack"": {""attack_off"": true, ""hook_replacements"": {}, ""overrides"": {""attack"": {""enable_mip_attack"": false, ""input_split_check_adv"": {""enabled"": ""false""}, ""pgd_order"": ""skip""}, ""bab"": {""attack"": {""enabled"": false}, ""branching"": {""input_split"": {""update_rhs_with_attack"": false}}}}}, ""biccos_applicable"": true, ""biccos_effective"": false, ""derived_path"": ""scratch/rq1_2026_tmp/baselines/abcrown/cora_2024/00042_51d75341a408b3c48160_t2qo1_o0/config.yaml"", ""deviations"": [""attack-off (user decision D20): all attack/falsification stages disabled, see config.attack.overrides"", ""float32: general.double_fp=false; solver.use_float64_in_last_iteration=false; stable_f32 interpreter""], ""mapping"": ""exact"", ""notes"": [], ""official"": ""exp_configs/vnncomp25/cora.yaml"", ""official_biccos"": false, ""official_pgd_order"": ""before"", ""variant"": ""official""}","[""attack-off (user decision D20): all attack/falsification stages disabled, see config.attack.overrides"", ""float32: general.double_fp=false; solver.use_float64_in_last_iteration=false; stable_f32 interpreter""]",,,0.0,35066.0,official_attack_off_f32,"[""abcrown"",""data/vnncomp2026/cora_2024/1.0/onnx/mnist-point.onnx"",""data/vnncomp2026/cora_2024/1.0/vnnlib/mnist-img14.vnnlib"",30.0,""official_attack_off_f32""]",
cora_2024,43,mnist-trades.onnx,mnist-img14.vnnlib,timeout,44.134074211120605,TIMEOUT,0,30.0,44.134074211120605,49.368,5.2,54.67905089072883,1,0,,,not a FALSIFIED row,0,scratch/logs/fse2026/abcrown/cora_2024/00043_e5435e527e48833a8ef2_e1bhiv4c.log,6b8bbcfac1c01da1cabd240a87e4dce1a65f5a2b,"{""attack"": {""attack_off"": true, ""hook_replacements"": {}, ""overrides"": {""attack"": {""enable_mip_attack"": false, ""input_split_check_adv"": {""enabled"": ""false""}, ""pgd_order"": ""skip""}, ""bab"": {""attack"": {""enabled"": false}, ""branching"": {""input_split"": {""update_rhs_with_attack"": false}}}}}, ""biccos_applicable"": true, ""biccos_effective"": false, ""derived_path"": ""scratch/rq1_2026_tmp/baselines/abcrown/cora_2024/00043_e5435e527e48833a8ef2_e1bhiv4c/config.yaml"", ""deviations"": [""attack-off (user decision D20): all attack/falsification stages disabled, see config.attack.overrides"", ""float32: general.double_fp=false; solver.use_float64_in_last_iteration=false; stable_f32 interpreter""], ""mapping"": ""exact"", ""notes"": [], ""official"": ""exp_configs/vnncomp25/cora.yaml"", ""official_biccos"": false, ""official_pgd_order"": ""before"", ""variant"": ""official""}","[""attack-off (user decision D20): all attack/falsification stages disabled, see config.attack.overrides"", ""float32: general.double_fp=false; solver.use_float64_in_last_iteration=false; stable_f32 interpreter""]",,,0.0,35066.0,official_attack_off_f32,"[""abcrown"",""data/vnncomp2026/cora_2024/1.0/onnx/mnist-trades.onnx"",""data/vnncomp2026/cora_2024/1.0/vnnlib/mnist-img14.vnnlib"",30.0,""official_attack_off_f32""]",
cora_2024,44,mnist-set.onnx,mnist-img14.vnnlib,unsat,0.25844526290893555,CERTIFIED,1,30.0,0.25844526290893555,4.894,4.849,9.917890094220638,0,0,,,not a FALSIFIED row,0,scratch/logs/fse2026/abcrown/cora_2024/00044_6da94106b9847639a4d3_9uf5h93l.log,6b8bbcfac1c01da1cabd240a87e4dce1a65f5a2b,"{""attack"": {""attack_off"": true, ""hook_replacements"": {}, ""overrides"": {""attack"": {""enable_mip_attack"": false, ""input_split_check_adv"": {""enabled"": ""false""}, ""pgd_order"": ""skip""}, ""bab"": {""attack"": {""enabled"": false}, ""branching"": {""input_split"": {""update_rhs_with_attack"": false}}}}}, ""biccos_applicable"": true, ""biccos_effective"": false, ""derived_path"": ""scratch/rq1_2026_tmp/baselines/abcrown/cora_2024/00044_6da94106b9847639a4d3_9uf5h93l/config.yaml"", ""deviations"": [""attack-off (user decision D20): all attack/falsification stages disabled, see config.attack.overrides"", ""float32: general.double_fp=false; solver.use_float64_in_last_iteration=false; stable_f32 interpreter""], ""mapping"": ""exact"", ""notes"": [], ""official"": ""exp_configs/vnncomp25/cora.yaml"", ""official_biccos"": false, ""official_pgd_order"": ""before"", ""variant"": ""official""}","[""attack-off (user decision D20): all attack/falsification stages disabled, see config.attack.overrides"", ""float32: general.double_fp=false; solver.use_float64_in_last_iteration=false; stable_f32 interpreter""]",,,0.0,61248.0,official_attack_off_f32,"[""abcrown"",""data/vnncomp2026/cora_2024/1.0/onnx/mnist-set.onnx"",""data/vnncomp2026/cora_2024/1.0/vnnlib/mnist-img14.vnnlib"",30.0,""official_attack_off_f32""]",
cora_2024,45,mnist-point.onnx,mnist-img15.vnnlib,timeout,50.86366105079651,TIMEOUT,0,30.0,50.86366105079651,55.361,4.67,60.153777623549104,1,0,,,not a FALSIFIED row,0,scratch/logs/fse2026/abcrown/cora_2024/00045_2891fe79f7ed86dfd77b_tqouaocw.log,6b8bbcfac1c01da1cabd240a87e4dce1a65f5a2b,"{""attack"": {""attack_off"": true, ""hook_replacements"": {}, ""overrides"": {""attack"": {""enable_mip_attack"": false, ""input_split_check_adv"": {""enabled"": ""false""}, ""pgd_order"": ""skip""}, ""bab"": {""attack"": {""enabled"": false}, ""branching"": {""input_split"": {""update_rhs_with_attack"": false}}}}}, ""biccos_applicable"": true, ""biccos_effective"": false, ""derived_path"": ""scratch/rq1_2026_tmp/baselines/abcrown/cora_2024/00045_2891fe79f7ed86dfd77b_tqouaocw/config.yaml"", ""deviations"": [""attack-off (user decision D20): all attack/falsification stages disabled, see config.attack.overrides"", ""float32: general.double_fp=false; solver.use_float64_in_last_iteration=false; stable_f32 interpreter""], ""mapping"": ""exact"", ""notes"": [], ""official"": ""exp_configs/vnncomp25/cora.yaml"", ""official_biccos"": false, ""official_pgd_order"": ""before"", ""variant"": ""official""}","[""attack-off (user decision D20): all attack/falsification stages disabled, see config.attack.overrides"", ""float32: general.double_fp=false; solver.use_float64_in_last_iteration=false; stable_f32 interpreter""]",,,1.0,61248.0,official_attack_off_f32,"[""abcrown"",""data/vnncomp2026/cora_2024/1.0/onnx/mnist-point.onnx"",""data/vnncomp2026/cora_2024/1.0/vnnlib/mnist-img15.vnnlib"",30.0,""official_attack_off_f32""]",
cora_2024,46,mnist-trades.onnx,mnist-img15.vnnlib,timeout,34.54368185997009,TIMEOUT,0,30.0,34.54368185997009,38.376,3.77,42.263056663796306,1,0,,,not a FALSIFIED row,0,scratch/logs/fse2026/abcrown/cora_2024/00046_bdbd0bd2cda8cb2bf54d_nj0wx4jy.log,6b8bbcfac1c01da1cabd240a87e4dce1a65f5a2b,"{""attack"": {""attack_off"": true, ""hook_replacements"": {}, ""overrides"": {""attack"": {""enable_mip_attack"": false, ""input_split_check_adv"": {""enabled"": ""false""}, ""pgd_order"": ""skip""}, ""bab"": {""attack"": {""enabled"": false}, ""branching"": {""input_split"": {""update_rhs_with_attack"": false}}}}}, ""biccos_applicable"": true, ""biccos_effective"": false, ""derived_path"": ""scratch/rq1_2026_tmp/baselines/abcrown/cora_2024/00046_bdbd0bd2cda8cb2bf54d_nj0wx4jy/config.yaml"", ""deviations"": [""attack-off (user decision D20): all attack/falsification stages disabled, see config.attack.overrides"", ""float32: general.double_fp=false; solver.use_float64_in_last_iteration=false; stable_f32 interpreter""], ""mapping"": ""exact"", ""notes"": [], ""official"": ""exp_configs/vnncomp25/cora.yaml"", ""official_biccos"": false, ""official_pgd_order"": ""before"", ""variant"": ""official""}","[""attack-off (user decision D20): all attack/falsification stages disabled, see config.attack.overrides"", ""float32: general.double_fp=false; solver.use_float64_in_last_iteration=false; stable_f32 interpreter""]",,,8.0,842.0,official_attack_off_f32,"[""abcrown"",""data/vnncomp2026/cora_2024/1.0/onnx/mnist-trades.onnx"",""data/vnncomp2026/cora_2024/1.0/vnnlib/mnist-img15.vnnlib"",30.0,""official_attack_off_f32""]",
cora_2024,47,mnist-set.onnx,mnist-img15.vnnlib,unsat,0.4571104049682617,CERTIFIED,1,30.0,0.4571104049682617,4.17,3.67,7.95687030442059,0,0,,,not a FALSIFIED row,0,scratch/logs/fse2026/abcrown/cora_2024/00047_3d8e736427b6f5e24536_4nsr6stj.log,6b8bbcfac1c01da1cabd240a87e4dce1a65f5a2b,"{""attack"": {""attack_off"": true, ""hook_replacements"": {}, ""overrides"": {""attack"": {""enable_mip_attack"": false, ""input_split_check_adv"": {""enabled"": ""false""}, ""pgd_order"": ""skip""}, ""bab"": {""attack"": {""enabled"": false}, ""branching"": {""input_split"": {""update_rhs_with_attack"": false}}}}}, ""biccos_applicable"": true, ""biccos_effective"": false, ""derived_path"": ""scratch/rq1_2026_tmp/baselines/abcrown/cora_2024/00047_3d8e736427b6f5e24536_4nsr6stj/config.yaml"", ""deviations"": [""attack-off (user decision D20): all attack/falsification stages disabled, see config.attack.overrides"", ""float32: general.double_fp=false; solver.use_float64_in_last_iteration=false; stable_f32 interpreter""], ""mapping"": ""exact"", ""notes"": [], ""official"": ""exp_configs/vnncomp25/cora.yaml"", ""official_biccos"": false, ""official_pgd_order"": ""before"", ""variant"": ""official""}","[""attack-off (user decision D20): all attack/falsification stages disabled, see config.attack.overrides"", ""float32: general.double_fp=false; solver.use_float64_in_last_iteration=false; stable_f32 interpreter""]",,,18.0,868.0,official_attack_off_f32,"[""abcrown"",""data/vnncomp2026/cora_2024/1.0/onnx/mnist-set.onnx"",""data/vnncomp2026/cora_2024/1.0/vnnlib/mnist-img15.vnnlib"",30.0,""official_attack_off_f32""]",
cora_2024,48,mnist-point.onnx,mnist-img16.vnnlib,timeout,35.97149896621704,TIMEOUT,0,30.0,35.97149896621704,39.829,3.67,43.615112310275435,1,0,,,not a FALSIFIED row,0,scratch/logs/fse2026/abcrown/cora_2024/00048_e0c0908b8082166b8e98__um1uk0a.log,6b8bbcfac1c01da1cabd240a87e4dce1a65f5a2b,"{""attack"": {""attack_off"": true, ""hook_replacements"": {}, ""overrides"": {""attack"": {""enable_mip_attack"": false, ""input_split_check_adv"": {""enabled"": ""false""}, ""pgd_order"": ""skip""}, ""bab"": {""attack"": {""enabled"": false}, ""branching"": {""input_split"": {""update_rhs_with_attack"": false}}}}}, ""biccos_applicable"": true, ""biccos_effective"": false, ""derived_path"": ""scratch/rq1_2026_tmp/baselines/abcrown/cora_2024/00048_e0c0908b8082166b8e98__um1uk0a/config.yaml"", ""deviations"": [""attack-off (user decision D20): all attack/falsification stages disabled, see config.attack.overrides"", ""float32: general.double_fp=false; solver.use_float64_in_last_iteration=false; stable_f32 interpreter""], ""mapping"": ""exact"", ""notes"": [], ""official"": ""exp_configs/vnncomp25/cora.yaml"", ""official_biccos"": false, ""official_pgd_order"": ""before"", ""variant"": ""official""}","[""attack-off (user decision D20): all attack/falsification stages disabled, see config.attack.overrides"", ""float32: general.double_fp=false; solver.use_float64_in_last_iteration=false; stable_f32 interpreter""]",,,18.0,868.0,official_attack_off_f32,"[""abcrown"",""data/vnncomp2026/cora_2024/1.0/onnx/mnist-point.onnx"",""data/vnncomp2026/cora_2024/1.0/vnnlib/mnist-img16.vnnlib"",30.0,""official_attack_off_f32""]",
cora_2024,49,mnist-trades.onnx,mnist-img16.vnnlib,timeout,32.542001247406006,TIMEOUT,0,30.0,32.542001247406006,36.274,3.721,40.09951448440552,1,0,,,not a FALSIFIED row,0,scratch/logs/fse2026/abcrown/cora_2024/00049_2104cf43bcaa89155093_631fn9k5.log,6b8bbcfac1c01da1cabd240a87e4dce1a65f5a2b,"{""attack"": {""attack_off"": true, ""hook_replacements"": {}, ""overrides"": {""attack"": {""enable_mip_attack"": false, ""input_split_check_adv"": {""enabled"": ""false""}, ""pgd_order"": ""skip""}, ""bab"": {""attack"": {""enabled"": false}, ""branching"": {""input_split"": {""update_rhs_with_attack"": false}}}}}, ""biccos_applicable"": true, ""biccos_effective"": false, ""derived_path"": ""scratch/rq1_2026_tmp/baselines/abcrown/cora_2024/00049_2104cf43bcaa89155093_631fn9k5/config.yaml"", ""deviations"": [""attack-off (user decision D20): all attack/falsification stages disabled, see config.attack.overrides"", ""float32: general.double_fp=false; solver.use_float64_in_last_iteration=false; stable_f32 interpreter""], ""mapping"": ""exact"", ""notes"": [], ""official"": ""exp_configs/vnncomp25/cora.yaml"", ""official_biccos"": false, ""official_pgd_order"": ""before"", ""variant"": ""official""}","[""attack-off (user decision D20): all attack/falsification stages disabled, see config.attack.overrides"", ""float32: general.double_fp=false; solver.use_float64_in_last_iteration=false; stable_f32 interpreter""]",,,15.0,868.0,official_attack_off_f32,"[""abcrown"",""data/vnncomp2026/cora_2024/1.0/onnx/mnist-trades.onnx"",""data/vnncomp2026/cora_2024/1.0/vnnlib/mnist-img16.vnnlib"",30.0,""official_attack_off_f32""]",
cora_2024,50,mnist-set.onnx,mnist-img16.vnnlib,unsat,0.2632791996002197,CERTIFIED,1,30.0,0.2632791996002197,3.92,3.72,7.75596322119236,0,0,,,not a FALSIFIED row,0,scratch/logs/fse2026/abcrown/cora_2024/00050_2e7d4ab093ea19bcbbe5_q_vsd02s.log,6b8bbcfac1c01da1cabd240a87e4dce1a65f5a2b,"{""attack"": {""attack_off"": true, ""hook_replacements"": {}, ""overrides"": {""attack"": {""enable_mip_attack"": false, ""input_split_check_adv"": {""enabled"": ""false""}, ""pgd_order"": ""skip""}, ""bab"": {""attack"": {""enabled"": false}, ""branching"": {""input_split"": {""update_rhs_with_attack"": false}}}}}, ""biccos_applicable"": true, ""biccos_effective"": false, ""derived_path"": ""scratch/rq1_2026_tmp/baselines/abcrown/cora_2024/00050_2e7d4ab093ea19bcbbe5_q_vsd02s/config.yaml"", ""deviations"": [""attack-off (user decision D20): all attack/falsification stages disabled, see config.attack.overrides"", ""float32: general.double_fp=false; solver.use_float64_in_last_iteration=false; stable_f32 interpreter""], ""mapping"": ""exact"", ""notes"": [], ""official"": ""exp_configs/vnncomp25/cora.yaml"", ""official_biccos"": false, ""official_pgd_order"": ""before"", ""variant"": ""official""}","[""attack-off (user decision D20): all attack/falsification stages disabled, see config.attack.overrides"", ""float32: general.double_fp=false; solver.use_float64_in_last_iteration=false; stable_f32 interpreter""]",,,17.0,868.0,official_attack_off_f32,"[""abcrown"",""data/vnncomp2026/cora_2024/1.0/onnx/mnist-set.onnx"",""data/vnncomp2026/cora_2024/1.0/vnnlib/mnist-img16.vnnlib"",30.0,""official_attack_off_f32""]",
cora_2024,51,mnist-point.onnx,mnist-img17.vnnlib,timeout,34.07719898223877,TIMEOUT,0,30.0,34.07719898223877,37.977,3.67,41.76109157688916,1,0,,,not a FALSIFIED row,0,scratch/logs/fse2026/abcrown/cora_2024/00051_cf3c375cf5549aebf411_xinrxc83.log,6b8bbcfac1c01da1cabd240a87e4dce1a65f5a2b,"{""attack"": {""attack_off"": true, ""hook_replacements"": {}, ""overrides"": {""attack"": {""enable_mip_attack"": false, ""input_split_check_adv"": {""enabled"": ""false""}, ""pgd_order"": ""skip""}, ""bab"": {""attack"": {""enabled"": false}, ""branching"": {""input_split"": {""update_rhs_with_attack"": false}}}}}, ""biccos_applicable"": true, ""biccos_effective"": false, ""derived_path"": ""scratch/rq1_2026_tmp/baselines/abcrown/cora_2024/00051_cf3c375cf5549aebf411_xinrxc83/config.yaml"", ""deviations"": [""attack-off (user decision D20): all attack/falsification stages disabled, see config.attack.overrides"", ""float32: general.double_fp=false; solver.use_float64_in_last_iteration=false; stable_f32 interpreter""], ""mapping"": ""exact"", ""notes"": [], ""official"": ""exp_configs/vnncomp25/cora.yaml"", ""official_biccos"": false, ""official_pgd_order"": ""before"", ""variant"": ""official""}","[""attack-off (user decision D20): all attack/falsification stages disabled, see config.attack.overrides"", ""float32: general.double_fp=false; solver.use_float64_in_last_iteration=false; stable_f32 interpreter""]",,,8.0,868.0,official_attack_off_f32,"[""abcrown"",""data/vnncomp2026/cora_2024/1.0/onnx/mnist-point.onnx"",""data/vnncomp2026/cora_2024/1.0/vnnlib/mnist-img17.vnnlib"",30.0,""official_attack_off_f32""]",
cora_2024,52,mnist-trades.onnx,mnist-img17.vnnlib,timeout,40.17180585861206,TIMEOUT,0,30.0,40.17180585861206,43.987,3.77,47.869647312909365,1,0,,,not a FALSIFIED row,0,scratch/logs/fse2026/abcrown/cora_2024/00052_cfc2b7e5df29210dc2ed_z_fszjs3.log,6b8bbcfac1c01da1cabd240a87e4dce1a65f5a2b,"{""attack"": {""attack_off"": true, ""hook_replacements"": {}, ""overrides"": {""attack"": {""enable_mip_attack"": false, ""input_split_check_adv"": {""enabled"": ""false""}, ""pgd_order"": ""skip""}, ""bab"": {""attack"": {""enabled"": false}, ""branching"": {""input_split"": {""update_rhs_with_attack"": false}}}}}, ""biccos_applicable"": true, ""biccos_effective"": false, ""derived_path"": ""scratch/rq1_2026_tmp/baselines/abcrown/cora_2024/00052_cfc2b7e5df29210dc2ed_z_fszjs3/config.yaml"", ""deviations"": [""attack-off (user decision D20): all attack/falsification stages disabled, see config.attack.overrides"", ""float32: general.double_fp=false; solver.use_float64_in_last_iteration=false; stable_f32 interpreter""], ""mapping"": ""exact"", ""notes"": [], ""official"": ""exp_configs/vnncomp25/cora.yaml"", ""official_biccos"": false, ""official_pgd_order"": ""before"", ""variant"": ""official""}","[""attack-off (user decision D20): all attack/falsification stages disabled, see config.attack.overrides"", ""float32: general.double_fp=false; solver.use_float64_in_last_iteration=false; stable_f32 interpreter""]",,,48.0,850.0,official_attack_off_f32,"[""abcrown"",""data/vnncomp2026/cora_2024/1.0/onnx/mnist-trades.onnx"",""data/vnncomp2026/cora_2024/1.0/vnnlib/mnist-img17.vnnlib"",30.0,""official_attack_off_f32""]",
cora_2024,53,mnist-set.onnx,mnist-img17.vnnlib,unsat,0.28144383430480957,CERTIFIED,1,30.0,0.28144383430480957,4.12,3.82,8.057164013385773,0,0,,,not a FALSIFIED row,0,scratch/logs/fse2026/abcrown/cora_2024/00053_5ff2dba62f31c2e31b98_d0qh1i3s.log,6b8bbcfac1c01da1cabd240a87e4dce1a65f5a2b,"{""attack"": {""attack_off"": true, ""hook_replacements"": {}, ""overrides"": {""attack"": {""enable_mip_attack"": false, ""input_split_check_adv"": {""enabled"": ""false""}, ""pgd_order"": ""skip""}, ""bab"": {""attack"": {""enabled"": false}, ""branching"": {""input_split"": {""update_rhs_with_attack"": false}}}}}, ""biccos_applicable"": true, ""biccos_effective"": false, ""derived_path"": ""scratch/rq1_2026_tmp/baselines/abcrown/cora_2024/00053_5ff2dba62f31c2e31b98_d0qh1i3s/config.yaml"", ""deviations"": [""attack-off (user decision D20): all attack/falsification stages disabled, see config.attack.overrides"", ""float32: general.double_fp=false; solver.use_float64_in_last_iteration=false; stable_f32 interpreter""], ""mapping"": ""exact"", ""notes"": [], ""official"": ""exp_configs/vnncomp25/cora.yaml"", ""official_biccos"": false, ""official_pgd_order"": ""before"", ""variant"": ""official""}","[""attack-off (user decision D20): all attack/falsification stages disabled, see config.attack.overrides"", ""float32: general.double_fp=false; solver.use_float64_in_last_iteration=false; stable_f32 interpreter""]",,,3.0,1014.0,official_attack_off_f32,"[""abcrown"",""data/vnncomp2026/cora_2024/1.0/onnx/mnist-set.onnx"",""data/vnncomp2026/cora_2024/1.0/vnnlib/mnist-img17.vnnlib"",30.0,""official_attack_off_f32""]",
cora_2024,54,mnist-point.onnx,mnist-img18.vnnlib,timeout,39.60863471031189,TIMEOUT,0,30.0,39.60863471031189,43.437,3.72,47.271971913054585,1,0,,,not a FALSIFIED row,0,scratch/logs/fse2026/abcrown/cora_2024/00054_fb805bb0c53103ff16a1_yk9m3deu.log,6b8bbcfac1c01da1cabd240a87e4dce1a65f5a2b,"{""attack"": {""attack_off"": true, ""hook_replacements"": {}, ""overrides"": {""attack"": {""enable_mip_attack"": false, ""input_split_check_adv"": {""enabled"": ""false""}, ""pgd_order"": ""skip""}, ""bab"": {""attack"": {""enabled"": false}, ""branching"": {""input_split"": {""update_rhs_with_attack"": false}}}}}, ""biccos_applicable"": true, ""biccos_effective"": false, ""derived_path"": ""scratch/rq1_2026_tmp/baselines/abcrown/cora_2024/00054_fb805bb0c53103ff16a1_yk9m3deu/config.yaml"", ""deviations"": [""attack-off (user decision D20): all attack/falsification stages disabled, see config.attack.overrides"", ""float32: general.double_fp=false; solver.use_float64_in_last_iteration=false; stable_f32 interpreter""], ""mapping"": ""exact"", ""notes"": [], ""official"": ""exp_configs/vnncomp25/cora.yaml"", ""official_biccos"": false, ""official_pgd_order"": ""before"", ""variant"": ""official""}","[""attack-off (user decision D20): all attack/falsification stages disabled, see config.attack.overrides"", ""float32: general.double_fp=false; solver.use_float64_in_last_iteration=false; stable_f32 interpreter""]",,,21.0,1014.0,official_attack_off_f32,"[""abcrown"",""data/vnncomp2026/cora_2024/1.0/onnx/mnist-point.onnx"",""data/vnncomp2026/cora_2024/1.0/vnnlib/mnist-img18.vnnlib"",30.0,""official_attack_off_f32""]",
cora_2024,55,mnist-trades.onnx,mnist-img18.vnnlib,timeout,40.45215940475464,TIMEOUT,0,30.0,40.45215940475464,44.337,3.67,48.119505032896996,1,0,,,not a FALSIFIED row,0,scratch/logs/fse2026/abcrown/cora_2024/00055_751b4f3f45469a47db29_ul_03ji2.log,6b8bbcfac1c01da1cabd240a87e4dce1a65f5a2b,"{""attack"": {""attack_off"": true, ""hook_replacements"": {}, ""overrides"": {""attack"": {""enable_mip_attack"": false, ""input_split_check_adv"": {""enabled"": ""false""}, ""pgd_order"": ""skip""}, ""bab"": {""attack"": {""enabled"": false}, ""branching"": {""input_split"": {""update_rhs_with_attack"": false}}}}}, ""biccos_applicable"": true, ""biccos_effective"": false, ""derived_path"": ""scratch/rq1_2026_tmp/baselines/abcrown/cora_2024/00055_751b4f3f45469a47db29_ul_03ji2/config.yaml"", ""deviations"": [""attack-off (user decision D20): all attack/falsification stages disabled, see config.attack.overrides"", ""float32: general.double_fp=false; solver.use_float64_in_last_iteration=false; stable_f32 interpreter""], ""mapping"": ""exact"", ""notes"": [], ""official"": ""exp_configs/vnncomp25/cora.yaml"", ""official_biccos"": false, ""official_pgd_order"": ""before"", ""variant"": ""official""}","[""attack-off (user decision D20): all attack/falsification stages disabled, see config.attack.overrides"", ""float32: general.double_fp=false; solver.use_float64_in_last_iteration=false; stable_f32 interpreter""]",,,26.0,1014.0,official_attack_off_f32,"[""abcrown"",""data/vnncomp2026/cora_2024/1.0/onnx/mnist-trades.onnx"",""data/vnncomp2026/cora_2024/1.0/vnnlib/mnist-img18.vnnlib"",30.0,""official_attack_off_f32""]",
cora_2024,56,mnist-set.onnx,mnist-img18.vnnlib,unsat,0.4006989002227783,CERTIFIED,1,30.0,0.4006989002227783,4.07,3.82,8.006260501220822,0,0,,,not a FALSIFIED row,0,scratch/logs/fse2026/abcrown/cora_2024/00056_74ce0b77e1471c81b61a_xzom__6g.log,6b8bbcfac1c01da1cabd240a87e4dce1a65f5a2b,"{""attack"": {""attack_off"": true, ""hook_replacements"": {}, ""overrides"": {""attack"": {""enable_mip_attack"": false, ""input_split_check_adv"": {""enabled"": ""false""}, ""pgd_order"": ""skip""}, ""bab"": {""attack"": {""enabled"": false}, ""branching"": {""input_split"": {""update_rhs_with_attack"": false}}}}}, ""biccos_applicable"": true, ""biccos_effective"": false, ""derived_path"": ""scratch/rq1_2026_tmp/baselines/abcrown/cora_2024/00056_74ce0b77e1471c81b61a_xzom__6g/config.yaml"", ""deviations"": [""attack-off (user decision D20): all attack/falsification stages disabled, see config.attack.overrides"", ""float32: general.double_fp=false; solver.use_float64_in_last_iteration=false; stable_f32 interpreter""], ""mapping"": ""exact"", ""notes"": [], ""official"": ""exp_configs/vnncomp25/cora.yaml"", ""official_biccos"": false, ""official_pgd_order"": ""before"", ""variant"": ""official""}","[""attack-off (user decision D20): all attack/falsification stages disabled, see config.attack.overrides"", ""float32: general.double_fp=false; solver.use_float64_in_last_iteration=false; stable_f32 interpreter""]",,,21.0,1014.0,official_attack_off_f32,"[""abcrown"",""data/vnncomp2026/cora_2024/1.0/onnx/mnist-set.onnx"",""data/vnncomp2026/cora_2024/1.0/vnnlib/mnist-img18.vnnlib"",30.0,""official_attack_off_f32""]",
cora_2024,57,mnist-point.onnx,mnist-img19.vnnlib,timeout,31.233802556991577,TIMEOUT,0,30.0,31.233802556991577,35.127,3.72,38.96494601108134,1,0,,,not a FALSIFIED row,0,scratch/logs/fse2026/abcrown/cora_2024/00057_c9bdc18d0b9e8598759a_xukbrjup.log,6b8bbcfac1c01da1cabd240a87e4dce1a65f5a2b,"{""attack"": {""attack_off"": true, ""hook_replacements"": {}, ""overrides"": {""attack"": {""enable_mip_attack"": false, ""input_split_check_adv"": {""enabled"": ""false""}, ""pgd_order"": ""skip""}, ""bab"": {""attack"": {""enabled"": false}, ""branching"": {""input_split"": {""update_rhs_with_attack"": false}}}}}, ""biccos_applicable"": true, ""biccos_effective"": false, ""derived_path"": ""scratch/rq1_2026_tmp/baselines/abcrown/cora_2024/00057_c9bdc18d0b9e8598759a_xukbrjup/config.yaml"", ""deviations"": [""attack-off (user decision D20): all attack/falsification stages disabled, see config.attack.overrides"", ""float32: general.double_fp=false; solver.use_float64_in_last_iteration=false; stable_f32 interpreter""], ""mapping"": ""exact"", ""notes"": [], ""official"": ""exp_configs/vnncomp25/cora.yaml"", ""official_biccos"": false, ""official_pgd_order"": ""before"", ""variant"": ""official""}","[""attack-off (user decision D20): all attack/falsification stages disabled, see config.attack.overrides"", ""float32: general.double_fp=false; solver.use_float64_in_last_iteration=false; stable_f32 interpreter""]",,,13.0,1014.0,official_attack_off_f32,"[""abcrown"",""data/vnncomp2026/cora_2024/1.0/onnx/mnist-point.onnx"",""data/vnncomp2026/cora_2024/1.0/vnnlib/mnist-img19.vnnlib"",30.0,""official_attack_off_f32""]",
cora_2024,58,mnist-trades.onnx,mnist-img19.vnnlib,timeout,45.43015670776367,TIMEOUT,0,30.0,45.43015670776367,49.454,4.022,53.59449829161167,1,0,,,not a FALSIFIED row,0,scratch/logs/fse2026/abcrown/cora_2024/00058_e1ed02f17f9182b670c4_an5ptnwp.log,6b8bbcfac1c01da1cabd240a87e4dce1a65f5a2b,"{""attack"": {""attack_off"": true, ""hook_replacements"": {}, ""overrides"": {""attack"": {""enable_mip_attack"": false, ""input_split_check_adv"": {""enabled"": ""false""}, ""pgd_order"": ""skip""}, ""bab"": {""attack"": {""enabled"": false}, ""branching"": {""input_split"": {""update_rhs_with_attack"": false}}}}}, ""biccos_applicable"": true, ""biccos_effective"": false, ""derived_path"": ""scratch/rq1_2026_tmp/baselines/abcrown/cora_2024/00058_e1ed02f17f9182b670c4_an5ptnwp/config.yaml"", ""deviations"": [""attack-off (user decision D20): all attack/falsification stages disabled, see config.attack.overrides"", ""float32: general.double_fp=false; solver.use_float64_in_last_iteration=false; stable_f32 interpreter""], ""mapping"": ""exact"", ""notes"": [], ""official"": ""exp_configs/vnncomp25/cora.yaml"", ""official_biccos"": false, ""official_pgd_order"": ""before"", ""variant"": ""official""}","[""attack-off (user decision D20): all attack/falsification stages disabled, see config.attack.overrides"", ""float32: general.double_fp=false; solver.use_float64_in_last_iteration=false; stable_f32 interpreter""]",,,24.0,806.0,official_attack_off_f32,"[""abcrown"",""data/vnncomp2026/cora_2024/1.0/onnx/mnist-trades.onnx"",""data/vnncomp2026/cora_2024/1.0/vnnlib/mnist-img19.vnnlib"",30.0,""official_attack_off_f32""]",
cora_2024,59,mnist-set.onnx,mnist-img19.vnnlib,unsat,0.2694694995880127,CERTIFIED,1,30.0,0.2694694995880127,4.321,4.071,8.51285433396697,0,0,,,not a FALSIFIED row,0,scratch/logs/fse2026/abcrown/cora_2024/00059_0219da4b38e3a1c9e560_41093uln.log,6b8bbcfac1c01da1cabd240a87e4dce1a65f5a2b,"{""attack"": {""attack_off"": true, ""hook_replacements"": {}, ""overrides"": {""attack"": {""enable_mip_attack"": false, ""input_split_check_adv"": {""enabled"": ""false""}, ""pgd_order"": ""skip""}, ""bab"": {""attack"": {""enabled"": false}, ""branching"": {""input_split"": {""update_rhs_with_attack"": false}}}}}, ""biccos_applicable"": true, ""biccos_effective"": false, ""derived_path"": ""scratch/rq1_2026_tmp/baselines/abcrown/cora_2024/00059_0219da4b38e3a1c9e560_41093uln/config.yaml"", ""deviations"": [""attack-off (user decision D20): all attack/falsification stages disabled, see config.attack.overrides"", ""float32: general.double_fp=false; solver.use_float64_in_last_iteration=false; stable_f32 interpreter""], ""mapping"": ""exact"", ""notes"": [], ""official"": ""exp_configs/vnncomp25/cora.yaml"", ""official_biccos"": false, ""official_pgd_order"": ""before"", ""variant"": ""official""}","[""attack-off (user decision D20): all attack/falsification stages disabled, see config.attack.overrides"", ""float32: general.double_fp=false; solver.use_float64_in_last_iteration=false; stable_f32 interpreter""]",,,0.0,34.0,official_attack_off_f32,"[""abcrown"",""data/vnncomp2026/cora_2024/1.0/onnx/mnist-set.onnx"",""data/vnncomp2026/cora_2024/1.0/vnnlib/mnist-img19.vnnlib"",30.0,""official_attack_off_f32""]",
cora_2024,60,svhn-point.onnx,svhn-img17.vnnlib,timeout,46.51081085205078,TIMEOUT,0,30.0,46.51081085205078,51.009,4.223,55.354993460699916,1,0,,,not a FALSIFIED row,0,scratch/logs/fse2026/abcrown/cora_2024/00060_631c0d53bb083452426e_j01iocqp.log,6b8bbcfac1c01da1cabd240a87e4dce1a65f5a2b,"{""attack"": {""attack_off"": true, ""hook_replacements"": {}, ""overrides"": {""attack"": {""enable_mip_attack"": false, ""input_split_check_adv"": {""enabled"": ""false""}, ""pgd_order"": ""skip""}, ""bab"": {""attack"": {""enabled"": false}, ""branching"": {""input_split"": {""update_rhs_with_attack"": false}}}}}, ""biccos_applicable"": true, ""biccos_effective"": false, ""derived_path"": ""scratch/rq1_2026_tmp/baselines/abcrown/cora_2024/00060_631c0d53bb083452426e_j01iocqp/config.yaml"", ""deviations"": [""attack-off (user decision D20): all attack/falsification stages disabled, see config.attack.overrides"", ""float32: general.double_fp=false; solver.use_float64_in_last_iteration=false; stable_f32 interpreter""], ""mapping"": ""exact"", ""notes"": [], ""official"": ""exp_configs/vnncomp25/cora.yaml"", ""official_biccos"": false, ""official_pgd_order"": ""before"", ""variant"": ""official""}","[""attack-off (user decision D20): all attack/falsification stages disabled, see config.attack.overrides"", ""float32: general.double_fp=false; solver.use_float64_in_last_iteration=false; stable_f32 interpreter""]",,,0.0,34.0,official_attack_off_f32,"[""abcrown"",""data/vnncomp2026/cora_2024/1.0/onnx/svhn-point.onnx"",""data/vnncomp2026/cora_2024/1.0/vnnlib/svhn-img17.vnnlib"",30.0,""official_attack_off_f32""]",
cora_2024,61,svhn-trades.onnx,svhn-img17.vnnlib,timeout,34.30892562866211,TIMEOUT,0,30.0,34.30892562866211,38.74,4.723,43.57587854191661,1,0,,,not a FALSIFIED row,0,scratch/logs/fse2026/abcrown/cora_2024/00061_b70dd4c8bc4c116517d9_tbg8oofi.log,6b8bbcfac1c01da1cabd240a87e4dce1a65f5a2b,"{""attack"": {""attack_off"": true, ""hook_replacements"": {}, ""overrides"": {""attack"": {""enable_mip_attack"": false, ""input_split_check_adv"": {""enabled"": ""false""}, ""pgd_order"": ""skip""}, ""bab"": {""attack"": {""enabled"": false}, ""branching"": {""input_split"": {""update_rhs_with_attack"": false}}}}}, ""biccos_applicable"": true, ""biccos_effective"": false, ""derived_path"": ""scratch/rq1_2026_tmp/baselines/abcrown/cora_2024/00061_b70dd4c8bc4c116517d9_tbg8oofi/config.yaml"", ""deviations"": [""attack-off (user decision D20): all attack/falsification stages disabled, see config.attack.overrides"", ""float32: general.double_fp=false; solver.use_float64_in_last_iteration=false; stable_f32 interpreter""], ""mapping"": ""exact"", ""notes"": [], ""official"": ""exp_configs/vnncomp25/cora.yaml"", ""official_biccos"": false, ""official_pgd_order"": ""before"", ""variant"": ""official""}","[""attack-off (user decision D20): all attack/falsification stages disabled, see config.attack.overrides"", ""float32: general.double_fp=false; solver.use_float64_in_last_iteration=false; stable_f32 interpreter""]",,,95.0,9820.0,official_attack_off_f32,"[""abcrown"",""data/vnncomp2026/cora_2024/1.0/onnx/svhn-trades.onnx"",""data/vnncomp2026/cora_2024/1.0/vnnlib/svhn-img17.vnnlib"",30.0,""official_attack_off_f32""]",
cora_2024,62,svhn-set.onnx,svhn-img17.vnnlib,timeout,31.115139961242676,TIMEOUT,0,30.0,31.115139961242676,35.326,4.171,39.614723928272724,1,0,,,not a FALSIFIED row,0,scratch/logs/fse2026/abcrown/cora_2024/00062_cd164fcfda4ca2eb396b_f3afkyr4.log,6b8bbcfac1c01da1cabd240a87e4dce1a65f5a2b,"{""attack"": {""attack_off"": true, ""hook_replacements"": {}, ""overrides"": {""attack"": {""enable_mip_attack"": false, ""input_split_check_adv"": {""enabled"": ""false""}, ""pgd_order"": ""skip""}, ""bab"": {""attack"": {""enabled"": false}, ""branching"": {""input_split"": {""update_rhs_with_attack"": false}}}}}, ""biccos_applicable"": true, ""biccos_effective"": false, ""derived_path"": ""scratch/rq1_2026_tmp/baselines/abcrown/cora_2024/00062_cd164fcfda4ca2eb396b_f3afkyr4/config.yaml"", ""deviations"": [""attack-off (user decision D20): all attack/falsification stages disabled, see config.attack.overrides"", ""float32: general.double_fp=false; solver.use_float64_in_last_iteration=false; stable_f32 interpreter""], ""mapping"": ""exact"", ""notes"": [], ""official"": ""exp_configs/vnncomp25/cora.yaml"", ""official_biccos"": false, ""official_pgd_order"": ""before"", ""variant"": ""official""}","[""attack-off (user decision D20): all attack/falsification stages disabled, see config.attack.overrides"", ""float32: general.double_fp=false; solver.use_float64_in_last_iteration=false; stable_f32 interpreter""]",,,87.0,13020.0,official_attack_off_f32,"[""abcrown"",""data/vnncomp2026/cora_2024/1.0/onnx/svhn-set.onnx"",""data/vnncomp2026/cora_2024/1.0/vnnlib/svhn-img17.vnnlib"",30.0,""official_attack_off_f32""]",
cora_2024,63,svhn-point.onnx,svhn-img53.vnnlib,timeout,56.646132469177246,TIMEOUT,0,30.0,56.646132469177246,60.269,3.82,64.19845489785075,1,0,,,not a FALSIFIED row,,scratch/logs/fse2026/abcrown/cora_2024/00063_2c63d6d3683dc8fc282c_yrmcljs3.log,6b8bbcfac1c01da1cabd240a87e4dce1a65f5a2b,"{""attack"": {""attack_off"": true, ""hook_replacements"": {}, ""overrides"": {""attack"": {""enable_mip_attack"": false, ""input_split_check_adv"": {""enabled"": ""false""}, ""pgd_order"": ""skip""}, ""bab"": {""attack"": {""enabled"": false}, ""branching"": {""input_split"": {""update_rhs_with_attack"": false}}}}}, ""biccos_applicable"": true, ""biccos_effective"": false, ""derived_path"": ""scratch/rq1_2026_tmp/baselines/abcrown/cora_2024/00063_2c63d6d3683dc8fc282c_yrmcljs3/config.yaml"", ""deviations"": [""attack-off (user decision D20): all attack/falsification stages disabled, see config.attack.overrides"", ""float32: general.double_fp=false; solver.use_float64_in_last_iteration=false; stable_f32 interpreter""], ""mapping"": ""exact"", ""notes"": [], ""official"": ""exp_configs/vnncomp25/cora.yaml"", ""official_biccos"": false, ""official_pgd_order"": ""before"", ""variant"": ""official""}","[""attack-off (user decision D20): all attack/falsification stages disabled, see config.attack.overrides"", ""float32: general.double_fp=false; solver.use_float64_in_last_iteration=false; stable_f32 interpreter""]",,,26.0,3764.0,official_attack_off_f32,"[""abcrown"",""data/vnncomp2026/cora_2024/1.0/onnx/svhn-point.onnx"",""data/vnncomp2026/cora_2024/1.0/vnnlib/svhn-img53.vnnlib"",30.0,""official_attack_off_f32""]",
cora_2024,64,svhn-trades.onnx,svhn-img53.vnnlib,timeout,42.473392486572266,TIMEOUT,0,30.0,42.473392486572266,46.59,3.92,50.62775710597634,1,0,,,not a FALSIFIED row,0,scratch/logs/fse2026/abcrown/cora_2024/00064_e7f0eed861413e3854a8_r55j1gyl.log,6b8bbcfac1c01da1cabd240a87e4dce1a65f5a2b,"{""attack"": {""attack_off"": true, ""hook_replacements"": {}, ""overrides"": {""attack"": {""enable_mip_attack"": false, ""input_split_check_adv"": {""enabled"": ""false""}, ""pgd_order"": ""skip""}, ""bab"": {""attack"": {""enabled"": false}, ""branching"": {""input_split"": {""update_rhs_with_attack"": false}}}}}, ""biccos_applicable"": true, ""biccos_effective"": false, ""derived_path"": ""scratch/rq1_2026_tmp/baselines/abcrown/cora_2024/00064_e7f0eed861413e3854a8_r55j1gyl/config.yaml"", ""deviations"": [""attack-off (user decision D20): all attack/falsification stages disabled, see config.attack.overrides"", ""float32: general.double_fp=false; solver.use_float64_in_last_iteration=false; stable_f32 interpreter""], ""mapping"": ""exact"", ""notes"": [], ""official"": ""exp_configs/vnncomp25/cora.yaml"", ""official_biccos"": false, ""official_pgd_order"": ""before"", ""variant"": ""official""}","[""attack-off (user decision D20): all attack/falsification stages disabled, see config.attack.overrides"", ""float32: general.double_fp=false; solver.use_float64_in_last_iteration=false; stable_f32 interpreter""]",,,87.0,5858.0,official_attack_off_f32,"[""abcrown"",""data/vnncomp2026/cora_2024/1.0/onnx/svhn-trades.onnx"",""data/vnncomp2026/cora_2024/1.0/vnnlib/svhn-img53.vnnlib"",30.0,""official_attack_off_f32""]",
cora_2024,65,svhn-set.onnx,svhn-img53.vnnlib,timeout,37.84551286697388,TIMEOUT,0,30.0,37.84551286697388,42.137,4.271,46.52928393706679,1,0,,,not a FALSIFIED row,0,scratch/logs/fse2026/abcrown/cora_2024/00065_d81fad884ec46422ef63_zvdq5ee6.log,6b8bbcfac1c01da1cabd240a87e4dce1a65f5a2b,"{""attack"": {""attack_off"": true, ""hook_replacements"": {}, ""overrides"": {""attack"": {""enable_mip_attack"": false, ""input_split_check_adv"": {""enabled"": ""false""}, ""pgd_order"": ""skip""}, ""bab"": {""attack"": {""enabled"": false}, ""branching"": {""input_split"": {""update_rhs_with_attack"": false}}}}}, ""biccos_applicable"": true, ""biccos_effective"": false, ""derived_path"": ""scratch/rq1_2026_tmp/baselines/abcrown/cora_2024/00065_d81fad884ec46422ef63_zvdq5ee6/config.yaml"", ""deviations"": [""attack-off (user decision D20): all attack/falsification stages disabled, see config.attack.overrides"", ""float32: general.double_fp=false; solver.use_float64_in_last_iteration=false; stable_f32 interpreter""], ""mapping"": ""exact"", ""notes"": [], ""official"": ""exp_configs/vnncomp25/cora.yaml"", ""official_biccos"": false, ""official_pgd_order"": ""before"", ""variant"": ""official""}","[""attack-off (user decision D20): all attack/falsification stages disabled, see config.attack.overrides"", ""float32: general.double_fp=false; solver.use_float64_in_last_iteration=false; stable_f32 interpreter""]",,,96.0,14778.0,official_attack_off_f32,"[""abcrown"",""data/vnncomp2026/cora_2024/1.0/onnx/svhn-set.onnx"",""data/vnncomp2026/cora_2024/1.0/vnnlib/svhn-img53.vnnlib"",30.0,""official_attack_off_f32""]",
cora_2024,66,svhn-point.onnx,svhn-img55.vnnlib,timeout,38.43285536766052,TIMEOUT,0,30.0,38.43285536766052,42.593,3.97,46.67361666634679,1,0,,,not a FALSIFIED row,0,scratch/logs/fse2026/abcrown/cora_2024/00066_1ba978663f7ab83e3778_bu6kmprd.log,6b8bbcfac1c01da1cabd240a87e4dce1a65f5a2b,"{""attack"": {""attack_off"": true, ""hook_replacements"": {}, ""overrides"": {""attack"": {""enable_mip_attack"": false, ""input_split_check_adv"": {""enabled"": ""false""}, ""pgd_order"": ""skip""}, ""bab"": {""attack"": {""enabled"": false}, ""branching"": {""input_split"": {""update_rhs_with_attack"": false}}}}}, ""biccos_applicable"": true, ""biccos_effective"": false, ""derived_path"": ""scratch/rq1_2026_tmp/baselines/abcrown/cora_2024/00066_1ba978663f7ab83e3778_bu6kmprd/config.yaml"", ""deviations"": [""attack-off (user decision D20): all attack/falsification stages disabled, see config.attack.overrides"", ""float32: general.double_fp=false; solver.use_float64_in_last_iteration=false; stable_f32 interpreter""], ""mapping"": ""exact"", ""notes"": [], ""official"": ""exp_configs/vnncomp25/cora.yaml"", ""official_biccos"": false, ""official_pgd_order"": ""before"", ""variant"": ""official""}","[""attack-off (user decision D20): all attack/falsification stages disabled, see config.attack.overrides"", ""float32: general.double_fp=false; solver.use_float64_in_last_iteration=false; stable_f32 interpreter""]",,,37.0,9772.0,official_attack_off_f32,"[""abcrown"",""data/vnncomp2026/cora_2024/1.0/onnx/svhn-point.onnx"",""data/vnncomp2026/cora_2024/1.0/vnnlib/svhn-img55.vnnlib"",30.0,""official_attack_off_f32""]",
cora_2024,67,svhn-trades.onnx,svhn-img55.vnnlib,timeout,33.18158674240112,TIMEOUT,0,30.0,33.18158674240112,37.429,4.17,41.720715537667274,1,0,,,not a FALSIFIED row,0,scratch/logs/fse2026/abcrown/cora_2024/00067_b6fbd3b8b91fc61e5909_8obsuv8c.log,6b8bbcfac1c01da1cabd240a87e4dce1a65f5a2b,"{""attack"": {""attack_off"": true, ""hook_replacements"": {}, ""overrides"": {""attack"": {""enable_mip_attack"": false, ""input_split_check_adv"": {""enabled"": ""false""}, ""pgd_order"": ""skip""}, ""bab"": {""attack"": {""enabled"": false}, ""branching"": {""input_split"": {""update_rhs_with_attack"": false}}}}}, ""biccos_applicable"": true, ""biccos_effective"": false, ""derived_path"": ""scratch/rq1_2026_tmp/baselines/abcrown/cora_2024/00067_b6fbd3b8b91fc61e5909_8obsuv8c/config.yaml"", ""deviations"": [""attack-off (user decision D20): all attack/falsification stages disabled, see config.attack.overrides"", ""float32: general.double_fp=false; solver.use_float64_in_last_iteration=false; stable_f32 interpreter""], ""mapping"": ""exact"", ""notes"": [], ""official"": ""exp_configs/vnncomp25/cora.yaml"", ""official_biccos"": false, ""official_pgd_order"": ""before"", ""variant"": ""official""}","[""attack-off (user decision D20): all attack/falsification stages disabled, see config.attack.overrides"", ""float32: general.double_fp=false; solver.use_float64_in_last_iteration=false; stable_f32 interpreter""]",,,93.0,9854.0,official_attack_off_f32,"[""abcrown"",""data/vnncomp2026/cora_2024/1.0/onnx/svhn-trades.onnx"",""data/vnncomp2026/cora_2024/1.0/vnnlib/svhn-img55.vnnlib"",30.0,""official_attack_off_f32""]",
cora_2024,68,svhn-set.onnx,svhn-img55.vnnlib,timeout,39.780529737472534,TIMEOUT,0,30.0,39.780529737472534,44.244,4.325,48.68959208764136,1,0,,,not a FALSIFIED row,0,scratch/logs/fse2026/abcrown/cora_2024/00068_ff83ee44b0a05b1c6e6d_z4bj252h.log,6b8bbcfac1c01da1cabd240a87e4dce1a65f5a2b,"{""attack"": {""attack_off"": true, ""hook_replacements"": {}, ""overrides"": {""attack"": {""enable_mip_attack"": false, ""input_split_check_adv"": {""enabled"": ""false""}, ""pgd_order"": ""skip""}, ""bab"": {""attack"": {""enabled"": false}, ""branching"": {""input_split"": {""update_rhs_with_attack"": false}}}}}, ""biccos_applicable"": true, ""biccos_effective"": false, ""derived_path"": ""scratch/rq1_2026_tmp/baselines/abcrown/cora_2024/00068_ff83ee44b0a05b1c6e6d_z4bj252h/config.yaml"", ""deviations"": [""attack-off (user decision D20): all attack/falsification stages disabled, see config.attack.overrides"", ""float32: general.double_fp=false; solver.use_float64_in_last_iteration=false; stable_f32 interpreter""], ""mapping"": ""exact"", ""notes"": [], ""official"": ""exp_configs/vnncomp25/cora.yaml"", ""official_biccos"": false, ""official_pgd_order"": ""before"", ""variant"": ""official""}","[""attack-off (user decision D20): all attack/falsification stages disabled, see config.attack.overrides"", ""float32: general.double_fp=false; solver.use_float64_in_last_iteration=false; stable_f32 interpreter""]",,,0.0,37.0,official_attack_off_f32,"[""abcrown"",""data/vnncomp2026/cora_2024/1.0/onnx/svhn-set.onnx"",""data/vnncomp2026/cora_2024/1.0/vnnlib/svhn-img55.vnnlib"",30.0,""official_attack_off_f32""]",
cora_2024,69,svhn-point.onnx,svhn-img84.vnnlib,timeout,43.3516480922699,TIMEOUT,0,30.0,43.3516480922699,47.648,4.221,51.99071482755244,1,0,,,not a FALSIFIED row,0,scratch/logs/fse2026/abcrown/cora_2024/00069_0cc8a31e32dcbe40b270_i199pwc4.log,6b8bbcfac1c01da1cabd240a87e4dce1a65f5a2b,"{""attack"": {""attack_off"": true, ""hook_replacements"": {}, ""overrides"": {""attack"": {""enable_mip_attack"": false, ""input_split_check_adv"": {""enabled"": ""false""}, ""pgd_order"": ""skip""}, ""bab"": {""attack"": {""enabled"": false}, ""branching"": {""input_split"": {""update_rhs_with_attack"": false}}}}}, ""biccos_applicable"": true, ""biccos_effective"": false, ""derived_path"": ""scratch/rq1_2026_tmp/baselines/abcrown/cora_2024/00069_0cc8a31e32dcbe40b270_i199pwc4/config.yaml"", ""deviations"": [""attack-off (user decision D20): all attack/falsification stages disabled, see config.attack.overrides"", ""float32: general.double_fp=false; solver.use_float64_in_last_iteration=false; stable_f32 interpreter""], ""mapping"": ""exact"", ""notes"": [], ""official"": ""exp_configs/vnncomp25/cora.yaml"", ""official_biccos"": false, ""official_pgd_order"": ""before"", ""variant"": ""official""}","[""attack-off (user decision D20): all attack/falsification stages disabled, see config.attack.overrides"", ""float32: general.double_fp=false; solver.use_float64_in_last_iteration=false; stable_f32 interpreter""]",,,95.0,10208.0,official_attack_off_f32,"[""abcrown"",""data/vnncomp2026/cora_2024/1.0/onnx/svhn-point.onnx"",""data/vnncomp2026/cora_2024/1.0/vnnlib/svhn-img84.vnnlib"",30.0,""official_attack_off_f32""]",
cora_2024,70,svhn-trades.onnx,svhn-img84.vnnlib,timeout,38.317715883255005,TIMEOUT,0,30.0,38.317715883255005,42.44,4.472,47.03329135105014,1,0,,,not a FALSIFIED row,0,scratch/logs/fse2026/abcrown/cora_2024/00070_b11857611585bd1501c8_a4a7q7r2.log,6b8bbcfac1c01da1cabd240a87e4dce1a65f5a2b,"{""attack"": {""attack_off"": true, ""hook_replacements"": {}, ""overrides"": {""attack"": {""enable_mip_attack"": false, ""input_split_check_adv"": {""enabled"": ""false""}, ""pgd_order"": ""skip""}, ""bab"": {""attack"": {""enabled"": false}, ""branching"": {""input_split"": {""update_rhs_with_attack"": false}}}}}, ""biccos_applicable"": true, ""biccos_effective"": false, ""derived_path"": ""scratch/rq1_2026_tmp/baselines/abcrown/cora_2024/00070_b11857611585bd1501c8_a4a7q7r2/config.yaml"", ""deviations"": [""attack-off (user decision D20): all attack/falsification stages disabled, see config.attack.overrides"", ""float32: general.double_fp=false; solver.use_float64_in_last_iteration=false; stable_f32 interpreter""], ""mapping"": ""exact"", ""notes"": [], ""official"": ""exp_configs/vnncomp25/cora.yaml"", ""official_biccos"": false, ""official_pgd_order"": ""before"", ""variant"": ""official""}","[""attack-off (user decision D20): all attack/falsification stages disabled, see config.attack.overrides"", ""float32: general.double_fp=false; solver.use_float64_in_last_iteration=false; stable_f32 interpreter""]",,,47.0,13948.0,official_attack_off_f32,"[""abcrown"",""data/vnncomp2026/cora_2024/1.0/onnx/svhn-trades.onnx"",""data/vnncomp2026/cora_2024/1.0/vnnlib/svhn-img84.vnnlib"",30.0,""official_attack_off_f32""]",
cora_2024,71,svhn-set.onnx,svhn-img84.vnnlib,timeout,38.49948287010193,TIMEOUT,0,30.0,38.49948287010193,55.861,18.699,74.67696380987763,1,0,,,not a FALSIFIED row,0,scratch/logs/fse2026/abcrown/cora_2024/00071_0c31315901dc0124b902_9zhak2hd.log,6b8bbcfac1c01da1cabd240a87e4dce1a65f5a2b,"{""attack"": {""attack_off"": true, ""hook_replacements"": {}, ""overrides"": {""attack"": {""enable_mip_attack"": false, ""input_split_check_adv"": {""enabled"": ""false""}, ""pgd_order"": ""skip""}, ""bab"": {""attack"": {""enabled"": false}, ""branching"": {""input_split"": {""update_rhs_with_attack"": false}}}}}, ""biccos_applicable"": true, ""biccos_effective"": false, ""derived_path"": ""scratch/rq1_2026_tmp/baselines/abcrown/cora_2024/00071_0c31315901dc0124b902_9zhak2hd/config.yaml"", ""deviations"": [""attack-off (user decision D20): all attack/falsification stages disabled, see config.attack.overrides"", ""float32: general.double_fp=false; solver.use_float64_in_last_iteration=false; stable_f32 interpreter""], ""mapping"": ""exact"", ""notes"": [], ""official"": ""exp_configs/vnncomp25/cora.yaml"", ""official_biccos"": false, ""official_pgd_order"": ""before"", ""variant"": ""official""}","[""attack-off (user decision D20): all attack/falsification stages disabled, see config.attack.overrides"", ""float32: general.double_fp=false; solver.use_float64_in_last_iteration=false; stable_f32 interpreter""]",,,0.0,34.0,official_attack_off_f32,"[""abcrown"",""data/vnncomp2026/cora_2024/1.0/onnx/svhn-set.onnx"",""data/vnncomp2026/cora_2024/1.0/vnnlib/svhn-img84.vnnlib"",30.0,""official_attack_off_f32""]",
cora_2024,72,svhn-point.onnx,svhn-img121.vnnlib,timeout,39.80214023590088,TIMEOUT,0,30.0,39.80214023590088,44.195,4.373,48.68073258548975,1,0,,,not a FALSIFIED row,0,scratch/logs/fse2026/abcrown/cora_2024/00072_94437a2d59c76fe365cc__ozf4p8y.log,6b8bbcfac1c01da1cabd240a87e4dce1a65f5a2b,"{""attack"": {""attack_off"": true, ""hook_replacements"": {}, ""overrides"": {""attack"": {""enable_mip_attack"": false, ""input_split_check_adv"": {""enabled"": ""false""}, ""pgd_order"": ""skip""}, ""bab"": {""attack"": {""enabled"": false}, ""branching"": {""input_split"": {""update_rhs_with_attack"": false}}}}}, ""biccos_applicable"": true, ""biccos_effective"": false, ""derived_path"": ""scratch/rq1_2026_tmp/baselines/abcrown/cora_2024/00072_94437a2d59c76fe365cc__ozf4p8y/config.yaml"", ""deviations"": [""attack-off (user decision D20): all attack/falsification stages disabled, see config.attack.overrides"", ""float32: general.double_fp=false; solver.use_float64_in_last_iteration=false; stable_f32 interpreter""], ""mapping"": ""exact"", ""notes"": [], ""official"": ""exp_configs/vnncomp25/cora.yaml"", ""official_biccos"": false, ""official_pgd_order"": ""before"", ""variant"": ""official""}","[""attack-off (user decision D20): all attack/falsification stages disabled, see config.attack.overrides"", ""float32: general.double_fp=false; solver.use_float64_in_last_iteration=false; stable_f32 interpreter""]",,,97.0,23144.0,official_attack_off_f32,"[""abcrown"",""data/vnncomp2026/cora_2024/1.0/onnx/svhn-point.onnx"",""data/vnncomp2026/cora_2024/1.0/vnnlib/svhn-img121.vnnlib"",30.0,""official_attack_off_f32""]",
cora_2024,73,svhn-trades.onnx,svhn-img121.vnnlib,timeout,42.232311487197876,TIMEOUT,0,30.0,42.232311487197876,46.089,4.12,50.32901544868946,1,0,,,not a FALSIFIED row,0,scratch/logs/fse2026/abcrown/cora_2024/00073_15ec8d377dfdb59ea285_z5pv_aws.log,6b8bbcfac1c01da1cabd240a87e4dce1a65f5a2b,"{""attack"": {""attack_off"": true, ""hook_replacements"": {}, ""overrides"": {""attack"": {""enable_mip_attack"": false, ""input_split_check_adv"": {""enabled"": ""false""}, ""pgd_order"": ""skip""}, ""bab"": {""attack"": {""enabled"": false}, ""branching"": {""input_split"": {""update_rhs_with_attack"": false}}}}}, ""biccos_applicable"": true, ""biccos_effective"": false, ""derived_path"": ""scratch/rq1_2026_tmp/baselines/abcrown/cora_2024/00073_15ec8d377dfdb59ea285_z5pv_aws/config.yaml"", ""deviations"": [""attack-off (user decision D20): all attack/falsification stages disabled, see config.attack.overrides"", ""float32: general.double_fp=false; solver.use_float64_in_last_iteration=false; stable_f32 interpreter""], ""mapping"": ""exact"", ""notes"": [], ""official"": ""exp_configs/vnncomp25/cora.yaml"", ""official_biccos"": false, ""official_pgd_order"": ""before"", ""variant"": ""official""}","[""attack-off (user decision D20): all attack/falsification stages disabled, see config.attack.overrides"", ""float32: general.double_fp=false; solver.use_float64_in_last_iteration=false; stable_f32 interpreter""]",,,88.0,3744.0,official_attack_off_f32,"[""abcrown"",""data/vnncomp2026/cora_2024/1.0/onnx/svhn-trades.onnx"",""data/vnncomp2026/cora_2024/1.0/vnnlib/svhn-img121.vnnlib"",30.0,""official_attack_off_f32""]",
cora_2024,74,svhn-set.onnx,svhn-img121.vnnlib,timeout,48.51911544799805,TIMEOUT,0,30.0,48.51911544799805,52.41,4.421,56.9462063331157,1,0,,,not a FALSIFIED row,0,scratch/logs/fse2026/abcrown/cora_2024/00074_d65fe35f9f98398ec954_m180wats.log,6b8bbcfac1c01da1cabd240a87e4dce1a65f5a2b,"{""attack"": {""attack_off"": true, ""hook_replacements"": {}, ""overrides"": {""attack"": {""enable_mip_attack"": false, ""input_split_check_adv"": {""enabled"": ""false""}, ""pgd_order"": ""skip""}, ""bab"": {""attack"": {""enabled"": false}, ""branching"": {""input_split"": {""update_rhs_with_attack"": false}}}}}, ""biccos_applicable"": true, ""biccos_effective"": false, ""derived_path"": ""scratch/rq1_2026_tmp/baselines/abcrown/cora_2024/00074_d65fe35f9f98398ec954_m180wats/config.yaml"", ""deviations"": [""attack-off (user decision D20): all attack/falsification stages disabled, see config.attack.overrides"", ""float32: general.double_fp=false; solver.use_float64_in_last_iteration=false; stable_f32 interpreter""], ""mapping"": ""exact"", ""notes"": [], ""official"": ""exp_configs/vnncomp25/cora.yaml"", ""official_biccos"": false, ""official_pgd_order"": ""before"", ""variant"": ""official""}","[""attack-off (user decision D20): all attack/falsification stages disabled, see config.attack.overrides"", ""float32: general.double_fp=false; solver.use_float64_in_last_iteration=false; stable_f32 interpreter""]",,,94.0,16472.0,official_attack_off_f32,"[""abcrown"",""data/vnncomp2026/cora_2024/1.0/onnx/svhn-set.onnx"",""data/vnncomp2026/cora_2024/1.0/vnnlib/svhn-img121.vnnlib"",30.0,""official_attack_off_f32""]",
cora_2024,75,svhn-point.onnx,svhn-img181.vnnlib,timeout,31.38381314277649,TIMEOUT,0,30.0,31.38381314277649,35.623,4.02,39.76245559565723,1,0,,,not a FALSIFIED row,0,scratch/logs/fse2026/abcrown/cora_2024/00075_2a8f85379aa96f9143a6_3uaj90uy.log,6b8bbcfac1c01da1cabd240a87e4dce1a65f5a2b,"{""attack"": {""attack_off"": true, ""hook_replacements"": {}, ""overrides"": {""attack"": {""enable_mip_attack"": false, ""input_split_check_adv"": {""enabled"": ""false""}, ""pgd_order"": ""skip""}, ""bab"": {""attack"": {""enabled"": false}, ""branching"": {""input_split"": {""update_rhs_with_attack"": false}}}}}, ""biccos_applicable"": true, ""biccos_effective"": false, ""derived_path"": ""scratch/rq1_2026_tmp/baselines/abcrown/cora_2024/00075_2a8f85379aa96f9143a6_3uaj90uy/config.yaml"", ""deviations"": [""attack-off (user decision D20): all attack/falsification stages disabled, see config.attack.overrides"", ""float32: general.double_fp=false; solver.use_float64_in_last_iteration=false; stable_f32 interpreter""], ""mapping"": ""exact"", ""notes"": [], ""official"": ""exp_configs/vnncomp25/cora.yaml"", ""official_biccos"": false, ""official_pgd_order"": ""before"", ""variant"": ""official""}","[""attack-off (user decision D20): all attack/falsification stages disabled, see config.attack.overrides"", ""float32: general.double_fp=false; solver.use_float64_in_last_iteration=false; stable_f32 interpreter""]",,,87.0,4012.0,official_attack_off_f32,"[""abcrown"",""data/vnncomp2026/cora_2024/1.0/onnx/svhn-point.onnx"",""data/vnncomp2026/cora_2024/1.0/vnnlib/svhn-img181.vnnlib"",30.0,""official_attack_off_f32""]",
cora_2024,76,svhn-trades.onnx,svhn-img181.vnnlib,timeout,,TIMEOUT,0,30.0,,60.303,4.421,64.84974551387131,1,0,,,not a FALSIFIED row,,scratch/logs/fse2026/abcrown/cora_2024/00076_1563fc90bccf31325f0f_oe48dpp9.log,6b8bbcfac1c01da1cabd240a87e4dce1a65f5a2b,"{""attack"": {""attack_off"": true, ""hook_replacements"": {}, ""overrides"": {""attack"": {""enable_mip_attack"": false, ""input_split_check_adv"": {""enabled"": ""false""}, ""pgd_order"": ""skip""}, ""bab"": {""attack"": {""enabled"": false}, ""branching"": {""input_split"": {""update_rhs_with_attack"": false}}}}}, ""biccos_applicable"": true, ""biccos_effective"": false, ""derived_path"": ""scratch/rq1_2026_tmp/baselines/abcrown/cora_2024/00076_1563fc90bccf31325f0f_oe48dpp9/config.yaml"", ""deviations"": [""attack-off (user decision D20): all attack/falsification stages disabled, see config.attack.overrides"", ""float32: general.double_fp=false; solver.use_float64_in_last_iteration=false; stable_f32 interpreter""], ""mapping"": ""exact"", ""notes"": [], ""official"": ""exp_configs/vnncomp25/cora.yaml"", ""official_biccos"": false, ""official_pgd_order"": ""before"", ""variant"": ""official""}","[""attack-off (user decision D20): all attack/falsification stages disabled, see config.attack.overrides"", ""float32: general.double_fp=false; solver.use_float64_in_last_iteration=false; stable_f32 interpreter""]",,,99.0,18538.0,official_attack_off_f32,"[""abcrown"",""data/vnncomp2026/cora_2024/1.0/onnx/svhn-trades.onnx"",""data/vnncomp2026/cora_2024/1.0/vnnlib/svhn-img181.vnnlib"",30.0,""official_attack_off_f32""]",
cora_2024,77,svhn-set.onnx,svhn-img181.vnnlib,timeout,30.525113344192505,TIMEOUT,0,30.0,30.525113344192505,34.621,4.121,38.85887522250414,1,0,,,not a FALSIFIED row,0,scratch/logs/fse2026/abcrown/cora_2024/00077_6b0d8c24e68da4653e3a_4nwqcr71.log,6b8bbcfac1c01da1cabd240a87e4dce1a65f5a2b,"{""attack"": {""attack_off"": true, ""hook_replacements"": {}, ""overrides"": {""attack"": {""enable_mip_attack"": false, ""input_split_check_adv"": {""enabled"": ""false""}, ""pgd_order"": ""skip""}, ""bab"": {""attack"": {""enabled"": false}, ""branching"": {""input_split"": {""update_rhs_with_attack"": false}}}}}, ""biccos_applicable"": true, ""biccos_effective"": false, ""derived_path"": ""scratch/rq1_2026_tmp/baselines/abcrown/cora_2024/00077_6b0d8c24e68da4653e3a_4nwqcr71/config.yaml"", ""deviations"": [""attack-off (user decision D20): all attack/falsification stages disabled, see config.attack.overrides"", ""float32: general.double_fp=false; solver.use_float64_in_last_iteration=false; stable_f32 interpreter""], ""mapping"": ""exact"", ""notes"": [], ""official"": ""exp_configs/vnncomp25/cora.yaml"", ""official_biccos"": false, ""official_pgd_order"": ""before"", ""variant"": ""official""}","[""attack-off (user decision D20): all attack/falsification stages disabled, see config.attack.overrides"", ""float32: general.double_fp=false; solver.use_float64_in_last_iteration=false; stable_f32 interpreter""]",,,83.0,5454.0,official_attack_off_f32,"[""abcrown"",""data/vnncomp2026/cora_2024/1.0/onnx/svhn-set.onnx"",""data/vnncomp2026/cora_2024/1.0/vnnlib/svhn-img181.vnnlib"",30.0,""official_attack_off_f32""]",
cora_2024,78,svhn-point.onnx,svhn-img343.vnnlib,timeout,50.83562731742859,TIMEOUT,0,30.0,50.83562731742859,54.86,4.07,59.03993031941354,1,0,,,not a FALSIFIED row,0,scratch/logs/fse2026/abcrown/cora_2024/00078_e1b9186ba3b791e26d2c_ffd5_9xx.log,6b8bbcfac1c01da1cabd240a87e4dce1a65f5a2b,"{""attack"": {""attack_off"": true, ""hook_replacements"": {}, ""overrides"": {""attack"": {""enable_mip_attack"": false, ""input_split_check_adv"": {""enabled"": ""false""}, ""pgd_order"": ""skip""}, ""bab"": {""attack"": {""enabled"": false}, ""branching"": {""input_split"": {""update_rhs_with_attack"": false}}}}}, ""biccos_applicable"": true, ""biccos_effective"": false, ""derived_path"": ""scratch/rq1_2026_tmp/baselines/abcrown/cora_2024/00078_e1b9186ba3b791e26d2c_ffd5_9xx/config.yaml"", ""deviations"": [""attack-off (user decision D20): all attack/falsification stages disabled, see config.attack.overrides"", ""float32: general.double_fp=false; solver.use_float64_in_last_iteration=false; stable_f32 interpreter""], ""mapping"": ""exact"", ""notes"": [], ""official"": ""exp_configs/vnncomp25/cora.yaml"", ""official_biccos"": false, ""official_pgd_order"": ""before"", ""variant"": ""official""}","[""attack-off (user decision D20): all attack/falsification stages disabled, see config.attack.overrides"", ""float32: general.double_fp=false; solver.use_float64_in_last_iteration=false; stable_f32 interpreter""]",,,67.0,9914.0,official_attack_off_f32,"[""abcrown"",""data/vnncomp2026/cora_2024/1.0/onnx/svhn-point.onnx"",""data/vnncomp2026/cora_2024/1.0/vnnlib/svhn-img343.vnnlib"",30.0,""official_attack_off_f32""]",
cora_2024,79,svhn-trades.onnx,svhn-img343.vnnlib,timeout,37.49422264099121,TIMEOUT,0,30.0,37.49422264099121,41.432,4.02,45.56716722995043,1,0,,,not a FALSIFIED row,0,scratch/logs/fse2026/abcrown/cora_2024/00079_fa7df8108b8f922e52fd_xp6uscfx.log,6b8bbcfac1c01da1cabd240a87e4dce1a65f5a2b,"{""attack"": {""attack_off"": true, ""hook_replacements"": {}, ""overrides"": {""attack"": {""enable_mip_attack"": false, ""input_split_check_adv"": {""enabled"": ""false""}, ""pgd_order"": ""skip""}, ""bab"": {""attack"": {""enabled"": false}, ""branching"": {""input_split"": {""update_rhs_with_attack"": false}}}}}, ""biccos_applicable"": true, ""biccos_effective"": false, ""derived_path"": ""scratch/rq1_2026_tmp/baselines/abcrown/cora_2024/00079_fa7df8108b8f922e52fd_xp6uscfx/config.yaml"", ""deviations"": [""attack-off (user decision D20): all attack/falsification stages disabled, see config.attack.overrides"", ""float32: general.double_fp=false; solver.use_float64_in_last_iteration=false; stable_f32 interpreter""], ""mapping"": ""exact"", ""notes"": [], ""official"": ""exp_configs/vnncomp25/cora.yaml"", ""official_biccos"": false, ""official_pgd_order"": ""before"", ""variant"": ""official""}","[""attack-off (user decision D20): all attack/falsification stages disabled, see config.attack.overrides"", ""float32: general.double_fp=false; solver.use_float64_in_last_iteration=false; stable_f32 interpreter""]",,,78.0,6026.0,official_attack_off_f32,"[""abcrown"",""data/vnncomp2026/cora_2024/1.0/onnx/svhn-trades.onnx"",""data/vnncomp2026/cora_2024/1.0/vnnlib/svhn-img343.vnnlib"",30.0,""official_attack_off_f32""]",
cora_2024,80,svhn-set.onnx,svhn-img343.vnnlib,timeout,,TIMEOUT,0,30.0,,60.3,4.022,64.49471740610898,1,0,,,not a FALSIFIED row,,scratch/logs/fse2026/abcrown/cora_2024/00080_5d85c4bc7e4694982df0_6y0hj0i6.log,6b8bbcfac1c01da1cabd240a87e4dce1a65f5a2b,"{""attack"": {""attack_off"": true, ""hook_replacements"": {}, ""overrides"": {""attack"": {""enable_mip_attack"": false, ""input_split_check_adv"": {""enabled"": ""false""}, ""pgd_order"": ""skip""}, ""bab"": {""attack"": {""enabled"": false}, ""branching"": {""input_split"": {""update_rhs_with_attack"": false}}}}}, ""biccos_applicable"": true, ""biccos_effective"": false, ""derived_path"": ""scratch/rq1_2026_tmp/baselines/abcrown/cora_2024/00080_5d85c4bc7e4694982df0_6y0hj0i6/config.yaml"", ""deviations"": [""attack-off (user decision D20): all attack/falsification stages disabled, see config.attack.overrides"", ""float32: general.double_fp=false; solver.use_float64_in_last_iteration=false; stable_f32 interpreter""], ""mapping"": ""exact"", ""notes"": [], ""official"": ""exp_configs/vnncomp25/cora.yaml"", ""official_biccos"": false, ""official_pgd_order"": ""before"", ""variant"": ""official""}","[""attack-off (user decision D20): all attack/falsification stages disabled, see config.attack.overrides"", ""float32: general.double_fp=false; solver.use_float64_in_last_iteration=false; stable_f32 interpreter""]",,,80.0,13320.0,official_attack_off_f32,"[""abcrown"",""data/vnncomp2026/cora_2024/1.0/onnx/svhn-set.onnx"",""data/vnncomp2026/cora_2024/1.0/vnnlib/svhn-img343.vnnlib"",30.0,""official_attack_off_f32""]",
cora_2024,81,svhn-point.onnx,svhn-img417.vnnlib,timeout,34.6723530292511,TIMEOUT,0,30.0,34.6723530292511,38.776,4.17,43.06338346004486,1,0,,,not a FALSIFIED row,0,scratch/logs/fse2026/abcrown/cora_2024/00081_a7f05ca4a67fdb3bd26f__lpdhriy.log,6b8bbcfac1c01da1cabd240a87e4dce1a65f5a2b,"{""attack"": {""attack_off"": true, ""hook_replacements"": {}, ""overrides"": {""attack"": {""enable_mip_attack"": false, ""input_split_check_adv"": {""enabled"": ""false""}, ""pgd_order"": ""skip""}, ""bab"": {""attack"": {""enabled"": false}, ""branching"": {""input_split"": {""update_rhs_with_attack"": false}}}}}, ""biccos_applicable"": true, ""biccos_effective"": false, ""derived_path"": ""scratch/rq1_2026_tmp/baselines/abcrown/cora_2024/00081_a7f05ca4a67fdb3bd26f__lpdhriy/config.yaml"", ""deviations"": [""attack-off (user decision D20): all attack/falsification stages disabled, see config.attack.overrides"", ""float32: general.double_fp=false; solver.use_float64_in_last_iteration=false; stable_f32 interpreter""], ""mapping"": ""exact"", ""notes"": [], ""official"": ""exp_configs/vnncomp25/cora.yaml"", ""official_biccos"": false, ""official_pgd_order"": ""before"", ""variant"": ""official""}","[""attack-off (user decision D20): all attack/falsification stages disabled, see config.attack.overrides"", ""float32: general.double_fp=false; solver.use_float64_in_last_iteration=false; stable_f32 interpreter""]",,,98.0,15198.0,official_attack_off_f32,"[""abcrown"",""data/vnncomp2026/cora_2024/1.0/onnx/svhn-point.onnx"",""data/vnncomp2026/cora_2024/1.0/vnnlib/svhn-img417.vnnlib"",30.0,""official_attack_off_f32""]",
cora_2024,82,svhn-trades.onnx,svhn-img417.vnnlib,timeout,31.978410720825195,TIMEOUT,0,30.0,31.978410720825195,36.024,4.221,40.35985844582319,1,0,,,not a FALSIFIED row,0,scratch/logs/fse2026/abcrown/cora_2024/00082_58b0e9d773f5dd56a29f_9228q5hy.log,6b8bbcfac1c01da1cabd240a87e4dce1a65f5a2b,"{""attack"": {""attack_off"": true, ""hook_replacements"": {}, ""overrides"": {""attack"": {""enable_mip_attack"": false, ""input_split_check_adv"": {""enabled"": ""false""}, ""pgd_order"": ""skip""}, ""bab"": {""attack"": {""enabled"": false}, ""branching"": {""input_split"": {""update_rhs_with_attack"": false}}}}}, ""biccos_applicable"": true, ""biccos_effective"": false, ""derived_path"": ""scratch/rq1_2026_tmp/baselines/abcrown/cora_2024/00082_58b0e9d773f5dd56a29f_9228q5hy/config.yaml"", ""deviations"": [""attack-off (user decision D20): all attack/falsification stages disabled, see config.attack.overrides"", ""float32: general.double_fp=false; solver.use_float64_in_last_iteration=false; stable_f32 interpreter""], ""mapping"": ""exact"", ""notes"": [], ""official"": ""exp_configs/vnncomp25/cora.yaml"", ""official_biccos"": false, ""official_pgd_order"": ""before"", ""variant"": ""official""}","[""attack-off (user decision D20): all attack/falsification stages disabled, see config.attack.overrides"", ""float32: general.double_fp=false; solver.use_float64_in_last_iteration=false; stable_f32 interpreter""]",,,97.0,30680.0,official_attack_off_f32,"[""abcrown"",""data/vnncomp2026/cora_2024/1.0/onnx/svhn-trades.onnx"",""data/vnncomp2026/cora_2024/1.0/vnnlib/svhn-img417.vnnlib"",30.0,""official_attack_off_f32""]",
cora_2024,83,svhn-set.onnx,svhn-img417.vnnlib,timeout,33.603822469711304,TIMEOUT,0,30.0,33.603822469711304,37.526,3.87,41.50991427898407,1,0,,,not a FALSIFIED row,0,scratch/logs/fse2026/abcrown/cora_2024/00083_5e5ed577536da9a94301_1kvuzxd8.log,6b8bbcfac1c01da1cabd240a87e4dce1a65f5a2b,"{""attack"": {""attack_off"": true, ""hook_replacements"": {}, ""overrides"": {""attack"": {""enable_mip_attack"": false, ""input_split_check_adv"": {""enabled"": ""false""}, ""pgd_order"": ""skip""}, ""bab"": {""attack"": {""enabled"": false}, ""branching"": {""input_split"": {""update_rhs_with_attack"": false}}}}}, ""biccos_applicable"": true, ""biccos_effective"": false, ""derived_path"": ""scratch/rq1_2026_tmp/baselines/abcrown/cora_2024/00083_5e5ed577536da9a94301_1kvuzxd8/config.yaml"", ""deviations"": [""attack-off (user decision D20): all attack/falsification stages disabled, see config.attack.overrides"", ""float32: general.double_fp=false; solver.use_float64_in_last_iteration=false; stable_f32 interpreter""], ""mapping"": ""exact"", ""notes"": [], ""official"": ""exp_configs/vnncomp25/cora.yaml"", ""official_biccos"": false, ""official_pgd_order"": ""before"", ""variant"": ""official""}","[""attack-off (user decision D20): all attack/falsification stages disabled, see config.attack.overrides"", ""float32: general.double_fp=false; solver.use_float64_in_last_iteration=false; stable_f32 interpreter""]",,,39.0,4864.0,official_attack_off_f32,"[""abcrown"",""data/vnncomp2026/cora_2024/1.0/onnx/svhn-set.onnx"",""data/vnncomp2026/cora_2024/1.0/vnnlib/svhn-img417.vnnlib"",30.0,""official_attack_off_f32""]",
cora_2024,84,svhn-point.onnx,svhn-img435.vnnlib,timeout,33.71717596054077,TIMEOUT,0,30.0,33.71717596054077,38.04,3.921,42.081180384382606,1,0,,,not a FALSIFIED row,0,scratch/logs/fse2026/abcrown/cora_2024/00084_81c9c21b40946f7f4d78_ahrq7_od.log,6b8bbcfac1c01da1cabd240a87e4dce1a65f5a2b,"{""attack"": {""attack_off"": true, ""hook_replacements"": {}, ""overrides"": {""attack"": {""enable_mip_attack"": false, ""input_split_check_adv"": {""enabled"": ""false""}, ""pgd_order"": ""skip""}, ""bab"": {""attack"": {""enabled"": false}, ""branching"": {""input_split"": {""update_rhs_with_attack"": false}}}}}, ""biccos_applicable"": true, ""biccos_effective"": false, ""derived_path"": ""scratch/rq1_2026_tmp/baselines/abcrown/cora_2024/00084_81c9c21b40946f7f4d78_ahrq7_od/config.yaml"", ""deviations"": [""attack-off (user decision D20): all attack/falsification stages disabled, see config.attack.overrides"", ""float32: general.double_fp=false; solver.use_float64_in_last_iteration=false; stable_f32 interpreter""], ""mapping"": ""exact"", ""notes"": [], ""official"": ""exp_configs/vnncomp25/cora.yaml"", ""official_biccos"": false, ""official_pgd_order"": ""before"", ""variant"": ""official""}","[""attack-off (user decision D20): all attack/falsification stages disabled, see config.attack.overrides"", ""float32: general.double_fp=false; solver.use_float64_in_last_iteration=false; stable_f32 interpreter""]",,,40.0,34.0,official_attack_off_f32,"[""abcrown"",""data/vnncomp2026/cora_2024/1.0/onnx/svhn-point.onnx"",""data/vnncomp2026/cora_2024/1.0/vnnlib/svhn-img435.vnnlib"",30.0,""official_attack_off_f32""]",
cora_2024,85,svhn-trades.onnx,svhn-img435.vnnlib,timeout,33.78288555145264,TIMEOUT,0,30.0,33.78288555145264,38.282,4.521,42.92342244833708,1,0,,,not a FALSIFIED row,0,scratch/logs/fse2026/abcrown/cora_2024/00085_1d4768edbe57c5bcbc24_on6b3l02.log,6b8bbcfac1c01da1cabd240a87e4dce1a65f5a2b,"{""attack"": {""attack_off"": true, ""hook_replacements"": {}, ""overrides"": {""attack"": {""enable_mip_attack"": false, ""input_split_check_adv"": {""enabled"": ""false""}, ""pgd_order"": ""skip""}, ""bab"": {""attack"": {""enabled"": false}, ""branching"": {""input_split"": {""update_rhs_with_attack"": false}}}}}, ""biccos_applicable"": true, ""biccos_effective"": false, ""derived_path"": ""scratch/rq1_2026_tmp/baselines/abcrown/cora_2024/00085_1d4768edbe57c5bcbc24_on6b3l02/config.yaml"", ""deviations"": [""attack-off (user decision D20): all attack/falsification stages disabled, see config.attack.overrides"", ""float32: general.double_fp=false; solver.use_float64_in_last_iteration=false; stable_f32 interpreter""], ""mapping"": ""exact"", ""notes"": [], ""official"": ""exp_configs/vnncomp25/cora.yaml"", ""official_biccos"": false, ""official_pgd_order"": ""before"", ""variant"": ""official""}","[""attack-off (user decision D20): all attack/falsification stages disabled, see config.attack.overrides"", ""float32: general.double_fp=false; solver.use_float64_in_last_iteration=false; stable_f32 interpreter""]",,,52.0,15302.0,official_attack_off_f32,"[""abcrown"",""data/vnncomp2026/cora_2024/1.0/onnx/svhn-trades.onnx"",""data/vnncomp2026/cora_2024/1.0/vnnlib/svhn-img435.vnnlib"",30.0,""official_attack_off_f32""]",
cora_2024,86,svhn-set.onnx,svhn-img435.vnnlib,timeout,,TIMEOUT,0,30.0,,60.323,4.321,64.76147477328777,1,0,,,not a FALSIFIED row,,scratch/logs/fse2026/abcrown/cora_2024/00086_e95c2473037d5cdbabc8_h5zjal50.log,6b8bbcfac1c01da1cabd240a87e4dce1a65f5a2b,"{""attack"": {""attack_off"": true, ""hook_replacements"": {}, ""overrides"": {""attack"": {""enable_mip_attack"": false, ""input_split_check_adv"": {""enabled"": ""false""}, ""pgd_order"": ""skip""}, ""bab"": {""attack"": {""enabled"": false}, ""branching"": {""input_split"": {""update_rhs_with_attack"": false}}}}}, ""biccos_applicable"": true, ""biccos_effective"": false, ""derived_path"": ""scratch/rq1_2026_tmp/baselines/abcrown/cora_2024/00086_e95c2473037d5cdbabc8_h5zjal50/config.yaml"", ""deviations"": [""attack-off (user decision D20): all attack/falsification stages disabled, see config.attack.overrides"", ""float32: general.double_fp=false; solver.use_float64_in_last_iteration=false; stable_f32 interpreter""], ""mapping"": ""exact"", ""notes"": [], ""official"": ""exp_configs/vnncomp25/cora.yaml"", ""official_biccos"": false, ""official_pgd_order"": ""before"", ""variant"": ""official""}","[""attack-off (user decision D20): all attack/falsification stages disabled, see config.attack.overrides"", ""float32: general.double_fp=false; solver.use_float64_in_last_iteration=false; stable_f32 interpreter""]",,,88.0,3752.0,official_attack_off_f32,"[""abcrown"",""data/vnncomp2026/cora_2024/1.0/onnx/svhn-set.onnx"",""data/vnncomp2026/cora_2024/1.0/vnnlib/svhn-img435.vnnlib"",30.0,""official_attack_off_f32""]",
cora_2024,87,svhn-point.onnx,svhn-img509.vnnlib,timeout,30.105088233947754,TIMEOUT,0,30.0,30.105088233947754,34.574,4.371,39.074347192421556,1,0,,,not a FALSIFIED row,0,scratch/logs/fse2026/abcrown/cora_2024/00087_1b501f94526469e800f5_4499xqkw.log,6b8bbcfac1c01da1cabd240a87e4dce1a65f5a2b,"{""attack"": {""attack_off"": true, ""hook_replacements"": {}, ""overrides"": {""attack"": {""enable_mip_attack"": false, ""input_split_check_adv"": {""enabled"": ""false""}, ""pgd_order"": ""skip""}, ""bab"": {""attack"": {""enabled"": false}, ""branching"": {""input_split"": {""update_rhs_with_attack"": false}}}}}, ""biccos_applicable"": true, ""biccos_effective"": false, ""derived_path"": ""scratch/rq1_2026_tmp/baselines/abcrown/cora_2024/00087_1b501f94526469e800f5_4499xqkw/config.yaml"", ""deviations"": [""attack-off (user decision D20): all attack/falsification stages disabled, see config.attack.overrides"", ""float32: general.double_fp=false; solver.use_float64_in_last_iteration=false; stable_f32 interpreter""], ""mapping"": ""exact"", ""notes"": [], ""official"": ""exp_configs/vnncomp25/cora.yaml"", ""official_biccos"": false, ""official_pgd_order"": ""before"", ""variant"": ""official""}","[""attack-off (user decision D20): all attack/falsification stages disabled, see config.attack.overrides"", ""float32: general.double_fp=false; solver.use_float64_in_last_iteration=false; stable_f32 interpreter""]",,,74.0,9744.0,official_attack_off_f32,"[""abcrown"",""data/vnncomp2026/cora_2024/1.0/onnx/svhn-point.onnx"",""data/vnncomp2026/cora_2024/1.0/vnnlib/svhn-img509.vnnlib"",30.0,""official_attack_off_f32""]",
cora_2024,88,svhn-trades.onnx,svhn-img509.vnnlib,timeout,38.33645582199097,TIMEOUT,0,30.0,38.33645582199097,42.695,4.271,47.07861437276006,1,0,,,not a FALSIFIED row,0,scratch/logs/fse2026/abcrown/cora_2024/00088_885f09ce91015a184bbd__n9vnauf.log,6b8bbcfac1c01da1cabd240a87e4dce1a65f5a2b,"{""attack"": {""attack_off"": true, ""hook_replacements"": {}, ""overrides"": {""attack"": {""enable_mip_attack"": false, ""input_split_check_adv"": {""enabled"": ""false""}, ""pgd_order"": ""skip""}, ""bab"": {""attack"": {""enabled"": false}, ""branching"": {""input_split"": {""update_rhs_with_attack"": false}}}}}, ""biccos_applicable"": true, ""biccos_effective"": false, ""derived_path"": ""scratch/rq1_2026_tmp/baselines/abcrown/cora_2024/00088_885f09ce91015a184bbd__n9vnauf/config.yaml"", ""deviations"": [""attack-off (user decision D20): all attack/falsification stages disabled, see config.attack.overrides"", ""float32: general.double_fp=false; solver.use_float64_in_last_iteration=false; stable_f32 interpreter""], ""mapping"": ""exact"", ""notes"": [], ""official"": ""exp_configs/vnncomp25/cora.yaml"", ""official_biccos"": false, ""official_pgd_order"": ""before"", ""variant"": ""official""}","[""attack-off (user decision D20): all attack/falsification stages disabled, see config.attack.overrides"", ""float32: general.double_fp=false; solver.use_float64_in_last_iteration=false; stable_f32 interpreter""]",,,73.0,18484.0,official_attack_off_f32,"[""abcrown"",""data/vnncomp2026/cora_2024/1.0/onnx/svhn-trades.onnx"",""data/vnncomp2026/cora_2024/1.0/vnnlib/svhn-img509.vnnlib"",30.0,""official_attack_off_f32""]",
cora_2024,89,svhn-set.onnx,svhn-img509.vnnlib,timeout,49.18642735481262,TIMEOUT,0,30.0,49.18642735481262,53.557,4.471,58.143808444961905,1,0,,,not a FALSIFIED row,0,scratch/logs/fse2026/abcrown/cora_2024/00089_dc006b00816a03998317_ez913_c8.log,6b8bbcfac1c01da1cabd240a87e4dce1a65f5a2b,"{""attack"": {""attack_off"": true, ""hook_replacements"": {}, ""overrides"": {""attack"": {""enable_mip_attack"": false, ""input_split_check_adv"": {""enabled"": ""false""}, ""pgd_order"": ""skip""}, ""bab"": {""attack"": {""enabled"": false}, ""branching"": {""input_split"": {""update_rhs_with_attack"": false}}}}}, ""biccos_applicable"": true, ""biccos_effective"": false, ""derived_path"": ""scratch/rq1_2026_tmp/baselines/abcrown/cora_2024/00089_dc006b00816a03998317_ez913_c8/config.yaml"", ""deviations"": [""attack-off (user decision D20): all attack/falsification stages disabled, see config.attack.overrides"", ""float32: general.double_fp=false; solver.use_float64_in_last_iteration=false; stable_f32 interpreter""], ""mapping"": ""exact"", ""notes"": [], ""official"": ""exp_configs/vnncomp25/cora.yaml"", ""official_biccos"": false, ""official_pgd_order"": ""before"", ""variant"": ""official""}","[""attack-off (user decision D20): all attack/falsification stages disabled, see config.attack.overrides"", ""float32: general.double_fp=false; solver.use_float64_in_last_iteration=false; stable_f32 interpreter""]",,,53.0,802.0,official_attack_off_f32,"[""abcrown"",""data/vnncomp2026/cora_2024/1.0/onnx/svhn-set.onnx"",""data/vnncomp2026/cora_2024/1.0/vnnlib/svhn-img509.vnnlib"",30.0,""official_attack_off_f32""]",
cora_2024,90,svhn-point.onnx,svhn-img513.vnnlib,timeout,51.68676280975342,TIMEOUT,0,30.0,51.68676280975342,56.314,4.622,61.054304637014866,1,0,,,not a FALSIFIED row,0,scratch/logs/fse2026/abcrown/cora_2024/00090_b09e786ca09927a60db5_6h7kuxbr.log,6b8bbcfac1c01da1cabd240a87e4dce1a65f5a2b,"{""attack"": {""attack_off"": true, ""hook_replacements"": {}, ""overrides"": {""attack"": {""enable_mip_attack"": false, ""input_split_check_adv"": {""enabled"": ""false""}, ""pgd_order"": ""skip""}, ""bab"": {""attack"": {""enabled"": false}, ""branching"": {""input_split"": {""update_rhs_with_attack"": false}}}}}, ""biccos_applicable"": true, ""biccos_effective"": false, ""derived_path"": ""scratch/rq1_2026_tmp/baselines/abcrown/cora_2024/00090_b09e786ca09927a60db5_6h7kuxbr/config.yaml"", ""deviations"": [""attack-off (user decision D20): all attack/falsification stages disabled, see config.attack.overrides"", ""float32: general.double_fp=false; solver.use_float64_in_last_iteration=false; stable_f32 interpreter""], ""mapping"": ""exact"", ""notes"": [], ""official"": ""exp_configs/vnncomp25/cora.yaml"", ""official_biccos"": false, ""official_pgd_order"": ""before"", ""variant"": ""official""}","[""attack-off (user decision D20): all attack/falsification stages disabled, see config.attack.overrides"", ""float32: general.double_fp=false; solver.use_float64_in_last_iteration=false; stable_f32 interpreter""]",,,98.0,17906.0,official_attack_off_f32,"[""abcrown"",""data/vnncomp2026/cora_2024/1.0/onnx/svhn-point.onnx"",""data/vnncomp2026/cora_2024/1.0/vnnlib/svhn-img513.vnnlib"",30.0,""official_attack_off_f32""]",
cora_2024,91,svhn-trades.onnx,svhn-img513.vnnlib,timeout,39.1534526348114,TIMEOUT,0,30.0,39.1534526348114,43.54,4.171,47.82740784063935,1,0,,,not a FALSIFIED row,0,scratch/logs/fse2026/abcrown/cora_2024/00091_8ec87398c99520ee9dd5_a1t4t2za.log,6b8bbcfac1c01da1cabd240a87e4dce1a65f5a2b,"{""attack"": {""attack_off"": true, ""hook_replacements"": {}, ""overrides"": {""attack"": {""enable_mip_attack"": false, ""input_split_check_adv"": {""enabled"": ""false""}, ""pgd_order"": ""skip""}, ""bab"": {""attack"": {""enabled"": false}, ""branching"": {""input_split"": {""update_rhs_with_attack"": false}}}}}, ""biccos_applicable"": true, ""biccos_effective"": false, ""derived_path"": ""scratch/rq1_2026_tmp/baselines/abcrown/cora_2024/00091_8ec87398c99520ee9dd5_a1t4t2za/config.yaml"", ""deviations"": [""attack-off (user decision D20): all attack/falsification stages disabled, see config.attack.overrides"", ""float32: general.double_fp=false; solver.use_float64_in_last_iteration=false; stable_f32 interpreter""], ""mapping"": ""exact"", ""notes"": [], ""official"": ""exp_configs/vnncomp25/cora.yaml"", ""official_biccos"": false, ""official_pgd_order"": ""before"", ""variant"": ""official""}","[""attack-off (user decision D20): all attack/falsification stages disabled, see config.attack.overrides"", ""float32: general.double_fp=false; solver.use_float64_in_last_iteration=false; stable_f32 interpreter""]",,,45.0,4254.0,official_attack_off_f32,"[""abcrown"",""data/vnncomp2026/cora_2024/1.0/onnx/svhn-trades.onnx"",""data/vnncomp2026/cora_2024/1.0/vnnlib/svhn-img513.vnnlib"",30.0,""official_attack_off_f32""]",
cora_2024,92,svhn-set.onnx,svhn-img513.vnnlib,timeout,31.29859471321106,TIMEOUT,0,30.0,31.29859471321106,35.976,4.471,40.56753807887435,1,0,,,not a FALSIFIED row,0,scratch/logs/fse2026/abcrown/cora_2024/00092_b2550a003d20a4ebb07b__hifg0hg.log,6b8bbcfac1c01da1cabd240a87e4dce1a65f5a2b,"{""attack"": {""attack_off"": true, ""hook_replacements"": {}, ""overrides"": {""attack"": {""enable_mip_attack"": false, ""input_split_check_adv"": {""enabled"": ""false""}, ""pgd_order"": ""skip""}, ""bab"": {""attack"": {""enabled"": false}, ""branching"": {""input_split"": {""update_rhs_with_attack"": false}}}}}, ""biccos_applicable"": true, ""biccos_effective"": false, ""derived_path"": ""scratch/rq1_2026_tmp/baselines/abcrown/cora_2024/00092_b2550a003d20a4ebb07b__hifg0hg/config.yaml"", ""deviations"": [""attack-off (user decision D20): all attack/falsification stages disabled, see config.attack.overrides"", ""float32: general.double_fp=false; solver.use_float64_in_last_iteration=false; stable_f32 interpreter""], ""mapping"": ""exact"", ""notes"": [], ""official"": ""exp_configs/vnncomp25/cora.yaml"", ""official_biccos"": false, ""official_pgd_order"": ""before"", ""variant"": ""official""}","[""attack-off (user decision D20): all attack/falsification stages disabled, see config.attack.overrides"", ""float32: general.double_fp=false; solver.use_float64_in_last_iteration=false; stable_f32 interpreter""]",,,91.0,9614.0,official_attack_off_f32,"[""abcrown"",""data/vnncomp2026/cora_2024/1.0/onnx/svhn-set.onnx"",""data/vnncomp2026/cora_2024/1.0/vnnlib/svhn-img513.vnnlib"",30.0,""official_attack_off_f32""]",
cora_2024,93,svhn-point.onnx,svhn-img539.vnnlib,timeout,49.16676425933838,TIMEOUT,0,30.0,49.16676425933838,53.159,4.171,57.45173089019954,1,0,,,not a FALSIFIED row,0,scratch/logs/fse2026/abcrown/cora_2024/00093_0d9db2ea06e05e8aab7b_x7psmhhj.log,6b8bbcfac1c01da1cabd240a87e4dce1a65f5a2b,"{""attack"": {""attack_off"": true, ""hook_replacements"": {}, ""overrides"": {""attack"": {""enable_mip_attack"": false, ""input_split_check_adv"": {""enabled"": ""false""}, ""pgd_order"": ""skip""}, ""bab"": {""attack"": {""enabled"": false}, ""branching"": {""input_split"": {""update_rhs_with_attack"": false}}}}}, ""biccos_applicable"": true, ""biccos_effective"": false, ""derived_path"": ""scratch/rq1_2026_tmp/baselines/abcrown/cora_2024/00093_0d9db2ea06e05e8aab7b_x7psmhhj/config.yaml"", ""deviations"": [""attack-off (user decision D20): all attack/falsification stages disabled, see config.attack.overrides"", ""float32: general.double_fp=false; solver.use_float64_in_last_iteration=false; stable_f32 interpreter""], ""mapping"": ""exact"", ""notes"": [], ""official"": ""exp_configs/vnncomp25/cora.yaml"", ""official_biccos"": false, ""official_pgd_order"": ""before"", ""variant"": ""official""}","[""attack-off (user decision D20): all attack/falsification stages disabled, see config.attack.overrides"", ""float32: general.double_fp=false; solver.use_float64_in_last_iteration=false; stable_f32 interpreter""]",,,88.0,3762.0,official_attack_off_f32,"[""abcrown"",""data/vnncomp2026/cora_2024/1.0/onnx/svhn-point.onnx"",""data/vnncomp2026/cora_2024/1.0/vnnlib/svhn-img539.vnnlib"",30.0,""official_attack_off_f32""]",
cora_2024,94,svhn-trades.onnx,svhn-img539.vnnlib,timeout,,TIMEOUT,0,30.0,,60.324,4.121,64.55191584676504,1,0,,,not a FALSIFIED row,,scratch/logs/fse2026/abcrown/cora_2024/00094_cc11ebeb50142dd61a72_3v3rsveq.log,6b8bbcfac1c01da1cabd240a87e4dce1a65f5a2b,"{""attack"": {""attack_off"": true, ""hook_replacements"": {}, ""overrides"": {""attack"": {""enable_mip_attack"": false, ""input_split_check_adv"": {""enabled"": ""false""}, ""pgd_order"": ""skip""}, ""bab"": {""attack"": {""enabled"": false}, ""branching"": {""input_split"": {""update_rhs_with_attack"": false}}}}}, ""biccos_applicable"": true, ""biccos_effective"": false, ""derived_path"": ""scratch/rq1_2026_tmp/baselines/abcrown/cora_2024/00094_cc11ebeb50142dd61a72_3v3rsveq/config.yaml"", ""deviations"": [""attack-off (user decision D20): all attack/falsification stages disabled, see config.attack.overrides"", ""float32: general.double_fp=false; solver.use_float64_in_last_iteration=false; stable_f32 interpreter""], ""mapping"": ""exact"", ""notes"": [], ""official"": ""exp_configs/vnncomp25/cora.yaml"", ""official_biccos"": false, ""official_pgd_order"": ""before"", ""variant"": ""official""}","[""attack-off (user decision D20): all attack/falsification stages disabled, see config.attack.overrides"", ""float32: general.double_fp=false; solver.use_float64_in_last_iteration=false; stable_f32 interpreter""]",,,0.0,37.0,official_attack_off_f32,"[""abcrown"",""data/vnncomp2026/cora_2024/1.0/onnx/svhn-trades.onnx"",""data/vnncomp2026/cora_2024/1.0/vnnlib/svhn-img539.vnnlib"",30.0,""official_attack_off_f32""]",
cora_2024,95,svhn-set.onnx,svhn-img539.vnnlib,timeout,31.726356983184814,TIMEOUT,0,30.0,31.726356983184814,35.925,4.321,40.355918454006314,1,0,,,not a FALSIFIED row,0,scratch/logs/fse2026/abcrown/cora_2024/00095_701be1901aa3df3d16a1_m38oo5pk.log,6b8bbcfac1c01da1cabd240a87e4dce1a65f5a2b,"{""attack"": {""attack_off"": true, ""hook_replacements"": {}, ""overrides"": {""attack"": {""enable_mip_attack"": false, ""input_split_check_adv"": {""enabled"": ""false""}, ""pgd_order"": ""skip""}, ""bab"": {""attack"": {""enabled"": false}, ""branching"": {""input_split"": {""update_rhs_with_attack"": false}}}}}, ""biccos_applicable"": true, ""biccos_effective"": false, ""derived_path"": ""scratch/rq1_2026_tmp/baselines/abcrown/cora_2024/00095_701be1901aa3df3d16a1_m38oo5pk/config.yaml"", ""deviations"": [""attack-off (user decision D20): all attack/falsification stages disabled, see config.attack.overrides"", ""float32: general.double_fp=false; solver.use_float64_in_last_iteration=false; stable_f32 interpreter""], ""mapping"": ""exact"", ""notes"": [], ""official"": ""exp_configs/vnncomp25/cora.yaml"", ""official_biccos"": false, ""official_pgd_order"": ""before"", ""variant"": ""official""}","[""attack-off (user decision D20): all attack/falsification stages disabled, see config.attack.overrides"", ""float32: general.double_fp=false; solver.use_float64_in_last_iteration=false; stable_f32 interpreter""]",,,99.0,14592.0,official_attack_off_f32,"[""abcrown"",""data/vnncomp2026/cora_2024/1.0/onnx/svhn-set.onnx"",""data/vnncomp2026/cora_2024/1.0/vnnlib/svhn-img539.vnnlib"",30.0,""official_attack_off_f32""]",
cora_2024,96,svhn-point.onnx,svhn-img572.vnnlib,timeout,52.59826850891113,TIMEOUT,0,30.0,52.59826850891113,57.26,3.922,61.30198023095727,1,0,,,not a FALSIFIED row,0,scratch/logs/fse2026/abcrown/cora_2024/00096_7d263553603812ed7702_zg122zw5.log,6b8bbcfac1c01da1cabd240a87e4dce1a65f5a2b,"{""attack"": {""attack_off"": true, ""hook_replacements"": {}, ""overrides"": {""attack"": {""enable_mip_attack"": false, ""input_split_check_adv"": {""enabled"": ""false""}, ""pgd_order"": ""skip""}, ""bab"": {""attack"": {""enabled"": false}, ""branching"": {""input_split"": {""update_rhs_with_attack"": false}}}}}, ""biccos_applicable"": true, ""biccos_effective"": false, ""derived_path"": ""scratch/rq1_2026_tmp/baselines/abcrown/cora_2024/00096_7d263553603812ed7702_zg122zw5/config.yaml"", ""deviations"": [""attack-off (user decision D20): all attack/falsification stages disabled, see config.attack.overrides"", ""float32: general.double_fp=false; solver.use_float64_in_last_iteration=false; stable_f32 interpreter""], ""mapping"": ""exact"", ""notes"": [], ""official"": ""exp_configs/vnncomp25/cora.yaml"", ""official_biccos"": false, ""official_pgd_order"": ""before"", ""variant"": ""official""}","[""attack-off (user decision D20): all attack/falsification stages disabled, see config.attack.overrides"", ""float32: general.double_fp=false; solver.use_float64_in_last_iteration=false; stable_f32 interpreter""]",,,0.0,37.0,official_attack_off_f32,"[""abcrown"",""data/vnncomp2026/cora_2024/1.0/onnx/svhn-point.onnx"",""data/vnncomp2026/cora_2024/1.0/vnnlib/svhn-img572.vnnlib"",30.0,""official_attack_off_f32""]",
cora_2024,97,svhn-trades.onnx,svhn-img572.vnnlib,timeout,41.32989454269409,TIMEOUT,0,30.0,41.32989454269409,45.552,3.921,49.59263751655817,1,0,,,not a FALSIFIED row,0,scratch/logs/fse2026/abcrown/cora_2024/00097_9689418c8d9c47fcbaa1_7w4c62sm.log,6b8bbcfac1c01da1cabd240a87e4dce1a65f5a2b,"{""attack"": {""attack_off"": true, ""hook_replacements"": {}, ""overrides"": {""attack"": {""enable_mip_attack"": false, ""input_split_check_adv"": {""enabled"": ""false""}, ""pgd_order"": ""skip""}, ""bab"": {""attack"": {""enabled"": false}, ""branching"": {""input_split"": {""update_rhs_with_attack"": false}}}}}, ""biccos_applicable"": true, ""biccos_effective"": false, ""derived_path"": ""scratch/rq1_2026_tmp/baselines/abcrown/cora_2024/00097_9689418c8d9c47fcbaa1_7w4c62sm/config.yaml"", ""deviations"": [""attack-off (user decision D20): all attack/falsification stages disabled, see config.attack.overrides"", ""float32: general.double_fp=false; solver.use_float64_in_last_iteration=false; stable_f32 interpreter""], ""mapping"": ""exact"", ""notes"": [], ""official"": ""exp_configs/vnncomp25/cora.yaml"", ""official_biccos"": false, ""official_pgd_order"": ""before"", ""variant"": ""official""}","[""attack-off (user decision D20): all attack/falsification stages disabled, see config.attack.overrides"", ""float32: general.double_fp=false; solver.use_float64_in_last_iteration=false; stable_f32 interpreter""]",,,97.0,23692.0,official_attack_off_f32,"[""abcrown"",""data/vnncomp2026/cora_2024/1.0/onnx/svhn-trades.onnx"",""data/vnncomp2026/cora_2024/1.0/vnnlib/svhn-img572.vnnlib"",30.0,""official_attack_off_f32""]",
cora_2024,98,svhn-set.onnx,svhn-img572.vnnlib,timeout,46.29168128967285,TIMEOUT,0,30.0,46.29168128967285,50.353,4.471,54.937900284305215,1,0,,,not a FALSIFIED row,0,scratch/logs/fse2026/abcrown/cora_2024/00098_9cfdd8d339018593d4dc_9t20bumh.log,6b8bbcfac1c01da1cabd240a87e4dce1a65f5a2b,"{""attack"": {""attack_off"": true, ""hook_replacements"": {}, ""overrides"": {""attack"": {""enable_mip_attack"": false, ""input_split_check_adv"": {""enabled"": ""false""}, ""pgd_order"": ""skip""}, ""bab"": {""attack"": {""enabled"": false}, ""branching"": {""input_split"": {""update_rhs_with_attack"": false}}}}}, ""biccos_applicable"": true, ""biccos_effective"": false, ""derived_path"": ""scratch/rq1_2026_tmp/baselines/abcrown/cora_2024/00098_9cfdd8d339018593d4dc_9t20bumh/config.yaml"", ""deviations"": [""attack-off (user decision D20): all attack/falsification stages disabled, see config.attack.overrides"", ""float32: general.double_fp=false; solver.use_float64_in_last_iteration=false; stable_f32 interpreter""], ""mapping"": ""exact"", ""notes"": [], ""official"": ""exp_configs/vnncomp25/cora.yaml"", ""official_biccos"": false, ""official_pgd_order"": ""before"", ""variant"": ""official""}","[""attack-off (user decision D20): all attack/falsification stages disabled, see config.attack.overrides"", ""float32: general.double_fp=false; solver.use_float64_in_last_iteration=false; stable_f32 interpreter""]",,,89.0,3744.0,official_attack_off_f32,"[""abcrown"",""data/vnncomp2026/cora_2024/1.0/onnx/svhn-set.onnx"",""data/vnncomp2026/cora_2024/1.0/vnnlib/svhn-img572.vnnlib"",30.0,""official_attack_off_f32""]",
cora_2024,99,svhn-point.onnx,svhn-img598.vnnlib,timeout,36.34187364578247,TIMEOUT,0,30.0,36.34187364578247,40.435,4.171,44.728413412347436,1,0,,,not a FALSIFIED row,0,scratch/logs/fse2026/abcrown/cora_2024/00099_038d8f503b067e7c91e1_vkg1flem.log,6b8bbcfac1c01da1cabd240a87e4dce1a65f5a2b,"{""attack"": {""attack_off"": true, ""hook_replacements"": {}, ""overrides"": {""attack"": {""enable_mip_attack"": false, ""input_split_check_adv"": {""enabled"": ""false""}, ""pgd_order"": ""skip""}, ""bab"": {""attack"": {""enabled"": false}, ""branching"": {""input_split"": {""update_rhs_with_attack"": false}}}}}, ""biccos_applicable"": true, ""biccos_effective"": false, ""derived_path"": ""scratch/rq1_2026_tmp/baselines/abcrown/cora_2024/00099_038d8f503b067e7c91e1_vkg1flem/config.yaml"", ""deviations"": [""attack-off (user decision D20): all attack/falsification stages disabled, see config.attack.overrides"", ""float32: general.double_fp=false; solver.use_float64_in_last_iteration=false; stable_f32 interpreter""], ""mapping"": ""exact"", ""notes"": [], ""official"": ""exp_configs/vnncomp25/cora.yaml"", ""official_biccos"": false, ""official_pgd_order"": ""before"", ""variant"": ""official""}","[""attack-off (user decision D20): all attack/falsification stages disabled, see config.attack.overrides"", ""float32: general.double_fp=false; solver.use_float64_in_last_iteration=false; stable_f32 interpreter""]",,,79.0,9100.0,official_attack_off_f32,"[""abcrown"",""data/vnncomp2026/cora_2024/1.0/onnx/svhn-point.onnx"",""data/vnncomp2026/cora_2024/1.0/vnnlib/svhn-img598.vnnlib"",30.0,""official_attack_off_f32""]",
cora_2024,100,svhn-trades.onnx,svhn-img598.vnnlib,timeout,33.85490107536316,TIMEOUT,0,30.0,33.85490107536316,37.777,4.371,42.265671882778406,1,0,,,not a FALSIFIED row,0,scratch/logs/fse2026/abcrown/cora_2024/00100_4f57224a3bac69e68520_yxs21m2j.log,6b8bbcfac1c01da1cabd240a87e4dce1a65f5a2b,"{""attack"": {""attack_off"": true, ""hook_replacements"": {}, ""overrides"": {""attack"": {""enable_mip_attack"": false, ""input_split_check_adv"": {""enabled"": ""false""}, ""pgd_order"": ""skip""}, ""bab"": {""attack"": {""enabled"": false}, ""branching"": {""input_split"": {""update_rhs_with_attack"": false}}}}}, ""biccos_applicable"": true, ""biccos_effective"": false, ""derived_path"": ""scratch/rq1_2026_tmp/baselines/abcrown/cora_2024/00100_4f57224a3bac69e68520_yxs21m2j/config.yaml"", ""deviations"": [""attack-off (user decision D20): all attack/falsification stages disabled, see config.attack.overrides"", ""float32: general.double_fp=false; solver.use_float64_in_last_iteration=false; stable_f32 interpreter""], ""mapping"": ""exact"", ""notes"": [], ""official"": ""exp_configs/vnncomp25/cora.yaml"", ""official_biccos"": false, ""official_pgd_order"": ""before"", ""variant"": ""official""}","[""attack-off (user decision D20): all attack/falsification stages disabled, see config.attack.overrides"", ""float32: general.double_fp=false; solver.use_float64_in_last_iteration=false; stable_f32 interpreter""]",,,93.0,3744.0,official_attack_off_f32,"[""abcrown"",""data/vnncomp2026/cora_2024/1.0/onnx/svhn-trades.onnx"",""data/vnncomp2026/cora_2024/1.0/vnnlib/svhn-img598.vnnlib"",30.0,""official_attack_off_f32""]",
cora_2024,101,svhn-set.onnx,svhn-img598.vnnlib,timeout,36.828479290008545,TIMEOUT,0,30.0,36.828479290008545,41.089,3.97,45.17182405292988,1,0,,,not a FALSIFIED row,0,scratch/logs/fse2026/abcrown/cora_2024/00101_3ace466c2451b8088087_8idjgzxh.log,6b8bbcfac1c01da1cabd240a87e4dce1a65f5a2b,"{""attack"": {""attack_off"": true, ""hook_replacements"": {}, ""overrides"": {""attack"": {""enable_mip_attack"": false, ""input_split_check_adv"": {""enabled"": ""false""}, ""pgd_order"": ""skip""}, ""bab"": {""attack"": {""enabled"": false}, ""branching"": {""input_split"": {""update_rhs_with_attack"": false}}}}}, ""biccos_applicable"": true, ""biccos_effective"": false, ""derived_path"": ""scratch/rq1_2026_tmp/baselines/abcrown/cora_2024/00101_3ace466c2451b8088087_8idjgzxh/config.yaml"", ""deviations"": [""attack-off (user decision D20): all attack/falsification stages disabled, see config.attack.overrides"", ""float32: general.double_fp=false; solver.use_float64_in_last_iteration=false; stable_f32 interpreter""], ""mapping"": ""exact"", ""notes"": [], ""official"": ""exp_configs/vnncomp25/cora.yaml"", ""official_biccos"": false, ""official_pgd_order"": ""before"", ""variant"": ""official""}","[""attack-off (user decision D20): all attack/falsification stages disabled, see config.attack.overrides"", ""float32: general.double_fp=false; solver.use_float64_in_last_iteration=false; stable_f32 interpreter""]",,,61.0,6770.0,official_attack_off_f32,"[""abcrown"",""data/vnncomp2026/cora_2024/1.0/onnx/svhn-set.onnx"",""data/vnncomp2026/cora_2024/1.0/vnnlib/svhn-img598.vnnlib"",30.0,""official_attack_off_f32""]",
cora_2024,102,svhn-point.onnx,svhn-img645.vnnlib,timeout,43.33038544654846,TIMEOUT,0,30.0,43.33038544654846,47.599,4.672,52.38300419785082,1,0,,,not a FALSIFIED row,0,scratch/logs/fse2026/abcrown/cora_2024/00102_54525ac401b32ee1f9b9_j0c6c562.log,6b8bbcfac1c01da1cabd240a87e4dce1a65f5a2b,"{""attack"": {""attack_off"": true, ""hook_replacements"": {}, ""overrides"": {""attack"": {""enable_mip_attack"": false, ""input_split_check_adv"": {""enabled"": ""false""}, ""pgd_order"": ""skip""}, ""bab"": {""attack"": {""enabled"": false}, ""branching"": {""input_split"": {""update_rhs_with_attack"": false}}}}}, ""biccos_applicable"": true, ""biccos_effective"": false, ""derived_path"": ""scratch/rq1_2026_tmp/baselines/abcrown/cora_2024/00102_54525ac401b32ee1f9b9_j0c6c562/config.yaml"", ""deviations"": [""attack-off (user decision D20): all attack/falsification stages disabled, see config.attack.overrides"", ""float32: general.double_fp=false; solver.use_float64_in_last_iteration=false; stable_f32 interpreter""], ""mapping"": ""exact"", ""notes"": [], ""official"": ""exp_configs/vnncomp25/cora.yaml"", ""official_biccos"": false, ""official_pgd_order"": ""before"", ""variant"": ""official""}","[""attack-off (user decision D20): all attack/falsification stages disabled, see config.attack.overrides"", ""float32: general.double_fp=false; solver.use_float64_in_last_iteration=false; stable_f32 interpreter""]",,,96.0,16050.0,official_attack_off_f32,"[""abcrown"",""data/vnncomp2026/cora_2024/1.0/onnx/svhn-point.onnx"",""data/vnncomp2026/cora_2024/1.0/vnnlib/svhn-img645.vnnlib"",30.0,""official_attack_off_f32""]",
cora_2024,103,svhn-trades.onnx,svhn-img645.vnnlib,timeout,44.00501775741577,TIMEOUT,0,30.0,44.00501775741577,48.146,4.371,52.63566356152296,1,0,,,not a FALSIFIED row,0,scratch/logs/fse2026/abcrown/cora_2024/00103_4d1216ce8f64606f7dbd_wt_c3zzr.log,6b8bbcfac1c01da1cabd240a87e4dce1a65f5a2b,"{""attack"": {""attack_off"": true, ""hook_replacements"": {}, ""overrides"": {""attack"": {""enable_mip_attack"": false, ""input_split_check_adv"": {""enabled"": ""false""}, ""pgd_order"": ""skip""}, ""bab"": {""attack"": {""enabled"": false}, ""branching"": {""input_split"": {""update_rhs_with_attack"": false}}}}}, ""biccos_applicable"": true, ""biccos_effective"": false, ""derived_path"": ""scratch/rq1_2026_tmp/baselines/abcrown/cora_2024/00103_4d1216ce8f64606f7dbd_wt_c3zzr/config.yaml"", ""deviations"": [""attack-off (user decision D20): all attack/falsification stages disabled, see config.attack.overrides"", ""float32: general.double_fp=false; solver.use_float64_in_last_iteration=false; stable_f32 interpreter""], ""mapping"": ""exact"", ""notes"": [], ""official"": ""exp_configs/vnncomp25/cora.yaml"", ""official_biccos"": false, ""official_pgd_order"": ""before"", ""variant"": ""official""}","[""attack-off (user decision D20): all attack/falsification stages disabled, see config.attack.overrides"", ""float32: general.double_fp=false; solver.use_float64_in_last_iteration=false; stable_f32 interpreter""]",,,29.0,3744.0,official_attack_off_f32,"[""abcrown"",""data/vnncomp2026/cora_2024/1.0/onnx/svhn-trades.onnx"",""data/vnncomp2026/cora_2024/1.0/vnnlib/svhn-img645.vnnlib"",30.0,""official_attack_off_f32""]",
cora_2024,104,svhn-set.onnx,svhn-img645.vnnlib,timeout,42.31399583816528,TIMEOUT,0,30.0,42.31399583816528,46.745,4.522,51.38441648706794,1,0,,,not a FALSIFIED row,0,scratch/logs/fse2026/abcrown/cora_2024/00104_88930649a9fdbc42c272_elueuo7p.log,6b8bbcfac1c01da1cabd240a87e4dce1a65f5a2b,"{""attack"": {""attack_off"": true, ""hook_replacements"": {}, ""overrides"": {""attack"": {""enable_mip_attack"": false, ""input_split_check_adv"": {""enabled"": ""false""}, ""pgd_order"": ""skip""}, ""bab"": {""attack"": {""enabled"": false}, ""branching"": {""input_split"": {""update_rhs_with_attack"": false}}}}}, ""biccos_applicable"": true, ""biccos_effective"": false, ""derived_path"": ""scratch/rq1_2026_tmp/baselines/abcrown/cora_2024/00104_88930649a9fdbc42c272_elueuo7p/config.yaml"", ""deviations"": [""attack-off (user decision D20): all attack/falsification stages disabled, see config.attack.overrides"", ""float32: general.double_fp=false; solver.use_float64_in_last_iteration=false; stable_f32 interpreter""], ""mapping"": ""exact"", ""notes"": [], ""official"": ""exp_configs/vnncomp25/cora.yaml"", ""official_biccos"": false, ""official_pgd_order"": ""before"", ""variant"": ""official""}","[""attack-off (user decision D20): all attack/falsification stages disabled, see config.attack.overrides"", ""float32: general.double_fp=false; solver.use_float64_in_last_iteration=false; stable_f32 interpreter""]",,,98.0,15470.0,official_attack_off_f32,"[""abcrown"",""data/vnncomp2026/cora_2024/1.0/onnx/svhn-set.onnx"",""data/vnncomp2026/cora_2024/1.0/vnnlib/svhn-img645.vnnlib"",30.0,""official_attack_off_f32""]",
cora_2024,105,svhn-point.onnx,svhn-img710.vnnlib,timeout,50.999972105026245,TIMEOUT,0,30.0,50.999972105026245,55.457,4.571,60.1476856674999,1,0,,,not a FALSIFIED row,0,scratch/logs/fse2026/abcrown/cora_2024/00105_6a0463fd2514af6ebb03_x8fy05z5.log,6b8bbcfac1c01da1cabd240a87e4dce1a65f5a2b,"{""attack"": {""attack_off"": true, ""hook_replacements"": {}, ""overrides"": {""attack"": {""enable_mip_attack"": false, ""input_split_check_adv"": {""enabled"": ""false""}, ""pgd_order"": ""skip""}, ""bab"": {""attack"": {""enabled"": false}, ""branching"": {""input_split"": {""update_rhs_with_attack"": false}}}}}, ""biccos_applicable"": true, ""biccos_effective"": false, ""derived_path"": ""scratch/rq1_2026_tmp/baselines/abcrown/cora_2024/00105_6a0463fd2514af6ebb03_x8fy05z5/config.yaml"", ""deviations"": [""attack-off (user decision D20): all attack/falsification stages disabled, see config.attack.overrides"", ""float32: general.double_fp=false; solver.use_float64_in_last_iteration=false; stable_f32 interpreter""], ""mapping"": ""exact"", ""notes"": [], ""official"": ""exp_configs/vnncomp25/cora.yaml"", ""official_biccos"": false, ""official_pgd_order"": ""before"", ""variant"": ""official""}","[""attack-off (user decision D20): all attack/falsification stages disabled, see config.attack.overrides"", ""float32: general.double_fp=false; solver.use_float64_in_last_iteration=false; stable_f32 interpreter""]",,,37.0,624.0,official_attack_off_f32,"[""abcrown"",""data/vnncomp2026/cora_2024/1.0/onnx/svhn-point.onnx"",""data/vnncomp2026/cora_2024/1.0/vnnlib/svhn-img710.vnnlib"",30.0,""official_attack_off_f32""]",
cora_2024,106,svhn-trades.onnx,svhn-img710.vnnlib,timeout,31.23070740699768,TIMEOUT,0,30.0,31.23070740699768,35.524,4.371,40.00980277732015,1,0,,,not a FALSIFIED row,0,scratch/logs/fse2026/abcrown/cora_2024/00106_09a4d64da671e34fdeef_2bx6u2ag.log,6b8bbcfac1c01da1cabd240a87e4dce1a65f5a2b,"{""attack"": {""attack_off"": true, ""hook_replacements"": {}, ""overrides"": {""attack"": {""enable_mip_attack"": false, ""input_split_check_adv"": {""enabled"": ""false""}, ""pgd_order"": ""skip""}, ""bab"": {""attack"": {""enabled"": false}, ""branching"": {""input_split"": {""update_rhs_with_attack"": false}}}}}, ""biccos_applicable"": true, ""biccos_effective"": false, ""derived_path"": ""scratch/rq1_2026_tmp/baselines/abcrown/cora_2024/00106_09a4d64da671e34fdeef_2bx6u2ag/config.yaml"", ""deviations"": [""attack-off (user decision D20): all attack/falsification stages disabled, see config.attack.overrides"", ""float32: general.double_fp=false; solver.use_float64_in_last_iteration=false; stable_f32 interpreter""], ""mapping"": ""exact"", ""notes"": [], ""official"": ""exp_configs/vnncomp25/cora.yaml"", ""official_biccos"": false, ""official_pgd_order"": ""before"", ""variant"": ""official""}","[""attack-off (user decision D20): all attack/falsification stages disabled, see config.attack.overrides"", ""float32: general.double_fp=false; solver.use_float64_in_last_iteration=false; stable_f32 interpreter""]",,,98.0,18756.0,official_attack_off_f32,"[""abcrown"",""data/vnncomp2026/cora_2024/1.0/onnx/svhn-trades.onnx"",""data/vnncomp2026/cora_2024/1.0/vnnlib/svhn-img710.vnnlib"",30.0,""official_attack_off_f32""]",
cora_2024,107,svhn-set.onnx,svhn-img710.vnnlib,timeout,31.200870037078857,TIMEOUT,0,30.0,31.200870037078857,35.83,4.722,40.669205494225025,1,0,,,not a FALSIFIED row,0,scratch/logs/fse2026/abcrown/cora_2024/00107_c69c800d130e85e7d4e8_jwstaeqo.log,6b8bbcfac1c01da1cabd240a87e4dce1a65f5a2b,"{""attack"": {""attack_off"": true, ""hook_replacements"": {}, ""overrides"": {""attack"": {""enable_mip_attack"": false, ""input_split_check_adv"": {""enabled"": ""false""}, ""pgd_order"": ""skip""}, ""bab"": {""attack"": {""enabled"": false}, ""branching"": {""input_split"": {""update_rhs_with_attack"": false}}}}}, ""biccos_applicable"": true, ""biccos_effective"": false, ""derived_path"": ""scratch/rq1_2026_tmp/baselines/abcrown/cora_2024/00107_c69c800d130e85e7d4e8_jwstaeqo/config.yaml"", ""deviations"": [""attack-off (user decision D20): all attack/falsification stages disabled, see config.attack.overrides"", ""float32: general.double_fp=false; solver.use_float64_in_last_iteration=false; stable_f32 interpreter""], ""mapping"": ""exact"", ""notes"": [], ""official"": ""exp_configs/vnncomp25/cora.yaml"", ""official_biccos"": false, ""official_pgd_order"": ""before"", ""variant"": ""official""}","[""attack-off (user decision D20): all attack/falsification stages disabled, see config.attack.overrides"", ""float32: general.double_fp=false; solver.use_float64_in_last_iteration=false; stable_f32 interpreter""]",,,98.0,15748.0,official_attack_off_f32,"[""abcrown"",""data/vnncomp2026/cora_2024/1.0/onnx/svhn-set.onnx"",""data/vnncomp2026/cora_2024/1.0/vnnlib/svhn-img710.vnnlib"",30.0,""official_attack_off_f32""]",
cora_2024,108,svhn-point.onnx,svhn-img726.vnnlib,timeout,45.83003354072571,TIMEOUT,0,30.0,45.83003354072571,50.099,4.371,54.593497805297375,1,0,,,not a FALSIFIED row,0,scratch/logs/fse2026/abcrown/cora_2024/00108_b5445101708c6c246241_znx8z880.log,6b8bbcfac1c01da1cabd240a87e4dce1a65f5a2b,"{""attack"": {""attack_off"": true, ""hook_replacements"": {}, ""overrides"": {""attack"": {""enable_mip_attack"": false, ""input_split_check_adv"": {""enabled"": ""false""}, ""pgd_order"": ""skip""}, ""bab"": {""attack"": {""enabled"": false}, ""branching"": {""input_split"": {""update_rhs_with_attack"": false}}}}}, ""biccos_applicable"": true, ""biccos_effective"": false, ""derived_path"": ""scratch/rq1_2026_tmp/baselines/abcrown/cora_2024/00108_b5445101708c6c246241_znx8z880/config.yaml"", ""deviations"": [""attack-off (user decision D20): all attack/falsification stages disabled, see config.attack.overrides"", ""float32: general.double_fp=false; solver.use_float64_in_last_iteration=false; stable_f32 interpreter""], ""mapping"": ""exact"", ""notes"": [], ""official"": ""exp_configs/vnncomp25/cora.yaml"", ""official_biccos"": false, ""official_pgd_order"": ""before"", ""variant"": ""official""}","[""attack-off (user decision D20): all attack/falsification stages disabled, see config.attack.overrides"", ""float32: general.double_fp=false; solver.use_float64_in_last_iteration=false; stable_f32 interpreter""]",,,80.0,4660.0,official_attack_off_f32,"[""abcrown"",""data/vnncomp2026/cora_2024/1.0/onnx/svhn-point.onnx"",""data/vnncomp2026/cora_2024/1.0/vnnlib/svhn-img726.vnnlib"",30.0,""official_attack_off_f32""]",
cora_2024,109,svhn-trades.onnx,svhn-img726.vnnlib,timeout,36.29745960235596,TIMEOUT,0,30.0,36.29745960235596,40.833,4.373,45.31670588441193,1,0,,,not a FALSIFIED row,0,scratch/logs/fse2026/abcrown/cora_2024/00109_8589d89ca20adb71a432_1yuup1z8.log,6b8bbcfac1c01da1cabd240a87e4dce1a65f5a2b,"{""attack"": {""attack_off"": true, ""hook_replacements"": {}, ""overrides"": {""attack"": {""enable_mip_attack"": false, ""input_split_check_adv"": {""enabled"": ""false""}, ""pgd_order"": ""skip""}, ""bab"": {""attack"": {""enabled"": false}, ""branching"": {""input_split"": {""update_rhs_with_attack"": false}}}}}, ""biccos_applicable"": true, ""biccos_effective"": false, ""derived_path"": ""scratch/rq1_2026_tmp/baselines/abcrown/cora_2024/00109_8589d89ca20adb71a432_1yuup1z8/config.yaml"", ""deviations"": [""attack-off (user decision D20): all attack/falsification stages disabled, see config.attack.overrides"", ""float32: general.double_fp=false; solver.use_float64_in_last_iteration=false; stable_f32 interpreter""], ""mapping"": ""exact"", ""notes"": [], ""official"": ""exp_configs/vnncomp25/cora.yaml"", ""official_biccos"": false, ""official_pgd_order"": ""before"", ""variant"": ""official""}","[""attack-off (user decision D20): all attack/falsification stages disabled, see config.attack.overrides"", ""float32: general.double_fp=false; solver.use_float64_in_last_iteration=false; stable_f32 interpreter""]",,,0.0,37.0,official_attack_off_f32,"[""abcrown"",""data/vnncomp2026/cora_2024/1.0/onnx/svhn-trades.onnx"",""data/vnncomp2026/cora_2024/1.0/vnnlib/svhn-img726.vnnlib"",30.0,""official_attack_off_f32""]",
cora_2024,110,svhn-set.onnx,svhn-img726.vnnlib,timeout,45.06853222846985,TIMEOUT,0,30.0,45.06853222846985,49.402,4.221,53.7436628844589,1,0,,,not a FALSIFIED row,0,scratch/logs/fse2026/abcrown/cora_2024/00110_23daa3582e3346b12713_tecnb7po.log,6b8bbcfac1c01da1cabd240a87e4dce1a65f5a2b,"{""attack"": {""attack_off"": true, ""hook_replacements"": {}, ""overrides"": {""attack"": {""enable_mip_attack"": false, ""input_split_check_adv"": {""enabled"": ""false""}, ""pgd_order"": ""skip""}, ""bab"": {""attack"": {""enabled"": false}, ""branching"": {""input_split"": {""update_rhs_with_attack"": false}}}}}, ""biccos_applicable"": true, ""biccos_effective"": false, ""derived_path"": ""scratch/rq1_2026_tmp/baselines/abcrown/cora_2024/00110_23daa3582e3346b12713_tecnb7po/config.yaml"", ""deviations"": [""attack-off (user decision D20): all attack/falsification stages disabled, see config.attack.overrides"", ""float32: general.double_fp=false; solver.use_float64_in_last_iteration=false; stable_f32 interpreter""], ""mapping"": ""exact"", ""notes"": [], ""official"": ""exp_configs/vnncomp25/cora.yaml"", ""official_biccos"": false, ""official_pgd_order"": ""before"", ""variant"": ""official""}","[""attack-off (user decision D20): all attack/falsification stages disabled, see config.attack.overrides"", ""float32: general.double_fp=false; solver.use_float64_in_last_iteration=false; stable_f32 interpreter""]",,,90.0,5946.0,official_attack_off_f32,"[""abcrown"",""data/vnncomp2026/cora_2024/1.0/onnx/svhn-set.onnx"",""data/vnncomp2026/cora_2024/1.0/vnnlib/svhn-img726.vnnlib"",30.0,""official_attack_off_f32""]",
cora_2024,111,svhn-point.onnx,svhn-img761.vnnlib,timeout,42.910250663757324,TIMEOUT,0,30.0,42.910250663757324,47.405,4.371,51.891878083348274,1,0,,,not a FALSIFIED row,0,scratch/logs/fse2026/abcrown/cora_2024/00111_771a8e15d09bc47648bb_s3vo_9fs.log,6b8bbcfac1c01da1cabd240a87e4dce1a65f5a2b,"{""attack"": {""attack_off"": true, ""hook_replacements"": {}, ""overrides"": {""attack"": {""enable_mip_attack"": false, ""input_split_check_adv"": {""enabled"": ""false""}, ""pgd_order"": ""skip""}, ""bab"": {""attack"": {""enabled"": false}, ""branching"": {""input_split"": {""update_rhs_with_attack"": false}}}}}, ""biccos_applicable"": true, ""biccos_effective"": false, ""derived_path"": ""scratch/rq1_2026_tmp/baselines/abcrown/cora_2024/00111_771a8e15d09bc47648bb_s3vo_9fs/config.yaml"", ""deviations"": [""attack-off (user decision D20): all attack/falsification stages disabled, see config.attack.overrides"", ""float32: general.double_fp=false; solver.use_float64_in_last_iteration=false; stable_f32 interpreter""], ""mapping"": ""exact"", ""notes"": [], ""official"": ""exp_configs/vnncomp25/cora.yaml"", ""official_biccos"": false, ""official_pgd_order"": ""before"", ""variant"": ""official""}","[""attack-off (user decision D20): all attack/falsification stages disabled, see config.attack.overrides"", ""float32: general.double_fp=false; solver.use_float64_in_last_iteration=false; stable_f32 interpreter""]",,,98.0,22366.0,official_attack_off_f32,"[""abcrown"",""data/vnncomp2026/cora_2024/1.0/onnx/svhn-point.onnx"",""data/vnncomp2026/cora_2024/1.0/vnnlib/svhn-img761.vnnlib"",30.0,""official_attack_off_f32""]",
cora_2024,112,svhn-trades.onnx,svhn-img761.vnnlib,timeout,33.86308026313782,TIMEOUT,0,30.0,33.86308026313782,38.234,4.529,42.89421565271914,1,0,,,not a FALSIFIED row,0,scratch/logs/fse2026/abcrown/cora_2024/00112_75ec13ac29e3405472b8_4ey6t34s.log,6b8bbcfac1c01da1cabd240a87e4dce1a65f5a2b,"{""attack"": {""attack_off"": true, ""hook_replacements"": {}, ""overrides"": {""attack"": {""enable_mip_attack"": false, ""input_split_check_adv"": {""enabled"": ""false""}, ""pgd_order"": ""skip""}, ""bab"": {""attack"": {""enabled"": false}, ""branching"": {""input_split"": {""update_rhs_with_attack"": false}}}}}, ""biccos_applicable"": true, ""biccos_effective"": false, ""derived_path"": ""scratch/rq1_2026_tmp/baselines/abcrown/cora_2024/00112_75ec13ac29e3405472b8_4ey6t34s/config.yaml"", ""deviations"": [""attack-off (user decision D20): all attack/falsification stages disabled, see config.attack.overrides"", ""float32: general.double_fp=false; solver.use_float64_in_last_iteration=false; stable_f32 interpreter""], ""mapping"": ""exact"", ""notes"": [], ""official"": ""exp_configs/vnncomp25/cora.yaml"", ""official_biccos"": false, ""official_pgd_order"": ""before"", ""variant"": ""official""}","[""attack-off (user decision D20): all attack/falsification stages disabled, see config.attack.overrides"", ""float32: general.double_fp=false; solver.use_float64_in_last_iteration=false; stable_f32 interpreter""]",,,96.0,17080.0,official_attack_off_f32,"[""abcrown"",""data/vnncomp2026/cora_2024/1.0/onnx/svhn-trades.onnx"",""data/vnncomp2026/cora_2024/1.0/vnnlib/svhn-img761.vnnlib"",30.0,""official_attack_off_f32""]",
cora_2024,113,svhn-set.onnx,svhn-img761.vnnlib,timeout,32.2923264503479,TIMEOUT,0,30.0,32.2923264503479,36.753,4.822,41.702025555074215,1,0,,,not a FALSIFIED row,0,scratch/logs/fse2026/abcrown/cora_2024/00113_0302b771cb4b65d6054d_qjvkt_9_.log,6b8bbcfac1c01da1cabd240a87e4dce1a65f5a2b,"{""attack"": {""attack_off"": true, ""hook_replacements"": {}, ""overrides"": {""attack"": {""enable_mip_attack"": false, ""input_split_check_adv"": {""enabled"": ""false""}, ""pgd_order"": ""skip""}, ""bab"": {""attack"": {""enabled"": false}, ""branching"": {""input_split"": {""update_rhs_with_attack"": false}}}}}, ""biccos_applicable"": true, ""biccos_effective"": false, ""derived_path"": ""scratch/rq1_2026_tmp/baselines/abcrown/cora_2024/00113_0302b771cb4b65d6054d_qjvkt_9_/config.yaml"", ""deviations"": [""attack-off (user decision D20): all attack/falsification stages disabled, see config.attack.overrides"", ""float32: general.double_fp=false; solver.use_float64_in_last_iteration=false; stable_f32 interpreter""], ""mapping"": ""exact"", ""notes"": [], ""official"": ""exp_configs/vnncomp25/cora.yaml"", ""official_biccos"": false, ""official_pgd_order"": ""before"", ""variant"": ""official""}","[""attack-off (user decision D20): all attack/falsification stages disabled, see config.attack.overrides"", ""float32: general.double_fp=false; solver.use_float64_in_last_iteration=false; stable_f32 interpreter""]",,,85.0,9182.0,official_attack_off_f32,"[""abcrown"",""data/vnncomp2026/cora_2024/1.0/onnx/svhn-set.onnx"",""data/vnncomp2026/cora_2024/1.0/vnnlib/svhn-img761.vnnlib"",30.0,""official_attack_off_f32""]",
cora_2024,114,svhn-point.onnx,svhn-img969.vnnlib,timeout,44.84873700141907,TIMEOUT,0,30.0,44.84873700141907,49.003,4.321,53.44570885039866,1,0,,,not a FALSIFIED row,0,scratch/logs/fse2026/abcrown/cora_2024/00114_3552ddb1750fb8d26961_uf544iln.log,6b8bbcfac1c01da1cabd240a87e4dce1a65f5a2b,"{""attack"": {""attack_off"": true, ""hook_replacements"": {}, ""overrides"": {""attack"": {""enable_mip_attack"": false, ""input_split_check_adv"": {""enabled"": ""false""}, ""pgd_order"": ""skip""}, ""bab"": {""attack"": {""enabled"": false}, ""branching"": {""input_split"": {""update_rhs_with_attack"": false}}}}}, ""biccos_applicable"": true, ""biccos_effective"": false, ""derived_path"": ""scratch/rq1_2026_tmp/baselines/abcrown/cora_2024/00114_3552ddb1750fb8d26961_uf544iln/config.yaml"", ""deviations"": [""attack-off (user decision D20): all attack/falsification stages disabled, see config.attack.overrides"", ""float32: general.double_fp=false; solver.use_float64_in_last_iteration=false; stable_f32 interpreter""], ""mapping"": ""exact"", ""notes"": [], ""official"": ""exp_configs/vnncomp25/cora.yaml"", ""official_biccos"": false, ""official_pgd_order"": ""before"", ""variant"": ""official""}","[""attack-off (user decision D20): all attack/falsification stages disabled, see config.attack.overrides"", ""float32: general.double_fp=false; solver.use_float64_in_last_iteration=false; stable_f32 interpreter""]",,,21.0,802.0,official_attack_off_f32,"[""abcrown"",""data/vnncomp2026/cora_2024/1.0/onnx/svhn-point.onnx"",""data/vnncomp2026/cora_2024/1.0/vnnlib/svhn-img969.vnnlib"",30.0,""official_attack_off_f32""]",
cora_2024,115,svhn-trades.onnx,svhn-img969.vnnlib,timeout,,TIMEOUT,0,30.0,,60.358,4.171,64.61647165566683,1,0,,,not a FALSIFIED row,,scratch/logs/fse2026/abcrown/cora_2024/00115_8b86d6a8117c5e365b29_ml5v42c4.log,6b8bbcfac1c01da1cabd240a87e4dce1a65f5a2b,"{""attack"": {""attack_off"": true, ""hook_replacements"": {}, ""overrides"": {""attack"": {""enable_mip_attack"": false, ""input_split_check_adv"": {""enabled"": ""false""}, ""pgd_order"": ""skip""}, ""bab"": {""attack"": {""enabled"": false}, ""branching"": {""input_split"": {""update_rhs_with_attack"": false}}}}}, ""biccos_applicable"": true, ""biccos_effective"": false, ""derived_path"": ""scratch/rq1_2026_tmp/baselines/abcrown/cora_2024/00115_8b86d6a8117c5e365b29_ml5v42c4/config.yaml"", ""deviations"": [""attack-off (user decision D20): all attack/falsification stages disabled, see config.attack.overrides"", ""float32: general.double_fp=false; solver.use_float64_in_last_iteration=false; stable_f32 interpreter""], ""mapping"": ""exact"", ""notes"": [], ""official"": ""exp_configs/vnncomp25/cora.yaml"", ""official_biccos"": false, ""official_pgd_order"": ""before"", ""variant"": ""official""}","[""attack-off (user decision D20): all attack/falsification stages disabled, see config.attack.overrides"", ""float32: general.double_fp=false; solver.use_float64_in_last_iteration=false; stable_f32 interpreter""]",,,44.0,4074.0,official_attack_off_f32,"[""abcrown"",""data/vnncomp2026/cora_2024/1.0/onnx/svhn-trades.onnx"",""data/vnncomp2026/cora_2024/1.0/vnnlib/svhn-img969.vnnlib"",30.0,""official_attack_off_f32""]",
cora_2024,116,svhn-set.onnx,svhn-img969.vnnlib,timeout,32.53094744682312,TIMEOUT,0,30.0,32.53094744682312,37.088,4.572,41.79391320422292,1,0,,,not a FALSIFIED row,0,scratch/logs/fse2026/abcrown/cora_2024/00116_6587a861885efdf82abd_js1ezzey.log,6b8bbcfac1c01da1cabd240a87e4dce1a65f5a2b,"{""attack"": {""attack_off"": true, ""hook_replacements"": {}, ""overrides"": {""attack"": {""enable_mip_attack"": false, ""input_split_check_adv"": {""enabled"": ""false""}, ""pgd_order"": ""skip""}, ""bab"": {""attack"": {""enabled"": false}, ""branching"": {""input_split"": {""update_rhs_with_attack"": false}}}}}, ""biccos_applicable"": true, ""biccos_effective"": false, ""derived_path"": ""scratch/rq1_2026_tmp/baselines/abcrown/cora_2024/00116_6587a861885efdf82abd_js1ezzey/config.yaml"", ""deviations"": [""attack-off (user decision D20): all attack/falsification stages disabled, see config.attack.overrides"", ""float32: general.double_fp=false; solver.use_float64_in_last_iteration=false; stable_f32 interpreter""], ""mapping"": ""exact"", ""notes"": [], ""official"": ""exp_configs/vnncomp25/cora.yaml"", ""official_biccos"": false, ""official_pgd_order"": ""before"", ""variant"": ""official""}","[""attack-off (user decision D20): all attack/falsification stages disabled, see config.attack.overrides"", ""float32: general.double_fp=false; solver.use_float64_in_last_iteration=false; stable_f32 interpreter""]",,,99.0,17406.0,official_attack_off_f32,"[""abcrown"",""data/vnncomp2026/cora_2024/1.0/onnx/svhn-set.onnx"",""data/vnncomp2026/cora_2024/1.0/vnnlib/svhn-img969.vnnlib"",30.0,""official_attack_off_f32""]",
cora_2024,117,svhn-point.onnx,svhn-img1111.vnnlib,timeout,37.02534794807434,TIMEOUT,0,30.0,37.02534794807434,41.588,4.475,46.18195356987417,1,0,,,not a FALSIFIED row,0,scratch/logs/fse2026/abcrown/cora_2024/00117_ea39cbf1d41989ebfcf6_ylszj1it.log,6b8bbcfac1c01da1cabd240a87e4dce1a65f5a2b,"{""attack"": {""attack_off"": true, ""hook_replacements"": {}, ""overrides"": {""attack"": {""enable_mip_attack"": false, ""input_split_check_adv"": {""enabled"": ""false""}, ""pgd_order"": ""skip""}, ""bab"": {""attack"": {""enabled"": false}, ""branching"": {""input_split"": {""update_rhs_with_attack"": false}}}}}, ""biccos_applicable"": true, ""biccos_effective"": false, ""derived_path"": ""scratch/rq1_2026_tmp/baselines/abcrown/cora_2024/00117_ea39cbf1d41989ebfcf6_ylszj1it/config.yaml"", ""deviations"": [""attack-off (user decision D20): all attack/falsification stages disabled, see config.attack.overrides"", ""float32: general.double_fp=false; solver.use_float64_in_last_iteration=false; stable_f32 interpreter""], ""mapping"": ""exact"", ""notes"": [], ""official"": ""exp_configs/vnncomp25/cora.yaml"", ""official_biccos"": false, ""official_pgd_order"": ""before"", ""variant"": ""official""}","[""attack-off (user decision D20): all attack/falsification stages disabled, see config.attack.overrides"", ""float32: general.double_fp=false; solver.use_float64_in_last_iteration=false; stable_f32 interpreter""]",,,0.0,37.0,official_attack_off_f32,"[""abcrown"",""data/vnncomp2026/cora_2024/1.0/onnx/svhn-point.onnx"",""data/vnncomp2026/cora_2024/1.0/vnnlib/svhn-img1111.vnnlib"",30.0,""official_attack_off_f32""]",
cora_2024,118,svhn-trades.onnx,svhn-img1111.vnnlib,timeout,35.90956521034241,TIMEOUT,0,30.0,35.90956521034241,40.39,4.321,44.82501831650734,1,0,,,not a FALSIFIED row,0,scratch/logs/fse2026/abcrown/cora_2024/00118_930225cd62419c0ce5fd_sl6qhrxf.log,6b8bbcfac1c01da1cabd240a87e4dce1a65f5a2b,"{""attack"": {""attack_off"": true, ""hook_replacements"": {}, ""overrides"": {""attack"": {""enable_mip_attack"": false, ""input_split_check_adv"": {""enabled"": ""false""}, ""pgd_order"": ""skip""}, ""bab"": {""attack"": {""enabled"": false}, ""branching"": {""input_split"": {""update_rhs_with_attack"": false}}}}}, ""biccos_applicable"": true, ""biccos_effective"": false, ""derived_path"": ""scratch/rq1_2026_tmp/baselines/abcrown/cora_2024/00118_930225cd62419c0ce5fd_sl6qhrxf/config.yaml"", ""deviations"": [""attack-off (user decision D20): all attack/falsification stages disabled, see config.attack.overrides"", ""float32: general.double_fp=false; solver.use_float64_in_last_iteration=false; stable_f32 interpreter""], ""mapping"": ""exact"", ""notes"": [], ""official"": ""exp_configs/vnncomp25/cora.yaml"", ""official_biccos"": false, ""official_pgd_order"": ""before"", ""variant"": ""official""}","[""attack-off (user decision D20): all attack/falsification stages disabled, see config.attack.overrides"", ""float32: general.double_fp=false; solver.use_float64_in_last_iteration=false; stable_f32 interpreter""]",,,91.0,9246.0,official_attack_off_f32,"[""abcrown"",""data/vnncomp2026/cora_2024/1.0/onnx/svhn-trades.onnx"",""data/vnncomp2026/cora_2024/1.0/vnnlib/svhn-img1111.vnnlib"",30.0,""official_attack_off_f32""]",
cora_2024,119,svhn-set.onnx,svhn-img1111.vnnlib,timeout,37.52387499809265,TIMEOUT,0,30.0,37.52387499809265,42.003,4.572,46.6604472193867,1,0,,,not a FALSIFIED row,0,scratch/logs/fse2026/abcrown/cora_2024/00119_73329939395feb351e0f_m9bf1r55.log,6b8bbcfac1c01da1cabd240a87e4dce1a65f5a2b,"{""attack"": {""attack_off"": true, ""hook_replacements"": {}, ""overrides"": {""attack"": {""enable_mip_attack"": false, ""input_split_check_adv"": {""enabled"": ""false""}, ""pgd_order"": ""skip""}, ""bab"": {""attack"": {""enabled"": false}, ""branching"": {""input_split"": {""update_rhs_with_attack"": false}}}}}, ""biccos_applicable"": true, ""biccos_effective"": false, ""derived_path"": ""scratch/rq1_2026_tmp/baselines/abcrown/cora_2024/00119_73329939395feb351e0f_m9bf1r55/config.yaml"", ""deviations"": [""attack-off (user decision D20): all attack/falsification stages disabled, see config.attack.overrides"", ""float32: general.double_fp=false; solver.use_float64_in_last_iteration=false; stable_f32 interpreter""], ""mapping"": ""exact"", ""notes"": [], ""official"": ""exp_configs/vnncomp25/cora.yaml"", ""official_biccos"": false, ""official_pgd_order"": ""before"", ""variant"": ""official""}","[""attack-off (user decision D20): all attack/falsification stages disabled, see config.attack.overrides"", ""float32: general.double_fp=false; solver.use_float64_in_last_iteration=false; stable_f32 interpreter""]",,,96.0,14246.0,official_attack_off_f32,"[""abcrown"",""data/vnncomp2026/cora_2024/1.0/onnx/svhn-set.onnx"",""data/vnncomp2026/cora_2024/1.0/vnnlib/svhn-img1111.vnnlib"",30.0,""official_attack_off_f32""]",
cora_2024,120,cifar10-point.onnx,cifar10-img47.vnnlib,timeout,34.80852007865906,TIMEOUT,0,30.0,34.80852007865906,38.893,4.321,43.33121790364385,1,0,,,not a FALSIFIED row,0,scratch/logs/fse2026/abcrown/cora_2024/00120_248453d37fcbc5b53e30_w2tbd4fy.log,6b8bbcfac1c01da1cabd240a87e4dce1a65f5a2b,"{""attack"": {""attack_off"": true, ""hook_replacements"": {}, ""overrides"": {""attack"": {""enable_mip_attack"": false, ""input_split_check_adv"": {""enabled"": ""false""}, ""pgd_order"": ""skip""}, ""bab"": {""attack"": {""enabled"": false}, ""branching"": {""input_split"": {""update_rhs_with_attack"": false}}}}}, ""biccos_applicable"": true, ""biccos_effective"": false, ""derived_path"": ""scratch/rq1_2026_tmp/baselines/abcrown/cora_2024/00120_248453d37fcbc5b53e30_w2tbd4fy/config.yaml"", ""deviations"": [""attack-off (user decision D20): all attack/falsification stages disabled, see config.attack.overrides"", ""float32: general.double_fp=false; solver.use_float64_in_last_iteration=false; stable_f32 interpreter""], ""mapping"": ""exact"", ""notes"": [], ""official"": ""exp_configs/vnncomp25/cora.yaml"", ""official_biccos"": false, ""official_pgd_order"": ""before"", ""variant"": ""official""}","[""attack-off (user decision D20): all attack/falsification stages disabled, see config.attack.overrides"", ""float32: general.double_fp=false; solver.use_float64_in_last_iteration=false; stable_f32 interpreter""]",,,0.0,3444.0,official_attack_off_f32,"[""abcrown"",""data/vnncomp2026/cora_2024/1.0/onnx/cifar10-point.onnx"",""data/vnncomp2026/cora_2024/1.0/vnnlib/cifar10-img47.vnnlib"",30.0,""official_attack_off_f32""]",
cora_2024,121,cifar10-trades.onnx,cifar10-img47.vnnlib,timeout,45.016608476638794,TIMEOUT,0,30.0,45.016608476638794,49.407,4.321,53.84206028841436,1,0,,,not a FALSIFIED row,0,scratch/logs/fse2026/abcrown/cora_2024/00121_7f10dd1262118a615f58_3g_7fka4.log,6b8bbcfac1c01da1cabd240a87e4dce1a65f5a2b,"{""attack"": {""attack_off"": true, ""hook_replacements"": {}, ""overrides"": {""attack"": {""enable_mip_attack"": false, ""input_split_check_adv"": {""enabled"": ""false""}, ""pgd_order"": ""skip""}, ""bab"": {""attack"": {""enabled"": false}, ""branching"": {""input_split"": {""update_rhs_with_attack"": false}}}}}, ""biccos_applicable"": true, ""biccos_effective"": false, ""derived_path"": ""scratch/rq1_2026_tmp/baselines/abcrown/cora_2024/00121_7f10dd1262118a615f58_3g_7fka4/config.yaml"", ""deviations"": [""attack-off (user decision D20): all attack/falsification stages disabled, see config.attack.overrides"", ""float32: general.double_fp=false; solver.use_float64_in_last_iteration=false; stable_f32 interpreter""], ""mapping"": ""exact"", ""notes"": [], ""official"": ""exp_configs/vnncomp25/cora.yaml"", ""official_biccos"": false, ""official_pgd_order"": ""before"", ""variant"": ""official""}","[""attack-off (user decision D20): all attack/falsification stages disabled, see config.attack.overrides"", ""float32: general.double_fp=false; solver.use_float64_in_last_iteration=false; stable_f32 interpreter""]",,,74.0,4478.0,official_attack_off_f32,"[""abcrown"",""data/vnncomp2026/cora_2024/1.0/onnx/cifar10-trades.onnx"",""data/vnncomp2026/cora_2024/1.0/vnnlib/cifar10-img47.vnnlib"",30.0,""official_attack_off_f32""]",
cora_2024,122,cifar10-set.onnx,cifar10-img47.vnnlib,timeout,36.5587203502655,TIMEOUT,0,30.0,36.5587203502655,41.042,4.572,45.73379383049905,1,0,,,not a FALSIFIED row,0,scratch/logs/fse2026/abcrown/cora_2024/00122_01a98b5f3db7b171343b_2300bbjz.log,6b8bbcfac1c01da1cabd240a87e4dce1a65f5a2b,"{""attack"": {""attack_off"": true, ""hook_replacements"": {}, ""overrides"": {""attack"": {""enable_mip_attack"": false, ""input_split_check_adv"": {""enabled"": ""false""}, ""pgd_order"": ""skip""}, ""bab"": {""attack"": {""enabled"": false}, ""branching"": {""input_split"": {""update_rhs_with_attack"": false}}}}}, ""biccos_applicable"": true, ""biccos_effective"": false, ""derived_path"": ""scratch/rq1_2026_tmp/baselines/abcrown/cora_2024/00122_01a98b5f3db7b171343b_2300bbjz/config.yaml"", ""deviations"": [""attack-off (user decision D20): all attack/falsification stages disabled, see config.attack.overrides"", ""float32: general.double_fp=false; solver.use_float64_in_last_iteration=false; stable_f32 interpreter""], ""mapping"": ""exact"", ""notes"": [], ""official"": ""exp_configs/vnncomp25/cora.yaml"", ""official_biccos"": false, ""official_pgd_order"": ""before"", ""variant"": ""official""}","[""attack-off (user decision D20): all attack/falsification stages disabled, see config.attack.overrides"", ""float32: general.double_fp=false; solver.use_float64_in_last_iteration=false; stable_f32 interpreter""]",,,97.0,31480.0,official_attack_off_f32,"[""abcrown"",""data/vnncomp2026/cora_2024/1.0/onnx/cifar10-set.onnx"",""data/vnncomp2026/cora_2024/1.0/vnnlib/cifar10-img47.vnnlib"",30.0,""official_attack_off_f32""]",
cora_2024,123,cifar10-point.onnx,cifar10-img61.vnnlib,timeout,35.390470027923584,TIMEOUT,0,30.0,35.390470027923584,39.642,4.221,43.97388119250536,1,0,,,not a FALSIFIED row,0,scratch/logs/fse2026/abcrown/cora_2024/00123_ed2028cfe270305453f0_wxg84vzo.log,6b8bbcfac1c01da1cabd240a87e4dce1a65f5a2b,"{""attack"": {""attack_off"": true, ""hook_replacements"": {}, ""overrides"": {""attack"": {""enable_mip_attack"": false, ""input_split_check_adv"": {""enabled"": ""false""}, ""pgd_order"": ""skip""}, ""bab"": {""attack"": {""enabled"": false}, ""branching"": {""input_split"": {""update_rhs_with_attack"": false}}}}}, ""biccos_applicable"": true, ""biccos_effective"": false, ""derived_path"": ""scratch/rq1_2026_tmp/baselines/abcrown/cora_2024/00123_ed2028cfe270305453f0_wxg84vzo/config.yaml"", ""deviations"": [""attack-off (user decision D20): all attack/falsification stages disabled, see config.attack.overrides"", ""float32: general.double_fp=false; solver.use_float64_in_last_iteration=false; stable_f32 interpreter""], ""mapping"": ""exact"", ""notes"": [], ""official"": ""exp_configs/vnncomp25/cora.yaml"", ""official_biccos"": false, ""official_pgd_order"": ""before"", ""variant"": ""official""}","[""attack-off (user decision D20): all attack/falsification stages disabled, see config.attack.overrides"", ""float32: general.double_fp=false; solver.use_float64_in_last_iteration=false; stable_f32 interpreter""]",,,52.0,4046.0,official_attack_off_f32,"[""abcrown"",""data/vnncomp2026/cora_2024/1.0/onnx/cifar10-point.onnx"",""data/vnncomp2026/cora_2024/1.0/vnnlib/cifar10-img61.vnnlib"",30.0,""official_attack_off_f32""]",
cora_2024,124,cifar10-trades.onnx,cifar10-img61.vnnlib,timeout,45.76669406890869,TIMEOUT,0,30.0,45.76669406890869,49.955,4.271,54.34662723727524,1,0,,,not a FALSIFIED row,0,scratch/logs/fse2026/abcrown/cora_2024/00124_d88da3ed7657624cb315_7ts0qqpw.log,6b8bbcfac1c01da1cabd240a87e4dce1a65f5a2b,"{""attack"": {""attack_off"": true, ""hook_replacements"": {}, ""overrides"": {""attack"": {""enable_mip_attack"": false, ""input_split_check_adv"": {""enabled"": ""false""}, ""pgd_order"": ""skip""}, ""bab"": {""attack"": {""enabled"": false}, ""branching"": {""input_split"": {""update_rhs_with_attack"": false}}}}}, ""biccos_applicable"": true, ""biccos_effective"": false, ""derived_path"": ""scratch/rq1_2026_tmp/baselines/abcrown/cora_2024/00124_d88da3ed7657624cb315_7ts0qqpw/config.yaml"", ""deviations"": [""attack-off (user decision D20): all attack/falsification stages disabled, see config.attack.overrides"", ""float32: general.double_fp=false; solver.use_float64_in_last_iteration=false; stable_f32 interpreter""], ""mapping"": ""exact"", ""notes"": [], ""official"": ""exp_configs/vnncomp25/cora.yaml"", ""official_biccos"": false, ""official_pgd_order"": ""before"", ""variant"": ""official""}","[""attack-off (user decision D20): all attack/falsification stages disabled, see config.attack.overrides"", ""float32: general.double_fp=false; solver.use_float64_in_last_iteration=false; stable_f32 interpreter""]",,,67.0,5724.0,official_attack_off_f32,"[""abcrown"",""data/vnncomp2026/cora_2024/1.0/onnx/cifar10-trades.onnx"",""data/vnncomp2026/cora_2024/1.0/vnnlib/cifar10-img61.vnnlib"",30.0,""official_attack_off_f32""]",
cora_2024,125,cifar10-set.onnx,cifar10-img61.vnnlib,timeout,43.57121562957764,TIMEOUT,0,30.0,43.57121562957764,48.111,4.321,52.55499706417322,1,0,,,not a FALSIFIED row,0,scratch/logs/fse2026/abcrown/cora_2024/00125_d4c4cc82d4a02bb1a04f_x22634w4.log,6b8bbcfac1c01da1cabd240a87e4dce1a65f5a2b,"{""attack"": {""attack_off"": true, ""hook_replacements"": {}, ""overrides"": {""attack"": {""enable_mip_attack"": false, ""input_split_check_adv"": {""enabled"": ""false""}, ""pgd_order"": ""skip""}, ""bab"": {""attack"": {""enabled"": false}, ""branching"": {""input_split"": {""update_rhs_with_attack"": false}}}}}, ""biccos_applicable"": true, ""biccos_effective"": false, ""derived_path"": ""scratch/rq1_2026_tmp/baselines/abcrown/cora_2024/00125_d4c4cc82d4a02bb1a04f_x22634w4/config.yaml"", ""deviations"": [""attack-off (user decision D20): all attack/falsification stages disabled, see config.attack.overrides"", ""float32: general.double_fp=false; solver.use_float64_in_last_iteration=false; stable_f32 interpreter""], ""mapping"": ""exact"", ""notes"": [], ""official"": ""exp_configs/vnncomp25/cora.yaml"", ""official_biccos"": false, ""official_pgd_order"": ""before"", ""variant"": ""official""}","[""attack-off (user decision D20): all attack/falsification stages disabled, see config.attack.overrides"", ""float32: general.double_fp=false; solver.use_float64_in_last_iteration=false; stable_f32 interpreter""]",,,85.0,10920.0,official_attack_off_f32,"[""abcrown"",""data/vnncomp2026/cora_2024/1.0/onnx/cifar10-set.onnx"",""data/vnncomp2026/cora_2024/1.0/vnnlib/cifar10-img61.vnnlib"",30.0,""official_attack_off_f32""]",
cora_2024,126,cifar10-point.onnx,cifar10-img78.vnnlib,timeout,32.115827560424805,TIMEOUT,0,30.0,32.115827560424805,36.842,4.321,41.28930218890309,1,0,,,not a FALSIFIED row,0,scratch/logs/fse2026/abcrown/cora_2024/00126_24c286c8b8bc7071f509_ay46_emx.log,6b8bbcfac1c01da1cabd240a87e4dce1a65f5a2b,"{""attack"": {""attack_off"": true, ""hook_replacements"": {}, ""overrides"": {""attack"": {""enable_mip_attack"": false, ""input_split_check_adv"": {""enabled"": ""false""}, ""pgd_order"": ""skip""}, ""bab"": {""attack"": {""enabled"": false}, ""branching"": {""input_split"": {""update_rhs_with_attack"": false}}}}}, ""biccos_applicable"": true, ""biccos_effective"": false, ""derived_path"": ""scratch/rq1_2026_tmp/baselines/abcrown/cora_2024/00126_24c286c8b8bc7071f509_ay46_emx/config.yaml"", ""deviations"": [""attack-off (user decision D20): all attack/falsification stages disabled, see config.attack.overrides"", ""float32: general.double_fp=false; solver.use_float64_in_last_iteration=false; stable_f32 interpreter""], ""mapping"": ""exact"", ""notes"": [], ""official"": ""exp_configs/vnncomp25/cora.yaml"", ""official_biccos"": false, ""official_pgd_order"": ""before"", ""variant"": ""official""}","[""attack-off (user decision D20): all attack/falsification stages disabled, see config.attack.overrides"", ""float32: general.double_fp=false; solver.use_float64_in_last_iteration=false; stable_f32 interpreter""]",,,84.0,5116.0,official_attack_off_f32,"[""abcrown"",""data/vnncomp2026/cora_2024/1.0/onnx/cifar10-point.onnx"",""data/vnncomp2026/cora_2024/1.0/vnnlib/cifar10-img78.vnnlib"",30.0,""official_attack_off_f32""]",
cora_2024,127,cifar10-trades.onnx,cifar10-img78.vnnlib,timeout,32.764551639556885,TIMEOUT,0,30.0,32.764551639556885,37.233,4.373,41.724787252023816,1,0,,,not a FALSIFIED row,0,scratch/logs/fse2026/abcrown/cora_2024/00127_4f253fe0ec59d692808f_slth9mck.log,6b8bbcfac1c01da1cabd240a87e4dce1a65f5a2b,"{""attack"": {""attack_off"": true, ""hook_replacements"": {}, ""overrides"": {""attack"": {""enable_mip_attack"": false, ""input_split_check_adv"": {""enabled"": ""false""}, ""pgd_order"": ""skip""}, ""bab"": {""attack"": {""enabled"": false}, ""branching"": {""input_split"": {""update_rhs_with_attack"": false}}}}}, ""biccos_applicable"": true, ""biccos_effective"": false, ""derived_path"": ""scratch/rq1_2026_tmp/baselines/abcrown/cora_2024/00127_4f253fe0ec59d692808f_slth9mck/config.yaml"", ""deviations"": [""attack-off (user decision D20): all attack/falsification stages disabled, see config.attack.overrides"", ""float32: general.double_fp=false; solver.use_float64_in_last_iteration=false; stable_f32 interpreter""], ""mapping"": ""exact"", ""notes"": [], ""official"": ""exp_configs/vnncomp25/cora.yaml"", ""official_biccos"": false, ""official_pgd_order"": ""before"", ""variant"": ""official""}","[""attack-off (user decision D20): all attack/falsification stages disabled, see config.attack.overrides"", ""float32: general.double_fp=false; solver.use_float64_in_last_iteration=false; stable_f32 interpreter""]",,,69.0,3752.0,official_attack_off_f32,"[""abcrown"",""data/vnncomp2026/cora_2024/1.0/onnx/cifar10-trades.onnx"",""data/vnncomp2026/cora_2024/1.0/vnnlib/cifar10-img78.vnnlib"",30.0,""official_attack_off_f32""]",
cora_2024,128,cifar10-set.onnx,cifar10-img78.vnnlib,timeout,30.126971006393433,TIMEOUT,0,30.0,30.126971006393433,34.281,4.221,38.626265827566385,1,0,,,not a FALSIFIED row,0,scratch/logs/fse2026/abcrown/cora_2024/00128_ec5b624b82dc1255b4e0_tk981wyo.log,6b8bbcfac1c01da1cabd240a87e4dce1a65f5a2b,"{""attack"": {""attack_off"": true, ""hook_replacements"": {}, ""overrides"": {""attack"": {""enable_mip_attack"": false, ""input_split_check_adv"": {""enabled"": ""false""}, ""pgd_order"": ""skip""}, ""bab"": {""attack"": {""enabled"": false}, ""branching"": {""input_split"": {""update_rhs_with_attack"": false}}}}}, ""biccos_applicable"": true, ""biccos_effective"": false, ""derived_path"": ""scratch/rq1_2026_tmp/baselines/abcrown/cora_2024/00128_ec5b624b82dc1255b4e0_tk981wyo/config.yaml"", ""deviations"": [""attack-off (user decision D20): all attack/falsification stages disabled, see config.attack.overrides"", ""float32: general.double_fp=false; solver.use_float64_in_last_iteration=false; stable_f32 interpreter""], ""mapping"": ""exact"", ""notes"": [], ""official"": ""exp_configs/vnncomp25/cora.yaml"", ""official_biccos"": false, ""official_pgd_order"": ""before"", ""variant"": ""official""}","[""attack-off (user decision D20): all attack/falsification stages disabled, see config.attack.overrides"", ""float32: general.double_fp=false; solver.use_float64_in_last_iteration=false; stable_f32 interpreter""]",,,43.0,5136.0,official_attack_off_f32,"[""abcrown"",""data/vnncomp2026/cora_2024/1.0/onnx/cifar10-set.onnx"",""data/vnncomp2026/cora_2024/1.0/vnnlib/cifar10-img78.vnnlib"",30.0,""official_attack_off_f32""]",
cora_2024,129,cifar10-point.onnx,cifar10-img141.vnnlib,timeout,37.60705065727234,TIMEOUT,0,30.0,37.60705065727234,41.938,4.321,46.38028463348746,1,0,,,not a FALSIFIED row,0,scratch/logs/fse2026/abcrown/cora_2024/00129_59ea83bc8a26428d223c_5dq1czc2.log,6b8bbcfac1c01da1cabd240a87e4dce1a65f5a2b,"{""attack"": {""attack_off"": true, ""hook_replacements"": {}, ""overrides"": {""attack"": {""enable_mip_attack"": false, ""input_split_check_adv"": {""enabled"": ""false""}, ""pgd_order"": ""skip""}, ""bab"": {""attack"": {""enabled"": false}, ""branching"": {""input_split"": {""update_rhs_with_attack"": false}}}}}, ""biccos_applicable"": true, ""biccos_effective"": false, ""derived_path"": ""scratch/rq1_2026_tmp/baselines/abcrown/cora_2024/00129_59ea83bc8a26428d223c_5dq1czc2/config.yaml"", ""deviations"": [""attack-off (user decision D20): all attack/falsification stages disabled, see config.attack.overrides"", ""float32: general.double_fp=false; solver.use_float64_in_last_iteration=false; stable_f32 interpreter""], ""mapping"": ""exact"", ""notes"": [], ""official"": ""exp_configs/vnncomp25/cora.yaml"", ""official_biccos"": false, ""official_pgd_order"": ""before"", ""variant"": ""official""}","[""attack-off (user decision D20): all attack/falsification stages disabled, see config.attack.overrides"", ""float32: general.double_fp=false; solver.use_float64_in_last_iteration=false; stable_f32 interpreter""]",,,34.0,4174.0,official_attack_off_f32,"[""abcrown"",""data/vnncomp2026/cora_2024/1.0/onnx/cifar10-point.onnx"",""data/vnncomp2026/cora_2024/1.0/vnnlib/cifar10-img141.vnnlib"",30.0,""official_attack_off_f32""]",
cora_2024,130,cifar10-trades.onnx,cifar10-img141.vnnlib,timeout,35.81660199165344,TIMEOUT,0,30.0,35.81660199165344,40.085,4.382,44.5880802962929,1,0,,,not a FALSIFIED row,0,scratch/logs/fse2026/abcrown/cora_2024/00130_8b1cde4e7ec09e97cffc_r5kx9w15.log,6b8bbcfac1c01da1cabd240a87e4dce1a65f5a2b,"{""attack"": {""attack_off"": true, ""hook_replacements"": {}, ""overrides"": {""attack"": {""enable_mip_attack"": false, ""input_split_check_adv"": {""enabled"": ""false""}, ""pgd_order"": ""skip""}, ""bab"": {""attack"": {""enabled"": false}, ""branching"": {""input_split"": {""update_rhs_with_attack"": false}}}}}, ""biccos_applicable"": true, ""biccos_effective"": false, ""derived_path"": ""scratch/rq1_2026_tmp/baselines/abcrown/cora_2024/00130_8b1cde4e7ec09e97cffc_r5kx9w15/config.yaml"", ""deviations"": [""attack-off (user decision D20): all attack/falsification stages disabled, see config.attack.overrides"", ""float32: general.double_fp=false; solver.use_float64_in_last_iteration=false; stable_f32 interpreter""], ""mapping"": ""exact"", ""notes"": [], ""official"": ""exp_configs/vnncomp25/cora.yaml"", ""official_biccos"": false, ""official_pgd_order"": ""before"", ""variant"": ""official""}","[""attack-off (user decision D20): all attack/falsification stages disabled, see config.attack.overrides"", ""float32: general.double_fp=false; solver.use_float64_in_last_iteration=false; stable_f32 interpreter""]",,,93.0,9536.0,official_attack_off_f32,"[""abcrown"",""data/vnncomp2026/cora_2024/1.0/onnx/cifar10-trades.onnx"",""data/vnncomp2026/cora_2024/1.0/vnnlib/cifar10-img141.vnnlib"",30.0,""official_attack_off_f32""]",
cora_2024,131,cifar10-set.onnx,cifar10-img141.vnnlib,unsat,2.5145366191864014,CERTIFIED,1,30.0,2.5145366191864014,6.826,4.174,11.121049668639898,0,0,,,not a FALSIFIED row,0,scratch/logs/fse2026/abcrown/cora_2024/00131_9d3c9d302ad5ecb80d97_9998kgar.log,6b8bbcfac1c01da1cabd240a87e4dce1a65f5a2b,"{""attack"": {""attack_off"": true, ""hook_replacements"": {}, ""overrides"": {""attack"": {""enable_mip_attack"": false, ""input_split_check_adv"": {""enabled"": ""false""}, ""pgd_order"": ""skip""}, ""bab"": {""attack"": {""enabled"": false}, ""branching"": {""input_split"": {""update_rhs_with_attack"": false}}}}}, ""biccos_applicable"": true, ""biccos_effective"": false, ""derived_path"": ""scratch/rq1_2026_tmp/baselines/abcrown/cora_2024/00131_9d3c9d302ad5ecb80d97_9998kgar/config.yaml"", ""deviations"": [""attack-off (user decision D20): all attack/falsification stages disabled, see config.attack.overrides"", ""float32: general.double_fp=false; solver.use_float64_in_last_iteration=false; stable_f32 interpreter""], ""mapping"": ""exact"", ""notes"": [], ""official"": ""exp_configs/vnncomp25/cora.yaml"", ""official_biccos"": false, ""official_pgd_order"": ""before"", ""variant"": ""official""}","[""attack-off (user decision D20): all attack/falsification stages disabled, see config.attack.overrides"", ""float32: general.double_fp=false; solver.use_float64_in_last_iteration=false; stable_f32 interpreter""]",,,94.0,12356.0,official_attack_off_f32,"[""abcrown"",""data/vnncomp2026/cora_2024/1.0/onnx/cifar10-set.onnx"",""data/vnncomp2026/cora_2024/1.0/vnnlib/cifar10-img141.vnnlib"",30.0,""official_attack_off_f32""]",
cora_2024,132,cifar10-point.onnx,cifar10-img168.vnnlib,timeout,34.97077989578247,TIMEOUT,0,30.0,34.97077989578247,39.605,4.372,44.11393423192203,1,0,,,not a FALSIFIED row,0,scratch/logs/fse2026/abcrown/cora_2024/00132_3fc97b6b490a475f52e4_gjq0o3fu.log,6b8bbcfac1c01da1cabd240a87e4dce1a65f5a2b,"{""attack"": {""attack_off"": true, ""hook_replacements"": {}, ""overrides"": {""attack"": {""enable_mip_attack"": false, ""input_split_check_adv"": {""enabled"": ""false""}, ""pgd_order"": ""skip""}, ""bab"": {""attack"": {""enabled"": false}, ""branching"": {""input_split"": {""update_rhs_with_attack"": false}}}}}, ""biccos_applicable"": true, ""biccos_effective"": false, ""derived_path"": ""scratch/rq1_2026_tmp/baselines/abcrown/cora_2024/00132_3fc97b6b490a475f52e4_gjq0o3fu/config.yaml"", ""deviations"": [""attack-off (user decision D20): all attack/falsification stages disabled, see config.attack.overrides"", ""float32: general.double_fp=false; solver.use_float64_in_last_iteration=false; stable_f32 interpreter""], ""mapping"": ""exact"", ""notes"": [], ""official"": ""exp_configs/vnncomp25/cora.yaml"", ""official_biccos"": false, ""official_pgd_order"": ""before"", ""variant"": ""official""}","[""attack-off (user decision D20): all attack/falsification stages disabled, see config.attack.overrides"", ""float32: general.double_fp=false; solver.use_float64_in_last_iteration=false; stable_f32 interpreter""]",,,96.0,4912.0,official_attack_off_f32,"[""abcrown"",""data/vnncomp2026/cora_2024/1.0/onnx/cifar10-point.onnx"",""data/vnncomp2026/cora_2024/1.0/vnnlib/cifar10-img168.vnnlib"",30.0,""official_attack_off_f32""]",
cora_2024,133,cifar10-trades.onnx,cifar10-img168.vnnlib,timeout,33.76987886428833,TIMEOUT,0,30.0,33.76987886428833,38.033,4.421,42.58875221200287,1,0,,,not a FALSIFIED row,0,scratch/logs/fse2026/abcrown/cora_2024/00133_5b0bf1065cab01cb6cf9_6jh5zw93.log,6b8bbcfac1c01da1cabd240a87e4dce1a65f5a2b,"{""attack"": {""attack_off"": true, ""hook_replacements"": {}, ""overrides"": {""attack"": {""enable_mip_attack"": false, ""input_split_check_adv"": {""enabled"": ""false""}, ""pgd_order"": ""skip""}, ""bab"": {""attack"": {""enabled"": false}, ""branching"": {""input_split"": {""update_rhs_with_attack"": false}}}}}, ""biccos_applicable"": true, ""biccos_effective"": false, ""derived_path"": ""scratch/rq1_2026_tmp/baselines/abcrown/cora_2024/00133_5b0bf1065cab01cb6cf9_6jh5zw93/config.yaml"", ""deviations"": [""attack-off (user decision D20): all attack/falsification stages disabled, see config.attack.overrides"", ""float32: general.double_fp=false; solver.use_float64_in_last_iteration=false; stable_f32 interpreter""], ""mapping"": ""exact"", ""notes"": [], ""official"": ""exp_configs/vnncomp25/cora.yaml"", ""official_biccos"": false, ""official_pgd_order"": ""before"", ""variant"": ""official""}","[""attack-off (user decision D20): all attack/falsification stages disabled, see config.attack.overrides"", ""float32: general.double_fp=false; solver.use_float64_in_last_iteration=false; stable_f32 interpreter""]",,,0.0,790.0,official_attack_off_f32,"[""abcrown"",""data/vnncomp2026/cora_2024/1.0/onnx/cifar10-trades.onnx"",""data/vnncomp2026/cora_2024/1.0/vnnlib/cifar10-img168.vnnlib"",30.0,""official_attack_off_f32""]",
cora_2024,134,cifar10-set.onnx,cifar10-img168.vnnlib,unsat,1.5919742584228516,CERTIFIED,1,30.0,1.5919742584228516,5.985,4.121,10.217623997479677,0,0,,,not a FALSIFIED row,0,scratch/logs/fse2026/abcrown/cora_2024/00134_a3f66d7aeeb9d09066fa_ce0q1poc.log,6b8bbcfac1c01da1cabd240a87e4dce1a65f5a2b,"{""attack"": {""attack_off"": true, ""hook_replacements"": {}, ""overrides"": {""attack"": {""enable_mip_attack"": false, ""input_split_check_adv"": {""enabled"": ""false""}, ""pgd_order"": ""skip""}, ""bab"": {""attack"": {""enabled"": false}, ""branching"": {""input_split"": {""update_rhs_with_attack"": false}}}}}, ""biccos_applicable"": true, ""biccos_effective"": false, ""derived_path"": ""scratch/rq1_2026_tmp/baselines/abcrown/cora_2024/00134_a3f66d7aeeb9d09066fa_ce0q1poc/config.yaml"", ""deviations"": [""attack-off (user decision D20): all attack/falsification stages disabled, see config.attack.overrides"", ""float32: general.double_fp=false; solver.use_float64_in_last_iteration=false; stable_f32 interpreter""], ""mapping"": ""exact"", ""notes"": [], ""official"": ""exp_configs/vnncomp25/cora.yaml"", ""official_biccos"": false, ""official_pgd_order"": ""before"", ""variant"": ""official""}","[""attack-off (user decision D20): all attack/falsification stages disabled, see config.attack.overrides"", ""float32: general.double_fp=false; solver.use_float64_in_last_iteration=false; stable_f32 interpreter""]",,,0.0,37.0,official_attack_off_f32,"[""abcrown"",""data/vnncomp2026/cora_2024/1.0/onnx/cifar10-set.onnx"",""data/vnncomp2026/cora_2024/1.0/vnnlib/cifar10-img168.vnnlib"",30.0,""official_attack_off_f32""]",
cora_2024,135,cifar10-point.onnx,cifar10-img172.vnnlib,timeout,35.97829723358154,TIMEOUT,0,30.0,35.97829723358154,40.396,3.873,44.39447156153619,1,0,,,not a FALSIFIED row,0,scratch/logs/fse2026/abcrown/cora_2024/00135_c2f5b6acbc8acb653be6_or4ly5gw.log,6b8bbcfac1c01da1cabd240a87e4dce1a65f5a2b,"{""attack"": {""attack_off"": true, ""hook_replacements"": {}, ""overrides"": {""attack"": {""enable_mip_attack"": false, ""input_split_check_adv"": {""enabled"": ""false""}, ""pgd_order"": ""skip""}, ""bab"": {""attack"": {""enabled"": false}, ""branching"": {""input_split"": {""update_rhs_with_attack"": false}}}}}, ""biccos_applicable"": true, ""biccos_effective"": false, ""derived_path"": ""scratch/rq1_2026_tmp/baselines/abcrown/cora_2024/00135_c2f5b6acbc8acb653be6_or4ly5gw/config.yaml"", ""deviations"": [""attack-off (user decision D20): all attack/falsification stages disabled, see config.attack.overrides"", ""float32: general.double_fp=false; solver.use_float64_in_last_iteration=false; stable_f32 interpreter""], ""mapping"": ""exact"", ""notes"": [], ""official"": ""exp_configs/vnncomp25/cora.yaml"", ""official_biccos"": false, ""official_pgd_order"": ""before"", ""variant"": ""official""}","[""attack-off (user decision D20): all attack/falsification stages disabled, see config.attack.overrides"", ""float32: general.double_fp=false; solver.use_float64_in_last_iteration=false; stable_f32 interpreter""]",,,0.0,34.0,official_attack_off_f32,"[""abcrown"",""data/vnncomp2026/cora_2024/1.0/onnx/cifar10-point.onnx"",""data/vnncomp2026/cora_2024/1.0/vnnlib/cifar10-img172.vnnlib"",30.0,""official_attack_off_f32""]",
cora_2024,136,cifar10-trades.onnx,cifar10-img172.vnnlib,timeout,30.509270429611206,TIMEOUT,0,30.0,30.509270429611206,35.036,4.272,39.430226719006896,1,0,,,not a FALSIFIED row,0,scratch/logs/fse2026/abcrown/cora_2024/00136_f8e88cff72890beaa3e1_i3cywuae.log,6b8bbcfac1c01da1cabd240a87e4dce1a65f5a2b,"{""attack"": {""attack_off"": true, ""hook_replacements"": {}, ""overrides"": {""attack"": {""enable_mip_attack"": false, ""input_split_check_adv"": {""enabled"": ""false""}, ""pgd_order"": ""skip""}, ""bab"": {""attack"": {""enabled"": false}, ""branching"": {""input_split"": {""update_rhs_with_attack"": false}}}}}, ""biccos_applicable"": true, ""biccos_effective"": false, ""derived_path"": ""scratch/rq1_2026_tmp/baselines/abcrown/cora_2024/00136_f8e88cff72890beaa3e1_i3cywuae/config.yaml"", ""deviations"": [""attack-off (user decision D20): all attack/falsification stages disabled, see config.attack.overrides"", ""float32: general.double_fp=false; solver.use_float64_in_last_iteration=false; stable_f32 interpreter""], ""mapping"": ""exact"", ""notes"": [], ""official"": ""exp_configs/vnncomp25/cora.yaml"", ""official_biccos"": false, ""official_pgd_order"": ""before"", ""variant"": ""official""}","[""attack-off (user decision D20): all attack/falsification stages disabled, see config.attack.overrides"", ""float32: general.double_fp=false; solver.use_float64_in_last_iteration=false; stable_f32 interpreter""]",,,37.0,4612.0,official_attack_off_f32,"[""abcrown"",""data/vnncomp2026/cora_2024/1.0/onnx/cifar10-trades.onnx"",""data/vnncomp2026/cora_2024/1.0/vnnlib/cifar10-img172.vnnlib"",30.0,""official_attack_off_f32""]",
cora_2024,137,cifar10-set.onnx,cifar10-img172.vnnlib,timeout,44.16338896751404,TIMEOUT,0,30.0,44.16338896751404,48.656,4.672,53.45289536006749,1,0,,,not a FALSIFIED row,0,scratch/logs/fse2026/abcrown/cora_2024/00137_694d5ef3b9b74101c81e_8gt_lxlm.log,6b8bbcfac1c01da1cabd240a87e4dce1a65f5a2b,"{""attack"": {""attack_off"": true, ""hook_replacements"": {}, ""overrides"": {""attack"": {""enable_mip_attack"": false, ""input_split_check_adv"": {""enabled"": ""false""}, ""pgd_order"": ""skip""}, ""bab"": {""attack"": {""enabled"": false}, ""branching"": {""input_split"": {""update_rhs_with_attack"": false}}}}}, ""biccos_applicable"": true, ""biccos_effective"": false, ""derived_path"": ""scratch/rq1_2026_tmp/baselines/abcrown/cora_2024/00137_694d5ef3b9b74101c81e_8gt_lxlm/config.yaml"", ""deviations"": [""attack-off (user decision D20): all attack/falsification stages disabled, see config.attack.overrides"", ""float32: general.double_fp=false; solver.use_float64_in_last_iteration=false; stable_f32 interpreter""], ""mapping"": ""exact"", ""notes"": [], ""official"": ""exp_configs/vnncomp25/cora.yaml"", ""official_biccos"": false, ""official_pgd_order"": ""before"", ""variant"": ""official""}","[""attack-off (user decision D20): all attack/falsification stages disabled, see config.attack.overrides"", ""float32: general.double_fp=false; solver.use_float64_in_last_iteration=false; stable_f32 interpreter""]",,,0.0,37.0,official_attack_off_f32,"[""abcrown"",""data/vnncomp2026/cora_2024/1.0/onnx/cifar10-set.onnx"",""data/vnncomp2026/cora_2024/1.0/vnnlib/cifar10-img172.vnnlib"",30.0,""official_attack_off_f32""]",
cora_2024,138,cifar10-point.onnx,cifar10-img183.vnnlib,timeout,36.717265605926514,TIMEOUT,0,30.0,36.717265605926514,40.892,4.171,45.176608085632324,1,0,,,not a FALSIFIED row,0,scratch/logs/fse2026/abcrown/cora_2024/00138_a06a7ccf4739279d3474_05lyol_l.log,6b8bbcfac1c01da1cabd240a87e4dce1a65f5a2b,"{""attack"": {""attack_off"": true, ""hook_replacements"": {}, ""overrides"": {""attack"": {""enable_mip_attack"": false, ""input_split_check_adv"": {""enabled"": ""false""}, ""pgd_order"": ""skip""}, ""bab"": {""attack"": {""enabled"": false}, ""branching"": {""input_split"": {""update_rhs_with_attack"": false}}}}}, ""biccos_applicable"": true, ""biccos_effective"": false, ""derived_path"": ""scratch/rq1_2026_tmp/baselines/abcrown/cora_2024/00138_a06a7ccf4739279d3474_05lyol_l/config.yaml"", ""deviations"": [""attack-off (user decision D20): all attack/falsification stages disabled, see config.attack.overrides"", ""float32: general.double_fp=false; solver.use_float64_in_last_iteration=false; stable_f32 interpreter""], ""mapping"": ""exact"", ""notes"": [], ""official"": ""exp_configs/vnncomp25/cora.yaml"", ""official_biccos"": false, ""official_pgd_order"": ""before"", ""variant"": ""official""}","[""attack-off (user decision D20): all attack/falsification stages disabled, see config.attack.overrides"", ""float32: general.double_fp=false; solver.use_float64_in_last_iteration=false; stable_f32 interpreter""]",,,36.0,4182.0,official_attack_off_f32,"[""abcrown"",""data/vnncomp2026/cora_2024/1.0/onnx/cifar10-point.onnx"",""data/vnncomp2026/cora_2024/1.0/vnnlib/cifar10-img183.vnnlib"",30.0,""official_attack_off_f32""]",
cora_2024,139,cifar10-trades.onnx,cifar10-img183.vnnlib,timeout,45.86581635475159,TIMEOUT,0,30.0,45.86581635475159,50.26,4.322,54.70148449763656,1,0,,,not a FALSIFIED row,0,scratch/logs/fse2026/abcrown/cora_2024/00139_a525f8620d9677ea7cae_ps98r_49.log,6b8bbcfac1c01da1cabd240a87e4dce1a65f5a2b,"{""attack"": {""attack_off"": true, ""hook_replacements"": {}, ""overrides"": {""attack"": {""enable_mip_attack"": false, ""input_split_check_adv"": {""enabled"": ""false""}, ""pgd_order"": ""skip""}, ""bab"": {""attack"": {""enabled"": false}, ""branching"": {""input_split"": {""update_rhs_with_attack"": false}}}}}, ""biccos_applicable"": true, ""biccos_effective"": false, ""derived_path"": ""scratch/rq1_2026_tmp/baselines/abcrown/cora_2024/00139_a525f8620d9677ea7cae_ps98r_49/config.yaml"", ""deviations"": [""attack-off (user decision D20): all attack/falsification stages disabled, see config.attack.overrides"", ""float32: general.double_fp=false; solver.use_float64_in_last_iteration=false; stable_f32 interpreter""], ""mapping"": ""exact"", ""notes"": [], ""official"": ""exp_configs/vnncomp25/cora.yaml"", ""official_biccos"": false, ""official_pgd_order"": ""before"", ""variant"": ""official""}","[""attack-off (user decision D20): all attack/falsification stages disabled, see config.attack.overrides"", ""float32: general.double_fp=false; solver.use_float64_in_last_iteration=false; stable_f32 interpreter""]",,,90.0,9484.0,official_attack_off_f32,"[""abcrown"",""data/vnncomp2026/cora_2024/1.0/onnx/cifar10-trades.onnx"",""data/vnncomp2026/cora_2024/1.0/vnnlib/cifar10-img183.vnnlib"",30.0,""official_attack_off_f32""]",
cora_2024,140,cifar10-set.onnx,cifar10-img183.vnnlib,timeout,35.28175234794617,TIMEOUT,0,30.0,35.28175234794617,39.89,4.273,44.29417334124446,1,0,,,not a FALSIFIED row,0,scratch/logs/fse2026/abcrown/cora_2024/00140_5fc36578282d4693c38b_9f9e2tu_.log,6b8bbcfac1c01da1cabd240a87e4dce1a65f5a2b,"{""attack"": {""attack_off"": true, ""hook_replacements"": {}, ""overrides"": {""attack"": {""enable_mip_attack"": false, ""input_split_check_adv"": {""enabled"": ""false""}, ""pgd_order"": ""skip""}, ""bab"": {""attack"": {""enabled"": false}, ""branching"": {""input_split"": {""update_rhs_with_attack"": false}}}}}, ""biccos_applicable"": true, ""biccos_effective"": false, ""derived_path"": ""scratch/rq1_2026_tmp/baselines/abcrown/cora_2024/00140_5fc36578282d4693c38b_9f9e2tu_/config.yaml"", ""deviations"": [""attack-off (user decision D20): all attack/falsification stages disabled, see config.attack.overrides"", ""float32: general.double_fp=false; solver.use_float64_in_last_iteration=false; stable_f32 interpreter""], ""mapping"": ""exact"", ""notes"": [], ""official"": ""exp_configs/vnncomp25/cora.yaml"", ""official_biccos"": false, ""official_pgd_order"": ""before"", ""variant"": ""official""}","[""attack-off (user decision D20): all attack/falsification stages disabled, see config.attack.overrides"", ""float32: general.double_fp=false; solver.use_float64_in_last_iteration=false; stable_f32 interpreter""]",,,0.0,34.0,official_attack_off_f32,"[""abcrown"",""data/vnncomp2026/cora_2024/1.0/onnx/cifar10-set.onnx"",""data/vnncomp2026/cora_2024/1.0/vnnlib/cifar10-img183.vnnlib"",30.0,""official_attack_off_f32""]",
cora_2024,141,cifar10-point.onnx,cifar10-img197.vnnlib,timeout,30.967018842697144,TIMEOUT,0,30.0,30.967018842697144,35.331,4.722,40.17256805859506,1,0,,,not a FALSIFIED row,0,scratch/logs/fse2026/abcrown/cora_2024/00141_0e92f1d8edfec72d6ea4_ge8fsb2n.log,6b8bbcfac1c01da1cabd240a87e4dce1a65f5a2b,"{""attack"": {""attack_off"": true, ""hook_replacements"": {}, ""overrides"": {""attack"": {""enable_mip_attack"": false, ""input_split_check_adv"": {""enabled"": ""false""}, ""pgd_order"": ""skip""}, ""bab"": {""attack"": {""enabled"": false}, ""branching"": {""input_split"": {""update_rhs_with_attack"": false}}}}}, ""biccos_applicable"": true, ""biccos_effective"": false, ""derived_path"": ""scratch/rq1_2026_tmp/baselines/abcrown/cora_2024/00141_0e92f1d8edfec72d6ea4_ge8fsb2n/config.yaml"", ""deviations"": [""attack-off (user decision D20): all attack/falsification stages disabled, see config.attack.overrides"", ""float32: general.double_fp=false; solver.use_float64_in_last_iteration=false; stable_f32 interpreter""], ""mapping"": ""exact"", ""notes"": [], ""official"": ""exp_configs/vnncomp25/cora.yaml"", ""official_biccos"": false, ""official_pgd_order"": ""before"", ""variant"": ""official""}","[""attack-off (user decision D20): all attack/falsification stages disabled, see config.attack.overrides"", ""float32: general.double_fp=false; solver.use_float64_in_last_iteration=false; stable_f32 interpreter""]",,,2.0,624.0,official_attack_off_f32,"[""abcrown"",""data/vnncomp2026/cora_2024/1.0/onnx/cifar10-point.onnx"",""data/vnncomp2026/cora_2024/1.0/vnnlib/cifar10-img197.vnnlib"",30.0,""official_attack_off_f32""]",
cora_2024,142,cifar10-trades.onnx,cifar10-img197.vnnlib,timeout,32.26968955993652,TIMEOUT,0,30.0,32.26968955993652,36.532,4.171,40.82198735512793,1,0,,,not a FALSIFIED row,0,scratch/logs/fse2026/abcrown/cora_2024/00142_e25b462102e09b0c3549_crjk_0bj.log,6b8bbcfac1c01da1cabd240a87e4dce1a65f5a2b,"{""attack"": {""attack_off"": true, ""hook_replacements"": {}, ""overrides"": {""attack"": {""enable_mip_attack"": false, ""input_split_check_adv"": {""enabled"": ""false""}, ""pgd_order"": ""skip""}, ""bab"": {""attack"": {""enabled"": false}, ""branching"": {""input_split"": {""update_rhs_with_attack"": false}}}}}, ""biccos_applicable"": true, ""biccos_effective"": false, ""derived_path"": ""scratch/rq1_2026_tmp/baselines/abcrown/cora_2024/00142_e25b462102e09b0c3549_crjk_0bj/config.yaml"", ""deviations"": [""attack-off (user decision D20): all attack/falsification stages disabled, see config.attack.overrides"", ""float32: general.double_fp=false; solver.use_float64_in_last_iteration=false; stable_f32 interpreter""], ""mapping"": ""exact"", ""notes"": [], ""official"": ""exp_configs/vnncomp25/cora.yaml"", ""official_biccos"": false, ""official_pgd_order"": ""before"", ""variant"": ""official""}","[""attack-off (user decision D20): all attack/falsification stages disabled, see config.attack.overrides"", ""float32: general.double_fp=false; solver.use_float64_in_last_iteration=false; stable_f32 interpreter""]",,,38.0,4590.0,official_attack_off_f32,"[""abcrown"",""data/vnncomp2026/cora_2024/1.0/onnx/cifar10-trades.onnx"",""data/vnncomp2026/cora_2024/1.0/vnnlib/cifar10-img197.vnnlib"",30.0,""official_attack_off_f32""]",
cora_2024,143,cifar10-set.onnx,cifar10-img197.vnnlib,timeout,41.21388840675354,TIMEOUT,0,30.0,41.21388840675354,45.616,4.723,50.439088463783264,1,0,,,not a FALSIFIED row,0,scratch/logs/fse2026/abcrown/cora_2024/00143_deb753cf7d2d91ad0d92_zb1qg4aw.log,6b8bbcfac1c01da1cabd240a87e4dce1a65f5a2b,"{""attack"": {""attack_off"": true, ""hook_replacements"": {}, ""overrides"": {""attack"": {""enable_mip_attack"": false, ""input_split_check_adv"": {""enabled"": ""false""}, ""pgd_order"": ""skip""}, ""bab"": {""attack"": {""enabled"": false}, ""branching"": {""input_split"": {""update_rhs_with_attack"": false}}}}}, ""biccos_applicable"": true, ""biccos_effective"": false, ""derived_path"": ""scratch/rq1_2026_tmp/baselines/abcrown/cora_2024/00143_deb753cf7d2d91ad0d92_zb1qg4aw/config.yaml"", ""deviations"": [""attack-off (user decision D20): all attack/falsification stages disabled, see config.attack.overrides"", ""float32: general.double_fp=false; solver.use_float64_in_last_iteration=false; stable_f32 interpreter""], ""mapping"": ""exact"", ""notes"": [], ""official"": ""exp_configs/vnncomp25/cora.yaml"", ""official_biccos"": false, ""official_pgd_order"": ""before"", ""variant"": ""official""}","[""attack-off (user decision D20): all attack/falsification stages disabled, see config.attack.overrides"", ""float32: general.double_fp=false; solver.use_float64_in_last_iteration=false; stable_f32 interpreter""]",,,0.0,37.0,official_attack_off_f32,"[""abcrown"",""data/vnncomp2026/cora_2024/1.0/onnx/cifar10-set.onnx"",""data/vnncomp2026/cora_2024/1.0/vnnlib/cifar10-img197.vnnlib"",30.0,""official_attack_off_f32""]",
cora_2024,144,cifar10-point.onnx,cifar10-img215.vnnlib,timeout,41.5220148563385,TIMEOUT,0,30.0,41.5220148563385,45.996,4.521,50.63721241988242,1,0,,,not a FALSIFIED row,0,scratch/logs/fse2026/abcrown/cora_2024/00144_43c96132d97bf8410a50_bhr_cfj9.log,6b8bbcfac1c01da1cabd240a87e4dce1a65f5a2b,"{""attack"": {""attack_off"": true, ""hook_replacements"": {}, ""overrides"": {""attack"": {""enable_mip_attack"": false, ""input_split_check_adv"": {""enabled"": ""false""}, ""pgd_order"": ""skip""}, ""bab"": {""attack"": {""enabled"": false}, ""branching"": {""input_split"": {""update_rhs_with_attack"": false}}}}}, ""biccos_applicable"": true, ""biccos_effective"": false, ""derived_path"": ""scratch/rq1_2026_tmp/baselines/abcrown/cora_2024/00144_43c96132d97bf8410a50_bhr_cfj9/config.yaml"", ""deviations"": [""attack-off (user decision D20): all attack/falsification stages disabled, see config.attack.overrides"", ""float32: general.double_fp=false; solver.use_float64_in_last_iteration=false; stable_f32 interpreter""], ""mapping"": ""exact"", ""notes"": [], ""official"": ""exp_configs/vnncomp25/cora.yaml"", ""official_biccos"": false, ""official_pgd_order"": ""before"", ""variant"": ""official""}","[""attack-off (user decision D20): all attack/falsification stages disabled, see config.attack.overrides"", ""float32: general.double_fp=false; solver.use_float64_in_last_iteration=false; stable_f32 interpreter""]",,,94.0,28766.0,official_attack_off_f32,"[""abcrown"",""data/vnncomp2026/cora_2024/1.0/onnx/cifar10-point.onnx"",""data/vnncomp2026/cora_2024/1.0/vnnlib/cifar10-img215.vnnlib"",30.0,""official_attack_off_f32""]",
cora_2024,145,cifar10-trades.onnx,cifar10-img215.vnnlib,timeout,47.31615614891052,TIMEOUT,0,30.0,47.31615614891052,51.811,4.121,56.05123596265912,1,0,,,not a FALSIFIED row,0,scratch/logs/fse2026/abcrown/cora_2024/00145_013b9684297d076fb431_z13p4fyu.log,6b8bbcfac1c01da1cabd240a87e4dce1a65f5a2b,"{""attack"": {""attack_off"": true, ""hook_replacements"": {}, ""overrides"": {""attack"": {""enable_mip_attack"": false, ""input_split_check_adv"": {""enabled"": ""false""}, ""pgd_order"": ""skip""}, ""bab"": {""attack"": {""enabled"": false}, ""branching"": {""input_split"": {""update_rhs_with_attack"": false}}}}}, ""biccos_applicable"": true, ""biccos_effective"": false, ""derived_path"": ""scratch/rq1_2026_tmp/baselines/abcrown/cora_2024/00145_013b9684297d076fb431_z13p4fyu/config.yaml"", ""deviations"": [""attack-off (user decision D20): all attack/falsification stages disabled, see config.attack.overrides"", ""float32: general.double_fp=false; solver.use_float64_in_last_iteration=false; stable_f32 interpreter""], ""mapping"": ""exact"", ""notes"": [], ""official"": ""exp_configs/vnncomp25/cora.yaml"", ""official_biccos"": false, ""official_pgd_order"": ""before"", ""variant"": ""official""}","[""attack-off (user decision D20): all attack/falsification stages disabled, see config.attack.overrides"", ""float32: general.double_fp=false; solver.use_float64_in_last_iteration=false; stable_f32 interpreter""]",,,45.0,28766.0,official_attack_off_f32,"[""abcrown"",""data/vnncomp2026/cora_2024/1.0/onnx/cifar10-trades.onnx"",""data/vnncomp2026/cora_2024/1.0/vnnlib/cifar10-img215.vnnlib"",30.0,""official_attack_off_f32""]",
cora_2024,146,cifar10-set.onnx,cifar10-img215.vnnlib,timeout,33.33166813850403,TIMEOUT,0,30.0,33.33166813850403,37.785,4.722,42.627893725410104,1,0,,,not a FALSIFIED row,0,scratch/logs/fse2026/abcrown/cora_2024/00146_f884bf2ef0842f37d6b3_9q2_kh0b.log,6b8bbcfac1c01da1cabd240a87e4dce1a65f5a2b,"{""attack"": {""attack_off"": true, ""hook_replacements"": {}, ""overrides"": {""attack"": {""enable_mip_attack"": false, ""input_split_check_adv"": {""enabled"": ""false""}, ""pgd_order"": ""skip""}, ""bab"": {""attack"": {""enabled"": false}, ""branching"": {""input_split"": {""update_rhs_with_attack"": false}}}}}, ""biccos_applicable"": true, ""biccos_effective"": false, ""derived_path"": ""scratch/rq1_2026_tmp/baselines/abcrown/cora_2024/00146_f884bf2ef0842f37d6b3_9q2_kh0b/config.yaml"", ""deviations"": [""attack-off (user decision D20): all attack/falsification stages disabled, see config.attack.overrides"", ""float32: general.double_fp=false; solver.use_float64_in_last_iteration=false; stable_f32 interpreter""], ""mapping"": ""exact"", ""notes"": [], ""official"": ""exp_configs/vnncomp25/cora.yaml"", ""official_biccos"": false, ""official_pgd_order"": ""before"", ""variant"": ""official""}","[""attack-off (user decision D20): all attack/falsification stages disabled, see config.attack.overrides"", ""float32: general.double_fp=false; solver.use_float64_in_last_iteration=false; stable_f32 interpreter""]",,,95.0,11294.0,official_attack_off_f32,"[""abcrown"",""data/vnncomp2026/cora_2024/1.0/onnx/cifar10-set.onnx"",""data/vnncomp2026/cora_2024/1.0/vnnlib/cifar10-img215.vnnlib"",30.0,""official_attack_off_f32""]",
cora_2024,147,cifar10-point.onnx,cifar10-img266.vnnlib,timeout,30.955456495285034,TIMEOUT,0,30.0,30.955456495285034,35.429,4.221,39.770376555621624,1,0,,,not a FALSIFIED row,0,scratch/logs/fse2026/abcrown/cora_2024/00147_0d9c4a87ceca694d448e_38e1zcp6.log,6b8bbcfac1c01da1cabd240a87e4dce1a65f5a2b,"{""attack"": {""attack_off"": true, ""hook_replacements"": {}, ""overrides"": {""attack"": {""enable_mip_attack"": false, ""input_split_check_adv"": {""enabled"": ""false""}, ""pgd_order"": ""skip""}, ""bab"": {""attack"": {""enabled"": false}, ""branching"": {""input_split"": {""update_rhs_with_attack"": false}}}}}, ""biccos_applicable"": true, ""biccos_effective"": false, ""derived_path"": ""scratch/rq1_2026_tmp/baselines/abcrown/cora_2024/00147_0d9c4a87ceca694d448e_38e1zcp6/config.yaml"", ""deviations"": [""attack-off (user decision D20): all attack/falsification stages disabled, see config.attack.overrides"", ""float32: general.double_fp=false; solver.use_float64_in_last_iteration=false; stable_f32 interpreter""], ""mapping"": ""exact"", ""notes"": [], ""official"": ""exp_configs/vnncomp25/cora.yaml"", ""official_biccos"": false, ""official_pgd_order"": ""before"", ""variant"": ""official""}","[""attack-off (user decision D20): all attack/falsification stages disabled, see config.attack.overrides"", ""float32: general.double_fp=false; solver.use_float64_in_last_iteration=false; stable_f32 interpreter""]",,,0.0,37.0,official_attack_off_f32,"[""abcrown"",""data/vnncomp2026/cora_2024/1.0/onnx/cifar10-point.onnx"",""data/vnncomp2026/cora_2024/1.0/vnnlib/cifar10-img266.vnnlib"",30.0,""official_attack_off_f32""]",
cora_2024,148,cifar10-trades.onnx,cifar10-img266.vnnlib,timeout,37.233874797821045,TIMEOUT,0,30.0,37.233874797821045,41.292,4.723,46.10234524309635,1,0,,,not a FALSIFIED row,0,scratch/logs/fse2026/abcrown/cora_2024/00148_24028ca8ac464eb0f9ba_38h7n0bo.log,6b8bbcfac1c01da1cabd240a87e4dce1a65f5a2b,"{""attack"": {""attack_off"": true, ""hook_replacements"": {}, ""overrides"": {""attack"": {""enable_mip_attack"": false, ""input_split_check_adv"": {""enabled"": ""false""}, ""pgd_order"": ""skip""}, ""bab"": {""attack"": {""enabled"": false}, ""branching"": {""input_split"": {""update_rhs_with_attack"": false}}}}}, ""biccos_applicable"": true, ""biccos_effective"": false, ""derived_path"": ""scratch/rq1_2026_tmp/baselines/abcrown/cora_2024/00148_24028ca8ac464eb0f9ba_38h7n0bo/config.yaml"", ""deviations"": [""attack-off (user decision D20): all attack/falsification stages disabled, see config.attack.overrides"", ""float32: general.double_fp=false; solver.use_float64_in_last_iteration=false; stable_f32 interpreter""], ""mapping"": ""exact"", ""notes"": [], ""official"": ""exp_configs/vnncomp25/cora.yaml"", ""official_biccos"": false, ""official_pgd_order"": ""before"", ""variant"": ""official""}","[""attack-off (user decision D20): all attack/falsification stages disabled, see config.attack.overrides"", ""float32: general.double_fp=false; solver.use_float64_in_last_iteration=false; stable_f32 interpreter""]",,,60.0,3444.0,official_attack_off_f32,"[""abcrown"",""data/vnncomp2026/cora_2024/1.0/onnx/cifar10-trades.onnx"",""data/vnncomp2026/cora_2024/1.0/vnnlib/cifar10-img266.vnnlib"",30.0,""official_attack_off_f32""]",
cora_2024,149,cifar10-set.onnx,cifar10-img266.vnnlib,timeout,33.82075381278992,TIMEOUT,0,30.0,33.82075381278992,38.037,4.321,42.49072556197643,1,0,,,not a FALSIFIED row,0,scratch/logs/fse2026/abcrown/cora_2024/00149_974c214efbaca3c6a674_o3d11dti.log,6b8bbcfac1c01da1cabd240a87e4dce1a65f5a2b,"{""attack"": {""attack_off"": true, ""hook_replacements"": {}, ""overrides"": {""attack"": {""enable_mip_attack"": false, ""input_split_check_adv"": {""enabled"": ""false""}, ""pgd_order"": ""skip""}, ""bab"": {""attack"": {""enabled"": false}, ""branching"": {""input_split"": {""update_rhs_with_attack"": false}}}}}, ""biccos_applicable"": true, ""biccos_effective"": false, ""derived_path"": ""scratch/rq1_2026_tmp/baselines/abcrown/cora_2024/00149_974c214efbaca3c6a674_o3d11dti/config.yaml"", ""deviations"": [""attack-off (user decision D20): all attack/falsification stages disabled, see config.attack.overrides"", ""float32: general.double_fp=false; solver.use_float64_in_last_iteration=false; stable_f32 interpreter""], ""mapping"": ""exact"", ""notes"": [], ""official"": ""exp_configs/vnncomp25/cora.yaml"", ""official_biccos"": false, ""official_pgd_order"": ""before"", ""variant"": ""official""}","[""attack-off (user decision D20): all attack/falsification stages disabled, see config.attack.overrides"", ""float32: general.double_fp=false; solver.use_float64_in_last_iteration=false; stable_f32 interpreter""]",,,97.0,17346.0,official_attack_off_f32,"[""abcrown"",""data/vnncomp2026/cora_2024/1.0/onnx/cifar10-set.onnx"",""data/vnncomp2026/cora_2024/1.0/vnnlib/cifar10-img266.vnnlib"",30.0,""official_attack_off_f32""]",
cora_2024,150,cifar10-point.onnx,cifar10-img306.vnnlib,timeout,39.28207230567932,TIMEOUT,0,30.0,39.28207230567932,43.647,4.171,47.93413534015417,1,0,,,not a FALSIFIED row,0,scratch/logs/fse2026/abcrown/cora_2024/00150_d540ff0d260678cab304_iphnvpi7.log,6b8bbcfac1c01da1cabd240a87e4dce1a65f5a2b,"{""attack"": {""attack_off"": true, ""hook_replacements"": {}, ""overrides"": {""attack"": {""enable_mip_attack"": false, ""input_split_check_adv"": {""enabled"": ""false""}, ""pgd_order"": ""skip""}, ""bab"": {""attack"": {""enabled"": false}, ""branching"": {""input_split"": {""update_rhs_with_attack"": false}}}}}, ""biccos_applicable"": true, ""biccos_effective"": false, ""derived_path"": ""scratch/rq1_2026_tmp/baselines/abcrown/cora_2024/00150_d540ff0d260678cab304_iphnvpi7/config.yaml"", ""deviations"": [""attack-off (user decision D20): all attack/falsification stages disabled, see config.attack.overrides"", ""float32: general.double_fp=false; solver.use_float64_in_last_iteration=false; stable_f32 interpreter""], ""mapping"": ""exact"", ""notes"": [], ""official"": ""exp_configs/vnncomp25/cora.yaml"", ""official_biccos"": false, ""official_pgd_order"": ""before"", ""variant"": ""official""}","[""attack-off (user decision D20): all attack/falsification stages disabled, see config.attack.overrides"", ""float32: general.double_fp=false; solver.use_float64_in_last_iteration=false; stable_f32 interpreter""]",,,46.0,4054.0,official_attack_off_f32,"[""abcrown"",""data/vnncomp2026/cora_2024/1.0/onnx/cifar10-point.onnx"",""data/vnncomp2026/cora_2024/1.0/vnnlib/cifar10-img306.vnnlib"",30.0,""official_attack_off_f32""]",
cora_2024,151,cifar10-trades.onnx,cifar10-img306.vnnlib,timeout,32.63827061653137,TIMEOUT,0,30.0,32.63827061653137,37.393,4.922,42.435103038325906,1,0,,,not a FALSIFIED row,0,scratch/logs/fse2026/abcrown/cora_2024/00151_15d2846bc9ac847f39ec_4bhvhkj4.log,6b8bbcfac1c01da1cabd240a87e4dce1a65f5a2b,"{""attack"": {""attack_off"": true, ""hook_replacements"": {}, ""overrides"": {""attack"": {""enable_mip_attack"": false, ""input_split_check_adv"": {""enabled"": ""false""}, ""pgd_order"": ""skip""}, ""bab"": {""attack"": {""enabled"": false}, ""branching"": {""input_split"": {""update_rhs_with_attack"": false}}}}}, ""biccos_applicable"": true, ""biccos_effective"": false, ""derived_path"": ""scratch/rq1_2026_tmp/baselines/abcrown/cora_2024/00151_15d2846bc9ac847f39ec_4bhvhkj4/config.yaml"", ""deviations"": [""attack-off (user decision D20): all attack/falsification stages disabled, see config.attack.overrides"", ""float32: general.double_fp=false; solver.use_float64_in_last_iteration=false; stable_f32 interpreter""], ""mapping"": ""exact"", ""notes"": [], ""official"": ""exp_configs/vnncomp25/cora.yaml"", ""official_biccos"": false, ""official_pgd_order"": ""before"", ""variant"": ""official""}","[""attack-off (user decision D20): all attack/falsification stages disabled, see config.attack.overrides"", ""float32: general.double_fp=false; solver.use_float64_in_last_iteration=false; stable_f32 interpreter""]",,,69.0,19094.0,official_attack_off_f32,"[""abcrown"",""data/vnncomp2026/cora_2024/1.0/onnx/cifar10-trades.onnx"",""data/vnncomp2026/cora_2024/1.0/vnnlib/cifar10-img306.vnnlib"",30.0,""official_attack_off_f32""]",
cora_2024,152,cifar10-set.onnx,cifar10-img306.vnnlib,unsat,1.6482877731323242,CERTIFIED,1,30.0,1.6482877731323242,5.773,4.281,10.172681506723166,0,0,,,not a FALSIFIED row,0,scratch/logs/fse2026/abcrown/cora_2024/00152_18f31fd674371e703e34_e5c2fhb1.log,6b8bbcfac1c01da1cabd240a87e4dce1a65f5a2b,"{""attack"": {""attack_off"": true, ""hook_replacements"": {}, ""overrides"": {""attack"": {""enable_mip_attack"": false, ""input_split_check_adv"": {""enabled"": ""false""}, ""pgd_order"": ""skip""}, ""bab"": {""attack"": {""enabled"": false}, ""branching"": {""input_split"": {""update_rhs_with_attack"": false}}}}}, ""biccos_applicable"": true, ""biccos_effective"": false, ""derived_path"": ""scratch/rq1_2026_tmp/baselines/abcrown/cora_2024/00152_18f31fd674371e703e34_e5c2fhb1/config.yaml"", ""deviations"": [""attack-off (user decision D20): all attack/falsification stages disabled, see config.attack.overrides"", ""float32: general.double_fp=false; solver.use_float64_in_last_iteration=false; stable_f32 interpreter""], ""mapping"": ""exact"", ""notes"": [], ""official"": ""exp_configs/vnncomp25/cora.yaml"", ""official_biccos"": false, ""official_pgd_order"": ""before"", ""variant"": ""official""}","[""attack-off (user decision D20): all attack/falsification stages disabled, see config.attack.overrides"", ""float32: general.double_fp=false; solver.use_float64_in_last_iteration=false; stable_f32 interpreter""]",,,0.0,37.0,official_attack_off_f32,"[""abcrown"",""data/vnncomp2026/cora_2024/1.0/onnx/cifar10-set.onnx"",""data/vnncomp2026/cora_2024/1.0/vnnlib/cifar10-img306.vnnlib"",30.0,""official_attack_off_f32""]",
cora_2024,153,cifar10-point.onnx,cifar10-img314.vnnlib,timeout,53.20580530166626,TIMEOUT,0,30.0,53.20580530166626,57.752,4.271,62.137121483683586,1,0,,,not a FALSIFIED row,0,scratch/logs/fse2026/abcrown/cora_2024/00153_61d0597522509eb205fb_nya7tz8x.log,6b8bbcfac1c01da1cabd240a87e4dce1a65f5a2b,"{""attack"": {""attack_off"": true, ""hook_replacements"": {}, ""overrides"": {""attack"": {""enable_mip_attack"": false, ""input_split_check_adv"": {""enabled"": ""false""}, ""pgd_order"": ""skip""}, ""bab"": {""attack"": {""enabled"": false}, ""branching"": {""input_split"": {""update_rhs_with_attack"": false}}}}}, ""biccos_applicable"": true, ""biccos_effective"": false, ""derived_path"": ""scratch/rq1_2026_tmp/baselines/abcrown/cora_2024/00153_61d0597522509eb205fb_nya7tz8x/config.yaml"", ""deviations"": [""attack-off (user decision D20): all attack/falsification stages disabled, see config.attack.overrides"", ""float32: general.double_fp=false; solver.use_float64_in_last_iteration=false; stable_f32 interpreter""], ""mapping"": ""exact"", ""notes"": [], ""official"": ""exp_configs/vnncomp25/cora.yaml"", ""official_biccos"": false, ""official_pgd_order"": ""before"", ""variant"": ""official""}","[""attack-off (user decision D20): all attack/falsification stages disabled, see config.attack.overrides"", ""float32: general.double_fp=false; solver.use_float64_in_last_iteration=false; stable_f32 interpreter""]",,,83.0,3764.0,official_attack_off_f32,"[""abcrown"",""data/vnncomp2026/cora_2024/1.0/onnx/cifar10-point.onnx"",""data/vnncomp2026/cora_2024/1.0/vnnlib/cifar10-img314.vnnlib"",30.0,""official_attack_off_f32""]",
cora_2024,154,cifar10-trades.onnx,cifar10-img314.vnnlib,timeout,41.55717062950134,TIMEOUT,0,30.0,41.55717062950134,46.057,4.672,50.86886462941766,1,0,,,not a FALSIFIED row,0,scratch/logs/fse2026/abcrown/cora_2024/00154_06d1e5fc83b7d83ae3e6_drduuyyt.log,6b8bbcfac1c01da1cabd240a87e4dce1a65f5a2b,"{""attack"": {""attack_off"": true, ""hook_replacements"": {}, ""overrides"": {""attack"": {""enable_mip_attack"": false, ""input_split_check_adv"": {""enabled"": ""false""}, ""pgd_order"": ""skip""}, ""bab"": {""attack"": {""enabled"": false}, ""branching"": {""input_split"": {""update_rhs_with_attack"": false}}}}}, ""biccos_applicable"": true, ""biccos_effective"": false, ""derived_path"": ""scratch/rq1_2026_tmp/baselines/abcrown/cora_2024/00154_06d1e5fc83b7d83ae3e6_drduuyyt/config.yaml"", ""deviations"": [""attack-off (user decision D20): all attack/falsification stages disabled, see config.attack.overrides"", ""float32: general.double_fp=false; solver.use_float64_in_last_iteration=false; stable_f32 interpreter""], ""mapping"": ""exact"", ""notes"": [], ""official"": ""exp_configs/vnncomp25/cora.yaml"", ""official_biccos"": false, ""official_pgd_order"": ""before"", ""variant"": ""official""}","[""attack-off (user decision D20): all attack/falsification stages disabled, see config.attack.overrides"", ""float32: general.double_fp=false; solver.use_float64_in_last_iteration=false; stable_f32 interpreter""]",,,36.0,5930.0,official_attack_off_f32,"[""abcrown"",""data/vnncomp2026/cora_2024/1.0/onnx/cifar10-trades.onnx"",""data/vnncomp2026/cora_2024/1.0/vnnlib/cifar10-img314.vnnlib"",30.0,""official_attack_off_f32""]",
cora_2024,155,cifar10-set.onnx,cifar10-img314.vnnlib,timeout,34.40689539909363,TIMEOUT,0,30.0,34.40689539909363,38.643,4.321,43.07716704905033,1,0,,,not a FALSIFIED row,0,scratch/logs/fse2026/abcrown/cora_2024/00155_cecac652b5900cfd9470_1wp3jtgu.log,6b8bbcfac1c01da1cabd240a87e4dce1a65f5a2b,"{""attack"": {""attack_off"": true, ""hook_replacements"": {}, ""overrides"": {""attack"": {""enable_mip_attack"": false, ""input_split_check_adv"": {""enabled"": ""false""}, ""pgd_order"": ""skip""}, ""bab"": {""attack"": {""enabled"": false}, ""branching"": {""input_split"": {""update_rhs_with_attack"": false}}}}}, ""biccos_applicable"": true, ""biccos_effective"": false, ""derived_path"": ""scratch/rq1_2026_tmp/baselines/abcrown/cora_2024/00155_cecac652b5900cfd9470_1wp3jtgu/config.yaml"", ""deviations"": [""attack-off (user decision D20): all attack/falsification stages disabled, see config.attack.overrides"", ""float32: general.double_fp=false; solver.use_float64_in_last_iteration=false; stable_f32 interpreter""], ""mapping"": ""exact"", ""notes"": [], ""official"": ""exp_configs/vnncomp25/cora.yaml"", ""official_biccos"": false, ""official_pgd_order"": ""before"", ""variant"": ""official""}","[""attack-off (user decision D20): all attack/falsification stages disabled, see config.attack.overrides"", ""float32: general.double_fp=false; solver.use_float64_in_last_iteration=false; stable_f32 interpreter""]",,,86.0,9650.0,official_attack_off_f32,"[""abcrown"",""data/vnncomp2026/cora_2024/1.0/onnx/cifar10-set.onnx"",""data/vnncomp2026/cora_2024/1.0/vnnlib/cifar10-img314.vnnlib"",30.0,""official_attack_off_f32""]",
cora_2024,156,cifar10-point.onnx,cifar10-img316.vnnlib,timeout,35.26250076293945,TIMEOUT,0,30.0,35.26250076293945,39.84,4.922,44.87821100093424,1,0,,,not a FALSIFIED row,0,scratch/logs/fse2026/abcrown/cora_2024/00156_d5852b4a12b766fa870d_e9dwdo7s.log,6b8bbcfac1c01da1cabd240a87e4dce1a65f5a2b,"{""attack"": {""attack_off"": true, ""hook_replacements"": {}, ""overrides"": {""attack"": {""enable_mip_attack"": false, ""input_split_check_adv"": {""enabled"": ""false""}, ""pgd_order"": ""skip""}, ""bab"": {""attack"": {""enabled"": false}, ""branching"": {""input_split"": {""update_rhs_with_attack"": false}}}}}, ""biccos_applicable"": true, ""biccos_effective"": false, ""derived_path"": ""scratch/rq1_2026_tmp/baselines/abcrown/cora_2024/00156_d5852b4a12b766fa870d_e9dwdo7s/config.yaml"", ""deviations"": [""attack-off (user decision D20): all attack/falsification stages disabled, see config.attack.overrides"", ""float32: general.double_fp=false; solver.use_float64_in_last_iteration=false; stable_f32 interpreter""], ""mapping"": ""exact"", ""notes"": [], ""official"": ""exp_configs/vnncomp25/cora.yaml"", ""official_biccos"": false, ""official_pgd_order"": ""before"", ""variant"": ""official""}","[""attack-off (user decision D20): all attack/falsification stages disabled, see config.attack.overrides"", ""float32: general.double_fp=false; solver.use_float64_in_last_iteration=false; stable_f32 interpreter""]",,,0.0,37.0,official_attack_off_f32,"[""abcrown"",""data/vnncomp2026/cora_2024/1.0/onnx/cifar10-point.onnx"",""data/vnncomp2026/cora_2024/1.0/vnnlib/cifar10-img316.vnnlib"",30.0,""official_attack_off_f32""]",
cora_2024,157,cifar10-trades.onnx,cifar10-img316.vnnlib,timeout,39.038506269454956,TIMEOUT,0,30.0,39.038506269454956,43.562,4.772,48.44896600022912,1,0,,,not a FALSIFIED row,0,scratch/logs/fse2026/abcrown/cora_2024/00157_f8afd59769d2833229e6_zvygcivn.log,6b8bbcfac1c01da1cabd240a87e4dce1a65f5a2b,"{""attack"": {""attack_off"": true, ""hook_replacements"": {}, ""overrides"": {""attack"": {""enable_mip_attack"": false, ""input_split_check_adv"": {""enabled"": ""false""}, ""pgd_order"": ""skip""}, ""bab"": {""attack"": {""enabled"": false}, ""branching"": {""input_split"": {""update_rhs_with_attack"": false}}}}}, ""biccos_applicable"": true, ""biccos_effective"": false, ""derived_path"": ""scratch/rq1_2026_tmp/baselines/abcrown/cora_2024/00157_f8afd59769d2833229e6_zvygcivn/config.yaml"", ""deviations"": [""attack-off (user decision D20): all attack/falsification stages disabled, see config.attack.overrides"", ""float32: general.double_fp=false; solver.use_float64_in_last_iteration=false; stable_f32 interpreter""], ""mapping"": ""exact"", ""notes"": [], ""official"": ""exp_configs/vnncomp25/cora.yaml"", ""official_biccos"": false, ""official_pgd_order"": ""before"", ""variant"": ""official""}","[""attack-off (user decision D20): all attack/falsification stages disabled, see config.attack.overrides"", ""float32: general.double_fp=false; solver.use_float64_in_last_iteration=false; stable_f32 interpreter""]",,,85.0,7786.0,official_attack_off_f32,"[""abcrown"",""data/vnncomp2026/cora_2024/1.0/onnx/cifar10-trades.onnx"",""data/vnncomp2026/cora_2024/1.0/vnnlib/cifar10-img316.vnnlib"",30.0,""official_attack_off_f32""]",
cora_2024,158,cifar10-set.onnx,cifar10-img316.vnnlib,unsat,0.32065892219543457,CERTIFIED,1,30.0,0.32065892219543457,4.973,4.822,9.916805384680629,0,0,,,not a FALSIFIED row,0,scratch/logs/fse2026/abcrown/cora_2024/00158_cf7f7180d7757dcb9cb2_4wf_jx4l.log,6b8bbcfac1c01da1cabd240a87e4dce1a65f5a2b,"{""attack"": {""attack_off"": true, ""hook_replacements"": {}, ""overrides"": {""attack"": {""enable_mip_attack"": false, ""input_split_check_adv"": {""enabled"": ""false""}, ""pgd_order"": ""skip""}, ""bab"": {""attack"": {""enabled"": false}, ""branching"": {""input_split"": {""update_rhs_with_attack"": false}}}}}, ""biccos_applicable"": true, ""biccos_effective"": false, ""derived_path"": ""scratch/rq1_2026_tmp/baselines/abcrown/cora_2024/00158_cf7f7180d7757dcb9cb2_4wf_jx4l/config.yaml"", ""deviations"": [""attack-off (user decision D20): all attack/falsification stages disabled, see config.attack.overrides"", ""float32: general.double_fp=false; solver.use_float64_in_last_iteration=false; stable_f32 interpreter""], ""mapping"": ""exact"", ""notes"": [], ""official"": ""exp_configs/vnncomp25/cora.yaml"", ""official_biccos"": false, ""official_pgd_order"": ""before"", ""variant"": ""official""}","[""attack-off (user decision D20): all attack/falsification stages disabled, see config.attack.overrides"", ""float32: general.double_fp=false; solver.use_float64_in_last_iteration=false; stable_f32 interpreter""]",,,97.0,20186.0,official_attack_off_f32,"[""abcrown"",""data/vnncomp2026/cora_2024/1.0/onnx/cifar10-set.onnx"",""data/vnncomp2026/cora_2024/1.0/vnnlib/cifar10-img316.vnnlib"",30.0,""official_attack_off_f32""]",
cora_2024,159,cifar10-point.onnx,cifar10-img320.vnnlib,timeout,37.026540756225586,TIMEOUT,0,30.0,37.026540756225586,41.54,4.471,46.13229631073773,1,0,,,not a FALSIFIED row,0,scratch/logs/fse2026/abcrown/cora_2024/00159_78ff55a54deeec19bab1_yb07dbve.log,6b8bbcfac1c01da1cabd240a87e4dce1a65f5a2b,"{""attack"": {""attack_off"": true, ""hook_replacements"": {}, ""overrides"": {""attack"": {""enable_mip_attack"": false, ""input_split_check_adv"": {""enabled"": ""false""}, ""pgd_order"": ""skip""}, ""bab"": {""attack"": {""enabled"": false}, ""branching"": {""input_split"": {""update_rhs_with_attack"": false}}}}}, ""biccos_applicable"": true, ""biccos_effective"": false, ""derived_path"": ""scratch/rq1_2026_tmp/baselines/abcrown/cora_2024/00159_78ff55a54deeec19bab1_yb07dbve/config.yaml"", ""deviations"": [""attack-off (user decision D20): all attack/falsification stages disabled, see config.attack.overrides"", ""float32: general.double_fp=false; solver.use_float64_in_last_iteration=false; stable_f32 interpreter""], ""mapping"": ""exact"", ""notes"": [], ""official"": ""exp_configs/vnncomp25/cora.yaml"", ""official_biccos"": false, ""official_pgd_order"": ""before"", ""variant"": ""official""}","[""attack-off (user decision D20): all attack/falsification stages disabled, see config.attack.overrides"", ""float32: general.double_fp=false; solver.use_float64_in_last_iteration=false; stable_f32 interpreter""]",,,0.0,34.0,official_attack_off_f32,"[""abcrown"",""data/vnncomp2026/cora_2024/1.0/onnx/cifar10-point.onnx"",""data/vnncomp2026/cora_2024/1.0/vnnlib/cifar10-img320.vnnlib"",30.0,""official_attack_off_f32""]",
cora_2024,160,cifar10-trades.onnx,cifar10-img320.vnnlib,timeout,44.52882361412048,TIMEOUT,0,30.0,44.52882361412048,49.218,4.622,53.95345846936107,1,0,,,not a FALSIFIED row,0,scratch/logs/fse2026/abcrown/cora_2024/00160_04c3c2db99f799fc4aee_ekmeqxpk.log,6b8bbcfac1c01da1cabd240a87e4dce1a65f5a2b,"{""attack"": {""attack_off"": true, ""hook_replacements"": {}, ""overrides"": {""attack"": {""enable_mip_attack"": false, ""input_split_check_adv"": {""enabled"": ""false""}, ""pgd_order"": ""skip""}, ""bab"": {""attack"": {""enabled"": false}, ""branching"": {""input_split"": {""update_rhs_with_attack"": false}}}}}, ""biccos_applicable"": true, ""biccos_effective"": false, ""derived_path"": ""scratch/rq1_2026_tmp/baselines/abcrown/cora_2024/00160_04c3c2db99f799fc4aee_ekmeqxpk/config.yaml"", ""deviations"": [""attack-off (user decision D20): all attack/falsification stages disabled, see config.attack.overrides"", ""float32: general.double_fp=false; solver.use_float64_in_last_iteration=false; stable_f32 interpreter""], ""mapping"": ""exact"", ""notes"": [], ""official"": ""exp_configs/vnncomp25/cora.yaml"", ""official_biccos"": false, ""official_pgd_order"": ""before"", ""variant"": ""official""}","[""attack-off (user decision D20): all attack/falsification stages disabled, see config.attack.overrides"", ""float32: general.double_fp=false; solver.use_float64_in_last_iteration=false; stable_f32 interpreter""]",,,37.0,6556.0,official_attack_off_f32,"[""abcrown"",""data/vnncomp2026/cora_2024/1.0/onnx/cifar10-trades.onnx"",""data/vnncomp2026/cora_2024/1.0/vnnlib/cifar10-img320.vnnlib"",30.0,""official_attack_off_f32""]",
cora_2024,161,cifar10-set.onnx,cifar10-img320.vnnlib,timeout,36.600093364715576,TIMEOUT,0,30.0,36.600093364715576,41.017,4.723,45.8552534673363,1,0,,,not a FALSIFIED row,0,scratch/logs/fse2026/abcrown/cora_2024/00161_45dbf739719787d65db5_aq8wff40.log,6b8bbcfac1c01da1cabd240a87e4dce1a65f5a2b,"{""attack"": {""attack_off"": true, ""hook_replacements"": {}, ""overrides"": {""attack"": {""enable_mip_attack"": false, ""input_split_check_adv"": {""enabled"": ""false""}, ""pgd_order"": ""skip""}, ""bab"": {""attack"": {""enabled"": false}, ""branching"": {""input_split"": {""update_rhs_with_attack"": false}}}}}, ""biccos_applicable"": true, ""biccos_effective"": false, ""derived_path"": ""scratch/rq1_2026_tmp/baselines/abcrown/cora_2024/00161_45dbf739719787d65db5_aq8wff40/config.yaml"", ""deviations"": [""attack-off (user decision D20): all attack/falsification stages disabled, see config.attack.overrides"", ""float32: general.double_fp=false; solver.use_float64_in_last_iteration=false; stable_f32 interpreter""], ""mapping"": ""exact"", ""notes"": [], ""official"": ""exp_configs/vnncomp25/cora.yaml"", ""official_biccos"": false, ""official_pgd_order"": ""before"", ""variant"": ""official""}","[""attack-off (user decision D20): all attack/falsification stages disabled, see config.attack.overrides"", ""float32: general.double_fp=false; solver.use_float64_in_last_iteration=false; stable_f32 interpreter""]",,,96.0,14316.0,official_attack_off_f32,"[""abcrown"",""data/vnncomp2026/cora_2024/1.0/onnx/cifar10-set.onnx"",""data/vnncomp2026/cora_2024/1.0/vnnlib/cifar10-img320.vnnlib"",30.0,""official_attack_off_f32""]",
cora_2024,162,cifar10-point.onnx,cifar10-img321.vnnlib,timeout,41.705857276916504,TIMEOUT,0,30.0,41.705857276916504,46.738,4.672,51.52508368343115,1,0,,,not a FALSIFIED row,0,scratch/logs/fse2026/abcrown/cora_2024/00162_94680c1cbab54260fbe3_als750s8.log,6b8bbcfac1c01da1cabd240a87e4dce1a65f5a2b,"{""attack"": {""attack_off"": true, ""hook_replacements"": {}, ""overrides"": {""attack"": {""enable_mip_attack"": false, ""input_split_check_adv"": {""enabled"": ""false""}, ""pgd_order"": ""skip""}, ""bab"": {""attack"": {""enabled"": false}, ""branching"": {""input_split"": {""update_rhs_with_attack"": false}}}}}, ""biccos_applicable"": true, ""biccos_effective"": false, ""derived_path"": ""scratch/rq1_2026_tmp/baselines/abcrown/cora_2024/00162_94680c1cbab54260fbe3_als750s8/config.yaml"", ""deviations"": [""attack-off (user decision D20): all attack/falsification stages disabled, see config.attack.overrides"", ""float32: general.double_fp=false; solver.use_float64_in_last_iteration=false; stable_f32 interpreter""], ""mapping"": ""exact"", ""notes"": [], ""official"": ""exp_configs/vnncomp25/cora.yaml"", ""official_biccos"": false, ""official_pgd_order"": ""before"", ""variant"": ""official""}","[""attack-off (user decision D20): all attack/falsification stages disabled, see config.attack.overrides"", ""float32: general.double_fp=false; solver.use_float64_in_last_iteration=false; stable_f32 interpreter""]",,,53.0,5950.0,official_attack_off_f32,"[""abcrown"",""data/vnncomp2026/cora_2024/1.0/onnx/cifar10-point.onnx"",""data/vnncomp2026/cora_2024/1.0/vnnlib/cifar10-img321.vnnlib"",30.0,""official_attack_off_f32""]",
cora_2024,163,cifar10-trades.onnx,cifar10-img321.vnnlib,timeout,37.73200869560242,TIMEOUT,0,30.0,37.73200869560242,43.352,5.21,48.70903801359236,1,0,,,not a FALSIFIED row,0,scratch/logs/fse2026/abcrown/cora_2024/00163_e9b972196732c1ff6bb9_xktkqmkp.log,6b8bbcfac1c01da1cabd240a87e4dce1a65f5a2b,"{""attack"": {""attack_off"": true, ""hook_replacements"": {}, ""overrides"": {""attack"": {""enable_mip_attack"": false, ""input_split_check_adv"": {""enabled"": ""false""}, ""pgd_order"": ""skip""}, ""bab"": {""attack"": {""enabled"": false}, ""branching"": {""input_split"": {""update_rhs_with_attack"": false}}}}}, ""biccos_applicable"": true, ""biccos_effective"": false, ""derived_path"": ""scratch/rq1_2026_tmp/baselines/abcrown/cora_2024/00163_e9b972196732c1ff6bb9_xktkqmkp/config.yaml"", ""deviations"": [""attack-off (user decision D20): all attack/falsification stages disabled, see config.attack.overrides"", ""float32: general.double_fp=false; solver.use_float64_in_last_iteration=false; stable_f32 interpreter""], ""mapping"": ""exact"", ""notes"": [], ""official"": ""exp_configs/vnncomp25/cora.yaml"", ""official_biccos"": false, ""official_pgd_order"": ""before"", ""variant"": ""official""}","[""attack-off (user decision D20): all attack/falsification stages disabled, see config.attack.overrides"", ""float32: general.double_fp=false; solver.use_float64_in_last_iteration=false; stable_f32 interpreter""]",,,86.0,10618.0,official_attack_off_f32,"[""abcrown"",""data/vnncomp2026/cora_2024/1.0/onnx/cifar10-trades.onnx"",""data/vnncomp2026/cora_2024/1.0/vnnlib/cifar10-img321.vnnlib"",30.0,""official_attack_off_f32""]",
cora_2024,164,cifar10-set.onnx,cifar10-img321.vnnlib,unsat,6.5974602699279785,CERTIFIED,1,30.0,6.5974602699279785,11.951,5.197,17.317046517506242,0,0,,,not a FALSIFIED row,0,scratch/logs/fse2026/abcrown/cora_2024/00164_1309f98b9690711df7df_g1jvl364.log,6b8bbcfac1c01da1cabd240a87e4dce1a65f5a2b,"{""attack"": {""attack_off"": true, ""hook_replacements"": {}, ""overrides"": {""attack"": {""enable_mip_attack"": false, ""input_split_check_adv"": {""enabled"": ""false""}, ""pgd_order"": ""skip""}, ""bab"": {""attack"": {""enabled"": false}, ""branching"": {""input_split"": {""update_rhs_with_attack"": false}}}}}, ""biccos_applicable"": true, ""biccos_effective"": false, ""derived_path"": ""scratch/rq1_2026_tmp/baselines/abcrown/cora_2024/00164_1309f98b9690711df7df_g1jvl364/config.yaml"", ""deviations"": [""attack-off (user decision D20): all attack/falsification stages disabled, see config.attack.overrides"", ""float32: general.double_fp=false; solver.use_float64_in_last_iteration=false; stable_f32 interpreter""], ""mapping"": ""exact"", ""notes"": [], ""official"": ""exp_configs/vnncomp25/cora.yaml"", ""official_biccos"": false, ""official_pgd_order"": ""before"", ""variant"": ""official""}","[""attack-off (user decision D20): all attack/falsification stages disabled, see config.attack.overrides"", ""float32: general.double_fp=false; solver.use_float64_in_last_iteration=false; stable_f32 interpreter""]",,,68.0,5262.0,official_attack_off_f32,"[""abcrown"",""data/vnncomp2026/cora_2024/1.0/onnx/cifar10-set.onnx"",""data/vnncomp2026/cora_2024/1.0/vnnlib/cifar10-img321.vnnlib"",30.0,""official_attack_off_f32""]",
cora_2024,165,cifar10-point.onnx,cifar10-img345.vnnlib,timeout,45.51515793800354,TIMEOUT,0,30.0,45.51515793800354,51.263,5.39,56.78435432165861,1,0,,,not a FALSIFIED row,0,scratch/logs/fse2026/abcrown/cora_2024/00165_5b820e45a6d9fbb585c6_3qidmi0g.log,6b8bbcfac1c01da1cabd240a87e4dce1a65f5a2b,"{""attack"": {""attack_off"": true, ""hook_replacements"": {}, ""overrides"": {""attack"": {""enable_mip_attack"": false, ""input_split_check_adv"": {""enabled"": ""false""}, ""pgd_order"": ""skip""}, ""bab"": {""attack"": {""enabled"": false}, ""branching"": {""input_split"": {""update_rhs_with_attack"": false}}}}}, ""biccos_applicable"": true, ""biccos_effective"": false, ""derived_path"": ""scratch/rq1_2026_tmp/baselines/abcrown/cora_2024/00165_5b820e45a6d9fbb585c6_3qidmi0g/config.yaml"", ""deviations"": [""attack-off (user decision D20): all attack/falsification stages disabled, see config.attack.overrides"", ""float32: general.double_fp=false; solver.use_float64_in_last_iteration=false; stable_f32 interpreter""], ""mapping"": ""exact"", ""notes"": [], ""official"": ""exp_configs/vnncomp25/cora.yaml"", ""official_biccos"": false, ""official_pgd_order"": ""before"", ""variant"": ""official""}","[""attack-off (user decision D20): all attack/falsification stages disabled, see config.attack.overrides"", ""float32: general.double_fp=false; solver.use_float64_in_last_iteration=false; stable_f32 interpreter""]",,,34.0,9122.0,official_attack_off_f32,"[""abcrown"",""data/vnncomp2026/cora_2024/1.0/onnx/cifar10-point.onnx"",""data/vnncomp2026/cora_2024/1.0/vnnlib/cifar10-img345.vnnlib"",30.0,""official_attack_off_f32""]",
cora_2024,166,cifar10-trades.onnx,cifar10-img345.vnnlib,timeout,38.363394021987915,TIMEOUT,0,30.0,38.363394021987915,43.008,4.672,47.822777735069394,1,0,,,not a FALSIFIED row,0,scratch/logs/fse2026/abcrown/cora_2024/00166_84530944b00cda1df561_ggwky7iw.log,6b8bbcfac1c01da1cabd240a87e4dce1a65f5a2b,"{""attack"": {""attack_off"": true, ""hook_replacements"": {}, ""overrides"": {""attack"": {""enable_mip_attack"": false, ""input_split_check_adv"": {""enabled"": ""false""}, ""pgd_order"": ""skip""}, ""bab"": {""attack"": {""enabled"": false}, ""branching"": {""input_split"": {""update_rhs_with_attack"": false}}}}}, ""biccos_applicable"": true, ""biccos_effective"": false, ""derived_path"": ""scratch/rq1_2026_tmp/baselines/abcrown/cora_2024/00166_84530944b00cda1df561_ggwky7iw/config.yaml"", ""deviations"": [""attack-off (user decision D20): all attack/falsification stages disabled, see config.attack.overrides"", ""float32: general.double_fp=false; solver.use_float64_in_last_iteration=false; stable_f32 interpreter""], ""mapping"": ""exact"", ""notes"": [], ""official"": ""exp_configs/vnncomp25/cora.yaml"", ""official_biccos"": false, ""official_pgd_order"": ""before"", ""variant"": ""official""}","[""attack-off (user decision D20): all attack/falsification stages disabled, see config.attack.overrides"", ""float32: general.double_fp=false; solver.use_float64_in_last_iteration=false; stable_f32 interpreter""]",,,90.0,10768.0,official_attack_off_f32,"[""abcrown"",""data/vnncomp2026/cora_2024/1.0/onnx/cifar10-trades.onnx"",""data/vnncomp2026/cora_2024/1.0/vnnlib/cifar10-img345.vnnlib"",30.0,""official_attack_off_f32""]",
cora_2024,167,cifar10-set.onnx,cifar10-img345.vnnlib,timeout,42.393051862716675,TIMEOUT,0,30.0,42.393051862716675,47.497,5.374,53.06155372224748,1,0,,,not a FALSIFIED row,0,scratch/logs/fse2026/abcrown/cora_2024/00167_c5b089b5aa9c9dd7380c_ai2yehwt.log,6b8bbcfac1c01da1cabd240a87e4dce1a65f5a2b,"{""attack"": {""attack_off"": true, ""hook_replacements"": {}, ""overrides"": {""attack"": {""enable_mip_attack"": false, ""input_split_check_adv"": {""enabled"": ""false""}, ""pgd_order"": ""skip""}, ""bab"": {""attack"": {""enabled"": false}, ""branching"": {""input_split"": {""update_rhs_with_attack"": false}}}}}, ""biccos_applicable"": true, ""biccos_effective"": false, ""derived_path"": ""scratch/rq1_2026_tmp/baselines/abcrown/cora_2024/00167_c5b089b5aa9c9dd7380c_ai2yehwt/config.yaml"", ""deviations"": [""attack-off (user decision D20): all attack/falsification stages disabled, see config.attack.overrides"", ""float32: general.double_fp=false; solver.use_float64_in_last_iteration=false; stable_f32 interpreter""], ""mapping"": ""exact"", ""notes"": [], ""official"": ""exp_configs/vnncomp25/cora.yaml"", ""official_biccos"": false, ""official_pgd_order"": ""before"", ""variant"": ""official""}","[""attack-off (user decision D20): all attack/falsification stages disabled, see config.attack.overrides"", ""float32: general.double_fp=false; solver.use_float64_in_last_iteration=false; stable_f32 interpreter""]",,,78.0,8562.0,official_attack_off_f32,"[""abcrown"",""data/vnncomp2026/cora_2024/1.0/onnx/cifar10-set.onnx"",""data/vnncomp2026/cora_2024/1.0/vnnlib/cifar10-img345.vnnlib"",30.0,""official_attack_off_f32""]",
cora_2024,168,cifar10-point.onnx,cifar10-img346.vnnlib,timeout,41.00489020347595,TIMEOUT,0,30.0,41.00489020347595,55.986,16.188,72.33493291959167,1,0,,,not a FALSIFIED row,0,scratch/logs/fse2026/abcrown/cora_2024/00168_6e1bb2567678fea04ba3_qegpnvuj.log,6b8bbcfac1c01da1cabd240a87e4dce1a65f5a2b,"{""attack"": {""attack_off"": true, ""hook_replacements"": {}, ""overrides"": {""attack"": {""enable_mip_attack"": false, ""input_split_check_adv"": {""enabled"": ""false""}, ""pgd_order"": ""skip""}, ""bab"": {""attack"": {""enabled"": false}, ""branching"": {""input_split"": {""update_rhs_with_attack"": false}}}}}, ""biccos_applicable"": true, ""biccos_effective"": false, ""derived_path"": ""scratch/rq1_2026_tmp/baselines/abcrown/cora_2024/00168_6e1bb2567678fea04ba3_qegpnvuj/config.yaml"", ""deviations"": [""attack-off (user decision D20): all attack/falsification stages disabled, see config.attack.overrides"", ""float32: general.double_fp=false; solver.use_float64_in_last_iteration=false; stable_f32 interpreter""], ""mapping"": ""exact"", ""notes"": [], ""official"": ""exp_configs/vnncomp25/cora.yaml"", ""official_biccos"": false, ""official_pgd_order"": ""before"", ""variant"": ""official""}","[""attack-off (user decision D20): all attack/falsification stages disabled, see config.attack.overrides"", ""float32: general.double_fp=false; solver.use_float64_in_last_iteration=false; stable_f32 interpreter""]",,,90.0,18542.0,official_attack_off_f32,"[""abcrown"",""data/vnncomp2026/cora_2024/1.0/onnx/cifar10-point.onnx"",""data/vnncomp2026/cora_2024/1.0/vnnlib/cifar10-img346.vnnlib"",30.0,""official_attack_off_f32""]",
cora_2024,169,cifar10-trades.onnx,cifar10-img346.vnnlib,timeout,35.52408695220947,TIMEOUT,0,30.0,35.52408695220947,45.455,6.729,52.29686946794391,1,0,,,not a FALSIFIED row,0,scratch/logs/fse2026/abcrown/cora_2024/00169_fb7ce838c021f06f76ba_my9xvp1x.log,6b8bbcfac1c01da1cabd240a87e4dce1a65f5a2b,"{""attack"": {""attack_off"": true, ""hook_replacements"": {}, ""overrides"": {""attack"": {""enable_mip_attack"": false, ""input_split_check_adv"": {""enabled"": ""false""}, ""pgd_order"": ""skip""}, ""bab"": {""attack"": {""enabled"": false}, ""branching"": {""input_split"": {""update_rhs_with_attack"": false}}}}}, ""biccos_applicable"": true, ""biccos_effective"": false, ""derived_path"": ""scratch/rq1_2026_tmp/baselines/abcrown/cora_2024/00169_fb7ce838c021f06f76ba_my9xvp1x/config.yaml"", ""deviations"": [""attack-off (user decision D20): all attack/falsification stages disabled, see config.attack.overrides"", ""float32: general.double_fp=false; solver.use_float64_in_last_iteration=false; stable_f32 interpreter""], ""mapping"": ""exact"", ""notes"": [], ""official"": ""exp_configs/vnncomp25/cora.yaml"", ""official_biccos"": false, ""official_pgd_order"": ""before"", ""variant"": ""official""}","[""attack-off (user decision D20): all attack/falsification stages disabled, see config.attack.overrides"", ""float32: general.double_fp=false; solver.use_float64_in_last_iteration=false; stable_f32 interpreter""]",,,92.0,12496.0,official_attack_off_f32,"[""abcrown"",""data/vnncomp2026/cora_2024/1.0/onnx/cifar10-trades.onnx"",""data/vnncomp2026/cora_2024/1.0/vnnlib/cifar10-img346.vnnlib"",30.0,""official_attack_off_f32""]",
cora_2024,170,cifar10-set.onnx,cifar10-img346.vnnlib,timeout,31.582191705703735,TIMEOUT,0,30.0,31.582191705703735,36.525,4.993,41.630437353625894,1,0,,,not a FALSIFIED row,0,scratch/logs/fse2026/abcrown/cora_2024/00170_0a3300dfb12afe33d6ea_8oe6_48s.log,6b8bbcfac1c01da1cabd240a87e4dce1a65f5a2b,"{""attack"": {""attack_off"": true, ""hook_replacements"": {}, ""overrides"": {""attack"": {""enable_mip_attack"": false, ""input_split_check_adv"": {""enabled"": ""false""}, ""pgd_order"": ""skip""}, ""bab"": {""attack"": {""enabled"": false}, ""branching"": {""input_split"": {""update_rhs_with_attack"": false}}}}}, ""biccos_applicable"": true, ""biccos_effective"": false, ""derived_path"": ""scratch/rq1_2026_tmp/baselines/abcrown/cora_2024/00170_0a3300dfb12afe33d6ea_8oe6_48s/config.yaml"", ""deviations"": [""attack-off (user decision D20): all attack/falsification stages disabled, see config.attack.overrides"", ""float32: general.double_fp=false; solver.use_float64_in_last_iteration=false; stable_f32 interpreter""], ""mapping"": ""exact"", ""notes"": [], ""official"": ""exp_configs/vnncomp25/cora.yaml"", ""official_biccos"": false, ""official_pgd_order"": ""before"", ""variant"": ""official""}","[""attack-off (user decision D20): all attack/falsification stages disabled, see config.attack.overrides"", ""float32: general.double_fp=false; solver.use_float64_in_last_iteration=false; stable_f32 interpreter""]",,,60.0,5456.0,official_attack_off_f32,"[""abcrown"",""data/vnncomp2026/cora_2024/1.0/onnx/cifar10-set.onnx"",""data/vnncomp2026/cora_2024/1.0/vnnlib/cifar10-img346.vnnlib"",30.0,""official_attack_off_f32""]",
cora_2024,171,cifar10-point.onnx,cifar10-img351.vnnlib,timeout,34.950650691986084,TIMEOUT,0,30.0,34.950650691986084,40.851,6.101,47.08507224917412,1,0,,,not a FALSIFIED row,0,scratch/logs/fse2026/abcrown/cora_2024/00171_e9cbc65835dc3af21bd7_3_84zx72.log,6b8bbcfac1c01da1cabd240a87e4dce1a65f5a2b,"{""attack"": {""attack_off"": true, ""hook_replacements"": {}, ""overrides"": {""attack"": {""enable_mip_attack"": false, ""input_split_check_adv"": {""enabled"": ""false""}, ""pgd_order"": ""skip""}, ""bab"": {""attack"": {""enabled"": false}, ""branching"": {""input_split"": {""update_rhs_with_attack"": false}}}}}, ""biccos_applicable"": true, ""biccos_effective"": false, ""derived_path"": ""scratch/rq1_2026_tmp/baselines/abcrown/cora_2024/00171_e9cbc65835dc3af21bd7_3_84zx72/config.yaml"", ""deviations"": [""attack-off (user decision D20): all attack/falsification stages disabled, see config.attack.overrides"", ""float32: general.double_fp=false; solver.use_float64_in_last_iteration=false; stable_f32 interpreter""], ""mapping"": ""exact"", ""notes"": [], ""official"": ""exp_configs/vnncomp25/cora.yaml"", ""official_biccos"": false, ""official_pgd_order"": ""before"", ""variant"": ""official""}","[""attack-off (user decision D20): all attack/falsification stages disabled, see config.attack.overrides"", ""float32: general.double_fp=false; solver.use_float64_in_last_iteration=false; stable_f32 interpreter""]",,,97.0,23088.0,official_attack_off_f32,"[""abcrown"",""data/vnncomp2026/cora_2024/1.0/onnx/cifar10-point.onnx"",""data/vnncomp2026/cora_2024/1.0/vnnlib/cifar10-img351.vnnlib"",30.0,""official_attack_off_f32""]",
cora_2024,172,cifar10-trades.onnx,cifar10-img351.vnnlib,timeout,,TIMEOUT,0,30.0,,60.348,7.792,68.26561780646443,1,0,,,not a FALSIFIED row,,scratch/logs/fse2026/abcrown/cora_2024/00172_a88fd324697778ca60e9_hsy09c32.log,6b8bbcfac1c01da1cabd240a87e4dce1a65f5a2b,"{""attack"": {""attack_off"": true, ""hook_replacements"": {}, ""overrides"": {""attack"": {""enable_mip_attack"": false, ""input_split_check_adv"": {""enabled"": ""false""}, ""pgd_order"": ""skip""}, ""bab"": {""attack"": {""enabled"": false}, ""branching"": {""input_split"": {""update_rhs_with_attack"": false}}}}}, ""biccos_applicable"": true, ""biccos_effective"": false, ""derived_path"": ""scratch/rq1_2026_tmp/baselines/abcrown/cora_2024/00172_a88fd324697778ca60e9_hsy09c32/config.yaml"", ""deviations"": [""attack-off (user decision D20): all attack/falsification stages disabled, see config.attack.overrides"", ""float32: general.double_fp=false; solver.use_float64_in_last_iteration=false; stable_f32 interpreter""], ""mapping"": ""exact"", ""notes"": [], ""official"": ""exp_configs/vnncomp25/cora.yaml"", ""official_biccos"": false, ""official_pgd_order"": ""before"", ""variant"": ""official""}","[""attack-off (user decision D20): all attack/falsification stages disabled, see config.attack.overrides"", ""float32: general.double_fp=false; solver.use_float64_in_last_iteration=false; stable_f32 interpreter""]",,,0.0,37.0,official_attack_off_f32,"[""abcrown"",""data/vnncomp2026/cora_2024/1.0/onnx/cifar10-trades.onnx"",""data/vnncomp2026/cora_2024/1.0/vnnlib/cifar10-img351.vnnlib"",30.0,""official_attack_off_f32""]",
cora_2024,173,cifar10-set.onnx,cifar10-img351.vnnlib,timeout,30.39866876602173,TIMEOUT,0,30.0,30.39866876602173,37.947,6.573,44.642702009528875,1,0,,,not a FALSIFIED row,0,scratch/logs/fse2026/abcrown/cora_2024/00173_984acad3e91ebbd4fa9b_icrybpst.log,6b8bbcfac1c01da1cabd240a87e4dce1a65f5a2b,"{""attack"": {""attack_off"": true, ""hook_replacements"": {}, ""overrides"": {""attack"": {""enable_mip_attack"": false, ""input_split_check_adv"": {""enabled"": ""false""}, ""pgd_order"": ""skip""}, ""bab"": {""attack"": {""enabled"": false}, ""branching"": {""input_split"": {""update_rhs_with_attack"": false}}}}}, ""biccos_applicable"": true, ""biccos_effective"": false, ""derived_path"": ""scratch/rq1_2026_tmp/baselines/abcrown/cora_2024/00173_984acad3e91ebbd4fa9b_icrybpst/config.yaml"", ""deviations"": [""attack-off (user decision D20): all attack/falsification stages disabled, see config.attack.overrides"", ""float32: general.double_fp=false; solver.use_float64_in_last_iteration=false; stable_f32 interpreter""], ""mapping"": ""exact"", ""notes"": [], ""official"": ""exp_configs/vnncomp25/cora.yaml"", ""official_biccos"": false, ""official_pgd_order"": ""before"", ""variant"": ""official""}","[""attack-off (user decision D20): all attack/falsification stages disabled, see config.attack.overrides"", ""float32: general.double_fp=false; solver.use_float64_in_last_iteration=false; stable_f32 interpreter""]",,,70.0,6011.0,official_attack_off_f32,"[""abcrown"",""data/vnncomp2026/cora_2024/1.0/onnx/cifar10-set.onnx"",""data/vnncomp2026/cora_2024/1.0/vnnlib/cifar10-img351.vnnlib"",30.0,""official_attack_off_f32""]",
cora_2024,174,cifar10-point.onnx,cifar10-img362.vnnlib,timeout,45.3623411655426,TIMEOUT,0,30.0,45.3623411655426,51.159,6.974,58.2976141422987,1,0,,,not a FALSIFIED row,0,scratch/logs/fse2026/abcrown/cora_2024/00174_8fc6409ce21e59e32701_s8onldtm.log,6b8bbcfac1c01da1cabd240a87e4dce1a65f5a2b,"{""attack"": {""attack_off"": true, ""hook_replacements"": {}, ""overrides"": {""attack"": {""enable_mip_attack"": false, ""input_split_check_adv"": {""enabled"": ""false""}, ""pgd_order"": ""skip""}, ""bab"": {""attack"": {""enabled"": false}, ""branching"": {""input_split"": {""update_rhs_with_attack"": false}}}}}, ""biccos_applicable"": true, ""biccos_effective"": false, ""derived_path"": ""scratch/rq1_2026_tmp/baselines/abcrown/cora_2024/00174_8fc6409ce21e59e32701_s8onldtm/config.yaml"", ""deviations"": [""attack-off (user decision D20): all attack/falsification stages disabled, see config.attack.overrides"", ""float32: general.double_fp=false; solver.use_float64_in_last_iteration=false; stable_f32 interpreter""], ""mapping"": ""exact"", ""notes"": [], ""official"": ""exp_configs/vnncomp25/cora.yaml"", ""official_biccos"": false, ""official_pgd_order"": ""before"", ""variant"": ""official""}","[""attack-off (user decision D20): all attack/falsification stages disabled, see config.attack.overrides"", ""float32: general.double_fp=false; solver.use_float64_in_last_iteration=false; stable_f32 interpreter""]",,,88.0,5965.0,official_attack_off_f32,"[""abcrown"",""data/vnncomp2026/cora_2024/1.0/onnx/cifar10-point.onnx"",""data/vnncomp2026/cora_2024/1.0/vnnlib/cifar10-img362.vnnlib"",30.0,""official_attack_off_f32""]",
cora_2024,175,cifar10-trades.onnx,cifar10-img362.vnnlib,timeout,37.361271142959595,TIMEOUT,0,30.0,37.361271142959595,43.492,6.811,50.488073306158185,1,0,,,not a FALSIFIED row,0,scratch/logs/fse2026/abcrown/cora_2024/00175_f26757f0e1aeea88c583_na1pkzc4.log,6b8bbcfac1c01da1cabd240a87e4dce1a65f5a2b,"{""attack"": {""attack_off"": true, ""hook_replacements"": {}, ""overrides"": {""attack"": {""enable_mip_attack"": false, ""input_split_check_adv"": {""enabled"": ""false""}, ""pgd_order"": ""skip""}, ""bab"": {""attack"": {""enabled"": false}, ""branching"": {""input_split"": {""update_rhs_with_attack"": false}}}}}, ""biccos_applicable"": true, ""biccos_effective"": false, ""derived_path"": ""scratch/rq1_2026_tmp/baselines/abcrown/cora_2024/00175_f26757f0e1aeea88c583_na1pkzc4/config.yaml"", ""deviations"": [""attack-off (user decision D20): all attack/falsification stages disabled, see config.attack.overrides"", ""float32: general.double_fp=false; solver.use_float64_in_last_iteration=false; stable_f32 interpreter""], ""mapping"": ""exact"", ""notes"": [], ""official"": ""exp_configs/vnncomp25/cora.yaml"", ""official_biccos"": false, ""official_pgd_order"": ""before"", ""variant"": ""official""}","[""attack-off (user decision D20): all attack/falsification stages disabled, see config.attack.overrides"", ""float32: general.double_fp=false; solver.use_float64_in_last_iteration=false; stable_f32 interpreter""]",,,0.0,2258.0,official_attack_off_f32,"[""abcrown"",""data/vnncomp2026/cora_2024/1.0/onnx/cifar10-trades.onnx"",""data/vnncomp2026/cora_2024/1.0/vnnlib/cifar10-img362.vnnlib"",30.0,""official_attack_off_f32""]",
cora_2024,176,cifar10-set.onnx,cifar10-img362.vnnlib,timeout,32.29342579841614,TIMEOUT,0,30.0,32.29342579841614,42.936,8.075,51.13165177591145,1,0,,,not a FALSIFIED row,0,scratch/logs/fse2026/abcrown/cora_2024/00176_5b054ba58053d6321de2_e_oqg131.log,6b8bbcfac1c01da1cabd240a87e4dce1a65f5a2b,"{""attack"": {""attack_off"": true, ""hook_replacements"": {}, ""overrides"": {""attack"": {""enable_mip_attack"": false, ""input_split_check_adv"": {""enabled"": ""false""}, ""pgd_order"": ""skip""}, ""bab"": {""attack"": {""enabled"": false}, ""branching"": {""input_split"": {""update_rhs_with_attack"": false}}}}}, ""biccos_applicable"": true, ""biccos_effective"": false, ""derived_path"": ""scratch/rq1_2026_tmp/baselines/abcrown/cora_2024/00176_5b054ba58053d6321de2_e_oqg131/config.yaml"", ""deviations"": [""attack-off (user decision D20): all attack/falsification stages disabled, see config.attack.overrides"", ""float32: general.double_fp=false; solver.use_float64_in_last_iteration=false; stable_f32 interpreter""], ""mapping"": ""exact"", ""notes"": [], ""official"": ""exp_configs/vnncomp25/cora.yaml"", ""official_biccos"": false, ""official_pgd_order"": ""before"", ""variant"": ""official""}","[""attack-off (user decision D20): all attack/falsification stages disabled, see config.attack.overrides"", ""float32: general.double_fp=false; solver.use_float64_in_last_iteration=false; stable_f32 interpreter""]",,,0.0,2258.0,official_attack_off_f32,"[""abcrown"",""data/vnncomp2026/cora_2024/1.0/onnx/cifar10-set.onnx"",""data/vnncomp2026/cora_2024/1.0/vnnlib/cifar10-img362.vnnlib"",30.0,""official_attack_off_f32""]",
cora_2024,177,cifar10-point.onnx,cifar10-img383.vnnlib,timeout,42.601911306381226,TIMEOUT,0,30.0,42.601911306381226,48.286,6.365,54.79522869549692,1,0,,,not a FALSIFIED row,0,scratch/logs/fse2026/abcrown/cora_2024/00177_0b6b8158037a183ae4d6_r9vefs5n.log,6b8bbcfac1c01da1cabd240a87e4dce1a65f5a2b,"{""attack"": {""attack_off"": true, ""hook_replacements"": {}, ""overrides"": {""attack"": {""enable_mip_attack"": false, ""input_split_check_adv"": {""enabled"": ""false""}, ""pgd_order"": ""skip""}, ""bab"": {""attack"": {""enabled"": false}, ""branching"": {""input_split"": {""update_rhs_with_attack"": false}}}}}, ""biccos_applicable"": true, ""biccos_effective"": false, ""derived_path"": ""scratch/rq1_2026_tmp/baselines/abcrown/cora_2024/00177_0b6b8158037a183ae4d6_r9vefs5n/config.yaml"", ""deviations"": [""attack-off (user decision D20): all attack/falsification stages disabled, see config.attack.overrides"", ""float32: general.double_fp=false; solver.use_float64_in_last_iteration=false; stable_f32 interpreter""], ""mapping"": ""exact"", ""notes"": [], ""official"": ""exp_configs/vnncomp25/cora.yaml"", ""official_biccos"": false, ""official_pgd_order"": ""before"", ""variant"": ""official""}","[""attack-off (user decision D20): all attack/falsification stages disabled, see config.attack.overrides"", ""float32: general.double_fp=false; solver.use_float64_in_last_iteration=false; stable_f32 interpreter""]",,,5.0,5665.0,official_attack_off_f32,"[""abcrown"",""data/vnncomp2026/cora_2024/1.0/onnx/cifar10-point.onnx"",""data/vnncomp2026/cora_2024/1.0/vnnlib/cifar10-img383.vnnlib"",30.0,""official_attack_off_f32""]",
cora_2024,178,cifar10-trades.onnx,cifar10-img383.vnnlib,timeout,42.56452465057373,TIMEOUT,0,30.0,42.56452465057373,48.609,6.683,55.389677315950394,1,0,,,not a FALSIFIED row,0,scratch/logs/fse2026/abcrown/cora_2024/00178_8fcfaf634ffb77753e19_yfs7wz_n.log,6b8bbcfac1c01da1cabd240a87e4dce1a65f5a2b,"{""attack"": {""attack_off"": true, ""hook_replacements"": {}, ""overrides"": {""attack"": {""enable_mip_attack"": false, ""input_split_check_adv"": {""enabled"": ""false""}, ""pgd_order"": ""skip""}, ""bab"": {""attack"": {""enabled"": false}, ""branching"": {""input_split"": {""update_rhs_with_attack"": false}}}}}, ""biccos_applicable"": true, ""biccos_effective"": false, ""derived_path"": ""scratch/rq1_2026_tmp/baselines/abcrown/cora_2024/00178_8fcfaf634ffb77753e19_yfs7wz_n/config.yaml"", ""deviations"": [""attack-off (user decision D20): all attack/falsification stages disabled, see config.attack.overrides"", ""float32: general.double_fp=false; solver.use_float64_in_last_iteration=false; stable_f32 interpreter""], ""mapping"": ""exact"", ""notes"": [], ""official"": ""exp_configs/vnncomp25/cora.yaml"", ""official_biccos"": false, ""official_pgd_order"": ""before"", ""variant"": ""official""}","[""attack-off (user decision D20): all attack/falsification stages disabled, see config.attack.overrides"", ""float32: general.double_fp=false; solver.use_float64_in_last_iteration=false; stable_f32 interpreter""]",,,87.0,19517.0,official_attack_off_f32,"[""abcrown"",""data/vnncomp2026/cora_2024/1.0/onnx/cifar10-trades.onnx"",""data/vnncomp2026/cora_2024/1.0/vnnlib/cifar10-img383.vnnlib"",30.0,""official_attack_off_f32""]",
cora_2024,179,cifar10-set.onnx,cifar10-img383.vnnlib,timeout,37.9046266078949,TIMEOUT,0,30.0,37.9046266078949,42.829,10.108,53.06063247658312,1,0,,,not a FALSIFIED row,0,scratch/logs/fse2026/abcrown/cora_2024/00179_e0385e83e398aac3159b_0455b2lf.log,6b8bbcfac1c01da1cabd240a87e4dce1a65f5a2b,"{""attack"": {""attack_off"": true, ""hook_replacements"": {}, ""overrides"": {""attack"": {""enable_mip_attack"": false, ""input_split_check_adv"": {""enabled"": ""false""}, ""pgd_order"": ""skip""}, ""bab"": {""attack"": {""enabled"": false}, ""branching"": {""input_split"": {""update_rhs_with_attack"": false}}}}}, ""biccos_applicable"": true, ""biccos_effective"": false, ""derived_path"": ""scratch/rq1_2026_tmp/baselines/abcrown/cora_2024/00179_e0385e83e398aac3159b_0455b2lf/config.yaml"", ""deviations"": [""attack-off (user decision D20): all attack/falsification stages disabled, see config.attack.overrides"", ""float32: general.double_fp=false; solver.use_float64_in_last_iteration=false; stable_f32 interpreter""], ""mapping"": ""exact"", ""notes"": [], ""official"": ""exp_configs/vnncomp25/cora.yaml"", ""official_biccos"": false, ""official_pgd_order"": ""before"", ""variant"": ""official""}","[""attack-off (user decision D20): all attack/falsification stages disabled, see config.attack.overrides"", ""float32: general.double_fp=false; solver.use_float64_in_last_iteration=false; stable_f32 interpreter""]",,,0.0,2845.0,official_attack_off_f32,"[""abcrown"",""data/vnncomp2026/cora_2024/1.0/onnx/cifar10-set.onnx"",""data/vnncomp2026/cora_2024/1.0/vnnlib/cifar10-img383.vnnlib"",30.0,""official_attack_off_f32""]",
