row,onnx,vnnlib,ours_status,ours_solved,ours_time_s,vnncomp_result,vnncomp_credit,vnncomp_solved,vnncomp_time_s,outcome
0,onnx/ruarobot/perturbations_0.onnx,vnnlib/ruarobot/hyperrectangle_257.vnnlib,FALSIFIED,1,0.3449,sat,F,1,5.982904939,both_solved
1,onnx/medical/perturbations_0.onnx,vnnlib/medical/hyperrectangle_355.vnnlib,CERTIFIED,1,0.2611,unsat,V,1,5.363760704,both_solved
2,onnx/medical/perturbations_0.onnx,vnnlib/medical/hyperrectangle_557.vnnlib,CERTIFIED,1,0.2954,unsat,V,1,5.28450605,both_solved
3,onnx/medical/perturbations_0.onnx,vnnlib/medical/hyperrectangle_265.vnnlib,CERTIFIED,1,0.5807,unsat,V,1,5.788834679,both_solved
4,onnx/ruarobot/perturbations_0.onnx,vnnlib/ruarobot/hyperrectangle_6763.vnnlib,FALSIFIED,1,0.3432,sat,F,1,3.255429255,both_solved
5,onnx/ruarobot/perturbations_0.onnx,vnnlib/ruarobot/hyperrectangle_118.vnnlib,TIMEOUT,0,20.1859,sat,F,1,6.903206423,vnncomp_only
6,onnx/ruarobot/perturbations_0.onnx,vnnlib/ruarobot/hyperrectangle_3732.vnnlib,TIMEOUT,0,21.2433,sat,F,1,6.88527328,vnncomp_only
7,onnx/ruarobot/perturbations_0.onnx,vnnlib/ruarobot/hyperrectangle_4400.vnnlib,FALSIFIED,1,0.3201,sat,F,1,3.407767646,both_solved
8,onnx/ruarobot/perturbations_0.onnx,vnnlib/ruarobot/hyperrectangle_3561.vnnlib,FALSIFIED,1,0.2474,sat,F,1,3.300975732,both_solved
9,onnx/ruarobot/perturbations_0.onnx,vnnlib/ruarobot/hyperrectangle_6550.vnnlib,TIMEOUT,0,20.1948,sat,F,1,5.36363944,vnncomp_only
10,onnx/ruarobot/perturbations_0.onnx,vnnlib/ruarobot/hyperrectangle_2722.vnnlib,FALSIFIED,1,0.3851,sat,F,1,7.160523688,both_solved
11,onnx/ruarobot/perturbations_0.onnx,vnnlib/ruarobot/hyperrectangle_7164.vnnlib,TIMEOUT,0,20.4117,sat,F,1,7.165063114,vnncomp_only
12,onnx/ruarobot/perturbations_0.onnx,vnnlib/ruarobot/hyperrectangle_1868.vnnlib,FALSIFIED,1,0.3824,sat,penalty,0,5.460060964,ours_only
13,onnx/ruarobot/perturbations_0.onnx,vnnlib/ruarobot/hyperrectangle_5619.vnnlib,TIMEOUT,0,20.0862,sat,penalty,0,5.334948518,neither
14,onnx/ruarobot/perturbations_0.onnx,vnnlib/ruarobot/hyperrectangle_3222.vnnlib,FALSIFIED,1,0.3369,sat,F,1,3.277170053,both_solved
15,onnx/ruarobot/perturbations_0.onnx,vnnlib/ruarobot/hyperrectangle_7432.vnnlib,FALSIFIED,1,0.5577,sat,F,1,7.091627698,both_solved
16,onnx/ruarobot/perturbations_0.onnx,vnnlib/ruarobot/hyperrectangle_4617.vnnlib,CERTIFIED,1,19.1936,unsat,,0,38.330806671,ours_only
17,onnx/ruarobot/perturbations_0.onnx,vnnlib/ruarobot/hyperrectangle_2491.vnnlib,FALSIFIED,1,0.4215,sat,penalty,0,5.371886562,ours_only
18,onnx/medical/perturbations_0.onnx,vnnlib/medical/hyperrectangle_2678.vnnlib,CERTIFIED,1,0.3435,unsat,V,1,5.313101407,both_solved
19,onnx/medical/perturbations_0.onnx,vnnlib/medical/hyperrectangle_2532.vnnlib,TIMEOUT,0,20.4242,sat,F,1,6.975914494,vnncomp_only
20,onnx/medical/perturbations_0.onnx,vnnlib/medical/hyperrectangle_2752.vnnlib,CERTIFIED,1,0.3763,unsat,V,1,5.482281784,both_solved
21,onnx/ruarobot/perturbations_0.onnx,vnnlib/ruarobot/hyperrectangle_6181.vnnlib,TIMEOUT,0,21.6017,sat,F,1,5.329187882,vnncomp_only
22,onnx/medical/perturbations_0.onnx,vnnlib/medical/hyperrectangle_2512.vnnlib,CERTIFIED,1,0.4502,unsat,V,1,5.299983264,both_solved
23,onnx/ruarobot/perturbations_0.onnx,vnnlib/ruarobot/hyperrectangle_703.vnnlib,TIMEOUT,0,20.8091,sat,F,1,7.873998307,vnncomp_only
24,onnx/ruarobot/perturbations_0.onnx,vnnlib/ruarobot/hyperrectangle_1877.vnnlib,FALSIFIED,1,0.4157,sat,F,1,5.507459216,both_solved
25,onnx/ruarobot/perturbations_0.onnx,vnnlib/ruarobot/hyperrectangle_440.vnnlib,FALSIFIED,1,0.3773,sat,F,1,5.375849527,both_solved
26,onnx/ruarobot/perturbations_0.onnx,vnnlib/ruarobot/hyperrectangle_4938.vnnlib,FALSIFIED,1,1.7211,sat,F,1,5.693990607,both_solved
27,onnx/medical/perturbations_0.onnx,vnnlib/medical/hyperrectangle_2147.vnnlib,CERTIFIED,1,0.4772,unsat,V,1,5.46104237,both_solved
28,onnx/ruarobot/perturbations_0.onnx,vnnlib/ruarobot/hyperrectangle_2999.vnnlib,CERTIFIED,1,0.3495,unsat,V,1,5.469822898,both_solved
29,onnx/ruarobot/perturbations_0.onnx,vnnlib/ruarobot/hyperrectangle_2982.vnnlib,FALSIFIED,1,0.3772,sat,F,1,5.415999723,both_solved
30,onnx/ruarobot/perturbations_0.onnx,vnnlib/ruarobot/hyperrectangle_4779.vnnlib,CERTIFIED,1,0.3823,unsat,V,1,5.469524904,both_solved
31,onnx/ruarobot/perturbations_0.onnx,vnnlib/ruarobot/hyperrectangle_3826.vnnlib,CERTIFIED,1,0.3708,unsat,V,1,5.558069464,both_solved
32,onnx/ruarobot/perturbations_0.onnx,vnnlib/ruarobot/hyperrectangle_6603.vnnlib,FALSIFIED,1,0.3185,sat,F,1,3.623114805,both_solved
33,onnx/ruarobot/perturbations_0.onnx,vnnlib/ruarobot/hyperrectangle_6463.vnnlib,FALSIFIED,1,0.3986,sat,F,1,6.885663446,both_solved
34,onnx/ruarobot/perturbations_0.onnx,vnnlib/ruarobot/hyperrectangle_7577.vnnlib,TIMEOUT,0,20.5469,sat,F,1,5.111469854,vnncomp_only
35,onnx/ruarobot/perturbations_0.onnx,vnnlib/ruarobot/hyperrectangle_6251.vnnlib,TIMEOUT,0,21.5449,sat,F,1,3.538397714,vnncomp_only
36,onnx/ruarobot/perturbations_0.onnx,vnnlib/ruarobot/hyperrectangle_3787.vnnlib,CERTIFIED,1,0.6202,unsat,V,1,5.384807602,both_solved
37,onnx/ruarobot/perturbations_0.onnx,vnnlib/ruarobot/hyperrectangle_3400.vnnlib,CERTIFIED,1,2.207,unsat,V,1,6.541833239,both_solved
38,onnx/ruarobot/perturbations_0.onnx,vnnlib/ruarobot/hyperrectangle_6580.vnnlib,TIMEOUT,0,20.3632,sat,F,1,3.273423365,vnncomp_only
39,onnx/ruarobot/perturbations_0.onnx,vnnlib/ruarobot/hyperrectangle_3758.vnnlib,CERTIFIED,1,0.319,unsat,V,1,5.318248344,both_solved
40,onnx/ruarobot/perturbations_0.onnx,vnnlib/ruarobot/hyperrectangle_1023.vnnlib,TIMEOUT,0,20.2404,sat,F,1,5.522995203,vnncomp_only
41,onnx/ruarobot/perturbations_0.onnx,vnnlib/ruarobot/hyperrectangle_7477.vnnlib,TIMEOUT,0,20.7052,sat,F,1,3.301855729,vnncomp_only
42,onnx/medical/perturbations_0.onnx,vnnlib/medical/hyperrectangle_963.vnnlib,FALSIFIED,1,0.3854,sat,F,1,5.401017441,both_solved
43,onnx/medical/perturbations_0.onnx,vnnlib/medical/hyperrectangle_2504.vnnlib,CERTIFIED,1,0.5484,unsat,V,1,5.466156267,both_solved
44,onnx/ruarobot/perturbations_0.onnx,vnnlib/ruarobot/hyperrectangle_7843.vnnlib,FALSIFIED,1,0.3541,sat,F,1,3.239468173,both_solved
45,onnx/ruarobot/perturbations_0.onnx,vnnlib/ruarobot/hyperrectangle_7245.vnnlib,FALSIFIED,1,0.4781,sat,F,1,6.914348057,both_solved
46,onnx/ruarobot/perturbations_0.onnx,vnnlib/ruarobot/hyperrectangle_3030.vnnlib,CERTIFIED,1,0.4644,unsat,V,1,5.41322948,both_solved
47,onnx/ruarobot/perturbations_0.onnx,vnnlib/ruarobot/hyperrectangle_1523.vnnlib,FALSIFIED,1,0.4054,sat,F,1,6.852233676,both_solved
48,onnx/ruarobot/perturbations_0.onnx,vnnlib/ruarobot/hyperrectangle_4339.vnnlib,TIMEOUT,0,20.4193,sat,F,1,6.899406696,vnncomp_only
49,onnx/ruarobot/perturbations_0.onnx,vnnlib/ruarobot/hyperrectangle_3282.vnnlib,FALSIFIED,1,0.438,sat,F,1,5.363441205,both_solved
50,onnx/ruarobot/perturbations_0.onnx,vnnlib/ruarobot/hyperrectangle_1265.vnnlib,TIMEOUT,0,20.4182,sat,F,1,5.807953889,vnncomp_only
51,onnx/ruarobot/perturbations_0.onnx,vnnlib/ruarobot/hyperrectangle_2268.vnnlib,TIMEOUT,0,20.0941,sat,penalty,0,5.367770453,neither
52,onnx/ruarobot/perturbations_0.onnx,vnnlib/ruarobot/hyperrectangle_4128.vnnlib,FALSIFIED,1,0.3119,sat,penalty,0,5.366015213,ours_only
53,onnx/ruarobot/perturbations_0.onnx,vnnlib/ruarobot/hyperrectangle_6563.vnnlib,FALSIFIED,1,0.3685,sat,F,1,3.258036702,both_solved
54,onnx/ruarobot/perturbations_0.onnx,vnnlib/ruarobot/hyperrectangle_3805.vnnlib,FALSIFIED,1,0.3945,sat,F,1,5.357502074,both_solved
55,onnx/ruarobot/perturbations_0.onnx,vnnlib/ruarobot/hyperrectangle_5356.vnnlib,FALSIFIED,1,0.3928,sat,F,1,3.713806581,both_solved
56,onnx/ruarobot/perturbations_0.onnx,vnnlib/ruarobot/hyperrectangle_280.vnnlib,CERTIFIED,1,0.8151,unsat,V,1,5.794264198,both_solved
57,onnx/ruarobot/perturbations_0.onnx,vnnlib/ruarobot/hyperrectangle_4010.vnnlib,FALSIFIED,1,0.3507,sat,penalty,0,5.427545464,ours_only
58,onnx/ruarobot/perturbations_0.onnx,vnnlib/ruarobot/hyperrectangle_5677.vnnlib,FALSIFIED,1,0.3578,sat,F,1,3.1972191,both_solved
59,onnx/ruarobot/perturbations_0.onnx,vnnlib/ruarobot/hyperrectangle_7032.vnnlib,TIMEOUT,0,21.276,sat,F,1,6.889376383,vnncomp_only
60,onnx/ruarobot/perturbations_0.onnx,vnnlib/ruarobot/hyperrectangle_2900.vnnlib,CERTIFIED,1,0.4067,unsat,V,1,5.555478892,both_solved
61,onnx/ruarobot/perturbations_0.onnx,vnnlib/ruarobot/hyperrectangle_6784.vnnlib,FALSIFIED,1,0.3772,sat,F,1,5.395537191,both_solved
62,onnx/ruarobot/perturbations_0.onnx,vnnlib/ruarobot/hyperrectangle_5236.vnnlib,FALSIFIED,1,0.9102,sat,F,1,6.823839282,both_solved
63,onnx/medical/perturbations_0.onnx,vnnlib/medical/hyperrectangle_585.vnnlib,CERTIFIED,1,0.3418,unsat,V,1,5.357067931,both_solved
64,onnx/ruarobot/perturbations_0.onnx,vnnlib/ruarobot/hyperrectangle_3507.vnnlib,FALSIFIED,1,0.5171,sat,F,1,5.776176046,both_solved
65,onnx/medical/perturbations_0.onnx,vnnlib/medical/hyperrectangle_134.vnnlib,CERTIFIED,1,0.3467,unsat,V,1,5.3276127,both_solved
66,onnx/ruarobot/perturbations_0.onnx,vnnlib/ruarobot/hyperrectangle_1079.vnnlib,FALSIFIED,1,0.4029,sat,penalty,0,5.434493163,ours_only
67,onnx/ruarobot/perturbations_0.onnx,vnnlib/ruarobot/hyperrectangle_7490.vnnlib,CERTIFIED,1,0.3511,unsat,V,1,5.317854445,both_solved
68,onnx/medical/perturbations_0.onnx,vnnlib/medical/hyperrectangle_576.vnnlib,CERTIFIED,1,0.2737,unsat,V,1,5.355802191,both_solved
69,onnx/ruarobot/perturbations_0.onnx,vnnlib/ruarobot/hyperrectangle_4032.vnnlib,FALSIFIED,1,0.3161,sat,F,1,6.902102101,both_solved
70,onnx/medical/perturbations_0.onnx,vnnlib/medical/hyperrectangle_1698.vnnlib,CERTIFIED,1,0.3314,unsat,V,1,5.31638589,both_solved
71,onnx/ruarobot/perturbations_0.onnx,vnnlib/ruarobot/hyperrectangle_2334.vnnlib,FALSIFIED,1,0.3164,sat,F,1,3.288293263,both_solved
72,onnx/medical/perturbations_0.onnx,vnnlib/medical/hyperrectangle_379.vnnlib,CERTIFIED,1,0.4053,unsat,V,1,5.414661345,both_solved
73,onnx/ruarobot/perturbations_0.onnx,vnnlib/ruarobot/hyperrectangle_1157.vnnlib,CERTIFIED,1,0.5539,unsat,V,1,5.657723247,both_solved
74,onnx/ruarobot/perturbations_0.onnx,vnnlib/ruarobot/hyperrectangle_5542.vnnlib,TIMEOUT,0,21.4862,sat,penalty,0,5.396332434,neither
75,onnx/ruarobot/perturbations_0.onnx,vnnlib/ruarobot/hyperrectangle_3183.vnnlib,CERTIFIED,1,0.351,unsat,V,1,5.400793854,both_solved
76,onnx/ruarobot/perturbations_0.onnx,vnnlib/ruarobot/hyperrectangle_6755.vnnlib,TIMEOUT,0,21.5203,sat,F,1,3.669945982,vnncomp_only
77,onnx/medical/perturbations_0.onnx,vnnlib/medical/hyperrectangle_1237.vnnlib,CERTIFIED,1,0.2985,unsat,V,1,5.30230555,both_solved
78,onnx/ruarobot/perturbations_0.onnx,vnnlib/ruarobot/hyperrectangle_5995.vnnlib,CERTIFIED,1,0.3047,unsat,V,1,5.379284339,both_solved
79,onnx/medical/perturbations_0.onnx,vnnlib/medical/hyperrectangle_2303.vnnlib,TIMEOUT,0,,run_instance_timeout,,0,80.002583478,neither
80,onnx/ruarobot/perturbations_0.onnx,vnnlib/ruarobot/hyperrectangle_1551.vnnlib,FALSIFIED,1,0.4382,sat,F,1,3.642299269,both_solved
81,onnx/ruarobot/perturbations_0.onnx,vnnlib/ruarobot/hyperrectangle_332.vnnlib,TIMEOUT,0,21.6597,sat,penalty,0,5.550794682,neither
82,onnx/ruarobot/perturbations_0.onnx,vnnlib/ruarobot/hyperrectangle_6877.vnnlib,TIMEOUT,0,20.1698,sat,F,1,3.206250725,vnncomp_only
83,onnx/ruarobot/perturbations_0.onnx,vnnlib/ruarobot/hyperrectangle_6748.vnnlib,FALSIFIED,1,0.327,sat,F,1,3.208289869,both_solved
84,onnx/ruarobot/perturbations_0.onnx,vnnlib/ruarobot/hyperrectangle_5682.vnnlib,FALSIFIED,1,0.3706,sat,F,1,3.203927313,both_solved
85,onnx/ruarobot/perturbations_0.onnx,vnnlib/ruarobot/hyperrectangle_5841.vnnlib,CERTIFIED,1,0.4487,unsat,V,1,5.495693069,both_solved
86,onnx/medical/perturbations_0.onnx,vnnlib/medical/hyperrectangle_444.vnnlib,CERTIFIED,1,0.383,unsat,V,1,5.528726193,both_solved
87,onnx/medical/perturbations_0.onnx,vnnlib/medical/hyperrectangle_94.vnnlib,CERTIFIED,1,0.5336,unsat,V,1,5.731673375,both_solved
88,onnx/medical/perturbations_0.onnx,vnnlib/medical/hyperrectangle_394.vnnlib,CERTIFIED,1,0.2701,unsat,V,1,5.304613052,both_solved
89,onnx/ruarobot/perturbations_0.onnx,vnnlib/ruarobot/hyperrectangle_2370.vnnlib,TIMEOUT,0,20.6337,sat,F,1,3.269722978,vnncomp_only
90,onnx/medical/perturbations_0.onnx,vnnlib/medical/hyperrectangle_478.vnnlib,CERTIFIED,1,0.3342,unsat,V,1,5.490019818,both_solved
91,onnx/medical/perturbations_0.onnx,vnnlib/medical/hyperrectangle_854.vnnlib,CERTIFIED,1,0.2674,unsat,V,1,5.331631666,both_solved
92,onnx/medical/perturbations_0.onnx,vnnlib/medical/hyperrectangle_1739.vnnlib,CERTIFIED,1,11.2768,unsat,,0,46.010824384,ours_only
93,onnx/ruarobot/perturbations_0.onnx,vnnlib/ruarobot/hyperrectangle_3251.vnnlib,CERTIFIED,1,0.5695,unsat,V,1,5.567166647,both_solved
94,onnx/ruarobot/perturbations_0.onnx,vnnlib/ruarobot/hyperrectangle_2467.vnnlib,FALSIFIED,1,0.2912,sat,F,1,3.203633158,both_solved
95,onnx/medical/perturbations_0.onnx,vnnlib/medical/hyperrectangle_2027.vnnlib,CERTIFIED,1,0.5431,unsat,V,1,5.580974631,both_solved
96,onnx/ruarobot/perturbations_0.onnx,vnnlib/ruarobot/hyperrectangle_5270.vnnlib,FALSIFIED,1,0.3855,sat,F,1,5.345839528,both_solved
97,onnx/medical/perturbations_0.onnx,vnnlib/medical/hyperrectangle_1246.vnnlib,FALSIFIED,1,0.3755,sat,F,1,3.209855959,both_solved
98,onnx/ruarobot/perturbations_0.onnx,vnnlib/ruarobot/hyperrectangle_5278.vnnlib,FALSIFIED,1,0.3714,sat,F,1,3.223267748,both_solved
99,onnx/ruarobot/perturbations_0.onnx,vnnlib/ruarobot/hyperrectangle_6509.vnnlib,TIMEOUT,0,21.515,sat,F,1,3.317984101,vnncomp_only
100,onnx/ruarobot/perturbations_0.onnx,vnnlib/ruarobot/hyperrectangle_2602.vnnlib,TIMEOUT,0,20.6209,sat,F,1,5.445172538,vnncomp_only
101,onnx/ruarobot/perturbations_0.onnx,vnnlib/ruarobot/hyperrectangle_5745.vnnlib,FALSIFIED,1,0.3138,sat,F,1,3.201881145,both_solved
102,onnx/ruarobot/perturbations_0.onnx,vnnlib/ruarobot/hyperrectangle_1220.vnnlib,FALSIFIED,1,0.384,sat,F,1,5.355341661,both_solved
103,onnx/ruarobot/perturbations_0.onnx,vnnlib/ruarobot/hyperrectangle_1174.vnnlib,TIMEOUT,0,21.688,sat,F,1,3.523254185,vnncomp_only
104,onnx/medical/perturbations_0.onnx,vnnlib/medical/hyperrectangle_2205.vnnlib,FALSIFIED,1,0.3488,sat,F,1,3.19911338,both_solved
105,onnx/ruarobot/perturbations_0.onnx,vnnlib/ruarobot/hyperrectangle_2561.vnnlib,FALSIFIED,1,0.3632,sat,F,1,3.207243624,both_solved
106,onnx/ruarobot/perturbations_0.onnx,vnnlib/ruarobot/hyperrectangle_773.vnnlib,FALSIFIED,1,0.3964,sat,F,1,3.290067368,both_solved
107,onnx/ruarobot/perturbations_0.onnx,vnnlib/ruarobot/hyperrectangle_3574.vnnlib,FALSIFIED,1,0.4046,sat,F,1,3.298334968,both_solved
108,onnx/medical/perturbations_0.onnx,vnnlib/medical/hyperrectangle_57.vnnlib,CERTIFIED,1,4.8825,unsat,V,1,9.41796839,both_solved
109,onnx/ruarobot/perturbations_0.onnx,vnnlib/ruarobot/hyperrectangle_4840.vnnlib,FALSIFIED,1,0.5644,sat,F,1,4.989410639,both_solved
110,onnx/medical/perturbations_0.onnx,vnnlib/medical/hyperrectangle_2005.vnnlib,CERTIFIED,1,0.3487,unsat,V,1,5.332882173,both_solved
111,onnx/ruarobot/perturbations_0.onnx,vnnlib/ruarobot/hyperrectangle_468.vnnlib,TIMEOUT,0,20.8548,sat,F,1,6.846349429,vnncomp_only
112,onnx/medical/perturbations_0.onnx,vnnlib/medical/hyperrectangle_400.vnnlib,CERTIFIED,1,0.3069,unsat,V,1,5.418423704,both_solved
113,onnx/medical/perturbations_0.onnx,vnnlib/medical/hyperrectangle_1243.vnnlib,CERTIFIED,1,0.4632,unsat,V,1,5.395411962,both_solved
114,onnx/ruarobot/perturbations_0.onnx,vnnlib/ruarobot/hyperrectangle_7335.vnnlib,FALSIFIED,1,0.3693,sat,F,1,5.413569409,both_solved
115,onnx/medical/perturbations_0.onnx,vnnlib/medical/hyperrectangle_373.vnnlib,CERTIFIED,1,0.6064,unsat,V,1,5.673614,both_solved
116,onnx/medical/perturbations_0.onnx,vnnlib/medical/hyperrectangle_1988.vnnlib,TIMEOUT,0,,run_instance_timeout,,0,80.002675706,neither
117,onnx/ruarobot/perturbations_0.onnx,vnnlib/ruarobot/hyperrectangle_6099.vnnlib,FALSIFIED,1,0.5081,sat,F,1,5.394867011,both_solved
118,onnx/ruarobot/perturbations_0.onnx,vnnlib/ruarobot/hyperrectangle_3359.vnnlib,TIMEOUT,0,21.0059,sat,F,1,7.138233623,vnncomp_only
119,onnx/medical/perturbations_0.onnx,vnnlib/medical/hyperrectangle_2397.vnnlib,CERTIFIED,1,0.3384,unsat,V,1,5.410201757,both_solved
120,onnx/ruarobot/perturbations_0.onnx,vnnlib/ruarobot/hyperrectangle_4743.vnnlib,CERTIFIED,1,0.5126,unsat,V,1,5.604513045,both_solved
121,onnx/ruarobot/perturbations_0.onnx,vnnlib/ruarobot/hyperrectangle_2213.vnnlib,FALSIFIED,1,0.459,sat,penalty,0,5.368754596,ours_only
122,onnx/medical/perturbations_0.onnx,vnnlib/medical/hyperrectangle_1865.vnnlib,CERTIFIED,1,0.3513,unsat,V,1,5.299849133,both_solved
123,onnx/medical/perturbations_0.onnx,vnnlib/medical/hyperrectangle_1250.vnnlib,CERTIFIED,1,0.3353,unsat,V,1,5.396101856,both_solved
124,onnx/medical/perturbations_0.onnx,vnnlib/medical/hyperrectangle_462.vnnlib,CERTIFIED,1,0.3715,unsat,V,1,5.412680886,both_solved
125,onnx/ruarobot/perturbations_0.onnx,vnnlib/ruarobot/hyperrectangle_1670.vnnlib,FALSIFIED,1,0.3751,sat,F,1,3.196397295,both_solved
126,onnx/medical/perturbations_0.onnx,vnnlib/medical/hyperrectangle_78.vnnlib,CERTIFIED,1,0.347,unsat,V,1,5.345787029,both_solved
127,onnx/ruarobot/perturbations_0.onnx,vnnlib/ruarobot/hyperrectangle_4985.vnnlib,FALSIFIED,1,0.3186,sat,F,1,3.571814308,both_solved
128,onnx/ruarobot/perturbations_0.onnx,vnnlib/ruarobot/hyperrectangle_5258.vnnlib,CERTIFIED,1,0.5368,unsat,V,1,5.618178604,both_solved
129,onnx/ruarobot/perturbations_0.onnx,vnnlib/ruarobot/hyperrectangle_2500.vnnlib,FALSIFIED,1,0.3642,sat,F,1,3.211274888,both_solved
130,onnx/ruarobot/perturbations_0.onnx,vnnlib/ruarobot/hyperrectangle_6887.vnnlib,FALSIFIED,1,0.4876,sat,F,1,5.341782796,both_solved
131,onnx/ruarobot/perturbations_0.onnx,vnnlib/ruarobot/hyperrectangle_1337.vnnlib,FALSIFIED,1,0.4724,sat,F,1,5.419701514,both_solved
132,onnx/ruarobot/perturbations_0.onnx,vnnlib/ruarobot/hyperrectangle_7652.vnnlib,TIMEOUT,0,21.031,sat,F,1,3.523624786,vnncomp_only
133,onnx/ruarobot/perturbations_0.onnx,vnnlib/ruarobot/hyperrectangle_4742.vnnlib,CERTIFIED,1,0.3555,unsat,V,1,5.475509487,both_solved
134,onnx/ruarobot/perturbations_0.onnx,vnnlib/ruarobot/hyperrectangle_204.vnnlib,FALSIFIED,1,0.3866,sat,F,1,5.553561585,both_solved
135,onnx/ruarobot/perturbations_0.onnx,vnnlib/ruarobot/hyperrectangle_1101.vnnlib,FALSIFIED,1,0.3843,sat,F,1,3.213133554,both_solved
136,onnx/ruarobot/perturbations_0.onnx,vnnlib/ruarobot/hyperrectangle_3672.vnnlib,TIMEOUT,0,21.223,sat,F,1,5.978645343,vnncomp_only
137,onnx/ruarobot/perturbations_0.onnx,vnnlib/ruarobot/hyperrectangle_1594.vnnlib,FALSIFIED,1,0.3538,sat,F,1,5.49766095,both_solved
138,onnx/ruarobot/perturbations_0.onnx,vnnlib/ruarobot/hyperrectangle_2234.vnnlib,TIMEOUT,0,20.982,sat,F,1,5.341054108,vnncomp_only
139,onnx/ruarobot/perturbations_0.onnx,vnnlib/ruarobot/hyperrectangle_3303.vnnlib,FALSIFIED,1,0.3637,sat,penalty,0,5.399338662,ours_only
140,onnx/medical/perturbations_0.onnx,vnnlib/medical/hyperrectangle_2496.vnnlib,TIMEOUT,0,20.2909,sat,F,1,4.633022694,vnncomp_only
141,onnx/ruarobot/perturbations_0.onnx,vnnlib/ruarobot/hyperrectangle_7902.vnnlib,FALSIFIED,1,0.3194,sat,F,1,3.215770171,both_solved
142,onnx/medical/perturbations_0.onnx,vnnlib/medical/hyperrectangle_790.vnnlib,CERTIFIED,1,0.3947,unsat,V,1,5.35383597,both_solved
143,onnx/ruarobot/perturbations_0.onnx,vnnlib/ruarobot/hyperrectangle_6109.vnnlib,FALSIFIED,1,0.4521,sat,F,1,6.868654206,both_solved
144,onnx/ruarobot/perturbations_0.onnx,vnnlib/ruarobot/hyperrectangle_7247.vnnlib,FALSIFIED,1,0.4941,sat,F,1,5.488538207,both_solved
145,onnx/ruarobot/perturbations_0.onnx,vnnlib/ruarobot/hyperrectangle_5249.vnnlib,CERTIFIED,1,0.5921,unsat,V,1,5.652308988,both_solved
146,onnx/ruarobot/perturbations_0.onnx,vnnlib/ruarobot/hyperrectangle_7645.vnnlib,FALSIFIED,1,0.3485,sat,F,1,3.232338166,both_solved
147,onnx/ruarobot/perturbations_0.onnx,vnnlib/ruarobot/hyperrectangle_1006.vnnlib,FALSIFIED,1,0.3885,sat,F,1,3.965365187,both_solved
148,onnx/ruarobot/perturbations_0.onnx,vnnlib/ruarobot/hyperrectangle_685.vnnlib,FALSIFIED,1,0.3942,sat,F,1,6.961346115,both_solved
149,onnx/ruarobot/perturbations_0.onnx,vnnlib/ruarobot/hyperrectangle_7020.vnnlib,FALSIFIED,1,0.3813,sat,F,1,5.449634468,both_solved
150,onnx/medical/perturbations_0.onnx,vnnlib/medical/hyperrectangle_1013.vnnlib,CERTIFIED,1,0.4952,unsat,V,1,5.580318468,both_solved
151,onnx/ruarobot/perturbations_0.onnx,vnnlib/ruarobot/hyperrectangle_2472.vnnlib,FALSIFIED,1,0.3052,sat,F,1,3.196540399,both_solved
152,onnx/ruarobot/perturbations_0.onnx,vnnlib/ruarobot/hyperrectangle_3710.vnnlib,CERTIFIED,1,0.4888,unsat,V,1,5.608326834,both_solved
153,onnx/ruarobot/perturbations_0.onnx,vnnlib/ruarobot/hyperrectangle_1634.vnnlib,FALSIFIED,1,0.4051,sat,penalty,0,5.356888124,ours_only
154,onnx/medical/perturbations_0.onnx,vnnlib/medical/hyperrectangle_351.vnnlib,FALSIFIED,1,0.4334,sat,F,1,3.253098184,both_solved
155,onnx/medical/perturbations_0.onnx,vnnlib/medical/hyperrectangle_2467.vnnlib,CERTIFIED,1,0.3555,unsat,V,1,5.44280608,both_solved
156,onnx/ruarobot/perturbations_0.onnx,vnnlib/ruarobot/hyperrectangle_744.vnnlib,FALSIFIED,1,0.3966,sat,penalty,0,5.472918009,ours_only
157,onnx/medical/perturbations_0.onnx,vnnlib/medical/hyperrectangle_2530.vnnlib,CERTIFIED,1,0.4929,unsat,V,1,5.406129956,both_solved
158,onnx/medical/perturbations_0.onnx,vnnlib/medical/hyperrectangle_2386.vnnlib,CERTIFIED,1,0.4903,unsat,V,1,5.409787307,both_solved
159,onnx/ruarobot/perturbations_0.onnx,vnnlib/ruarobot/hyperrectangle_4634.vnnlib,FALSIFIED,1,0.302,sat,F,1,3.211560379,both_solved
160,onnx/ruarobot/perturbations_0.onnx,vnnlib/ruarobot/hyperrectangle_1113.vnnlib,CERTIFIED,1,0.6765,unsat,V,1,5.609206966,both_solved
161,onnx/ruarobot/perturbations_0.onnx,vnnlib/ruarobot/hyperrectangle_5247.vnnlib,FALSIFIED,1,0.3274,sat,F,1,5.449849271,both_solved
162,onnx/ruarobot/perturbations_0.onnx,vnnlib/ruarobot/hyperrectangle_3269.vnnlib,CERTIFIED,1,0.3658,unsat,V,1,5.397278642,both_solved
163,onnx/medical/perturbations_0.onnx,vnnlib/medical/hyperrectangle_2670.vnnlib,TIMEOUT,0,20.6267,sat,F,1,6.869963367,vnncomp_only
164,onnx/medical/perturbations_0.onnx,vnnlib/medical/hyperrectangle_2535.vnnlib,FALSIFIED,1,0.2992,sat,F,1,3.191271151,both_solved
165,onnx/ruarobot/perturbations_0.onnx,vnnlib/ruarobot/hyperrectangle_6610.vnnlib,TIMEOUT,0,20.5931,sat,penalty,0,5.651296419,neither
166,onnx/ruarobot/perturbations_0.onnx,vnnlib/ruarobot/hyperrectangle_993.vnnlib,TIMEOUT,0,,run_instance_timeout,,0,80.002737058,neither
167,onnx/ruarobot/perturbations_0.onnx,vnnlib/ruarobot/hyperrectangle_1297.vnnlib,CERTIFIED,1,0.6463,unsat,V,1,5.706252536,both_solved
168,onnx/medical/perturbations_0.onnx,vnnlib/medical/hyperrectangle_525.vnnlib,CERTIFIED,1,0.4438,unsat,V,1,5.371617826,both_solved
169,onnx/medical/perturbations_0.onnx,vnnlib/medical/hyperrectangle_584.vnnlib,CERTIFIED,1,0.5824,unsat,V,1,5.523043047,both_solved
170,onnx/ruarobot/perturbations_0.onnx,vnnlib/ruarobot/hyperrectangle_5040.vnnlib,TIMEOUT,0,21.0625,sat,penalty,0,5.365131559,neither
171,onnx/ruarobot/perturbations_0.onnx,vnnlib/ruarobot/hyperrectangle_3943.vnnlib,CERTIFIED,1,0.5752,unsat,V,1,5.745238118,both_solved
172,onnx/ruarobot/perturbations_0.onnx,vnnlib/ruarobot/hyperrectangle_7243.vnnlib,TIMEOUT,0,21.1076,sat,F,1,6.915231282,vnncomp_only
173,onnx/ruarobot/perturbations_0.onnx,vnnlib/ruarobot/hyperrectangle_2873.vnnlib,FALSIFIED,1,0.3445,sat,F,1,3.217209963,both_solved
174,onnx/medical/perturbations_0.onnx,vnnlib/medical/hyperrectangle_2163.vnnlib,CERTIFIED,1,0.43,unsat,V,1,5.314179275,both_solved
175,onnx/ruarobot/perturbations_0.onnx,vnnlib/ruarobot/hyperrectangle_7137.vnnlib,FALSIFIED,1,0.4079,sat,F,1,6.899622488,both_solved
176,onnx/ruarobot/perturbations_0.onnx,vnnlib/ruarobot/hyperrectangle_449.vnnlib,FALSIFIED,1,0.3788,sat,F,1,3.449006491,both_solved
177,onnx/ruarobot/perturbations_0.onnx,vnnlib/ruarobot/hyperrectangle_4065.vnnlib,FALSIFIED,1,0.4189,sat,F,1,5.386065815,both_solved
178,onnx/ruarobot/perturbations_0.onnx,vnnlib/ruarobot/hyperrectangle_3144.vnnlib,TIMEOUT,0,20.845,sat,F,1,6.823716277,vnncomp_only
179,onnx/medical/perturbations_0.onnx,vnnlib/medical/hyperrectangle_2053.vnnlib,CERTIFIED,1,0.4348,unsat,V,1,5.428603917,both_solved
180,onnx/medical/perturbations_0.onnx,vnnlib/medical/hyperrectangle_2731.vnnlib,CERTIFIED,1,0.3997,unsat,V,1,5.378181539,both_solved
181,onnx/medical/perturbations_0.onnx,vnnlib/medical/hyperrectangle_1222.vnnlib,FALSIFIED,1,0.3078,sat,F,1,5.452091598,both_solved
182,onnx/ruarobot/perturbations_0.onnx,vnnlib/ruarobot/hyperrectangle_225.vnnlib,FALSIFIED,1,0.4941,sat,F,1,6.86804268,both_solved
183,onnx/medical/perturbations_0.onnx,vnnlib/medical/hyperrectangle_132.vnnlib,TIMEOUT,0,20.8989,sat,F,1,3.209695175,vnncomp_only
184,onnx/ruarobot/perturbations_0.onnx,vnnlib/ruarobot/hyperrectangle_7623.vnnlib,FALSIFIED,1,0.377,sat,penalty,0,5.448015347,ours_only
185,onnx/medical/perturbations_0.onnx,vnnlib/medical/hyperrectangle_1098.vnnlib,CERTIFIED,1,0.3826,unsat,V,1,5.483928788,both_solved
186,onnx/ruarobot/perturbations_0.onnx,vnnlib/ruarobot/hyperrectangle_6223.vnnlib,TIMEOUT,0,20.8361,sat,penalty,0,5.333089709,neither
187,onnx/ruarobot/perturbations_0.onnx,vnnlib/ruarobot/hyperrectangle_661.vnnlib,FALSIFIED,1,0.3199,sat,F,1,3.401237724,both_solved
188,onnx/medical/perturbations_0.onnx,vnnlib/medical/hyperrectangle_1934.vnnlib,CERTIFIED,1,0.4289,unsat,V,1,5.406788015,both_solved
189,onnx/ruarobot/perturbations_0.onnx,vnnlib/ruarobot/hyperrectangle_4833.vnnlib,FALSIFIED,1,0.3798,sat,F,1,5.391314841,both_solved
190,onnx/ruarobot/perturbations_0.onnx,vnnlib/ruarobot/hyperrectangle_926.vnnlib,TIMEOUT,0,21.1069,sat,F,1,6.848534702,vnncomp_only
191,onnx/ruarobot/perturbations_0.onnx,vnnlib/ruarobot/hyperrectangle_5472.vnnlib,CERTIFIED,1,4.7576,unsat,V,1,9.393070901,both_solved
192,onnx/ruarobot/perturbations_0.onnx,vnnlib/ruarobot/hyperrectangle_5044.vnnlib,TIMEOUT,0,21.1116,sat,penalty,0,5.462791326,neither
193,onnx/ruarobot/perturbations_0.onnx,vnnlib/ruarobot/hyperrectangle_428.vnnlib,FALSIFIED,1,0.3396,sat,F,1,5.386602364,both_solved
194,onnx/ruarobot/perturbations_0.onnx,vnnlib/ruarobot/hyperrectangle_5911.vnnlib,CERTIFIED,1,0.3507,unsat,V,1,5.339120027,both_solved
195,onnx/ruarobot/perturbations_0.onnx,vnnlib/ruarobot/hyperrectangle_4017.vnnlib,TIMEOUT,0,20.7655,sat,F,1,6.840203532,vnncomp_only
196,onnx/ruarobot/perturbations_0.onnx,vnnlib/ruarobot/hyperrectangle_3895.vnnlib,FALSIFIED,1,0.2988,sat,F,1,5.360506998,both_solved
197,onnx/ruarobot/perturbations_0.onnx,vnnlib/ruarobot/hyperrectangle_3744.vnnlib,FALSIFIED,1,0.3643,sat,F,1,3.232712813,both_solved
198,onnx/ruarobot/perturbations_0.onnx,vnnlib/ruarobot/hyperrectangle_1392.vnnlib,FALSIFIED,1,0.4031,sat,F,1,6.842712876,both_solved
199,onnx/ruarobot/perturbations_0.onnx,vnnlib/ruarobot/hyperrectangle_1919.vnnlib,FALSIFIED,1,0.3645,sat,F,1,5.036092178,both_solved
200,onnx/ruarobot/perturbations_0.onnx,vnnlib/ruarobot/hyperrectangle_7268.vnnlib,FALSIFIED,1,0.3993,sat,F,1,6.903555637,both_solved
201,onnx/ruarobot/perturbations_0.onnx,vnnlib/ruarobot/hyperrectangle_6233.vnnlib,FALSIFIED,1,0.3537,sat,F,1,3.234203836,both_solved
202,onnx/medical/perturbations_0.onnx,vnnlib/medical/hyperrectangle_232.vnnlib,CERTIFIED,1,0.3507,unsat,V,1,5.394864034,both_solved
203,onnx/ruarobot/perturbations_0.onnx,vnnlib/ruarobot/hyperrectangle_3112.vnnlib,FALSIFIED,1,0.3839,sat,F,1,6.875030414,both_solved
204,onnx/medical/perturbations_0.onnx,vnnlib/medical/hyperrectangle_961.vnnlib,CERTIFIED,1,0.3497,unsat,V,1,5.410924199,both_solved
205,onnx/medical/perturbations_0.onnx,vnnlib/medical/hyperrectangle_2601.vnnlib,CERTIFIED,1,0.4501,unsat,V,1,5.779951256,both_solved
206,onnx/ruarobot/perturbations_0.onnx,vnnlib/ruarobot/hyperrectangle_6468.vnnlib,FALSIFIED,1,0.3819,sat,F,1,3.231683372,both_solved
207,onnx/medical/perturbations_0.onnx,vnnlib/medical/hyperrectangle_374.vnnlib,FALSIFIED,1,0.4686,sat,F,1,7.210849414,both_solved
208,onnx/medical/perturbations_0.onnx,vnnlib/medical/hyperrectangle_2519.vnnlib,CERTIFIED,1,0.3932,unsat,V,1,5.47856182,both_solved
209,onnx/medical/perturbations_0.onnx,vnnlib/medical/hyperrectangle_162.vnnlib,CERTIFIED,1,0.5553,unsat,V,1,5.738105039,both_solved
210,onnx/medical/perturbations_0.onnx,vnnlib/medical/hyperrectangle_2200.vnnlib,CERTIFIED,1,0.3491,unsat,V,1,5.4712874,both_solved
211,onnx/ruarobot/perturbations_0.onnx,vnnlib/ruarobot/hyperrectangle_7904.vnnlib,FALSIFIED,1,0.3151,sat,F,1,3.196991802,both_solved
212,onnx/ruarobot/perturbations_0.onnx,vnnlib/ruarobot/hyperrectangle_2262.vnnlib,TIMEOUT,0,21.2968,sat,F,1,6.857068908,vnncomp_only
213,onnx/ruarobot/perturbations_0.onnx,vnnlib/ruarobot/hyperrectangle_3394.vnnlib,FALSIFIED,1,0.3308,sat,F,1,6.865720763,both_solved
214,onnx/ruarobot/perturbations_0.onnx,vnnlib/ruarobot/hyperrectangle_375.vnnlib,FALSIFIED,1,0.3802,sat,F,1,3.814383206,both_solved
215,onnx/medical/perturbations_0.onnx,vnnlib/medical/hyperrectangle_2707.vnnlib,CERTIFIED,1,0.7488,unsat,V,1,5.982281383,both_solved
216,onnx/ruarobot/perturbations_0.onnx,vnnlib/ruarobot/hyperrectangle_1196.vnnlib,FALSIFIED,1,0.3455,sat,penalty,0,5.451561946,ours_only
217,onnx/ruarobot/perturbations_0.onnx,vnnlib/ruarobot/hyperrectangle_4601.vnnlib,CERTIFIED,1,1.6193,unsat,V,1,6.168725096,both_solved
218,onnx/medical/perturbations_0.onnx,vnnlib/medical/hyperrectangle_75.vnnlib,CERTIFIED,1,0.3005,unsat,V,1,5.41052929,both_solved
219,onnx/ruarobot/perturbations_0.onnx,vnnlib/ruarobot/hyperrectangle_2633.vnnlib,FALSIFIED,1,0.3758,sat,F,1,3.212566274,both_solved
220,onnx/ruarobot/perturbations_0.onnx,vnnlib/ruarobot/hyperrectangle_3197.vnnlib,FALSIFIED,1,0.4126,sat,penalty,0,5.40391752,ours_only
221,onnx/ruarobot/perturbations_0.onnx,vnnlib/ruarobot/hyperrectangle_5353.vnnlib,TIMEOUT,0,20.391,sat,F,1,5.389563446,vnncomp_only
222,onnx/ruarobot/perturbations_0.onnx,vnnlib/ruarobot/hyperrectangle_6505.vnnlib,FALSIFIED,1,0.2971,sat,F,1,5.343615476,both_solved
223,onnx/ruarobot/perturbations_0.onnx,vnnlib/ruarobot/hyperrectangle_1890.vnnlib,FALSIFIED,1,0.3907,sat,F,1,3.443760002,both_solved
224,onnx/ruarobot/perturbations_0.onnx,vnnlib/ruarobot/hyperrectangle_5573.vnnlib,FALSIFIED,1,0.4092,sat,F,1,3.213070283,both_solved
225,onnx/ruarobot/perturbations_0.onnx,vnnlib/ruarobot/hyperrectangle_1487.vnnlib,CERTIFIED,1,0.3821,unsat,V,1,5.362951497,both_solved
226,onnx/medical/perturbations_0.onnx,vnnlib/medical/hyperrectangle_1333.vnnlib,CERTIFIED,1,0.29,unsat,V,1,5.34332759,both_solved
227,onnx/ruarobot/perturbations_0.onnx,vnnlib/ruarobot/hyperrectangle_4602.vnnlib,CERTIFIED,1,0.461,unsat,V,1,5.396694362,both_solved
228,onnx/medical/perturbations_0.onnx,vnnlib/medical/hyperrectangle_1593.vnnlib,CERTIFIED,1,0.3928,unsat,V,1,5.290804554,both_solved
229,onnx/ruarobot/perturbations_0.onnx,vnnlib/ruarobot/hyperrectangle_1555.vnnlib,CERTIFIED,1,0.3205,unsat,V,1,5.464156653,both_solved
230,onnx/medical/perturbations_0.onnx,vnnlib/medical/hyperrectangle_1549.vnnlib,CERTIFIED,1,0.3386,unsat,V,1,5.45445112,both_solved
231,onnx/ruarobot/perturbations_0.onnx,vnnlib/ruarobot/hyperrectangle_7095.vnnlib,FALSIFIED,1,0.4376,sat,F,1,6.85434424,both_solved
232,onnx/ruarobot/perturbations_0.onnx,vnnlib/ruarobot/hyperrectangle_6941.vnnlib,CERTIFIED,1,0.5458,unsat,V,1,5.695729287,both_solved
233,onnx/ruarobot/perturbations_0.onnx,vnnlib/ruarobot/hyperrectangle_6717.vnnlib,FALSIFIED,1,0.4031,sat,F,1,6.897906037,both_solved
234,onnx/ruarobot/perturbations_0.onnx,vnnlib/ruarobot/hyperrectangle_4863.vnnlib,FALSIFIED,1,0.3809,sat,penalty,0,5.438200773,ours_only
235,onnx/medical/perturbations_0.onnx,vnnlib/medical/hyperrectangle_2682.vnnlib,CERTIFIED,1,0.4402,unsat,V,1,5.412015794,both_solved
236,onnx/ruarobot/perturbations_0.onnx,vnnlib/ruarobot/hyperrectangle_4523.vnnlib,CERTIFIED,1,0.333,unsat,V,1,5.374787256,both_solved
237,onnx/ruarobot/perturbations_0.onnx,vnnlib/ruarobot/hyperrectangle_4496.vnnlib,CERTIFIED,1,1.6472,unsat,V,1,6.385863889,both_solved
238,onnx/ruarobot/perturbations_0.onnx,vnnlib/ruarobot/hyperrectangle_2639.vnnlib,FALSIFIED,1,0.3717,sat,F,1,3.215223244,both_solved
239,onnx/ruarobot/perturbations_0.onnx,vnnlib/ruarobot/hyperrectangle_5499.vnnlib,FALSIFIED,1,0.3609,sat,F,1,3.196546999,both_solved
240,onnx/ruarobot/perturbations_0.onnx,vnnlib/ruarobot/hyperrectangle_895.vnnlib,CERTIFIED,1,0.4183,unsat,V,1,5.303652552,both_solved
241,onnx/ruarobot/perturbations_0.onnx,vnnlib/ruarobot/hyperrectangle_2227.vnnlib,CERTIFIED,1,0.3495,unsat,V,1,5.403936656,both_solved
242,onnx/medical/perturbations_0.onnx,vnnlib/medical/hyperrectangle_167.vnnlib,CERTIFIED,1,0.2726,unsat,V,1,5.421978486,both_solved
243,onnx/ruarobot/perturbations_0.onnx,vnnlib/ruarobot/hyperrectangle_2618.vnnlib,FALSIFIED,1,0.342,sat,F,1,3.203279758,both_solved
244,onnx/ruarobot/perturbations_0.onnx,vnnlib/ruarobot/hyperrectangle_1357.vnnlib,CERTIFIED,1,0.3585,unsat,V,1,5.423582767,both_solved
245,onnx/medical/perturbations_0.onnx,vnnlib/medical/hyperrectangle_965.vnnlib,CERTIFIED,1,0.2814,unsat,V,1,5.32592052,both_solved
246,onnx/ruarobot/perturbations_0.onnx,vnnlib/ruarobot/hyperrectangle_6022.vnnlib,TIMEOUT,0,21.4603,sat,F,1,4.203489536,vnncomp_only
247,onnx/ruarobot/perturbations_0.onnx,vnnlib/ruarobot/hyperrectangle_3516.vnnlib,CERTIFIED,1,0.3606,unsat,V,1,5.557201285,both_solved
248,onnx/medical/perturbations_0.onnx,vnnlib/medical/hyperrectangle_816.vnnlib,CERTIFIED,1,0.3024,unsat,V,1,5.301281879,both_solved
249,onnx/ruarobot/perturbations_0.onnx,vnnlib/ruarobot/hyperrectangle_162.vnnlib,FALSIFIED,1,0.3054,sat,F,1,5.171471072,both_solved
250,onnx/ruarobot/perturbations_0.onnx,vnnlib/ruarobot/hyperrectangle_5704.vnnlib,FALSIFIED,1,0.4121,sat,F,1,5.481317863,both_solved
251,onnx/medical/perturbations_0.onnx,vnnlib/medical/hyperrectangle_1112.vnnlib,CERTIFIED,1,0.4038,unsat,V,1,5.368741887,both_solved
252,onnx/medical/perturbations_0.onnx,vnnlib/medical/hyperrectangle_1679.vnnlib,CERTIFIED,1,0.2714,unsat,V,1,5.296588418,both_solved
253,onnx/ruarobot/perturbations_0.onnx,vnnlib/ruarobot/hyperrectangle_6262.vnnlib,FALSIFIED,1,0.3671,sat,F,1,3.559247283,both_solved
254,onnx/medical/perturbations_0.onnx,vnnlib/medical/hyperrectangle_1147.vnnlib,CERTIFIED,1,0.4292,unsat,V,1,5.320343316,both_solved
255,onnx/medical/perturbations_0.onnx,vnnlib/medical/hyperrectangle_2065.vnnlib,CERTIFIED,1,2.1827,unsat,V,1,6.634357152,both_solved
256,onnx/ruarobot/perturbations_0.onnx,vnnlib/ruarobot/hyperrectangle_4635.vnnlib,FALSIFIED,1,0.3677,sat,penalty,0,5.373645219,ours_only
257,onnx/ruarobot/perturbations_0.onnx,vnnlib/ruarobot/hyperrectangle_1804.vnnlib,FALSIFIED,1,0.3548,sat,F,1,3.565177917,both_solved
258,onnx/ruarobot/perturbations_0.onnx,vnnlib/ruarobot/hyperrectangle_7527.vnnlib,FALSIFIED,1,0.3887,sat,F,1,3.220927158,both_solved
259,onnx/ruarobot/perturbations_0.onnx,vnnlib/ruarobot/hyperrectangle_2758.vnnlib,FALSIFIED,1,0.3822,sat,penalty,0,5.48870217,ours_only
260,onnx/ruarobot/perturbations_0.onnx,vnnlib/ruarobot/hyperrectangle_2717.vnnlib,FALSIFIED,1,0.3918,sat,F,1,3.21126085,both_solved
261,onnx/ruarobot/perturbations_0.onnx,vnnlib/ruarobot/hyperrectangle_6785.vnnlib,CERTIFIED,1,0.5731,unsat,V,1,5.767012489,both_solved
262,onnx/ruarobot/perturbations_0.onnx,vnnlib/ruarobot/hyperrectangle_4476.vnnlib,FALSIFIED,1,0.351,sat,F,1,3.284802912,both_solved
263,onnx/medical/perturbations_0.onnx,vnnlib/medical/hyperrectangle_1231.vnnlib,CERTIFIED,1,0.3432,unsat,V,1,5.387817959,both_solved
264,onnx/medical/perturbations_0.onnx,vnnlib/medical/hyperrectangle_2660.vnnlib,TIMEOUT,0,21.2982,sat,F,1,6.834166246,vnncomp_only
265,onnx/ruarobot/perturbations_0.onnx,vnnlib/ruarobot/hyperrectangle_3926.vnnlib,CERTIFIED,1,0.3909,unsat,V,1,5.544609065,both_solved
266,onnx/medical/perturbations_0.onnx,vnnlib/medical/hyperrectangle_1102.vnnlib,CERTIFIED,1,0.2761,unsat,V,1,5.303394063,both_solved
267,onnx/ruarobot/perturbations_0.onnx,vnnlib/ruarobot/hyperrectangle_2767.vnnlib,FALSIFIED,1,0.3558,sat,F,1,3.234843036,both_solved
268,onnx/ruarobot/perturbations_0.onnx,vnnlib/ruarobot/hyperrectangle_2453.vnnlib,FALSIFIED,1,0.3609,sat,F,1,3.185690722,both_solved
269,onnx/ruarobot/perturbations_0.onnx,vnnlib/ruarobot/hyperrectangle_5349.vnnlib,FALSIFIED,1,0.3689,sat,F,1,3.205137659,both_solved
270,onnx/medical/perturbations_0.onnx,vnnlib/medical/hyperrectangle_1073.vnnlib,CERTIFIED,1,0.3474,unsat,V,1,5.41731182,both_solved
271,onnx/ruarobot/perturbations_0.onnx,vnnlib/ruarobot/hyperrectangle_7609.vnnlib,FALSIFIED,1,0.3532,sat,penalty,0,5.568797061,ours_only
272,onnx/ruarobot/perturbations_0.onnx,vnnlib/ruarobot/hyperrectangle_2548.vnnlib,TIMEOUT,0,20.2581,sat,F,1,6.893085985,vnncomp_only
273,onnx/medical/perturbations_0.onnx,vnnlib/medical/hyperrectangle_316.vnnlib,FALSIFIED,1,0.2955,sat,F,1,3.218203491,both_solved
274,onnx/ruarobot/perturbations_0.onnx,vnnlib/ruarobot/hyperrectangle_3218.vnnlib,CERTIFIED,1,0.5471,unsat,V,1,5.650334888,both_solved
275,onnx/ruarobot/perturbations_0.onnx,vnnlib/ruarobot/hyperrectangle_2232.vnnlib,FALSIFIED,1,0.347,sat,F,1,3.286892285,both_solved
276,onnx/medical/perturbations_0.onnx,vnnlib/medical/hyperrectangle_2454.vnnlib,TIMEOUT,0,21.2786,sat,F,1,6.84079884,vnncomp_only
277,onnx/ruarobot/perturbations_0.onnx,vnnlib/ruarobot/hyperrectangle_4576.vnnlib,CERTIFIED,1,0.3375,unsat,V,1,5.344308416,both_solved
278,onnx/ruarobot/perturbations_0.onnx,vnnlib/ruarobot/hyperrectangle_896.vnnlib,FALSIFIED,1,0.3457,sat,F,1,4.103454461,both_solved
279,onnx/ruarobot/perturbations_0.onnx,vnnlib/ruarobot/hyperrectangle_1795.vnnlib,CERTIFIED,1,2.2074,unsat,V,1,7.703198376,both_solved
280,onnx/ruarobot/perturbations_0.onnx,vnnlib/ruarobot/hyperrectangle_7762.vnnlib,CERTIFIED,1,0.9674,unsat,V,1,5.824399357,both_solved
281,onnx/ruarobot/perturbations_0.onnx,vnnlib/ruarobot/hyperrectangle_1526.vnnlib,FALSIFIED,1,0.2941,sat,F,1,3.284592048,both_solved
282,onnx/ruarobot/perturbations_0.onnx,vnnlib/ruarobot/hyperrectangle_4168.vnnlib,FALSIFIED,1,0.3993,sat,F,1,5.349292825,both_solved
283,onnx/ruarobot/perturbations_0.onnx,vnnlib/ruarobot/hyperrectangle_1959.vnnlib,CERTIFIED,1,1.1843,unsat,V,1,6.447267659,both_solved
284,onnx/medical/perturbations_0.onnx,vnnlib/medical/hyperrectangle_706.vnnlib,CERTIFIED,1,0.3385,unsat,V,1,5.327595969,both_solved
285,onnx/ruarobot/perturbations_0.onnx,vnnlib/ruarobot/hyperrectangle_98.vnnlib,CERTIFIED,1,0.2646,unsat,V,1,5.282901578,both_solved
286,onnx/ruarobot/perturbations_0.onnx,vnnlib/ruarobot/hyperrectangle_7882.vnnlib,FALSIFIED,1,0.3399,sat,F,1,6.915889177,both_solved
287,onnx/ruarobot/perturbations_0.onnx,vnnlib/ruarobot/hyperrectangle_996.vnnlib,FALSIFIED,1,0.3756,sat,F,1,6.906774618,both_solved
288,onnx/ruarobot/perturbations_0.onnx,vnnlib/ruarobot/hyperrectangle_7408.vnnlib,CERTIFIED,1,0.3941,unsat,V,1,5.436088874,both_solved
289,onnx/medical/perturbations_0.onnx,vnnlib/medical/hyperrectangle_1886.vnnlib,CERTIFIED,1,0.454,unsat,V,1,5.665961901,both_solved
290,onnx/ruarobot/perturbations_0.onnx,vnnlib/ruarobot/hyperrectangle_5858.vnnlib,FALSIFIED,1,0.3217,sat,F,1,5.457958082,both_solved
291,onnx/ruarobot/perturbations_0.onnx,vnnlib/ruarobot/hyperrectangle_3935.vnnlib,TIMEOUT,0,20.301,sat,F,1,6.983308641,vnncomp_only
292,onnx/ruarobot/perturbations_0.onnx,vnnlib/ruarobot/hyperrectangle_406.vnnlib,TIMEOUT,0,21.2282,sat,F,1,3.877715903,vnncomp_only
293,onnx/ruarobot/perturbations_0.onnx,vnnlib/ruarobot/hyperrectangle_215.vnnlib,TIMEOUT,0,21.6392,sat,penalty,0,5.46969283,neither
294,onnx/ruarobot/perturbations_0.onnx,vnnlib/ruarobot/hyperrectangle_186.vnnlib,CERTIFIED,1,0.4272,unsat,V,1,5.475159116,both_solved
295,onnx/ruarobot/perturbations_0.onnx,vnnlib/ruarobot/hyperrectangle_4212.vnnlib,FALSIFIED,1,0.3943,sat,F,1,5.454245645,both_solved
296,onnx/ruarobot/perturbations_0.onnx,vnnlib/ruarobot/hyperrectangle_4183.vnnlib,FALSIFIED,1,0.4154,sat,F,1,6.869171421,both_solved
297,onnx/ruarobot/perturbations_0.onnx,vnnlib/ruarobot/hyperrectangle_1.vnnlib,TIMEOUT,0,21.118,sat,F,1,3.229710132,vnncomp_only
298,onnx/ruarobot/perturbations_0.onnx,vnnlib/ruarobot/hyperrectangle_1066.vnnlib,TIMEOUT,0,20.3071,sat,F,1,6.955632197,vnncomp_only
299,onnx/ruarobot/perturbations_0.onnx,vnnlib/ruarobot/hyperrectangle_1093.vnnlib,CERTIFIED,0,22.6353,unsat,,0,29.31046654,neither
300,onnx/ruarobot/perturbations_0.onnx,vnnlib/ruarobot/hyperrectangle_451.vnnlib,FALSIFIED,1,0.5221,sat,F,1,5.38244366,both_solved
301,onnx/medical/perturbations_0.onnx,vnnlib/medical/hyperrectangle_1815.vnnlib,CERTIFIED,1,0.3459,unsat,V,1,5.328849963,both_solved
302,onnx/medical/perturbations_0.onnx,vnnlib/medical/hyperrectangle_281.vnnlib,CERTIFIED,1,0.3467,unsat,V,1,5.330771608,both_solved
303,onnx/ruarobot/perturbations_0.onnx,vnnlib/ruarobot/hyperrectangle_4199.vnnlib,FALSIFIED,1,0.4958,sat,F,1,3.924745724,both_solved
304,onnx/ruarobot/perturbations_0.onnx,vnnlib/ruarobot/hyperrectangle_5452.vnnlib,FALSIFIED,1,0.3888,sat,F,1,5.43948318,both_solved
305,onnx/medical/perturbations_0.onnx,vnnlib/medical/hyperrectangle_1621.vnnlib,CERTIFIED,1,0.4915,unsat,V,1,5.361881524,both_solved
306,onnx/ruarobot/perturbations_0.onnx,vnnlib/ruarobot/hyperrectangle_4045.vnnlib,CERTIFIED,1,19.436,unsat,V,1,11.594224837,both_solved
307,onnx/ruarobot/perturbations_0.onnx,vnnlib/ruarobot/hyperrectangle_4375.vnnlib,CERTIFIED,1,19.3663,unsat,,0,26.141749071,ours_only
308,onnx/ruarobot/perturbations_0.onnx,vnnlib/ruarobot/hyperrectangle_1595.vnnlib,FALSIFIED,1,0.4569,sat,F,1,3.210493297,both_solved
309,onnx/ruarobot/perturbations_0.onnx,vnnlib/ruarobot/hyperrectangle_3225.vnnlib,TIMEOUT,0,21.0475,sat,F,1,3.504128003,vnncomp_only
310,onnx/ruarobot/perturbations_0.onnx,vnnlib/ruarobot/hyperrectangle_2228.vnnlib,FALSIFIED,1,0.3131,sat,F,1,3.537742892,both_solved
311,onnx/ruarobot/perturbations_0.onnx,vnnlib/ruarobot/hyperrectangle_596.vnnlib,TIMEOUT,0,21.2666,sat,F,1,3.361009221,vnncomp_only
312,onnx/medical/perturbations_0.onnx,vnnlib/medical/hyperrectangle_919.vnnlib,FALSIFIED,1,0.3643,sat,F,1,3.213730886,both_solved
313,onnx/ruarobot/perturbations_0.onnx,vnnlib/ruarobot/hyperrectangle_925.vnnlib,FALSIFIED,1,0.3491,sat,F,1,3.205445496,both_solved
314,onnx/ruarobot/perturbations_0.onnx,vnnlib/ruarobot/hyperrectangle_6660.vnnlib,TIMEOUT,0,21.2657,sat,F,1,6.985017139,vnncomp_only
315,onnx/ruarobot/perturbations_0.onnx,vnnlib/ruarobot/hyperrectangle_3241.vnnlib,CERTIFIED,1,0.5793,unsat,V,1,5.660784032,both_solved
316,onnx/ruarobot/perturbations_0.onnx,vnnlib/ruarobot/hyperrectangle_3361.vnnlib,FALSIFIED,1,0.3715,sat,F,1,5.491863129,both_solved
317,onnx/medical/perturbations_0.onnx,vnnlib/medical/hyperrectangle_1115.vnnlib,CERTIFIED,1,0.3917,unsat,V,1,5.452924388,both_solved
318,onnx/medical/perturbations_0.onnx,vnnlib/medical/hyperrectangle_514.vnnlib,CERTIFIED,1,15.4552,run_instance_timeout,,0,80.002661912,ours_only
319,onnx/ruarobot/perturbations_0.onnx,vnnlib/ruarobot/hyperrectangle_6862.vnnlib,FALSIFIED,1,0.3844,sat,F,1,5.370812374,both_solved
320,onnx/medical/perturbations_0.onnx,vnnlib/medical/hyperrectangle_2649.vnnlib,CERTIFIED,1,0.3641,unsat,V,1,5.341020573,both_solved
321,onnx/ruarobot/perturbations_0.onnx,vnnlib/ruarobot/hyperrectangle_7136.vnnlib,FALSIFIED,1,0.2905,sat,F,1,3.195776668,both_solved
322,onnx/ruarobot/perturbations_0.onnx,vnnlib/ruarobot/hyperrectangle_5036.vnnlib,FALSIFIED,1,0.364,sat,F,1,3.246832325,both_solved
323,onnx/ruarobot/perturbations_0.onnx,vnnlib/ruarobot/hyperrectangle_5020.vnnlib,FALSIFIED,1,0.5122,sat,F,1,7.18125256,both_solved
324,onnx/ruarobot/perturbations_0.onnx,vnnlib/ruarobot/hyperrectangle_5912.vnnlib,TIMEOUT,0,21.5064,sat,F,1,6.891373988,vnncomp_only
325,onnx/ruarobot/perturbations_0.onnx,vnnlib/ruarobot/hyperrectangle_6116.vnnlib,TIMEOUT,0,21.0996,sat,F,1,6.828090573,vnncomp_only
326,onnx/medical/perturbations_0.onnx,vnnlib/medical/hyperrectangle_1390.vnnlib,CERTIFIED,1,0.3578,unsat,V,1,5.548580693,both_solved
327,onnx/ruarobot/perturbations_0.onnx,vnnlib/ruarobot/hyperrectangle_2616.vnnlib,FALSIFIED,1,0.3996,sat,F,1,5.382243436,both_solved
328,onnx/ruarobot/perturbations_0.onnx,vnnlib/ruarobot/hyperrectangle_2253.vnnlib,TIMEOUT,0,21.6528,sat,F,1,6.855384284,vnncomp_only
329,onnx/ruarobot/perturbations_0.onnx,vnnlib/ruarobot/hyperrectangle_1835.vnnlib,CERTIFIED,1,0.4791,unsat,V,1,5.656890685,both_solved
330,onnx/ruarobot/perturbations_0.onnx,vnnlib/ruarobot/hyperrectangle_5824.vnnlib,CERTIFIED,1,2.5067,unsat,V,1,7.199486548,both_solved
331,onnx/ruarobot/perturbations_0.onnx,vnnlib/ruarobot/hyperrectangle_91.vnnlib,FALSIFIED,1,0.4022,sat,F,1,5.391034779,both_solved
332,onnx/ruarobot/perturbations_0.onnx,vnnlib/ruarobot/hyperrectangle_3872.vnnlib,FALSIFIED,1,0.3697,sat,F,1,4.193337909,both_solved
333,onnx/ruarobot/perturbations_0.onnx,vnnlib/ruarobot/hyperrectangle_1058.vnnlib,FALSIFIED,1,0.3845,sat,F,1,6.837885739,both_solved
334,onnx/ruarobot/perturbations_0.onnx,vnnlib/ruarobot/hyperrectangle_1362.vnnlib,TIMEOUT,0,21.2497,sat,F,1,3.239842948,vnncomp_only
335,onnx/ruarobot/perturbations_0.onnx,vnnlib/ruarobot/hyperrectangle_1333.vnnlib,FALSIFIED,1,0.3273,sat,F,1,3.278660901,both_solved
336,onnx/ruarobot/perturbations_0.onnx,vnnlib/ruarobot/hyperrectangle_4811.vnnlib,TIMEOUT,0,20.6431,sat,F,1,5.43293041,vnncomp_only
337,onnx/medical/perturbations_0.onnx,vnnlib/medical/hyperrectangle_1299.vnnlib,CERTIFIED,1,0.2733,unsat,V,1,5.310365003,both_solved
338,onnx/medical/perturbations_0.onnx,vnnlib/medical/hyperrectangle_2710.vnnlib,FALSIFIED,1,9.772,sat,F,1,6.454397529,both_solved
339,onnx/medical/perturbations_0.onnx,vnnlib/medical/hyperrectangle_1875.vnnlib,CERTIFIED,1,0.3439,unsat,V,1,5.424294651,both_solved
340,onnx/ruarobot/perturbations_0.onnx,vnnlib/ruarobot/hyperrectangle_5285.vnnlib,CERTIFIED,1,1.4469,unsat,V,1,6.213256585,both_solved
341,onnx/medical/perturbations_0.onnx,vnnlib/medical/hyperrectangle_50.vnnlib,TIMEOUT,0,21.1961,sat,F,1,3.304876249,vnncomp_only
342,onnx/ruarobot/perturbations_0.onnx,vnnlib/ruarobot/hyperrectangle_1607.vnnlib,CERTIFIED,1,0.4387,unsat,V,1,5.456829977,both_solved
343,onnx/ruarobot/perturbations_0.onnx,vnnlib/ruarobot/hyperrectangle_3364.vnnlib,FALSIFIED,1,0.4912,sat,F,1,6.973726738,both_solved
344,onnx/ruarobot/perturbations_0.onnx,vnnlib/ruarobot/hyperrectangle_2420.vnnlib,FALSIFIED,1,0.3908,sat,F,1,6.871088282,both_solved
345,onnx/ruarobot/perturbations_0.onnx,vnnlib/ruarobot/hyperrectangle_1711.vnnlib,FALSIFIED,1,0.3847,sat,F,1,3.265293012,both_solved
346,onnx/ruarobot/perturbations_0.onnx,vnnlib/ruarobot/hyperrectangle_3268.vnnlib,FALSIFIED,1,0.3618,sat,F,1,3.236449643,both_solved
347,onnx/ruarobot/perturbations_0.onnx,vnnlib/ruarobot/hyperrectangle_2770.vnnlib,FALSIFIED,1,0.4377,sat,F,1,3.332356638,both_solved
348,onnx/ruarobot/perturbations_0.onnx,vnnlib/ruarobot/hyperrectangle_4449.vnnlib,FALSIFIED,1,0.369,sat,F,1,3.479748254,both_solved
349,onnx/ruarobot/perturbations_0.onnx,vnnlib/ruarobot/hyperrectangle_5724.vnnlib,TIMEOUT,0,20.26,sat,F,1,6.830356721,vnncomp_only
350,onnx/ruarobot/perturbations_0.onnx,vnnlib/ruarobot/hyperrectangle_5720.vnnlib,FALSIFIED,1,0.3587,sat,F,1,5.451269855,both_solved
351,onnx/ruarobot/perturbations_0.onnx,vnnlib/ruarobot/hyperrectangle_3072.vnnlib,FALSIFIED,1,0.4054,sat,F,1,5.452042233,both_solved
352,onnx/medical/perturbations_0.onnx,vnnlib/medical/hyperrectangle_1171.vnnlib,CERTIFIED,1,0.3365,unsat,V,1,5.4155784,both_solved
353,onnx/ruarobot/perturbations_0.onnx,vnnlib/ruarobot/hyperrectangle_6249.vnnlib,TIMEOUT,0,21.434,sat,penalty,0,5.387170441,neither
354,onnx/ruarobot/perturbations_0.onnx,vnnlib/ruarobot/hyperrectangle_963.vnnlib,FALSIFIED,1,0.3606,sat,penalty,0,5.413511364,ours_only
355,onnx/medical/perturbations_0.onnx,vnnlib/medical/hyperrectangle_2773.vnnlib,FALSIFIED,1,0.3447,sat,F,1,3.214167736,both_solved
356,onnx/medical/perturbations_0.onnx,vnnlib/medical/hyperrectangle_1486.vnnlib,CERTIFIED,1,0.3394,unsat,V,1,5.330437646,both_solved
357,onnx/ruarobot/perturbations_0.onnx,vnnlib/ruarobot/hyperrectangle_3088.vnnlib,CERTIFIED,1,1.0996,unsat,V,1,5.904964441,both_solved
358,onnx/ruarobot/perturbations_0.onnx,vnnlib/ruarobot/hyperrectangle_4415.vnnlib,CERTIFIED,1,0.3336,unsat,V,1,5.412194663,both_solved
359,onnx/ruarobot/perturbations_0.onnx,vnnlib/ruarobot/hyperrectangle_1887.vnnlib,FALSIFIED,1,0.3571,sat,F,1,3.311593029,both_solved
360,onnx/medical/perturbations_0.onnx,vnnlib/medical/hyperrectangle_985.vnnlib,TIMEOUT,0,,unsat,,0,43.612255381,neither
361,onnx/medical/perturbations_0.onnx,vnnlib/medical/hyperrectangle_1936.vnnlib,CERTIFIED,1,0.398,unsat,V,1,5.330925307,both_solved
362,onnx/ruarobot/perturbations_0.onnx,vnnlib/ruarobot/hyperrectangle_159.vnnlib,TIMEOUT,0,21.1542,sat,F,1,6.92213636,vnncomp_only
363,onnx/ruarobot/perturbations_0.onnx,vnnlib/ruarobot/hyperrectangle_1598.vnnlib,CERTIFIED,1,0.6036,unsat,V,1,5.777939256,both_solved
364,onnx/medical/perturbations_0.onnx,vnnlib/medical/hyperrectangle_2085.vnnlib,TIMEOUT,0,21.0684,sat,F,1,3.971242487,vnncomp_only
365,onnx/ruarobot/perturbations_0.onnx,vnnlib/ruarobot/hyperrectangle_3147.vnnlib,TIMEOUT,0,20.4195,sat,penalty,0,5.371743203,neither
366,onnx/medical/perturbations_0.onnx,vnnlib/medical/hyperrectangle_2452.vnnlib,CERTIFIED,1,0.2981,unsat,V,1,5.325796669,both_solved
367,onnx/ruarobot/perturbations_0.onnx,vnnlib/ruarobot/hyperrectangle_1904.vnnlib,TIMEOUT,0,,run_instance_timeout,,0,80.002833783,neither
368,onnx/ruarobot/perturbations_0.onnx,vnnlib/ruarobot/hyperrectangle_2943.vnnlib,FALSIFIED,1,0.4339,sat,F,1,6.942048915,both_solved
369,onnx/medical/perturbations_0.onnx,vnnlib/medical/hyperrectangle_2347.vnnlib,CERTIFIED,1,0.378,unsat,V,1,5.340738881,both_solved
370,onnx/ruarobot/perturbations_0.onnx,vnnlib/ruarobot/hyperrectangle_3855.vnnlib,CERTIFIED,1,14.0513,unsat,V,1,16.415353569,both_solved
371,onnx/ruarobot/perturbations_0.onnx,vnnlib/ruarobot/hyperrectangle_3417.vnnlib,CERTIFIED,1,0.5496,unsat,V,1,5.533595708,both_solved
372,onnx/ruarobot/perturbations_0.onnx,vnnlib/ruarobot/hyperrectangle_4255.vnnlib,FALSIFIED,1,0.3339,sat,F,1,5.435847915,both_solved
373,onnx/medical/perturbations_0.onnx,vnnlib/medical/hyperrectangle_757.vnnlib,CERTIFIED,1,0.3726,unsat,V,1,5.380270093,both_solved
374,onnx/ruarobot/perturbations_0.onnx,vnnlib/ruarobot/hyperrectangle_5992.vnnlib,FALSIFIED,1,0.4755,sat,F,1,5.357446897,both_solved
375,onnx/ruarobot/perturbations_0.onnx,vnnlib/ruarobot/hyperrectangle_2379.vnnlib,FALSIFIED,1,0.4112,sat,penalty,0,5.38356084,ours_only
376,onnx/medical/perturbations_0.onnx,vnnlib/medical/hyperrectangle_310.vnnlib,CERTIFIED,1,0.3714,unsat,V,1,5.426594368,both_solved
377,onnx/ruarobot/perturbations_0.onnx,vnnlib/ruarobot/hyperrectangle_4345.vnnlib,FALSIFIED,1,0.5002,sat,F,1,3.269111511,both_solved
378,onnx/ruarobot/perturbations_0.onnx,vnnlib/ruarobot/hyperrectangle_2145.vnnlib,FALSIFIED,1,0.4513,sat,F,1,5.388848861,both_solved
379,onnx/ruarobot/perturbations_0.onnx,vnnlib/ruarobot/hyperrectangle_3509.vnnlib,FALSIFIED,1,0.4257,sat,F,1,6.947163788,both_solved
380,onnx/ruarobot/perturbations_0.onnx,vnnlib/ruarobot/hyperrectangle_6209.vnnlib,FALSIFIED,1,0.3748,sat,F,1,3.520359042,both_solved
381,onnx/ruarobot/perturbations_0.onnx,vnnlib/ruarobot/hyperrectangle_5820.vnnlib,TIMEOUT,0,21.0384,sat,F,1,6.85526687,vnncomp_only
382,onnx/ruarobot/perturbations_0.onnx,vnnlib/ruarobot/hyperrectangle_6541.vnnlib,TIMEOUT,0,20.0863,sat,F,1,6.987259263,vnncomp_only
383,onnx/medical/perturbations_0.onnx,vnnlib/medical/hyperrectangle_1055.vnnlib,CERTIFIED,1,0.3485,unsat,V,1,5.38440346,both_solved
384,onnx/ruarobot/perturbations_0.onnx,vnnlib/ruarobot/hyperrectangle_2557.vnnlib,CERTIFIED,1,8.9551,unsat,V,1,12.030609145,both_solved
385,onnx/medical/perturbations_0.onnx,vnnlib/medical/hyperrectangle_517.vnnlib,CERTIFIED,1,0.371,unsat,V,1,5.325335826,both_solved
386,onnx/ruarobot/perturbations_0.onnx,vnnlib/ruarobot/hyperrectangle_2783.vnnlib,FALSIFIED,1,0.3199,sat,F,1,3.216093062,both_solved
387,onnx/ruarobot/perturbations_0.onnx,vnnlib/ruarobot/hyperrectangle_6739.vnnlib,FALSIFIED,1,0.3939,sat,F,1,3.576762788,both_solved
388,onnx/ruarobot/perturbations_0.onnx,vnnlib/ruarobot/hyperrectangle_7766.vnnlib,FALSIFIED,1,0.3823,sat,F,1,3.215419208,both_solved
389,onnx/medical/perturbations_0.onnx,vnnlib/medical/hyperrectangle_1395.vnnlib,CERTIFIED,1,0.3998,unsat,V,1,5.311478276,both_solved
390,onnx/ruarobot/perturbations_0.onnx,vnnlib/ruarobot/hyperrectangle_3587.vnnlib,FALSIFIED,1,0.3844,sat,F,1,3.252596483,both_solved
391,onnx/ruarobot/perturbations_0.onnx,vnnlib/ruarobot/hyperrectangle_3260.vnnlib,TIMEOUT,0,20.3669,sat,F,1,5.358066627,vnncomp_only
392,onnx/ruarobot/perturbations_0.onnx,vnnlib/ruarobot/hyperrectangle_1791.vnnlib,FALSIFIED,1,0.3409,sat,F,1,6.863570242,both_solved
393,onnx/ruarobot/perturbations_0.onnx,vnnlib/ruarobot/hyperrectangle_3029.vnnlib,FALSIFIED,1,0.4192,sat,F,1,5.563099406,both_solved
394,onnx/ruarobot/perturbations_0.onnx,vnnlib/ruarobot/hyperrectangle_7241.vnnlib,CERTIFIED,1,0.4557,unsat,V,1,5.500132156,both_solved
395,onnx/medical/perturbations_0.onnx,vnnlib/medical/hyperrectangle_1019.vnnlib,CERTIFIED,1,0.2968,unsat,V,1,5.312343138,both_solved
396,onnx/ruarobot/perturbations_0.onnx,vnnlib/ruarobot/hyperrectangle_1658.vnnlib,FALSIFIED,1,0.3902,sat,F,1,5.316012836,both_solved
397,onnx/ruarobot/perturbations_0.onnx,vnnlib/ruarobot/hyperrectangle_3008.vnnlib,TIMEOUT,0,21.2171,sat,F,1,3.451612809,vnncomp_only
398,onnx/ruarobot/perturbations_0.onnx,vnnlib/ruarobot/hyperrectangle_900.vnnlib,FALSIFIED,1,0.4148,sat,F,1,6.868579183,both_solved
399,onnx/ruarobot/perturbations_0.onnx,vnnlib/ruarobot/hyperrectangle_6642.vnnlib,FALSIFIED,1,0.5281,sat,penalty,0,5.438973438,ours_only
400,onnx/ruarobot/perturbations_0.onnx,vnnlib/ruarobot/hyperrectangle_6248.vnnlib,TIMEOUT,0,21.4108,sat,F,1,6.826685084,vnncomp_only
401,onnx/ruarobot/perturbations_0.onnx,vnnlib/ruarobot/hyperrectangle_7514.vnnlib,TIMEOUT,0,21.4698,sat,F,1,5.360599242,vnncomp_only
402,onnx/ruarobot/perturbations_0.onnx,vnnlib/ruarobot/hyperrectangle_3518.vnnlib,CERTIFIED,1,0.4028,unsat,V,1,5.339897424,both_solved
403,onnx/ruarobot/perturbations_0.onnx,vnnlib/ruarobot/hyperrectangle_1192.vnnlib,FALSIFIED,1,0.4287,sat,F,1,3.234120954,both_solved
404,onnx/ruarobot/perturbations_0.onnx,vnnlib/ruarobot/hyperrectangle_4732.vnnlib,CERTIFIED,1,0.6073,unsat,V,1,5.721990611,both_solved
405,onnx/ruarobot/perturbations_0.onnx,vnnlib/ruarobot/hyperrectangle_7006.vnnlib,CERTIFIED,1,0.315,unsat,V,1,5.462276153,both_solved
406,onnx/ruarobot/perturbations_0.onnx,vnnlib/ruarobot/hyperrectangle_7465.vnnlib,CERTIFIED,1,0.6905,unsat,V,1,5.844396753,both_solved
407,onnx/ruarobot/perturbations_0.onnx,vnnlib/ruarobot/hyperrectangle_7059.vnnlib,TIMEOUT,0,,run_instance_timeout,,0,80.002671503,neither
408,onnx/ruarobot/perturbations_0.onnx,vnnlib/ruarobot/hyperrectangle_5415.vnnlib,FALSIFIED,1,0.4284,sat,F,1,3.456099131,both_solved
409,onnx/ruarobot/perturbations_0.onnx,vnnlib/ruarobot/hyperrectangle_7819.vnnlib,FALSIFIED,1,0.4426,sat,F,1,6.929036612,both_solved
410,onnx/ruarobot/perturbations_0.onnx,vnnlib/ruarobot/hyperrectangle_3232.vnnlib,TIMEOUT,0,20.9117,sat,F,1,5.377929714,vnncomp_only
411,onnx/ruarobot/perturbations_0.onnx,vnnlib/ruarobot/hyperrectangle_5324.vnnlib,FALSIFIED,1,0.3945,sat,F,1,3.247756142,both_solved
412,onnx/ruarobot/perturbations_0.onnx,vnnlib/ruarobot/hyperrectangle_5184.vnnlib,FALSIFIED,1,0.3588,sat,penalty,0,5.461989699,ours_only
413,onnx/ruarobot/perturbations_0.onnx,vnnlib/ruarobot/hyperrectangle_7744.vnnlib,FALSIFIED,1,0.3811,sat,F,1,6.86009863,both_solved
414,onnx/medical/perturbations_0.onnx,vnnlib/medical/hyperrectangle_1163.vnnlib,FALSIFIED,1,0.3366,sat,F,1,3.22096948,both_solved
415,onnx/ruarobot/perturbations_0.onnx,vnnlib/ruarobot/hyperrectangle_3331.vnnlib,TIMEOUT,0,20.8841,sat,penalty,0,5.427945083,neither
416,onnx/ruarobot/perturbations_0.onnx,vnnlib/ruarobot/hyperrectangle_6140.vnnlib,FALSIFIED,1,0.355,sat,F,1,5.441419757,both_solved
417,onnx/ruarobot/perturbations_0.onnx,vnnlib/ruarobot/hyperrectangle_748.vnnlib,CERTIFIED,1,0.4095,unsat,V,1,5.461045146,both_solved
418,onnx/ruarobot/perturbations_0.onnx,vnnlib/ruarobot/hyperrectangle_1458.vnnlib,FALSIFIED,1,0.3693,sat,F,1,3.253686377,both_solved
419,onnx/ruarobot/perturbations_0.onnx,vnnlib/ruarobot/hyperrectangle_6160.vnnlib,CERTIFIED,1,13.0676,unsat,V,1,16.81860928,both_solved
420,onnx/medical/perturbations_0.onnx,vnnlib/medical/hyperrectangle_1922.vnnlib,CERTIFIED,1,12.2933,unsat,,0,77.567243264,ours_only
421,onnx/medical/perturbations_0.onnx,vnnlib/medical/hyperrectangle_1248.vnnlib,FALSIFIED,1,0.3088,sat,F,1,3.21801553,both_solved
422,onnx/ruarobot/perturbations_0.onnx,vnnlib/ruarobot/hyperrectangle_918.vnnlib,FALSIFIED,1,0.4229,sat,F,1,3.479853246,both_solved
423,onnx/ruarobot/perturbations_0.onnx,vnnlib/ruarobot/hyperrectangle_1995.vnnlib,FALSIFIED,1,0.4324,sat,F,1,5.537374111,both_solved
424,onnx/ruarobot/perturbations_0.onnx,vnnlib/ruarobot/hyperrectangle_3929.vnnlib,CERTIFIED,1,0.4318,unsat,V,1,5.387283004,both_solved
425,onnx/ruarobot/perturbations_0.onnx,vnnlib/ruarobot/hyperrectangle_6923.vnnlib,FALSIFIED,1,0.3681,sat,F,1,6.835047152,both_solved
426,onnx/ruarobot/perturbations_0.onnx,vnnlib/ruarobot/hyperrectangle_291.vnnlib,FALSIFIED,1,0.4924,sat,F,1,5.371174498,both_solved
427,onnx/medical/perturbations_0.onnx,vnnlib/medical/hyperrectangle_1624.vnnlib,CERTIFIED,1,0.4751,unsat,V,1,5.471352524,both_solved
428,onnx/ruarobot/perturbations_0.onnx,vnnlib/ruarobot/hyperrectangle_3108.vnnlib,CERTIFIED,1,0.5212,unsat,V,1,5.301922383,both_solved
429,onnx/ruarobot/perturbations_0.onnx,vnnlib/ruarobot/hyperrectangle_4376.vnnlib,CERTIFIED,1,1.6417,unsat,V,1,6.482118046,both_solved
430,onnx/ruarobot/perturbations_0.onnx,vnnlib/ruarobot/hyperrectangle_4696.vnnlib,CERTIFIED,1,0.4463,unsat,V,1,5.446470036,both_solved
431,onnx/ruarobot/perturbations_0.onnx,vnnlib/ruarobot/hyperrectangle_4559.vnnlib,CERTIFIED,1,0.4157,unsat,V,1,5.371948999,both_solved
432,onnx/ruarobot/perturbations_0.onnx,vnnlib/ruarobot/hyperrectangle_2060.vnnlib,FALSIFIED,1,0.4031,sat,F,1,7.050068037,both_solved
433,onnx/ruarobot/perturbations_0.onnx,vnnlib/ruarobot/hyperrectangle_1306.vnnlib,TIMEOUT,0,21.4017,sat,F,1,3.223988075,vnncomp_only
434,onnx/ruarobot/perturbations_0.onnx,vnnlib/ruarobot/hyperrectangle_2247.vnnlib,TIMEOUT,0,21.2898,sat,F,1,3.381385111,vnncomp_only
435,onnx/ruarobot/perturbations_0.onnx,vnnlib/ruarobot/hyperrectangle_3032.vnnlib,FALSIFIED,1,0.3152,sat,F,1,5.36544336,both_solved
436,onnx/ruarobot/perturbations_0.onnx,vnnlib/ruarobot/hyperrectangle_4041.vnnlib,FALSIFIED,1,0.4179,sat,F,1,6.862315505,both_solved
437,onnx/ruarobot/perturbations_0.onnx,vnnlib/ruarobot/hyperrectangle_789.vnnlib,FALSIFIED,1,0.393,sat,F,1,3.391615706,both_solved
438,onnx/ruarobot/perturbations_0.onnx,vnnlib/ruarobot/hyperrectangle_4004.vnnlib,CERTIFIED,1,0.427,unsat,V,1,5.441011162,both_solved
439,onnx/ruarobot/perturbations_0.onnx,vnnlib/ruarobot/hyperrectangle_1892.vnnlib,CERTIFIED,1,0.4832,unsat,V,1,5.615306539,both_solved
440,onnx/ruarobot/perturbations_0.onnx,vnnlib/ruarobot/hyperrectangle_3718.vnnlib,FALSIFIED,1,0.3178,sat,F,1,5.18373281,both_solved
441,onnx/ruarobot/perturbations_0.onnx,vnnlib/ruarobot/hyperrectangle_3580.vnnlib,CERTIFIED,1,0.4672,unsat,V,1,5.601780101,both_solved
442,onnx/medical/perturbations_0.onnx,vnnlib/medical/hyperrectangle_1445.vnnlib,FALSIFIED,1,0.3817,sat,F,1,5.374522616,both_solved
443,onnx/ruarobot/perturbations_0.onnx,vnnlib/ruarobot/hyperrectangle_6866.vnnlib,TIMEOUT,0,21.1794,sat,penalty,0,5.3709473,neither
444,onnx/ruarobot/perturbations_0.onnx,vnnlib/ruarobot/hyperrectangle_4910.vnnlib,FALSIFIED,1,0.3496,sat,F,1,4.230265103,both_solved
445,onnx/medical/perturbations_0.onnx,vnnlib/medical/hyperrectangle_850.vnnlib,CERTIFIED,1,0.3538,unsat,V,1,5.293400088,both_solved
446,onnx/ruarobot/perturbations_0.onnx,vnnlib/ruarobot/hyperrectangle_3498.vnnlib,FALSIFIED,1,0.358,sat,F,1,5.347330845,both_solved
447,onnx/ruarobot/perturbations_0.onnx,vnnlib/ruarobot/hyperrectangle_1566.vnnlib,CERTIFIED,1,0.75,unsat,V,1,5.814666966,both_solved
448,onnx/medical/perturbations_0.onnx,vnnlib/medical/hyperrectangle_495.vnnlib,CERTIFIED,1,0.2858,unsat,V,1,5.413875052,both_solved
449,onnx/ruarobot/perturbations_0.onnx,vnnlib/ruarobot/hyperrectangle_4256.vnnlib,CERTIFIED,1,0.3596,unsat,V,1,5.44136445,both_solved
450,onnx/ruarobot/perturbations_0.onnx,vnnlib/ruarobot/hyperrectangle_5882.vnnlib,CERTIFIED,1,2.4745,unsat,V,1,6.304141052,both_solved
451,onnx/ruarobot/perturbations_0.onnx,vnnlib/ruarobot/hyperrectangle_2427.vnnlib,TIMEOUT,0,21.1913,sat,F,1,3.40328409,vnncomp_only
452,onnx/ruarobot/perturbations_0.onnx,vnnlib/ruarobot/hyperrectangle_365.vnnlib,FALSIFIED,1,0.3319,sat,F,1,5.443170886,both_solved
453,onnx/ruarobot/perturbations_0.onnx,vnnlib/ruarobot/hyperrectangle_1047.vnnlib,FALSIFIED,1,0.3813,sat,F,1,6.90529921,both_solved
454,onnx/ruarobot/perturbations_0.onnx,vnnlib/ruarobot/hyperrectangle_305.vnnlib,TIMEOUT,0,20.5523,sat,F,1,6.849348952,vnncomp_only
455,onnx/medical/perturbations_0.onnx,vnnlib/medical/hyperrectangle_573.vnnlib,FALSIFIED,1,0.3841,sat,F,1,3.21708416,both_solved
456,onnx/ruarobot/perturbations_0.onnx,vnnlib/ruarobot/hyperrectangle_2737.vnnlib,TIMEOUT,0,20.865,sat,penalty,0,5.441911963,neither
457,onnx/ruarobot/perturbations_0.onnx,vnnlib/ruarobot/hyperrectangle_1307.vnnlib,FALSIFIED,1,0.3212,sat,F,1,3.322383804,both_solved
458,onnx/ruarobot/perturbations_0.onnx,vnnlib/ruarobot/hyperrectangle_3522.vnnlib,TIMEOUT,0,20.5657,sat,F,1,6.856570583,vnncomp_only
459,onnx/ruarobot/perturbations_0.onnx,vnnlib/ruarobot/hyperrectangle_3207.vnnlib,FALSIFIED,1,0.3164,sat,F,1,3.903049376,both_solved
460,onnx/ruarobot/perturbations_0.onnx,vnnlib/ruarobot/hyperrectangle_1150.vnnlib,FALSIFIED,1,0.3876,sat,F,1,5.348685967,both_solved
461,onnx/ruarobot/perturbations_0.onnx,vnnlib/ruarobot/hyperrectangle_4758.vnnlib,CERTIFIED,1,0.4013,unsat,V,1,5.386497335,both_solved
462,onnx/medical/perturbations_0.onnx,vnnlib/medical/hyperrectangle_368.vnnlib,CERTIFIED,1,0.2824,unsat,V,1,5.313210405,both_solved
463,onnx/ruarobot/perturbations_0.onnx,vnnlib/ruarobot/hyperrectangle_2930.vnnlib,TIMEOUT,0,20.3574,sat,F,1,7.122931907,vnncomp_only
464,onnx/ruarobot/perturbations_0.onnx,vnnlib/ruarobot/hyperrectangle_248.vnnlib,FALSIFIED,1,0.3248,sat,F,1,3.860141491,both_solved
465,onnx/ruarobot/perturbations_0.onnx,vnnlib/ruarobot/hyperrectangle_245.vnnlib,FALSIFIED,1,0.3839,sat,F,1,3.196815974,both_solved
466,onnx/medical/perturbations_0.onnx,vnnlib/medical/hyperrectangle_1497.vnnlib,CERTIFIED,1,0.372,unsat,V,1,5.327930703,both_solved
467,onnx/ruarobot/perturbations_0.onnx,vnnlib/ruarobot/hyperrectangle_6674.vnnlib,TIMEOUT,0,20.4215,sat,F,1,6.90156812,vnncomp_only
468,onnx/ruarobot/perturbations_0.onnx,vnnlib/ruarobot/hyperrectangle_2928.vnnlib,FALSIFIED,1,0.3954,sat,F,1,5.419442569,both_solved
469,onnx/ruarobot/perturbations_0.onnx,vnnlib/ruarobot/hyperrectangle_312.vnnlib,FALSIFIED,1,0.4031,sat,F,1,3.50579156,both_solved
470,onnx/medical/perturbations_0.onnx,vnnlib/medical/hyperrectangle_2349.vnnlib,CERTIFIED,1,0.4364,unsat,V,1,5.390474492,both_solved
471,onnx/ruarobot/perturbations_0.onnx,vnnlib/ruarobot/hyperrectangle_7242.vnnlib,FALSIFIED,1,0.3712,sat,F,1,4.501968811,both_solved
472,onnx/ruarobot/perturbations_0.onnx,vnnlib/ruarobot/hyperrectangle_3015.vnnlib,CERTIFIED,1,0.4434,unsat,V,1,5.591045585,both_solved
473,onnx/ruarobot/perturbations_0.onnx,vnnlib/ruarobot/hyperrectangle_6891.vnnlib,TIMEOUT,0,20.7842,sat,F,1,5.577308783,vnncomp_only
474,onnx/ruarobot/perturbations_0.onnx,vnnlib/ruarobot/hyperrectangle_6873.vnnlib,FALSIFIED,1,0.3198,sat,penalty,0,5.345958947,ours_only
475,onnx/ruarobot/perturbations_0.onnx,vnnlib/ruarobot/hyperrectangle_5877.vnnlib,FALSIFIED,1,0.3894,sat,penalty,0,5.478547435,ours_only
476,onnx/ruarobot/perturbations_0.onnx,vnnlib/ruarobot/hyperrectangle_7238.vnnlib,TIMEOUT,0,21.5429,sat,F,1,5.38008713,vnncomp_only
477,onnx/medical/perturbations_0.onnx,vnnlib/medical/hyperrectangle_1923.vnnlib,CERTIFIED,1,0.653,unsat,V,1,6.284447788,both_solved
478,onnx/ruarobot/perturbations_0.onnx,vnnlib/ruarobot/hyperrectangle_3466.vnnlib,CERTIFIED,1,1.3158,unsat,V,1,5.941897418,both_solved
479,onnx/medical/perturbations_0.onnx,vnnlib/medical/hyperrectangle_1253.vnnlib,CERTIFIED,1,0.3602,unsat,V,1,5.305824168,both_solved
480,onnx/medical/perturbations_0.onnx,vnnlib/medical/hyperrectangle_2698.vnnlib,CERTIFIED,1,0.3655,unsat,V,1,5.414396426,both_solved
481,onnx/ruarobot/perturbations_0.onnx,vnnlib/ruarobot/hyperrectangle_230.vnnlib,TIMEOUT,0,20.8132,sat,F,1,6.924128316,vnncomp_only
482,onnx/medical/perturbations_0.onnx,vnnlib/medical/hyperrectangle_1353.vnnlib,CERTIFIED,1,0.2842,unsat,V,1,5.291033968,both_solved
483,onnx/ruarobot/perturbations_0.onnx,vnnlib/ruarobot/hyperrectangle_578.vnnlib,FALSIFIED,1,0.3132,sat,F,1,5.344123669,both_solved
484,onnx/medical/perturbations_0.onnx,vnnlib/medical/hyperrectangle_350.vnnlib,TIMEOUT,0,20.3339,sat,F,1,5.449665393,vnncomp_only
485,onnx/medical/perturbations_0.onnx,vnnlib/medical/hyperrectangle_2708.vnnlib,FALSIFIED,1,0.3066,sat,F,1,5.42286363,both_solved
486,onnx/ruarobot/perturbations_0.onnx,vnnlib/ruarobot/hyperrectangle_5623.vnnlib,CERTIFIED,1,1.0462,unsat,V,1,6.006274762,both_solved
487,onnx/ruarobot/perturbations_0.onnx,vnnlib/ruarobot/hyperrectangle_6414.vnnlib,FALSIFIED,1,0.3757,sat,penalty,0,5.389198804,ours_only
488,onnx/medical/perturbations_0.onnx,vnnlib/medical/hyperrectangle_157.vnnlib,CERTIFIED,1,0.3617,unsat,V,1,5.344046175,both_solved
489,onnx/medical/perturbations_0.onnx,vnnlib/medical/hyperrectangle_79.vnnlib,CERTIFIED,1,3.2827,unsat,,0,32.807025503,ours_only
490,onnx/ruarobot/perturbations_0.onnx,vnnlib/ruarobot/hyperrectangle_5670.vnnlib,FALSIFIED,1,0.3155,sat,F,1,3.286831465,both_solved
491,onnx/ruarobot/perturbations_0.onnx,vnnlib/ruarobot/hyperrectangle_2344.vnnlib,FALSIFIED,1,0.439,sat,F,1,6.832876429,both_solved
492,onnx/ruarobot/perturbations_0.onnx,vnnlib/ruarobot/hyperrectangle_1134.vnnlib,TIMEOUT,0,21.1639,sat,F,1,6.836907085,vnncomp_only
493,onnx/ruarobot/perturbations_0.onnx,vnnlib/ruarobot/hyperrectangle_4803.vnnlib,FALSIFIED,1,0.3358,sat,F,1,4.423617248,both_solved
494,onnx/medical/perturbations_0.onnx,vnnlib/medical/hyperrectangle_2763.vnnlib,CERTIFIED,1,0.3585,unsat,V,1,5.411664795,both_solved
495,onnx/ruarobot/perturbations_0.onnx,vnnlib/ruarobot/hyperrectangle_6221.vnnlib,FALSIFIED,1,0.3928,sat,penalty,0,5.531023231,ours_only
496,onnx/ruarobot/perturbations_0.onnx,vnnlib/ruarobot/hyperrectangle_1173.vnnlib,FALSIFIED,1,0.3863,sat,F,1,6.954673664,both_solved
497,onnx/ruarobot/perturbations_0.onnx,vnnlib/ruarobot/hyperrectangle_3095.vnnlib,CERTIFIED,1,0.4133,unsat,V,1,5.401064873,both_solved
498,onnx/ruarobot/perturbations_0.onnx,vnnlib/ruarobot/hyperrectangle_3566.vnnlib,CERTIFIED,1,0.3666,unsat,V,1,5.337090567,both_solved
499,onnx/ruarobot/perturbations_0.onnx,vnnlib/ruarobot/hyperrectangle_7689.vnnlib,FALSIFIED,1,0.2978,sat,F,1,3.212774694,both_solved
500,onnx/ruarobot/perturbations_0.onnx,vnnlib/ruarobot/hyperrectangle_2348.vnnlib,FALSIFIED,1,0.4422,sat,F,1,3.245166496,both_solved
501,onnx/ruarobot/perturbations_0.onnx,vnnlib/ruarobot/hyperrectangle_5525.vnnlib,TIMEOUT,0,,unsat,,0,47.001830654,neither
502,onnx/ruarobot/perturbations_0.onnx,vnnlib/ruarobot/hyperrectangle_4360.vnnlib,FALSIFIED,1,0.4542,sat,F,1,3.223266777,both_solved
503,onnx/ruarobot/perturbations_0.onnx,vnnlib/ruarobot/hyperrectangle_4359.vnnlib,CERTIFIED,1,2.3763,unsat,V,1,6.501392827,both_solved
504,onnx/ruarobot/perturbations_0.onnx,vnnlib/ruarobot/hyperrectangle_1626.vnnlib,TIMEOUT,0,21.1615,sat,F,1,6.844438197,vnncomp_only
505,onnx/medical/perturbations_0.onnx,vnnlib/medical/hyperrectangle_2390.vnnlib,FALSIFIED,1,0.3392,sat,penalty,0,5.333183554,ours_only
506,onnx/medical/perturbations_0.onnx,vnnlib/medical/hyperrectangle_1673.vnnlib,CERTIFIED,1,0.3448,unsat,V,1,5.325592108,both_solved
507,onnx/ruarobot/perturbations_0.onnx,vnnlib/ruarobot/hyperrectangle_5986.vnnlib,FALSIFIED,1,0.3707,sat,F,1,5.397098457,both_solved
508,onnx/ruarobot/perturbations_0.onnx,vnnlib/ruarobot/hyperrectangle_7258.vnnlib,FALSIFIED,1,0.3769,sat,F,1,3.565094502,both_solved
509,onnx/medical/perturbations_0.onnx,vnnlib/medical/hyperrectangle_1726.vnnlib,CERTIFIED,1,0.3562,unsat,V,1,5.345001158,both_solved
510,onnx/ruarobot/perturbations_0.onnx,vnnlib/ruarobot/hyperrectangle_2406.vnnlib,TIMEOUT,0,21.1288,sat,F,1,3.239642321,vnncomp_only
511,onnx/ruarobot/perturbations_0.onnx,vnnlib/ruarobot/hyperrectangle_953.vnnlib,FALSIFIED,1,0.4151,sat,F,1,5.371810479,both_solved
512,onnx/medical/perturbations_0.onnx,vnnlib/medical/hyperrectangle_145.vnnlib,CERTIFIED,1,0.4162,unsat,V,1,5.39545584,both_solved
513,onnx/ruarobot/perturbations_0.onnx,vnnlib/ruarobot/hyperrectangle_787.vnnlib,TIMEOUT,0,20.9191,sat,F,1,5.350687425,vnncomp_only
514,onnx/ruarobot/perturbations_0.onnx,vnnlib/ruarobot/hyperrectangle_885.vnnlib,CERTIFIED,1,0.3474,unsat,V,1,5.368426722,both_solved
515,onnx/medical/perturbations_0.onnx,vnnlib/medical/hyperrectangle_2455.vnnlib,CERTIFIED,1,14.6178,run_instance_timeout,,0,80.002668486,ours_only
516,onnx/ruarobot/perturbations_0.onnx,vnnlib/ruarobot/hyperrectangle_2355.vnnlib,FALSIFIED,1,0.347,sat,penalty,0,5.36135123,ours_only
517,onnx/ruarobot/perturbations_0.onnx,vnnlib/ruarobot/hyperrectangle_6650.vnnlib,FALSIFIED,1,0.3551,sat,F,1,3.299056502,both_solved
518,onnx/ruarobot/perturbations_0.onnx,vnnlib/ruarobot/hyperrectangle_22.vnnlib,TIMEOUT,0,21.0359,sat,F,1,3.20726224,vnncomp_only
519,onnx/medical/perturbations_0.onnx,vnnlib/medical/hyperrectangle_292.vnnlib,CERTIFIED,1,0.3154,unsat,V,1,5.351527429,both_solved
520,onnx/ruarobot/perturbations_0.onnx,vnnlib/ruarobot/hyperrectangle_2673.vnnlib,TIMEOUT,0,21.3121,sat,F,1,4.467936659,vnncomp_only
521,onnx/medical/perturbations_0.onnx,vnnlib/medical/hyperrectangle_1407.vnnlib,CERTIFIED,1,0.331,unsat,V,1,5.313066681,both_solved
522,onnx/ruarobot/perturbations_0.onnx,vnnlib/ruarobot/hyperrectangle_4535.vnnlib,TIMEOUT,0,21.1865,sat,F,1,6.792533501,vnncomp_only
523,onnx/ruarobot/perturbations_0.onnx,vnnlib/ruarobot/hyperrectangle_6710.vnnlib,FALSIFIED,1,0.3938,sat,penalty,0,5.362609014,ours_only
524,onnx/medical/perturbations_0.onnx,vnnlib/medical/hyperrectangle_1764.vnnlib,CERTIFIED,1,0.4077,unsat,V,1,5.386054841,both_solved
525,onnx/ruarobot/perturbations_0.onnx,vnnlib/ruarobot/hyperrectangle_4316.vnnlib,TIMEOUT,0,20.912,sat,F,1,5.35255427,vnncomp_only
526,onnx/ruarobot/perturbations_0.onnx,vnnlib/ruarobot/hyperrectangle_5722.vnnlib,FALSIFIED,1,0.377,sat,F,1,7.439134199,both_solved
527,onnx/ruarobot/perturbations_0.onnx,vnnlib/ruarobot/hyperrectangle_1737.vnnlib,CERTIFIED,1,0.3413,unsat,V,1,5.411742614,both_solved
528,onnx/medical/perturbations_0.onnx,vnnlib/medical/hyperrectangle_1515.vnnlib,CERTIFIED,1,0.4989,unsat,V,1,5.608212316,both_solved
529,onnx/ruarobot/perturbations_0.onnx,vnnlib/ruarobot/hyperrectangle_3839.vnnlib,FALSIFIED,1,0.3439,sat,penalty,0,5.533174319,ours_only
530,onnx/ruarobot/perturbations_0.onnx,vnnlib/ruarobot/hyperrectangle_4933.vnnlib,FALSIFIED,1,0.4475,sat,penalty,0,5.609312361,ours_only
531,onnx/ruarobot/perturbations_0.onnx,vnnlib/ruarobot/hyperrectangle_920.vnnlib,CERTIFIED,1,0.552,unsat,V,1,5.561350236,both_solved
532,onnx/ruarobot/perturbations_0.onnx,vnnlib/ruarobot/hyperrectangle_3039.vnnlib,FALSIFIED,1,0.3742,sat,F,1,5.377917172,both_solved
533,onnx/ruarobot/perturbations_0.onnx,vnnlib/ruarobot/hyperrectangle_4944.vnnlib,CERTIFIED,1,0.7123,unsat,V,1,5.645760417,both_solved
534,onnx/medical/perturbations_0.onnx,vnnlib/medical/hyperrectangle_1547.vnnlib,CERTIFIED,1,0.4001,unsat,V,1,5.496480843,both_solved
535,onnx/ruarobot/perturbations_0.onnx,vnnlib/ruarobot/hyperrectangle_4018.vnnlib,TIMEOUT,0,20.298,sat,F,1,5.480703859,vnncomp_only
536,onnx/ruarobot/perturbations_0.onnx,vnnlib/ruarobot/hyperrectangle_6853.vnnlib,FALSIFIED,1,0.3379,sat,F,1,6.877802873,both_solved
537,onnx/ruarobot/perturbations_0.onnx,vnnlib/ruarobot/hyperrectangle_7620.vnnlib,FALSIFIED,1,0.3791,sat,F,1,3.207786336,both_solved
538,onnx/ruarobot/perturbations_0.onnx,vnnlib/ruarobot/hyperrectangle_5802.vnnlib,FALSIFIED,1,0.3833,sat,penalty,0,5.351194556,ours_only
539,onnx/ruarobot/perturbations_0.onnx,vnnlib/ruarobot/hyperrectangle_7014.vnnlib,FALSIFIED,1,0.367,sat,F,1,3.240712039,both_solved
540,onnx/medical/perturbations_0.onnx,vnnlib/medical/hyperrectangle_1157.vnnlib,CERTIFIED,1,0.4067,unsat,V,1,5.459562971,both_solved
541,onnx/medical/perturbations_0.onnx,vnnlib/medical/hyperrectangle_1538.vnnlib,CERTIFIED,1,0.3457,unsat,V,1,5.296481728,both_solved
542,onnx/ruarobot/perturbations_0.onnx,vnnlib/ruarobot/hyperrectangle_5306.vnnlib,FALSIFIED,1,0.4127,sat,F,1,6.939099921,both_solved
543,onnx/medical/perturbations_0.onnx,vnnlib/medical/hyperrectangle_2280.vnnlib,CERTIFIED,1,15.9001,run_instance_timeout,,0,80.002666782,ours_only
544,onnx/ruarobot/perturbations_0.onnx,vnnlib/ruarobot/hyperrectangle_7696.vnnlib,CERTIFIED,1,1.0989,unsat,V,1,6.072683212,both_solved
545,onnx/ruarobot/perturbations_0.onnx,vnnlib/ruarobot/hyperrectangle_1470.vnnlib,CERTIFIED,1,2.7681,unsat,V,1,12.868716664,both_solved
546,onnx/medical/perturbations_0.onnx,vnnlib/medical/hyperrectangle_423.vnnlib,CERTIFIED,1,0.4922,unsat,V,1,5.797409334,both_solved
547,onnx/ruarobot/perturbations_0.onnx,vnnlib/ruarobot/hyperrectangle_1371.vnnlib,FALSIFIED,1,0.4579,sat,F,1,3.918656019,both_solved
548,onnx/medical/perturbations_0.onnx,vnnlib/medical/hyperrectangle_1530.vnnlib,CERTIFIED,1,0.3661,unsat,V,1,5.315793597,both_solved
549,onnx/medical/perturbations_0.onnx,vnnlib/medical/hyperrectangle_1433.vnnlib,CERTIFIED,1,0.276,unsat,V,1,5.414642806,both_solved
550,onnx/ruarobot/perturbations_0.onnx,vnnlib/ruarobot/hyperrectangle_4729.vnnlib,TIMEOUT,0,21.1988,sat,F,1,3.304955576,vnncomp_only
551,onnx/ruarobot/perturbations_0.onnx,vnnlib/ruarobot/hyperrectangle_3005.vnnlib,CERTIFIED,1,0.9535,unsat,V,1,5.784694002,both_solved
552,onnx/ruarobot/perturbations_0.onnx,vnnlib/ruarobot/hyperrectangle_7233.vnnlib,CERTIFIED,1,0.6139,unsat,V,1,5.627779706,both_solved
553,onnx/ruarobot/perturbations_0.onnx,vnnlib/ruarobot/hyperrectangle_5946.vnnlib,CERTIFIED,1,0.2809,unsat,V,1,5.30126138,both_solved
554,onnx/ruarobot/perturbations_0.onnx,vnnlib/ruarobot/hyperrectangle_817.vnnlib,FALSIFIED,1,0.4001,sat,F,1,3.184583213,both_solved
555,onnx/medical/perturbations_0.onnx,vnnlib/medical/hyperrectangle_735.vnnlib,FALSIFIED,1,0.3765,sat,penalty,0,5.339186455,ours_only
556,onnx/ruarobot/perturbations_0.onnx,vnnlib/ruarobot/hyperrectangle_915.vnnlib,FALSIFIED,1,0.3982,sat,F,1,3.254736395,both_solved
557,onnx/ruarobot/perturbations_0.onnx,vnnlib/ruarobot/hyperrectangle_5021.vnnlib,FALSIFIED,1,0.3838,sat,F,1,3.381499,both_solved
558,onnx/medical/perturbations_0.onnx,vnnlib/medical/hyperrectangle_2258.vnnlib,CERTIFIED,1,0.3952,unsat,V,1,5.482688372,both_solved
559,onnx/ruarobot/perturbations_0.onnx,vnnlib/ruarobot/hyperrectangle_6028.vnnlib,CERTIFIED,1,0.3048,unsat,V,1,5.383522168,both_solved
560,onnx/ruarobot/perturbations_0.onnx,vnnlib/ruarobot/hyperrectangle_1718.vnnlib,TIMEOUT,0,20.3494,sat,F,1,5.744893106,vnncomp_only
561,onnx/ruarobot/perturbations_0.onnx,vnnlib/ruarobot/hyperrectangle_5814.vnnlib,FALSIFIED,1,0.3499,sat,F,1,3.216160066,both_solved
562,onnx/ruarobot/perturbations_0.onnx,vnnlib/ruarobot/hyperrectangle_676.vnnlib,CERTIFIED,1,0.4281,unsat,V,1,5.377423739,both_solved
563,onnx/ruarobot/perturbations_0.onnx,vnnlib/ruarobot/hyperrectangle_4083.vnnlib,TIMEOUT,0,20.4649,sat,F,1,6.94221562,vnncomp_only
564,onnx/ruarobot/perturbations_0.onnx,vnnlib/ruarobot/hyperrectangle_4357.vnnlib,CERTIFIED,1,0.3219,unsat,V,1,5.360534236,both_solved
565,onnx/ruarobot/perturbations_0.onnx,vnnlib/ruarobot/hyperrectangle_6636.vnnlib,FALSIFIED,1,0.3834,sat,F,1,3.295675825,both_solved
566,onnx/ruarobot/perturbations_0.onnx,vnnlib/ruarobot/hyperrectangle_2054.vnnlib,TIMEOUT,0,20.1948,sat,F,1,6.823806093,vnncomp_only
567,onnx/ruarobot/perturbations_0.onnx,vnnlib/ruarobot/hyperrectangle_4192.vnnlib,FALSIFIED,1,0.3746,sat,penalty,0,5.358399717,ours_only
568,onnx/ruarobot/perturbations_0.onnx,vnnlib/ruarobot/hyperrectangle_1381.vnnlib,TIMEOUT,0,21.4152,sat,F,1,3.232536164,vnncomp_only
569,onnx/medical/perturbations_0.onnx,vnnlib/medical/hyperrectangle_675.vnnlib,TIMEOUT,0,21.3627,sat,F,1,3.294096221,vnncomp_only
570,onnx/medical/perturbations_0.onnx,vnnlib/medical/hyperrectangle_1770.vnnlib,CERTIFIED,1,0.4483,unsat,V,1,5.318475719,both_solved
571,onnx/medical/perturbations_0.onnx,vnnlib/medical/hyperrectangle_2185.vnnlib,TIMEOUT,0,20.463,sat,penalty,0,5.45515427,neither
572,onnx/ruarobot/perturbations_0.onnx,vnnlib/ruarobot/hyperrectangle_1992.vnnlib,CERTIFIED,1,0.3108,unsat,V,1,5.363349676,both_solved
573,onnx/ruarobot/perturbations_0.onnx,vnnlib/ruarobot/hyperrectangle_3338.vnnlib,FALSIFIED,1,0.314,sat,F,1,6.943827177,both_solved
574,onnx/ruarobot/perturbations_0.onnx,vnnlib/ruarobot/hyperrectangle_5357.vnnlib,FALSIFIED,1,0.4244,sat,F,1,5.350331478,both_solved
575,onnx/medical/perturbations_0.onnx,vnnlib/medical/hyperrectangle_2823.vnnlib,CERTIFIED,1,0.3509,unsat,V,1,5.447727463,both_solved
576,onnx/ruarobot/perturbations_0.onnx,vnnlib/ruarobot/hyperrectangle_129.vnnlib,FALSIFIED,1,0.2767,sat,F,1,3.193463106,both_solved
577,onnx/ruarobot/perturbations_0.onnx,vnnlib/ruarobot/hyperrectangle_455.vnnlib,CERTIFIED,1,0.5676,unsat,V,1,5.641871483,both_solved
578,onnx/ruarobot/perturbations_0.onnx,vnnlib/ruarobot/hyperrectangle_600.vnnlib,CERTIFIED,1,0.3813,unsat,V,1,5.397739926,both_solved
579,onnx/medical/perturbations_0.onnx,vnnlib/medical/hyperrectangle_2088.vnnlib,TIMEOUT,0,20.3555,sat,F,1,6.943711524,vnncomp_only
580,onnx/ruarobot/perturbations_0.onnx,vnnlib/ruarobot/hyperrectangle_3781.vnnlib,CERTIFIED,1,0.4426,unsat,V,1,5.633461524,both_solved
581,onnx/medical/perturbations_0.onnx,vnnlib/medical/hyperrectangle_1100.vnnlib,FALSIFIED,1,0.4389,sat,F,1,3.300738826,both_solved
582,onnx/ruarobot/perturbations_0.onnx,vnnlib/ruarobot/hyperrectangle_1252.vnnlib,FALSIFIED,1,0.3802,sat,F,1,6.940083019,both_solved
583,onnx/ruarobot/perturbations_0.onnx,vnnlib/ruarobot/hyperrectangle_615.vnnlib,FALSIFIED,1,0.47,sat,penalty,0,5.438848301,ours_only
584,onnx/ruarobot/perturbations_0.onnx,vnnlib/ruarobot/hyperrectangle_1932.vnnlib,CERTIFIED,1,1.1339,unsat,V,1,5.851659099,both_solved
585,onnx/medical/perturbations_0.onnx,vnnlib/medical/hyperrectangle_975.vnnlib,CERTIFIED,1,0.4027,unsat,V,1,5.414171635,both_solved
586,onnx/medical/perturbations_0.onnx,vnnlib/medical/hyperrectangle_266.vnnlib,CERTIFIED,1,0.3438,unsat,V,1,5.332257452,both_solved
587,onnx/medical/perturbations_0.onnx,vnnlib/medical/hyperrectangle_2066.vnnlib,TIMEOUT,0,21.0047,sat,F,1,3.207057911,vnncomp_only
588,onnx/ruarobot/perturbations_0.onnx,vnnlib/ruarobot/hyperrectangle_680.vnnlib,FALSIFIED,1,0.3369,sat,F,1,5.360630382,both_solved
589,onnx/ruarobot/perturbations_0.onnx,vnnlib/ruarobot/hyperrectangle_3542.vnnlib,CERTIFIED,1,0.5343,unsat,V,1,5.63011268,both_solved
590,onnx/ruarobot/perturbations_0.onnx,vnnlib/ruarobot/hyperrectangle_6567.vnnlib,FALSIFIED,1,0.3567,sat,F,1,3.296895869,both_solved
591,onnx/ruarobot/perturbations_0.onnx,vnnlib/ruarobot/hyperrectangle_7641.vnnlib,FALSIFIED,1,0.3528,sat,F,1,3.202091569,both_solved
592,onnx/ruarobot/perturbations_0.onnx,vnnlib/ruarobot/hyperrectangle_4451.vnnlib,CERTIFIED,1,0.3906,unsat,V,1,5.382390591,both_solved
593,onnx/medical/perturbations_0.onnx,vnnlib/medical/hyperrectangle_570.vnnlib,FALSIFIED,1,0.3698,sat,F,1,3.327467387,both_solved
594,onnx/ruarobot/perturbations_0.onnx,vnnlib/ruarobot/hyperrectangle_6688.vnnlib,FALSIFIED,1,0.3775,sat,F,1,5.470915272,both_solved
595,onnx/ruarobot/perturbations_0.onnx,vnnlib/ruarobot/hyperrectangle_6324.vnnlib,TIMEOUT,0,20.5848,sat,F,1,5.366151218,vnncomp_only
596,onnx/ruarobot/perturbations_0.onnx,vnnlib/ruarobot/hyperrectangle_1227.vnnlib,FALSIFIED,1,0.3032,sat,F,1,3.375385522,both_solved
597,onnx/ruarobot/perturbations_0.onnx,vnnlib/ruarobot/hyperrectangle_3955.vnnlib,CERTIFIED,1,2.5842,unsat,V,1,6.822813126,both_solved
598,onnx/ruarobot/perturbations_0.onnx,vnnlib/ruarobot/hyperrectangle_5963.vnnlib,TIMEOUT,0,20.519,sat,F,1,6.856239459,vnncomp_only
599,onnx/ruarobot/perturbations_0.onnx,vnnlib/ruarobot/hyperrectangle_6020.vnnlib,FALSIFIED,1,0.3036,sat,penalty,0,5.392564113,ours_only
600,onnx/ruarobot/perturbations_0.onnx,vnnlib/ruarobot/hyperrectangle_1398.vnnlib,TIMEOUT,0,20.533,sat,F,1,7.584360668,vnncomp_only
601,onnx/ruarobot/perturbations_0.onnx,vnnlib/ruarobot/hyperrectangle_142.vnnlib,FALSIFIED,1,0.8312,sat,F,1,7.095636173,both_solved
602,onnx/ruarobot/perturbations_0.onnx,vnnlib/ruarobot/hyperrectangle_1567.vnnlib,TIMEOUT,0,21.0045,sat,F,1,7.112912368,vnncomp_only
603,onnx/ruarobot/perturbations_0.onnx,vnnlib/ruarobot/hyperrectangle_5715.vnnlib,FALSIFIED,1,0.3429,sat,F,1,3.441704117,both_solved
604,onnx/ruarobot/perturbations_0.onnx,vnnlib/ruarobot/hyperrectangle_4515.vnnlib,TIMEOUT,0,20.7191,sat,F,1,7.010685852,vnncomp_only
605,onnx/ruarobot/perturbations_0.onnx,vnnlib/ruarobot/hyperrectangle_5092.vnnlib,TIMEOUT,0,21.1504,sat,F,1,4.593529659,vnncomp_only
606,onnx/ruarobot/perturbations_0.onnx,vnnlib/ruarobot/hyperrectangle_1536.vnnlib,FALSIFIED,1,0.3153,sat,F,1,6.860195323,both_solved
607,onnx/ruarobot/perturbations_0.onnx,vnnlib/ruarobot/hyperrectangle_1366.vnnlib,CERTIFIED,1,0.4532,unsat,V,1,5.449877137,both_solved
608,onnx/ruarobot/perturbations_0.onnx,vnnlib/ruarobot/hyperrectangle_5409.vnnlib,CERTIFIED,1,0.4885,unsat,V,1,5.537715133,both_solved
609,onnx/ruarobot/perturbations_0.onnx,vnnlib/ruarobot/hyperrectangle_6097.vnnlib,TIMEOUT,0,20.4297,sat,F,1,5.535507162,vnncomp_only
610,onnx/medical/perturbations_0.onnx,vnnlib/medical/hyperrectangle_2222.vnnlib,FALSIFIED,1,0.3467,sat,F,1,6.820965352,both_solved
611,onnx/ruarobot/perturbations_0.onnx,vnnlib/ruarobot/hyperrectangle_2953.vnnlib,FALSIFIED,1,0.3675,sat,penalty,0,5.336740838,ours_only
612,onnx/ruarobot/perturbations_0.onnx,vnnlib/ruarobot/hyperrectangle_3484.vnnlib,TIMEOUT,0,21.0781,sat,F,1,6.853046651,vnncomp_only
613,onnx/ruarobot/perturbations_0.onnx,vnnlib/ruarobot/hyperrectangle_6190.vnnlib,TIMEOUT,0,21.482,sat,F,1,6.813855206,vnncomp_only
614,onnx/ruarobot/perturbations_0.onnx,vnnlib/ruarobot/hyperrectangle_6539.vnnlib,TIMEOUT,0,20.3224,sat,penalty,0,5.436430814,neither
615,onnx/ruarobot/perturbations_0.onnx,vnnlib/ruarobot/hyperrectangle_100.vnnlib,FALSIFIED,1,0.3511,sat,F,1,5.511876044,both_solved
616,onnx/medical/perturbations_0.onnx,vnnlib/medical/hyperrectangle_1574.vnnlib,CERTIFIED,1,0.4408,unsat,V,1,5.317512209,both_solved
617,onnx/medical/perturbations_0.onnx,vnnlib/medical/hyperrectangle_264.vnnlib,CERTIFIED,1,0.3349,unsat,V,1,5.304278864,both_solved
618,onnx/ruarobot/perturbations_0.onnx,vnnlib/ruarobot/hyperrectangle_2882.vnnlib,TIMEOUT,0,20.5892,sat,F,1,6.891563865,vnncomp_only
619,onnx/medical/perturbations_0.onnx,vnnlib/medical/hyperrectangle_2000.vnnlib,CERTIFIED,1,0.473,unsat,V,1,5.783545977,both_solved
620,onnx/ruarobot/perturbations_0.onnx,vnnlib/ruarobot/hyperrectangle_6434.vnnlib,FALSIFIED,1,0.8014,sat,F,1,7.28651833,both_solved
621,onnx/medical/perturbations_0.onnx,vnnlib/medical/hyperrectangle_2197.vnnlib,CERTIFIED,1,0.3707,unsat,V,1,5.392406309,both_solved
622,onnx/ruarobot/perturbations_0.onnx,vnnlib/ruarobot/hyperrectangle_6204.vnnlib,FALSIFIED,1,0.3881,sat,F,1,5.356558839,both_solved
623,onnx/medical/perturbations_0.onnx,vnnlib/medical/hyperrectangle_184.vnnlib,CERTIFIED,1,0.354,unsat,V,1,5.294620042,both_solved
624,onnx/medical/perturbations_0.onnx,vnnlib/medical/hyperrectangle_1280.vnnlib,CERTIFIED,1,0.3409,unsat,V,1,5.347873844,both_solved
625,onnx/ruarobot/perturbations_0.onnx,vnnlib/ruarobot/hyperrectangle_1369.vnnlib,FALSIFIED,1,0.4053,sat,penalty,0,5.444363187,ours_only
626,onnx/ruarobot/perturbations_0.onnx,vnnlib/ruarobot/hyperrectangle_1937.vnnlib,CERTIFIED,1,1.3995,unsat,V,1,6.787073602,both_solved
627,onnx/ruarobot/perturbations_0.onnx,vnnlib/ruarobot/hyperrectangle_500.vnnlib,TIMEOUT,0,20.9953,sat,penalty,0,5.466595077,neither
628,onnx/ruarobot/perturbations_0.onnx,vnnlib/ruarobot/hyperrectangle_4495.vnnlib,FALSIFIED,1,0.3126,sat,F,1,3.216085252,both_solved
629,onnx/ruarobot/perturbations_0.onnx,vnnlib/ruarobot/hyperrectangle_5332.vnnlib,FALSIFIED,1,0.4812,sat,F,1,5.430611727,both_solved
630,onnx/medical/perturbations_0.onnx,vnnlib/medical/hyperrectangle_719.vnnlib,CERTIFIED,1,0.4667,unsat,V,1,5.378645044,both_solved
631,onnx/medical/perturbations_0.onnx,vnnlib/medical/hyperrectangle_372.vnnlib,CERTIFIED,1,0.3361,unsat,V,1,5.298854075,both_solved
632,onnx/ruarobot/perturbations_0.onnx,vnnlib/ruarobot/hyperrectangle_6449.vnnlib,FALSIFIED,1,0.3998,sat,F,1,5.523235237,both_solved
633,onnx/ruarobot/perturbations_0.onnx,vnnlib/ruarobot/hyperrectangle_1086.vnnlib,TIMEOUT,0,21.2926,sat,F,1,5.407812611,vnncomp_only
634,onnx/ruarobot/perturbations_0.onnx,vnnlib/ruarobot/hyperrectangle_1439.vnnlib,CERTIFIED,1,1.923,unsat,V,1,6.029462626,both_solved
635,onnx/ruarobot/perturbations_0.onnx,vnnlib/ruarobot/hyperrectangle_2721.vnnlib,FALSIFIED,1,0.3232,sat,F,1,3.204357042,both_solved
636,onnx/ruarobot/perturbations_0.onnx,vnnlib/ruarobot/hyperrectangle_756.vnnlib,FALSIFIED,1,0.3867,sat,F,1,3.676502615,both_solved
637,onnx/medical/perturbations_0.onnx,vnnlib/medical/hyperrectangle_692.vnnlib,FALSIFIED,1,0.4038,sat,F,1,3.187724086,both_solved
638,onnx/ruarobot/perturbations_0.onnx,vnnlib/ruarobot/hyperrectangle_4225.vnnlib,CERTIFIED,1,0.5866,unsat,V,1,5.375006614,both_solved
639,onnx/medical/perturbations_0.onnx,vnnlib/medical/hyperrectangle_1693.vnnlib,CERTIFIED,1,0.3482,unsat,V,1,5.326180415,both_solved
640,onnx/ruarobot/perturbations_0.onnx,vnnlib/ruarobot/hyperrectangle_4911.vnnlib,FALSIFIED,1,0.3816,sat,F,1,5.364283997,both_solved
641,onnx/ruarobot/perturbations_0.onnx,vnnlib/ruarobot/hyperrectangle_3365.vnnlib,TIMEOUT,0,21.5505,sat,F,1,6.866592075,vnncomp_only
642,onnx/medical/perturbations_0.onnx,vnnlib/medical/hyperrectangle_2584.vnnlib,FALSIFIED,1,0.4097,sat,F,1,3.423995844,both_solved
643,onnx/ruarobot/perturbations_0.onnx,vnnlib/ruarobot/hyperrectangle_2553.vnnlib,FALSIFIED,1,0.439,sat,F,1,6.870556405,both_solved
644,onnx/ruarobot/perturbations_0.onnx,vnnlib/ruarobot/hyperrectangle_7064.vnnlib,FALSIFIED,1,0.5595,sat,F,1,5.454571582,both_solved
645,onnx/ruarobot/perturbations_0.onnx,vnnlib/ruarobot/hyperrectangle_5425.vnnlib,FALSIFIED,1,0.4455,sat,F,1,3.378239278,both_solved
646,onnx/medical/perturbations_0.onnx,vnnlib/medical/hyperrectangle_1369.vnnlib,CERTIFIED,1,0.3636,unsat,V,1,5.399968909,both_solved
647,onnx/ruarobot/perturbations_0.onnx,vnnlib/ruarobot/hyperrectangle_5308.vnnlib,FALSIFIED,1,0.3757,sat,F,1,5.448895629,both_solved
648,onnx/ruarobot/perturbations_0.onnx,vnnlib/ruarobot/hyperrectangle_1304.vnnlib,TIMEOUT,0,21.1314,sat,F,1,7.00105272,vnncomp_only
649,onnx/ruarobot/perturbations_0.onnx,vnnlib/ruarobot/hyperrectangle_4307.vnnlib,CERTIFIED,1,2.7211,unsat,V,1,6.95774635,both_solved
650,onnx/ruarobot/perturbations_0.onnx,vnnlib/ruarobot/hyperrectangle_4175.vnnlib,CERTIFIED,1,0.6207,unsat,V,1,5.529121919,both_solved
651,onnx/medical/perturbations_0.onnx,vnnlib/medical/hyperrectangle_1485.vnnlib,CERTIFIED,1,0.3677,unsat,V,1,5.387216088,both_solved
652,onnx/ruarobot/perturbations_0.onnx,vnnlib/ruarobot/hyperrectangle_4665.vnnlib,FALSIFIED,1,0.4726,sat,F,1,6.919530944,both_solved
653,onnx/medical/perturbations_0.onnx,vnnlib/medical/hyperrectangle_2307.vnnlib,CERTIFIED,1,0.4533,unsat,V,1,5.435949396,both_solved
654,onnx/ruarobot/perturbations_0.onnx,vnnlib/ruarobot/hyperrectangle_5606.vnnlib,CERTIFIED,1,0.4377,unsat,V,1,5.491836117,both_solved
655,onnx/ruarobot/perturbations_0.onnx,vnnlib/ruarobot/hyperrectangle_6052.vnnlib,TIMEOUT,0,20.1934,sat,penalty,0,5.368302404,neither
656,onnx/medical/perturbations_0.onnx,vnnlib/medical/hyperrectangle_1500.vnnlib,FALSIFIED,1,0.3658,sat,F,1,5.373078293,both_solved
657,onnx/ruarobot/perturbations_0.onnx,vnnlib/ruarobot/hyperrectangle_4379.vnnlib,FALSIFIED,1,0.4023,sat,F,1,5.333207334,both_solved
658,onnx/ruarobot/perturbations_0.onnx,vnnlib/ruarobot/hyperrectangle_1742.vnnlib,FALSIFIED,1,0.4116,sat,F,1,6.852958276,both_solved
659,onnx/ruarobot/perturbations_0.onnx,vnnlib/ruarobot/hyperrectangle_3618.vnnlib,FALSIFIED,1,0.4604,sat,F,1,3.943523958,both_solved
660,onnx/ruarobot/perturbations_0.onnx,vnnlib/ruarobot/hyperrectangle_4103.vnnlib,FALSIFIED,1,0.4569,sat,F,1,3.232026541,both_solved
661,onnx/ruarobot/perturbations_0.onnx,vnnlib/ruarobot/hyperrectangle_1269.vnnlib,FALSIFIED,1,0.3941,sat,penalty,0,5.422747117,ours_only
662,onnx/ruarobot/perturbations_0.onnx,vnnlib/ruarobot/hyperrectangle_1100.vnnlib,TIMEOUT,0,20.537,sat,F,1,5.424088428,vnncomp_only
663,onnx/ruarobot/perturbations_0.onnx,vnnlib/ruarobot/hyperrectangle_6212.vnnlib,TIMEOUT,0,20.6816,sat,F,1,5.43824548,vnncomp_only
664,onnx/medical/perturbations_0.onnx,vnnlib/medical/hyperrectangle_2344.vnnlib,FALSIFIED,1,0.5446,sat,F,1,6.944514661,both_solved
665,onnx/ruarobot/perturbations_0.onnx,vnnlib/ruarobot/hyperrectangle_6945.vnnlib,FALSIFIED,1,0.5011,sat,F,1,5.435556169,both_solved
666,onnx/medical/perturbations_0.onnx,vnnlib/medical/hyperrectangle_2354.vnnlib,TIMEOUT,0,20.1686,sat,F,1,6.934400517,vnncomp_only
667,onnx/ruarobot/perturbations_0.onnx,vnnlib/ruarobot/hyperrectangle_1401.vnnlib,FALSIFIED,1,0.3547,sat,F,1,3.411023248,both_solved
668,onnx/ruarobot/perturbations_0.onnx,vnnlib/ruarobot/hyperrectangle_2123.vnnlib,FALSIFIED,1,0.7194,sat,F,1,5.520366036,both_solved
669,onnx/ruarobot/perturbations_0.onnx,vnnlib/ruarobot/hyperrectangle_3849.vnnlib,CERTIFIED,1,0.4935,unsat,V,1,5.439489838,both_solved
670,onnx/ruarobot/perturbations_0.onnx,vnnlib/ruarobot/hyperrectangle_7881.vnnlib,FALSIFIED,1,0.431,sat,F,1,5.244529478,both_solved
671,onnx/ruarobot/perturbations_0.onnx,vnnlib/ruarobot/hyperrectangle_7895.vnnlib,FALSIFIED,1,0.6007,sat,F,1,4.314484728,both_solved
672,onnx/ruarobot/perturbations_0.onnx,vnnlib/ruarobot/hyperrectangle_6788.vnnlib,TIMEOUT,0,20.551,sat,penalty,0,5.362025245,neither
673,onnx/ruarobot/perturbations_0.onnx,vnnlib/ruarobot/hyperrectangle_2177.vnnlib,FALSIFIED,1,0.3876,sat,F,1,6.874045915,both_solved
674,onnx/ruarobot/perturbations_0.onnx,vnnlib/ruarobot/hyperrectangle_5766.vnnlib,FALSIFIED,1,0.4404,sat,F,1,6.815015314,both_solved
675,onnx/ruarobot/perturbations_0.onnx,vnnlib/ruarobot/hyperrectangle_6036.vnnlib,FALSIFIED,1,0.5098,sat,F,1,4.180504497,both_solved
676,onnx/ruarobot/perturbations_0.onnx,vnnlib/ruarobot/hyperrectangle_4343.vnnlib,CERTIFIED,1,0.5009,unsat,V,1,5.384067071,both_solved
677,onnx/ruarobot/perturbations_0.onnx,vnnlib/ruarobot/hyperrectangle_7515.vnnlib,FALSIFIED,1,0.399,sat,F,1,3.21555396,both_solved
678,onnx/ruarobot/perturbations_0.onnx,vnnlib/ruarobot/hyperrectangle_2302.vnnlib,FALSIFIED,1,0.4509,sat,F,1,5.39555458,both_solved
679,onnx/ruarobot/perturbations_0.onnx,vnnlib/ruarobot/hyperrectangle_6812.vnnlib,FALSIFIED,1,0.5785,sat,F,1,3.198233769,both_solved
680,onnx/ruarobot/perturbations_0.onnx,vnnlib/ruarobot/hyperrectangle_253.vnnlib,TIMEOUT,0,20.1245,sat,F,1,6.905460536,vnncomp_only
681,onnx/medical/perturbations_0.onnx,vnnlib/medical/hyperrectangle_354.vnnlib,FALSIFIED,1,0.3254,sat,F,1,3.220445798,both_solved
682,onnx/medical/perturbations_0.onnx,vnnlib/medical/hyperrectangle_2609.vnnlib,CERTIFIED,1,0.3702,unsat,V,1,5.30805565,both_solved
683,onnx/ruarobot/perturbations_0.onnx,vnnlib/ruarobot/hyperrectangle_7035.vnnlib,FALSIFIED,1,0.3449,sat,F,1,5.450953107,both_solved
684,onnx/ruarobot/perturbations_0.onnx,vnnlib/ruarobot/hyperrectangle_3828.vnnlib,FALSIFIED,1,0.5608,sat,F,1,7.149125979,both_solved
685,onnx/ruarobot/perturbations_0.onnx,vnnlib/ruarobot/hyperrectangle_293.vnnlib,TIMEOUT,0,21.4211,sat,F,1,6.834268,vnncomp_only
686,onnx/medical/perturbations_0.onnx,vnnlib/medical/hyperrectangle_1091.vnnlib,CERTIFIED,1,0.3362,unsat,V,1,5.380107235,both_solved
687,onnx/ruarobot/perturbations_0.onnx,vnnlib/ruarobot/hyperrectangle_7398.vnnlib,FALSIFIED,1,0.6024,sat,F,1,7.120884586,both_solved
688,onnx/ruarobot/perturbations_0.onnx,vnnlib/ruarobot/hyperrectangle_1481.vnnlib,FALSIFIED,1,0.4749,sat,penalty,0,5.331295467,ours_only
689,onnx/medical/perturbations_0.onnx,vnnlib/medical/hyperrectangle_2712.vnnlib,CERTIFIED,1,0.3673,unsat,V,1,5.321550463,both_solved
690,onnx/ruarobot/perturbations_0.onnx,vnnlib/ruarobot/hyperrectangle_2552.vnnlib,FALSIFIED,1,0.4906,sat,F,1,3.223837726,both_solved
691,onnx/ruarobot/perturbations_0.onnx,vnnlib/ruarobot/hyperrectangle_3634.vnnlib,TIMEOUT,0,21.3851,sat,F,1,7.021537607,vnncomp_only
692,onnx/ruarobot/perturbations_0.onnx,vnnlib/ruarobot/hyperrectangle_2992.vnnlib,FALSIFIED,1,0.3796,sat,F,1,5.3510577,both_solved
693,onnx/ruarobot/perturbations_0.onnx,vnnlib/ruarobot/hyperrectangle_4969.vnnlib,TIMEOUT,0,20.3825,sat,penalty,0,5.587858621,neither
694,onnx/ruarobot/perturbations_0.onnx,vnnlib/ruarobot/hyperrectangle_3031.vnnlib,CERTIFIED,1,0.3849,unsat,V,1,5.329289369,both_solved
695,onnx/ruarobot/perturbations_0.onnx,vnnlib/ruarobot/hyperrectangle_770.vnnlib,TIMEOUT,0,21.2203,sat,F,1,5.545446634,vnncomp_only
696,onnx/ruarobot/perturbations_0.onnx,vnnlib/ruarobot/hyperrectangle_5852.vnnlib,TIMEOUT,0,21.2602,sat,F,1,5.62124165,vnncomp_only
697,onnx/ruarobot/perturbations_0.onnx,vnnlib/ruarobot/hyperrectangle_2792.vnnlib,FALSIFIED,1,0.3738,sat,F,1,3.199966075,both_solved
698,onnx/medical/perturbations_0.onnx,vnnlib/medical/hyperrectangle_2183.vnnlib,CERTIFIED,1,0.4335,unsat,V,1,5.492293291,both_solved
699,onnx/ruarobot/perturbations_0.onnx,vnnlib/ruarobot/hyperrectangle_791.vnnlib,FALSIFIED,1,0.4413,sat,F,1,6.939927487,both_solved
700,onnx/ruarobot/perturbations_0.onnx,vnnlib/ruarobot/hyperrectangle_1803.vnnlib,CERTIFIED,1,0.3591,unsat,V,1,5.302969241,both_solved
701,onnx/ruarobot/perturbations_0.onnx,vnnlib/ruarobot/hyperrectangle_3063.vnnlib,CERTIFIED,1,0.6376,unsat,V,1,5.754450246,both_solved
702,onnx/ruarobot/perturbations_0.onnx,vnnlib/ruarobot/hyperrectangle_194.vnnlib,CERTIFIED,1,0.5649,unsat,V,1,5.618565877,both_solved
703,onnx/ruarobot/perturbations_0.onnx,vnnlib/ruarobot/hyperrectangle_5649.vnnlib,TIMEOUT,0,20.99,sat,F,1,7.092762927,vnncomp_only
704,onnx/medical/perturbations_0.onnx,vnnlib/medical/hyperrectangle_1943.vnnlib,CERTIFIED,1,0.3551,unsat,V,1,5.30396879,both_solved
705,onnx/ruarobot/perturbations_0.onnx,vnnlib/ruarobot/hyperrectangle_7493.vnnlib,FALSIFIED,1,5.2023,run_instance_timeout,,0,80.002620715,ours_only
706,onnx/ruarobot/perturbations_0.onnx,vnnlib/ruarobot/hyperrectangle_2144.vnnlib,FALSIFIED,1,0.4792,sat,F,1,3.625091566,both_solved
707,onnx/ruarobot/perturbations_0.onnx,vnnlib/ruarobot/hyperrectangle_2205.vnnlib,TIMEOUT,0,20.9293,sat,F,1,6.858465654,vnncomp_only
708,onnx/ruarobot/perturbations_0.onnx,vnnlib/ruarobot/hyperrectangle_1875.vnnlib,FALSIFIED,1,0.3365,sat,F,1,5.443009496,both_solved
709,onnx/ruarobot/perturbations_0.onnx,vnnlib/ruarobot/hyperrectangle_5310.vnnlib,FALSIFIED,1,0.3931,sat,F,1,5.371821993,both_solved
710,onnx/ruarobot/perturbations_0.onnx,vnnlib/ruarobot/hyperrectangle_4953.vnnlib,CERTIFIED,1,0.5711,unsat,V,1,5.462988345,both_solved
711,onnx/medical/perturbations_0.onnx,vnnlib/medical/hyperrectangle_2780.vnnlib,CERTIFIED,1,0.5448,unsat,V,1,6.229224794,both_solved
712,onnx/ruarobot/perturbations_0.onnx,vnnlib/ruarobot/hyperrectangle_837.vnnlib,FALSIFIED,1,0.4626,sat,F,1,6.97450801,both_solved
713,onnx/ruarobot/perturbations_0.onnx,vnnlib/ruarobot/hyperrectangle_4203.vnnlib,CERTIFIED,1,0.6819,unsat,V,1,5.82869106,both_solved
714,onnx/ruarobot/perturbations_0.onnx,vnnlib/ruarobot/hyperrectangle_2428.vnnlib,FALSIFIED,1,0.3797,sat,F,1,3.217355334,both_solved
715,onnx/ruarobot/perturbations_0.onnx,vnnlib/ruarobot/hyperrectangle_1474.vnnlib,CERTIFIED,1,0.4236,unsat,V,1,5.347445996,both_solved
716,onnx/ruarobot/perturbations_0.onnx,vnnlib/ruarobot/hyperrectangle_2526.vnnlib,TIMEOUT,0,21.4115,sat,F,1,3.205015435,vnncomp_only
717,onnx/ruarobot/perturbations_0.onnx,vnnlib/ruarobot/hyperrectangle_3692.vnnlib,TIMEOUT,0,20.6638,sat,F,1,6.830639514,vnncomp_only
718,onnx/ruarobot/perturbations_0.onnx,vnnlib/ruarobot/hyperrectangle_3443.vnnlib,CERTIFIED,1,0.4983,unsat,V,1,5.401517705,both_solved
719,onnx/ruarobot/perturbations_0.onnx,vnnlib/ruarobot/hyperrectangle_6123.vnnlib,TIMEOUT,0,21.3068,sat,F,1,3.249897506,vnncomp_only
720,onnx/ruarobot/perturbations_0.onnx,vnnlib/ruarobot/hyperrectangle_2896.vnnlib,FALSIFIED,1,0.4487,sat,F,1,3.316172283,both_solved
721,onnx/ruarobot/perturbations_0.onnx,vnnlib/ruarobot/hyperrectangle_3550.vnnlib,FALSIFIED,1,0.6985,sat,F,1,5.376677754,both_solved
722,onnx/ruarobot/perturbations_0.onnx,vnnlib/ruarobot/hyperrectangle_2283.vnnlib,TIMEOUT,0,,run_instance_timeout,,0,80.002710281,neither
723,onnx/ruarobot/perturbations_0.onnx,vnnlib/ruarobot/hyperrectangle_7468.vnnlib,CERTIFIED,1,0.46,unsat,V,1,5.291366644,both_solved
724,onnx/medical/perturbations_0.onnx,vnnlib/medical/hyperrectangle_1104.vnnlib,CERTIFIED,1,2.0013,unsat,V,1,7.791247056,both_solved
725,onnx/ruarobot/perturbations_0.onnx,vnnlib/ruarobot/hyperrectangle_3969.vnnlib,CERTIFIED,1,0.7675,unsat,V,1,5.79035007,both_solved
726,onnx/ruarobot/perturbations_0.onnx,vnnlib/ruarobot/hyperrectangle_4234.vnnlib,CERTIFIED,1,0.3933,unsat,V,1,5.342452175,both_solved
727,onnx/ruarobot/perturbations_0.onnx,vnnlib/ruarobot/hyperrectangle_919.vnnlib,FALSIFIED,1,0.4898,sat,F,1,3.216053425,both_solved
728,onnx/medical/perturbations_0.onnx,vnnlib/medical/hyperrectangle_1690.vnnlib,CERTIFIED,1,0.5558,unsat,V,1,5.381463074,both_solved
729,onnx/ruarobot/perturbations_0.onnx,vnnlib/ruarobot/hyperrectangle_6894.vnnlib,TIMEOUT,0,20.2466,sat,F,1,6.830539129,vnncomp_only
730,onnx/ruarobot/perturbations_0.onnx,vnnlib/ruarobot/hyperrectangle_955.vnnlib,FALSIFIED,1,0.3875,sat,F,1,6.966935758,both_solved
731,onnx/ruarobot/perturbations_0.onnx,vnnlib/ruarobot/hyperrectangle_3857.vnnlib,FALSIFIED,1,0.4284,sat,F,1,5.396233885,both_solved
732,onnx/ruarobot/perturbations_0.onnx,vnnlib/ruarobot/hyperrectangle_5727.vnnlib,FALSIFIED,1,0.4263,sat,F,1,3.211419315,both_solved
733,onnx/ruarobot/perturbations_0.onnx,vnnlib/ruarobot/hyperrectangle_246.vnnlib,FALSIFIED,1,0.3824,sat,F,1,6.841973138,both_solved
734,onnx/ruarobot/perturbations_0.onnx,vnnlib/ruarobot/hyperrectangle_1494.vnnlib,TIMEOUT,0,20.9049,sat,F,1,3.260398624,vnncomp_only
735,onnx/ruarobot/perturbations_0.onnx,vnnlib/ruarobot/hyperrectangle_7878.vnnlib,TIMEOUT,0,21.2367,sat,F,1,4.097690488,vnncomp_only
736,onnx/medical/perturbations_0.onnx,vnnlib/medical/hyperrectangle_1261.vnnlib,CERTIFIED,1,0.3003,unsat,V,1,5.293204913,both_solved
737,onnx/ruarobot/perturbations_0.onnx,vnnlib/ruarobot/hyperrectangle_5692.vnnlib,FALSIFIED,1,0.3746,sat,F,1,3.295883346,both_solved
738,onnx/ruarobot/perturbations_0.onnx,vnnlib/ruarobot/hyperrectangle_7796.vnnlib,CERTIFIED,1,1.9282,unsat,V,1,6.416893867,both_solved
739,onnx/medical/perturbations_0.onnx,vnnlib/medical/hyperrectangle_2158.vnnlib,CERTIFIED,1,10.0825,unsat,V,1,13.804105031,both_solved
740,onnx/medical/perturbations_0.onnx,vnnlib/medical/hyperrectangle_189.vnnlib,CERTIFIED,1,0.3304,unsat,V,1,5.317796407,both_solved
741,onnx/ruarobot/perturbations_0.onnx,vnnlib/ruarobot/hyperrectangle_7027.vnnlib,FALSIFIED,1,0.349,sat,F,1,3.181725084,both_solved
742,onnx/ruarobot/perturbations_0.onnx,vnnlib/ruarobot/hyperrectangle_2887.vnnlib,FALSIFIED,1,0.4684,sat,penalty,0,5.412884391,ours_only
743,onnx/ruarobot/perturbations_0.onnx,vnnlib/ruarobot/hyperrectangle_2845.vnnlib,FALSIFIED,1,0.3683,sat,F,1,3.205558059,both_solved
744,onnx/medical/perturbations_0.onnx,vnnlib/medical/hyperrectangle_1966.vnnlib,CERTIFIED,1,0.3785,unsat,V,1,5.295960331,both_solved
745,onnx/ruarobot/perturbations_0.onnx,vnnlib/ruarobot/hyperrectangle_1461.vnnlib,CERTIFIED,0,21.5897,unsat,,0,31.850901712,neither
746,onnx/ruarobot/perturbations_0.onnx,vnnlib/ruarobot/hyperrectangle_4921.vnnlib,FALSIFIED,1,0.4162,sat,F,1,3.201716529,both_solved
747,onnx/ruarobot/perturbations_0.onnx,vnnlib/ruarobot/hyperrectangle_6749.vnnlib,FALSIFIED,1,0.4549,sat,penalty,0,5.426458696,ours_only
748,onnx/ruarobot/perturbations_0.onnx,vnnlib/ruarobot/hyperrectangle_2236.vnnlib,CERTIFIED,1,3.0538,unsat,V,1,7.178507054,both_solved
749,onnx/ruarobot/perturbations_0.onnx,vnnlib/ruarobot/hyperrectangle_2573.vnnlib,FALSIFIED,1,0.3659,sat,F,1,6.881742477,both_solved
750,onnx/ruarobot/perturbations_0.onnx,vnnlib/ruarobot/hyperrectangle_331.vnnlib,FALSIFIED,1,0.3766,sat,F,1,4.081522272,both_solved
751,onnx/ruarobot/perturbations_0.onnx,vnnlib/ruarobot/hyperrectangle_2948.vnnlib,FALSIFIED,1,0.3847,sat,F,1,3.580631419,both_solved
752,onnx/ruarobot/perturbations_0.onnx,vnnlib/ruarobot/hyperrectangle_5756.vnnlib,FALSIFIED,1,0.4319,sat,F,1,3.239823526,both_solved
753,onnx/medical/perturbations_0.onnx,vnnlib/medical/hyperrectangle_769.vnnlib,CERTIFIED,1,0.4171,unsat,V,1,5.310481991,both_solved
754,onnx/ruarobot/perturbations_0.onnx,vnnlib/ruarobot/hyperrectangle_2092.vnnlib,FALSIFIED,1,0.5131,sat,F,1,7.074089585,both_solved
755,onnx/ruarobot/perturbations_0.onnx,vnnlib/ruarobot/hyperrectangle_3670.vnnlib,CERTIFIED,1,0.4037,unsat,V,1,5.416498139,both_solved
756,onnx/ruarobot/perturbations_0.onnx,vnnlib/ruarobot/hyperrectangle_3844.vnnlib,FALSIFIED,1,0.4293,sat,F,1,5.455036617,both_solved
757,onnx/ruarobot/perturbations_0.onnx,vnnlib/ruarobot/hyperrectangle_5849.vnnlib,FALSIFIED,1,0.4832,sat,penalty,0,5.457324932,ours_only
758,onnx/ruarobot/perturbations_0.onnx,vnnlib/ruarobot/hyperrectangle_5719.vnnlib,FALSIFIED,1,0.4337,sat,F,1,6.867955286,both_solved
759,onnx/ruarobot/perturbations_0.onnx,vnnlib/ruarobot/hyperrectangle_1286.vnnlib,FALSIFIED,1,0.389,sat,F,1,3.255759487,both_solved
760,onnx/medical/perturbations_0.onnx,vnnlib/medical/hyperrectangle_931.vnnlib,CERTIFIED,1,0.3417,unsat,V,1,5.377124572,both_solved
761,onnx/ruarobot/perturbations_0.onnx,vnnlib/ruarobot/hyperrectangle_3142.vnnlib,CERTIFIED,1,0.704,unsat,V,1,5.839079042,both_solved
762,onnx/ruarobot/perturbations_0.onnx,vnnlib/ruarobot/hyperrectangle_3048.vnnlib,CERTIFIED,1,0.6097,unsat,V,1,5.92583564,both_solved
763,onnx/ruarobot/perturbations_0.onnx,vnnlib/ruarobot/hyperrectangle_7605.vnnlib,FALSIFIED,1,0.4993,sat,F,1,3.401982868,both_solved
764,onnx/ruarobot/perturbations_0.onnx,vnnlib/ruarobot/hyperrectangle_1364.vnnlib,TIMEOUT,0,20.1895,sat,penalty,0,6.561630195,neither
765,onnx/ruarobot/perturbations_0.onnx,vnnlib/ruarobot/hyperrectangle_2712.vnnlib,FALSIFIED,1,0.3041,sat,F,1,5.362918705,both_solved
766,onnx/ruarobot/perturbations_0.onnx,vnnlib/ruarobot/hyperrectangle_3523.vnnlib,FALSIFIED,1,0.4625,sat,penalty,0,5.423563221,ours_only
767,onnx/ruarobot/perturbations_0.onnx,vnnlib/ruarobot/hyperrectangle_565.vnnlib,FALSIFIED,1,0.4791,sat,F,1,6.855582905,both_solved
768,onnx/ruarobot/perturbations_0.onnx,vnnlib/ruarobot/hyperrectangle_2538.vnnlib,FALSIFIED,1,0.4683,sat,F,1,3.200023886,both_solved
769,onnx/ruarobot/perturbations_0.onnx,vnnlib/ruarobot/hyperrectangle_2679.vnnlib,TIMEOUT,0,21.0482,sat,F,1,3.657387912,vnncomp_only
770,onnx/medical/perturbations_0.onnx,vnnlib/medical/hyperrectangle_2684.vnnlib,CERTIFIED,1,0.5645,unsat,V,1,5.675729997,both_solved
771,onnx/medical/perturbations_0.onnx,vnnlib/medical/hyperrectangle_1020.vnnlib,CERTIFIED,1,0.332,unsat,V,1,5.417134405,both_solved
772,onnx/medical/perturbations_0.onnx,vnnlib/medical/hyperrectangle_510.vnnlib,CERTIFIED,1,0.3304,unsat,V,1,5.463145763,both_solved
773,onnx/ruarobot/perturbations_0.onnx,vnnlib/ruarobot/hyperrectangle_5001.vnnlib,CERTIFIED,1,0.4032,unsat,V,1,5.493538008,both_solved
774,onnx/ruarobot/perturbations_0.onnx,vnnlib/ruarobot/hyperrectangle_4320.vnnlib,FALSIFIED,1,0.3708,sat,F,1,3.239779745,both_solved
775,onnx/ruarobot/perturbations_0.onnx,vnnlib/ruarobot/hyperrectangle_6079.vnnlib,FALSIFIED,1,0.4307,sat,F,1,6.852336492,both_solved
776,onnx/medical/perturbations_0.onnx,vnnlib/medical/hyperrectangle_1643.vnnlib,CERTIFIED,1,0.3421,unsat,V,1,5.311200942,both_solved
777,onnx/medical/perturbations_0.onnx,vnnlib/medical/hyperrectangle_2589.vnnlib,FALSIFIED,1,0.3724,sat,F,1,6.944686441,both_solved
778,onnx/ruarobot/perturbations_0.onnx,vnnlib/ruarobot/hyperrectangle_5601.vnnlib,TIMEOUT,0,20.3632,sat,F,1,6.931324531,vnncomp_only
779,onnx/ruarobot/perturbations_0.onnx,vnnlib/ruarobot/hyperrectangle_763.vnnlib,FALSIFIED,1,0.3049,sat,F,1,4.181256995,both_solved
780,onnx/ruarobot/perturbations_0.onnx,vnnlib/ruarobot/hyperrectangle_7206.vnnlib,FALSIFIED,1,0.3772,sat,F,1,6.935308136,both_solved
781,onnx/ruarobot/perturbations_0.onnx,vnnlib/ruarobot/hyperrectangle_1098.vnnlib,TIMEOUT,0,20.6283,sat,F,1,6.896579053,vnncomp_only
782,onnx/ruarobot/perturbations_0.onnx,vnnlib/ruarobot/hyperrectangle_388.vnnlib,TIMEOUT,0,20.8496,sat,F,1,6.945270234,vnncomp_only
783,onnx/ruarobot/perturbations_0.onnx,vnnlib/ruarobot/hyperrectangle_4604.vnnlib,TIMEOUT,0,20.0886,sat,F,1,6.811670907,vnncomp_only
784,onnx/medical/perturbations_0.onnx,vnnlib/medical/hyperrectangle_2193.vnnlib,FALSIFIED,1,0.3711,sat,F,1,3.235961168,both_solved
785,onnx/medical/perturbations_0.onnx,vnnlib/medical/hyperrectangle_2645.vnnlib,CERTIFIED,1,0.3494,unsat,V,1,5.335638331,both_solved
786,onnx/ruarobot/perturbations_0.onnx,vnnlib/ruarobot/hyperrectangle_6693.vnnlib,CERTIFIED,1,16.6863,unsat,V,1,11.187227228,both_solved
787,onnx/ruarobot/perturbations_0.onnx,vnnlib/ruarobot/hyperrectangle_503.vnnlib,TIMEOUT,0,21.4658,sat,F,1,6.827512437,vnncomp_only
788,onnx/ruarobot/perturbations_0.onnx,vnnlib/ruarobot/hyperrectangle_3774.vnnlib,FALSIFIED,1,0.3192,sat,F,1,5.454264734,both_solved
789,onnx/ruarobot/perturbations_0.onnx,vnnlib/ruarobot/hyperrectangle_1276.vnnlib,TIMEOUT,0,20.2513,sat,F,1,6.853148956,vnncomp_only
790,onnx/ruarobot/perturbations_0.onnx,vnnlib/ruarobot/hyperrectangle_2884.vnnlib,CERTIFIED,1,0.3856,unsat,V,1,5.429006725,both_solved
791,onnx/medical/perturbations_0.onnx,vnnlib/medical/hyperrectangle_143.vnnlib,FALSIFIED,1,0.3606,sat,F,1,7.171117257,both_solved
792,onnx/ruarobot/perturbations_0.onnx,vnnlib/ruarobot/hyperrectangle_3594.vnnlib,CERTIFIED,1,0.436,unsat,V,1,5.467397962,both_solved
793,onnx/ruarobot/perturbations_0.onnx,vnnlib/ruarobot/hyperrectangle_4584.vnnlib,FALSIFIED,1,0.4304,sat,F,1,3.255449018,both_solved
794,onnx/ruarobot/perturbations_0.onnx,vnnlib/ruarobot/hyperrectangle_3756.vnnlib,FALSIFIED,1,0.4556,sat,F,1,4.022531442,both_solved
795,onnx/ruarobot/perturbations_0.onnx,vnnlib/ruarobot/hyperrectangle_4706.vnnlib,FALSIFIED,1,0.4257,sat,penalty,0,5.376098318,ours_only
796,onnx/ruarobot/perturbations_0.onnx,vnnlib/ruarobot/hyperrectangle_6365.vnnlib,FALSIFIED,1,9.6659,sat,F,1,8.023162967,both_solved
797,onnx/medical/perturbations_0.onnx,vnnlib/medical/hyperrectangle_2413.vnnlib,CERTIFIED,1,0.4032,unsat,V,1,5.352194312,both_solved
798,onnx/ruarobot/perturbations_0.onnx,vnnlib/ruarobot/hyperrectangle_814.vnnlib,CERTIFIED,1,0.4267,unsat,V,1,5.371693335,both_solved
799,onnx/ruarobot/perturbations_0.onnx,vnnlib/ruarobot/hyperrectangle_3818.vnnlib,CERTIFIED,1,1.9847,unsat,V,1,6.362674138,both_solved
800,onnx/ruarobot/perturbations_0.onnx,vnnlib/ruarobot/hyperrectangle_4827.vnnlib,TIMEOUT,0,20.9073,sat,F,1,5.456015442,vnncomp_only
801,onnx/ruarobot/perturbations_0.onnx,vnnlib/ruarobot/hyperrectangle_413.vnnlib,TIMEOUT,0,20.4386,sat,penalty,0,5.330242155,neither
802,onnx/ruarobot/perturbations_0.onnx,vnnlib/ruarobot/hyperrectangle_2545.vnnlib,FALSIFIED,1,0.3354,sat,F,1,3.242009901,both_solved
803,onnx/ruarobot/perturbations_0.onnx,vnnlib/ruarobot/hyperrectangle_3056.vnnlib,TIMEOUT,0,21.2704,sat,F,1,5.393840724,vnncomp_only
804,onnx/ruarobot/perturbations_0.onnx,vnnlib/ruarobot/hyperrectangle_7749.vnnlib,FALSIFIED,1,0.3556,sat,F,1,3.207106677,both_solved
805,onnx/ruarobot/perturbations_0.onnx,vnnlib/ruarobot/hyperrectangle_4145.vnnlib,CERTIFIED,1,0.3588,unsat,V,1,5.4164808,both_solved
806,onnx/ruarobot/perturbations_0.onnx,vnnlib/ruarobot/hyperrectangle_5527.vnnlib,TIMEOUT,0,21.4215,sat,penalty,0,5.444416207,neither
807,onnx/ruarobot/perturbations_0.onnx,vnnlib/ruarobot/hyperrectangle_1207.vnnlib,CERTIFIED,1,0.4471,unsat,V,1,5.564762184,both_solved
808,onnx/ruarobot/perturbations_0.onnx,vnnlib/ruarobot/hyperrectangle_4206.vnnlib,FALSIFIED,1,0.3556,sat,penalty,0,5.449723426,ours_only
809,onnx/ruarobot/perturbations_0.onnx,vnnlib/ruarobot/hyperrectangle_2910.vnnlib,FALSIFIED,1,0.4025,sat,F,1,6.887504772,both_solved
810,onnx/ruarobot/perturbations_0.onnx,vnnlib/ruarobot/hyperrectangle_7301.vnnlib,FALSIFIED,1,0.4099,sat,F,1,7.02425804,both_solved
811,onnx/medical/perturbations_0.onnx,vnnlib/medical/hyperrectangle_1692.vnnlib,CERTIFIED,1,0.3369,unsat,V,1,5.315993821,both_solved
812,onnx/ruarobot/perturbations_0.onnx,vnnlib/ruarobot/hyperrectangle_5541.vnnlib,TIMEOUT,0,21.1627,sat,F,1,6.891605858,vnncomp_only
813,onnx/ruarobot/perturbations_0.onnx,vnnlib/ruarobot/hyperrectangle_549.vnnlib,FALSIFIED,1,0.4405,sat,F,1,5.682975429,both_solved
814,onnx/ruarobot/perturbations_0.onnx,vnnlib/ruarobot/hyperrectangle_862.vnnlib,CERTIFIED,1,0.4433,unsat,V,1,5.350814732,both_solved
815,onnx/medical/perturbations_0.onnx,vnnlib/medical/hyperrectangle_229.vnnlib,FALSIFIED,1,0.3346,sat,F,1,3.208706385,both_solved
816,onnx/ruarobot/perturbations_0.onnx,vnnlib/ruarobot/hyperrectangle_5668.vnnlib,TIMEOUT,0,20.7674,sat,F,1,5.481093614,vnncomp_only
817,onnx/ruarobot/perturbations_0.onnx,vnnlib/ruarobot/hyperrectangle_3267.vnnlib,FALSIFIED,1,0.3577,sat,F,1,6.832651052,both_solved
818,onnx/ruarobot/perturbations_0.onnx,vnnlib/ruarobot/hyperrectangle_2532.vnnlib,TIMEOUT,0,21.3263,sat,F,1,5.359416108,vnncomp_only
819,onnx/ruarobot/perturbations_0.onnx,vnnlib/ruarobot/hyperrectangle_7495.vnnlib,TIMEOUT,0,20.7267,sat,F,1,6.839099333,vnncomp_only
820,onnx/ruarobot/perturbations_0.onnx,vnnlib/ruarobot/hyperrectangle_5159.vnnlib,CERTIFIED,1,0.4304,unsat,V,1,5.564229743,both_solved
821,onnx/ruarobot/perturbations_0.onnx,vnnlib/ruarobot/hyperrectangle_3471.vnnlib,FALSIFIED,1,0.2864,sat,penalty,0,5.383398387,ours_only
822,onnx/ruarobot/perturbations_0.onnx,vnnlib/ruarobot/hyperrectangle_1922.vnnlib,FALSIFIED,1,0.4457,sat,F,1,5.332322804,both_solved
823,onnx/ruarobot/perturbations_0.onnx,vnnlib/ruarobot/hyperrectangle_77.vnnlib,FALSIFIED,1,0.4962,sat,F,1,5.351374566,both_solved
824,onnx/ruarobot/perturbations_0.onnx,vnnlib/ruarobot/hyperrectangle_6631.vnnlib,TIMEOUT,0,20.0646,sat,F,1,5.43824538,vnncomp_only
825,onnx/ruarobot/perturbations_0.onnx,vnnlib/ruarobot/hyperrectangle_6415.vnnlib,CERTIFIED,1,0.3384,unsat,V,1,5.316749115,both_solved
826,onnx/ruarobot/perturbations_0.onnx,vnnlib/ruarobot/hyperrectangle_2837.vnnlib,FALSIFIED,1,0.3049,sat,F,1,3.213265474,both_solved
827,onnx/ruarobot/perturbations_0.onnx,vnnlib/ruarobot/hyperrectangle_2048.vnnlib,FALSIFIED,1,0.3668,sat,F,1,3.313367361,both_solved
828,onnx/ruarobot/perturbations_0.onnx,vnnlib/ruarobot/hyperrectangle_46.vnnlib,TIMEOUT,0,21.5015,sat,F,1,6.860350835,vnncomp_only
829,onnx/ruarobot/perturbations_0.onnx,vnnlib/ruarobot/hyperrectangle_4709.vnnlib,CERTIFIED,1,0.3421,unsat,V,1,5.303601785,both_solved
830,onnx/ruarobot/perturbations_0.onnx,vnnlib/ruarobot/hyperrectangle_1184.vnnlib,CERTIFIED,1,0.5492,unsat,V,1,5.686305137,both_solved
831,onnx/ruarobot/perturbations_0.onnx,vnnlib/ruarobot/hyperrectangle_1975.vnnlib,FALSIFIED,1,0.3645,sat,penalty,0,5.471815194,ours_only
832,onnx/medical/perturbations_0.onnx,vnnlib/medical/hyperrectangle_1128.vnnlib,CERTIFIED,1,0.3463,unsat,V,1,5.313144286,both_solved
833,onnx/medical/perturbations_0.onnx,vnnlib/medical/hyperrectangle_2110.vnnlib,CERTIFIED,1,0.5335,unsat,V,1,5.634518156,both_solved
834,onnx/ruarobot/perturbations_0.onnx,vnnlib/ruarobot/hyperrectangle_119.vnnlib,CERTIFIED,1,0.6971,unsat,V,1,6.30673296,both_solved
835,onnx/ruarobot/perturbations_0.onnx,vnnlib/ruarobot/hyperrectangle_3838.vnnlib,TIMEOUT,0,21.2856,sat,F,1,6.826474534,vnncomp_only
836,onnx/medical/perturbations_0.onnx,vnnlib/medical/hyperrectangle_1465.vnnlib,CERTIFIED,1,0.3799,unsat,V,1,5.400498572,both_solved
837,onnx/ruarobot/perturbations_0.onnx,vnnlib/ruarobot/hyperrectangle_4897.vnnlib,FALSIFIED,1,0.3094,sat,F,1,3.390986602,both_solved
838,onnx/ruarobot/perturbations_0.onnx,vnnlib/ruarobot/hyperrectangle_7300.vnnlib,FALSIFIED,1,0.3969,sat,F,1,3.250249614,both_solved
839,onnx/ruarobot/perturbations_0.onnx,vnnlib/ruarobot/hyperrectangle_5427.vnnlib,FALSIFIED,1,0.586,sat,F,1,5.451105268,both_solved
840,onnx/medical/perturbations_0.onnx,vnnlib/medical/hyperrectangle_466.vnnlib,CERTIFIED,1,0.4077,unsat,V,1,5.386601522,both_solved
841,onnx/ruarobot/perturbations_0.onnx,vnnlib/ruarobot/hyperrectangle_3654.vnnlib,FALSIFIED,1,0.3692,sat,F,1,3.2809435,both_solved
842,onnx/medical/perturbations_0.onnx,vnnlib/medical/hyperrectangle_1008.vnnlib,FALSIFIED,1,0.3792,sat,F,1,5.37461756,both_solved
843,onnx/ruarobot/perturbations_0.onnx,vnnlib/ruarobot/hyperrectangle_5431.vnnlib,FALSIFIED,1,0.3588,sat,F,1,3.192049182,both_solved
844,onnx/ruarobot/perturbations_0.onnx,vnnlib/ruarobot/hyperrectangle_5382.vnnlib,FALSIFIED,1,0.4249,sat,F,1,5.354026986,both_solved
845,onnx/ruarobot/perturbations_0.onnx,vnnlib/ruarobot/hyperrectangle_3332.vnnlib,FALSIFIED,1,0.511,sat,penalty,0,5.371004969,ours_only
846,onnx/ruarobot/perturbations_0.onnx,vnnlib/ruarobot/hyperrectangle_6736.vnnlib,CERTIFIED,1,0.3751,unsat,V,1,5.381776763,both_solved
847,onnx/ruarobot/perturbations_0.onnx,vnnlib/ruarobot/hyperrectangle_3286.vnnlib,CERTIFIED,1,0.3275,unsat,V,1,5.321419283,both_solved
848,onnx/ruarobot/perturbations_0.onnx,vnnlib/ruarobot/hyperrectangle_6472.vnnlib,CERTIFIED,0,24.5187,unsat,,0,36.292960622,neither
849,onnx/medical/perturbations_0.onnx,vnnlib/medical/hyperrectangle_1283.vnnlib,CERTIFIED,1,0.5013,unsat,V,1,5.438500664,both_solved
850,onnx/medical/perturbations_0.onnx,vnnlib/medical/hyperrectangle_819.vnnlib,CERTIFIED,1,0.3476,unsat,V,1,5.396338676,both_solved
851,onnx/ruarobot/perturbations_0.onnx,vnnlib/ruarobot/hyperrectangle_6494.vnnlib,TIMEOUT,0,20.1901,sat,F,1,5.46428583,vnncomp_only
852,onnx/ruarobot/perturbations_0.onnx,vnnlib/ruarobot/hyperrectangle_3571.vnnlib,TIMEOUT,0,20.163,sat,F,1,6.95063281,vnncomp_only
853,onnx/ruarobot/perturbations_0.onnx,vnnlib/ruarobot/hyperrectangle_732.vnnlib,CERTIFIED,1,0.3657,unsat,V,1,5.454096469,both_solved
854,onnx/ruarobot/perturbations_0.onnx,vnnlib/ruarobot/hyperrectangle_6726.vnnlib,TIMEOUT,0,21.3974,sat,F,1,5.590752534,vnncomp_only
855,onnx/ruarobot/perturbations_0.onnx,vnnlib/ruarobot/hyperrectangle_5047.vnnlib,CERTIFIED,1,11.254,unsat,V,1,7.106720783,both_solved
856,onnx/ruarobot/perturbations_0.onnx,vnnlib/ruarobot/hyperrectangle_2257.vnnlib,FALSIFIED,1,0.4634,sat,F,1,5.466973427,both_solved
857,onnx/ruarobot/perturbations_0.onnx,vnnlib/ruarobot/hyperrectangle_4802.vnnlib,FALSIFIED,1,0.4068,sat,F,1,6.912141843,both_solved
858,onnx/medical/perturbations_0.onnx,vnnlib/medical/hyperrectangle_1110.vnnlib,CERTIFIED,1,1.8838,unsat,V,1,7.143033847,both_solved
859,onnx/ruarobot/perturbations_0.onnx,vnnlib/ruarobot/hyperrectangle_3473.vnnlib,FALSIFIED,1,0.3766,sat,F,1,3.214478709,both_solved
860,onnx/medical/perturbations_0.onnx,vnnlib/medical/hyperrectangle_520.vnnlib,CERTIFIED,1,0.352,unsat,V,1,5.417838468,both_solved
861,onnx/ruarobot/perturbations_0.onnx,vnnlib/ruarobot/hyperrectangle_5603.vnnlib,TIMEOUT,0,21.0641,sat,F,1,3.203400719,vnncomp_only
862,onnx/ruarobot/perturbations_0.onnx,vnnlib/ruarobot/hyperrectangle_2049.vnnlib,TIMEOUT,0,21.0657,sat,F,1,3.553574018,vnncomp_only
863,onnx/ruarobot/perturbations_0.onnx,vnnlib/ruarobot/hyperrectangle_327.vnnlib,TIMEOUT,0,20.3645,sat,F,1,4.182637742,vnncomp_only
864,onnx/ruarobot/perturbations_0.onnx,vnnlib/ruarobot/hyperrectangle_4238.vnnlib,TIMEOUT,0,21.1805,sat,F,1,4.32356661,vnncomp_only
865,onnx/ruarobot/perturbations_0.onnx,vnnlib/ruarobot/hyperrectangle_7303.vnnlib,FALSIFIED,1,0.3664,sat,penalty,0,5.402643917,ours_only
866,onnx/ruarobot/perturbations_0.onnx,vnnlib/ruarobot/hyperrectangle_3714.vnnlib,CERTIFIED,1,0.4441,unsat,V,1,5.600971746,both_solved
867,onnx/ruarobot/perturbations_0.onnx,vnnlib/ruarobot/hyperrectangle_4001.vnnlib,TIMEOUT,0,20.2,sat,F,1,6.884022293,vnncomp_only
868,onnx/ruarobot/perturbations_0.onnx,vnnlib/ruarobot/hyperrectangle_1785.vnnlib,TIMEOUT,0,20.795,sat,F,1,5.396914402,vnncomp_only
869,onnx/medical/perturbations_0.onnx,vnnlib/medical/hyperrectangle_1062.vnnlib,CERTIFIED,1,0.3076,unsat,V,1,5.412922046,both_solved
870,onnx/medical/perturbations_0.onnx,vnnlib/medical/hyperrectangle_863.vnnlib,FALSIFIED,1,0.3446,sat,F,1,3.21889241,both_solved
871,onnx/ruarobot/perturbations_0.onnx,vnnlib/ruarobot/hyperrectangle_489.vnnlib,FALSIFIED,1,0.4266,sat,F,1,4.590653479,both_solved
872,onnx/ruarobot/perturbations_0.onnx,vnnlib/ruarobot/hyperrectangle_97.vnnlib,CERTIFIED,1,0.4689,unsat,V,1,5.452609185,both_solved
873,onnx/medical/perturbations_0.onnx,vnnlib/medical/hyperrectangle_1071.vnnlib,CERTIFIED,1,0.3647,unsat,V,1,5.391024231,both_solved
874,onnx/medical/perturbations_0.onnx,vnnlib/medical/hyperrectangle_527.vnnlib,CERTIFIED,1,0.264,unsat,V,1,5.308560704,both_solved
875,onnx/ruarobot/perturbations_0.onnx,vnnlib/ruarobot/hyperrectangle_7378.vnnlib,FALSIFIED,1,0.3572,sat,penalty,0,5.443864936,ours_only
876,onnx/medical/perturbations_0.onnx,vnnlib/medical/hyperrectangle_726.vnnlib,CERTIFIED,1,0.3694,unsat,V,1,5.428416685,both_solved
877,onnx/medical/perturbations_0.onnx,vnnlib/medical/hyperrectangle_309.vnnlib,CERTIFIED,0,41.0448,run_instance_timeout,,0,80.002588845,neither
878,onnx/medical/perturbations_0.onnx,vnnlib/medical/hyperrectangle_1646.vnnlib,CERTIFIED,1,0.3737,unsat,V,1,5.379514979,both_solved
879,onnx/ruarobot/perturbations_0.onnx,vnnlib/ruarobot/hyperrectangle_1501.vnnlib,TIMEOUT,0,21.4957,sat,F,1,6.853544943,vnncomp_only
880,onnx/ruarobot/perturbations_0.onnx,vnnlib/ruarobot/hyperrectangle_3701.vnnlib,FALSIFIED,1,0.3534,sat,F,1,5.470666834,both_solved
881,onnx/ruarobot/perturbations_0.onnx,vnnlib/ruarobot/hyperrectangle_4768.vnnlib,FALSIFIED,1,0.395,sat,F,1,3.237275703,both_solved
882,onnx/ruarobot/perturbations_0.onnx,vnnlib/ruarobot/hyperrectangle_6446.vnnlib,FALSIFIED,1,0.4762,sat,F,1,5.476486507,both_solved
883,onnx/ruarobot/perturbations_0.onnx,vnnlib/ruarobot/hyperrectangle_7153.vnnlib,TIMEOUT,0,20.9902,sat,F,1,5.345936822,vnncomp_only
884,onnx/ruarobot/perturbations_0.onnx,vnnlib/ruarobot/hyperrectangle_7306.vnnlib,FALSIFIED,1,0.7548,sat,F,1,5.474767848,both_solved
885,onnx/ruarobot/perturbations_0.onnx,vnnlib/ruarobot/hyperrectangle_3175.vnnlib,CERTIFIED,0,20.5353,unsat,V,1,18.131644381,vnncomp_only
886,onnx/ruarobot/perturbations_0.onnx,vnnlib/ruarobot/hyperrectangle_193.vnnlib,CERTIFIED,1,0.4746,unsat,V,1,5.385077603,both_solved
887,onnx/ruarobot/perturbations_0.onnx,vnnlib/ruarobot/hyperrectangle_4530.vnnlib,FALSIFIED,1,0.3054,sat,F,1,3.212798805,both_solved
888,onnx/ruarobot/perturbations_0.onnx,vnnlib/ruarobot/hyperrectangle_4259.vnnlib,TIMEOUT,0,20.959,sat,F,1,7.169060818,vnncomp_only
889,onnx/ruarobot/perturbations_0.onnx,vnnlib/ruarobot/hyperrectangle_6743.vnnlib,FALSIFIED,1,0.2942,sat,F,1,3.208499602,both_solved
890,onnx/medical/perturbations_0.onnx,vnnlib/medical/hyperrectangle_995.vnnlib,CERTIFIED,1,0.3971,unsat,V,1,5.407946576,both_solved
891,onnx/medical/perturbations_0.onnx,vnnlib/medical/hyperrectangle_835.vnnlib,FALSIFIED,1,0.3953,sat,F,1,6.923654435,both_solved
892,onnx/ruarobot/perturbations_0.onnx,vnnlib/ruarobot/hyperrectangle_1211.vnnlib,FALSIFIED,1,0.4301,sat,F,1,5.364935454,both_solved
893,onnx/medical/perturbations_0.onnx,vnnlib/medical/hyperrectangle_2221.vnnlib,CERTIFIED,1,0.4396,unsat,V,1,5.494632742,both_solved
894,onnx/ruarobot/perturbations_0.onnx,vnnlib/ruarobot/hyperrectangle_6148.vnnlib,CERTIFIED,1,0.3489,unsat,V,1,5.354063277,both_solved
895,onnx/ruarobot/perturbations_0.onnx,vnnlib/ruarobot/hyperrectangle_1886.vnnlib,FALSIFIED,1,0.5337,timeout,,0,23.199503125,ours_only
896,onnx/ruarobot/perturbations_0.onnx,vnnlib/ruarobot/hyperrectangle_7553.vnnlib,TIMEOUT,0,21.1287,sat,F,1,3.28026386,vnncomp_only
897,onnx/ruarobot/perturbations_0.onnx,vnnlib/ruarobot/hyperrectangle_2931.vnnlib,FALSIFIED,1,0.3479,sat,F,1,6.842224192,both_solved
898,onnx/ruarobot/perturbations_0.onnx,vnnlib/ruarobot/hyperrectangle_5493.vnnlib,CERTIFIED,1,0.4921,unsat,V,1,5.578757715,both_solved
899,onnx/ruarobot/perturbations_0.onnx,vnnlib/ruarobot/hyperrectangle_181.vnnlib,FALSIFIED,1,0.3561,sat,F,1,3.199921621,both_solved
900,onnx/ruarobot/perturbations_0.onnx,vnnlib/ruarobot/hyperrectangle_3176.vnnlib,CERTIFIED,1,0.3827,unsat,V,1,5.373869874,both_solved
901,onnx/ruarobot/perturbations_0.onnx,vnnlib/ruarobot/hyperrectangle_6038.vnnlib,TIMEOUT,0,20.8304,sat,F,1,5.525718076,vnncomp_only
902,onnx/ruarobot/perturbations_0.onnx,vnnlib/ruarobot/hyperrectangle_5093.vnnlib,CERTIFIED,1,0.4105,unsat,V,1,5.443049424,both_solved
903,onnx/medical/perturbations_0.onnx,vnnlib/medical/hyperrectangle_1638.vnnlib,CERTIFIED,1,0.44,unsat,V,1,5.311090324,both_solved
904,onnx/ruarobot/perturbations_0.onnx,vnnlib/ruarobot/hyperrectangle_7615.vnnlib,FALSIFIED,1,0.3326,sat,F,1,3.21248061,both_solved
905,onnx/medical/perturbations_0.onnx,vnnlib/medical/hyperrectangle_582.vnnlib,CERTIFIED,1,0.6092,unsat,V,1,5.646372547,both_solved
906,onnx/ruarobot/perturbations_0.onnx,vnnlib/ruarobot/hyperrectangle_3819.vnnlib,TIMEOUT,0,20.0695,sat,F,1,5.521671626,vnncomp_only
907,onnx/ruarobot/perturbations_0.onnx,vnnlib/ruarobot/hyperrectangle_5325.vnnlib,TIMEOUT,0,20.7607,sat,F,1,6.832506553,vnncomp_only
908,onnx/ruarobot/perturbations_0.onnx,vnnlib/ruarobot/hyperrectangle_5161.vnnlib,FALSIFIED,1,0.3124,sat,F,1,3.207462535,both_solved
909,onnx/ruarobot/perturbations_0.onnx,vnnlib/ruarobot/hyperrectangle_2326.vnnlib,FALSIFIED,1,0.4171,sat,penalty,0,5.356130998,ours_only
910,onnx/ruarobot/perturbations_0.onnx,vnnlib/ruarobot/hyperrectangle_7213.vnnlib,FALSIFIED,1,0.3902,sat,F,1,6.96509573,both_solved
911,onnx/ruarobot/perturbations_0.onnx,vnnlib/ruarobot/hyperrectangle_1965.vnnlib,CERTIFIED,1,1.6103,unsat,V,1,6.444751948,both_solved
912,onnx/ruarobot/perturbations_0.onnx,vnnlib/ruarobot/hyperrectangle_1656.vnnlib,CERTIFIED,1,0.3374,unsat,V,1,5.32085119,both_solved
913,onnx/medical/perturbations_0.onnx,vnnlib/medical/hyperrectangle_2068.vnnlib,CERTIFIED,1,1.081,unsat,V,1,6.292226547,both_solved
914,onnx/ruarobot/perturbations_0.onnx,vnnlib/ruarobot/hyperrectangle_2292.vnnlib,CERTIFIED,1,0.3063,unsat,V,1,5.339920236,both_solved
915,onnx/ruarobot/perturbations_0.onnx,vnnlib/ruarobot/hyperrectangle_1832.vnnlib,FALSIFIED,1,0.344,sat,F,1,5.458142007,both_solved
916,onnx/medical/perturbations_0.onnx,vnnlib/medical/hyperrectangle_1029.vnnlib,CERTIFIED,1,0.3406,unsat,V,1,5.306565116,both_solved
917,onnx/medical/perturbations_0.onnx,vnnlib/medical/hyperrectangle_1383.vnnlib,CERTIFIED,1,0.2699,unsat,V,1,5.444918024,both_solved
918,onnx/ruarobot/perturbations_0.onnx,vnnlib/ruarobot/hyperrectangle_7557.vnnlib,FALSIFIED,1,0.3613,sat,F,1,5.414888243,both_solved
919,onnx/ruarobot/perturbations_0.onnx,vnnlib/ruarobot/hyperrectangle_5976.vnnlib,FALSIFIED,1,0.3952,sat,F,1,3.282944326,both_solved
920,onnx/ruarobot/perturbations_0.onnx,vnnlib/ruarobot/hyperrectangle_830.vnnlib,FALSIFIED,1,0.3622,sat,penalty,0,5.483245765,ours_only
921,onnx/ruarobot/perturbations_0.onnx,vnnlib/ruarobot/hyperrectangle_5064.vnnlib,FALSIFIED,1,0.3934,sat,penalty,0,5.465059623,ours_only
922,onnx/ruarobot/perturbations_0.onnx,vnnlib/ruarobot/hyperrectangle_2676.vnnlib,TIMEOUT,0,21.1451,sat,F,1,5.352487803,vnncomp_only
923,onnx/medical/perturbations_0.onnx,vnnlib/medical/hyperrectangle_2679.vnnlib,CERTIFIED,1,0.3163,unsat,V,1,5.431990306,both_solved
924,onnx/medical/perturbations_0.onnx,vnnlib/medical/hyperrectangle_2191.vnnlib,TIMEOUT,0,20.4553,sat,F,1,3.274134555,vnncomp_only
925,onnx/ruarobot/perturbations_0.onnx,vnnlib/ruarobot/hyperrectangle_592.vnnlib,CERTIFIED,1,0.3358,unsat,V,1,5.344773617,both_solved
926,onnx/ruarobot/perturbations_0.onnx,vnnlib/ruarobot/hyperrectangle_6827.vnnlib,FALSIFIED,1,0.3623,sat,F,1,3.330838983,both_solved
927,onnx/ruarobot/perturbations_0.onnx,vnnlib/ruarobot/hyperrectangle_1105.vnnlib,TIMEOUT,0,21.1664,sat,F,1,5.455129195,vnncomp_only
928,onnx/medical/perturbations_0.onnx,vnnlib/medical/hyperrectangle_2553.vnnlib,CERTIFIED,1,0.3917,unsat,V,1,5.344210092,both_solved
929,onnx/ruarobot/perturbations_0.onnx,vnnlib/ruarobot/hyperrectangle_3946.vnnlib,TIMEOUT,0,20.3495,sat,F,1,5.444193962,vnncomp_only
930,onnx/ruarobot/perturbations_0.onnx,vnnlib/ruarobot/hyperrectangle_3512.vnnlib,CERTIFIED,1,0.4105,unsat,V,1,5.40079781,both_solved
931,onnx/ruarobot/perturbations_0.onnx,vnnlib/ruarobot/hyperrectangle_1759.vnnlib,TIMEOUT,0,20.2278,sat,F,1,6.888794258,vnncomp_only
932,onnx/ruarobot/perturbations_0.onnx,vnnlib/ruarobot/hyperrectangle_4420.vnnlib,CERTIFIED,1,0.6035,unsat,V,1,5.718550801,both_solved
933,onnx/medical/perturbations_0.onnx,vnnlib/medical/hyperrectangle_1301.vnnlib,CERTIFIED,1,0.2701,unsat,V,1,5.321580369,both_solved
934,onnx/medical/perturbations_0.onnx,vnnlib/medical/hyperrectangle_275.vnnlib,CERTIFIED,1,0.2745,unsat,V,1,5.308514275,both_solved
935,onnx/ruarobot/perturbations_0.onnx,vnnlib/ruarobot/hyperrectangle_7117.vnnlib,FALSIFIED,1,0.3607,sat,F,1,5.428524158,both_solved
936,onnx/ruarobot/perturbations_0.onnx,vnnlib/ruarobot/hyperrectangle_522.vnnlib,FALSIFIED,1,0.4165,sat,F,1,5.512625856,both_solved
937,onnx/ruarobot/perturbations_0.onnx,vnnlib/ruarobot/hyperrectangle_2124.vnnlib,TIMEOUT,0,,unsat,,0,45.691542914,neither
938,onnx/medical/perturbations_0.onnx,vnnlib/medical/hyperrectangle_2216.vnnlib,CERTIFIED,1,10.203,unsat,V,1,19.839669344,both_solved
939,onnx/medical/perturbations_0.onnx,vnnlib/medical/hyperrectangle_1373.vnnlib,CERTIFIED,1,0.3801,unsat,V,1,5.297896322,both_solved
940,onnx/ruarobot/perturbations_0.onnx,vnnlib/ruarobot/hyperrectangle_259.vnnlib,FALSIFIED,1,0.8432,sat,F,1,5.584005103,both_solved
941,onnx/medical/perturbations_0.onnx,vnnlib/medical/hyperrectangle_500.vnnlib,CERTIFIED,1,0.4026,unsat,V,1,5.345060652,both_solved
942,onnx/medical/perturbations_0.onnx,vnnlib/medical/hyperrectangle_621.vnnlib,CERTIFIED,1,0.3338,unsat,V,1,5.374781712,both_solved
943,onnx/medical/perturbations_0.onnx,vnnlib/medical/hyperrectangle_1320.vnnlib,CERTIFIED,1,0.4074,unsat,V,1,5.390028943,both_solved
944,onnx/medical/perturbations_0.onnx,vnnlib/medical/hyperrectangle_2883.vnnlib,CERTIFIED,1,0.5782,unsat,V,1,5.712825564,both_solved
945,onnx/ruarobot/perturbations_0.onnx,vnnlib/ruarobot/hyperrectangle_3514.vnnlib,CERTIFIED,1,0.5917,unsat,V,1,5.640673202,both_solved
946,onnx/ruarobot/perturbations_0.onnx,vnnlib/ruarobot/hyperrectangle_6088.vnnlib,FALSIFIED,1,0.3367,sat,penalty,0,5.423226024,ours_only
947,onnx/ruarobot/perturbations_0.onnx,vnnlib/ruarobot/hyperrectangle_2115.vnnlib,FALSIFIED,1,0.4385,sat,penalty,0,5.344312442,ours_only
948,onnx/medical/perturbations_0.onnx,vnnlib/medical/hyperrectangle_1366.vnnlib,CERTIFIED,1,0.4046,unsat,V,1,5.31912113,both_solved
949,onnx/ruarobot/perturbations_0.onnx,vnnlib/ruarobot/hyperrectangle_2797.vnnlib,FALSIFIED,1,0.4229,sat,F,1,3.223161096,both_solved
950,onnx/ruarobot/perturbations_0.onnx,vnnlib/ruarobot/hyperrectangle_7572.vnnlib,FALSIFIED,1,0.39,sat,penalty,0,5.558654031,ours_only
951,onnx/ruarobot/perturbations_0.onnx,vnnlib/ruarobot/hyperrectangle_2269.vnnlib,FALSIFIED,1,0.37,sat,F,1,3.227199581,both_solved
952,onnx/ruarobot/perturbations_0.onnx,vnnlib/ruarobot/hyperrectangle_5744.vnnlib,FALSIFIED,1,0.4749,sat,penalty,0,5.416285319,ours_only
953,onnx/ruarobot/perturbations_0.onnx,vnnlib/ruarobot/hyperrectangle_5628.vnnlib,FALSIFIED,1,0.3708,sat,F,1,3.310786371,both_solved
954,onnx/medical/perturbations_0.onnx,vnnlib/medical/hyperrectangle_1541.vnnlib,TIMEOUT,0,21.0937,sat,F,1,5.461310164,vnncomp_only
955,onnx/ruarobot/perturbations_0.onnx,vnnlib/ruarobot/hyperrectangle_275.vnnlib,TIMEOUT,0,20.3207,sat,penalty,0,5.385244899,neither
956,onnx/ruarobot/perturbations_0.onnx,vnnlib/ruarobot/hyperrectangle_7743.vnnlib,FALSIFIED,1,0.3864,sat,F,1,3.217310208,both_solved
957,onnx/ruarobot/perturbations_0.onnx,vnnlib/ruarobot/hyperrectangle_2987.vnnlib,CERTIFIED,1,0.6923,unsat,V,1,5.946242822,both_solved
958,onnx/ruarobot/perturbations_0.onnx,vnnlib/ruarobot/hyperrectangle_6963.vnnlib,FALSIFIED,1,0.3744,sat,F,1,5.358356019,both_solved
959,onnx/ruarobot/perturbations_0.onnx,vnnlib/ruarobot/hyperrectangle_2659.vnnlib,FALSIFIED,1,0.4986,sat,F,1,3.211146012,both_solved
960,onnx/ruarobot/perturbations_0.onnx,vnnlib/ruarobot/hyperrectangle_6315.vnnlib,FALSIFIED,1,0.4964,sat,F,1,6.879649078,both_solved
961,onnx/ruarobot/perturbations_0.onnx,vnnlib/ruarobot/hyperrectangle_2361.vnnlib,FALSIFIED,1,0.4035,sat,F,1,3.208042782,both_solved
962,onnx/ruarobot/perturbations_0.onnx,vnnlib/ruarobot/hyperrectangle_3371.vnnlib,FALSIFIED,1,0.3536,sat,F,1,3.742287732,both_solved
963,onnx/ruarobot/perturbations_0.onnx,vnnlib/ruarobot/hyperrectangle_5329.vnnlib,TIMEOUT,0,21.0539,sat,F,1,6.822769706,vnncomp_only
964,onnx/medical/perturbations_0.onnx,vnnlib/medical/hyperrectangle_941.vnnlib,CERTIFIED,1,0.3427,unsat,V,1,5.423978812,both_solved
965,onnx/medical/perturbations_0.onnx,vnnlib/medical/hyperrectangle_427.vnnlib,CERTIFIED,1,2.1889,unsat,V,1,8.246514692,both_solved
966,onnx/ruarobot/perturbations_0.onnx,vnnlib/ruarobot/hyperrectangle_4990.vnnlib,CERTIFIED,1,0.4662,unsat,V,1,5.595701836,both_solved
967,onnx/medical/perturbations_0.onnx,vnnlib/medical/hyperrectangle_1667.vnnlib,CERTIFIED,1,0.3543,unsat,V,1,5.406134125,both_solved
968,onnx/medical/perturbations_0.onnx,vnnlib/medical/hyperrectangle_2311.vnnlib,CERTIFIED,1,5.2612,run_instance_timeout,,0,80.002588366,ours_only
969,onnx/ruarobot/perturbations_0.onnx,vnnlib/ruarobot/hyperrectangle_853.vnnlib,TIMEOUT,0,20.6797,sat,F,1,7.61023656,vnncomp_only
970,onnx/medical/perturbations_0.onnx,vnnlib/medical/hyperrectangle_178.vnnlib,CERTIFIED,1,1.327,unsat,V,1,7.173250617,both_solved
971,onnx/ruarobot/perturbations_0.onnx,vnnlib/ruarobot/hyperrectangle_5998.vnnlib,TIMEOUT,0,,unsat,,0,49.484582865,neither
972,onnx/ruarobot/perturbations_0.onnx,vnnlib/ruarobot/hyperrectangle_1560.vnnlib,FALSIFIED,1,0.8677,sat,F,1,5.501940087,both_solved
973,onnx/medical/perturbations_0.onnx,vnnlib/medical/hyperrectangle_2866.vnnlib,CERTIFIED,1,0.5393,unsat,V,1,5.52992169,both_solved
974,onnx/ruarobot/perturbations_0.onnx,vnnlib/ruarobot/hyperrectangle_2219.vnnlib,FALSIFIED,1,0.3725,sat,F,1,5.399846207,both_solved
975,onnx/ruarobot/perturbations_0.onnx,vnnlib/ruarobot/hyperrectangle_5771.vnnlib,CERTIFIED,1,0.5309,unsat,V,1,5.559553306,both_solved
976,onnx/ruarobot/perturbations_0.onnx,vnnlib/ruarobot/hyperrectangle_7246.vnnlib,CERTIFIED,1,1.0282,unsat,V,1,6.138668828,both_solved
977,onnx/ruarobot/perturbations_0.onnx,vnnlib/ruarobot/hyperrectangle_6559.vnnlib,TIMEOUT,0,20.4024,sat,F,1,6.848915303,vnncomp_only
978,onnx/ruarobot/perturbations_0.onnx,vnnlib/ruarobot/hyperrectangle_6880.vnnlib,FALSIFIED,1,0.4832,sat,F,1,6.846888381,both_solved
979,onnx/medical/perturbations_0.onnx,vnnlib/medical/hyperrectangle_202.vnnlib,CERTIFIED,1,0.4253,unsat,V,1,5.414528594,both_solved
980,onnx/ruarobot/perturbations_0.onnx,vnnlib/ruarobot/hyperrectangle_4404.vnnlib,CERTIFIED,1,0.3672,unsat,V,1,5.335772377,both_solved
981,onnx/ruarobot/perturbations_0.onnx,vnnlib/ruarobot/hyperrectangle_1843.vnnlib,TIMEOUT,0,20.9642,sat,F,1,6.919990113,vnncomp_only
982,onnx/ruarobot/perturbations_0.onnx,vnnlib/ruarobot/hyperrectangle_3308.vnnlib,CERTIFIED,0,31.9591,unsat,,0,32.515534364,neither
983,onnx/ruarobot/perturbations_0.onnx,vnnlib/ruarobot/hyperrectangle_289.vnnlib,FALSIFIED,1,0.4636,sat,F,1,5.429361824,both_solved
984,onnx/medical/perturbations_0.onnx,vnnlib/medical/hyperrectangle_616.vnnlib,CERTIFIED,1,0.4246,unsat,V,1,5.297986498,both_solved
985,onnx/ruarobot/perturbations_0.onnx,vnnlib/ruarobot/hyperrectangle_5507.vnnlib,FALSIFIED,1,0.5657,sat,F,1,5.451159305,both_solved
986,onnx/ruarobot/perturbations_0.onnx,vnnlib/ruarobot/hyperrectangle_1163.vnnlib,TIMEOUT,0,21.0049,sat,F,1,3.287786426,vnncomp_only
987,onnx/ruarobot/perturbations_0.onnx,vnnlib/ruarobot/hyperrectangle_7120.vnnlib,CERTIFIED,1,0.3436,unsat,V,1,5.37901424,both_solved
988,onnx/ruarobot/perturbations_0.onnx,vnnlib/ruarobot/hyperrectangle_670.vnnlib,TIMEOUT,0,21.5734,sat,F,1,6.955582108,vnncomp_only
989,onnx/medical/perturbations_0.onnx,vnnlib/medical/hyperrectangle_2838.vnnlib,CERTIFIED,1,0.384,unsat,V,1,5.527795255,both_solved
990,onnx/ruarobot/perturbations_0.onnx,vnnlib/ruarobot/hyperrectangle_5769.vnnlib,TIMEOUT,0,,unsat,,0,56.077192569,neither
991,onnx/medical/perturbations_0.onnx,vnnlib/medical/hyperrectangle_1627.vnnlib,CERTIFIED,1,0.3428,unsat,V,1,5.300341745,both_solved
992,onnx/ruarobot/perturbations_0.onnx,vnnlib/ruarobot/hyperrectangle_4782.vnnlib,FALSIFIED,1,0.3672,sat,F,1,5.491063052,both_solved
993,onnx/ruarobot/perturbations_0.onnx,vnnlib/ruarobot/hyperrectangle_5351.vnnlib,FALSIFIED,1,0.3596,sat,F,1,3.20284169,both_solved
994,onnx/ruarobot/perturbations_0.onnx,vnnlib/ruarobot/hyperrectangle_7568.vnnlib,TIMEOUT,0,21.2242,sat,F,1,5.145255819,vnncomp_only
995,onnx/ruarobot/perturbations_0.onnx,vnnlib/ruarobot/hyperrectangle_4030.vnnlib,CERTIFIED,1,0.3125,unsat,V,1,5.381227213,both_solved
996,onnx/medical/perturbations_0.onnx,vnnlib/medical/hyperrectangle_2300.vnnlib,TIMEOUT,0,,run_instance_timeout,,0,80.002751727,neither
997,onnx/ruarobot/perturbations_0.onnx,vnnlib/ruarobot/hyperrectangle_7753.vnnlib,FALSIFIED,1,0.4123,sat,F,1,3.349492814,both_solved
998,onnx/medical/perturbations_0.onnx,vnnlib/medical/hyperrectangle_632.vnnlib,CERTIFIED,1,0.5593,unsat,V,1,5.69807775,both_solved
999,onnx/ruarobot/perturbations_0.onnx,vnnlib/ruarobot/hyperrectangle_5564.vnnlib,CERTIFIED,1,0.5354,unsat,V,1,5.731779317,both_solved
1000,onnx/ruarobot/perturbations_0.onnx,vnnlib/ruarobot/hyperrectangle_4207.vnnlib,FALSIFIED,1,0.3632,sat,F,1,5.372505329,both_solved
1001,onnx/ruarobot/perturbations_0.onnx,vnnlib/ruarobot/hyperrectangle_1533.vnnlib,FALSIFIED,1,0.3955,sat,F,1,7.016617175,both_solved
1002,onnx/medical/perturbations_0.onnx,vnnlib/medical/hyperrectangle_17.vnnlib,CERTIFIED,1,0.3317,unsat,V,1,5.453603052,both_solved
1003,onnx/ruarobot/perturbations_0.onnx,vnnlib/ruarobot/hyperrectangle_335.vnnlib,FALSIFIED,1,1.6441,sat,F,1,6.035546367,both_solved
1004,onnx/medical/perturbations_0.onnx,vnnlib/medical/hyperrectangle_430.vnnlib,FALSIFIED,1,0.3665,sat,F,1,3.208331638,both_solved
1005,onnx/medical/perturbations_0.onnx,vnnlib/medical/hyperrectangle_512.vnnlib,CERTIFIED,1,17.3871,unsat,,0,33.686605076,ours_only
1006,onnx/ruarobot/perturbations_0.onnx,vnnlib/ruarobot/hyperrectangle_1675.vnnlib,FALSIFIED,1,0.3691,sat,F,1,3.227524312,both_solved
1007,onnx/ruarobot/perturbations_0.onnx,vnnlib/ruarobot/hyperrectangle_7724.vnnlib,FALSIFIED,1,0.3554,sat,F,1,5.449801541,both_solved
1008,onnx/medical/perturbations_0.onnx,vnnlib/medical/hyperrectangle_997.vnnlib,CERTIFIED,1,0.3749,unsat,V,1,5.461745686,both_solved
1009,onnx/medical/perturbations_0.onnx,vnnlib/medical/hyperrectangle_311.vnnlib,CERTIFIED,1,0.2658,unsat,V,1,5.409898292,both_solved
1010,onnx/ruarobot/perturbations_0.onnx,vnnlib/ruarobot/hyperrectangle_5534.vnnlib,FALSIFIED,1,0.3612,sat,F,1,6.955066353,both_solved
1011,onnx/ruarobot/perturbations_0.onnx,vnnlib/ruarobot/hyperrectangle_595.vnnlib,TIMEOUT,0,20.7183,sat,penalty,0,5.469206273,neither
1012,onnx/ruarobot/perturbations_0.onnx,vnnlib/ruarobot/hyperrectangle_5242.vnnlib,TIMEOUT,0,21.4925,sat,penalty,0,5.378076843,neither
1013,onnx/ruarobot/perturbations_0.onnx,vnnlib/ruarobot/hyperrectangle_1183.vnnlib,CERTIFIED,1,11.6555,unsat,V,1,14.237026766,both_solved
1014,onnx/medical/perturbations_0.onnx,vnnlib/medical/hyperrectangle_1908.vnnlib,CERTIFIED,1,0.3124,unsat,V,1,5.361566765,both_solved
1015,onnx/ruarobot/perturbations_0.onnx,vnnlib/ruarobot/hyperrectangle_5614.vnnlib,TIMEOUT,0,20.4557,sat,F,1,5.093212969,vnncomp_only
1016,onnx/ruarobot/perturbations_0.onnx,vnnlib/ruarobot/hyperrectangle_1860.vnnlib,CERTIFIED,1,0.5368,unsat,V,1,5.868586224,both_solved
1017,onnx/medical/perturbations_0.onnx,vnnlib/medical/hyperrectangle_707.vnnlib,TIMEOUT,0,20.6457,sat,F,1,6.822912182,vnncomp_only
1018,onnx/ruarobot/perturbations_0.onnx,vnnlib/ruarobot/hyperrectangle_666.vnnlib,FALSIFIED,1,0.3001,sat,F,1,3.206670219,both_solved
1019,onnx/medical/perturbations_0.onnx,vnnlib/medical/hyperrectangle_323.vnnlib,CERTIFIED,1,0.3408,unsat,V,1,5.30775617,both_solved
1020,onnx/ruarobot/perturbations_0.onnx,vnnlib/ruarobot/hyperrectangle_7400.vnnlib,CERTIFIED,1,0.4409,unsat,V,1,5.603701605,both_solved
1021,onnx/medical/perturbations_0.onnx,vnnlib/medical/hyperrectangle_1293.vnnlib,CERTIFIED,1,0.3396,unsat,V,1,5.340826346,both_solved
1022,onnx/medical/perturbations_0.onnx,vnnlib/medical/hyperrectangle_533.vnnlib,CERTIFIED,1,0.3322,unsat,V,1,5.300709961,both_solved
1023,onnx/medical/perturbations_0.onnx,vnnlib/medical/hyperrectangle_2702.vnnlib,TIMEOUT,0,20.4941,sat,F,1,6.825429441,vnncomp_only
1024,onnx/ruarobot/perturbations_0.onnx,vnnlib/ruarobot/hyperrectangle_7906.vnnlib,FALSIFIED,1,0.3439,sat,F,1,5.361036674,both_solved
1025,onnx/medical/perturbations_0.onnx,vnnlib/medical/hyperrectangle_152.vnnlib,CERTIFIED,1,0.45,unsat,V,1,5.357013443,both_solved
1026,onnx/ruarobot/perturbations_0.onnx,vnnlib/ruarobot/hyperrectangle_2791.vnnlib,CERTIFIED,1,0.458,unsat,V,1,5.615794175,both_solved
1027,onnx/ruarobot/perturbations_0.onnx,vnnlib/ruarobot/hyperrectangle_5698.vnnlib,FALSIFIED,1,0.4212,sat,F,1,3.209254178,both_solved
1028,onnx/medical/perturbations_0.onnx,vnnlib/medical/hyperrectangle_2830.vnnlib,CERTIFIED,1,0.4403,unsat,V,1,5.343871151,both_solved
1029,onnx/ruarobot/perturbations_0.onnx,vnnlib/ruarobot/hyperrectangle_3568.vnnlib,CERTIFIED,1,0.3347,unsat,V,1,5.344775778,both_solved
1030,onnx/medical/perturbations_0.onnx,vnnlib/medical/hyperrectangle_2113.vnnlib,FALSIFIED,1,0.5742,sat,F,1,5.582047732,both_solved
1031,onnx/ruarobot/perturbations_0.onnx,vnnlib/ruarobot/hyperrectangle_7898.vnnlib,FALSIFIED,1,0.451,sat,F,1,3.202890182,both_solved
1032,onnx/ruarobot/perturbations_0.onnx,vnnlib/ruarobot/hyperrectangle_2349.vnnlib,FALSIFIED,1,0.375,sat,F,1,3.250605294,both_solved
1033,onnx/ruarobot/perturbations_0.onnx,vnnlib/ruarobot/hyperrectangle_1649.vnnlib,FALSIFIED,1,0.3722,sat,F,1,3.201823716,both_solved
1034,onnx/ruarobot/perturbations_0.onnx,vnnlib/ruarobot/hyperrectangle_4625.vnnlib,FALSIFIED,1,0.4604,sat,F,1,5.493122008,both_solved
1035,onnx/ruarobot/perturbations_0.onnx,vnnlib/ruarobot/hyperrectangle_41.vnnlib,FALSIFIED,1,0.3698,sat,F,1,5.378295219,both_solved
1036,onnx/ruarobot/perturbations_0.onnx,vnnlib/ruarobot/hyperrectangle_886.vnnlib,CERTIFIED,1,0.3993,unsat,V,1,5.374389342,both_solved
1037,onnx/ruarobot/perturbations_0.onnx,vnnlib/ruarobot/hyperrectangle_4888.vnnlib,CERTIFIED,1,0.4357,unsat,V,1,5.592360784,both_solved
1038,onnx/ruarobot/perturbations_0.onnx,vnnlib/ruarobot/hyperrectangle_1916.vnnlib,FALSIFIED,1,0.4487,sat,F,1,3.332536176,both_solved
1039,onnx/ruarobot/perturbations_0.onnx,vnnlib/ruarobot/hyperrectangle_4958.vnnlib,TIMEOUT,0,21.0527,sat,F,1,6.85070612,vnncomp_only
1040,onnx/medical/perturbations_0.onnx,vnnlib/medical/hyperrectangle_1111.vnnlib,CERTIFIED,1,0.278,unsat,V,1,5.357509651,both_solved
1041,onnx/medical/perturbations_0.onnx,vnnlib/medical/hyperrectangle_904.vnnlib,FALSIFIED,1,0.3151,sat,F,1,3.642010251,both_solved
1042,onnx/ruarobot/perturbations_0.onnx,vnnlib/ruarobot/hyperrectangle_2769.vnnlib,TIMEOUT,0,20.1165,sat,penalty,0,5.561216614,neither
1043,onnx/ruarobot/perturbations_0.onnx,vnnlib/ruarobot/hyperrectangle_2696.vnnlib,TIMEOUT,0,21.0817,sat,F,1,3.377033077,vnncomp_only
1044,onnx/ruarobot/perturbations_0.onnx,vnnlib/ruarobot/hyperrectangle_4488.vnnlib,TIMEOUT,0,20.7055,sat,F,1,6.81401909,vnncomp_only
1045,onnx/medical/perturbations_0.onnx,vnnlib/medical/hyperrectangle_408.vnnlib,CERTIFIED,1,0.2663,unsat,V,1,5.390173996,both_solved
1046,onnx/medical/perturbations_0.onnx,vnnlib/medical/hyperrectangle_1389.vnnlib,CERTIFIED,1,0.3954,unsat,V,1,5.325772573,both_solved
1047,onnx/ruarobot/perturbations_0.onnx,vnnlib/ruarobot/hyperrectangle_3052.vnnlib,FALSIFIED,1,0.399,sat,F,1,6.945344278,both_solved
1048,onnx/ruarobot/perturbations_0.onnx,vnnlib/ruarobot/hyperrectangle_6222.vnnlib,CERTIFIED,1,0.5583,unsat,V,1,5.692237907,both_solved
1049,onnx/ruarobot/perturbations_0.onnx,vnnlib/ruarobot/hyperrectangle_6750.vnnlib,TIMEOUT,0,20.1045,sat,penalty,0,5.612106281,neither
1050,onnx/ruarobot/perturbations_0.onnx,vnnlib/ruarobot/hyperrectangle_443.vnnlib,TIMEOUT,0,20.2993,sat,F,1,3.421822555,vnncomp_only
1051,onnx/ruarobot/perturbations_0.onnx,vnnlib/ruarobot/hyperrectangle_6735.vnnlib,TIMEOUT,0,21.2063,sat,F,1,6.822725646,vnncomp_only
1052,onnx/ruarobot/perturbations_0.onnx,vnnlib/ruarobot/hyperrectangle_1800.vnnlib,FALSIFIED,1,1.3627,timeout,,0,24.798537181,ours_only
1053,onnx/medical/perturbations_0.onnx,vnnlib/medical/hyperrectangle_362.vnnlib,CERTIFIED,1,0.3415,unsat,V,1,5.24489004,both_solved
1054,onnx/ruarobot/perturbations_0.onnx,vnnlib/ruarobot/hyperrectangle_7665.vnnlib,TIMEOUT,0,21.255,sat,F,1,3.189886358,vnncomp_only
1055,onnx/ruarobot/perturbations_0.onnx,vnnlib/ruarobot/hyperrectangle_2723.vnnlib,FALSIFIED,1,0.3321,sat,F,1,6.982823575,both_solved
1056,onnx/ruarobot/perturbations_0.onnx,vnnlib/ruarobot/hyperrectangle_5798.vnnlib,TIMEOUT,0,21.1997,sat,F,1,6.847723085,vnncomp_only
1057,onnx/ruarobot/perturbations_0.onnx,vnnlib/ruarobot/hyperrectangle_1154.vnnlib,CERTIFIED,1,0.5771,unsat,V,1,5.794524235,both_solved
1058,onnx/medical/perturbations_0.onnx,vnnlib/medical/hyperrectangle_1342.vnnlib,CERTIFIED,1,0.3371,unsat,V,1,5.406392573,both_solved
1059,onnx/ruarobot/perturbations_0.onnx,vnnlib/ruarobot/hyperrectangle_217.vnnlib,FALSIFIED,1,0.3242,sat,F,1,3.470004199,both_solved
1060,onnx/ruarobot/perturbations_0.onnx,vnnlib/ruarobot/hyperrectangle_1593.vnnlib,TIMEOUT,0,21.2479,sat,penalty,0,5.35696257,neither
1061,onnx/ruarobot/perturbations_0.onnx,vnnlib/ruarobot/hyperrectangle_3169.vnnlib,CERTIFIED,1,0.8975,unsat,V,1,6.239895644,both_solved
1062,onnx/medical/perturbations_0.onnx,vnnlib/medical/hyperrectangle_748.vnnlib,CERTIFIED,1,14.1247,unsat,,0,76.929077921,ours_only
1063,onnx/medical/perturbations_0.onnx,vnnlib/medical/hyperrectangle_1349.vnnlib,CERTIFIED,1,0.361,unsat,V,1,5.345904302,both_solved
1064,onnx/ruarobot/perturbations_0.onnx,vnnlib/ruarobot/hyperrectangle_7925.vnnlib,FALSIFIED,1,0.4207,sat,F,1,3.199228685,both_solved
1065,onnx/medical/perturbations_0.onnx,vnnlib/medical/hyperrectangle_1232.vnnlib,CERTIFIED,1,0.4045,unsat,V,1,5.309807191,both_solved
1066,onnx/ruarobot/perturbations_0.onnx,vnnlib/ruarobot/hyperrectangle_811.vnnlib,FALSIFIED,1,0.4298,sat,F,1,6.850529079,both_solved
1067,onnx/medical/perturbations_0.onnx,vnnlib/medical/hyperrectangle_2849.vnnlib,CERTIFIED,1,0.3967,unsat,V,1,5.346233613,both_solved
1068,onnx/ruarobot/perturbations_0.onnx,vnnlib/ruarobot/hyperrectangle_642.vnnlib,CERTIFIED,1,0.2809,unsat,V,1,5.339752362,both_solved
1069,onnx/ruarobot/perturbations_0.onnx,vnnlib/ruarobot/hyperrectangle_61.vnnlib,TIMEOUT,0,21.6309,sat,F,1,6.989605557,vnncomp_only
1070,onnx/ruarobot/perturbations_0.onnx,vnnlib/ruarobot/hyperrectangle_5759.vnnlib,FALSIFIED,1,0.2649,sat,F,1,3.212155418,both_solved
1071,onnx/ruarobot/perturbations_0.onnx,vnnlib/ruarobot/hyperrectangle_5501.vnnlib,FALSIFIED,1,0.443,sat,F,1,3.44969495,both_solved
1072,onnx/ruarobot/perturbations_0.onnx,vnnlib/ruarobot/hyperrectangle_5413.vnnlib,FALSIFIED,1,0.4031,sat,F,1,5.514319628,both_solved
1073,onnx/ruarobot/perturbations_0.onnx,vnnlib/ruarobot/hyperrectangle_200.vnnlib,CERTIFIED,1,0.5139,unsat,V,1,5.716268758,both_solved
1074,onnx/ruarobot/perturbations_0.onnx,vnnlib/ruarobot/hyperrectangle_570.vnnlib,CERTIFIED,1,0.3293,unsat,V,1,5.333970945,both_solved
1075,onnx/medical/perturbations_0.onnx,vnnlib/medical/hyperrectangle_2342.vnnlib,TIMEOUT,0,20.2298,sat,F,1,3.293178034,vnncomp_only
1076,onnx/ruarobot/perturbations_0.onnx,vnnlib/ruarobot/hyperrectangle_1302.vnnlib,FALSIFIED,1,0.3962,sat,penalty,0,5.382513892,ours_only
1077,onnx/ruarobot/perturbations_0.onnx,vnnlib/ruarobot/hyperrectangle_3809.vnnlib,FALSIFIED,1,0.4638,sat,F,1,6.901132509,both_solved
1078,onnx/ruarobot/perturbations_0.onnx,vnnlib/ruarobot/hyperrectangle_6690.vnnlib,TIMEOUT,0,21.2766,sat,F,1,3.727224449,vnncomp_only
1079,onnx/ruarobot/perturbations_0.onnx,vnnlib/ruarobot/hyperrectangle_1330.vnnlib,FALSIFIED,1,0.3484,sat,F,1,6.856449079,both_solved
