benchmark,onnx,vnnlib,prepare_instance_s,result,run_instance_s
safenlp_2024,vnncomp2026_benchmarks/benchmarks/safenlp_2024/1.0/onnx/ruarobot/perturbations_0.onnx,vnncomp2026_benchmarks/benchmarks/safenlp_2024/1.0/vnnlib/ruarobot/hyperrectangle_257.vnnlib,.008629148,sat,5.982904939
safenlp_2024,vnncomp2026_benchmarks/benchmarks/safenlp_2024/1.0/onnx/medical/perturbations_0.onnx,vnncomp2026_benchmarks/benchmarks/safenlp_2024/1.0/vnnlib/medical/hyperrectangle_355.vnnlib,.005959682,unsat,5.363760704
safenlp_2024,vnncomp2026_benchmarks/benchmarks/safenlp_2024/1.0/onnx/medical/perturbations_0.onnx,vnncomp2026_benchmarks/benchmarks/safenlp_2024/1.0/vnnlib/medical/hyperrectangle_557.vnnlib,.005876154,unsat,5.284506050
safenlp_2024,vnncomp2026_benchmarks/benchmarks/safenlp_2024/1.0/onnx/medical/perturbations_0.onnx,vnncomp2026_benchmarks/benchmarks/safenlp_2024/1.0/vnnlib/medical/hyperrectangle_265.vnnlib,.006060898,unsat,5.788834679
safenlp_2024,vnncomp2026_benchmarks/benchmarks/safenlp_2024/1.0/onnx/ruarobot/perturbations_0.onnx,vnncomp2026_benchmarks/benchmarks/safenlp_2024/1.0/vnnlib/ruarobot/hyperrectangle_6763.vnnlib,.005855243,sat,3.255429255
safenlp_2024,vnncomp2026_benchmarks/benchmarks/safenlp_2024/1.0/onnx/ruarobot/perturbations_0.onnx,vnncomp2026_benchmarks/benchmarks/safenlp_2024/1.0/vnnlib/ruarobot/hyperrectangle_118.vnnlib,.006005387,sat,6.903206423
safenlp_2024,vnncomp2026_benchmarks/benchmarks/safenlp_2024/1.0/onnx/ruarobot/perturbations_0.onnx,vnncomp2026_benchmarks/benchmarks/safenlp_2024/1.0/vnnlib/ruarobot/hyperrectangle_3732.vnnlib,.005858835,sat,6.885273280
safenlp_2024,vnncomp2026_benchmarks/benchmarks/safenlp_2024/1.0/onnx/ruarobot/perturbations_0.onnx,vnncomp2026_benchmarks/benchmarks/safenlp_2024/1.0/vnnlib/ruarobot/hyperrectangle_4400.vnnlib,.005950928,sat,3.407767646
safenlp_2024,vnncomp2026_benchmarks/benchmarks/safenlp_2024/1.0/onnx/ruarobot/perturbations_0.onnx,vnncomp2026_benchmarks/benchmarks/safenlp_2024/1.0/vnnlib/ruarobot/hyperrectangle_3561.vnnlib,.005926976,sat,3.300975732
safenlp_2024,vnncomp2026_benchmarks/benchmarks/safenlp_2024/1.0/onnx/ruarobot/perturbations_0.onnx,vnncomp2026_benchmarks/benchmarks/safenlp_2024/1.0/vnnlib/ruarobot/hyperrectangle_6550.vnnlib,.006001908,sat,5.363639440
safenlp_2024,vnncomp2026_benchmarks/benchmarks/safenlp_2024/1.0/onnx/ruarobot/perturbations_0.onnx,vnncomp2026_benchmarks/benchmarks/safenlp_2024/1.0/vnnlib/ruarobot/hyperrectangle_2722.vnnlib,.005596409,sat,7.160523688
safenlp_2024,vnncomp2026_benchmarks/benchmarks/safenlp_2024/1.0/onnx/ruarobot/perturbations_0.onnx,vnncomp2026_benchmarks/benchmarks/safenlp_2024/1.0/vnnlib/ruarobot/hyperrectangle_7164.vnnlib,.005933387,sat,7.165063114
safenlp_2024,vnncomp2026_benchmarks/benchmarks/safenlp_2024/1.0/onnx/ruarobot/perturbations_0.onnx,vnncomp2026_benchmarks/benchmarks/safenlp_2024/1.0/vnnlib/ruarobot/hyperrectangle_1868.vnnlib,.005901356,sat,5.460060964
safenlp_2024,vnncomp2026_benchmarks/benchmarks/safenlp_2024/1.0/onnx/ruarobot/perturbations_0.onnx,vnncomp2026_benchmarks/benchmarks/safenlp_2024/1.0/vnnlib/ruarobot/hyperrectangle_5619.vnnlib,.005861685,sat,5.334948518
safenlp_2024,vnncomp2026_benchmarks/benchmarks/safenlp_2024/1.0/onnx/ruarobot/perturbations_0.onnx,vnncomp2026_benchmarks/benchmarks/safenlp_2024/1.0/vnnlib/ruarobot/hyperrectangle_3222.vnnlib,.006000878,sat,3.277170053
safenlp_2024,vnncomp2026_benchmarks/benchmarks/safenlp_2024/1.0/onnx/ruarobot/perturbations_0.onnx,vnncomp2026_benchmarks/benchmarks/safenlp_2024/1.0/vnnlib/ruarobot/hyperrectangle_7432.vnnlib,.005980658,sat,7.091627698
safenlp_2024,vnncomp2026_benchmarks/benchmarks/safenlp_2024/1.0/onnx/ruarobot/perturbations_0.onnx,vnncomp2026_benchmarks/benchmarks/safenlp_2024/1.0/vnnlib/ruarobot/hyperrectangle_4617.vnnlib,.005938157,unsat,38.330806671
safenlp_2024,vnncomp2026_benchmarks/benchmarks/safenlp_2024/1.0/onnx/ruarobot/perturbations_0.onnx,vnncomp2026_benchmarks/benchmarks/safenlp_2024/1.0/vnnlib/ruarobot/hyperrectangle_2491.vnnlib,.005885327,sat,5.371886562
safenlp_2024,vnncomp2026_benchmarks/benchmarks/safenlp_2024/1.0/onnx/medical/perturbations_0.onnx,vnncomp2026_benchmarks/benchmarks/safenlp_2024/1.0/vnnlib/medical/hyperrectangle_2678.vnnlib,.006049491,unsat,5.313101407
safenlp_2024,vnncomp2026_benchmarks/benchmarks/safenlp_2024/1.0/onnx/medical/perturbations_0.onnx,vnncomp2026_benchmarks/benchmarks/safenlp_2024/1.0/vnnlib/medical/hyperrectangle_2532.vnnlib,.005877055,sat,6.975914494
safenlp_2024,vnncomp2026_benchmarks/benchmarks/safenlp_2024/1.0/onnx/medical/perturbations_0.onnx,vnncomp2026_benchmarks/benchmarks/safenlp_2024/1.0/vnnlib/medical/hyperrectangle_2752.vnnlib,.005954118,unsat,5.482281784
safenlp_2024,vnncomp2026_benchmarks/benchmarks/safenlp_2024/1.0/onnx/ruarobot/perturbations_0.onnx,vnncomp2026_benchmarks/benchmarks/safenlp_2024/1.0/vnnlib/ruarobot/hyperrectangle_6181.vnnlib,.005861125,sat,5.329187882
safenlp_2024,vnncomp2026_benchmarks/benchmarks/safenlp_2024/1.0/onnx/medical/perturbations_0.onnx,vnncomp2026_benchmarks/benchmarks/safenlp_2024/1.0/vnnlib/medical/hyperrectangle_2512.vnnlib,.005857505,unsat,5.299983264
safenlp_2024,vnncomp2026_benchmarks/benchmarks/safenlp_2024/1.0/onnx/ruarobot/perturbations_0.onnx,vnncomp2026_benchmarks/benchmarks/safenlp_2024/1.0/vnnlib/ruarobot/hyperrectangle_703.vnnlib,.005912157,sat,7.873998307
safenlp_2024,vnncomp2026_benchmarks/benchmarks/safenlp_2024/1.0/onnx/ruarobot/perturbations_0.onnx,vnncomp2026_benchmarks/benchmarks/safenlp_2024/1.0/vnnlib/ruarobot/hyperrectangle_1877.vnnlib,.005974108,sat,5.507459216
safenlp_2024,vnncomp2026_benchmarks/benchmarks/safenlp_2024/1.0/onnx/ruarobot/perturbations_0.onnx,vnncomp2026_benchmarks/benchmarks/safenlp_2024/1.0/vnnlib/ruarobot/hyperrectangle_440.vnnlib,.005898476,sat,5.375849527
safenlp_2024,vnncomp2026_benchmarks/benchmarks/safenlp_2024/1.0/onnx/ruarobot/perturbations_0.onnx,vnncomp2026_benchmarks/benchmarks/safenlp_2024/1.0/vnnlib/ruarobot/hyperrectangle_4938.vnnlib,.006020418,sat,5.693990607
safenlp_2024,vnncomp2026_benchmarks/benchmarks/safenlp_2024/1.0/onnx/medical/perturbations_0.onnx,vnncomp2026_benchmarks/benchmarks/safenlp_2024/1.0/vnnlib/medical/hyperrectangle_2147.vnnlib,.005901413,unsat,5.461042370
safenlp_2024,vnncomp2026_benchmarks/benchmarks/safenlp_2024/1.0/onnx/ruarobot/perturbations_0.onnx,vnncomp2026_benchmarks/benchmarks/safenlp_2024/1.0/vnnlib/ruarobot/hyperrectangle_2999.vnnlib,.005993475,unsat,5.469822898
safenlp_2024,vnncomp2026_benchmarks/benchmarks/safenlp_2024/1.0/onnx/ruarobot/perturbations_0.onnx,vnncomp2026_benchmarks/benchmarks/safenlp_2024/1.0/vnnlib/ruarobot/hyperrectangle_2982.vnnlib,.005937874,sat,5.415999723
safenlp_2024,vnncomp2026_benchmarks/benchmarks/safenlp_2024/1.0/onnx/ruarobot/perturbations_0.onnx,vnncomp2026_benchmarks/benchmarks/safenlp_2024/1.0/vnnlib/ruarobot/hyperrectangle_4779.vnnlib,.005886924,unsat,5.469524904
safenlp_2024,vnncomp2026_benchmarks/benchmarks/safenlp_2024/1.0/onnx/ruarobot/perturbations_0.onnx,vnncomp2026_benchmarks/benchmarks/safenlp_2024/1.0/vnnlib/ruarobot/hyperrectangle_3826.vnnlib,.005936804,unsat,5.558069464
safenlp_2024,vnncomp2026_benchmarks/benchmarks/safenlp_2024/1.0/onnx/ruarobot/perturbations_0.onnx,vnncomp2026_benchmarks/benchmarks/safenlp_2024/1.0/vnnlib/ruarobot/hyperrectangle_6603.vnnlib,.005988277,sat,3.623114805
safenlp_2024,vnncomp2026_benchmarks/benchmarks/safenlp_2024/1.0/onnx/ruarobot/perturbations_0.onnx,vnncomp2026_benchmarks/benchmarks/safenlp_2024/1.0/vnnlib/ruarobot/hyperrectangle_6463.vnnlib,.006248763,sat,6.885663446
safenlp_2024,vnncomp2026_benchmarks/benchmarks/safenlp_2024/1.0/onnx/ruarobot/perturbations_0.onnx,vnncomp2026_benchmarks/benchmarks/safenlp_2024/1.0/vnnlib/ruarobot/hyperrectangle_7577.vnnlib,.006007518,sat,5.111469854
safenlp_2024,vnncomp2026_benchmarks/benchmarks/safenlp_2024/1.0/onnx/ruarobot/perturbations_0.onnx,vnncomp2026_benchmarks/benchmarks/safenlp_2024/1.0/vnnlib/ruarobot/hyperrectangle_6251.vnnlib,.005914095,sat,3.538397714
safenlp_2024,vnncomp2026_benchmarks/benchmarks/safenlp_2024/1.0/onnx/ruarobot/perturbations_0.onnx,vnncomp2026_benchmarks/benchmarks/safenlp_2024/1.0/vnnlib/ruarobot/hyperrectangle_3787.vnnlib,.005883348,unsat,5.384807602
safenlp_2024,vnncomp2026_benchmarks/benchmarks/safenlp_2024/1.0/onnx/ruarobot/perturbations_0.onnx,vnncomp2026_benchmarks/benchmarks/safenlp_2024/1.0/vnnlib/ruarobot/hyperrectangle_3400.vnnlib,.005660243,unsat,6.541833239
safenlp_2024,vnncomp2026_benchmarks/benchmarks/safenlp_2024/1.0/onnx/ruarobot/perturbations_0.onnx,vnncomp2026_benchmarks/benchmarks/safenlp_2024/1.0/vnnlib/ruarobot/hyperrectangle_6580.vnnlib,.005824264,sat,3.273423365
safenlp_2024,vnncomp2026_benchmarks/benchmarks/safenlp_2024/1.0/onnx/ruarobot/perturbations_0.onnx,vnncomp2026_benchmarks/benchmarks/safenlp_2024/1.0/vnnlib/ruarobot/hyperrectangle_3758.vnnlib,.005973247,unsat,5.318248344
safenlp_2024,vnncomp2026_benchmarks/benchmarks/safenlp_2024/1.0/onnx/ruarobot/perturbations_0.onnx,vnncomp2026_benchmarks/benchmarks/safenlp_2024/1.0/vnnlib/ruarobot/hyperrectangle_1023.vnnlib,.006187501,sat,5.522995203
safenlp_2024,vnncomp2026_benchmarks/benchmarks/safenlp_2024/1.0/onnx/ruarobot/perturbations_0.onnx,vnncomp2026_benchmarks/benchmarks/safenlp_2024/1.0/vnnlib/ruarobot/hyperrectangle_7477.vnnlib,.005862865,sat,3.301855729
safenlp_2024,vnncomp2026_benchmarks/benchmarks/safenlp_2024/1.0/onnx/medical/perturbations_0.onnx,vnncomp2026_benchmarks/benchmarks/safenlp_2024/1.0/vnnlib/medical/hyperrectangle_963.vnnlib,.005973757,sat,5.401017441
safenlp_2024,vnncomp2026_benchmarks/benchmarks/safenlp_2024/1.0/onnx/medical/perturbations_0.onnx,vnncomp2026_benchmarks/benchmarks/safenlp_2024/1.0/vnnlib/medical/hyperrectangle_2504.vnnlib,.006246644,unsat,5.466156267
safenlp_2024,vnncomp2026_benchmarks/benchmarks/safenlp_2024/1.0/onnx/ruarobot/perturbations_0.onnx,vnncomp2026_benchmarks/benchmarks/safenlp_2024/1.0/vnnlib/ruarobot/hyperrectangle_7843.vnnlib,.005888656,sat,3.239468173
safenlp_2024,vnncomp2026_benchmarks/benchmarks/safenlp_2024/1.0/onnx/ruarobot/perturbations_0.onnx,vnncomp2026_benchmarks/benchmarks/safenlp_2024/1.0/vnnlib/ruarobot/hyperrectangle_7245.vnnlib,.005664331,sat,6.914348057
safenlp_2024,vnncomp2026_benchmarks/benchmarks/safenlp_2024/1.0/onnx/ruarobot/perturbations_0.onnx,vnncomp2026_benchmarks/benchmarks/safenlp_2024/1.0/vnnlib/ruarobot/hyperrectangle_3030.vnnlib,.005965808,unsat,5.413229480
safenlp_2024,vnncomp2026_benchmarks/benchmarks/safenlp_2024/1.0/onnx/ruarobot/perturbations_0.onnx,vnncomp2026_benchmarks/benchmarks/safenlp_2024/1.0/vnnlib/ruarobot/hyperrectangle_1523.vnnlib,.005890176,sat,6.852233676
safenlp_2024,vnncomp2026_benchmarks/benchmarks/safenlp_2024/1.0/onnx/ruarobot/perturbations_0.onnx,vnncomp2026_benchmarks/benchmarks/safenlp_2024/1.0/vnnlib/ruarobot/hyperrectangle_4339.vnnlib,.005967577,sat,6.899406696
safenlp_2024,vnncomp2026_benchmarks/benchmarks/safenlp_2024/1.0/onnx/ruarobot/perturbations_0.onnx,vnncomp2026_benchmarks/benchmarks/safenlp_2024/1.0/vnnlib/ruarobot/hyperrectangle_3282.vnnlib,.006270595,sat,5.363441205
safenlp_2024,vnncomp2026_benchmarks/benchmarks/safenlp_2024/1.0/onnx/ruarobot/perturbations_0.onnx,vnncomp2026_benchmarks/benchmarks/safenlp_2024/1.0/vnnlib/ruarobot/hyperrectangle_1265.vnnlib,.005782213,sat,5.807953889
safenlp_2024,vnncomp2026_benchmarks/benchmarks/safenlp_2024/1.0/onnx/ruarobot/perturbations_0.onnx,vnncomp2026_benchmarks/benchmarks/safenlp_2024/1.0/vnnlib/ruarobot/hyperrectangle_2268.vnnlib,.006110651,sat,5.367770453
safenlp_2024,vnncomp2026_benchmarks/benchmarks/safenlp_2024/1.0/onnx/ruarobot/perturbations_0.onnx,vnncomp2026_benchmarks/benchmarks/safenlp_2024/1.0/vnnlib/ruarobot/hyperrectangle_4128.vnnlib,.005775003,sat,5.366015213
safenlp_2024,vnncomp2026_benchmarks/benchmarks/safenlp_2024/1.0/onnx/ruarobot/perturbations_0.onnx,vnncomp2026_benchmarks/benchmarks/safenlp_2024/1.0/vnnlib/ruarobot/hyperrectangle_6563.vnnlib,.005859915,sat,3.258036702
safenlp_2024,vnncomp2026_benchmarks/benchmarks/safenlp_2024/1.0/onnx/ruarobot/perturbations_0.onnx,vnncomp2026_benchmarks/benchmarks/safenlp_2024/1.0/vnnlib/ruarobot/hyperrectangle_3805.vnnlib,.006035089,sat,5.357502074
safenlp_2024,vnncomp2026_benchmarks/benchmarks/safenlp_2024/1.0/onnx/ruarobot/perturbations_0.onnx,vnncomp2026_benchmarks/benchmarks/safenlp_2024/1.0/vnnlib/ruarobot/hyperrectangle_5356.vnnlib,.005938656,sat,3.713806581
safenlp_2024,vnncomp2026_benchmarks/benchmarks/safenlp_2024/1.0/onnx/ruarobot/perturbations_0.onnx,vnncomp2026_benchmarks/benchmarks/safenlp_2024/1.0/vnnlib/ruarobot/hyperrectangle_280.vnnlib,.005897265,unsat,5.794264198
safenlp_2024,vnncomp2026_benchmarks/benchmarks/safenlp_2024/1.0/onnx/ruarobot/perturbations_0.onnx,vnncomp2026_benchmarks/benchmarks/safenlp_2024/1.0/vnnlib/ruarobot/hyperrectangle_4010.vnnlib,.006051859,sat,5.427545464
safenlp_2024,vnncomp2026_benchmarks/benchmarks/safenlp_2024/1.0/onnx/ruarobot/perturbations_0.onnx,vnncomp2026_benchmarks/benchmarks/safenlp_2024/1.0/vnnlib/ruarobot/hyperrectangle_5677.vnnlib,.005874515,sat,3.197219100
safenlp_2024,vnncomp2026_benchmarks/benchmarks/safenlp_2024/1.0/onnx/ruarobot/perturbations_0.onnx,vnncomp2026_benchmarks/benchmarks/safenlp_2024/1.0/vnnlib/ruarobot/hyperrectangle_7032.vnnlib,.005943257,sat,6.889376383
safenlp_2024,vnncomp2026_benchmarks/benchmarks/safenlp_2024/1.0/onnx/ruarobot/perturbations_0.onnx,vnncomp2026_benchmarks/benchmarks/safenlp_2024/1.0/vnnlib/ruarobot/hyperrectangle_2900.vnnlib,.006060969,unsat,5.555478892
safenlp_2024,vnncomp2026_benchmarks/benchmarks/safenlp_2024/1.0/onnx/ruarobot/perturbations_0.onnx,vnncomp2026_benchmarks/benchmarks/safenlp_2024/1.0/vnnlib/ruarobot/hyperrectangle_6784.vnnlib,.005888995,sat,5.395537191
safenlp_2024,vnncomp2026_benchmarks/benchmarks/safenlp_2024/1.0/onnx/ruarobot/perturbations_0.onnx,vnncomp2026_benchmarks/benchmarks/safenlp_2024/1.0/vnnlib/ruarobot/hyperrectangle_5236.vnnlib,.006079330,sat,6.823839282
safenlp_2024,vnncomp2026_benchmarks/benchmarks/safenlp_2024/1.0/onnx/medical/perturbations_0.onnx,vnncomp2026_benchmarks/benchmarks/safenlp_2024/1.0/vnnlib/medical/hyperrectangle_585.vnnlib,.005802373,unsat,5.357067931
safenlp_2024,vnncomp2026_benchmarks/benchmarks/safenlp_2024/1.0/onnx/ruarobot/perturbations_0.onnx,vnncomp2026_benchmarks/benchmarks/safenlp_2024/1.0/vnnlib/ruarobot/hyperrectangle_3507.vnnlib,.006010772,sat,5.776176046
safenlp_2024,vnncomp2026_benchmarks/benchmarks/safenlp_2024/1.0/onnx/medical/perturbations_0.onnx,vnncomp2026_benchmarks/benchmarks/safenlp_2024/1.0/vnnlib/medical/hyperrectangle_134.vnnlib,.005989757,unsat,5.327612700
safenlp_2024,vnncomp2026_benchmarks/benchmarks/safenlp_2024/1.0/onnx/ruarobot/perturbations_0.onnx,vnncomp2026_benchmarks/benchmarks/safenlp_2024/1.0/vnnlib/ruarobot/hyperrectangle_1079.vnnlib,.006022738,sat,5.434493163
safenlp_2024,vnncomp2026_benchmarks/benchmarks/safenlp_2024/1.0/onnx/ruarobot/perturbations_0.onnx,vnncomp2026_benchmarks/benchmarks/safenlp_2024/1.0/vnnlib/ruarobot/hyperrectangle_7490.vnnlib,.006150552,unsat,5.317854445
safenlp_2024,vnncomp2026_benchmarks/benchmarks/safenlp_2024/1.0/onnx/medical/perturbations_0.onnx,vnncomp2026_benchmarks/benchmarks/safenlp_2024/1.0/vnnlib/medical/hyperrectangle_576.vnnlib,.006058810,unsat,5.355802191
safenlp_2024,vnncomp2026_benchmarks/benchmarks/safenlp_2024/1.0/onnx/ruarobot/perturbations_0.onnx,vnncomp2026_benchmarks/benchmarks/safenlp_2024/1.0/vnnlib/ruarobot/hyperrectangle_4032.vnnlib,.005913176,sat,6.902102101
safenlp_2024,vnncomp2026_benchmarks/benchmarks/safenlp_2024/1.0/onnx/medical/perturbations_0.onnx,vnncomp2026_benchmarks/benchmarks/safenlp_2024/1.0/vnnlib/medical/hyperrectangle_1698.vnnlib,.005852094,unsat,5.316385890
safenlp_2024,vnncomp2026_benchmarks/benchmarks/safenlp_2024/1.0/onnx/ruarobot/perturbations_0.onnx,vnncomp2026_benchmarks/benchmarks/safenlp_2024/1.0/vnnlib/ruarobot/hyperrectangle_2334.vnnlib,.005932046,sat,3.288293263
safenlp_2024,vnncomp2026_benchmarks/benchmarks/safenlp_2024/1.0/onnx/medical/perturbations_0.onnx,vnncomp2026_benchmarks/benchmarks/safenlp_2024/1.0/vnnlib/medical/hyperrectangle_379.vnnlib,.005853124,unsat,5.414661345
safenlp_2024,vnncomp2026_benchmarks/benchmarks/safenlp_2024/1.0/onnx/ruarobot/perturbations_0.onnx,vnncomp2026_benchmarks/benchmarks/safenlp_2024/1.0/vnnlib/ruarobot/hyperrectangle_1157.vnnlib,.005852994,unsat,5.657723247
safenlp_2024,vnncomp2026_benchmarks/benchmarks/safenlp_2024/1.0/onnx/ruarobot/perturbations_0.onnx,vnncomp2026_benchmarks/benchmarks/safenlp_2024/1.0/vnnlib/ruarobot/hyperrectangle_5542.vnnlib,.006083959,sat,5.396332434
safenlp_2024,vnncomp2026_benchmarks/benchmarks/safenlp_2024/1.0/onnx/ruarobot/perturbations_0.onnx,vnncomp2026_benchmarks/benchmarks/safenlp_2024/1.0/vnnlib/ruarobot/hyperrectangle_3183.vnnlib,.006162861,unsat,5.400793854
safenlp_2024,vnncomp2026_benchmarks/benchmarks/safenlp_2024/1.0/onnx/ruarobot/perturbations_0.onnx,vnncomp2026_benchmarks/benchmarks/safenlp_2024/1.0/vnnlib/ruarobot/hyperrectangle_6755.vnnlib,.005853014,sat,3.669945982
safenlp_2024,vnncomp2026_benchmarks/benchmarks/safenlp_2024/1.0/onnx/medical/perturbations_0.onnx,vnncomp2026_benchmarks/benchmarks/safenlp_2024/1.0/vnnlib/medical/hyperrectangle_1237.vnnlib,.005659190,unsat,5.302305550
safenlp_2024,vnncomp2026_benchmarks/benchmarks/safenlp_2024/1.0/onnx/ruarobot/perturbations_0.onnx,vnncomp2026_benchmarks/benchmarks/safenlp_2024/1.0/vnnlib/ruarobot/hyperrectangle_5995.vnnlib,.005946936,unsat,5.379284339
safenlp_2024,vnncomp2026_benchmarks/benchmarks/safenlp_2024/1.0/onnx/medical/perturbations_0.onnx,vnncomp2026_benchmarks/benchmarks/safenlp_2024/1.0/vnnlib/medical/hyperrectangle_2303.vnnlib,.005982617,run_instance_timeout,80.002583478
safenlp_2024,vnncomp2026_benchmarks/benchmarks/safenlp_2024/1.0/onnx/ruarobot/perturbations_0.onnx,vnncomp2026_benchmarks/benchmarks/safenlp_2024/1.0/vnnlib/ruarobot/hyperrectangle_1551.vnnlib,.005964397,sat,3.642299269
safenlp_2024,vnncomp2026_benchmarks/benchmarks/safenlp_2024/1.0/onnx/ruarobot/perturbations_0.onnx,vnncomp2026_benchmarks/benchmarks/safenlp_2024/1.0/vnnlib/ruarobot/hyperrectangle_332.vnnlib,.005950826,sat,5.550794682
safenlp_2024,vnncomp2026_benchmarks/benchmarks/safenlp_2024/1.0/onnx/ruarobot/perturbations_0.onnx,vnncomp2026_benchmarks/benchmarks/safenlp_2024/1.0/vnnlib/ruarobot/hyperrectangle_6877.vnnlib,.005860733,sat,3.206250725
safenlp_2024,vnncomp2026_benchmarks/benchmarks/safenlp_2024/1.0/onnx/ruarobot/perturbations_0.onnx,vnncomp2026_benchmarks/benchmarks/safenlp_2024/1.0/vnnlib/ruarobot/hyperrectangle_6748.vnnlib,.005986516,sat,3.208289869
safenlp_2024,vnncomp2026_benchmarks/benchmarks/safenlp_2024/1.0/onnx/ruarobot/perturbations_0.onnx,vnncomp2026_benchmarks/benchmarks/safenlp_2024/1.0/vnnlib/ruarobot/hyperrectangle_5682.vnnlib,.005826191,sat,3.203927313
safenlp_2024,vnncomp2026_benchmarks/benchmarks/safenlp_2024/1.0/onnx/ruarobot/perturbations_0.onnx,vnncomp2026_benchmarks/benchmarks/safenlp_2024/1.0/vnnlib/ruarobot/hyperrectangle_5841.vnnlib,.005878783,unsat,5.495693069
safenlp_2024,vnncomp2026_benchmarks/benchmarks/safenlp_2024/1.0/onnx/medical/perturbations_0.onnx,vnncomp2026_benchmarks/benchmarks/safenlp_2024/1.0/vnnlib/medical/hyperrectangle_444.vnnlib,.006224700,unsat,5.528726193
safenlp_2024,vnncomp2026_benchmarks/benchmarks/safenlp_2024/1.0/onnx/medical/perturbations_0.onnx,vnncomp2026_benchmarks/benchmarks/safenlp_2024/1.0/vnnlib/medical/hyperrectangle_94.vnnlib,.005928805,unsat,5.731673375
safenlp_2024,vnncomp2026_benchmarks/benchmarks/safenlp_2024/1.0/onnx/medical/perturbations_0.onnx,vnncomp2026_benchmarks/benchmarks/safenlp_2024/1.0/vnnlib/medical/hyperrectangle_394.vnnlib,.005957066,unsat,5.304613052
safenlp_2024,vnncomp2026_benchmarks/benchmarks/safenlp_2024/1.0/onnx/ruarobot/perturbations_0.onnx,vnncomp2026_benchmarks/benchmarks/safenlp_2024/1.0/vnnlib/ruarobot/hyperrectangle_2370.vnnlib,.005911045,sat,3.269722978
safenlp_2024,vnncomp2026_benchmarks/benchmarks/safenlp_2024/1.0/onnx/medical/perturbations_0.onnx,vnncomp2026_benchmarks/benchmarks/safenlp_2024/1.0/vnnlib/medical/hyperrectangle_478.vnnlib,.005606188,unsat,5.490019818
safenlp_2024,vnncomp2026_benchmarks/benchmarks/safenlp_2024/1.0/onnx/medical/perturbations_0.onnx,vnncomp2026_benchmarks/benchmarks/safenlp_2024/1.0/vnnlib/medical/hyperrectangle_854.vnnlib,.005650509,unsat,5.331631666
safenlp_2024,vnncomp2026_benchmarks/benchmarks/safenlp_2024/1.0/onnx/medical/perturbations_0.onnx,vnncomp2026_benchmarks/benchmarks/safenlp_2024/1.0/vnnlib/medical/hyperrectangle_1739.vnnlib,.006100169,unsat,46.010824384
safenlp_2024,vnncomp2026_benchmarks/benchmarks/safenlp_2024/1.0/onnx/ruarobot/perturbations_0.onnx,vnncomp2026_benchmarks/benchmarks/safenlp_2024/1.0/vnnlib/ruarobot/hyperrectangle_3251.vnnlib,.005830363,unsat,5.567166647
safenlp_2024,vnncomp2026_benchmarks/benchmarks/safenlp_2024/1.0/onnx/ruarobot/perturbations_0.onnx,vnncomp2026_benchmarks/benchmarks/safenlp_2024/1.0/vnnlib/ruarobot/hyperrectangle_2467.vnnlib,.006250533,sat,3.203633158
safenlp_2024,vnncomp2026_benchmarks/benchmarks/safenlp_2024/1.0/onnx/medical/perturbations_0.onnx,vnncomp2026_benchmarks/benchmarks/safenlp_2024/1.0/vnnlib/medical/hyperrectangle_2027.vnnlib,.005942576,unsat,5.580974631
safenlp_2024,vnncomp2026_benchmarks/benchmarks/safenlp_2024/1.0/onnx/ruarobot/perturbations_0.onnx,vnncomp2026_benchmarks/benchmarks/safenlp_2024/1.0/vnnlib/ruarobot/hyperrectangle_5270.vnnlib,.006178721,sat,5.345839528
safenlp_2024,vnncomp2026_benchmarks/benchmarks/safenlp_2024/1.0/onnx/medical/perturbations_0.onnx,vnncomp2026_benchmarks/benchmarks/safenlp_2024/1.0/vnnlib/medical/hyperrectangle_1246.vnnlib,.005968337,sat,3.209855959
safenlp_2024,vnncomp2026_benchmarks/benchmarks/safenlp_2024/1.0/onnx/ruarobot/perturbations_0.onnx,vnncomp2026_benchmarks/benchmarks/safenlp_2024/1.0/vnnlib/ruarobot/hyperrectangle_5278.vnnlib,.005932246,sat,3.223267748
safenlp_2024,vnncomp2026_benchmarks/benchmarks/safenlp_2024/1.0/onnx/ruarobot/perturbations_0.onnx,vnncomp2026_benchmarks/benchmarks/safenlp_2024/1.0/vnnlib/ruarobot/hyperrectangle_6509.vnnlib,.005751932,sat,3.317984101
safenlp_2024,vnncomp2026_benchmarks/benchmarks/safenlp_2024/1.0/onnx/ruarobot/perturbations_0.onnx,vnncomp2026_benchmarks/benchmarks/safenlp_2024/1.0/vnnlib/ruarobot/hyperrectangle_2602.vnnlib,.006037407,sat,5.445172538
safenlp_2024,vnncomp2026_benchmarks/benchmarks/safenlp_2024/1.0/onnx/ruarobot/perturbations_0.onnx,vnncomp2026_benchmarks/benchmarks/safenlp_2024/1.0/vnnlib/ruarobot/hyperrectangle_5745.vnnlib,.006068098,sat,3.201881145
safenlp_2024,vnncomp2026_benchmarks/benchmarks/safenlp_2024/1.0/onnx/ruarobot/perturbations_0.onnx,vnncomp2026_benchmarks/benchmarks/safenlp_2024/1.0/vnnlib/ruarobot/hyperrectangle_1220.vnnlib,.005957266,sat,5.355341661
safenlp_2024,vnncomp2026_benchmarks/benchmarks/safenlp_2024/1.0/onnx/ruarobot/perturbations_0.onnx,vnncomp2026_benchmarks/benchmarks/safenlp_2024/1.0/vnnlib/ruarobot/hyperrectangle_1174.vnnlib,.005855153,sat,3.523254185
safenlp_2024,vnncomp2026_benchmarks/benchmarks/safenlp_2024/1.0/onnx/medical/perturbations_0.onnx,vnncomp2026_benchmarks/benchmarks/safenlp_2024/1.0/vnnlib/medical/hyperrectangle_2205.vnnlib,.005754181,sat,3.199113380
safenlp_2024,vnncomp2026_benchmarks/benchmarks/safenlp_2024/1.0/onnx/ruarobot/perturbations_0.onnx,vnncomp2026_benchmarks/benchmarks/safenlp_2024/1.0/vnnlib/ruarobot/hyperrectangle_2561.vnnlib,.005861103,sat,3.207243624
safenlp_2024,vnncomp2026_benchmarks/benchmarks/safenlp_2024/1.0/onnx/ruarobot/perturbations_0.onnx,vnncomp2026_benchmarks/benchmarks/safenlp_2024/1.0/vnnlib/ruarobot/hyperrectangle_773.vnnlib,.006126360,sat,3.290067368
safenlp_2024,vnncomp2026_benchmarks/benchmarks/safenlp_2024/1.0/onnx/ruarobot/perturbations_0.onnx,vnncomp2026_benchmarks/benchmarks/safenlp_2024/1.0/vnnlib/ruarobot/hyperrectangle_3574.vnnlib,.005965007,sat,3.298334968
safenlp_2024,vnncomp2026_benchmarks/benchmarks/safenlp_2024/1.0/onnx/medical/perturbations_0.onnx,vnncomp2026_benchmarks/benchmarks/safenlp_2024/1.0/vnnlib/medical/hyperrectangle_57.vnnlib,.006004757,unsat,9.417968390
safenlp_2024,vnncomp2026_benchmarks/benchmarks/safenlp_2024/1.0/onnx/ruarobot/perturbations_0.onnx,vnncomp2026_benchmarks/benchmarks/safenlp_2024/1.0/vnnlib/ruarobot/hyperrectangle_4840.vnnlib,.005987366,sat,4.989410639
safenlp_2024,vnncomp2026_benchmarks/benchmarks/safenlp_2024/1.0/onnx/medical/perturbations_0.onnx,vnncomp2026_benchmarks/benchmarks/safenlp_2024/1.0/vnnlib/medical/hyperrectangle_2005.vnnlib,.005875854,unsat,5.332882173
safenlp_2024,vnncomp2026_benchmarks/benchmarks/safenlp_2024/1.0/onnx/ruarobot/perturbations_0.onnx,vnncomp2026_benchmarks/benchmarks/safenlp_2024/1.0/vnnlib/ruarobot/hyperrectangle_468.vnnlib,.005850573,sat,6.846349429
safenlp_2024,vnncomp2026_benchmarks/benchmarks/safenlp_2024/1.0/onnx/medical/perturbations_0.onnx,vnncomp2026_benchmarks/benchmarks/safenlp_2024/1.0/vnnlib/medical/hyperrectangle_400.vnnlib,.005850993,unsat,5.418423704
safenlp_2024,vnncomp2026_benchmarks/benchmarks/safenlp_2024/1.0/onnx/medical/perturbations_0.onnx,vnncomp2026_benchmarks/benchmarks/safenlp_2024/1.0/vnnlib/medical/hyperrectangle_1243.vnnlib,.005910475,unsat,5.395411962
safenlp_2024,vnncomp2026_benchmarks/benchmarks/safenlp_2024/1.0/onnx/ruarobot/perturbations_0.onnx,vnncomp2026_benchmarks/benchmarks/safenlp_2024/1.0/vnnlib/ruarobot/hyperrectangle_7335.vnnlib,.006009928,sat,5.413569409
safenlp_2024,vnncomp2026_benchmarks/benchmarks/safenlp_2024/1.0/onnx/medical/perturbations_0.onnx,vnncomp2026_benchmarks/benchmarks/safenlp_2024/1.0/vnnlib/medical/hyperrectangle_373.vnnlib,.006030008,unsat,5.673614000
safenlp_2024,vnncomp2026_benchmarks/benchmarks/safenlp_2024/1.0/onnx/medical/perturbations_0.onnx,vnncomp2026_benchmarks/benchmarks/safenlp_2024/1.0/vnnlib/medical/hyperrectangle_1988.vnnlib,.005937225,run_instance_timeout,80.002675706
safenlp_2024,vnncomp2026_benchmarks/benchmarks/safenlp_2024/1.0/onnx/ruarobot/perturbations_0.onnx,vnncomp2026_benchmarks/benchmarks/safenlp_2024/1.0/vnnlib/ruarobot/hyperrectangle_6099.vnnlib,.005815173,sat,5.394867011
safenlp_2024,vnncomp2026_benchmarks/benchmarks/safenlp_2024/1.0/onnx/ruarobot/perturbations_0.onnx,vnncomp2026_benchmarks/benchmarks/safenlp_2024/1.0/vnnlib/ruarobot/hyperrectangle_3359.vnnlib,.005869174,sat,7.138233623
safenlp_2024,vnncomp2026_benchmarks/benchmarks/safenlp_2024/1.0/onnx/medical/perturbations_0.onnx,vnncomp2026_benchmarks/benchmarks/safenlp_2024/1.0/vnnlib/medical/hyperrectangle_2397.vnnlib,.006108309,unsat,5.410201757
safenlp_2024,vnncomp2026_benchmarks/benchmarks/safenlp_2024/1.0/onnx/ruarobot/perturbations_0.onnx,vnncomp2026_benchmarks/benchmarks/safenlp_2024/1.0/vnnlib/ruarobot/hyperrectangle_4743.vnnlib,.005934796,unsat,5.604513045
safenlp_2024,vnncomp2026_benchmarks/benchmarks/safenlp_2024/1.0/onnx/ruarobot/perturbations_0.onnx,vnncomp2026_benchmarks/benchmarks/safenlp_2024/1.0/vnnlib/ruarobot/hyperrectangle_2213.vnnlib,.005831975,sat,5.368754596
safenlp_2024,vnncomp2026_benchmarks/benchmarks/safenlp_2024/1.0/onnx/medical/perturbations_0.onnx,vnncomp2026_benchmarks/benchmarks/safenlp_2024/1.0/vnnlib/medical/hyperrectangle_1865.vnnlib,.005960017,unsat,5.299849133
safenlp_2024,vnncomp2026_benchmarks/benchmarks/safenlp_2024/1.0/onnx/medical/perturbations_0.onnx,vnncomp2026_benchmarks/benchmarks/safenlp_2024/1.0/vnnlib/medical/hyperrectangle_1250.vnnlib,.006003248,unsat,5.396101856
safenlp_2024,vnncomp2026_benchmarks/benchmarks/safenlp_2024/1.0/onnx/medical/perturbations_0.onnx,vnncomp2026_benchmarks/benchmarks/safenlp_2024/1.0/vnnlib/medical/hyperrectangle_462.vnnlib,.005772313,unsat,5.412680886
safenlp_2024,vnncomp2026_benchmarks/benchmarks/safenlp_2024/1.0/onnx/ruarobot/perturbations_0.onnx,vnncomp2026_benchmarks/benchmarks/safenlp_2024/1.0/vnnlib/ruarobot/hyperrectangle_1670.vnnlib,.005839225,sat,3.196397295
safenlp_2024,vnncomp2026_benchmarks/benchmarks/safenlp_2024/1.0/onnx/medical/perturbations_0.onnx,vnncomp2026_benchmarks/benchmarks/safenlp_2024/1.0/vnnlib/medical/hyperrectangle_78.vnnlib,.006027549,unsat,5.345787029
safenlp_2024,vnncomp2026_benchmarks/benchmarks/safenlp_2024/1.0/onnx/ruarobot/perturbations_0.onnx,vnncomp2026_benchmarks/benchmarks/safenlp_2024/1.0/vnnlib/ruarobot/hyperrectangle_4985.vnnlib,.006030248,sat,3.571814308
safenlp_2024,vnncomp2026_benchmarks/benchmarks/safenlp_2024/1.0/onnx/ruarobot/perturbations_0.onnx,vnncomp2026_benchmarks/benchmarks/safenlp_2024/1.0/vnnlib/ruarobot/hyperrectangle_5258.vnnlib,.005881635,unsat,5.618178604
safenlp_2024,vnncomp2026_benchmarks/benchmarks/safenlp_2024/1.0/onnx/ruarobot/perturbations_0.onnx,vnncomp2026_benchmarks/benchmarks/safenlp_2024/1.0/vnnlib/ruarobot/hyperrectangle_2500.vnnlib,.005801554,sat,3.211274888
safenlp_2024,vnncomp2026_benchmarks/benchmarks/safenlp_2024/1.0/onnx/ruarobot/perturbations_0.onnx,vnncomp2026_benchmarks/benchmarks/safenlp_2024/1.0/vnnlib/ruarobot/hyperrectangle_6887.vnnlib,.005954417,sat,5.341782796
safenlp_2024,vnncomp2026_benchmarks/benchmarks/safenlp_2024/1.0/onnx/ruarobot/perturbations_0.onnx,vnncomp2026_benchmarks/benchmarks/safenlp_2024/1.0/vnnlib/ruarobot/hyperrectangle_1337.vnnlib,.005945876,sat,5.419701514
safenlp_2024,vnncomp2026_benchmarks/benchmarks/safenlp_2024/1.0/onnx/ruarobot/perturbations_0.onnx,vnncomp2026_benchmarks/benchmarks/safenlp_2024/1.0/vnnlib/ruarobot/hyperrectangle_7652.vnnlib,.005963757,sat,3.523624786
safenlp_2024,vnncomp2026_benchmarks/benchmarks/safenlp_2024/1.0/onnx/ruarobot/perturbations_0.onnx,vnncomp2026_benchmarks/benchmarks/safenlp_2024/1.0/vnnlib/ruarobot/hyperrectangle_4742.vnnlib,.005973407,unsat,5.475509487
safenlp_2024,vnncomp2026_benchmarks/benchmarks/safenlp_2024/1.0/onnx/ruarobot/perturbations_0.onnx,vnncomp2026_benchmarks/benchmarks/safenlp_2024/1.0/vnnlib/ruarobot/hyperrectangle_204.vnnlib,.005923036,sat,5.553561585
safenlp_2024,vnncomp2026_benchmarks/benchmarks/safenlp_2024/1.0/onnx/ruarobot/perturbations_0.onnx,vnncomp2026_benchmarks/benchmarks/safenlp_2024/1.0/vnnlib/ruarobot/hyperrectangle_1101.vnnlib,.005881375,sat,3.213133554
safenlp_2024,vnncomp2026_benchmarks/benchmarks/safenlp_2024/1.0/onnx/ruarobot/perturbations_0.onnx,vnncomp2026_benchmarks/benchmarks/safenlp_2024/1.0/vnnlib/ruarobot/hyperrectangle_3672.vnnlib,.005851574,sat,5.978645343
safenlp_2024,vnncomp2026_benchmarks/benchmarks/safenlp_2024/1.0/onnx/ruarobot/perturbations_0.onnx,vnncomp2026_benchmarks/benchmarks/safenlp_2024/1.0/vnnlib/ruarobot/hyperrectangle_1594.vnnlib,.005862854,sat,5.497660950
safenlp_2024,vnncomp2026_benchmarks/benchmarks/safenlp_2024/1.0/onnx/ruarobot/perturbations_0.onnx,vnncomp2026_benchmarks/benchmarks/safenlp_2024/1.0/vnnlib/ruarobot/hyperrectangle_2234.vnnlib,.005954636,sat,5.341054108
safenlp_2024,vnncomp2026_benchmarks/benchmarks/safenlp_2024/1.0/onnx/ruarobot/perturbations_0.onnx,vnncomp2026_benchmarks/benchmarks/safenlp_2024/1.0/vnnlib/ruarobot/hyperrectangle_3303.vnnlib,.005802853,sat,5.399338662
safenlp_2024,vnncomp2026_benchmarks/benchmarks/safenlp_2024/1.0/onnx/medical/perturbations_0.onnx,vnncomp2026_benchmarks/benchmarks/safenlp_2024/1.0/vnnlib/medical/hyperrectangle_2496.vnnlib,.005910455,sat,4.633022694
safenlp_2024,vnncomp2026_benchmarks/benchmarks/safenlp_2024/1.0/onnx/ruarobot/perturbations_0.onnx,vnncomp2026_benchmarks/benchmarks/safenlp_2024/1.0/vnnlib/ruarobot/hyperrectangle_7902.vnnlib,.005742122,sat,3.215770171
safenlp_2024,vnncomp2026_benchmarks/benchmarks/safenlp_2024/1.0/onnx/medical/perturbations_0.onnx,vnncomp2026_benchmarks/benchmarks/safenlp_2024/1.0/vnnlib/medical/hyperrectangle_790.vnnlib,.006007027,unsat,5.353835970
safenlp_2024,vnncomp2026_benchmarks/benchmarks/safenlp_2024/1.0/onnx/ruarobot/perturbations_0.onnx,vnncomp2026_benchmarks/benchmarks/safenlp_2024/1.0/vnnlib/ruarobot/hyperrectangle_6109.vnnlib,.005614658,sat,6.868654206
safenlp_2024,vnncomp2026_benchmarks/benchmarks/safenlp_2024/1.0/onnx/ruarobot/perturbations_0.onnx,vnncomp2026_benchmarks/benchmarks/safenlp_2024/1.0/vnnlib/ruarobot/hyperrectangle_7247.vnnlib,.006037628,sat,5.488538207
safenlp_2024,vnncomp2026_benchmarks/benchmarks/safenlp_2024/1.0/onnx/ruarobot/perturbations_0.onnx,vnncomp2026_benchmarks/benchmarks/safenlp_2024/1.0/vnnlib/ruarobot/hyperrectangle_5249.vnnlib,.005907005,unsat,5.652308988
safenlp_2024,vnncomp2026_benchmarks/benchmarks/safenlp_2024/1.0/onnx/ruarobot/perturbations_0.onnx,vnncomp2026_benchmarks/benchmarks/safenlp_2024/1.0/vnnlib/ruarobot/hyperrectangle_7645.vnnlib,.005830184,sat,3.232338166
safenlp_2024,vnncomp2026_benchmarks/benchmarks/safenlp_2024/1.0/onnx/ruarobot/perturbations_0.onnx,vnncomp2026_benchmarks/benchmarks/safenlp_2024/1.0/vnnlib/ruarobot/hyperrectangle_1006.vnnlib,.005816923,sat,3.965365187
safenlp_2024,vnncomp2026_benchmarks/benchmarks/safenlp_2024/1.0/onnx/ruarobot/perturbations_0.onnx,vnncomp2026_benchmarks/benchmarks/safenlp_2024/1.0/vnnlib/ruarobot/hyperrectangle_685.vnnlib,.005831883,sat,6.961346115
safenlp_2024,vnncomp2026_benchmarks/benchmarks/safenlp_2024/1.0/onnx/ruarobot/perturbations_0.onnx,vnncomp2026_benchmarks/benchmarks/safenlp_2024/1.0/vnnlib/ruarobot/hyperrectangle_7020.vnnlib,.006116489,sat,5.449634468
safenlp_2024,vnncomp2026_benchmarks/benchmarks/safenlp_2024/1.0/onnx/medical/perturbations_0.onnx,vnncomp2026_benchmarks/benchmarks/safenlp_2024/1.0/vnnlib/medical/hyperrectangle_1013.vnnlib,.005914205,unsat,5.580318468
safenlp_2024,vnncomp2026_benchmarks/benchmarks/safenlp_2024/1.0/onnx/ruarobot/perturbations_0.onnx,vnncomp2026_benchmarks/benchmarks/safenlp_2024/1.0/vnnlib/ruarobot/hyperrectangle_2472.vnnlib,.005705789,sat,3.196540399
safenlp_2024,vnncomp2026_benchmarks/benchmarks/safenlp_2024/1.0/onnx/ruarobot/perturbations_0.onnx,vnncomp2026_benchmarks/benchmarks/safenlp_2024/1.0/vnnlib/ruarobot/hyperrectangle_3710.vnnlib,.005884064,unsat,5.608326834
safenlp_2024,vnncomp2026_benchmarks/benchmarks/safenlp_2024/1.0/onnx/ruarobot/perturbations_0.onnx,vnncomp2026_benchmarks/benchmarks/safenlp_2024/1.0/vnnlib/ruarobot/hyperrectangle_1634.vnnlib,.006032647,sat,5.356888124
safenlp_2024,vnncomp2026_benchmarks/benchmarks/safenlp_2024/1.0/onnx/medical/perturbations_0.onnx,vnncomp2026_benchmarks/benchmarks/safenlp_2024/1.0/vnnlib/medical/hyperrectangle_351.vnnlib,.005872884,sat,3.253098184
safenlp_2024,vnncomp2026_benchmarks/benchmarks/safenlp_2024/1.0/onnx/medical/perturbations_0.onnx,vnncomp2026_benchmarks/benchmarks/safenlp_2024/1.0/vnnlib/medical/hyperrectangle_2467.vnnlib,.005759932,unsat,5.442806080
safenlp_2024,vnncomp2026_benchmarks/benchmarks/safenlp_2024/1.0/onnx/ruarobot/perturbations_0.onnx,vnncomp2026_benchmarks/benchmarks/safenlp_2024/1.0/vnnlib/ruarobot/hyperrectangle_744.vnnlib,.005938846,sat,5.472918009
safenlp_2024,vnncomp2026_benchmarks/benchmarks/safenlp_2024/1.0/onnx/medical/perturbations_0.onnx,vnncomp2026_benchmarks/benchmarks/safenlp_2024/1.0/vnnlib/medical/hyperrectangle_2530.vnnlib,.005913965,unsat,5.406129956
safenlp_2024,vnncomp2026_benchmarks/benchmarks/safenlp_2024/1.0/onnx/medical/perturbations_0.onnx,vnncomp2026_benchmarks/benchmarks/safenlp_2024/1.0/vnnlib/medical/hyperrectangle_2386.vnnlib,.006353056,unsat,5.409787307
safenlp_2024,vnncomp2026_benchmarks/benchmarks/safenlp_2024/1.0/onnx/ruarobot/perturbations_0.onnx,vnncomp2026_benchmarks/benchmarks/safenlp_2024/1.0/vnnlib/ruarobot/hyperrectangle_4634.vnnlib,.005865135,sat,3.211560379
safenlp_2024,vnncomp2026_benchmarks/benchmarks/safenlp_2024/1.0/onnx/ruarobot/perturbations_0.onnx,vnncomp2026_benchmarks/benchmarks/safenlp_2024/1.0/vnnlib/ruarobot/hyperrectangle_1113.vnnlib,.005706381,unsat,5.609206966
safenlp_2024,vnncomp2026_benchmarks/benchmarks/safenlp_2024/1.0/onnx/ruarobot/perturbations_0.onnx,vnncomp2026_benchmarks/benchmarks/safenlp_2024/1.0/vnnlib/ruarobot/hyperrectangle_5247.vnnlib,.006028538,sat,5.449849271
safenlp_2024,vnncomp2026_benchmarks/benchmarks/safenlp_2024/1.0/onnx/ruarobot/perturbations_0.onnx,vnncomp2026_benchmarks/benchmarks/safenlp_2024/1.0/vnnlib/ruarobot/hyperrectangle_3269.vnnlib,.005962756,unsat,5.397278642
safenlp_2024,vnncomp2026_benchmarks/benchmarks/safenlp_2024/1.0/onnx/medical/perturbations_0.onnx,vnncomp2026_benchmarks/benchmarks/safenlp_2024/1.0/vnnlib/medical/hyperrectangle_2670.vnnlib,.005757292,sat,6.869963367
safenlp_2024,vnncomp2026_benchmarks/benchmarks/safenlp_2024/1.0/onnx/medical/perturbations_0.onnx,vnncomp2026_benchmarks/benchmarks/safenlp_2024/1.0/vnnlib/medical/hyperrectangle_2535.vnnlib,.005816203,sat,3.191271151
safenlp_2024,vnncomp2026_benchmarks/benchmarks/safenlp_2024/1.0/onnx/ruarobot/perturbations_0.onnx,vnncomp2026_benchmarks/benchmarks/safenlp_2024/1.0/vnnlib/ruarobot/hyperrectangle_6610.vnnlib,.005993077,sat,5.651296419
safenlp_2024,vnncomp2026_benchmarks/benchmarks/safenlp_2024/1.0/onnx/ruarobot/perturbations_0.onnx,vnncomp2026_benchmarks/benchmarks/safenlp_2024/1.0/vnnlib/ruarobot/hyperrectangle_993.vnnlib,.005942306,run_instance_timeout,80.002737058
safenlp_2024,vnncomp2026_benchmarks/benchmarks/safenlp_2024/1.0/onnx/ruarobot/perturbations_0.onnx,vnncomp2026_benchmarks/benchmarks/safenlp_2024/1.0/vnnlib/ruarobot/hyperrectangle_1297.vnnlib,.006149961,unsat,5.706252536
safenlp_2024,vnncomp2026_benchmarks/benchmarks/safenlp_2024/1.0/onnx/medical/perturbations_0.onnx,vnncomp2026_benchmarks/benchmarks/safenlp_2024/1.0/vnnlib/medical/hyperrectangle_525.vnnlib,.005799713,unsat,5.371617826
safenlp_2024,vnncomp2026_benchmarks/benchmarks/safenlp_2024/1.0/onnx/medical/perturbations_0.onnx,vnncomp2026_benchmarks/benchmarks/safenlp_2024/1.0/vnnlib/medical/hyperrectangle_584.vnnlib,.005957106,unsat,5.523043047
safenlp_2024,vnncomp2026_benchmarks/benchmarks/safenlp_2024/1.0/onnx/ruarobot/perturbations_0.onnx,vnncomp2026_benchmarks/benchmarks/safenlp_2024/1.0/vnnlib/ruarobot/hyperrectangle_5040.vnnlib,.005852984,sat,5.365131559
safenlp_2024,vnncomp2026_benchmarks/benchmarks/safenlp_2024/1.0/onnx/ruarobot/perturbations_0.onnx,vnncomp2026_benchmarks/benchmarks/safenlp_2024/1.0/vnnlib/ruarobot/hyperrectangle_3943.vnnlib,.005997417,unsat,5.745238118
safenlp_2024,vnncomp2026_benchmarks/benchmarks/safenlp_2024/1.0/onnx/ruarobot/perturbations_0.onnx,vnncomp2026_benchmarks/benchmarks/safenlp_2024/1.0/vnnlib/ruarobot/hyperrectangle_7243.vnnlib,.005911715,sat,6.915231282
safenlp_2024,vnncomp2026_benchmarks/benchmarks/safenlp_2024/1.0/onnx/ruarobot/perturbations_0.onnx,vnncomp2026_benchmarks/benchmarks/safenlp_2024/1.0/vnnlib/ruarobot/hyperrectangle_2873.vnnlib,.005806492,sat,3.217209963
safenlp_2024,vnncomp2026_benchmarks/benchmarks/safenlp_2024/1.0/onnx/medical/perturbations_0.onnx,vnncomp2026_benchmarks/benchmarks/safenlp_2024/1.0/vnnlib/medical/hyperrectangle_2163.vnnlib,.005965206,unsat,5.314179275
safenlp_2024,vnncomp2026_benchmarks/benchmarks/safenlp_2024/1.0/onnx/ruarobot/perturbations_0.onnx,vnncomp2026_benchmarks/benchmarks/safenlp_2024/1.0/vnnlib/ruarobot/hyperrectangle_7137.vnnlib,.005886565,sat,6.899622488
safenlp_2024,vnncomp2026_benchmarks/benchmarks/safenlp_2024/1.0/onnx/ruarobot/perturbations_0.onnx,vnncomp2026_benchmarks/benchmarks/safenlp_2024/1.0/vnnlib/ruarobot/hyperrectangle_449.vnnlib,.005840594,sat,3.449006491
safenlp_2024,vnncomp2026_benchmarks/benchmarks/safenlp_2024/1.0/onnx/ruarobot/perturbations_0.onnx,vnncomp2026_benchmarks/benchmarks/safenlp_2024/1.0/vnnlib/ruarobot/hyperrectangle_4065.vnnlib,.005869334,sat,5.386065815
safenlp_2024,vnncomp2026_benchmarks/benchmarks/safenlp_2024/1.0/onnx/ruarobot/perturbations_0.onnx,vnncomp2026_benchmarks/benchmarks/safenlp_2024/1.0/vnnlib/ruarobot/hyperrectangle_3144.vnnlib,.005974997,sat,6.823716277
safenlp_2024,vnncomp2026_benchmarks/benchmarks/safenlp_2024/1.0/onnx/medical/perturbations_0.onnx,vnncomp2026_benchmarks/benchmarks/safenlp_2024/1.0/vnnlib/medical/hyperrectangle_2053.vnnlib,.005894205,unsat,5.428603917
safenlp_2024,vnncomp2026_benchmarks/benchmarks/safenlp_2024/1.0/onnx/medical/perturbations_0.onnx,vnncomp2026_benchmarks/benchmarks/safenlp_2024/1.0/vnnlib/medical/hyperrectangle_2731.vnnlib,.005866904,unsat,5.378181539
safenlp_2024,vnncomp2026_benchmarks/benchmarks/safenlp_2024/1.0/onnx/medical/perturbations_0.onnx,vnncomp2026_benchmarks/benchmarks/safenlp_2024/1.0/vnnlib/medical/hyperrectangle_1222.vnnlib,.005927505,sat,5.452091598
safenlp_2024,vnncomp2026_benchmarks/benchmarks/safenlp_2024/1.0/onnx/ruarobot/perturbations_0.onnx,vnncomp2026_benchmarks/benchmarks/safenlp_2024/1.0/vnnlib/ruarobot/hyperrectangle_225.vnnlib,.005899805,sat,6.868042680
safenlp_2024,vnncomp2026_benchmarks/benchmarks/safenlp_2024/1.0/onnx/medical/perturbations_0.onnx,vnncomp2026_benchmarks/benchmarks/safenlp_2024/1.0/vnnlib/medical/hyperrectangle_132.vnnlib,.005931706,sat,3.209695175
safenlp_2024,vnncomp2026_benchmarks/benchmarks/safenlp_2024/1.0/onnx/ruarobot/perturbations_0.onnx,vnncomp2026_benchmarks/benchmarks/safenlp_2024/1.0/vnnlib/ruarobot/hyperrectangle_7623.vnnlib,.005912205,sat,5.448015347
safenlp_2024,vnncomp2026_benchmarks/benchmarks/safenlp_2024/1.0/onnx/medical/perturbations_0.onnx,vnncomp2026_benchmarks/benchmarks/safenlp_2024/1.0/vnnlib/medical/hyperrectangle_1098.vnnlib,.005892205,unsat,5.483928788
safenlp_2024,vnncomp2026_benchmarks/benchmarks/safenlp_2024/1.0/onnx/ruarobot/perturbations_0.onnx,vnncomp2026_benchmarks/benchmarks/safenlp_2024/1.0/vnnlib/ruarobot/hyperrectangle_6223.vnnlib,.005883615,sat,5.333089709
safenlp_2024,vnncomp2026_benchmarks/benchmarks/safenlp_2024/1.0/onnx/ruarobot/perturbations_0.onnx,vnncomp2026_benchmarks/benchmarks/safenlp_2024/1.0/vnnlib/ruarobot/hyperrectangle_661.vnnlib,.005931396,sat,3.401237724
safenlp_2024,vnncomp2026_benchmarks/benchmarks/safenlp_2024/1.0/onnx/medical/perturbations_0.onnx,vnncomp2026_benchmarks/benchmarks/safenlp_2024/1.0/vnnlib/medical/hyperrectangle_1934.vnnlib,.006118070,unsat,5.406788015
safenlp_2024,vnncomp2026_benchmarks/benchmarks/safenlp_2024/1.0/onnx/ruarobot/perturbations_0.onnx,vnncomp2026_benchmarks/benchmarks/safenlp_2024/1.0/vnnlib/ruarobot/hyperrectangle_4833.vnnlib,.006051238,sat,5.391314841
safenlp_2024,vnncomp2026_benchmarks/benchmarks/safenlp_2024/1.0/onnx/ruarobot/perturbations_0.onnx,vnncomp2026_benchmarks/benchmarks/safenlp_2024/1.0/vnnlib/ruarobot/hyperrectangle_926.vnnlib,.005926475,sat,6.848534702
safenlp_2024,vnncomp2026_benchmarks/benchmarks/safenlp_2024/1.0/onnx/ruarobot/perturbations_0.onnx,vnncomp2026_benchmarks/benchmarks/safenlp_2024/1.0/vnnlib/ruarobot/hyperrectangle_5472.vnnlib,.006186162,unsat,9.393070901
safenlp_2024,vnncomp2026_benchmarks/benchmarks/safenlp_2024/1.0/onnx/ruarobot/perturbations_0.onnx,vnncomp2026_benchmarks/benchmarks/safenlp_2024/1.0/vnnlib/ruarobot/hyperrectangle_5044.vnnlib,.005863374,sat,5.462791326
safenlp_2024,vnncomp2026_benchmarks/benchmarks/safenlp_2024/1.0/onnx/ruarobot/perturbations_0.onnx,vnncomp2026_benchmarks/benchmarks/safenlp_2024/1.0/vnnlib/ruarobot/hyperrectangle_428.vnnlib,.006080340,sat,5.386602364
safenlp_2024,vnncomp2026_benchmarks/benchmarks/safenlp_2024/1.0/onnx/ruarobot/perturbations_0.onnx,vnncomp2026_benchmarks/benchmarks/safenlp_2024/1.0/vnnlib/ruarobot/hyperrectangle_5911.vnnlib,.005978066,unsat,5.339120027
safenlp_2024,vnncomp2026_benchmarks/benchmarks/safenlp_2024/1.0/onnx/ruarobot/perturbations_0.onnx,vnncomp2026_benchmarks/benchmarks/safenlp_2024/1.0/vnnlib/ruarobot/hyperrectangle_4017.vnnlib,.005815432,sat,6.840203532
safenlp_2024,vnncomp2026_benchmarks/benchmarks/safenlp_2024/1.0/onnx/ruarobot/perturbations_0.onnx,vnncomp2026_benchmarks/benchmarks/safenlp_2024/1.0/vnnlib/ruarobot/hyperrectangle_3895.vnnlib,.006231002,sat,5.360506998
safenlp_2024,vnncomp2026_benchmarks/benchmarks/safenlp_2024/1.0/onnx/ruarobot/perturbations_0.onnx,vnncomp2026_benchmarks/benchmarks/safenlp_2024/1.0/vnnlib/ruarobot/hyperrectangle_3744.vnnlib,.005955466,sat,3.232712813
safenlp_2024,vnncomp2026_benchmarks/benchmarks/safenlp_2024/1.0/onnx/ruarobot/perturbations_0.onnx,vnncomp2026_benchmarks/benchmarks/safenlp_2024/1.0/vnnlib/ruarobot/hyperrectangle_1392.vnnlib,.005952586,sat,6.842712876
safenlp_2024,vnncomp2026_benchmarks/benchmarks/safenlp_2024/1.0/onnx/ruarobot/perturbations_0.onnx,vnncomp2026_benchmarks/benchmarks/safenlp_2024/1.0/vnnlib/ruarobot/hyperrectangle_1919.vnnlib,.005934296,sat,5.036092178
safenlp_2024,vnncomp2026_benchmarks/benchmarks/safenlp_2024/1.0/onnx/ruarobot/perturbations_0.onnx,vnncomp2026_benchmarks/benchmarks/safenlp_2024/1.0/vnnlib/ruarobot/hyperrectangle_7268.vnnlib,.005841024,sat,6.903555637
safenlp_2024,vnncomp2026_benchmarks/benchmarks/safenlp_2024/1.0/onnx/ruarobot/perturbations_0.onnx,vnncomp2026_benchmarks/benchmarks/safenlp_2024/1.0/vnnlib/ruarobot/hyperrectangle_6233.vnnlib,.006122091,sat,3.234203836
safenlp_2024,vnncomp2026_benchmarks/benchmarks/safenlp_2024/1.0/onnx/medical/perturbations_0.onnx,vnncomp2026_benchmarks/benchmarks/safenlp_2024/1.0/vnnlib/medical/hyperrectangle_232.vnnlib,.006003978,unsat,5.394864034
safenlp_2024,vnncomp2026_benchmarks/benchmarks/safenlp_2024/1.0/onnx/ruarobot/perturbations_0.onnx,vnncomp2026_benchmarks/benchmarks/safenlp_2024/1.0/vnnlib/ruarobot/hyperrectangle_3112.vnnlib,.006027288,sat,6.875030414
safenlp_2024,vnncomp2026_benchmarks/benchmarks/safenlp_2024/1.0/onnx/medical/perturbations_0.onnx,vnncomp2026_benchmarks/benchmarks/safenlp_2024/1.0/vnnlib/medical/hyperrectangle_961.vnnlib,.005967617,unsat,5.410924199
safenlp_2024,vnncomp2026_benchmarks/benchmarks/safenlp_2024/1.0/onnx/medical/perturbations_0.onnx,vnncomp2026_benchmarks/benchmarks/safenlp_2024/1.0/vnnlib/medical/hyperrectangle_2601.vnnlib,.005951517,unsat,5.779951256
safenlp_2024,vnncomp2026_benchmarks/benchmarks/safenlp_2024/1.0/onnx/ruarobot/perturbations_0.onnx,vnncomp2026_benchmarks/benchmarks/safenlp_2024/1.0/vnnlib/ruarobot/hyperrectangle_6468.vnnlib,.005848345,sat,3.231683372
safenlp_2024,vnncomp2026_benchmarks/benchmarks/safenlp_2024/1.0/onnx/medical/perturbations_0.onnx,vnncomp2026_benchmarks/benchmarks/safenlp_2024/1.0/vnnlib/medical/hyperrectangle_374.vnnlib,.005937957,sat,7.210849414
safenlp_2024,vnncomp2026_benchmarks/benchmarks/safenlp_2024/1.0/onnx/medical/perturbations_0.onnx,vnncomp2026_benchmarks/benchmarks/safenlp_2024/1.0/vnnlib/medical/hyperrectangle_2519.vnnlib,.005854355,unsat,5.478561820
safenlp_2024,vnncomp2026_benchmarks/benchmarks/safenlp_2024/1.0/onnx/medical/perturbations_0.onnx,vnncomp2026_benchmarks/benchmarks/safenlp_2024/1.0/vnnlib/medical/hyperrectangle_162.vnnlib,.005973197,unsat,5.738105039
safenlp_2024,vnncomp2026_benchmarks/benchmarks/safenlp_2024/1.0/onnx/medical/perturbations_0.onnx,vnncomp2026_benchmarks/benchmarks/safenlp_2024/1.0/vnnlib/medical/hyperrectangle_2200.vnnlib,.005878434,unsat,5.471287400
safenlp_2024,vnncomp2026_benchmarks/benchmarks/safenlp_2024/1.0/onnx/ruarobot/perturbations_0.onnx,vnncomp2026_benchmarks/benchmarks/safenlp_2024/1.0/vnnlib/ruarobot/hyperrectangle_7904.vnnlib,.005860824,sat,3.196991802
safenlp_2024,vnncomp2026_benchmarks/benchmarks/safenlp_2024/1.0/onnx/ruarobot/perturbations_0.onnx,vnncomp2026_benchmarks/benchmarks/safenlp_2024/1.0/vnnlib/ruarobot/hyperrectangle_2262.vnnlib,.005928786,sat,6.857068908
safenlp_2024,vnncomp2026_benchmarks/benchmarks/safenlp_2024/1.0/onnx/ruarobot/perturbations_0.onnx,vnncomp2026_benchmarks/benchmarks/safenlp_2024/1.0/vnnlib/ruarobot/hyperrectangle_3394.vnnlib,.005825104,sat,6.865720763
safenlp_2024,vnncomp2026_benchmarks/benchmarks/safenlp_2024/1.0/onnx/ruarobot/perturbations_0.onnx,vnncomp2026_benchmarks/benchmarks/safenlp_2024/1.0/vnnlib/ruarobot/hyperrectangle_375.vnnlib,.005983998,sat,3.814383206
safenlp_2024,vnncomp2026_benchmarks/benchmarks/safenlp_2024/1.0/onnx/medical/perturbations_0.onnx,vnncomp2026_benchmarks/benchmarks/safenlp_2024/1.0/vnnlib/medical/hyperrectangle_2707.vnnlib,.006093929,unsat,5.982281383
safenlp_2024,vnncomp2026_benchmarks/benchmarks/safenlp_2024/1.0/onnx/ruarobot/perturbations_0.onnx,vnncomp2026_benchmarks/benchmarks/safenlp_2024/1.0/vnnlib/ruarobot/hyperrectangle_1196.vnnlib,.005809733,sat,5.451561946
safenlp_2024,vnncomp2026_benchmarks/benchmarks/safenlp_2024/1.0/onnx/ruarobot/perturbations_0.onnx,vnncomp2026_benchmarks/benchmarks/safenlp_2024/1.0/vnnlib/ruarobot/hyperrectangle_4601.vnnlib,.005928176,unsat,6.168725096
safenlp_2024,vnncomp2026_benchmarks/benchmarks/safenlp_2024/1.0/onnx/medical/perturbations_0.onnx,vnncomp2026_benchmarks/benchmarks/safenlp_2024/1.0/vnnlib/medical/hyperrectangle_75.vnnlib,.005896105,unsat,5.410529290
safenlp_2024,vnncomp2026_benchmarks/benchmarks/safenlp_2024/1.0/onnx/ruarobot/perturbations_0.onnx,vnncomp2026_benchmarks/benchmarks/safenlp_2024/1.0/vnnlib/ruarobot/hyperrectangle_2633.vnnlib,.005960616,sat,3.212566274
safenlp_2024,vnncomp2026_benchmarks/benchmarks/safenlp_2024/1.0/onnx/ruarobot/perturbations_0.onnx,vnncomp2026_benchmarks/benchmarks/safenlp_2024/1.0/vnnlib/ruarobot/hyperrectangle_3197.vnnlib,.005930606,sat,5.403917520
safenlp_2024,vnncomp2026_benchmarks/benchmarks/safenlp_2024/1.0/onnx/ruarobot/perturbations_0.onnx,vnncomp2026_benchmarks/benchmarks/safenlp_2024/1.0/vnnlib/ruarobot/hyperrectangle_5353.vnnlib,.005949176,sat,5.389563446
safenlp_2024,vnncomp2026_benchmarks/benchmarks/safenlp_2024/1.0/onnx/ruarobot/perturbations_0.onnx,vnncomp2026_benchmarks/benchmarks/safenlp_2024/1.0/vnnlib/ruarobot/hyperrectangle_6505.vnnlib,.005927725,sat,5.343615476
safenlp_2024,vnncomp2026_benchmarks/benchmarks/safenlp_2024/1.0/onnx/ruarobot/perturbations_0.onnx,vnncomp2026_benchmarks/benchmarks/safenlp_2024/1.0/vnnlib/ruarobot/hyperrectangle_1890.vnnlib,.005966756,sat,3.443760002
safenlp_2024,vnncomp2026_benchmarks/benchmarks/safenlp_2024/1.0/onnx/ruarobot/perturbations_0.onnx,vnncomp2026_benchmarks/benchmarks/safenlp_2024/1.0/vnnlib/ruarobot/hyperrectangle_5573.vnnlib,.006022947,sat,3.213070283
safenlp_2024,vnncomp2026_benchmarks/benchmarks/safenlp_2024/1.0/onnx/ruarobot/perturbations_0.onnx,vnncomp2026_benchmarks/benchmarks/safenlp_2024/1.0/vnnlib/ruarobot/hyperrectangle_1487.vnnlib,.005982977,unsat,5.362951497
safenlp_2024,vnncomp2026_benchmarks/benchmarks/safenlp_2024/1.0/onnx/medical/perturbations_0.onnx,vnncomp2026_benchmarks/benchmarks/safenlp_2024/1.0/vnnlib/medical/hyperrectangle_1333.vnnlib,.005832923,unsat,5.343327590
safenlp_2024,vnncomp2026_benchmarks/benchmarks/safenlp_2024/1.0/onnx/ruarobot/perturbations_0.onnx,vnncomp2026_benchmarks/benchmarks/safenlp_2024/1.0/vnnlib/ruarobot/hyperrectangle_4602.vnnlib,.005959437,unsat,5.396694362
safenlp_2024,vnncomp2026_benchmarks/benchmarks/safenlp_2024/1.0/onnx/medical/perturbations_0.onnx,vnncomp2026_benchmarks/benchmarks/safenlp_2024/1.0/vnnlib/medical/hyperrectangle_1593.vnnlib,.006040378,unsat,5.290804554
safenlp_2024,vnncomp2026_benchmarks/benchmarks/safenlp_2024/1.0/onnx/ruarobot/perturbations_0.onnx,vnncomp2026_benchmarks/benchmarks/safenlp_2024/1.0/vnnlib/ruarobot/hyperrectangle_1555.vnnlib,.005930536,unsat,5.464156653
safenlp_2024,vnncomp2026_benchmarks/benchmarks/safenlp_2024/1.0/onnx/medical/perturbations_0.onnx,vnncomp2026_benchmarks/benchmarks/safenlp_2024/1.0/vnnlib/medical/hyperrectangle_1549.vnnlib,.005881085,unsat,5.454451120
safenlp_2024,vnncomp2026_benchmarks/benchmarks/safenlp_2024/1.0/onnx/ruarobot/perturbations_0.onnx,vnncomp2026_benchmarks/benchmarks/safenlp_2024/1.0/vnnlib/ruarobot/hyperrectangle_7095.vnnlib,.005990097,sat,6.854344240
safenlp_2024,vnncomp2026_benchmarks/benchmarks/safenlp_2024/1.0/onnx/ruarobot/perturbations_0.onnx,vnncomp2026_benchmarks/benchmarks/safenlp_2024/1.0/vnnlib/ruarobot/hyperrectangle_6941.vnnlib,.005911745,unsat,5.695729287
safenlp_2024,vnncomp2026_benchmarks/benchmarks/safenlp_2024/1.0/onnx/ruarobot/perturbations_0.onnx,vnncomp2026_benchmarks/benchmarks/safenlp_2024/1.0/vnnlib/ruarobot/hyperrectangle_6717.vnnlib,.005899895,sat,6.897906037
safenlp_2024,vnncomp2026_benchmarks/benchmarks/safenlp_2024/1.0/onnx/ruarobot/perturbations_0.onnx,vnncomp2026_benchmarks/benchmarks/safenlp_2024/1.0/vnnlib/ruarobot/hyperrectangle_4863.vnnlib,.005879095,sat,5.438200773
safenlp_2024,vnncomp2026_benchmarks/benchmarks/safenlp_2024/1.0/onnx/medical/perturbations_0.onnx,vnncomp2026_benchmarks/benchmarks/safenlp_2024/1.0/vnnlib/medical/hyperrectangle_2682.vnnlib,.005810313,unsat,5.412015794
safenlp_2024,vnncomp2026_benchmarks/benchmarks/safenlp_2024/1.0/onnx/ruarobot/perturbations_0.onnx,vnncomp2026_benchmarks/benchmarks/safenlp_2024/1.0/vnnlib/ruarobot/hyperrectangle_4523.vnnlib,.005927056,unsat,5.374787256
safenlp_2024,vnncomp2026_benchmarks/benchmarks/safenlp_2024/1.0/onnx/ruarobot/perturbations_0.onnx,vnncomp2026_benchmarks/benchmarks/safenlp_2024/1.0/vnnlib/ruarobot/hyperrectangle_4496.vnnlib,.005874914,unsat,6.385863889
safenlp_2024,vnncomp2026_benchmarks/benchmarks/safenlp_2024/1.0/onnx/ruarobot/perturbations_0.onnx,vnncomp2026_benchmarks/benchmarks/safenlp_2024/1.0/vnnlib/ruarobot/hyperrectangle_2639.vnnlib,.005789113,sat,3.215223244
safenlp_2024,vnncomp2026_benchmarks/benchmarks/safenlp_2024/1.0/onnx/ruarobot/perturbations_0.onnx,vnncomp2026_benchmarks/benchmarks/safenlp_2024/1.0/vnnlib/ruarobot/hyperrectangle_5499.vnnlib,.006012368,sat,3.196546999
safenlp_2024,vnncomp2026_benchmarks/benchmarks/safenlp_2024/1.0/onnx/ruarobot/perturbations_0.onnx,vnncomp2026_benchmarks/benchmarks/safenlp_2024/1.0/vnnlib/ruarobot/hyperrectangle_895.vnnlib,.005954016,unsat,5.303652552
safenlp_2024,vnncomp2026_benchmarks/benchmarks/safenlp_2024/1.0/onnx/ruarobot/perturbations_0.onnx,vnncomp2026_benchmarks/benchmarks/safenlp_2024/1.0/vnnlib/ruarobot/hyperrectangle_2227.vnnlib,.005906085,unsat,5.403936656
safenlp_2024,vnncomp2026_benchmarks/benchmarks/safenlp_2024/1.0/onnx/medical/perturbations_0.onnx,vnncomp2026_benchmarks/benchmarks/safenlp_2024/1.0/vnnlib/medical/hyperrectangle_167.vnnlib,.005904115,unsat,5.421978486
safenlp_2024,vnncomp2026_benchmarks/benchmarks/safenlp_2024/1.0/onnx/ruarobot/perturbations_0.onnx,vnncomp2026_benchmarks/benchmarks/safenlp_2024/1.0/vnnlib/ruarobot/hyperrectangle_2618.vnnlib,.005944976,sat,3.203279758
safenlp_2024,vnncomp2026_benchmarks/benchmarks/safenlp_2024/1.0/onnx/ruarobot/perturbations_0.onnx,vnncomp2026_benchmarks/benchmarks/safenlp_2024/1.0/vnnlib/ruarobot/hyperrectangle_1357.vnnlib,.005895765,unsat,5.423582767
safenlp_2024,vnncomp2026_benchmarks/benchmarks/safenlp_2024/1.0/onnx/medical/perturbations_0.onnx,vnncomp2026_benchmarks/benchmarks/safenlp_2024/1.0/vnnlib/medical/hyperrectangle_965.vnnlib,.005980417,unsat,5.325920520
safenlp_2024,vnncomp2026_benchmarks/benchmarks/safenlp_2024/1.0/onnx/ruarobot/perturbations_0.onnx,vnncomp2026_benchmarks/benchmarks/safenlp_2024/1.0/vnnlib/ruarobot/hyperrectangle_6022.vnnlib,.005602268,sat,4.203489536
safenlp_2024,vnncomp2026_benchmarks/benchmarks/safenlp_2024/1.0/onnx/ruarobot/perturbations_0.onnx,vnncomp2026_benchmarks/benchmarks/safenlp_2024/1.0/vnnlib/ruarobot/hyperrectangle_3516.vnnlib,.005860934,unsat,5.557201285
safenlp_2024,vnncomp2026_benchmarks/benchmarks/safenlp_2024/1.0/onnx/medical/perturbations_0.onnx,vnncomp2026_benchmarks/benchmarks/safenlp_2024/1.0/vnnlib/medical/hyperrectangle_816.vnnlib,.006271063,unsat,5.301281879
safenlp_2024,vnncomp2026_benchmarks/benchmarks/safenlp_2024/1.0/onnx/ruarobot/perturbations_0.onnx,vnncomp2026_benchmarks/benchmarks/safenlp_2024/1.0/vnnlib/ruarobot/hyperrectangle_162.vnnlib,.005878245,sat,5.171471072
safenlp_2024,vnncomp2026_benchmarks/benchmarks/safenlp_2024/1.0/onnx/ruarobot/perturbations_0.onnx,vnncomp2026_benchmarks/benchmarks/safenlp_2024/1.0/vnnlib/ruarobot/hyperrectangle_5704.vnnlib,.005895125,sat,5.481317863
safenlp_2024,vnncomp2026_benchmarks/benchmarks/safenlp_2024/1.0/onnx/medical/perturbations_0.onnx,vnncomp2026_benchmarks/benchmarks/safenlp_2024/1.0/vnnlib/medical/hyperrectangle_1112.vnnlib,.005862024,unsat,5.368741887
safenlp_2024,vnncomp2026_benchmarks/benchmarks/safenlp_2024/1.0/onnx/medical/perturbations_0.onnx,vnncomp2026_benchmarks/benchmarks/safenlp_2024/1.0/vnnlib/medical/hyperrectangle_1679.vnnlib,.006010578,unsat,5.296588418
safenlp_2024,vnncomp2026_benchmarks/benchmarks/safenlp_2024/1.0/onnx/ruarobot/perturbations_0.onnx,vnncomp2026_benchmarks/benchmarks/safenlp_2024/1.0/vnnlib/ruarobot/hyperrectangle_6262.vnnlib,.005931396,sat,3.559247283
safenlp_2024,vnncomp2026_benchmarks/benchmarks/safenlp_2024/1.0/onnx/medical/perturbations_0.onnx,vnncomp2026_benchmarks/benchmarks/safenlp_2024/1.0/vnnlib/medical/hyperrectangle_1147.vnnlib,.005999197,unsat,5.320343316
safenlp_2024,vnncomp2026_benchmarks/benchmarks/safenlp_2024/1.0/onnx/medical/perturbations_0.onnx,vnncomp2026_benchmarks/benchmarks/safenlp_2024/1.0/vnnlib/medical/hyperrectangle_2065.vnnlib,.005852774,unsat,6.634357152
safenlp_2024,vnncomp2026_benchmarks/benchmarks/safenlp_2024/1.0/onnx/ruarobot/perturbations_0.onnx,vnncomp2026_benchmarks/benchmarks/safenlp_2024/1.0/vnnlib/ruarobot/hyperrectangle_4635.vnnlib,.006006638,sat,5.373645219
safenlp_2024,vnncomp2026_benchmarks/benchmarks/safenlp_2024/1.0/onnx/ruarobot/perturbations_0.onnx,vnncomp2026_benchmarks/benchmarks/safenlp_2024/1.0/vnnlib/ruarobot/hyperrectangle_1804.vnnlib,.005866595,sat,3.565177917
safenlp_2024,vnncomp2026_benchmarks/benchmarks/safenlp_2024/1.0/onnx/ruarobot/perturbations_0.onnx,vnncomp2026_benchmarks/benchmarks/safenlp_2024/1.0/vnnlib/ruarobot/hyperrectangle_7527.vnnlib,.006263234,sat,3.220927158
safenlp_2024,vnncomp2026_benchmarks/benchmarks/safenlp_2024/1.0/onnx/ruarobot/perturbations_0.onnx,vnncomp2026_benchmarks/benchmarks/safenlp_2024/1.0/vnnlib/ruarobot/hyperrectangle_2758.vnnlib,.006073109,sat,5.488702170
safenlp_2024,vnncomp2026_benchmarks/benchmarks/safenlp_2024/1.0/onnx/ruarobot/perturbations_0.onnx,vnncomp2026_benchmarks/benchmarks/safenlp_2024/1.0/vnnlib/ruarobot/hyperrectangle_2717.vnnlib,.005829984,sat,3.211260850
safenlp_2024,vnncomp2026_benchmarks/benchmarks/safenlp_2024/1.0/onnx/ruarobot/perturbations_0.onnx,vnncomp2026_benchmarks/benchmarks/safenlp_2024/1.0/vnnlib/ruarobot/hyperrectangle_6785.vnnlib,.005940906,unsat,5.767012489
safenlp_2024,vnncomp2026_benchmarks/benchmarks/safenlp_2024/1.0/onnx/ruarobot/perturbations_0.onnx,vnncomp2026_benchmarks/benchmarks/safenlp_2024/1.0/vnnlib/ruarobot/hyperrectangle_4476.vnnlib,.005937956,sat,3.284802912
safenlp_2024,vnncomp2026_benchmarks/benchmarks/safenlp_2024/1.0/onnx/medical/perturbations_0.onnx,vnncomp2026_benchmarks/benchmarks/safenlp_2024/1.0/vnnlib/medical/hyperrectangle_1231.vnnlib,.005874644,unsat,5.387817959
safenlp_2024,vnncomp2026_benchmarks/benchmarks/safenlp_2024/1.0/onnx/medical/perturbations_0.onnx,vnncomp2026_benchmarks/benchmarks/safenlp_2024/1.0/vnnlib/medical/hyperrectangle_2660.vnnlib,.005842844,sat,6.834166246
safenlp_2024,vnncomp2026_benchmarks/benchmarks/safenlp_2024/1.0/onnx/ruarobot/perturbations_0.onnx,vnncomp2026_benchmarks/benchmarks/safenlp_2024/1.0/vnnlib/ruarobot/hyperrectangle_3926.vnnlib,.005928605,unsat,5.544609065
safenlp_2024,vnncomp2026_benchmarks/benchmarks/safenlp_2024/1.0/onnx/medical/perturbations_0.onnx,vnncomp2026_benchmarks/benchmarks/safenlp_2024/1.0/vnnlib/medical/hyperrectangle_1102.vnnlib,.005950226,unsat,5.303394063
safenlp_2024,vnncomp2026_benchmarks/benchmarks/safenlp_2024/1.0/onnx/ruarobot/perturbations_0.onnx,vnncomp2026_benchmarks/benchmarks/safenlp_2024/1.0/vnnlib/ruarobot/hyperrectangle_2767.vnnlib,.005976037,sat,3.234843036
safenlp_2024,vnncomp2026_benchmarks/benchmarks/safenlp_2024/1.0/onnx/ruarobot/perturbations_0.onnx,vnncomp2026_benchmarks/benchmarks/safenlp_2024/1.0/vnnlib/ruarobot/hyperrectangle_2453.vnnlib,.005877714,sat,3.185690722
safenlp_2024,vnncomp2026_benchmarks/benchmarks/safenlp_2024/1.0/onnx/ruarobot/perturbations_0.onnx,vnncomp2026_benchmarks/benchmarks/safenlp_2024/1.0/vnnlib/ruarobot/hyperrectangle_5349.vnnlib,.005958216,sat,3.205137659
safenlp_2024,vnncomp2026_benchmarks/benchmarks/safenlp_2024/1.0/onnx/medical/perturbations_0.onnx,vnncomp2026_benchmarks/benchmarks/safenlp_2024/1.0/vnnlib/medical/hyperrectangle_1073.vnnlib,.005804433,unsat,5.417311820
safenlp_2024,vnncomp2026_benchmarks/benchmarks/safenlp_2024/1.0/onnx/ruarobot/perturbations_0.onnx,vnncomp2026_benchmarks/benchmarks/safenlp_2024/1.0/vnnlib/ruarobot/hyperrectangle_7609.vnnlib,.005865474,sat,5.568797061
safenlp_2024,vnncomp2026_benchmarks/benchmarks/safenlp_2024/1.0/onnx/ruarobot/perturbations_0.onnx,vnncomp2026_benchmarks/benchmarks/safenlp_2024/1.0/vnnlib/ruarobot/hyperrectangle_2548.vnnlib,.005764162,sat,6.893085985
safenlp_2024,vnncomp2026_benchmarks/benchmarks/safenlp_2024/1.0/onnx/medical/perturbations_0.onnx,vnncomp2026_benchmarks/benchmarks/safenlp_2024/1.0/vnnlib/medical/hyperrectangle_316.vnnlib,.005958246,sat,3.218203491
safenlp_2024,vnncomp2026_benchmarks/benchmarks/safenlp_2024/1.0/onnx/ruarobot/perturbations_0.onnx,vnncomp2026_benchmarks/benchmarks/safenlp_2024/1.0/vnnlib/ruarobot/hyperrectangle_3218.vnnlib,.005872645,unsat,5.650334888
safenlp_2024,vnncomp2026_benchmarks/benchmarks/safenlp_2024/1.0/onnx/ruarobot/perturbations_0.onnx,vnncomp2026_benchmarks/benchmarks/safenlp_2024/1.0/vnnlib/ruarobot/hyperrectangle_2232.vnnlib,.005867544,sat,3.286892285
safenlp_2024,vnncomp2026_benchmarks/benchmarks/safenlp_2024/1.0/onnx/medical/perturbations_0.onnx,vnncomp2026_benchmarks/benchmarks/safenlp_2024/1.0/vnnlib/medical/hyperrectangle_2454.vnnlib,.005842754,sat,6.840798840
safenlp_2024,vnncomp2026_benchmarks/benchmarks/safenlp_2024/1.0/onnx/ruarobot/perturbations_0.onnx,vnncomp2026_benchmarks/benchmarks/safenlp_2024/1.0/vnnlib/ruarobot/hyperrectangle_4576.vnnlib,.005929846,unsat,5.344308416
safenlp_2024,vnncomp2026_benchmarks/benchmarks/safenlp_2024/1.0/onnx/ruarobot/perturbations_0.onnx,vnncomp2026_benchmarks/benchmarks/safenlp_2024/1.0/vnnlib/ruarobot/hyperrectangle_896.vnnlib,.005800563,sat,4.103454461
safenlp_2024,vnncomp2026_benchmarks/benchmarks/safenlp_2024/1.0/onnx/ruarobot/perturbations_0.onnx,vnncomp2026_benchmarks/benchmarks/safenlp_2024/1.0/vnnlib/ruarobot/hyperrectangle_1795.vnnlib,.005815593,unsat,7.703198376
safenlp_2024,vnncomp2026_benchmarks/benchmarks/safenlp_2024/1.0/onnx/ruarobot/perturbations_0.onnx,vnncomp2026_benchmarks/benchmarks/safenlp_2024/1.0/vnnlib/ruarobot/hyperrectangle_7762.vnnlib,.005878654,unsat,5.824399357
safenlp_2024,vnncomp2026_benchmarks/benchmarks/safenlp_2024/1.0/onnx/ruarobot/perturbations_0.onnx,vnncomp2026_benchmarks/benchmarks/safenlp_2024/1.0/vnnlib/ruarobot/hyperrectangle_1526.vnnlib,.005875785,sat,3.284592048
safenlp_2024,vnncomp2026_benchmarks/benchmarks/safenlp_2024/1.0/onnx/ruarobot/perturbations_0.onnx,vnncomp2026_benchmarks/benchmarks/safenlp_2024/1.0/vnnlib/ruarobot/hyperrectangle_4168.vnnlib,.006169801,sat,5.349292825
safenlp_2024,vnncomp2026_benchmarks/benchmarks/safenlp_2024/1.0/onnx/ruarobot/perturbations_0.onnx,vnncomp2026_benchmarks/benchmarks/safenlp_2024/1.0/vnnlib/ruarobot/hyperrectangle_1959.vnnlib,.005910356,unsat,6.447267659
safenlp_2024,vnncomp2026_benchmarks/benchmarks/safenlp_2024/1.0/onnx/medical/perturbations_0.onnx,vnncomp2026_benchmarks/benchmarks/safenlp_2024/1.0/vnnlib/medical/hyperrectangle_706.vnnlib,.005854274,unsat,5.327595969
safenlp_2024,vnncomp2026_benchmarks/benchmarks/safenlp_2024/1.0/onnx/ruarobot/perturbations_0.onnx,vnncomp2026_benchmarks/benchmarks/safenlp_2024/1.0/vnnlib/ruarobot/hyperrectangle_98.vnnlib,.005972296,unsat,5.282901578
safenlp_2024,vnncomp2026_benchmarks/benchmarks/safenlp_2024/1.0/onnx/ruarobot/perturbations_0.onnx,vnncomp2026_benchmarks/benchmarks/safenlp_2024/1.0/vnnlib/ruarobot/hyperrectangle_7882.vnnlib,.006356285,sat,6.915889177
safenlp_2024,vnncomp2026_benchmarks/benchmarks/safenlp_2024/1.0/onnx/ruarobot/perturbations_0.onnx,vnncomp2026_benchmarks/benchmarks/safenlp_2024/1.0/vnnlib/ruarobot/hyperrectangle_996.vnnlib,.005869484,sat,6.906774618
safenlp_2024,vnncomp2026_benchmarks/benchmarks/safenlp_2024/1.0/onnx/ruarobot/perturbations_0.onnx,vnncomp2026_benchmarks/benchmarks/safenlp_2024/1.0/vnnlib/ruarobot/hyperrectangle_7408.vnnlib,.005836364,unsat,5.436088874
safenlp_2024,vnncomp2026_benchmarks/benchmarks/safenlp_2024/1.0/onnx/medical/perturbations_0.onnx,vnncomp2026_benchmarks/benchmarks/safenlp_2024/1.0/vnnlib/medical/hyperrectangle_1886.vnnlib,.006101079,unsat,5.665961901
safenlp_2024,vnncomp2026_benchmarks/benchmarks/safenlp_2024/1.0/onnx/ruarobot/perturbations_0.onnx,vnncomp2026_benchmarks/benchmarks/safenlp_2024/1.0/vnnlib/ruarobot/hyperrectangle_5858.vnnlib,.005787603,sat,5.457958082
safenlp_2024,vnncomp2026_benchmarks/benchmarks/safenlp_2024/1.0/onnx/ruarobot/perturbations_0.onnx,vnncomp2026_benchmarks/benchmarks/safenlp_2024/1.0/vnnlib/ruarobot/hyperrectangle_3935.vnnlib,.005802023,sat,6.983308641
safenlp_2024,vnncomp2026_benchmarks/benchmarks/safenlp_2024/1.0/onnx/ruarobot/perturbations_0.onnx,vnncomp2026_benchmarks/benchmarks/safenlp_2024/1.0/vnnlib/ruarobot/hyperrectangle_406.vnnlib,.005937886,sat,3.877715903
safenlp_2024,vnncomp2026_benchmarks/benchmarks/safenlp_2024/1.0/onnx/ruarobot/perturbations_0.onnx,vnncomp2026_benchmarks/benchmarks/safenlp_2024/1.0/vnnlib/ruarobot/hyperrectangle_215.vnnlib,.005932435,sat,5.469692830
safenlp_2024,vnncomp2026_benchmarks/benchmarks/safenlp_2024/1.0/onnx/ruarobot/perturbations_0.onnx,vnncomp2026_benchmarks/benchmarks/safenlp_2024/1.0/vnnlib/ruarobot/hyperrectangle_186.vnnlib,.005831563,unsat,5.475159116
safenlp_2024,vnncomp2026_benchmarks/benchmarks/safenlp_2024/1.0/onnx/ruarobot/perturbations_0.onnx,vnncomp2026_benchmarks/benchmarks/safenlp_2024/1.0/vnnlib/ruarobot/hyperrectangle_4212.vnnlib,.005967517,sat,5.454245645
safenlp_2024,vnncomp2026_benchmarks/benchmarks/safenlp_2024/1.0/onnx/ruarobot/perturbations_0.onnx,vnncomp2026_benchmarks/benchmarks/safenlp_2024/1.0/vnnlib/ruarobot/hyperrectangle_4183.vnnlib,.005940766,sat,6.869171421
safenlp_2024,vnncomp2026_benchmarks/benchmarks/safenlp_2024/1.0/onnx/ruarobot/perturbations_0.onnx,vnncomp2026_benchmarks/benchmarks/safenlp_2024/1.0/vnnlib/ruarobot/hyperrectangle_1.vnnlib,.005816433,sat,3.229710132
safenlp_2024,vnncomp2026_benchmarks/benchmarks/safenlp_2024/1.0/onnx/ruarobot/perturbations_0.onnx,vnncomp2026_benchmarks/benchmarks/safenlp_2024/1.0/vnnlib/ruarobot/hyperrectangle_1066.vnnlib,.005859324,sat,6.955632197
safenlp_2024,vnncomp2026_benchmarks/benchmarks/safenlp_2024/1.0/onnx/ruarobot/perturbations_0.onnx,vnncomp2026_benchmarks/benchmarks/safenlp_2024/1.0/vnnlib/ruarobot/hyperrectangle_1093.vnnlib,.005948116,unsat,29.310466540
safenlp_2024,vnncomp2026_benchmarks/benchmarks/safenlp_2024/1.0/onnx/ruarobot/perturbations_0.onnx,vnncomp2026_benchmarks/benchmarks/safenlp_2024/1.0/vnnlib/ruarobot/hyperrectangle_451.vnnlib,.005870474,sat,5.382443660
safenlp_2024,vnncomp2026_benchmarks/benchmarks/safenlp_2024/1.0/onnx/medical/perturbations_0.onnx,vnncomp2026_benchmarks/benchmarks/safenlp_2024/1.0/vnnlib/medical/hyperrectangle_1815.vnnlib,.005771612,unsat,5.328849963
safenlp_2024,vnncomp2026_benchmarks/benchmarks/safenlp_2024/1.0/onnx/medical/perturbations_0.onnx,vnncomp2026_benchmarks/benchmarks/safenlp_2024/1.0/vnnlib/medical/hyperrectangle_281.vnnlib,.005861274,unsat,5.330771608
safenlp_2024,vnncomp2026_benchmarks/benchmarks/safenlp_2024/1.0/onnx/ruarobot/perturbations_0.onnx,vnncomp2026_benchmarks/benchmarks/safenlp_2024/1.0/vnnlib/ruarobot/hyperrectangle_4199.vnnlib,.005496246,sat,3.924745724
safenlp_2024,vnncomp2026_benchmarks/benchmarks/safenlp_2024/1.0/onnx/ruarobot/perturbations_0.onnx,vnncomp2026_benchmarks/benchmarks/safenlp_2024/1.0/vnnlib/ruarobot/hyperrectangle_5452.vnnlib,.005911606,sat,5.439483180
safenlp_2024,vnncomp2026_benchmarks/benchmarks/safenlp_2024/1.0/onnx/medical/perturbations_0.onnx,vnncomp2026_benchmarks/benchmarks/safenlp_2024/1.0/vnnlib/medical/hyperrectangle_1621.vnnlib,.005895855,unsat,5.361881524
safenlp_2024,vnncomp2026_benchmarks/benchmarks/safenlp_2024/1.0/onnx/ruarobot/perturbations_0.onnx,vnncomp2026_benchmarks/benchmarks/safenlp_2024/1.0/vnnlib/ruarobot/hyperrectangle_4045.vnnlib,.005844784,unsat,11.594224837
safenlp_2024,vnncomp2026_benchmarks/benchmarks/safenlp_2024/1.0/onnx/ruarobot/perturbations_0.onnx,vnncomp2026_benchmarks/benchmarks/safenlp_2024/1.0/vnnlib/ruarobot/hyperrectangle_4375.vnnlib,.005939316,unsat,26.141749071
safenlp_2024,vnncomp2026_benchmarks/benchmarks/safenlp_2024/1.0/onnx/ruarobot/perturbations_0.onnx,vnncomp2026_benchmarks/benchmarks/safenlp_2024/1.0/vnnlib/ruarobot/hyperrectangle_1595.vnnlib,.005931395,sat,3.210493297
safenlp_2024,vnncomp2026_benchmarks/benchmarks/safenlp_2024/1.0/onnx/ruarobot/perturbations_0.onnx,vnncomp2026_benchmarks/benchmarks/safenlp_2024/1.0/vnnlib/ruarobot/hyperrectangle_3225.vnnlib,.005857454,sat,3.504128003
safenlp_2024,vnncomp2026_benchmarks/benchmarks/safenlp_2024/1.0/onnx/ruarobot/perturbations_0.onnx,vnncomp2026_benchmarks/benchmarks/safenlp_2024/1.0/vnnlib/ruarobot/hyperrectangle_2228.vnnlib,.006013768,sat,3.537742892
safenlp_2024,vnncomp2026_benchmarks/benchmarks/safenlp_2024/1.0/onnx/ruarobot/perturbations_0.onnx,vnncomp2026_benchmarks/benchmarks/safenlp_2024/1.0/vnnlib/ruarobot/hyperrectangle_596.vnnlib,.005992117,sat,3.361009221
safenlp_2024,vnncomp2026_benchmarks/benchmarks/safenlp_2024/1.0/onnx/medical/perturbations_0.onnx,vnncomp2026_benchmarks/benchmarks/safenlp_2024/1.0/vnnlib/medical/hyperrectangle_919.vnnlib,.006018038,sat,3.213730886
safenlp_2024,vnncomp2026_benchmarks/benchmarks/safenlp_2024/1.0/onnx/ruarobot/perturbations_0.onnx,vnncomp2026_benchmarks/benchmarks/safenlp_2024/1.0/vnnlib/ruarobot/hyperrectangle_925.vnnlib,.006228703,sat,3.205445496
safenlp_2024,vnncomp2026_benchmarks/benchmarks/safenlp_2024/1.0/onnx/ruarobot/perturbations_0.onnx,vnncomp2026_benchmarks/benchmarks/safenlp_2024/1.0/vnnlib/ruarobot/hyperrectangle_6660.vnnlib,.005841304,sat,6.985017139
safenlp_2024,vnncomp2026_benchmarks/benchmarks/safenlp_2024/1.0/onnx/ruarobot/perturbations_0.onnx,vnncomp2026_benchmarks/benchmarks/safenlp_2024/1.0/vnnlib/ruarobot/hyperrectangle_3241.vnnlib,.005826183,unsat,5.660784032
safenlp_2024,vnncomp2026_benchmarks/benchmarks/safenlp_2024/1.0/onnx/ruarobot/perturbations_0.onnx,vnncomp2026_benchmarks/benchmarks/safenlp_2024/1.0/vnnlib/ruarobot/hyperrectangle_3361.vnnlib,.005939176,sat,5.491863129
safenlp_2024,vnncomp2026_benchmarks/benchmarks/safenlp_2024/1.0/onnx/medical/perturbations_0.onnx,vnncomp2026_benchmarks/benchmarks/safenlp_2024/1.0/vnnlib/medical/hyperrectangle_1115.vnnlib,.006049119,unsat,5.452924388
safenlp_2024,vnncomp2026_benchmarks/benchmarks/safenlp_2024/1.0/onnx/medical/perturbations_0.onnx,vnncomp2026_benchmarks/benchmarks/safenlp_2024/1.0/vnnlib/medical/hyperrectangle_514.vnnlib,.006071989,run_instance_timeout,80.002661912
safenlp_2024,vnncomp2026_benchmarks/benchmarks/safenlp_2024/1.0/onnx/ruarobot/perturbations_0.onnx,vnncomp2026_benchmarks/benchmarks/safenlp_2024/1.0/vnnlib/ruarobot/hyperrectangle_6862.vnnlib,.005885285,sat,5.370812374
safenlp_2024,vnncomp2026_benchmarks/benchmarks/safenlp_2024/1.0/onnx/medical/perturbations_0.onnx,vnncomp2026_benchmarks/benchmarks/safenlp_2024/1.0/vnnlib/medical/hyperrectangle_2649.vnnlib,.005865524,unsat,5.341020573
safenlp_2024,vnncomp2026_benchmarks/benchmarks/safenlp_2024/1.0/onnx/ruarobot/perturbations_0.onnx,vnncomp2026_benchmarks/benchmarks/safenlp_2024/1.0/vnnlib/ruarobot/hyperrectangle_7136.vnnlib,.005793402,sat,3.195776668
safenlp_2024,vnncomp2026_benchmarks/benchmarks/safenlp_2024/1.0/onnx/ruarobot/perturbations_0.onnx,vnncomp2026_benchmarks/benchmarks/safenlp_2024/1.0/vnnlib/ruarobot/hyperrectangle_5036.vnnlib,.006007767,sat,3.246832325
safenlp_2024,vnncomp2026_benchmarks/benchmarks/safenlp_2024/1.0/onnx/ruarobot/perturbations_0.onnx,vnncomp2026_benchmarks/benchmarks/safenlp_2024/1.0/vnnlib/ruarobot/hyperrectangle_5020.vnnlib,.006019668,sat,7.181252560
safenlp_2024,vnncomp2026_benchmarks/benchmarks/safenlp_2024/1.0/onnx/ruarobot/perturbations_0.onnx,vnncomp2026_benchmarks/benchmarks/safenlp_2024/1.0/vnnlib/ruarobot/hyperrectangle_5912.vnnlib,.005943866,sat,6.891373988
safenlp_2024,vnncomp2026_benchmarks/benchmarks/safenlp_2024/1.0/onnx/ruarobot/perturbations_0.onnx,vnncomp2026_benchmarks/benchmarks/safenlp_2024/1.0/vnnlib/ruarobot/hyperrectangle_6116.vnnlib,.006087709,sat,6.828090573
safenlp_2024,vnncomp2026_benchmarks/benchmarks/safenlp_2024/1.0/onnx/medical/perturbations_0.onnx,vnncomp2026_benchmarks/benchmarks/safenlp_2024/1.0/vnnlib/medical/hyperrectangle_1390.vnnlib,.005941166,unsat,5.548580693
safenlp_2024,vnncomp2026_benchmarks/benchmarks/safenlp_2024/1.0/onnx/ruarobot/perturbations_0.onnx,vnncomp2026_benchmarks/benchmarks/safenlp_2024/1.0/vnnlib/ruarobot/hyperrectangle_2616.vnnlib,.006114550,sat,5.382243436
safenlp_2024,vnncomp2026_benchmarks/benchmarks/safenlp_2024/1.0/onnx/ruarobot/perturbations_0.onnx,vnncomp2026_benchmarks/benchmarks/safenlp_2024/1.0/vnnlib/ruarobot/hyperrectangle_2253.vnnlib,.006006438,sat,6.855384284
safenlp_2024,vnncomp2026_benchmarks/benchmarks/safenlp_2024/1.0/onnx/ruarobot/perturbations_0.onnx,vnncomp2026_benchmarks/benchmarks/safenlp_2024/1.0/vnnlib/ruarobot/hyperrectangle_1835.vnnlib,.005870744,unsat,5.656890685
safenlp_2024,vnncomp2026_benchmarks/benchmarks/safenlp_2024/1.0/onnx/ruarobot/perturbations_0.onnx,vnncomp2026_benchmarks/benchmarks/safenlp_2024/1.0/vnnlib/ruarobot/hyperrectangle_5824.vnnlib,.006017858,unsat,7.199486548
safenlp_2024,vnncomp2026_benchmarks/benchmarks/safenlp_2024/1.0/onnx/ruarobot/perturbations_0.onnx,vnncomp2026_benchmarks/benchmarks/safenlp_2024/1.0/vnnlib/ruarobot/hyperrectangle_91.vnnlib,.006032778,sat,5.391034779
safenlp_2024,vnncomp2026_benchmarks/benchmarks/safenlp_2024/1.0/onnx/ruarobot/perturbations_0.onnx,vnncomp2026_benchmarks/benchmarks/safenlp_2024/1.0/vnnlib/ruarobot/hyperrectangle_3872.vnnlib,.005975256,sat,4.193337909
safenlp_2024,vnncomp2026_benchmarks/benchmarks/safenlp_2024/1.0/onnx/ruarobot/perturbations_0.onnx,vnncomp2026_benchmarks/benchmarks/safenlp_2024/1.0/vnnlib/ruarobot/hyperrectangle_1058.vnnlib,.005778002,sat,6.837885739
safenlp_2024,vnncomp2026_benchmarks/benchmarks/safenlp_2024/1.0/onnx/ruarobot/perturbations_0.onnx,vnncomp2026_benchmarks/benchmarks/safenlp_2024/1.0/vnnlib/ruarobot/hyperrectangle_1362.vnnlib,.006019639,sat,3.239842948
safenlp_2024,vnncomp2026_benchmarks/benchmarks/safenlp_2024/1.0/onnx/ruarobot/perturbations_0.onnx,vnncomp2026_benchmarks/benchmarks/safenlp_2024/1.0/vnnlib/ruarobot/hyperrectangle_1333.vnnlib,.006001318,sat,3.278660901
safenlp_2024,vnncomp2026_benchmarks/benchmarks/safenlp_2024/1.0/onnx/ruarobot/perturbations_0.onnx,vnncomp2026_benchmarks/benchmarks/safenlp_2024/1.0/vnnlib/ruarobot/hyperrectangle_4811.vnnlib,.006123121,sat,5.432930410
safenlp_2024,vnncomp2026_benchmarks/benchmarks/safenlp_2024/1.0/onnx/medical/perturbations_0.onnx,vnncomp2026_benchmarks/benchmarks/safenlp_2024/1.0/vnnlib/medical/hyperrectangle_1299.vnnlib,.006011858,unsat,5.310365003
safenlp_2024,vnncomp2026_benchmarks/benchmarks/safenlp_2024/1.0/onnx/medical/perturbations_0.onnx,vnncomp2026_benchmarks/benchmarks/safenlp_2024/1.0/vnnlib/medical/hyperrectangle_2710.vnnlib,.005526786,sat,6.454397529
safenlp_2024,vnncomp2026_benchmarks/benchmarks/safenlp_2024/1.0/onnx/medical/perturbations_0.onnx,vnncomp2026_benchmarks/benchmarks/safenlp_2024/1.0/vnnlib/medical/hyperrectangle_1875.vnnlib,.005792513,unsat,5.424294651
safenlp_2024,vnncomp2026_benchmarks/benchmarks/safenlp_2024/1.0/onnx/ruarobot/perturbations_0.onnx,vnncomp2026_benchmarks/benchmarks/safenlp_2024/1.0/vnnlib/ruarobot/hyperrectangle_5285.vnnlib,.006173331,unsat,6.213256585
safenlp_2024,vnncomp2026_benchmarks/benchmarks/safenlp_2024/1.0/onnx/medical/perturbations_0.onnx,vnncomp2026_benchmarks/benchmarks/safenlp_2024/1.0/vnnlib/medical/hyperrectangle_50.vnnlib,.006076639,sat,3.304876249
safenlp_2024,vnncomp2026_benchmarks/benchmarks/safenlp_2024/1.0/onnx/ruarobot/perturbations_0.onnx,vnncomp2026_benchmarks/benchmarks/safenlp_2024/1.0/vnnlib/ruarobot/hyperrectangle_1607.vnnlib,.006112181,unsat,5.456829977
safenlp_2024,vnncomp2026_benchmarks/benchmarks/safenlp_2024/1.0/onnx/ruarobot/perturbations_0.onnx,vnncomp2026_benchmarks/benchmarks/safenlp_2024/1.0/vnnlib/ruarobot/hyperrectangle_3364.vnnlib,.006327145,sat,6.973726738
safenlp_2024,vnncomp2026_benchmarks/benchmarks/safenlp_2024/1.0/onnx/ruarobot/perturbations_0.onnx,vnncomp2026_benchmarks/benchmarks/safenlp_2024/1.0/vnnlib/ruarobot/hyperrectangle_2420.vnnlib,.005970957,sat,6.871088282
safenlp_2024,vnncomp2026_benchmarks/benchmarks/safenlp_2024/1.0/onnx/ruarobot/perturbations_0.onnx,vnncomp2026_benchmarks/benchmarks/safenlp_2024/1.0/vnnlib/ruarobot/hyperrectangle_1711.vnnlib,.005873445,sat,3.265293012
safenlp_2024,vnncomp2026_benchmarks/benchmarks/safenlp_2024/1.0/onnx/ruarobot/perturbations_0.onnx,vnncomp2026_benchmarks/benchmarks/safenlp_2024/1.0/vnnlib/ruarobot/hyperrectangle_3268.vnnlib,.005930885,sat,3.236449643
safenlp_2024,vnncomp2026_benchmarks/benchmarks/safenlp_2024/1.0/onnx/ruarobot/perturbations_0.onnx,vnncomp2026_benchmarks/benchmarks/safenlp_2024/1.0/vnnlib/ruarobot/hyperrectangle_2770.vnnlib,.006149992,sat,3.332356638
safenlp_2024,vnncomp2026_benchmarks/benchmarks/safenlp_2024/1.0/onnx/ruarobot/perturbations_0.onnx,vnncomp2026_benchmarks/benchmarks/safenlp_2024/1.0/vnnlib/ruarobot/hyperrectangle_4449.vnnlib,.005667010,sat,3.479748254
safenlp_2024,vnncomp2026_benchmarks/benchmarks/safenlp_2024/1.0/onnx/ruarobot/perturbations_0.onnx,vnncomp2026_benchmarks/benchmarks/safenlp_2024/1.0/vnnlib/ruarobot/hyperrectangle_5724.vnnlib,.006103330,sat,6.830356721
safenlp_2024,vnncomp2026_benchmarks/benchmarks/safenlp_2024/1.0/onnx/ruarobot/perturbations_0.onnx,vnncomp2026_benchmarks/benchmarks/safenlp_2024/1.0/vnnlib/ruarobot/hyperrectangle_5720.vnnlib,.006020368,sat,5.451269855
safenlp_2024,vnncomp2026_benchmarks/benchmarks/safenlp_2024/1.0/onnx/ruarobot/perturbations_0.onnx,vnncomp2026_benchmarks/benchmarks/safenlp_2024/1.0/vnnlib/ruarobot/hyperrectangle_3072.vnnlib,.005988457,sat,5.452042233
safenlp_2024,vnncomp2026_benchmarks/benchmarks/safenlp_2024/1.0/onnx/medical/perturbations_0.onnx,vnncomp2026_benchmarks/benchmarks/safenlp_2024/1.0/vnnlib/medical/hyperrectangle_1171.vnnlib,.005988987,unsat,5.415578400
safenlp_2024,vnncomp2026_benchmarks/benchmarks/safenlp_2024/1.0/onnx/ruarobot/perturbations_0.onnx,vnncomp2026_benchmarks/benchmarks/safenlp_2024/1.0/vnnlib/ruarobot/hyperrectangle_6249.vnnlib,.006000197,sat,5.387170441
safenlp_2024,vnncomp2026_benchmarks/benchmarks/safenlp_2024/1.0/onnx/ruarobot/perturbations_0.onnx,vnncomp2026_benchmarks/benchmarks/safenlp_2024/1.0/vnnlib/ruarobot/hyperrectangle_963.vnnlib,.005881595,sat,5.413511364
safenlp_2024,vnncomp2026_benchmarks/benchmarks/safenlp_2024/1.0/onnx/medical/perturbations_0.onnx,vnncomp2026_benchmarks/benchmarks/safenlp_2024/1.0/vnnlib/medical/hyperrectangle_2773.vnnlib,.005880954,sat,3.214167736
safenlp_2024,vnncomp2026_benchmarks/benchmarks/safenlp_2024/1.0/onnx/medical/perturbations_0.onnx,vnncomp2026_benchmarks/benchmarks/safenlp_2024/1.0/vnnlib/medical/hyperrectangle_1486.vnnlib,.005920906,unsat,5.330437646
safenlp_2024,vnncomp2026_benchmarks/benchmarks/safenlp_2024/1.0/onnx/ruarobot/perturbations_0.onnx,vnncomp2026_benchmarks/benchmarks/safenlp_2024/1.0/vnnlib/ruarobot/hyperrectangle_3088.vnnlib,.005943057,unsat,5.904964441
safenlp_2024,vnncomp2026_benchmarks/benchmarks/safenlp_2024/1.0/onnx/ruarobot/perturbations_0.onnx,vnncomp2026_benchmarks/benchmarks/safenlp_2024/1.0/vnnlib/ruarobot/hyperrectangle_4415.vnnlib,.005864354,unsat,5.412194663
safenlp_2024,vnncomp2026_benchmarks/benchmarks/safenlp_2024/1.0/onnx/ruarobot/perturbations_0.onnx,vnncomp2026_benchmarks/benchmarks/safenlp_2024/1.0/vnnlib/ruarobot/hyperrectangle_1887.vnnlib,.005907746,sat,3.311593029
safenlp_2024,vnncomp2026_benchmarks/benchmarks/safenlp_2024/1.0/onnx/medical/perturbations_0.onnx,vnncomp2026_benchmarks/benchmarks/safenlp_2024/1.0/vnnlib/medical/hyperrectangle_985.vnnlib,.006028949,unsat,43.612255381
safenlp_2024,vnncomp2026_benchmarks/benchmarks/safenlp_2024/1.0/onnx/medical/perturbations_0.onnx,vnncomp2026_benchmarks/benchmarks/safenlp_2024/1.0/vnnlib/medical/hyperrectangle_1936.vnnlib,.005786201,unsat,5.330925307
safenlp_2024,vnncomp2026_benchmarks/benchmarks/safenlp_2024/1.0/onnx/ruarobot/perturbations_0.onnx,vnncomp2026_benchmarks/benchmarks/safenlp_2024/1.0/vnnlib/ruarobot/hyperrectangle_159.vnnlib,.006119160,sat,6.922136360
safenlp_2024,vnncomp2026_benchmarks/benchmarks/safenlp_2024/1.0/onnx/ruarobot/perturbations_0.onnx,vnncomp2026_benchmarks/benchmarks/safenlp_2024/1.0/vnnlib/ruarobot/hyperrectangle_1598.vnnlib,.005833133,unsat,5.777939256
safenlp_2024,vnncomp2026_benchmarks/benchmarks/safenlp_2024/1.0/onnx/medical/perturbations_0.onnx,vnncomp2026_benchmarks/benchmarks/safenlp_2024/1.0/vnnlib/medical/hyperrectangle_2085.vnnlib,.005996466,sat,3.971242487
safenlp_2024,vnncomp2026_benchmarks/benchmarks/safenlp_2024/1.0/onnx/ruarobot/perturbations_0.onnx,vnncomp2026_benchmarks/benchmarks/safenlp_2024/1.0/vnnlib/ruarobot/hyperrectangle_3147.vnnlib,.006003236,sat,5.371743203
safenlp_2024,vnncomp2026_benchmarks/benchmarks/safenlp_2024/1.0/onnx/medical/perturbations_0.onnx,vnncomp2026_benchmarks/benchmarks/safenlp_2024/1.0/vnnlib/medical/hyperrectangle_2452.vnnlib,.005847933,unsat,5.325796669
safenlp_2024,vnncomp2026_benchmarks/benchmarks/safenlp_2024/1.0/onnx/ruarobot/perturbations_0.onnx,vnncomp2026_benchmarks/benchmarks/safenlp_2024/1.0/vnnlib/ruarobot/hyperrectangle_1904.vnnlib,.005893004,run_instance_timeout,80.002833783
safenlp_2024,vnncomp2026_benchmarks/benchmarks/safenlp_2024/1.0/onnx/ruarobot/perturbations_0.onnx,vnncomp2026_benchmarks/benchmarks/safenlp_2024/1.0/vnnlib/ruarobot/hyperrectangle_2943.vnnlib,.005930646,sat,6.942048915
safenlp_2024,vnncomp2026_benchmarks/benchmarks/safenlp_2024/1.0/onnx/medical/perturbations_0.onnx,vnncomp2026_benchmarks/benchmarks/safenlp_2024/1.0/vnnlib/medical/hyperrectangle_2347.vnnlib,.005951356,unsat,5.340738881
safenlp_2024,vnncomp2026_benchmarks/benchmarks/safenlp_2024/1.0/onnx/ruarobot/perturbations_0.onnx,vnncomp2026_benchmarks/benchmarks/safenlp_2024/1.0/vnnlib/ruarobot/hyperrectangle_3855.vnnlib,.005627009,unsat,16.415353569
safenlp_2024,vnncomp2026_benchmarks/benchmarks/safenlp_2024/1.0/onnx/ruarobot/perturbations_0.onnx,vnncomp2026_benchmarks/benchmarks/safenlp_2024/1.0/vnnlib/ruarobot/hyperrectangle_3417.vnnlib,.005969977,unsat,5.533595708
safenlp_2024,vnncomp2026_benchmarks/benchmarks/safenlp_2024/1.0/onnx/ruarobot/perturbations_0.onnx,vnncomp2026_benchmarks/benchmarks/safenlp_2024/1.0/vnnlib/ruarobot/hyperrectangle_4255.vnnlib,.005853994,sat,5.435847915
safenlp_2024,vnncomp2026_benchmarks/benchmarks/safenlp_2024/1.0/onnx/medical/perturbations_0.onnx,vnncomp2026_benchmarks/benchmarks/safenlp_2024/1.0/vnnlib/medical/hyperrectangle_757.vnnlib,.005956046,unsat,5.380270093
safenlp_2024,vnncomp2026_benchmarks/benchmarks/safenlp_2024/1.0/onnx/ruarobot/perturbations_0.onnx,vnncomp2026_benchmarks/benchmarks/safenlp_2024/1.0/vnnlib/ruarobot/hyperrectangle_5992.vnnlib,.005839174,sat,5.357446897
safenlp_2024,vnncomp2026_benchmarks/benchmarks/safenlp_2024/1.0/onnx/ruarobot/perturbations_0.onnx,vnncomp2026_benchmarks/benchmarks/safenlp_2024/1.0/vnnlib/ruarobot/hyperrectangle_2379.vnnlib,.005879915,sat,5.383560840
safenlp_2024,vnncomp2026_benchmarks/benchmarks/safenlp_2024/1.0/onnx/medical/perturbations_0.onnx,vnncomp2026_benchmarks/benchmarks/safenlp_2024/1.0/vnnlib/medical/hyperrectangle_310.vnnlib,.006006388,unsat,5.426594368
safenlp_2024,vnncomp2026_benchmarks/benchmarks/safenlp_2024/1.0/onnx/ruarobot/perturbations_0.onnx,vnncomp2026_benchmarks/benchmarks/safenlp_2024/1.0/vnnlib/ruarobot/hyperrectangle_4345.vnnlib,.005795583,sat,3.269111511
safenlp_2024,vnncomp2026_benchmarks/benchmarks/safenlp_2024/1.0/onnx/ruarobot/perturbations_0.onnx,vnncomp2026_benchmarks/benchmarks/safenlp_2024/1.0/vnnlib/ruarobot/hyperrectangle_2145.vnnlib,.005888655,sat,5.388848861
safenlp_2024,vnncomp2026_benchmarks/benchmarks/safenlp_2024/1.0/onnx/ruarobot/perturbations_0.onnx,vnncomp2026_benchmarks/benchmarks/safenlp_2024/1.0/vnnlib/ruarobot/hyperrectangle_3509.vnnlib,.005815504,sat,6.947163788
safenlp_2024,vnncomp2026_benchmarks/benchmarks/safenlp_2024/1.0/onnx/ruarobot/perturbations_0.onnx,vnncomp2026_benchmarks/benchmarks/safenlp_2024/1.0/vnnlib/ruarobot/hyperrectangle_6209.vnnlib,.005900246,sat,3.520359042
safenlp_2024,vnncomp2026_benchmarks/benchmarks/safenlp_2024/1.0/onnx/ruarobot/perturbations_0.onnx,vnncomp2026_benchmarks/benchmarks/safenlp_2024/1.0/vnnlib/ruarobot/hyperrectangle_5820.vnnlib,.005980917,sat,6.855266870
safenlp_2024,vnncomp2026_benchmarks/benchmarks/safenlp_2024/1.0/onnx/ruarobot/perturbations_0.onnx,vnncomp2026_benchmarks/benchmarks/safenlp_2024/1.0/vnnlib/ruarobot/hyperrectangle_6541.vnnlib,.005821753,sat,6.987259263
safenlp_2024,vnncomp2026_benchmarks/benchmarks/safenlp_2024/1.0/onnx/medical/perturbations_0.onnx,vnncomp2026_benchmarks/benchmarks/safenlp_2024/1.0/vnnlib/medical/hyperrectangle_1055.vnnlib,.006116970,unsat,5.384403460
safenlp_2024,vnncomp2026_benchmarks/benchmarks/safenlp_2024/1.0/onnx/ruarobot/perturbations_0.onnx,vnncomp2026_benchmarks/benchmarks/safenlp_2024/1.0/vnnlib/ruarobot/hyperrectangle_2557.vnnlib,.005757931,unsat,12.030609145
safenlp_2024,vnncomp2026_benchmarks/benchmarks/safenlp_2024/1.0/onnx/medical/perturbations_0.onnx,vnncomp2026_benchmarks/benchmarks/safenlp_2024/1.0/vnnlib/medical/hyperrectangle_517.vnnlib,.005956397,unsat,5.325335826
safenlp_2024,vnncomp2026_benchmarks/benchmarks/safenlp_2024/1.0/onnx/ruarobot/perturbations_0.onnx,vnncomp2026_benchmarks/benchmarks/safenlp_2024/1.0/vnnlib/ruarobot/hyperrectangle_2783.vnnlib,.005948336,sat,3.216093062
safenlp_2024,vnncomp2026_benchmarks/benchmarks/safenlp_2024/1.0/onnx/ruarobot/perturbations_0.onnx,vnncomp2026_benchmarks/benchmarks/safenlp_2024/1.0/vnnlib/ruarobot/hyperrectangle_6739.vnnlib,.005944936,sat,3.576762788
safenlp_2024,vnncomp2026_benchmarks/benchmarks/safenlp_2024/1.0/onnx/ruarobot/perturbations_0.onnx,vnncomp2026_benchmarks/benchmarks/safenlp_2024/1.0/vnnlib/ruarobot/hyperrectangle_7766.vnnlib,.006061369,sat,3.215419208
safenlp_2024,vnncomp2026_benchmarks/benchmarks/safenlp_2024/1.0/onnx/medical/perturbations_0.onnx,vnncomp2026_benchmarks/benchmarks/safenlp_2024/1.0/vnnlib/medical/hyperrectangle_1395.vnnlib,.005946096,unsat,5.311478276
safenlp_2024,vnncomp2026_benchmarks/benchmarks/safenlp_2024/1.0/onnx/ruarobot/perturbations_0.onnx,vnncomp2026_benchmarks/benchmarks/safenlp_2024/1.0/vnnlib/ruarobot/hyperrectangle_3587.vnnlib,.006210673,sat,3.252596483
safenlp_2024,vnncomp2026_benchmarks/benchmarks/safenlp_2024/1.0/onnx/ruarobot/perturbations_0.onnx,vnncomp2026_benchmarks/benchmarks/safenlp_2024/1.0/vnnlib/ruarobot/hyperrectangle_3260.vnnlib,.005945406,sat,5.358066627
safenlp_2024,vnncomp2026_benchmarks/benchmarks/safenlp_2024/1.0/onnx/ruarobot/perturbations_0.onnx,vnncomp2026_benchmarks/benchmarks/safenlp_2024/1.0/vnnlib/ruarobot/hyperrectangle_1791.vnnlib,.005873705,sat,6.863570242
safenlp_2024,vnncomp2026_benchmarks/benchmarks/safenlp_2024/1.0/onnx/ruarobot/perturbations_0.onnx,vnncomp2026_benchmarks/benchmarks/safenlp_2024/1.0/vnnlib/ruarobot/hyperrectangle_3029.vnnlib,.005995202,sat,5.563099406
safenlp_2024,vnncomp2026_benchmarks/benchmarks/safenlp_2024/1.0/onnx/ruarobot/perturbations_0.onnx,vnncomp2026_benchmarks/benchmarks/safenlp_2024/1.0/vnnlib/ruarobot/hyperrectangle_7241.vnnlib,.005849499,unsat,5.500132156
safenlp_2024,vnncomp2026_benchmarks/benchmarks/safenlp_2024/1.0/onnx/medical/perturbations_0.onnx,vnncomp2026_benchmarks/benchmarks/safenlp_2024/1.0/vnnlib/medical/hyperrectangle_1019.vnnlib,.005936246,unsat,5.312343138
safenlp_2024,vnncomp2026_benchmarks/benchmarks/safenlp_2024/1.0/onnx/ruarobot/perturbations_0.onnx,vnncomp2026_benchmarks/benchmarks/safenlp_2024/1.0/vnnlib/ruarobot/hyperrectangle_1658.vnnlib,.005941616,sat,5.316012836
safenlp_2024,vnncomp2026_benchmarks/benchmarks/safenlp_2024/1.0/onnx/ruarobot/perturbations_0.onnx,vnncomp2026_benchmarks/benchmarks/safenlp_2024/1.0/vnnlib/ruarobot/hyperrectangle_3008.vnnlib,.005997688,sat,3.451612809
safenlp_2024,vnncomp2026_benchmarks/benchmarks/safenlp_2024/1.0/onnx/ruarobot/perturbations_0.onnx,vnncomp2026_benchmarks/benchmarks/safenlp_2024/1.0/vnnlib/ruarobot/hyperrectangle_900.vnnlib,.005935856,sat,6.868579183
safenlp_2024,vnncomp2026_benchmarks/benchmarks/safenlp_2024/1.0/onnx/ruarobot/perturbations_0.onnx,vnncomp2026_benchmarks/benchmarks/safenlp_2024/1.0/vnnlib/ruarobot/hyperrectangle_6642.vnnlib,.005815894,sat,5.438973438
safenlp_2024,vnncomp2026_benchmarks/benchmarks/safenlp_2024/1.0/onnx/ruarobot/perturbations_0.onnx,vnncomp2026_benchmarks/benchmarks/safenlp_2024/1.0/vnnlib/ruarobot/hyperrectangle_6248.vnnlib,.005994297,sat,6.826685084
safenlp_2024,vnncomp2026_benchmarks/benchmarks/safenlp_2024/1.0/onnx/ruarobot/perturbations_0.onnx,vnncomp2026_benchmarks/benchmarks/safenlp_2024/1.0/vnnlib/ruarobot/hyperrectangle_7514.vnnlib,.006088450,sat,5.360599242
safenlp_2024,vnncomp2026_benchmarks/benchmarks/safenlp_2024/1.0/onnx/ruarobot/perturbations_0.onnx,vnncomp2026_benchmarks/benchmarks/safenlp_2024/1.0/vnnlib/ruarobot/hyperrectangle_3518.vnnlib,.005932386,unsat,5.339897424
safenlp_2024,vnncomp2026_benchmarks/benchmarks/safenlp_2024/1.0/onnx/ruarobot/perturbations_0.onnx,vnncomp2026_benchmarks/benchmarks/safenlp_2024/1.0/vnnlib/ruarobot/hyperrectangle_1192.vnnlib,.005791053,sat,3.234120954
safenlp_2024,vnncomp2026_benchmarks/benchmarks/safenlp_2024/1.0/onnx/ruarobot/perturbations_0.onnx,vnncomp2026_benchmarks/benchmarks/safenlp_2024/1.0/vnnlib/ruarobot/hyperrectangle_4732.vnnlib,.005982037,unsat,5.721990611
safenlp_2024,vnncomp2026_benchmarks/benchmarks/safenlp_2024/1.0/onnx/ruarobot/perturbations_0.onnx,vnncomp2026_benchmarks/benchmarks/safenlp_2024/1.0/vnnlib/ruarobot/hyperrectangle_7006.vnnlib,.005871754,unsat,5.462276153
safenlp_2024,vnncomp2026_benchmarks/benchmarks/safenlp_2024/1.0/onnx/ruarobot/perturbations_0.onnx,vnncomp2026_benchmarks/benchmarks/safenlp_2024/1.0/vnnlib/ruarobot/hyperrectangle_7465.vnnlib,.005997168,unsat,5.844396753
safenlp_2024,vnncomp2026_benchmarks/benchmarks/safenlp_2024/1.0/onnx/ruarobot/perturbations_0.onnx,vnncomp2026_benchmarks/benchmarks/safenlp_2024/1.0/vnnlib/ruarobot/hyperrectangle_7059.vnnlib,.006105280,run_instance_timeout,80.002671503
safenlp_2024,vnncomp2026_benchmarks/benchmarks/safenlp_2024/1.0/onnx/ruarobot/perturbations_0.onnx,vnncomp2026_benchmarks/benchmarks/safenlp_2024/1.0/vnnlib/ruarobot/hyperrectangle_5415.vnnlib,.005892266,sat,3.456099131
safenlp_2024,vnncomp2026_benchmarks/benchmarks/safenlp_2024/1.0/onnx/ruarobot/perturbations_0.onnx,vnncomp2026_benchmarks/benchmarks/safenlp_2024/1.0/vnnlib/ruarobot/hyperrectangle_7819.vnnlib,.005886865,sat,6.929036612
safenlp_2024,vnncomp2026_benchmarks/benchmarks/safenlp_2024/1.0/onnx/ruarobot/perturbations_0.onnx,vnncomp2026_benchmarks/benchmarks/safenlp_2024/1.0/vnnlib/ruarobot/hyperrectangle_3232.vnnlib,.005908816,sat,5.377929714
safenlp_2024,vnncomp2026_benchmarks/benchmarks/safenlp_2024/1.0/onnx/ruarobot/perturbations_0.onnx,vnncomp2026_benchmarks/benchmarks/safenlp_2024/1.0/vnnlib/ruarobot/hyperrectangle_5324.vnnlib,.005933976,sat,3.247756142
safenlp_2024,vnncomp2026_benchmarks/benchmarks/safenlp_2024/1.0/onnx/ruarobot/perturbations_0.onnx,vnncomp2026_benchmarks/benchmarks/safenlp_2024/1.0/vnnlib/ruarobot/hyperrectangle_5184.vnnlib,.006145391,sat,5.461989699
safenlp_2024,vnncomp2026_benchmarks/benchmarks/safenlp_2024/1.0/onnx/ruarobot/perturbations_0.onnx,vnncomp2026_benchmarks/benchmarks/safenlp_2024/1.0/vnnlib/ruarobot/hyperrectangle_7744.vnnlib,.005977837,sat,6.860098630
safenlp_2024,vnncomp2026_benchmarks/benchmarks/safenlp_2024/1.0/onnx/medical/perturbations_0.onnx,vnncomp2026_benchmarks/benchmarks/safenlp_2024/1.0/vnnlib/medical/hyperrectangle_1163.vnnlib,.006001838,sat,3.220969480
safenlp_2024,vnncomp2026_benchmarks/benchmarks/safenlp_2024/1.0/onnx/ruarobot/perturbations_0.onnx,vnncomp2026_benchmarks/benchmarks/safenlp_2024/1.0/vnnlib/ruarobot/hyperrectangle_3331.vnnlib,.005940416,sat,5.427945083
safenlp_2024,vnncomp2026_benchmarks/benchmarks/safenlp_2024/1.0/onnx/ruarobot/perturbations_0.onnx,vnncomp2026_benchmarks/benchmarks/safenlp_2024/1.0/vnnlib/ruarobot/hyperrectangle_6140.vnnlib,.005944647,sat,5.441419757
safenlp_2024,vnncomp2026_benchmarks/benchmarks/safenlp_2024/1.0/onnx/ruarobot/perturbations_0.onnx,vnncomp2026_benchmarks/benchmarks/safenlp_2024/1.0/vnnlib/ruarobot/hyperrectangle_748.vnnlib,.006002297,unsat,5.461045146
safenlp_2024,vnncomp2026_benchmarks/benchmarks/safenlp_2024/1.0/onnx/ruarobot/perturbations_0.onnx,vnncomp2026_benchmarks/benchmarks/safenlp_2024/1.0/vnnlib/ruarobot/hyperrectangle_1458.vnnlib,.005957116,sat,3.253686377
safenlp_2024,vnncomp2026_benchmarks/benchmarks/safenlp_2024/1.0/onnx/ruarobot/perturbations_0.onnx,vnncomp2026_benchmarks/benchmarks/safenlp_2024/1.0/vnnlib/ruarobot/hyperrectangle_6160.vnnlib,.005945626,unsat,16.818609280
safenlp_2024,vnncomp2026_benchmarks/benchmarks/safenlp_2024/1.0/onnx/medical/perturbations_0.onnx,vnncomp2026_benchmarks/benchmarks/safenlp_2024/1.0/vnnlib/medical/hyperrectangle_1922.vnnlib,.005853844,unsat,77.567243264
safenlp_2024,vnncomp2026_benchmarks/benchmarks/safenlp_2024/1.0/onnx/medical/perturbations_0.onnx,vnncomp2026_benchmarks/benchmarks/safenlp_2024/1.0/vnnlib/medical/hyperrectangle_1248.vnnlib,.005970217,sat,3.218015530
safenlp_2024,vnncomp2026_benchmarks/benchmarks/safenlp_2024/1.0/onnx/ruarobot/perturbations_0.onnx,vnncomp2026_benchmarks/benchmarks/safenlp_2024/1.0/vnnlib/ruarobot/hyperrectangle_918.vnnlib,.005948176,sat,3.479853246
safenlp_2024,vnncomp2026_benchmarks/benchmarks/safenlp_2024/1.0/onnx/ruarobot/perturbations_0.onnx,vnncomp2026_benchmarks/benchmarks/safenlp_2024/1.0/vnnlib/ruarobot/hyperrectangle_1995.vnnlib,.005977037,sat,5.537374111
safenlp_2024,vnncomp2026_benchmarks/benchmarks/safenlp_2024/1.0/onnx/ruarobot/perturbations_0.onnx,vnncomp2026_benchmarks/benchmarks/safenlp_2024/1.0/vnnlib/ruarobot/hyperrectangle_3929.vnnlib,.005890235,unsat,5.387283004
safenlp_2024,vnncomp2026_benchmarks/benchmarks/safenlp_2024/1.0/onnx/ruarobot/perturbations_0.onnx,vnncomp2026_benchmarks/benchmarks/safenlp_2024/1.0/vnnlib/ruarobot/hyperrectangle_6923.vnnlib,.005920475,sat,6.835047152
safenlp_2024,vnncomp2026_benchmarks/benchmarks/safenlp_2024/1.0/onnx/ruarobot/perturbations_0.onnx,vnncomp2026_benchmarks/benchmarks/safenlp_2024/1.0/vnnlib/ruarobot/hyperrectangle_291.vnnlib,.005947206,sat,5.371174498
safenlp_2024,vnncomp2026_benchmarks/benchmarks/safenlp_2024/1.0/onnx/medical/perturbations_0.onnx,vnncomp2026_benchmarks/benchmarks/safenlp_2024/1.0/vnnlib/medical/hyperrectangle_1624.vnnlib,.005813433,unsat,5.471352524
safenlp_2024,vnncomp2026_benchmarks/benchmarks/safenlp_2024/1.0/onnx/ruarobot/perturbations_0.onnx,vnncomp2026_benchmarks/benchmarks/safenlp_2024/1.0/vnnlib/ruarobot/hyperrectangle_3108.vnnlib,.005901615,unsat,5.301922383
safenlp_2024,vnncomp2026_benchmarks/benchmarks/safenlp_2024/1.0/onnx/ruarobot/perturbations_0.onnx,vnncomp2026_benchmarks/benchmarks/safenlp_2024/1.0/vnnlib/ruarobot/hyperrectangle_4376.vnnlib,.005991107,unsat,6.482118046
safenlp_2024,vnncomp2026_benchmarks/benchmarks/safenlp_2024/1.0/onnx/ruarobot/perturbations_0.onnx,vnncomp2026_benchmarks/benchmarks/safenlp_2024/1.0/vnnlib/ruarobot/hyperrectangle_4696.vnnlib,.005820633,unsat,5.446470036
safenlp_2024,vnncomp2026_benchmarks/benchmarks/safenlp_2024/1.0/onnx/ruarobot/perturbations_0.onnx,vnncomp2026_benchmarks/benchmarks/safenlp_2024/1.0/vnnlib/ruarobot/hyperrectangle_4559.vnnlib,.005899765,unsat,5.371948999
safenlp_2024,vnncomp2026_benchmarks/benchmarks/safenlp_2024/1.0/onnx/ruarobot/perturbations_0.onnx,vnncomp2026_benchmarks/benchmarks/safenlp_2024/1.0/vnnlib/ruarobot/hyperrectangle_2060.vnnlib,.006029488,sat,7.050068037
safenlp_2024,vnncomp2026_benchmarks/benchmarks/safenlp_2024/1.0/onnx/ruarobot/perturbations_0.onnx,vnncomp2026_benchmarks/benchmarks/safenlp_2024/1.0/vnnlib/ruarobot/hyperrectangle_1306.vnnlib,.005900145,sat,3.223988075
safenlp_2024,vnncomp2026_benchmarks/benchmarks/safenlp_2024/1.0/onnx/ruarobot/perturbations_0.onnx,vnncomp2026_benchmarks/benchmarks/safenlp_2024/1.0/vnnlib/ruarobot/hyperrectangle_2247.vnnlib,.005932816,sat,3.381385111
safenlp_2024,vnncomp2026_benchmarks/benchmarks/safenlp_2024/1.0/onnx/ruarobot/perturbations_0.onnx,vnncomp2026_benchmarks/benchmarks/safenlp_2024/1.0/vnnlib/ruarobot/hyperrectangle_3032.vnnlib,.006257964,sat,5.365443360
safenlp_2024,vnncomp2026_benchmarks/benchmarks/safenlp_2024/1.0/onnx/ruarobot/perturbations_0.onnx,vnncomp2026_benchmarks/benchmarks/safenlp_2024/1.0/vnnlib/ruarobot/hyperrectangle_4041.vnnlib,.006257004,sat,6.862315505
safenlp_2024,vnncomp2026_benchmarks/benchmarks/safenlp_2024/1.0/onnx/ruarobot/perturbations_0.onnx,vnncomp2026_benchmarks/benchmarks/safenlp_2024/1.0/vnnlib/ruarobot/hyperrectangle_789.vnnlib,.005874955,sat,3.391615706
safenlp_2024,vnncomp2026_benchmarks/benchmarks/safenlp_2024/1.0/onnx/ruarobot/perturbations_0.onnx,vnncomp2026_benchmarks/benchmarks/safenlp_2024/1.0/vnnlib/ruarobot/hyperrectangle_4004.vnnlib,.005787533,unsat,5.441011162
safenlp_2024,vnncomp2026_benchmarks/benchmarks/safenlp_2024/1.0/onnx/ruarobot/perturbations_0.onnx,vnncomp2026_benchmarks/benchmarks/safenlp_2024/1.0/vnnlib/ruarobot/hyperrectangle_1892.vnnlib,.006022698,unsat,5.615306539
safenlp_2024,vnncomp2026_benchmarks/benchmarks/safenlp_2024/1.0/onnx/ruarobot/perturbations_0.onnx,vnncomp2026_benchmarks/benchmarks/safenlp_2024/1.0/vnnlib/ruarobot/hyperrectangle_3718.vnnlib,.005893035,sat,5.183732810
safenlp_2024,vnncomp2026_benchmarks/benchmarks/safenlp_2024/1.0/onnx/ruarobot/perturbations_0.onnx,vnncomp2026_benchmarks/benchmarks/safenlp_2024/1.0/vnnlib/ruarobot/hyperrectangle_3580.vnnlib,.005786042,unsat,5.601780101
safenlp_2024,vnncomp2026_benchmarks/benchmarks/safenlp_2024/1.0/onnx/medical/perturbations_0.onnx,vnncomp2026_benchmarks/benchmarks/safenlp_2024/1.0/vnnlib/medical/hyperrectangle_1445.vnnlib,.005980156,sat,5.374522616
safenlp_2024,vnncomp2026_benchmarks/benchmarks/safenlp_2024/1.0/onnx/ruarobot/perturbations_0.onnx,vnncomp2026_benchmarks/benchmarks/safenlp_2024/1.0/vnnlib/ruarobot/hyperrectangle_6866.vnnlib,.005873874,sat,5.370947300
safenlp_2024,vnncomp2026_benchmarks/benchmarks/safenlp_2024/1.0/onnx/ruarobot/perturbations_0.onnx,vnncomp2026_benchmarks/benchmarks/safenlp_2024/1.0/vnnlib/ruarobot/hyperrectangle_4910.vnnlib,.005906305,sat,4.230265103
safenlp_2024,vnncomp2026_benchmarks/benchmarks/safenlp_2024/1.0/onnx/medical/perturbations_0.onnx,vnncomp2026_benchmarks/benchmarks/safenlp_2024/1.0/vnnlib/medical/hyperrectangle_850.vnnlib,.005909205,unsat,5.293400088
safenlp_2024,vnncomp2026_benchmarks/benchmarks/safenlp_2024/1.0/onnx/ruarobot/perturbations_0.onnx,vnncomp2026_benchmarks/benchmarks/safenlp_2024/1.0/vnnlib/ruarobot/hyperrectangle_3498.vnnlib,.005574488,sat,5.347330845
safenlp_2024,vnncomp2026_benchmarks/benchmarks/safenlp_2024/1.0/onnx/ruarobot/perturbations_0.onnx,vnncomp2026_benchmarks/benchmarks/safenlp_2024/1.0/vnnlib/ruarobot/hyperrectangle_1566.vnnlib,.006068989,unsat,5.814666966
safenlp_2024,vnncomp2026_benchmarks/benchmarks/safenlp_2024/1.0/onnx/medical/perturbations_0.onnx,vnncomp2026_benchmarks/benchmarks/safenlp_2024/1.0/vnnlib/medical/hyperrectangle_495.vnnlib,.005939106,unsat,5.413875052
safenlp_2024,vnncomp2026_benchmarks/benchmarks/safenlp_2024/1.0/onnx/ruarobot/perturbations_0.onnx,vnncomp2026_benchmarks/benchmarks/safenlp_2024/1.0/vnnlib/ruarobot/hyperrectangle_4256.vnnlib,.005878985,unsat,5.441364450
safenlp_2024,vnncomp2026_benchmarks/benchmarks/safenlp_2024/1.0/onnx/ruarobot/perturbations_0.onnx,vnncomp2026_benchmarks/benchmarks/safenlp_2024/1.0/vnnlib/ruarobot/hyperrectangle_5882.vnnlib,.005814493,unsat,6.304141052
safenlp_2024,vnncomp2026_benchmarks/benchmarks/safenlp_2024/1.0/onnx/ruarobot/perturbations_0.onnx,vnncomp2026_benchmarks/benchmarks/safenlp_2024/1.0/vnnlib/ruarobot/hyperrectangle_2427.vnnlib,.005995118,sat,3.403284090
safenlp_2024,vnncomp2026_benchmarks/benchmarks/safenlp_2024/1.0/onnx/ruarobot/perturbations_0.onnx,vnncomp2026_benchmarks/benchmarks/safenlp_2024/1.0/vnnlib/ruarobot/hyperrectangle_365.vnnlib,.006040419,sat,5.443170886
safenlp_2024,vnncomp2026_benchmarks/benchmarks/safenlp_2024/1.0/onnx/ruarobot/perturbations_0.onnx,vnncomp2026_benchmarks/benchmarks/safenlp_2024/1.0/vnnlib/ruarobot/hyperrectangle_1047.vnnlib,.005879075,sat,6.905299210
safenlp_2024,vnncomp2026_benchmarks/benchmarks/safenlp_2024/1.0/onnx/ruarobot/perturbations_0.onnx,vnncomp2026_benchmarks/benchmarks/safenlp_2024/1.0/vnnlib/ruarobot/hyperrectangle_305.vnnlib,.005926406,sat,6.849348952
safenlp_2024,vnncomp2026_benchmarks/benchmarks/safenlp_2024/1.0/onnx/medical/perturbations_0.onnx,vnncomp2026_benchmarks/benchmarks/safenlp_2024/1.0/vnnlib/medical/hyperrectangle_573.vnnlib,.006097309,sat,3.217084160
safenlp_2024,vnncomp2026_benchmarks/benchmarks/safenlp_2024/1.0/onnx/ruarobot/perturbations_0.onnx,vnncomp2026_benchmarks/benchmarks/safenlp_2024/1.0/vnnlib/ruarobot/hyperrectangle_2737.vnnlib,.006023148,sat,5.441911963
safenlp_2024,vnncomp2026_benchmarks/benchmarks/safenlp_2024/1.0/onnx/ruarobot/perturbations_0.onnx,vnncomp2026_benchmarks/benchmarks/safenlp_2024/1.0/vnnlib/ruarobot/hyperrectangle_1307.vnnlib,.006038458,sat,3.322383804
safenlp_2024,vnncomp2026_benchmarks/benchmarks/safenlp_2024/1.0/onnx/ruarobot/perturbations_0.onnx,vnncomp2026_benchmarks/benchmarks/safenlp_2024/1.0/vnnlib/ruarobot/hyperrectangle_3522.vnnlib,.005997547,sat,6.856570583
safenlp_2024,vnncomp2026_benchmarks/benchmarks/safenlp_2024/1.0/onnx/ruarobot/perturbations_0.onnx,vnncomp2026_benchmarks/benchmarks/safenlp_2024/1.0/vnnlib/ruarobot/hyperrectangle_3207.vnnlib,.005861484,sat,3.903049376
safenlp_2024,vnncomp2026_benchmarks/benchmarks/safenlp_2024/1.0/onnx/ruarobot/perturbations_0.onnx,vnncomp2026_benchmarks/benchmarks/safenlp_2024/1.0/vnnlib/ruarobot/hyperrectangle_1150.vnnlib,.005872945,sat,5.348685967
safenlp_2024,vnncomp2026_benchmarks/benchmarks/safenlp_2024/1.0/onnx/ruarobot/perturbations_0.onnx,vnncomp2026_benchmarks/benchmarks/safenlp_2024/1.0/vnnlib/ruarobot/hyperrectangle_4758.vnnlib,.005962437,unsat,5.386497335
safenlp_2024,vnncomp2026_benchmarks/benchmarks/safenlp_2024/1.0/onnx/medical/perturbations_0.onnx,vnncomp2026_benchmarks/benchmarks/safenlp_2024/1.0/vnnlib/medical/hyperrectangle_368.vnnlib,.005915136,unsat,5.313210405
safenlp_2024,vnncomp2026_benchmarks/benchmarks/safenlp_2024/1.0/onnx/ruarobot/perturbations_0.onnx,vnncomp2026_benchmarks/benchmarks/safenlp_2024/1.0/vnnlib/ruarobot/hyperrectangle_2930.vnnlib,.005963937,sat,7.122931907
safenlp_2024,vnncomp2026_benchmarks/benchmarks/safenlp_2024/1.0/onnx/ruarobot/perturbations_0.onnx,vnncomp2026_benchmarks/benchmarks/safenlp_2024/1.0/vnnlib/ruarobot/hyperrectangle_248.vnnlib,.006129381,sat,3.860141491
safenlp_2024,vnncomp2026_benchmarks/benchmarks/safenlp_2024/1.0/onnx/ruarobot/perturbations_0.onnx,vnncomp2026_benchmarks/benchmarks/safenlp_2024/1.0/vnnlib/ruarobot/hyperrectangle_245.vnnlib,.005991447,sat,3.196815974
safenlp_2024,vnncomp2026_benchmarks/benchmarks/safenlp_2024/1.0/onnx/medical/perturbations_0.onnx,vnncomp2026_benchmarks/benchmarks/safenlp_2024/1.0/vnnlib/medical/hyperrectangle_1497.vnnlib,.005535597,unsat,5.327930703
safenlp_2024,vnncomp2026_benchmarks/benchmarks/safenlp_2024/1.0/onnx/ruarobot/perturbations_0.onnx,vnncomp2026_benchmarks/benchmarks/safenlp_2024/1.0/vnnlib/ruarobot/hyperrectangle_6674.vnnlib,.005957227,sat,6.901568120
safenlp_2024,vnncomp2026_benchmarks/benchmarks/safenlp_2024/1.0/onnx/ruarobot/perturbations_0.onnx,vnncomp2026_benchmarks/benchmarks/safenlp_2024/1.0/vnnlib/ruarobot/hyperrectangle_2928.vnnlib,.005835035,sat,5.419442569
safenlp_2024,vnncomp2026_benchmarks/benchmarks/safenlp_2024/1.0/onnx/ruarobot/perturbations_0.onnx,vnncomp2026_benchmarks/benchmarks/safenlp_2024/1.0/vnnlib/ruarobot/hyperrectangle_312.vnnlib,.005925287,sat,3.505791560
safenlp_2024,vnncomp2026_benchmarks/benchmarks/safenlp_2024/1.0/onnx/medical/perturbations_0.onnx,vnncomp2026_benchmarks/benchmarks/safenlp_2024/1.0/vnnlib/medical/hyperrectangle_2349.vnnlib,.006098040,unsat,5.390474492
safenlp_2024,vnncomp2026_benchmarks/benchmarks/safenlp_2024/1.0/onnx/ruarobot/perturbations_0.onnx,vnncomp2026_benchmarks/benchmarks/safenlp_2024/1.0/vnnlib/ruarobot/hyperrectangle_7242.vnnlib,.005905706,sat,4.501968811
safenlp_2024,vnncomp2026_benchmarks/benchmarks/safenlp_2024/1.0/onnx/ruarobot/perturbations_0.onnx,vnncomp2026_benchmarks/benchmarks/safenlp_2024/1.0/vnnlib/ruarobot/hyperrectangle_3015.vnnlib,.005990548,unsat,5.591045585
safenlp_2024,vnncomp2026_benchmarks/benchmarks/safenlp_2024/1.0/onnx/ruarobot/perturbations_0.onnx,vnncomp2026_benchmarks/benchmarks/safenlp_2024/1.0/vnnlib/ruarobot/hyperrectangle_6891.vnnlib,.005887365,sat,5.577308783
safenlp_2024,vnncomp2026_benchmarks/benchmarks/safenlp_2024/1.0/onnx/ruarobot/perturbations_0.onnx,vnncomp2026_benchmarks/benchmarks/safenlp_2024/1.0/vnnlib/ruarobot/hyperrectangle_6873.vnnlib,.005881795,sat,5.345958947
safenlp_2024,vnncomp2026_benchmarks/benchmarks/safenlp_2024/1.0/onnx/ruarobot/perturbations_0.onnx,vnncomp2026_benchmarks/benchmarks/safenlp_2024/1.0/vnnlib/ruarobot/hyperrectangle_5877.vnnlib,.005947746,sat,5.478547435
safenlp_2024,vnncomp2026_benchmarks/benchmarks/safenlp_2024/1.0/onnx/ruarobot/perturbations_0.onnx,vnncomp2026_benchmarks/benchmarks/safenlp_2024/1.0/vnnlib/ruarobot/hyperrectangle_7238.vnnlib,.005851594,sat,5.380087130
safenlp_2024,vnncomp2026_benchmarks/benchmarks/safenlp_2024/1.0/onnx/medical/perturbations_0.onnx,vnncomp2026_benchmarks/benchmarks/safenlp_2024/1.0/vnnlib/medical/hyperrectangle_1923.vnnlib,.005849374,unsat,6.284447788
safenlp_2024,vnncomp2026_benchmarks/benchmarks/safenlp_2024/1.0/onnx/ruarobot/perturbations_0.onnx,vnncomp2026_benchmarks/benchmarks/safenlp_2024/1.0/vnnlib/ruarobot/hyperrectangle_3466.vnnlib,.005749332,unsat,5.941897418
safenlp_2024,vnncomp2026_benchmarks/benchmarks/safenlp_2024/1.0/onnx/medical/perturbations_0.onnx,vnncomp2026_benchmarks/benchmarks/safenlp_2024/1.0/vnnlib/medical/hyperrectangle_1253.vnnlib,.005776432,unsat,5.305824168
safenlp_2024,vnncomp2026_benchmarks/benchmarks/safenlp_2024/1.0/onnx/medical/perturbations_0.onnx,vnncomp2026_benchmarks/benchmarks/safenlp_2024/1.0/vnnlib/medical/hyperrectangle_2698.vnnlib,.005802913,unsat,5.414396426
safenlp_2024,vnncomp2026_benchmarks/benchmarks/safenlp_2024/1.0/onnx/ruarobot/perturbations_0.onnx,vnncomp2026_benchmarks/benchmarks/safenlp_2024/1.0/vnnlib/ruarobot/hyperrectangle_230.vnnlib,.005911145,sat,6.924128316
safenlp_2024,vnncomp2026_benchmarks/benchmarks/safenlp_2024/1.0/onnx/medical/perturbations_0.onnx,vnncomp2026_benchmarks/benchmarks/safenlp_2024/1.0/vnnlib/medical/hyperrectangle_1353.vnnlib,.006007558,unsat,5.291033968
safenlp_2024,vnncomp2026_benchmarks/benchmarks/safenlp_2024/1.0/onnx/ruarobot/perturbations_0.onnx,vnncomp2026_benchmarks/benchmarks/safenlp_2024/1.0/vnnlib/ruarobot/hyperrectangle_578.vnnlib,.005989747,sat,5.344123669
safenlp_2024,vnncomp2026_benchmarks/benchmarks/safenlp_2024/1.0/onnx/medical/perturbations_0.onnx,vnncomp2026_benchmarks/benchmarks/safenlp_2024/1.0/vnnlib/medical/hyperrectangle_350.vnnlib,.005881855,sat,5.449665393
safenlp_2024,vnncomp2026_benchmarks/benchmarks/safenlp_2024/1.0/onnx/medical/perturbations_0.onnx,vnncomp2026_benchmarks/benchmarks/safenlp_2024/1.0/vnnlib/medical/hyperrectangle_2708.vnnlib,.005833123,sat,5.422863630
safenlp_2024,vnncomp2026_benchmarks/benchmarks/safenlp_2024/1.0/onnx/ruarobot/perturbations_0.onnx,vnncomp2026_benchmarks/benchmarks/safenlp_2024/1.0/vnnlib/ruarobot/hyperrectangle_5623.vnnlib,.005990817,unsat,6.006274762
safenlp_2024,vnncomp2026_benchmarks/benchmarks/safenlp_2024/1.0/onnx/ruarobot/perturbations_0.onnx,vnncomp2026_benchmarks/benchmarks/safenlp_2024/1.0/vnnlib/ruarobot/hyperrectangle_6414.vnnlib,.005981927,sat,5.389198804
safenlp_2024,vnncomp2026_benchmarks/benchmarks/safenlp_2024/1.0/onnx/medical/perturbations_0.onnx,vnncomp2026_benchmarks/benchmarks/safenlp_2024/1.0/vnnlib/medical/hyperrectangle_157.vnnlib,.005973657,unsat,5.344046175
safenlp_2024,vnncomp2026_benchmarks/benchmarks/safenlp_2024/1.0/onnx/medical/perturbations_0.onnx,vnncomp2026_benchmarks/benchmarks/safenlp_2024/1.0/vnnlib/medical/hyperrectangle_79.vnnlib,.006138441,unsat,32.807025503
safenlp_2024,vnncomp2026_benchmarks/benchmarks/safenlp_2024/1.0/onnx/ruarobot/perturbations_0.onnx,vnncomp2026_benchmarks/benchmarks/safenlp_2024/1.0/vnnlib/ruarobot/hyperrectangle_5670.vnnlib,.005928357,sat,3.286831465
safenlp_2024,vnncomp2026_benchmarks/benchmarks/safenlp_2024/1.0/onnx/ruarobot/perturbations_0.onnx,vnncomp2026_benchmarks/benchmarks/safenlp_2024/1.0/vnnlib/ruarobot/hyperrectangle_2344.vnnlib,.005795402,sat,6.832876429
safenlp_2024,vnncomp2026_benchmarks/benchmarks/safenlp_2024/1.0/onnx/ruarobot/perturbations_0.onnx,vnncomp2026_benchmarks/benchmarks/safenlp_2024/1.0/vnnlib/ruarobot/hyperrectangle_1134.vnnlib,.005848804,sat,6.836907085
safenlp_2024,vnncomp2026_benchmarks/benchmarks/safenlp_2024/1.0/onnx/ruarobot/perturbations_0.onnx,vnncomp2026_benchmarks/benchmarks/safenlp_2024/1.0/vnnlib/ruarobot/hyperrectangle_4803.vnnlib,.005903065,sat,4.423617248
safenlp_2024,vnncomp2026_benchmarks/benchmarks/safenlp_2024/1.0/onnx/medical/perturbations_0.onnx,vnncomp2026_benchmarks/benchmarks/safenlp_2024/1.0/vnnlib/medical/hyperrectangle_2763.vnnlib,.005945987,unsat,5.411664795
safenlp_2024,vnncomp2026_benchmarks/benchmarks/safenlp_2024/1.0/onnx/ruarobot/perturbations_0.onnx,vnncomp2026_benchmarks/benchmarks/safenlp_2024/1.0/vnnlib/ruarobot/hyperrectangle_6221.vnnlib,.005965347,sat,5.531023231
safenlp_2024,vnncomp2026_benchmarks/benchmarks/safenlp_2024/1.0/onnx/ruarobot/perturbations_0.onnx,vnncomp2026_benchmarks/benchmarks/safenlp_2024/1.0/vnnlib/ruarobot/hyperrectangle_1173.vnnlib,.005955977,sat,6.954673664
safenlp_2024,vnncomp2026_benchmarks/benchmarks/safenlp_2024/1.0/onnx/ruarobot/perturbations_0.onnx,vnncomp2026_benchmarks/benchmarks/safenlp_2024/1.0/vnnlib/ruarobot/hyperrectangle_3095.vnnlib,.006050039,unsat,5.401064873
safenlp_2024,vnncomp2026_benchmarks/benchmarks/safenlp_2024/1.0/onnx/ruarobot/perturbations_0.onnx,vnncomp2026_benchmarks/benchmarks/safenlp_2024/1.0/vnnlib/ruarobot/hyperrectangle_3566.vnnlib,.005974607,unsat,5.337090567
safenlp_2024,vnncomp2026_benchmarks/benchmarks/safenlp_2024/1.0/onnx/ruarobot/perturbations_0.onnx,vnncomp2026_benchmarks/benchmarks/safenlp_2024/1.0/vnnlib/ruarobot/hyperrectangle_7689.vnnlib,.005898695,sat,3.212774694
safenlp_2024,vnncomp2026_benchmarks/benchmarks/safenlp_2024/1.0/onnx/ruarobot/perturbations_0.onnx,vnncomp2026_benchmarks/benchmarks/safenlp_2024/1.0/vnnlib/ruarobot/hyperrectangle_2348.vnnlib,.006117300,sat,3.245166496
safenlp_2024,vnncomp2026_benchmarks/benchmarks/safenlp_2024/1.0/onnx/ruarobot/perturbations_0.onnx,vnncomp2026_benchmarks/benchmarks/safenlp_2024/1.0/vnnlib/ruarobot/hyperrectangle_5525.vnnlib,.006072200,unsat,47.001830654
safenlp_2024,vnncomp2026_benchmarks/benchmarks/safenlp_2024/1.0/onnx/ruarobot/perturbations_0.onnx,vnncomp2026_benchmarks/benchmarks/safenlp_2024/1.0/vnnlib/ruarobot/hyperrectangle_4360.vnnlib,.005911246,sat,3.223266777
safenlp_2024,vnncomp2026_benchmarks/benchmarks/safenlp_2024/1.0/onnx/ruarobot/perturbations_0.onnx,vnncomp2026_benchmarks/benchmarks/safenlp_2024/1.0/vnnlib/ruarobot/hyperrectangle_4359.vnnlib,.006196952,unsat,6.501392827
safenlp_2024,vnncomp2026_benchmarks/benchmarks/safenlp_2024/1.0/onnx/ruarobot/perturbations_0.onnx,vnncomp2026_benchmarks/benchmarks/safenlp_2024/1.0/vnnlib/ruarobot/hyperrectangle_1626.vnnlib,.005899095,sat,6.844438197
safenlp_2024,vnncomp2026_benchmarks/benchmarks/safenlp_2024/1.0/onnx/medical/perturbations_0.onnx,vnncomp2026_benchmarks/benchmarks/safenlp_2024/1.0/vnnlib/medical/hyperrectangle_2390.vnnlib,.005955836,sat,5.333183554
safenlp_2024,vnncomp2026_benchmarks/benchmarks/safenlp_2024/1.0/onnx/medical/perturbations_0.onnx,vnncomp2026_benchmarks/benchmarks/safenlp_2024/1.0/vnnlib/medical/hyperrectangle_1673.vnnlib,.005940656,unsat,5.325592108
safenlp_2024,vnncomp2026_benchmarks/benchmarks/safenlp_2024/1.0/onnx/ruarobot/perturbations_0.onnx,vnncomp2026_benchmarks/benchmarks/safenlp_2024/1.0/vnnlib/ruarobot/hyperrectangle_5986.vnnlib,.005873544,sat,5.397098457
safenlp_2024,vnncomp2026_benchmarks/benchmarks/safenlp_2024/1.0/onnx/ruarobot/perturbations_0.onnx,vnncomp2026_benchmarks/benchmarks/safenlp_2024/1.0/vnnlib/ruarobot/hyperrectangle_7258.vnnlib,.005940966,sat,3.565094502
safenlp_2024,vnncomp2026_benchmarks/benchmarks/safenlp_2024/1.0/onnx/medical/perturbations_0.onnx,vnncomp2026_benchmarks/benchmarks/safenlp_2024/1.0/vnnlib/medical/hyperrectangle_1726.vnnlib,.006145810,unsat,5.345001158
safenlp_2024,vnncomp2026_benchmarks/benchmarks/safenlp_2024/1.0/onnx/ruarobot/perturbations_0.onnx,vnncomp2026_benchmarks/benchmarks/safenlp_2024/1.0/vnnlib/ruarobot/hyperrectangle_2406.vnnlib,.005919055,sat,3.239642321
safenlp_2024,vnncomp2026_benchmarks/benchmarks/safenlp_2024/1.0/onnx/ruarobot/perturbations_0.onnx,vnncomp2026_benchmarks/benchmarks/safenlp_2024/1.0/vnnlib/ruarobot/hyperrectangle_953.vnnlib,.006015818,sat,5.371810479
safenlp_2024,vnncomp2026_benchmarks/benchmarks/safenlp_2024/1.0/onnx/medical/perturbations_0.onnx,vnncomp2026_benchmarks/benchmarks/safenlp_2024/1.0/vnnlib/medical/hyperrectangle_145.vnnlib,.005824554,unsat,5.395455840
safenlp_2024,vnncomp2026_benchmarks/benchmarks/safenlp_2024/1.0/onnx/ruarobot/perturbations_0.onnx,vnncomp2026_benchmarks/benchmarks/safenlp_2024/1.0/vnnlib/ruarobot/hyperrectangle_787.vnnlib,.006014628,sat,5.350687425
safenlp_2024,vnncomp2026_benchmarks/benchmarks/safenlp_2024/1.0/onnx/ruarobot/perturbations_0.onnx,vnncomp2026_benchmarks/benchmarks/safenlp_2024/1.0/vnnlib/ruarobot/hyperrectangle_885.vnnlib,.005842464,unsat,5.368426722
safenlp_2024,vnncomp2026_benchmarks/benchmarks/safenlp_2024/1.0/onnx/medical/perturbations_0.onnx,vnncomp2026_benchmarks/benchmarks/safenlp_2024/1.0/vnnlib/medical/hyperrectangle_2455.vnnlib,.005917885,run_instance_timeout,80.002668486
safenlp_2024,vnncomp2026_benchmarks/benchmarks/safenlp_2024/1.0/onnx/ruarobot/perturbations_0.onnx,vnncomp2026_benchmarks/benchmarks/safenlp_2024/1.0/vnnlib/ruarobot/hyperrectangle_2355.vnnlib,.005951467,sat,5.361351230
safenlp_2024,vnncomp2026_benchmarks/benchmarks/safenlp_2024/1.0/onnx/ruarobot/perturbations_0.onnx,vnncomp2026_benchmarks/benchmarks/safenlp_2024/1.0/vnnlib/ruarobot/hyperrectangle_6650.vnnlib,.006254623,sat,3.299056502
safenlp_2024,vnncomp2026_benchmarks/benchmarks/safenlp_2024/1.0/onnx/ruarobot/perturbations_0.onnx,vnncomp2026_benchmarks/benchmarks/safenlp_2024/1.0/vnnlib/ruarobot/hyperrectangle_22.vnnlib,.005961346,sat,3.207262240
safenlp_2024,vnncomp2026_benchmarks/benchmarks/safenlp_2024/1.0/onnx/medical/perturbations_0.onnx,vnncomp2026_benchmarks/benchmarks/safenlp_2024/1.0/vnnlib/medical/hyperrectangle_292.vnnlib,.005935965,unsat,5.351527429
safenlp_2024,vnncomp2026_benchmarks/benchmarks/safenlp_2024/1.0/onnx/ruarobot/perturbations_0.onnx,vnncomp2026_benchmarks/benchmarks/safenlp_2024/1.0/vnnlib/ruarobot/hyperrectangle_2673.vnnlib,.006004567,sat,4.467936659
safenlp_2024,vnncomp2026_benchmarks/benchmarks/safenlp_2024/1.0/onnx/medical/perturbations_0.onnx,vnncomp2026_benchmarks/benchmarks/safenlp_2024/1.0/vnnlib/medical/hyperrectangle_1407.vnnlib,.005861865,unsat,5.313066681
safenlp_2024,vnncomp2026_benchmarks/benchmarks/safenlp_2024/1.0/onnx/ruarobot/perturbations_0.onnx,vnncomp2026_benchmarks/benchmarks/safenlp_2024/1.0/vnnlib/ruarobot/hyperrectangle_4535.vnnlib,.006022837,sat,6.792533501
safenlp_2024,vnncomp2026_benchmarks/benchmarks/safenlp_2024/1.0/onnx/ruarobot/perturbations_0.onnx,vnncomp2026_benchmarks/benchmarks/safenlp_2024/1.0/vnnlib/ruarobot/hyperrectangle_6710.vnnlib,.006051019,sat,5.362609014
safenlp_2024,vnncomp2026_benchmarks/benchmarks/safenlp_2024/1.0/onnx/medical/perturbations_0.onnx,vnncomp2026_benchmarks/benchmarks/safenlp_2024/1.0/vnnlib/medical/hyperrectangle_1764.vnnlib,.006016958,unsat,5.386054841
safenlp_2024,vnncomp2026_benchmarks/benchmarks/safenlp_2024/1.0/onnx/ruarobot/perturbations_0.onnx,vnncomp2026_benchmarks/benchmarks/safenlp_2024/1.0/vnnlib/ruarobot/hyperrectangle_4316.vnnlib,.005937676,sat,5.352554270
safenlp_2024,vnncomp2026_benchmarks/benchmarks/safenlp_2024/1.0/onnx/ruarobot/perturbations_0.onnx,vnncomp2026_benchmarks/benchmarks/safenlp_2024/1.0/vnnlib/ruarobot/hyperrectangle_5722.vnnlib,.006010968,sat,7.439134199
safenlp_2024,vnncomp2026_benchmarks/benchmarks/safenlp_2024/1.0/onnx/ruarobot/perturbations_0.onnx,vnncomp2026_benchmarks/benchmarks/safenlp_2024/1.0/vnnlib/ruarobot/hyperrectangle_1737.vnnlib,.005928016,unsat,5.411742614
safenlp_2024,vnncomp2026_benchmarks/benchmarks/safenlp_2024/1.0/onnx/medical/perturbations_0.onnx,vnncomp2026_benchmarks/benchmarks/safenlp_2024/1.0/vnnlib/medical/hyperrectangle_1515.vnnlib,.005978737,unsat,5.608212316
safenlp_2024,vnncomp2026_benchmarks/benchmarks/safenlp_2024/1.0/onnx/ruarobot/perturbations_0.onnx,vnncomp2026_benchmarks/benchmarks/safenlp_2024/1.0/vnnlib/ruarobot/hyperrectangle_3839.vnnlib,.005988547,sat,5.533174319
safenlp_2024,vnncomp2026_benchmarks/benchmarks/safenlp_2024/1.0/onnx/ruarobot/perturbations_0.onnx,vnncomp2026_benchmarks/benchmarks/safenlp_2024/1.0/vnnlib/ruarobot/hyperrectangle_4933.vnnlib,.005926846,sat,5.609312361
safenlp_2024,vnncomp2026_benchmarks/benchmarks/safenlp_2024/1.0/onnx/ruarobot/perturbations_0.onnx,vnncomp2026_benchmarks/benchmarks/safenlp_2024/1.0/vnnlib/ruarobot/hyperrectangle_920.vnnlib,.006036528,unsat,5.561350236
safenlp_2024,vnncomp2026_benchmarks/benchmarks/safenlp_2024/1.0/onnx/ruarobot/perturbations_0.onnx,vnncomp2026_benchmarks/benchmarks/safenlp_2024/1.0/vnnlib/ruarobot/hyperrectangle_3039.vnnlib,.006021167,sat,5.377917172
safenlp_2024,vnncomp2026_benchmarks/benchmarks/safenlp_2024/1.0/onnx/ruarobot/perturbations_0.onnx,vnncomp2026_benchmarks/benchmarks/safenlp_2024/1.0/vnnlib/ruarobot/hyperrectangle_4944.vnnlib,.006069878,unsat,5.645760417
safenlp_2024,vnncomp2026_benchmarks/benchmarks/safenlp_2024/1.0/onnx/medical/perturbations_0.onnx,vnncomp2026_benchmarks/benchmarks/safenlp_2024/1.0/vnnlib/medical/hyperrectangle_1547.vnnlib,.005982628,unsat,5.496480843
safenlp_2024,vnncomp2026_benchmarks/benchmarks/safenlp_2024/1.0/onnx/ruarobot/perturbations_0.onnx,vnncomp2026_benchmarks/benchmarks/safenlp_2024/1.0/vnnlib/ruarobot/hyperrectangle_4018.vnnlib,.005847555,sat,5.480703859
safenlp_2024,vnncomp2026_benchmarks/benchmarks/safenlp_2024/1.0/onnx/ruarobot/perturbations_0.onnx,vnncomp2026_benchmarks/benchmarks/safenlp_2024/1.0/vnnlib/ruarobot/hyperrectangle_6853.vnnlib,.005971927,sat,6.877802873
safenlp_2024,vnncomp2026_benchmarks/benchmarks/safenlp_2024/1.0/onnx/ruarobot/perturbations_0.onnx,vnncomp2026_benchmarks/benchmarks/safenlp_2024/1.0/vnnlib/ruarobot/hyperrectangle_7620.vnnlib,.005979427,sat,3.207786336
safenlp_2024,vnncomp2026_benchmarks/benchmarks/safenlp_2024/1.0/onnx/ruarobot/perturbations_0.onnx,vnncomp2026_benchmarks/benchmarks/safenlp_2024/1.0/vnnlib/ruarobot/hyperrectangle_5802.vnnlib,.006089299,sat,5.351194556
safenlp_2024,vnncomp2026_benchmarks/benchmarks/safenlp_2024/1.0/onnx/ruarobot/perturbations_0.onnx,vnncomp2026_benchmarks/benchmarks/safenlp_2024/1.0/vnnlib/ruarobot/hyperrectangle_7014.vnnlib,.005962306,sat,3.240712039
safenlp_2024,vnncomp2026_benchmarks/benchmarks/safenlp_2024/1.0/onnx/medical/perturbations_0.onnx,vnncomp2026_benchmarks/benchmarks/safenlp_2024/1.0/vnnlib/medical/hyperrectangle_1157.vnnlib,.005951566,unsat,5.459562971
safenlp_2024,vnncomp2026_benchmarks/benchmarks/safenlp_2024/1.0/onnx/medical/perturbations_0.onnx,vnncomp2026_benchmarks/benchmarks/safenlp_2024/1.0/vnnlib/medical/hyperrectangle_1538.vnnlib,.005866054,unsat,5.296481728
safenlp_2024,vnncomp2026_benchmarks/benchmarks/safenlp_2024/1.0/onnx/ruarobot/perturbations_0.onnx,vnncomp2026_benchmarks/benchmarks/safenlp_2024/1.0/vnnlib/ruarobot/hyperrectangle_5306.vnnlib,.006215442,sat,6.939099921
safenlp_2024,vnncomp2026_benchmarks/benchmarks/safenlp_2024/1.0/onnx/medical/perturbations_0.onnx,vnncomp2026_benchmarks/benchmarks/safenlp_2024/1.0/vnnlib/medical/hyperrectangle_2280.vnnlib,.005946056,run_instance_timeout,80.002666782
safenlp_2024,vnncomp2026_benchmarks/benchmarks/safenlp_2024/1.0/onnx/ruarobot/perturbations_0.onnx,vnncomp2026_benchmarks/benchmarks/safenlp_2024/1.0/vnnlib/ruarobot/hyperrectangle_7696.vnnlib,.006032987,unsat,6.072683212
safenlp_2024,vnncomp2026_benchmarks/benchmarks/safenlp_2024/1.0/onnx/ruarobot/perturbations_0.onnx,vnncomp2026_benchmarks/benchmarks/safenlp_2024/1.0/vnnlib/ruarobot/hyperrectangle_1470.vnnlib,.005862293,unsat,12.868716664
safenlp_2024,vnncomp2026_benchmarks/benchmarks/safenlp_2024/1.0/onnx/medical/perturbations_0.onnx,vnncomp2026_benchmarks/benchmarks/safenlp_2024/1.0/vnnlib/medical/hyperrectangle_423.vnnlib,.005900427,unsat,5.797409334
safenlp_2024,vnncomp2026_benchmarks/benchmarks/safenlp_2024/1.0/onnx/ruarobot/perturbations_0.onnx,vnncomp2026_benchmarks/benchmarks/safenlp_2024/1.0/vnnlib/ruarobot/hyperrectangle_1371.vnnlib,.006082950,sat,3.918656019
safenlp_2024,vnncomp2026_benchmarks/benchmarks/safenlp_2024/1.0/onnx/medical/perturbations_0.onnx,vnncomp2026_benchmarks/benchmarks/safenlp_2024/1.0/vnnlib/medical/hyperrectangle_1530.vnnlib,.005954018,unsat,5.315793597
safenlp_2024,vnncomp2026_benchmarks/benchmarks/safenlp_2024/1.0/onnx/medical/perturbations_0.onnx,vnncomp2026_benchmarks/benchmarks/safenlp_2024/1.0/vnnlib/medical/hyperrectangle_1433.vnnlib,.005907855,unsat,5.414642806
safenlp_2024,vnncomp2026_benchmarks/benchmarks/safenlp_2024/1.0/onnx/ruarobot/perturbations_0.onnx,vnncomp2026_benchmarks/benchmarks/safenlp_2024/1.0/vnnlib/ruarobot/hyperrectangle_4729.vnnlib,.006041448,sat,3.304955576
safenlp_2024,vnncomp2026_benchmarks/benchmarks/safenlp_2024/1.0/onnx/ruarobot/perturbations_0.onnx,vnncomp2026_benchmarks/benchmarks/safenlp_2024/1.0/vnnlib/ruarobot/hyperrectangle_3005.vnnlib,.006073419,unsat,5.784694002
safenlp_2024,vnncomp2026_benchmarks/benchmarks/safenlp_2024/1.0/onnx/ruarobot/perturbations_0.onnx,vnncomp2026_benchmarks/benchmarks/safenlp_2024/1.0/vnnlib/ruarobot/hyperrectangle_7233.vnnlib,.005972846,unsat,5.627779706
safenlp_2024,vnncomp2026_benchmarks/benchmarks/safenlp_2024/1.0/onnx/ruarobot/perturbations_0.onnx,vnncomp2026_benchmarks/benchmarks/safenlp_2024/1.0/vnnlib/ruarobot/hyperrectangle_5946.vnnlib,.006055348,unsat,5.301261380
safenlp_2024,vnncomp2026_benchmarks/benchmarks/safenlp_2024/1.0/onnx/ruarobot/perturbations_0.onnx,vnncomp2026_benchmarks/benchmarks/safenlp_2024/1.0/vnnlib/ruarobot/hyperrectangle_817.vnnlib,.005999517,sat,3.184583213
safenlp_2024,vnncomp2026_benchmarks/benchmarks/safenlp_2024/1.0/onnx/medical/perturbations_0.onnx,vnncomp2026_benchmarks/benchmarks/safenlp_2024/1.0/vnnlib/medical/hyperrectangle_735.vnnlib,.006028108,sat,5.339186455
safenlp_2024,vnncomp2026_benchmarks/benchmarks/safenlp_2024/1.0/onnx/ruarobot/perturbations_0.onnx,vnncomp2026_benchmarks/benchmarks/safenlp_2024/1.0/vnnlib/ruarobot/hyperrectangle_915.vnnlib,.005859113,sat,3.254736395
safenlp_2024,vnncomp2026_benchmarks/benchmarks/safenlp_2024/1.0/onnx/ruarobot/perturbations_0.onnx,vnncomp2026_benchmarks/benchmarks/safenlp_2024/1.0/vnnlib/ruarobot/hyperrectangle_5021.vnnlib,.005955476,sat,3.381499000
safenlp_2024,vnncomp2026_benchmarks/benchmarks/safenlp_2024/1.0/onnx/medical/perturbations_0.onnx,vnncomp2026_benchmarks/benchmarks/safenlp_2024/1.0/vnnlib/medical/hyperrectangle_2258.vnnlib,.005953685,unsat,5.482688372
safenlp_2024,vnncomp2026_benchmarks/benchmarks/safenlp_2024/1.0/onnx/ruarobot/perturbations_0.onnx,vnncomp2026_benchmarks/benchmarks/safenlp_2024/1.0/vnnlib/ruarobot/hyperrectangle_6028.vnnlib,.006155560,unsat,5.383522168
safenlp_2024,vnncomp2026_benchmarks/benchmarks/safenlp_2024/1.0/onnx/ruarobot/perturbations_0.onnx,vnncomp2026_benchmarks/benchmarks/safenlp_2024/1.0/vnnlib/ruarobot/hyperrectangle_1718.vnnlib,.006030877,sat,5.744893106
safenlp_2024,vnncomp2026_benchmarks/benchmarks/safenlp_2024/1.0/onnx/ruarobot/perturbations_0.onnx,vnncomp2026_benchmarks/benchmarks/safenlp_2024/1.0/vnnlib/ruarobot/hyperrectangle_5814.vnnlib,.006175611,sat,3.216160066
safenlp_2024,vnncomp2026_benchmarks/benchmarks/safenlp_2024/1.0/onnx/ruarobot/perturbations_0.onnx,vnncomp2026_benchmarks/benchmarks/safenlp_2024/1.0/vnnlib/ruarobot/hyperrectangle_676.vnnlib,.006287123,unsat,5.377423739
safenlp_2024,vnncomp2026_benchmarks/benchmarks/safenlp_2024/1.0/onnx/ruarobot/perturbations_0.onnx,vnncomp2026_benchmarks/benchmarks/safenlp_2024/1.0/vnnlib/ruarobot/hyperrectangle_4083.vnnlib,.005849234,sat,6.942215620
safenlp_2024,vnncomp2026_benchmarks/benchmarks/safenlp_2024/1.0/onnx/ruarobot/perturbations_0.onnx,vnncomp2026_benchmarks/benchmarks/safenlp_2024/1.0/vnnlib/ruarobot/hyperrectangle_4357.vnnlib,.005999047,unsat,5.360534236
safenlp_2024,vnncomp2026_benchmarks/benchmarks/safenlp_2024/1.0/onnx/ruarobot/perturbations_0.onnx,vnncomp2026_benchmarks/benchmarks/safenlp_2024/1.0/vnnlib/ruarobot/hyperrectangle_6636.vnnlib,.005997857,sat,3.295675825
safenlp_2024,vnncomp2026_benchmarks/benchmarks/safenlp_2024/1.0/onnx/ruarobot/perturbations_0.onnx,vnncomp2026_benchmarks/benchmarks/safenlp_2024/1.0/vnnlib/ruarobot/hyperrectangle_2054.vnnlib,.005964756,sat,6.823806093
safenlp_2024,vnncomp2026_benchmarks/benchmarks/safenlp_2024/1.0/onnx/ruarobot/perturbations_0.onnx,vnncomp2026_benchmarks/benchmarks/safenlp_2024/1.0/vnnlib/ruarobot/hyperrectangle_4192.vnnlib,.006236853,sat,5.358399717
safenlp_2024,vnncomp2026_benchmarks/benchmarks/safenlp_2024/1.0/onnx/ruarobot/perturbations_0.onnx,vnncomp2026_benchmarks/benchmarks/safenlp_2024/1.0/vnnlib/ruarobot/hyperrectangle_1381.vnnlib,.005871644,sat,3.232536164
safenlp_2024,vnncomp2026_benchmarks/benchmarks/safenlp_2024/1.0/onnx/medical/perturbations_0.onnx,vnncomp2026_benchmarks/benchmarks/safenlp_2024/1.0/vnnlib/medical/hyperrectangle_675.vnnlib,.005955817,sat,3.294096221
safenlp_2024,vnncomp2026_benchmarks/benchmarks/safenlp_2024/1.0/onnx/medical/perturbations_0.onnx,vnncomp2026_benchmarks/benchmarks/safenlp_2024/1.0/vnnlib/medical/hyperrectangle_1770.vnnlib,.005907995,unsat,5.318475719
safenlp_2024,vnncomp2026_benchmarks/benchmarks/safenlp_2024/1.0/onnx/medical/perturbations_0.onnx,vnncomp2026_benchmarks/benchmarks/safenlp_2024/1.0/vnnlib/medical/hyperrectangle_2185.vnnlib,.005979186,sat,5.455154270
safenlp_2024,vnncomp2026_benchmarks/benchmarks/safenlp_2024/1.0/onnx/ruarobot/perturbations_0.onnx,vnncomp2026_benchmarks/benchmarks/safenlp_2024/1.0/vnnlib/ruarobot/hyperrectangle_1992.vnnlib,.005846413,unsat,5.363349676
safenlp_2024,vnncomp2026_benchmarks/benchmarks/safenlp_2024/1.0/onnx/ruarobot/perturbations_0.onnx,vnncomp2026_benchmarks/benchmarks/safenlp_2024/1.0/vnnlib/ruarobot/hyperrectangle_3338.vnnlib,.005918015,sat,6.943827177
safenlp_2024,vnncomp2026_benchmarks/benchmarks/safenlp_2024/1.0/onnx/ruarobot/perturbations_0.onnx,vnncomp2026_benchmarks/benchmarks/safenlp_2024/1.0/vnnlib/ruarobot/hyperrectangle_5357.vnnlib,.005962137,sat,5.350331478
safenlp_2024,vnncomp2026_benchmarks/benchmarks/safenlp_2024/1.0/onnx/medical/perturbations_0.onnx,vnncomp2026_benchmarks/benchmarks/safenlp_2024/1.0/vnnlib/medical/hyperrectangle_2823.vnnlib,.005989447,unsat,5.447727463
safenlp_2024,vnncomp2026_benchmarks/benchmarks/safenlp_2024/1.0/onnx/ruarobot/perturbations_0.onnx,vnncomp2026_benchmarks/benchmarks/safenlp_2024/1.0/vnnlib/ruarobot/hyperrectangle_129.vnnlib,.006063329,sat,3.193463106
safenlp_2024,vnncomp2026_benchmarks/benchmarks/safenlp_2024/1.0/onnx/ruarobot/perturbations_0.onnx,vnncomp2026_benchmarks/benchmarks/safenlp_2024/1.0/vnnlib/ruarobot/hyperrectangle_455.vnnlib,.005588228,unsat,5.641871483
safenlp_2024,vnncomp2026_benchmarks/benchmarks/safenlp_2024/1.0/onnx/ruarobot/perturbations_0.onnx,vnncomp2026_benchmarks/benchmarks/safenlp_2024/1.0/vnnlib/ruarobot/hyperrectangle_600.vnnlib,.006037838,unsat,5.397739926
safenlp_2024,vnncomp2026_benchmarks/benchmarks/safenlp_2024/1.0/onnx/medical/perturbations_0.onnx,vnncomp2026_benchmarks/benchmarks/safenlp_2024/1.0/vnnlib/medical/hyperrectangle_2088.vnnlib,.005944806,sat,6.943711524
safenlp_2024,vnncomp2026_benchmarks/benchmarks/safenlp_2024/1.0/onnx/ruarobot/perturbations_0.onnx,vnncomp2026_benchmarks/benchmarks/safenlp_2024/1.0/vnnlib/ruarobot/hyperrectangle_3781.vnnlib,.005981737,unsat,5.633461524
safenlp_2024,vnncomp2026_benchmarks/benchmarks/safenlp_2024/1.0/onnx/medical/perturbations_0.onnx,vnncomp2026_benchmarks/benchmarks/safenlp_2024/1.0/vnnlib/medical/hyperrectangle_1100.vnnlib,.005887805,sat,3.300738826
safenlp_2024,vnncomp2026_benchmarks/benchmarks/safenlp_2024/1.0/onnx/ruarobot/perturbations_0.onnx,vnncomp2026_benchmarks/benchmarks/safenlp_2024/1.0/vnnlib/ruarobot/hyperrectangle_1252.vnnlib,.005800023,sat,6.940083019
safenlp_2024,vnncomp2026_benchmarks/benchmarks/safenlp_2024/1.0/onnx/ruarobot/perturbations_0.onnx,vnncomp2026_benchmarks/benchmarks/safenlp_2024/1.0/vnnlib/ruarobot/hyperrectangle_615.vnnlib,.005955656,sat,5.438848301
safenlp_2024,vnncomp2026_benchmarks/benchmarks/safenlp_2024/1.0/onnx/ruarobot/perturbations_0.onnx,vnncomp2026_benchmarks/benchmarks/safenlp_2024/1.0/vnnlib/ruarobot/hyperrectangle_1932.vnnlib,.006017198,unsat,5.851659099
safenlp_2024,vnncomp2026_benchmarks/benchmarks/safenlp_2024/1.0/onnx/medical/perturbations_0.onnx,vnncomp2026_benchmarks/benchmarks/safenlp_2024/1.0/vnnlib/medical/hyperrectangle_975.vnnlib,.005874704,unsat,5.414171635
safenlp_2024,vnncomp2026_benchmarks/benchmarks/safenlp_2024/1.0/onnx/medical/perturbations_0.onnx,vnncomp2026_benchmarks/benchmarks/safenlp_2024/1.0/vnnlib/medical/hyperrectangle_266.vnnlib,.005983217,unsat,5.332257452
safenlp_2024,vnncomp2026_benchmarks/benchmarks/safenlp_2024/1.0/onnx/medical/perturbations_0.onnx,vnncomp2026_benchmarks/benchmarks/safenlp_2024/1.0/vnnlib/medical/hyperrectangle_2066.vnnlib,.005849094,sat,3.207057911
safenlp_2024,vnncomp2026_benchmarks/benchmarks/safenlp_2024/1.0/onnx/ruarobot/perturbations_0.onnx,vnncomp2026_benchmarks/benchmarks/safenlp_2024/1.0/vnnlib/ruarobot/hyperrectangle_680.vnnlib,.005972997,sat,5.360630382
safenlp_2024,vnncomp2026_benchmarks/benchmarks/safenlp_2024/1.0/onnx/ruarobot/perturbations_0.onnx,vnncomp2026_benchmarks/benchmarks/safenlp_2024/1.0/vnnlib/ruarobot/hyperrectangle_3542.vnnlib,.005799363,unsat,5.630112680
safenlp_2024,vnncomp2026_benchmarks/benchmarks/safenlp_2024/1.0/onnx/ruarobot/perturbations_0.onnx,vnncomp2026_benchmarks/benchmarks/safenlp_2024/1.0/vnnlib/ruarobot/hyperrectangle_6567.vnnlib,.005943666,sat,3.296895869
safenlp_2024,vnncomp2026_benchmarks/benchmarks/safenlp_2024/1.0/onnx/ruarobot/perturbations_0.onnx,vnncomp2026_benchmarks/benchmarks/safenlp_2024/1.0/vnnlib/ruarobot/hyperrectangle_7641.vnnlib,.005982896,sat,3.202091569
safenlp_2024,vnncomp2026_benchmarks/benchmarks/safenlp_2024/1.0/onnx/ruarobot/perturbations_0.onnx,vnncomp2026_benchmarks/benchmarks/safenlp_2024/1.0/vnnlib/ruarobot/hyperrectangle_4451.vnnlib,.005988506,unsat,5.382390591
safenlp_2024,vnncomp2026_benchmarks/benchmarks/safenlp_2024/1.0/onnx/medical/perturbations_0.onnx,vnncomp2026_benchmarks/benchmarks/safenlp_2024/1.0/vnnlib/medical/hyperrectangle_570.vnnlib,.005903096,sat,3.327467387
safenlp_2024,vnncomp2026_benchmarks/benchmarks/safenlp_2024/1.0/onnx/ruarobot/perturbations_0.onnx,vnncomp2026_benchmarks/benchmarks/safenlp_2024/1.0/vnnlib/ruarobot/hyperrectangle_6688.vnnlib,.005882945,sat,5.470915272
safenlp_2024,vnncomp2026_benchmarks/benchmarks/safenlp_2024/1.0/onnx/ruarobot/perturbations_0.onnx,vnncomp2026_benchmarks/benchmarks/safenlp_2024/1.0/vnnlib/ruarobot/hyperrectangle_6324.vnnlib,.006184932,sat,5.366151218
safenlp_2024,vnncomp2026_benchmarks/benchmarks/safenlp_2024/1.0/onnx/ruarobot/perturbations_0.onnx,vnncomp2026_benchmarks/benchmarks/safenlp_2024/1.0/vnnlib/ruarobot/hyperrectangle_1227.vnnlib,.006247293,sat,3.375385522
safenlp_2024,vnncomp2026_benchmarks/benchmarks/safenlp_2024/1.0/onnx/ruarobot/perturbations_0.onnx,vnncomp2026_benchmarks/benchmarks/safenlp_2024/1.0/vnnlib/ruarobot/hyperrectangle_3955.vnnlib,.006024177,unsat,6.822813126
safenlp_2024,vnncomp2026_benchmarks/benchmarks/safenlp_2024/1.0/onnx/ruarobot/perturbations_0.onnx,vnncomp2026_benchmarks/benchmarks/safenlp_2024/1.0/vnnlib/ruarobot/hyperrectangle_5963.vnnlib,.005854895,sat,6.856239459
safenlp_2024,vnncomp2026_benchmarks/benchmarks/safenlp_2024/1.0/onnx/ruarobot/perturbations_0.onnx,vnncomp2026_benchmarks/benchmarks/safenlp_2024/1.0/vnnlib/ruarobot/hyperrectangle_6020.vnnlib,.005853505,sat,5.392564113
safenlp_2024,vnncomp2026_benchmarks/benchmarks/safenlp_2024/1.0/onnx/ruarobot/perturbations_0.onnx,vnncomp2026_benchmarks/benchmarks/safenlp_2024/1.0/vnnlib/ruarobot/hyperrectangle_1398.vnnlib,.005900566,sat,7.584360668
safenlp_2024,vnncomp2026_benchmarks/benchmarks/safenlp_2024/1.0/onnx/ruarobot/perturbations_0.onnx,vnncomp2026_benchmarks/benchmarks/safenlp_2024/1.0/vnnlib/ruarobot/hyperrectangle_142.vnnlib,.006151100,sat,7.095636173
safenlp_2024,vnncomp2026_benchmarks/benchmarks/safenlp_2024/1.0/onnx/ruarobot/perturbations_0.onnx,vnncomp2026_benchmarks/benchmarks/safenlp_2024/1.0/vnnlib/ruarobot/hyperrectangle_1567.vnnlib,.006012737,sat,7.112912368
safenlp_2024,vnncomp2026_benchmarks/benchmarks/safenlp_2024/1.0/onnx/ruarobot/perturbations_0.onnx,vnncomp2026_benchmarks/benchmarks/safenlp_2024/1.0/vnnlib/ruarobot/hyperrectangle_5715.vnnlib,.006170942,sat,3.441704117
safenlp_2024,vnncomp2026_benchmarks/benchmarks/safenlp_2024/1.0/onnx/ruarobot/perturbations_0.onnx,vnncomp2026_benchmarks/benchmarks/safenlp_2024/1.0/vnnlib/ruarobot/hyperrectangle_4515.vnnlib,.005792402,sat,7.010685852
safenlp_2024,vnncomp2026_benchmarks/benchmarks/safenlp_2024/1.0/onnx/ruarobot/perturbations_0.onnx,vnncomp2026_benchmarks/benchmarks/safenlp_2024/1.0/vnnlib/ruarobot/hyperrectangle_5092.vnnlib,.005874445,sat,4.593529659
safenlp_2024,vnncomp2026_benchmarks/benchmarks/safenlp_2024/1.0/onnx/ruarobot/perturbations_0.onnx,vnncomp2026_benchmarks/benchmarks/safenlp_2024/1.0/vnnlib/ruarobot/hyperrectangle_1536.vnnlib,.005959657,sat,6.860195323
safenlp_2024,vnncomp2026_benchmarks/benchmarks/safenlp_2024/1.0/onnx/ruarobot/perturbations_0.onnx,vnncomp2026_benchmarks/benchmarks/safenlp_2024/1.0/vnnlib/ruarobot/hyperrectangle_1366.vnnlib,.005969817,unsat,5.449877137
safenlp_2024,vnncomp2026_benchmarks/benchmarks/safenlp_2024/1.0/onnx/ruarobot/perturbations_0.onnx,vnncomp2026_benchmarks/benchmarks/safenlp_2024/1.0/vnnlib/ruarobot/hyperrectangle_5409.vnnlib,.005981819,unsat,5.537715133
safenlp_2024,vnncomp2026_benchmarks/benchmarks/safenlp_2024/1.0/onnx/ruarobot/perturbations_0.onnx,vnncomp2026_benchmarks/benchmarks/safenlp_2024/1.0/vnnlib/ruarobot/hyperrectangle_6097.vnnlib,.005894107,sat,5.535507162
safenlp_2024,vnncomp2026_benchmarks/benchmarks/safenlp_2024/1.0/onnx/medical/perturbations_0.onnx,vnncomp2026_benchmarks/benchmarks/safenlp_2024/1.0/vnnlib/medical/hyperrectangle_2222.vnnlib,.005927128,sat,6.820965352
safenlp_2024,vnncomp2026_benchmarks/benchmarks/safenlp_2024/1.0/onnx/ruarobot/perturbations_0.onnx,vnncomp2026_benchmarks/benchmarks/safenlp_2024/1.0/vnnlib/ruarobot/hyperrectangle_2953.vnnlib,.006118801,sat,5.336740838
safenlp_2024,vnncomp2026_benchmarks/benchmarks/safenlp_2024/1.0/onnx/ruarobot/perturbations_0.onnx,vnncomp2026_benchmarks/benchmarks/safenlp_2024/1.0/vnnlib/ruarobot/hyperrectangle_3484.vnnlib,.005908716,sat,6.853046651
safenlp_2024,vnncomp2026_benchmarks/benchmarks/safenlp_2024/1.0/onnx/ruarobot/perturbations_0.onnx,vnncomp2026_benchmarks/benchmarks/safenlp_2024/1.0/vnnlib/ruarobot/hyperrectangle_6190.vnnlib,.005944197,sat,6.813855206
safenlp_2024,vnncomp2026_benchmarks/benchmarks/safenlp_2024/1.0/onnx/ruarobot/perturbations_0.onnx,vnncomp2026_benchmarks/benchmarks/safenlp_2024/1.0/vnnlib/ruarobot/hyperrectangle_6539.vnnlib,.006006366,sat,5.436430814
safenlp_2024,vnncomp2026_benchmarks/benchmarks/safenlp_2024/1.0/onnx/ruarobot/perturbations_0.onnx,vnncomp2026_benchmarks/benchmarks/safenlp_2024/1.0/vnnlib/ruarobot/hyperrectangle_100.vnnlib,.006014945,sat,5.511876044
safenlp_2024,vnncomp2026_benchmarks/benchmarks/safenlp_2024/1.0/onnx/medical/perturbations_0.onnx,vnncomp2026_benchmarks/benchmarks/safenlp_2024/1.0/vnnlib/medical/hyperrectangle_1574.vnnlib,.006077569,unsat,5.317512209
safenlp_2024,vnncomp2026_benchmarks/benchmarks/safenlp_2024/1.0/onnx/medical/perturbations_0.onnx,vnncomp2026_benchmarks/benchmarks/safenlp_2024/1.0/vnnlib/medical/hyperrectangle_264.vnnlib,.005985928,unsat,5.304278864
safenlp_2024,vnncomp2026_benchmarks/benchmarks/safenlp_2024/1.0/onnx/ruarobot/perturbations_0.onnx,vnncomp2026_benchmarks/benchmarks/safenlp_2024/1.0/vnnlib/ruarobot/hyperrectangle_2882.vnnlib,.005988318,sat,6.891563865
safenlp_2024,vnncomp2026_benchmarks/benchmarks/safenlp_2024/1.0/onnx/medical/perturbations_0.onnx,vnncomp2026_benchmarks/benchmarks/safenlp_2024/1.0/vnnlib/medical/hyperrectangle_2000.vnnlib,.005970246,unsat,5.783545977
safenlp_2024,vnncomp2026_benchmarks/benchmarks/safenlp_2024/1.0/onnx/ruarobot/perturbations_0.onnx,vnncomp2026_benchmarks/benchmarks/safenlp_2024/1.0/vnnlib/ruarobot/hyperrectangle_6434.vnnlib,.005918365,sat,7.286518330
safenlp_2024,vnncomp2026_benchmarks/benchmarks/safenlp_2024/1.0/onnx/medical/perturbations_0.onnx,vnncomp2026_benchmarks/benchmarks/safenlp_2024/1.0/vnnlib/medical/hyperrectangle_2197.vnnlib,.006039318,unsat,5.392406309
safenlp_2024,vnncomp2026_benchmarks/benchmarks/safenlp_2024/1.0/onnx/ruarobot/perturbations_0.onnx,vnncomp2026_benchmarks/benchmarks/safenlp_2024/1.0/vnnlib/ruarobot/hyperrectangle_6204.vnnlib,.006010427,sat,5.356558839
safenlp_2024,vnncomp2026_benchmarks/benchmarks/safenlp_2024/1.0/onnx/medical/perturbations_0.onnx,vnncomp2026_benchmarks/benchmarks/safenlp_2024/1.0/vnnlib/medical/hyperrectangle_184.vnnlib,.006099280,unsat,5.294620042
safenlp_2024,vnncomp2026_benchmarks/benchmarks/safenlp_2024/1.0/onnx/medical/perturbations_0.onnx,vnncomp2026_benchmarks/benchmarks/safenlp_2024/1.0/vnnlib/medical/hyperrectangle_1280.vnnlib,.005951637,unsat,5.347873844
safenlp_2024,vnncomp2026_benchmarks/benchmarks/safenlp_2024/1.0/onnx/ruarobot/perturbations_0.onnx,vnncomp2026_benchmarks/benchmarks/safenlp_2024/1.0/vnnlib/ruarobot/hyperrectangle_1369.vnnlib,.005795654,sat,5.444363187
safenlp_2024,vnncomp2026_benchmarks/benchmarks/safenlp_2024/1.0/onnx/ruarobot/perturbations_0.onnx,vnncomp2026_benchmarks/benchmarks/safenlp_2024/1.0/vnnlib/ruarobot/hyperrectangle_1937.vnnlib,.005775654,unsat,6.787073602
safenlp_2024,vnncomp2026_benchmarks/benchmarks/safenlp_2024/1.0/onnx/ruarobot/perturbations_0.onnx,vnncomp2026_benchmarks/benchmarks/safenlp_2024/1.0/vnnlib/ruarobot/hyperrectangle_500.vnnlib,.005927317,sat,5.466595077
safenlp_2024,vnncomp2026_benchmarks/benchmarks/safenlp_2024/1.0/onnx/ruarobot/perturbations_0.onnx,vnncomp2026_benchmarks/benchmarks/safenlp_2024/1.0/vnnlib/ruarobot/hyperrectangle_4495.vnnlib,.006061340,sat,3.216085252
safenlp_2024,vnncomp2026_benchmarks/benchmarks/safenlp_2024/1.0/onnx/ruarobot/perturbations_0.onnx,vnncomp2026_benchmarks/benchmarks/safenlp_2024/1.0/vnnlib/ruarobot/hyperrectangle_5332.vnnlib,.005902806,sat,5.430611727
safenlp_2024,vnncomp2026_benchmarks/benchmarks/safenlp_2024/1.0/onnx/medical/perturbations_0.onnx,vnncomp2026_benchmarks/benchmarks/safenlp_2024/1.0/vnnlib/medical/hyperrectangle_719.vnnlib,.005969818,unsat,5.378645044
safenlp_2024,vnncomp2026_benchmarks/benchmarks/safenlp_2024/1.0/onnx/medical/perturbations_0.onnx,vnncomp2026_benchmarks/benchmarks/safenlp_2024/1.0/vnnlib/medical/hyperrectangle_372.vnnlib,.006099800,unsat,5.298854075
safenlp_2024,vnncomp2026_benchmarks/benchmarks/safenlp_2024/1.0/onnx/ruarobot/perturbations_0.onnx,vnncomp2026_benchmarks/benchmarks/safenlp_2024/1.0/vnnlib/ruarobot/hyperrectangle_6449.vnnlib,.006051348,sat,5.523235237
safenlp_2024,vnncomp2026_benchmarks/benchmarks/safenlp_2024/1.0/onnx/ruarobot/perturbations_0.onnx,vnncomp2026_benchmarks/benchmarks/safenlp_2024/1.0/vnnlib/ruarobot/hyperrectangle_1086.vnnlib,.005896516,sat,5.407812611
safenlp_2024,vnncomp2026_benchmarks/benchmarks/safenlp_2024/1.0/onnx/ruarobot/perturbations_0.onnx,vnncomp2026_benchmarks/benchmarks/safenlp_2024/1.0/vnnlib/ruarobot/hyperrectangle_1439.vnnlib,.005891045,unsat,6.029462626
safenlp_2024,vnncomp2026_benchmarks/benchmarks/safenlp_2024/1.0/onnx/ruarobot/perturbations_0.onnx,vnncomp2026_benchmarks/benchmarks/safenlp_2024/1.0/vnnlib/ruarobot/hyperrectangle_2721.vnnlib,.005942647,sat,3.204357042
safenlp_2024,vnncomp2026_benchmarks/benchmarks/safenlp_2024/1.0/onnx/ruarobot/perturbations_0.onnx,vnncomp2026_benchmarks/benchmarks/safenlp_2024/1.0/vnnlib/ruarobot/hyperrectangle_756.vnnlib,.005853695,sat,3.676502615
safenlp_2024,vnncomp2026_benchmarks/benchmarks/safenlp_2024/1.0/onnx/medical/perturbations_0.onnx,vnncomp2026_benchmarks/benchmarks/safenlp_2024/1.0/vnnlib/medical/hyperrectangle_692.vnnlib,.005981348,sat,3.187724086
safenlp_2024,vnncomp2026_benchmarks/benchmarks/safenlp_2024/1.0/onnx/ruarobot/perturbations_0.onnx,vnncomp2026_benchmarks/benchmarks/safenlp_2024/1.0/vnnlib/ruarobot/hyperrectangle_4225.vnnlib,.005939406,unsat,5.375006614
safenlp_2024,vnncomp2026_benchmarks/benchmarks/safenlp_2024/1.0/onnx/medical/perturbations_0.onnx,vnncomp2026_benchmarks/benchmarks/safenlp_2024/1.0/vnnlib/medical/hyperrectangle_1693.vnnlib,.006008658,unsat,5.326180415
safenlp_2024,vnncomp2026_benchmarks/benchmarks/safenlp_2024/1.0/onnx/ruarobot/perturbations_0.onnx,vnncomp2026_benchmarks/benchmarks/safenlp_2024/1.0/vnnlib/ruarobot/hyperrectangle_4911.vnnlib,.006057079,sat,5.364283997
safenlp_2024,vnncomp2026_benchmarks/benchmarks/safenlp_2024/1.0/onnx/ruarobot/perturbations_0.onnx,vnncomp2026_benchmarks/benchmarks/safenlp_2024/1.0/vnnlib/ruarobot/hyperrectangle_3365.vnnlib,.005959506,sat,6.866592075
safenlp_2024,vnncomp2026_benchmarks/benchmarks/safenlp_2024/1.0/onnx/medical/perturbations_0.onnx,vnncomp2026_benchmarks/benchmarks/safenlp_2024/1.0/vnnlib/medical/hyperrectangle_2584.vnnlib,.005975287,sat,3.423995844
safenlp_2024,vnncomp2026_benchmarks/benchmarks/safenlp_2024/1.0/onnx/ruarobot/perturbations_0.onnx,vnncomp2026_benchmarks/benchmarks/safenlp_2024/1.0/vnnlib/ruarobot/hyperrectangle_2553.vnnlib,.005886994,sat,6.870556405
safenlp_2024,vnncomp2026_benchmarks/benchmarks/safenlp_2024/1.0/onnx/ruarobot/perturbations_0.onnx,vnncomp2026_benchmarks/benchmarks/safenlp_2024/1.0/vnnlib/ruarobot/hyperrectangle_7064.vnnlib,.005885424,sat,5.454571582
safenlp_2024,vnncomp2026_benchmarks/benchmarks/safenlp_2024/1.0/onnx/ruarobot/perturbations_0.onnx,vnncomp2026_benchmarks/benchmarks/safenlp_2024/1.0/vnnlib/ruarobot/hyperrectangle_5425.vnnlib,.005870514,sat,3.378239278
safenlp_2024,vnncomp2026_benchmarks/benchmarks/safenlp_2024/1.0/onnx/medical/perturbations_0.onnx,vnncomp2026_benchmarks/benchmarks/safenlp_2024/1.0/vnnlib/medical/hyperrectangle_1369.vnnlib,.006282934,unsat,5.399968909
safenlp_2024,vnncomp2026_benchmarks/benchmarks/safenlp_2024/1.0/onnx/ruarobot/perturbations_0.onnx,vnncomp2026_benchmarks/benchmarks/safenlp_2024/1.0/vnnlib/ruarobot/hyperrectangle_5308.vnnlib,.005941736,sat,5.448895629
safenlp_2024,vnncomp2026_benchmarks/benchmarks/safenlp_2024/1.0/onnx/ruarobot/perturbations_0.onnx,vnncomp2026_benchmarks/benchmarks/safenlp_2024/1.0/vnnlib/ruarobot/hyperrectangle_1304.vnnlib,.005979387,sat,7.001052720
safenlp_2024,vnncomp2026_benchmarks/benchmarks/safenlp_2024/1.0/onnx/ruarobot/perturbations_0.onnx,vnncomp2026_benchmarks/benchmarks/safenlp_2024/1.0/vnnlib/ruarobot/hyperrectangle_4307.vnnlib,.005909985,unsat,6.957746350
safenlp_2024,vnncomp2026_benchmarks/benchmarks/safenlp_2024/1.0/onnx/ruarobot/perturbations_0.onnx,vnncomp2026_benchmarks/benchmarks/safenlp_2024/1.0/vnnlib/ruarobot/hyperrectangle_4175.vnnlib,.005881045,unsat,5.529121919
safenlp_2024,vnncomp2026_benchmarks/benchmarks/safenlp_2024/1.0/onnx/medical/perturbations_0.onnx,vnncomp2026_benchmarks/benchmarks/safenlp_2024/1.0/vnnlib/medical/hyperrectangle_1485.vnnlib,.005812533,unsat,5.387216088
safenlp_2024,vnncomp2026_benchmarks/benchmarks/safenlp_2024/1.0/onnx/ruarobot/perturbations_0.onnx,vnncomp2026_benchmarks/benchmarks/safenlp_2024/1.0/vnnlib/ruarobot/hyperrectangle_4665.vnnlib,.005947656,sat,6.919530944
safenlp_2024,vnncomp2026_benchmarks/benchmarks/safenlp_2024/1.0/onnx/medical/perturbations_0.onnx,vnncomp2026_benchmarks/benchmarks/safenlp_2024/1.0/vnnlib/medical/hyperrectangle_2307.vnnlib,.005889895,unsat,5.435949396
safenlp_2024,vnncomp2026_benchmarks/benchmarks/safenlp_2024/1.0/onnx/ruarobot/perturbations_0.onnx,vnncomp2026_benchmarks/benchmarks/safenlp_2024/1.0/vnnlib/ruarobot/hyperrectangle_5606.vnnlib,.005976988,unsat,5.491836117
safenlp_2024,vnncomp2026_benchmarks/benchmarks/safenlp_2024/1.0/onnx/ruarobot/perturbations_0.onnx,vnncomp2026_benchmarks/benchmarks/safenlp_2024/1.0/vnnlib/ruarobot/hyperrectangle_6052.vnnlib,.005878254,sat,5.368302404
safenlp_2024,vnncomp2026_benchmarks/benchmarks/safenlp_2024/1.0/onnx/medical/perturbations_0.onnx,vnncomp2026_benchmarks/benchmarks/safenlp_2024/1.0/vnnlib/medical/hyperrectangle_1500.vnnlib,.005718261,sat,5.373078293
safenlp_2024,vnncomp2026_benchmarks/benchmarks/safenlp_2024/1.0/onnx/ruarobot/perturbations_0.onnx,vnncomp2026_benchmarks/benchmarks/safenlp_2024/1.0/vnnlib/ruarobot/hyperrectangle_4379.vnnlib,.005858275,sat,5.333207334
safenlp_2024,vnncomp2026_benchmarks/benchmarks/safenlp_2024/1.0/onnx/ruarobot/perturbations_0.onnx,vnncomp2026_benchmarks/benchmarks/safenlp_2024/1.0/vnnlib/ruarobot/hyperrectangle_1742.vnnlib,.006035068,sat,6.852958276
safenlp_2024,vnncomp2026_benchmarks/benchmarks/safenlp_2024/1.0/onnx/ruarobot/perturbations_0.onnx,vnncomp2026_benchmarks/benchmarks/safenlp_2024/1.0/vnnlib/ruarobot/hyperrectangle_3618.vnnlib,.006201692,sat,3.943523958
safenlp_2024,vnncomp2026_benchmarks/benchmarks/safenlp_2024/1.0/onnx/ruarobot/perturbations_0.onnx,vnncomp2026_benchmarks/benchmarks/safenlp_2024/1.0/vnnlib/ruarobot/hyperrectangle_4103.vnnlib,.006000037,sat,3.232026541
safenlp_2024,vnncomp2026_benchmarks/benchmarks/safenlp_2024/1.0/onnx/ruarobot/perturbations_0.onnx,vnncomp2026_benchmarks/benchmarks/safenlp_2024/1.0/vnnlib/ruarobot/hyperrectangle_1269.vnnlib,.006221393,sat,5.422747117
safenlp_2024,vnncomp2026_benchmarks/benchmarks/safenlp_2024/1.0/onnx/ruarobot/perturbations_0.onnx,vnncomp2026_benchmarks/benchmarks/safenlp_2024/1.0/vnnlib/ruarobot/hyperrectangle_1100.vnnlib,.006009188,sat,5.424088428
safenlp_2024,vnncomp2026_benchmarks/benchmarks/safenlp_2024/1.0/onnx/ruarobot/perturbations_0.onnx,vnncomp2026_benchmarks/benchmarks/safenlp_2024/1.0/vnnlib/ruarobot/hyperrectangle_6212.vnnlib,.006006197,sat,5.438245480
safenlp_2024,vnncomp2026_benchmarks/benchmarks/safenlp_2024/1.0/onnx/medical/perturbations_0.onnx,vnncomp2026_benchmarks/benchmarks/safenlp_2024/1.0/vnnlib/medical/hyperrectangle_2344.vnnlib,.006066688,sat,6.944514661
safenlp_2024,vnncomp2026_benchmarks/benchmarks/safenlp_2024/1.0/onnx/ruarobot/perturbations_0.onnx,vnncomp2026_benchmarks/benchmarks/safenlp_2024/1.0/vnnlib/ruarobot/hyperrectangle_6945.vnnlib,.005881505,sat,5.435556169
safenlp_2024,vnncomp2026_benchmarks/benchmarks/safenlp_2024/1.0/onnx/medical/perturbations_0.onnx,vnncomp2026_benchmarks/benchmarks/safenlp_2024/1.0/vnnlib/medical/hyperrectangle_2354.vnnlib,.006136071,sat,6.934400517
safenlp_2024,vnncomp2026_benchmarks/benchmarks/safenlp_2024/1.0/onnx/ruarobot/perturbations_0.onnx,vnncomp2026_benchmarks/benchmarks/safenlp_2024/1.0/vnnlib/ruarobot/hyperrectangle_1401.vnnlib,.005852755,sat,3.411023248
safenlp_2024,vnncomp2026_benchmarks/benchmarks/safenlp_2024/1.0/onnx/ruarobot/perturbations_0.onnx,vnncomp2026_benchmarks/benchmarks/safenlp_2024/1.0/vnnlib/ruarobot/hyperrectangle_2123.vnnlib,.005955327,sat,5.520366036
safenlp_2024,vnncomp2026_benchmarks/benchmarks/safenlp_2024/1.0/onnx/ruarobot/perturbations_0.onnx,vnncomp2026_benchmarks/benchmarks/safenlp_2024/1.0/vnnlib/ruarobot/hyperrectangle_3849.vnnlib,.006044489,unsat,5.439489838
safenlp_2024,vnncomp2026_benchmarks/benchmarks/safenlp_2024/1.0/onnx/ruarobot/perturbations_0.onnx,vnncomp2026_benchmarks/benchmarks/safenlp_2024/1.0/vnnlib/ruarobot/hyperrectangle_7881.vnnlib,.005875735,sat,5.244529478
safenlp_2024,vnncomp2026_benchmarks/benchmarks/safenlp_2024/1.0/onnx/ruarobot/perturbations_0.onnx,vnncomp2026_benchmarks/benchmarks/safenlp_2024/1.0/vnnlib/ruarobot/hyperrectangle_7895.vnnlib,.006057239,sat,4.314484728
safenlp_2024,vnncomp2026_benchmarks/benchmarks/safenlp_2024/1.0/onnx/ruarobot/perturbations_0.onnx,vnncomp2026_benchmarks/benchmarks/safenlp_2024/1.0/vnnlib/ruarobot/hyperrectangle_6788.vnnlib,.005890685,sat,5.362025245
safenlp_2024,vnncomp2026_benchmarks/benchmarks/safenlp_2024/1.0/onnx/ruarobot/perturbations_0.onnx,vnncomp2026_benchmarks/benchmarks/safenlp_2024/1.0/vnnlib/ruarobot/hyperrectangle_2177.vnnlib,.005940166,sat,6.874045915
safenlp_2024,vnncomp2026_benchmarks/benchmarks/safenlp_2024/1.0/onnx/ruarobot/perturbations_0.onnx,vnncomp2026_benchmarks/benchmarks/safenlp_2024/1.0/vnnlib/ruarobot/hyperrectangle_5766.vnnlib,.006378767,sat,6.815015314
safenlp_2024,vnncomp2026_benchmarks/benchmarks/safenlp_2024/1.0/onnx/ruarobot/perturbations_0.onnx,vnncomp2026_benchmarks/benchmarks/safenlp_2024/1.0/vnnlib/ruarobot/hyperrectangle_6036.vnnlib,.005847054,sat,4.180504497
safenlp_2024,vnncomp2026_benchmarks/benchmarks/safenlp_2024/1.0/onnx/ruarobot/perturbations_0.onnx,vnncomp2026_benchmarks/benchmarks/safenlp_2024/1.0/vnnlib/ruarobot/hyperrectangle_4343.vnnlib,.005878124,unsat,5.384067071
safenlp_2024,vnncomp2026_benchmarks/benchmarks/safenlp_2024/1.0/onnx/ruarobot/perturbations_0.onnx,vnncomp2026_benchmarks/benchmarks/safenlp_2024/1.0/vnnlib/ruarobot/hyperrectangle_7515.vnnlib,.006008748,sat,3.215553960
safenlp_2024,vnncomp2026_benchmarks/benchmarks/safenlp_2024/1.0/onnx/ruarobot/perturbations_0.onnx,vnncomp2026_benchmarks/benchmarks/safenlp_2024/1.0/vnnlib/ruarobot/hyperrectangle_2302.vnnlib,.006027988,sat,5.395554580
safenlp_2024,vnncomp2026_benchmarks/benchmarks/safenlp_2024/1.0/onnx/ruarobot/perturbations_0.onnx,vnncomp2026_benchmarks/benchmarks/safenlp_2024/1.0/vnnlib/ruarobot/hyperrectangle_6812.vnnlib,.005947407,sat,3.198233769
safenlp_2024,vnncomp2026_benchmarks/benchmarks/safenlp_2024/1.0/onnx/ruarobot/perturbations_0.onnx,vnncomp2026_benchmarks/benchmarks/safenlp_2024/1.0/vnnlib/ruarobot/hyperrectangle_253.vnnlib,.006005748,sat,6.905460536
safenlp_2024,vnncomp2026_benchmarks/benchmarks/safenlp_2024/1.0/onnx/medical/perturbations_0.onnx,vnncomp2026_benchmarks/benchmarks/safenlp_2024/1.0/vnnlib/medical/hyperrectangle_354.vnnlib,.005908795,sat,3.220445798
safenlp_2024,vnncomp2026_benchmarks/benchmarks/safenlp_2024/1.0/onnx/medical/perturbations_0.onnx,vnncomp2026_benchmarks/benchmarks/safenlp_2024/1.0/vnnlib/medical/hyperrectangle_2609.vnnlib,.005946676,unsat,5.308055650
safenlp_2024,vnncomp2026_benchmarks/benchmarks/safenlp_2024/1.0/onnx/ruarobot/perturbations_0.onnx,vnncomp2026_benchmarks/benchmarks/safenlp_2024/1.0/vnnlib/ruarobot/hyperrectangle_7035.vnnlib,.005902205,sat,5.450953107
safenlp_2024,vnncomp2026_benchmarks/benchmarks/safenlp_2024/1.0/onnx/ruarobot/perturbations_0.onnx,vnncomp2026_benchmarks/benchmarks/safenlp_2024/1.0/vnnlib/ruarobot/hyperrectangle_3828.vnnlib,.005947086,sat,7.149125979
safenlp_2024,vnncomp2026_benchmarks/benchmarks/safenlp_2024/1.0/onnx/ruarobot/perturbations_0.onnx,vnncomp2026_benchmarks/benchmarks/safenlp_2024/1.0/vnnlib/ruarobot/hyperrectangle_293.vnnlib,.005921465,sat,6.834268000
safenlp_2024,vnncomp2026_benchmarks/benchmarks/safenlp_2024/1.0/onnx/medical/perturbations_0.onnx,vnncomp2026_benchmarks/benchmarks/safenlp_2024/1.0/vnnlib/medical/hyperrectangle_1091.vnnlib,.005866965,unsat,5.380107235
safenlp_2024,vnncomp2026_benchmarks/benchmarks/safenlp_2024/1.0/onnx/ruarobot/perturbations_0.onnx,vnncomp2026_benchmarks/benchmarks/safenlp_2024/1.0/vnnlib/ruarobot/hyperrectangle_7398.vnnlib,.006043469,sat,7.120884586
safenlp_2024,vnncomp2026_benchmarks/benchmarks/safenlp_2024/1.0/onnx/ruarobot/perturbations_0.onnx,vnncomp2026_benchmarks/benchmarks/safenlp_2024/1.0/vnnlib/ruarobot/hyperrectangle_1481.vnnlib,.005964916,sat,5.331295467
safenlp_2024,vnncomp2026_benchmarks/benchmarks/safenlp_2024/1.0/onnx/medical/perturbations_0.onnx,vnncomp2026_benchmarks/benchmarks/safenlp_2024/1.0/vnnlib/medical/hyperrectangle_2712.vnnlib,.006070249,unsat,5.321550463
safenlp_2024,vnncomp2026_benchmarks/benchmarks/safenlp_2024/1.0/onnx/ruarobot/perturbations_0.onnx,vnncomp2026_benchmarks/benchmarks/safenlp_2024/1.0/vnnlib/ruarobot/hyperrectangle_2552.vnnlib,.005912645,sat,3.223837726
safenlp_2024,vnncomp2026_benchmarks/benchmarks/safenlp_2024/1.0/onnx/ruarobot/perturbations_0.onnx,vnncomp2026_benchmarks/benchmarks/safenlp_2024/1.0/vnnlib/ruarobot/hyperrectangle_3634.vnnlib,.006008758,sat,7.021537607
safenlp_2024,vnncomp2026_benchmarks/benchmarks/safenlp_2024/1.0/onnx/ruarobot/perturbations_0.onnx,vnncomp2026_benchmarks/benchmarks/safenlp_2024/1.0/vnnlib/ruarobot/hyperrectangle_2992.vnnlib,.005891645,sat,5.351057700
safenlp_2024,vnncomp2026_benchmarks/benchmarks/safenlp_2024/1.0/onnx/ruarobot/perturbations_0.onnx,vnncomp2026_benchmarks/benchmarks/safenlp_2024/1.0/vnnlib/ruarobot/hyperrectangle_4969.vnnlib,.006058088,sat,5.587858621
safenlp_2024,vnncomp2026_benchmarks/benchmarks/safenlp_2024/1.0/onnx/ruarobot/perturbations_0.onnx,vnncomp2026_benchmarks/benchmarks/safenlp_2024/1.0/vnnlib/ruarobot/hyperrectangle_3031.vnnlib,.005923066,unsat,5.329289369
safenlp_2024,vnncomp2026_benchmarks/benchmarks/safenlp_2024/1.0/onnx/ruarobot/perturbations_0.onnx,vnncomp2026_benchmarks/benchmarks/safenlp_2024/1.0/vnnlib/ruarobot/hyperrectangle_770.vnnlib,.006002227,sat,5.545446634
safenlp_2024,vnncomp2026_benchmarks/benchmarks/safenlp_2024/1.0/onnx/ruarobot/perturbations_0.onnx,vnncomp2026_benchmarks/benchmarks/safenlp_2024/1.0/vnnlib/ruarobot/hyperrectangle_5852.vnnlib,.005946226,sat,5.621241650
safenlp_2024,vnncomp2026_benchmarks/benchmarks/safenlp_2024/1.0/onnx/ruarobot/perturbations_0.onnx,vnncomp2026_benchmarks/benchmarks/safenlp_2024/1.0/vnnlib/ruarobot/hyperrectangle_2792.vnnlib,.006121680,sat,3.199966075
safenlp_2024,vnncomp2026_benchmarks/benchmarks/safenlp_2024/1.0/onnx/medical/perturbations_0.onnx,vnncomp2026_benchmarks/benchmarks/safenlp_2024/1.0/vnnlib/medical/hyperrectangle_2183.vnnlib,.005845933,unsat,5.492293291
safenlp_2024,vnncomp2026_benchmarks/benchmarks/safenlp_2024/1.0/onnx/ruarobot/perturbations_0.onnx,vnncomp2026_benchmarks/benchmarks/safenlp_2024/1.0/vnnlib/ruarobot/hyperrectangle_791.vnnlib,.005924855,sat,6.939927487
safenlp_2024,vnncomp2026_benchmarks/benchmarks/safenlp_2024/1.0/onnx/ruarobot/perturbations_0.onnx,vnncomp2026_benchmarks/benchmarks/safenlp_2024/1.0/vnnlib/ruarobot/hyperrectangle_1803.vnnlib,.005943916,unsat,5.302969241
safenlp_2024,vnncomp2026_benchmarks/benchmarks/safenlp_2024/1.0/onnx/ruarobot/perturbations_0.onnx,vnncomp2026_benchmarks/benchmarks/safenlp_2024/1.0/vnnlib/ruarobot/hyperrectangle_3063.vnnlib,.005635009,unsat,5.754450246
safenlp_2024,vnncomp2026_benchmarks/benchmarks/safenlp_2024/1.0/onnx/ruarobot/perturbations_0.onnx,vnncomp2026_benchmarks/benchmarks/safenlp_2024/1.0/vnnlib/ruarobot/hyperrectangle_194.vnnlib,.005858054,unsat,5.618565877
safenlp_2024,vnncomp2026_benchmarks/benchmarks/safenlp_2024/1.0/onnx/ruarobot/perturbations_0.onnx,vnncomp2026_benchmarks/benchmarks/safenlp_2024/1.0/vnnlib/ruarobot/hyperrectangle_5649.vnnlib,.006412887,sat,7.092762927
safenlp_2024,vnncomp2026_benchmarks/benchmarks/safenlp_2024/1.0/onnx/medical/perturbations_0.onnx,vnncomp2026_benchmarks/benchmarks/safenlp_2024/1.0/vnnlib/medical/hyperrectangle_1943.vnnlib,.005901655,unsat,5.303968790
safenlp_2024,vnncomp2026_benchmarks/benchmarks/safenlp_2024/1.0/onnx/ruarobot/perturbations_0.onnx,vnncomp2026_benchmarks/benchmarks/safenlp_2024/1.0/vnnlib/ruarobot/hyperrectangle_7493.vnnlib,.006100180,run_instance_timeout,80.002620715
safenlp_2024,vnncomp2026_benchmarks/benchmarks/safenlp_2024/1.0/onnx/ruarobot/perturbations_0.onnx,vnncomp2026_benchmarks/benchmarks/safenlp_2024/1.0/vnnlib/ruarobot/hyperrectangle_2144.vnnlib,.005799553,sat,3.625091566
safenlp_2024,vnncomp2026_benchmarks/benchmarks/safenlp_2024/1.0/onnx/ruarobot/perturbations_0.onnx,vnncomp2026_benchmarks/benchmarks/safenlp_2024/1.0/vnnlib/ruarobot/hyperrectangle_2205.vnnlib,.005926895,sat,6.858465654
safenlp_2024,vnncomp2026_benchmarks/benchmarks/safenlp_2024/1.0/onnx/ruarobot/perturbations_0.onnx,vnncomp2026_benchmarks/benchmarks/safenlp_2024/1.0/vnnlib/ruarobot/hyperrectangle_1875.vnnlib,.005970526,sat,5.443009496
safenlp_2024,vnncomp2026_benchmarks/benchmarks/safenlp_2024/1.0/onnx/ruarobot/perturbations_0.onnx,vnncomp2026_benchmarks/benchmarks/safenlp_2024/1.0/vnnlib/ruarobot/hyperrectangle_5310.vnnlib,.006089079,sat,5.371821993
safenlp_2024,vnncomp2026_benchmarks/benchmarks/safenlp_2024/1.0/onnx/ruarobot/perturbations_0.onnx,vnncomp2026_benchmarks/benchmarks/safenlp_2024/1.0/vnnlib/ruarobot/hyperrectangle_4953.vnnlib,.005843893,unsat,5.462988345
safenlp_2024,vnncomp2026_benchmarks/benchmarks/safenlp_2024/1.0/onnx/medical/perturbations_0.onnx,vnncomp2026_benchmarks/benchmarks/safenlp_2024/1.0/vnnlib/medical/hyperrectangle_2780.vnnlib,.005934825,unsat,6.229224794
safenlp_2024,vnncomp2026_benchmarks/benchmarks/safenlp_2024/1.0/onnx/ruarobot/perturbations_0.onnx,vnncomp2026_benchmarks/benchmarks/safenlp_2024/1.0/vnnlib/ruarobot/hyperrectangle_837.vnnlib,.005900565,sat,6.974508010
safenlp_2024,vnncomp2026_benchmarks/benchmarks/safenlp_2024/1.0/onnx/ruarobot/perturbations_0.onnx,vnncomp2026_benchmarks/benchmarks/safenlp_2024/1.0/vnnlib/ruarobot/hyperrectangle_4203.vnnlib,.005853012,unsat,5.828691060
safenlp_2024,vnncomp2026_benchmarks/benchmarks/safenlp_2024/1.0/onnx/ruarobot/perturbations_0.onnx,vnncomp2026_benchmarks/benchmarks/safenlp_2024/1.0/vnnlib/ruarobot/hyperrectangle_2428.vnnlib,.005828453,sat,3.217355334
safenlp_2024,vnncomp2026_benchmarks/benchmarks/safenlp_2024/1.0/onnx/ruarobot/perturbations_0.onnx,vnncomp2026_benchmarks/benchmarks/safenlp_2024/1.0/vnnlib/ruarobot/hyperrectangle_1474.vnnlib,.005839703,unsat,5.347445996
safenlp_2024,vnncomp2026_benchmarks/benchmarks/safenlp_2024/1.0/onnx/ruarobot/perturbations_0.onnx,vnncomp2026_benchmarks/benchmarks/safenlp_2024/1.0/vnnlib/ruarobot/hyperrectangle_2526.vnnlib,.005878614,sat,3.205015435
safenlp_2024,vnncomp2026_benchmarks/benchmarks/safenlp_2024/1.0/onnx/ruarobot/perturbations_0.onnx,vnncomp2026_benchmarks/benchmarks/safenlp_2024/1.0/vnnlib/ruarobot/hyperrectangle_3692.vnnlib,.005889015,sat,6.830639514
safenlp_2024,vnncomp2026_benchmarks/benchmarks/safenlp_2024/1.0/onnx/ruarobot/perturbations_0.onnx,vnncomp2026_benchmarks/benchmarks/safenlp_2024/1.0/vnnlib/ruarobot/hyperrectangle_3443.vnnlib,.005795404,unsat,5.401517705
safenlp_2024,vnncomp2026_benchmarks/benchmarks/safenlp_2024/1.0/onnx/ruarobot/perturbations_0.onnx,vnncomp2026_benchmarks/benchmarks/safenlp_2024/1.0/vnnlib/ruarobot/hyperrectangle_6123.vnnlib,.005944786,sat,3.249897506
safenlp_2024,vnncomp2026_benchmarks/benchmarks/safenlp_2024/1.0/onnx/ruarobot/perturbations_0.onnx,vnncomp2026_benchmarks/benchmarks/safenlp_2024/1.0/vnnlib/ruarobot/hyperrectangle_2896.vnnlib,.005956436,sat,3.316172283
safenlp_2024,vnncomp2026_benchmarks/benchmarks/safenlp_2024/1.0/onnx/ruarobot/perturbations_0.onnx,vnncomp2026_benchmarks/benchmarks/safenlp_2024/1.0/vnnlib/ruarobot/hyperrectangle_3550.vnnlib,.005957696,sat,5.376677754
safenlp_2024,vnncomp2026_benchmarks/benchmarks/safenlp_2024/1.0/onnx/ruarobot/perturbations_0.onnx,vnncomp2026_benchmarks/benchmarks/safenlp_2024/1.0/vnnlib/ruarobot/hyperrectangle_2283.vnnlib,.005955567,run_instance_timeout,80.002710281
safenlp_2024,vnncomp2026_benchmarks/benchmarks/safenlp_2024/1.0/onnx/ruarobot/perturbations_0.onnx,vnncomp2026_benchmarks/benchmarks/safenlp_2024/1.0/vnnlib/ruarobot/hyperrectangle_7468.vnnlib,.005902525,unsat,5.291366644
safenlp_2024,vnncomp2026_benchmarks/benchmarks/safenlp_2024/1.0/onnx/medical/perturbations_0.onnx,vnncomp2026_benchmarks/benchmarks/safenlp_2024/1.0/vnnlib/medical/hyperrectangle_1104.vnnlib,.006292024,unsat,7.791247056
safenlp_2024,vnncomp2026_benchmarks/benchmarks/safenlp_2024/1.0/onnx/ruarobot/perturbations_0.onnx,vnncomp2026_benchmarks/benchmarks/safenlp_2024/1.0/vnnlib/ruarobot/hyperrectangle_3969.vnnlib,.005941367,unsat,5.790350070
safenlp_2024,vnncomp2026_benchmarks/benchmarks/safenlp_2024/1.0/onnx/ruarobot/perturbations_0.onnx,vnncomp2026_benchmarks/benchmarks/safenlp_2024/1.0/vnnlib/ruarobot/hyperrectangle_4234.vnnlib,.005917845,unsat,5.342452175
safenlp_2024,vnncomp2026_benchmarks/benchmarks/safenlp_2024/1.0/onnx/ruarobot/perturbations_0.onnx,vnncomp2026_benchmarks/benchmarks/safenlp_2024/1.0/vnnlib/ruarobot/hyperrectangle_919.vnnlib,.005915606,sat,3.216053425
safenlp_2024,vnncomp2026_benchmarks/benchmarks/safenlp_2024/1.0/onnx/medical/perturbations_0.onnx,vnncomp2026_benchmarks/benchmarks/safenlp_2024/1.0/vnnlib/medical/hyperrectangle_1690.vnnlib,.005967427,unsat,5.381463074
safenlp_2024,vnncomp2026_benchmarks/benchmarks/safenlp_2024/1.0/onnx/ruarobot/perturbations_0.onnx,vnncomp2026_benchmarks/benchmarks/safenlp_2024/1.0/vnnlib/ruarobot/hyperrectangle_6894.vnnlib,.005954116,sat,6.830539129
safenlp_2024,vnncomp2026_benchmarks/benchmarks/safenlp_2024/1.0/onnx/ruarobot/perturbations_0.onnx,vnncomp2026_benchmarks/benchmarks/safenlp_2024/1.0/vnnlib/ruarobot/hyperrectangle_955.vnnlib,.005858104,sat,6.966935758
safenlp_2024,vnncomp2026_benchmarks/benchmarks/safenlp_2024/1.0/onnx/ruarobot/perturbations_0.onnx,vnncomp2026_benchmarks/benchmarks/safenlp_2024/1.0/vnnlib/ruarobot/hyperrectangle_3857.vnnlib,.006006228,sat,5.396233885
safenlp_2024,vnncomp2026_benchmarks/benchmarks/safenlp_2024/1.0/onnx/ruarobot/perturbations_0.onnx,vnncomp2026_benchmarks/benchmarks/safenlp_2024/1.0/vnnlib/ruarobot/hyperrectangle_5727.vnnlib,.006014087,sat,3.211419315
safenlp_2024,vnncomp2026_benchmarks/benchmarks/safenlp_2024/1.0/onnx/ruarobot/perturbations_0.onnx,vnncomp2026_benchmarks/benchmarks/safenlp_2024/1.0/vnnlib/ruarobot/hyperrectangle_246.vnnlib,.005955566,sat,6.841973138
safenlp_2024,vnncomp2026_benchmarks/benchmarks/safenlp_2024/1.0/onnx/ruarobot/perturbations_0.onnx,vnncomp2026_benchmarks/benchmarks/safenlp_2024/1.0/vnnlib/ruarobot/hyperrectangle_1494.vnnlib,.006015667,sat,3.260398624
safenlp_2024,vnncomp2026_benchmarks/benchmarks/safenlp_2024/1.0/onnx/ruarobot/perturbations_0.onnx,vnncomp2026_benchmarks/benchmarks/safenlp_2024/1.0/vnnlib/ruarobot/hyperrectangle_7878.vnnlib,.006241013,sat,4.097690488
safenlp_2024,vnncomp2026_benchmarks/benchmarks/safenlp_2024/1.0/onnx/medical/perturbations_0.onnx,vnncomp2026_benchmarks/benchmarks/safenlp_2024/1.0/vnnlib/medical/hyperrectangle_1261.vnnlib,.005978287,unsat,5.293204913
safenlp_2024,vnncomp2026_benchmarks/benchmarks/safenlp_2024/1.0/onnx/ruarobot/perturbations_0.onnx,vnncomp2026_benchmarks/benchmarks/safenlp_2024/1.0/vnnlib/ruarobot/hyperrectangle_5692.vnnlib,.005910705,sat,3.295883346
safenlp_2024,vnncomp2026_benchmarks/benchmarks/safenlp_2024/1.0/onnx/ruarobot/perturbations_0.onnx,vnncomp2026_benchmarks/benchmarks/safenlp_2024/1.0/vnnlib/ruarobot/hyperrectangle_7796.vnnlib,.006197102,unsat,6.416893867
safenlp_2024,vnncomp2026_benchmarks/benchmarks/safenlp_2024/1.0/onnx/medical/perturbations_0.onnx,vnncomp2026_benchmarks/benchmarks/safenlp_2024/1.0/vnnlib/medical/hyperrectangle_2158.vnnlib,.006011777,unsat,13.804105031
safenlp_2024,vnncomp2026_benchmarks/benchmarks/safenlp_2024/1.0/onnx/medical/perturbations_0.onnx,vnncomp2026_benchmarks/benchmarks/safenlp_2024/1.0/vnnlib/medical/hyperrectangle_189.vnnlib,.005901894,unsat,5.317796407
safenlp_2024,vnncomp2026_benchmarks/benchmarks/safenlp_2024/1.0/onnx/ruarobot/perturbations_0.onnx,vnncomp2026_benchmarks/benchmarks/safenlp_2024/1.0/vnnlib/ruarobot/hyperrectangle_7027.vnnlib,.006403206,sat,3.181725084
safenlp_2024,vnncomp2026_benchmarks/benchmarks/safenlp_2024/1.0/onnx/ruarobot/perturbations_0.onnx,vnncomp2026_benchmarks/benchmarks/safenlp_2024/1.0/vnnlib/ruarobot/hyperrectangle_2887.vnnlib,.005557277,sat,5.412884391
safenlp_2024,vnncomp2026_benchmarks/benchmarks/safenlp_2024/1.0/onnx/ruarobot/perturbations_0.onnx,vnncomp2026_benchmarks/benchmarks/safenlp_2024/1.0/vnnlib/ruarobot/hyperrectangle_2845.vnnlib,.005927816,sat,3.205558059
safenlp_2024,vnncomp2026_benchmarks/benchmarks/safenlp_2024/1.0/onnx/medical/perturbations_0.onnx,vnncomp2026_benchmarks/benchmarks/safenlp_2024/1.0/vnnlib/medical/hyperrectangle_1966.vnnlib,.005898935,unsat,5.295960331
safenlp_2024,vnncomp2026_benchmarks/benchmarks/safenlp_2024/1.0/onnx/ruarobot/perturbations_0.onnx,vnncomp2026_benchmarks/benchmarks/safenlp_2024/1.0/vnnlib/ruarobot/hyperrectangle_1461.vnnlib,.005907825,unsat,31.850901712
safenlp_2024,vnncomp2026_benchmarks/benchmarks/safenlp_2024/1.0/onnx/ruarobot/perturbations_0.onnx,vnncomp2026_benchmarks/benchmarks/safenlp_2024/1.0/vnnlib/ruarobot/hyperrectangle_4921.vnnlib,.005933956,sat,3.201716529
safenlp_2024,vnncomp2026_benchmarks/benchmarks/safenlp_2024/1.0/onnx/ruarobot/perturbations_0.onnx,vnncomp2026_benchmarks/benchmarks/safenlp_2024/1.0/vnnlib/ruarobot/hyperrectangle_6749.vnnlib,.005966276,sat,5.426458696
safenlp_2024,vnncomp2026_benchmarks/benchmarks/safenlp_2024/1.0/onnx/ruarobot/perturbations_0.onnx,vnncomp2026_benchmarks/benchmarks/safenlp_2024/1.0/vnnlib/ruarobot/hyperrectangle_2236.vnnlib,.006066650,unsat,7.178507054
safenlp_2024,vnncomp2026_benchmarks/benchmarks/safenlp_2024/1.0/onnx/ruarobot/perturbations_0.onnx,vnncomp2026_benchmarks/benchmarks/safenlp_2024/1.0/vnnlib/ruarobot/hyperrectangle_2573.vnnlib,.005946456,sat,6.881742477
safenlp_2024,vnncomp2026_benchmarks/benchmarks/safenlp_2024/1.0/onnx/ruarobot/perturbations_0.onnx,vnncomp2026_benchmarks/benchmarks/safenlp_2024/1.0/vnnlib/ruarobot/hyperrectangle_331.vnnlib,.005893465,sat,4.081522272
safenlp_2024,vnncomp2026_benchmarks/benchmarks/safenlp_2024/1.0/onnx/ruarobot/perturbations_0.onnx,vnncomp2026_benchmarks/benchmarks/safenlp_2024/1.0/vnnlib/ruarobot/hyperrectangle_2948.vnnlib,.005953416,sat,3.580631419
safenlp_2024,vnncomp2026_benchmarks/benchmarks/safenlp_2024/1.0/onnx/ruarobot/perturbations_0.onnx,vnncomp2026_benchmarks/benchmarks/safenlp_2024/1.0/vnnlib/ruarobot/hyperrectangle_5756.vnnlib,.005885765,sat,3.239823526
safenlp_2024,vnncomp2026_benchmarks/benchmarks/safenlp_2024/1.0/onnx/medical/perturbations_0.onnx,vnncomp2026_benchmarks/benchmarks/safenlp_2024/1.0/vnnlib/medical/hyperrectangle_769.vnnlib,.005850324,unsat,5.310481991
safenlp_2024,vnncomp2026_benchmarks/benchmarks/safenlp_2024/1.0/onnx/ruarobot/perturbations_0.onnx,vnncomp2026_benchmarks/benchmarks/safenlp_2024/1.0/vnnlib/ruarobot/hyperrectangle_2092.vnnlib,.005993108,sat,7.074089585
safenlp_2024,vnncomp2026_benchmarks/benchmarks/safenlp_2024/1.0/onnx/ruarobot/perturbations_0.onnx,vnncomp2026_benchmarks/benchmarks/safenlp_2024/1.0/vnnlib/ruarobot/hyperrectangle_3670.vnnlib,.005958117,unsat,5.416498139
safenlp_2024,vnncomp2026_benchmarks/benchmarks/safenlp_2024/1.0/onnx/ruarobot/perturbations_0.onnx,vnncomp2026_benchmarks/benchmarks/safenlp_2024/1.0/vnnlib/ruarobot/hyperrectangle_3844.vnnlib,.005907096,sat,5.455036617
safenlp_2024,vnncomp2026_benchmarks/benchmarks/safenlp_2024/1.0/onnx/ruarobot/perturbations_0.onnx,vnncomp2026_benchmarks/benchmarks/safenlp_2024/1.0/vnnlib/ruarobot/hyperrectangle_5849.vnnlib,.006214283,sat,5.457324932
safenlp_2024,vnncomp2026_benchmarks/benchmarks/safenlp_2024/1.0/onnx/ruarobot/perturbations_0.onnx,vnncomp2026_benchmarks/benchmarks/safenlp_2024/1.0/vnnlib/ruarobot/hyperrectangle_5719.vnnlib,.006075579,sat,6.867955286
safenlp_2024,vnncomp2026_benchmarks/benchmarks/safenlp_2024/1.0/onnx/ruarobot/perturbations_0.onnx,vnncomp2026_benchmarks/benchmarks/safenlp_2024/1.0/vnnlib/ruarobot/hyperrectangle_1286.vnnlib,.005884745,sat,3.255759487
safenlp_2024,vnncomp2026_benchmarks/benchmarks/safenlp_2024/1.0/onnx/medical/perturbations_0.onnx,vnncomp2026_benchmarks/benchmarks/safenlp_2024/1.0/vnnlib/medical/hyperrectangle_931.vnnlib,.005946186,unsat,5.377124572
safenlp_2024,vnncomp2026_benchmarks/benchmarks/safenlp_2024/1.0/onnx/ruarobot/perturbations_0.onnx,vnncomp2026_benchmarks/benchmarks/safenlp_2024/1.0/vnnlib/ruarobot/hyperrectangle_3142.vnnlib,.006074159,unsat,5.839079042
safenlp_2024,vnncomp2026_benchmarks/benchmarks/safenlp_2024/1.0/onnx/ruarobot/perturbations_0.onnx,vnncomp2026_benchmarks/benchmarks/safenlp_2024/1.0/vnnlib/ruarobot/hyperrectangle_3048.vnnlib,.005855515,unsat,5.925835640
safenlp_2024,vnncomp2026_benchmarks/benchmarks/safenlp_2024/1.0/onnx/ruarobot/perturbations_0.onnx,vnncomp2026_benchmarks/benchmarks/safenlp_2024/1.0/vnnlib/ruarobot/hyperrectangle_7605.vnnlib,.005945856,sat,3.401982868
safenlp_2024,vnncomp2026_benchmarks/benchmarks/safenlp_2024/1.0/onnx/ruarobot/perturbations_0.onnx,vnncomp2026_benchmarks/benchmarks/safenlp_2024/1.0/vnnlib/ruarobot/hyperrectangle_1364.vnnlib,.006018208,sat,6.561630195
safenlp_2024,vnncomp2026_benchmarks/benchmarks/safenlp_2024/1.0/onnx/ruarobot/perturbations_0.onnx,vnncomp2026_benchmarks/benchmarks/safenlp_2024/1.0/vnnlib/ruarobot/hyperrectangle_2712.vnnlib,.005910126,sat,5.362918705
safenlp_2024,vnncomp2026_benchmarks/benchmarks/safenlp_2024/1.0/onnx/ruarobot/perturbations_0.onnx,vnncomp2026_benchmarks/benchmarks/safenlp_2024/1.0/vnnlib/ruarobot/hyperrectangle_3523.vnnlib,.006028508,sat,5.423563221
safenlp_2024,vnncomp2026_benchmarks/benchmarks/safenlp_2024/1.0/onnx/ruarobot/perturbations_0.onnx,vnncomp2026_benchmarks/benchmarks/safenlp_2024/1.0/vnnlib/ruarobot/hyperrectangle_565.vnnlib,.005996267,sat,6.855582905
safenlp_2024,vnncomp2026_benchmarks/benchmarks/safenlp_2024/1.0/onnx/ruarobot/perturbations_0.onnx,vnncomp2026_benchmarks/benchmarks/safenlp_2024/1.0/vnnlib/ruarobot/hyperrectangle_2538.vnnlib,.005888235,sat,3.200023886
safenlp_2024,vnncomp2026_benchmarks/benchmarks/safenlp_2024/1.0/onnx/ruarobot/perturbations_0.onnx,vnncomp2026_benchmarks/benchmarks/safenlp_2024/1.0/vnnlib/ruarobot/hyperrectangle_2679.vnnlib,.005701943,sat,3.657387912
safenlp_2024,vnncomp2026_benchmarks/benchmarks/safenlp_2024/1.0/onnx/medical/perturbations_0.onnx,vnncomp2026_benchmarks/benchmarks/safenlp_2024/1.0/vnnlib/medical/hyperrectangle_2684.vnnlib,.005933117,unsat,5.675729997
safenlp_2024,vnncomp2026_benchmarks/benchmarks/safenlp_2024/1.0/onnx/medical/perturbations_0.onnx,vnncomp2026_benchmarks/benchmarks/safenlp_2024/1.0/vnnlib/medical/hyperrectangle_1020.vnnlib,.005947188,unsat,5.417134405
safenlp_2024,vnncomp2026_benchmarks/benchmarks/safenlp_2024/1.0/onnx/medical/perturbations_0.onnx,vnncomp2026_benchmarks/benchmarks/safenlp_2024/1.0/vnnlib/medical/hyperrectangle_510.vnnlib,.005990735,unsat,5.463145763
safenlp_2024,vnncomp2026_benchmarks/benchmarks/safenlp_2024/1.0/onnx/ruarobot/perturbations_0.onnx,vnncomp2026_benchmarks/benchmarks/safenlp_2024/1.0/vnnlib/ruarobot/hyperrectangle_5001.vnnlib,.005896934,unsat,5.493538008
safenlp_2024,vnncomp2026_benchmarks/benchmarks/safenlp_2024/1.0/onnx/ruarobot/perturbations_0.onnx,vnncomp2026_benchmarks/benchmarks/safenlp_2024/1.0/vnnlib/ruarobot/hyperrectangle_4320.vnnlib,.005857772,sat,3.239779745
safenlp_2024,vnncomp2026_benchmarks/benchmarks/safenlp_2024/1.0/onnx/ruarobot/perturbations_0.onnx,vnncomp2026_benchmarks/benchmarks/safenlp_2024/1.0/vnnlib/ruarobot/hyperrectangle_6079.vnnlib,.005947395,sat,6.852336492
safenlp_2024,vnncomp2026_benchmarks/benchmarks/safenlp_2024/1.0/onnx/medical/perturbations_0.onnx,vnncomp2026_benchmarks/benchmarks/safenlp_2024/1.0/vnnlib/medical/hyperrectangle_1643.vnnlib,.005957783,unsat,5.311200942
safenlp_2024,vnncomp2026_benchmarks/benchmarks/safenlp_2024/1.0/onnx/medical/perturbations_0.onnx,vnncomp2026_benchmarks/benchmarks/safenlp_2024/1.0/vnnlib/medical/hyperrectangle_2589.vnnlib,.005934981,sat,6.944686441
safenlp_2024,vnncomp2026_benchmarks/benchmarks/safenlp_2024/1.0/onnx/ruarobot/perturbations_0.onnx,vnncomp2026_benchmarks/benchmarks/safenlp_2024/1.0/vnnlib/ruarobot/hyperrectangle_5601.vnnlib,.006011080,sat,6.931324531
safenlp_2024,vnncomp2026_benchmarks/benchmarks/safenlp_2024/1.0/onnx/ruarobot/perturbations_0.onnx,vnncomp2026_benchmarks/benchmarks/safenlp_2024/1.0/vnnlib/ruarobot/hyperrectangle_763.vnnlib,.005928529,sat,4.181256995
safenlp_2024,vnncomp2026_benchmarks/benchmarks/safenlp_2024/1.0/onnx/ruarobot/perturbations_0.onnx,vnncomp2026_benchmarks/benchmarks/safenlp_2024/1.0/vnnlib/ruarobot/hyperrectangle_7206.vnnlib,.005551070,sat,6.935308136
safenlp_2024,vnncomp2026_benchmarks/benchmarks/safenlp_2024/1.0/onnx/ruarobot/perturbations_0.onnx,vnncomp2026_benchmarks/benchmarks/safenlp_2024/1.0/vnnlib/ruarobot/hyperrectangle_1098.vnnlib,.005856096,sat,6.896579053
safenlp_2024,vnncomp2026_benchmarks/benchmarks/safenlp_2024/1.0/onnx/ruarobot/perturbations_0.onnx,vnncomp2026_benchmarks/benchmarks/safenlp_2024/1.0/vnnlib/ruarobot/hyperrectangle_388.vnnlib,.005822045,sat,6.945270234
safenlp_2024,vnncomp2026_benchmarks/benchmarks/safenlp_2024/1.0/onnx/ruarobot/perturbations_0.onnx,vnncomp2026_benchmarks/benchmarks/safenlp_2024/1.0/vnnlib/ruarobot/hyperrectangle_4604.vnnlib,.005920889,sat,6.811670907
safenlp_2024,vnncomp2026_benchmarks/benchmarks/safenlp_2024/1.0/onnx/medical/perturbations_0.onnx,vnncomp2026_benchmarks/benchmarks/safenlp_2024/1.0/vnnlib/medical/hyperrectangle_2193.vnnlib,.005980171,sat,3.235961168
safenlp_2024,vnncomp2026_benchmarks/benchmarks/safenlp_2024/1.0/onnx/medical/perturbations_0.onnx,vnncomp2026_benchmarks/benchmarks/safenlp_2024/1.0/vnnlib/medical/hyperrectangle_2645.vnnlib,.005940070,unsat,5.335638331
safenlp_2024,vnncomp2026_benchmarks/benchmarks/safenlp_2024/1.0/onnx/ruarobot/perturbations_0.onnx,vnncomp2026_benchmarks/benchmarks/safenlp_2024/1.0/vnnlib/ruarobot/hyperrectangle_6693.vnnlib,.006101453,unsat,11.187227228
safenlp_2024,vnncomp2026_benchmarks/benchmarks/safenlp_2024/1.0/onnx/ruarobot/perturbations_0.onnx,vnncomp2026_benchmarks/benchmarks/safenlp_2024/1.0/vnnlib/ruarobot/hyperrectangle_503.vnnlib,.006002030,sat,6.827512437
safenlp_2024,vnncomp2026_benchmarks/benchmarks/safenlp_2024/1.0/onnx/ruarobot/perturbations_0.onnx,vnncomp2026_benchmarks/benchmarks/safenlp_2024/1.0/vnnlib/ruarobot/hyperrectangle_3774.vnnlib,.005865823,sat,5.454264734
safenlp_2024,vnncomp2026_benchmarks/benchmarks/safenlp_2024/1.0/onnx/ruarobot/perturbations_0.onnx,vnncomp2026_benchmarks/benchmarks/safenlp_2024/1.0/vnnlib/ruarobot/hyperrectangle_1276.vnnlib,.005927314,sat,6.853148956
safenlp_2024,vnncomp2026_benchmarks/benchmarks/safenlp_2024/1.0/onnx/ruarobot/perturbations_0.onnx,vnncomp2026_benchmarks/benchmarks/safenlp_2024/1.0/vnnlib/ruarobot/hyperrectangle_2884.vnnlib,.005927559,unsat,5.429006725
safenlp_2024,vnncomp2026_benchmarks/benchmarks/safenlp_2024/1.0/onnx/medical/perturbations_0.onnx,vnncomp2026_benchmarks/benchmarks/safenlp_2024/1.0/vnnlib/medical/hyperrectangle_143.vnnlib,.006228006,sat,7.171117257
safenlp_2024,vnncomp2026_benchmarks/benchmarks/safenlp_2024/1.0/onnx/ruarobot/perturbations_0.onnx,vnncomp2026_benchmarks/benchmarks/safenlp_2024/1.0/vnnlib/ruarobot/hyperrectangle_3594.vnnlib,.005947320,unsat,5.467397962
safenlp_2024,vnncomp2026_benchmarks/benchmarks/safenlp_2024/1.0/onnx/ruarobot/perturbations_0.onnx,vnncomp2026_benchmarks/benchmarks/safenlp_2024/1.0/vnnlib/ruarobot/hyperrectangle_4584.vnnlib,.005944326,sat,3.255449018
safenlp_2024,vnncomp2026_benchmarks/benchmarks/safenlp_2024/1.0/onnx/ruarobot/perturbations_0.onnx,vnncomp2026_benchmarks/benchmarks/safenlp_2024/1.0/vnnlib/ruarobot/hyperrectangle_3756.vnnlib,.005869424,sat,4.022531442
safenlp_2024,vnncomp2026_benchmarks/benchmarks/safenlp_2024/1.0/onnx/ruarobot/perturbations_0.onnx,vnncomp2026_benchmarks/benchmarks/safenlp_2024/1.0/vnnlib/ruarobot/hyperrectangle_4706.vnnlib,.005986777,sat,5.376098318
safenlp_2024,vnncomp2026_benchmarks/benchmarks/safenlp_2024/1.0/onnx/ruarobot/perturbations_0.onnx,vnncomp2026_benchmarks/benchmarks/safenlp_2024/1.0/vnnlib/ruarobot/hyperrectangle_6365.vnnlib,.005938890,sat,8.023162967
safenlp_2024,vnncomp2026_benchmarks/benchmarks/safenlp_2024/1.0/onnx/medical/perturbations_0.onnx,vnncomp2026_benchmarks/benchmarks/safenlp_2024/1.0/vnnlib/medical/hyperrectangle_2413.vnnlib,.005965982,unsat,5.352194312
safenlp_2024,vnncomp2026_benchmarks/benchmarks/safenlp_2024/1.0/onnx/ruarobot/perturbations_0.onnx,vnncomp2026_benchmarks/benchmarks/safenlp_2024/1.0/vnnlib/ruarobot/hyperrectangle_814.vnnlib,.006227778,unsat,5.371693335
safenlp_2024,vnncomp2026_benchmarks/benchmarks/safenlp_2024/1.0/onnx/ruarobot/perturbations_0.onnx,vnncomp2026_benchmarks/benchmarks/safenlp_2024/1.0/vnnlib/ruarobot/hyperrectangle_3818.vnnlib,.005985323,unsat,6.362674138
safenlp_2024,vnncomp2026_benchmarks/benchmarks/safenlp_2024/1.0/onnx/ruarobot/perturbations_0.onnx,vnncomp2026_benchmarks/benchmarks/safenlp_2024/1.0/vnnlib/ruarobot/hyperrectangle_4827.vnnlib,.005988057,sat,5.456015442
safenlp_2024,vnncomp2026_benchmarks/benchmarks/safenlp_2024/1.0/onnx/ruarobot/perturbations_0.onnx,vnncomp2026_benchmarks/benchmarks/safenlp_2024/1.0/vnnlib/ruarobot/hyperrectangle_413.vnnlib,.005983146,sat,5.330242155
safenlp_2024,vnncomp2026_benchmarks/benchmarks/safenlp_2024/1.0/onnx/ruarobot/perturbations_0.onnx,vnncomp2026_benchmarks/benchmarks/safenlp_2024/1.0/vnnlib/ruarobot/hyperrectangle_2545.vnnlib,.005808400,sat,3.242009901
safenlp_2024,vnncomp2026_benchmarks/benchmarks/safenlp_2024/1.0/onnx/ruarobot/perturbations_0.onnx,vnncomp2026_benchmarks/benchmarks/safenlp_2024/1.0/vnnlib/ruarobot/hyperrectangle_3056.vnnlib,.006000905,sat,5.393840724
safenlp_2024,vnncomp2026_benchmarks/benchmarks/safenlp_2024/1.0/onnx/ruarobot/perturbations_0.onnx,vnncomp2026_benchmarks/benchmarks/safenlp_2024/1.0/vnnlib/ruarobot/hyperrectangle_7749.vnnlib,.005898893,sat,3.207106677
safenlp_2024,vnncomp2026_benchmarks/benchmarks/safenlp_2024/1.0/onnx/ruarobot/perturbations_0.onnx,vnncomp2026_benchmarks/benchmarks/safenlp_2024/1.0/vnnlib/ruarobot/hyperrectangle_4145.vnnlib,.005989675,unsat,5.416480800
safenlp_2024,vnncomp2026_benchmarks/benchmarks/safenlp_2024/1.0/onnx/ruarobot/perturbations_0.onnx,vnncomp2026_benchmarks/benchmarks/safenlp_2024/1.0/vnnlib/ruarobot/hyperrectangle_5527.vnnlib,.006463641,sat,5.444416207
safenlp_2024,vnncomp2026_benchmarks/benchmarks/safenlp_2024/1.0/onnx/ruarobot/perturbations_0.onnx,vnncomp2026_benchmarks/benchmarks/safenlp_2024/1.0/vnnlib/ruarobot/hyperrectangle_1207.vnnlib,.006014371,unsat,5.564762184
safenlp_2024,vnncomp2026_benchmarks/benchmarks/safenlp_2024/1.0/onnx/ruarobot/perturbations_0.onnx,vnncomp2026_benchmarks/benchmarks/safenlp_2024/1.0/vnnlib/ruarobot/hyperrectangle_4206.vnnlib,.006048237,sat,5.449723426
safenlp_2024,vnncomp2026_benchmarks/benchmarks/safenlp_2024/1.0/onnx/ruarobot/perturbations_0.onnx,vnncomp2026_benchmarks/benchmarks/safenlp_2024/1.0/vnnlib/ruarobot/hyperrectangle_2910.vnnlib,.005955075,sat,6.887504772
safenlp_2024,vnncomp2026_benchmarks/benchmarks/safenlp_2024/1.0/onnx/ruarobot/perturbations_0.onnx,vnncomp2026_benchmarks/benchmarks/safenlp_2024/1.0/vnnlib/ruarobot/hyperrectangle_7301.vnnlib,.005890943,sat,7.024258040
safenlp_2024,vnncomp2026_benchmarks/benchmarks/safenlp_2024/1.0/onnx/medical/perturbations_0.onnx,vnncomp2026_benchmarks/benchmarks/safenlp_2024/1.0/vnnlib/medical/hyperrectangle_1692.vnnlib,.006183039,unsat,5.315993821
safenlp_2024,vnncomp2026_benchmarks/benchmarks/safenlp_2024/1.0/onnx/ruarobot/perturbations_0.onnx,vnncomp2026_benchmarks/benchmarks/safenlp_2024/1.0/vnnlib/ruarobot/hyperrectangle_5541.vnnlib,.005956083,sat,6.891605858
safenlp_2024,vnncomp2026_benchmarks/benchmarks/safenlp_2024/1.0/onnx/ruarobot/perturbations_0.onnx,vnncomp2026_benchmarks/benchmarks/safenlp_2024/1.0/vnnlib/ruarobot/hyperrectangle_549.vnnlib,.005895482,sat,5.682975429
safenlp_2024,vnncomp2026_benchmarks/benchmarks/safenlp_2024/1.0/onnx/ruarobot/perturbations_0.onnx,vnncomp2026_benchmarks/benchmarks/safenlp_2024/1.0/vnnlib/ruarobot/hyperrectangle_862.vnnlib,.006014456,unsat,5.350814732
safenlp_2024,vnncomp2026_benchmarks/benchmarks/safenlp_2024/1.0/onnx/medical/perturbations_0.onnx,vnncomp2026_benchmarks/benchmarks/safenlp_2024/1.0/vnnlib/medical/hyperrectangle_229.vnnlib,.006078717,sat,3.208706385
safenlp_2024,vnncomp2026_benchmarks/benchmarks/safenlp_2024/1.0/onnx/ruarobot/perturbations_0.onnx,vnncomp2026_benchmarks/benchmarks/safenlp_2024/1.0/vnnlib/ruarobot/hyperrectangle_5668.vnnlib,.005854162,sat,5.481093614
safenlp_2024,vnncomp2026_benchmarks/benchmarks/safenlp_2024/1.0/onnx/ruarobot/perturbations_0.onnx,vnncomp2026_benchmarks/benchmarks/safenlp_2024/1.0/vnnlib/ruarobot/hyperrectangle_3267.vnnlib,.005843852,sat,6.832651052
safenlp_2024,vnncomp2026_benchmarks/benchmarks/safenlp_2024/1.0/onnx/ruarobot/perturbations_0.onnx,vnncomp2026_benchmarks/benchmarks/safenlp_2024/1.0/vnnlib/ruarobot/hyperrectangle_2532.vnnlib,.005963385,sat,5.359416108
safenlp_2024,vnncomp2026_benchmarks/benchmarks/safenlp_2024/1.0/onnx/ruarobot/perturbations_0.onnx,vnncomp2026_benchmarks/benchmarks/safenlp_2024/1.0/vnnlib/ruarobot/hyperrectangle_7495.vnnlib,.005941224,sat,6.839099333
safenlp_2024,vnncomp2026_benchmarks/benchmarks/safenlp_2024/1.0/onnx/ruarobot/perturbations_0.onnx,vnncomp2026_benchmarks/benchmarks/safenlp_2024/1.0/vnnlib/ruarobot/hyperrectangle_5159.vnnlib,.005813945,unsat,5.564229743
safenlp_2024,vnncomp2026_benchmarks/benchmarks/safenlp_2024/1.0/onnx/ruarobot/perturbations_0.onnx,vnncomp2026_benchmarks/benchmarks/safenlp_2024/1.0/vnnlib/ruarobot/hyperrectangle_3471.vnnlib,.005917937,sat,5.383398387
safenlp_2024,vnncomp2026_benchmarks/benchmarks/safenlp_2024/1.0/onnx/ruarobot/perturbations_0.onnx,vnncomp2026_benchmarks/benchmarks/safenlp_2024/1.0/vnnlib/ruarobot/hyperrectangle_1922.vnnlib,.005981935,sat,5.332322804
safenlp_2024,vnncomp2026_benchmarks/benchmarks/safenlp_2024/1.0/onnx/ruarobot/perturbations_0.onnx,vnncomp2026_benchmarks/benchmarks/safenlp_2024/1.0/vnnlib/ruarobot/hyperrectangle_77.vnnlib,.005926065,sat,5.351374566
safenlp_2024,vnncomp2026_benchmarks/benchmarks/safenlp_2024/1.0/onnx/ruarobot/perturbations_0.onnx,vnncomp2026_benchmarks/benchmarks/safenlp_2024/1.0/vnnlib/ruarobot/hyperrectangle_6631.vnnlib,.006062707,sat,5.438245380
safenlp_2024,vnncomp2026_benchmarks/benchmarks/safenlp_2024/1.0/onnx/ruarobot/perturbations_0.onnx,vnncomp2026_benchmarks/benchmarks/safenlp_2024/1.0/vnnlib/ruarobot/hyperrectangle_6415.vnnlib,.005918464,unsat,5.316749115
safenlp_2024,vnncomp2026_benchmarks/benchmarks/safenlp_2024/1.0/onnx/ruarobot/perturbations_0.onnx,vnncomp2026_benchmarks/benchmarks/safenlp_2024/1.0/vnnlib/ruarobot/hyperrectangle_2837.vnnlib,.005946054,sat,3.213265474
safenlp_2024,vnncomp2026_benchmarks/benchmarks/safenlp_2024/1.0/onnx/ruarobot/perturbations_0.onnx,vnncomp2026_benchmarks/benchmarks/safenlp_2024/1.0/vnnlib/ruarobot/hyperrectangle_2048.vnnlib,.005933604,sat,3.313367361
safenlp_2024,vnncomp2026_benchmarks/benchmarks/safenlp_2024/1.0/onnx/ruarobot/perturbations_0.onnx,vnncomp2026_benchmarks/benchmarks/safenlp_2024/1.0/vnnlib/ruarobot/hyperrectangle_46.vnnlib,.005962435,sat,6.860350835
safenlp_2024,vnncomp2026_benchmarks/benchmarks/safenlp_2024/1.0/onnx/ruarobot/perturbations_0.onnx,vnncomp2026_benchmarks/benchmarks/safenlp_2024/1.0/vnnlib/ruarobot/hyperrectangle_4709.vnnlib,.005891264,unsat,5.303601785
safenlp_2024,vnncomp2026_benchmarks/benchmarks/safenlp_2024/1.0/onnx/ruarobot/perturbations_0.onnx,vnncomp2026_benchmarks/benchmarks/safenlp_2024/1.0/vnnlib/ruarobot/hyperrectangle_1184.vnnlib,.005990885,unsat,5.686305137
safenlp_2024,vnncomp2026_benchmarks/benchmarks/safenlp_2024/1.0/onnx/ruarobot/perturbations_0.onnx,vnncomp2026_benchmarks/benchmarks/safenlp_2024/1.0/vnnlib/ruarobot/hyperrectangle_1975.vnnlib,.005908254,sat,5.471815194
safenlp_2024,vnncomp2026_benchmarks/benchmarks/safenlp_2024/1.0/onnx/medical/perturbations_0.onnx,vnncomp2026_benchmarks/benchmarks/safenlp_2024/1.0/vnnlib/medical/hyperrectangle_1128.vnnlib,.005995615,unsat,5.313144286
safenlp_2024,vnncomp2026_benchmarks/benchmarks/safenlp_2024/1.0/onnx/medical/perturbations_0.onnx,vnncomp2026_benchmarks/benchmarks/safenlp_2024/1.0/vnnlib/medical/hyperrectangle_2110.vnnlib,.006167730,unsat,5.634518156
safenlp_2024,vnncomp2026_benchmarks/benchmarks/safenlp_2024/1.0/onnx/ruarobot/perturbations_0.onnx,vnncomp2026_benchmarks/benchmarks/safenlp_2024/1.0/vnnlib/ruarobot/hyperrectangle_119.vnnlib,.006071837,unsat,6.306732960
safenlp_2024,vnncomp2026_benchmarks/benchmarks/safenlp_2024/1.0/onnx/ruarobot/perturbations_0.onnx,vnncomp2026_benchmarks/benchmarks/safenlp_2024/1.0/vnnlib/ruarobot/hyperrectangle_3838.vnnlib,.006313252,sat,6.826474534
safenlp_2024,vnncomp2026_benchmarks/benchmarks/safenlp_2024/1.0/onnx/medical/perturbations_0.onnx,vnncomp2026_benchmarks/benchmarks/safenlp_2024/1.0/vnnlib/medical/hyperrectangle_1465.vnnlib,.006098648,unsat,5.400498572
safenlp_2024,vnncomp2026_benchmarks/benchmarks/safenlp_2024/1.0/onnx/ruarobot/perturbations_0.onnx,vnncomp2026_benchmarks/benchmarks/safenlp_2024/1.0/vnnlib/ruarobot/hyperrectangle_4897.vnnlib,.005845382,sat,3.390986602
safenlp_2024,vnncomp2026_benchmarks/benchmarks/safenlp_2024/1.0/onnx/ruarobot/perturbations_0.onnx,vnncomp2026_benchmarks/benchmarks/safenlp_2024/1.0/vnnlib/ruarobot/hyperrectangle_7300.vnnlib,.005951304,sat,3.250249614
safenlp_2024,vnncomp2026_benchmarks/benchmarks/safenlp_2024/1.0/onnx/ruarobot/perturbations_0.onnx,vnncomp2026_benchmarks/benchmarks/safenlp_2024/1.0/vnnlib/ruarobot/hyperrectangle_5427.vnnlib,.006030866,sat,5.451105268
safenlp_2024,vnncomp2026_benchmarks/benchmarks/safenlp_2024/1.0/onnx/medical/perturbations_0.onnx,vnncomp2026_benchmarks/benchmarks/safenlp_2024/1.0/vnnlib/medical/hyperrectangle_466.vnnlib,.005926304,unsat,5.386601522
safenlp_2024,vnncomp2026_benchmarks/benchmarks/safenlp_2024/1.0/onnx/ruarobot/perturbations_0.onnx,vnncomp2026_benchmarks/benchmarks/safenlp_2024/1.0/vnnlib/ruarobot/hyperrectangle_3654.vnnlib,.005849052,sat,3.280943500
safenlp_2024,vnncomp2026_benchmarks/benchmarks/safenlp_2024/1.0/onnx/medical/perturbations_0.onnx,vnncomp2026_benchmarks/benchmarks/safenlp_2024/1.0/vnnlib/medical/hyperrectangle_1008.vnnlib,.005897254,sat,5.374617560
safenlp_2024,vnncomp2026_benchmarks/benchmarks/safenlp_2024/1.0/onnx/ruarobot/perturbations_0.onnx,vnncomp2026_benchmarks/benchmarks/safenlp_2024/1.0/vnnlib/ruarobot/hyperrectangle_5431.vnnlib,.005903513,sat,3.192049182
safenlp_2024,vnncomp2026_benchmarks/benchmarks/safenlp_2024/1.0/onnx/ruarobot/perturbations_0.onnx,vnncomp2026_benchmarks/benchmarks/safenlp_2024/1.0/vnnlib/ruarobot/hyperrectangle_5382.vnnlib,.005527714,sat,5.354026986
safenlp_2024,vnncomp2026_benchmarks/benchmarks/safenlp_2024/1.0/onnx/ruarobot/perturbations_0.onnx,vnncomp2026_benchmarks/benchmarks/safenlp_2024/1.0/vnnlib/ruarobot/hyperrectangle_3332.vnnlib,.005863763,sat,5.371004969
safenlp_2024,vnncomp2026_benchmarks/benchmarks/safenlp_2024/1.0/onnx/ruarobot/perturbations_0.onnx,vnncomp2026_benchmarks/benchmarks/safenlp_2024/1.0/vnnlib/ruarobot/hyperrectangle_6736.vnnlib,.006004196,unsat,5.381776763
safenlp_2024,vnncomp2026_benchmarks/benchmarks/safenlp_2024/1.0/onnx/ruarobot/perturbations_0.onnx,vnncomp2026_benchmarks/benchmarks/safenlp_2024/1.0/vnnlib/ruarobot/hyperrectangle_3286.vnnlib,.005957125,unsat,5.321419283
safenlp_2024,vnncomp2026_benchmarks/benchmarks/safenlp_2024/1.0/onnx/ruarobot/perturbations_0.onnx,vnncomp2026_benchmarks/benchmarks/safenlp_2024/1.0/vnnlib/ruarobot/hyperrectangle_6472.vnnlib,.006118610,unsat,36.292960622
safenlp_2024,vnncomp2026_benchmarks/benchmarks/safenlp_2024/1.0/onnx/medical/perturbations_0.onnx,vnncomp2026_benchmarks/benchmarks/safenlp_2024/1.0/vnnlib/medical/hyperrectangle_1283.vnnlib,.005862275,unsat,5.438500664
safenlp_2024,vnncomp2026_benchmarks/benchmarks/safenlp_2024/1.0/onnx/medical/perturbations_0.onnx,vnncomp2026_benchmarks/benchmarks/safenlp_2024/1.0/vnnlib/medical/hyperrectangle_819.vnnlib,.005991628,unsat,5.396338676
safenlp_2024,vnncomp2026_benchmarks/benchmarks/safenlp_2024/1.0/onnx/ruarobot/perturbations_0.onnx,vnncomp2026_benchmarks/benchmarks/safenlp_2024/1.0/vnnlib/ruarobot/hyperrectangle_6494.vnnlib,.006017797,sat,5.464285830
safenlp_2024,vnncomp2026_benchmarks/benchmarks/safenlp_2024/1.0/onnx/ruarobot/perturbations_0.onnx,vnncomp2026_benchmarks/benchmarks/safenlp_2024/1.0/vnnlib/ruarobot/hyperrectangle_3571.vnnlib,.006109128,sat,6.950632810
safenlp_2024,vnncomp2026_benchmarks/benchmarks/safenlp_2024/1.0/onnx/ruarobot/perturbations_0.onnx,vnncomp2026_benchmarks/benchmarks/safenlp_2024/1.0/vnnlib/ruarobot/hyperrectangle_732.vnnlib,.005897393,unsat,5.454096469
safenlp_2024,vnncomp2026_benchmarks/benchmarks/safenlp_2024/1.0/onnx/ruarobot/perturbations_0.onnx,vnncomp2026_benchmarks/benchmarks/safenlp_2024/1.0/vnnlib/ruarobot/hyperrectangle_6726.vnnlib,.005644937,sat,5.590752534
safenlp_2024,vnncomp2026_benchmarks/benchmarks/safenlp_2024/1.0/onnx/ruarobot/perturbations_0.onnx,vnncomp2026_benchmarks/benchmarks/safenlp_2024/1.0/vnnlib/ruarobot/hyperrectangle_5047.vnnlib,.005888984,unsat,7.106720783
safenlp_2024,vnncomp2026_benchmarks/benchmarks/safenlp_2024/1.0/onnx/ruarobot/perturbations_0.onnx,vnncomp2026_benchmarks/benchmarks/safenlp_2024/1.0/vnnlib/ruarobot/hyperrectangle_2257.vnnlib,.005910943,sat,5.466973427
safenlp_2024,vnncomp2026_benchmarks/benchmarks/safenlp_2024/1.0/onnx/ruarobot/perturbations_0.onnx,vnncomp2026_benchmarks/benchmarks/safenlp_2024/1.0/vnnlib/ruarobot/hyperrectangle_4802.vnnlib,.006130810,sat,6.912141843
safenlp_2024,vnncomp2026_benchmarks/benchmarks/safenlp_2024/1.0/onnx/medical/perturbations_0.onnx,vnncomp2026_benchmarks/benchmarks/safenlp_2024/1.0/vnnlib/medical/hyperrectangle_1110.vnnlib,.005896885,unsat,7.143033847
safenlp_2024,vnncomp2026_benchmarks/benchmarks/safenlp_2024/1.0/onnx/ruarobot/perturbations_0.onnx,vnncomp2026_benchmarks/benchmarks/safenlp_2024/1.0/vnnlib/ruarobot/hyperrectangle_3473.vnnlib,.006016986,sat,3.214478709
safenlp_2024,vnncomp2026_benchmarks/benchmarks/safenlp_2024/1.0/onnx/medical/perturbations_0.onnx,vnncomp2026_benchmarks/benchmarks/safenlp_2024/1.0/vnnlib/medical/hyperrectangle_520.vnnlib,.005925843,unsat,5.417838468
safenlp_2024,vnncomp2026_benchmarks/benchmarks/safenlp_2024/1.0/onnx/ruarobot/perturbations_0.onnx,vnncomp2026_benchmarks/benchmarks/safenlp_2024/1.0/vnnlib/ruarobot/hyperrectangle_5603.vnnlib,.005849022,sat,3.203400719
safenlp_2024,vnncomp2026_benchmarks/benchmarks/safenlp_2024/1.0/onnx/ruarobot/perturbations_0.onnx,vnncomp2026_benchmarks/benchmarks/safenlp_2024/1.0/vnnlib/ruarobot/hyperrectangle_2049.vnnlib,.006018925,sat,3.553574018
safenlp_2024,vnncomp2026_benchmarks/benchmarks/safenlp_2024/1.0/onnx/ruarobot/perturbations_0.onnx,vnncomp2026_benchmarks/benchmarks/safenlp_2024/1.0/vnnlib/ruarobot/hyperrectangle_327.vnnlib,.006078777,sat,4.182637742
safenlp_2024,vnncomp2026_benchmarks/benchmarks/safenlp_2024/1.0/onnx/ruarobot/perturbations_0.onnx,vnncomp2026_benchmarks/benchmarks/safenlp_2024/1.0/vnnlib/ruarobot/hyperrectangle_4238.vnnlib,.005958013,sat,4.323566610
safenlp_2024,vnncomp2026_benchmarks/benchmarks/safenlp_2024/1.0/onnx/ruarobot/perturbations_0.onnx,vnncomp2026_benchmarks/benchmarks/safenlp_2024/1.0/vnnlib/ruarobot/hyperrectangle_7303.vnnlib,.005869423,sat,5.402643917
safenlp_2024,vnncomp2026_benchmarks/benchmarks/safenlp_2024/1.0/onnx/ruarobot/perturbations_0.onnx,vnncomp2026_benchmarks/benchmarks/safenlp_2024/1.0/vnnlib/ruarobot/hyperrectangle_3714.vnnlib,.005950495,unsat,5.600971746
safenlp_2024,vnncomp2026_benchmarks/benchmarks/safenlp_2024/1.0/onnx/ruarobot/perturbations_0.onnx,vnncomp2026_benchmarks/benchmarks/safenlp_2024/1.0/vnnlib/ruarobot/hyperrectangle_4001.vnnlib,.006162499,sat,6.884022293
safenlp_2024,vnncomp2026_benchmarks/benchmarks/safenlp_2024/1.0/onnx/ruarobot/perturbations_0.onnx,vnncomp2026_benchmarks/benchmarks/safenlp_2024/1.0/vnnlib/ruarobot/hyperrectangle_1785.vnnlib,.006048977,sat,5.396914402
safenlp_2024,vnncomp2026_benchmarks/benchmarks/safenlp_2024/1.0/onnx/medical/perturbations_0.onnx,vnncomp2026_benchmarks/benchmarks/safenlp_2024/1.0/vnnlib/medical/hyperrectangle_1062.vnnlib,.005871523,unsat,5.412922046
safenlp_2024,vnncomp2026_benchmarks/benchmarks/safenlp_2024/1.0/onnx/medical/perturbations_0.onnx,vnncomp2026_benchmarks/benchmarks/safenlp_2024/1.0/vnnlib/medical/hyperrectangle_863.vnnlib,.005903274,sat,3.218892410
safenlp_2024,vnncomp2026_benchmarks/benchmarks/safenlp_2024/1.0/onnx/ruarobot/perturbations_0.onnx,vnncomp2026_benchmarks/benchmarks/safenlp_2024/1.0/vnnlib/ruarobot/hyperrectangle_489.vnnlib,.005832922,sat,4.590653479
safenlp_2024,vnncomp2026_benchmarks/benchmarks/safenlp_2024/1.0/onnx/ruarobot/perturbations_0.onnx,vnncomp2026_benchmarks/benchmarks/safenlp_2024/1.0/vnnlib/ruarobot/hyperrectangle_97.vnnlib,.005866903,unsat,5.452609185
safenlp_2024,vnncomp2026_benchmarks/benchmarks/safenlp_2024/1.0/onnx/medical/perturbations_0.onnx,vnncomp2026_benchmarks/benchmarks/safenlp_2024/1.0/vnnlib/medical/hyperrectangle_1071.vnnlib,.005857142,unsat,5.391024231
safenlp_2024,vnncomp2026_benchmarks/benchmarks/safenlp_2024/1.0/onnx/medical/perturbations_0.onnx,vnncomp2026_benchmarks/benchmarks/safenlp_2024/1.0/vnnlib/medical/hyperrectangle_527.vnnlib,.006081988,unsat,5.308560704
safenlp_2024,vnncomp2026_benchmarks/benchmarks/safenlp_2024/1.0/onnx/ruarobot/perturbations_0.onnx,vnncomp2026_benchmarks/benchmarks/safenlp_2024/1.0/vnnlib/ruarobot/hyperrectangle_7378.vnnlib,.005915535,sat,5.443864936
safenlp_2024,vnncomp2026_benchmarks/benchmarks/safenlp_2024/1.0/onnx/medical/perturbations_0.onnx,vnncomp2026_benchmarks/benchmarks/safenlp_2024/1.0/vnnlib/medical/hyperrectangle_726.vnnlib,.006003236,unsat,5.428416685
safenlp_2024,vnncomp2026_benchmarks/benchmarks/safenlp_2024/1.0/onnx/medical/perturbations_0.onnx,vnncomp2026_benchmarks/benchmarks/safenlp_2024/1.0/vnnlib/medical/hyperrectangle_309.vnnlib,.006037336,run_instance_timeout,80.002588845
safenlp_2024,vnncomp2026_benchmarks/benchmarks/safenlp_2024/1.0/onnx/medical/perturbations_0.onnx,vnncomp2026_benchmarks/benchmarks/safenlp_2024/1.0/vnnlib/medical/hyperrectangle_1646.vnnlib,.006018657,unsat,5.379514979
safenlp_2024,vnncomp2026_benchmarks/benchmarks/safenlp_2024/1.0/onnx/ruarobot/perturbations_0.onnx,vnncomp2026_benchmarks/benchmarks/safenlp_2024/1.0/vnnlib/ruarobot/hyperrectangle_1501.vnnlib,.006007697,sat,6.853544943
safenlp_2024,vnncomp2026_benchmarks/benchmarks/safenlp_2024/1.0/onnx/ruarobot/perturbations_0.onnx,vnncomp2026_benchmarks/benchmarks/safenlp_2024/1.0/vnnlib/ruarobot/hyperrectangle_3701.vnnlib,.005927156,sat,5.470666834
safenlp_2024,vnncomp2026_benchmarks/benchmarks/safenlp_2024/1.0/onnx/ruarobot/perturbations_0.onnx,vnncomp2026_benchmarks/benchmarks/safenlp_2024/1.0/vnnlib/ruarobot/hyperrectangle_4768.vnnlib,.006028718,sat,3.237275703
safenlp_2024,vnncomp2026_benchmarks/benchmarks/safenlp_2024/1.0/onnx/ruarobot/perturbations_0.onnx,vnncomp2026_benchmarks/benchmarks/safenlp_2024/1.0/vnnlib/ruarobot/hyperrectangle_6446.vnnlib,.005926186,sat,5.476486507
safenlp_2024,vnncomp2026_benchmarks/benchmarks/safenlp_2024/1.0/onnx/ruarobot/perturbations_0.onnx,vnncomp2026_benchmarks/benchmarks/safenlp_2024/1.0/vnnlib/ruarobot/hyperrectangle_7153.vnnlib,.005849664,sat,5.345936822
safenlp_2024,vnncomp2026_benchmarks/benchmarks/safenlp_2024/1.0/onnx/ruarobot/perturbations_0.onnx,vnncomp2026_benchmarks/benchmarks/safenlp_2024/1.0/vnnlib/ruarobot/hyperrectangle_7306.vnnlib,.006156100,sat,5.474767848
safenlp_2024,vnncomp2026_benchmarks/benchmarks/safenlp_2024/1.0/onnx/ruarobot/perturbations_0.onnx,vnncomp2026_benchmarks/benchmarks/safenlp_2024/1.0/vnnlib/ruarobot/hyperrectangle_3175.vnnlib,.006017667,unsat,18.131644381
safenlp_2024,vnncomp2026_benchmarks/benchmarks/safenlp_2024/1.0/onnx/ruarobot/perturbations_0.onnx,vnncomp2026_benchmarks/benchmarks/safenlp_2024/1.0/vnnlib/ruarobot/hyperrectangle_193.vnnlib,.005992286,unsat,5.385077603
safenlp_2024,vnncomp2026_benchmarks/benchmarks/safenlp_2024/1.0/onnx/ruarobot/perturbations_0.onnx,vnncomp2026_benchmarks/benchmarks/safenlp_2024/1.0/vnnlib/ruarobot/hyperrectangle_4530.vnnlib,.006013767,sat,3.212798805
safenlp_2024,vnncomp2026_benchmarks/benchmarks/safenlp_2024/1.0/onnx/ruarobot/perturbations_0.onnx,vnncomp2026_benchmarks/benchmarks/safenlp_2024/1.0/vnnlib/ruarobot/hyperrectangle_4259.vnnlib,.006010106,sat,7.169060818
safenlp_2024,vnncomp2026_benchmarks/benchmarks/safenlp_2024/1.0/onnx/ruarobot/perturbations_0.onnx,vnncomp2026_benchmarks/benchmarks/safenlp_2024/1.0/vnnlib/ruarobot/hyperrectangle_6743.vnnlib,.005910245,sat,3.208499602
safenlp_2024,vnncomp2026_benchmarks/benchmarks/safenlp_2024/1.0/onnx/medical/perturbations_0.onnx,vnncomp2026_benchmarks/benchmarks/safenlp_2024/1.0/vnnlib/medical/hyperrectangle_995.vnnlib,.005898315,unsat,5.407946576
safenlp_2024,vnncomp2026_benchmarks/benchmarks/safenlp_2024/1.0/onnx/medical/perturbations_0.onnx,vnncomp2026_benchmarks/benchmarks/safenlp_2024/1.0/vnnlib/medical/hyperrectangle_835.vnnlib,.005895275,sat,6.923654435
safenlp_2024,vnncomp2026_benchmarks/benchmarks/safenlp_2024/1.0/onnx/ruarobot/perturbations_0.onnx,vnncomp2026_benchmarks/benchmarks/safenlp_2024/1.0/vnnlib/ruarobot/hyperrectangle_1211.vnnlib,.005849074,sat,5.364935454
safenlp_2024,vnncomp2026_benchmarks/benchmarks/safenlp_2024/1.0/onnx/medical/perturbations_0.onnx,vnncomp2026_benchmarks/benchmarks/safenlp_2024/1.0/vnnlib/medical/hyperrectangle_2221.vnnlib,.005926235,unsat,5.494632742
safenlp_2024,vnncomp2026_benchmarks/benchmarks/safenlp_2024/1.0/onnx/ruarobot/perturbations_0.onnx,vnncomp2026_benchmarks/benchmarks/safenlp_2024/1.0/vnnlib/ruarobot/hyperrectangle_6148.vnnlib,.005985036,unsat,5.354063277
safenlp_2024,vnncomp2026_benchmarks/benchmarks/safenlp_2024/1.0/onnx/ruarobot/perturbations_0.onnx,vnncomp2026_benchmarks/benchmarks/safenlp_2024/1.0/vnnlib/ruarobot/hyperrectangle_1886.vnnlib,.005855423,timeout,23.199503125
safenlp_2024,vnncomp2026_benchmarks/benchmarks/safenlp_2024/1.0/onnx/ruarobot/perturbations_0.onnx,vnncomp2026_benchmarks/benchmarks/safenlp_2024/1.0/vnnlib/ruarobot/hyperrectangle_7553.vnnlib,.005921074,sat,3.280263860
safenlp_2024,vnncomp2026_benchmarks/benchmarks/safenlp_2024/1.0/onnx/ruarobot/perturbations_0.onnx,vnncomp2026_benchmarks/benchmarks/safenlp_2024/1.0/vnnlib/ruarobot/hyperrectangle_2931.vnnlib,.006112318,sat,6.842224192
safenlp_2024,vnncomp2026_benchmarks/benchmarks/safenlp_2024/1.0/onnx/ruarobot/perturbations_0.onnx,vnncomp2026_benchmarks/benchmarks/safenlp_2024/1.0/vnnlib/ruarobot/hyperrectangle_5493.vnnlib,.006023626,unsat,5.578757715
safenlp_2024,vnncomp2026_benchmarks/benchmarks/safenlp_2024/1.0/onnx/ruarobot/perturbations_0.onnx,vnncomp2026_benchmarks/benchmarks/safenlp_2024/1.0/vnnlib/ruarobot/hyperrectangle_181.vnnlib,.005901873,sat,3.199921621
safenlp_2024,vnncomp2026_benchmarks/benchmarks/safenlp_2024/1.0/onnx/ruarobot/perturbations_0.onnx,vnncomp2026_benchmarks/benchmarks/safenlp_2024/1.0/vnnlib/ruarobot/hyperrectangle_3176.vnnlib,.006013237,unsat,5.373869874
safenlp_2024,vnncomp2026_benchmarks/benchmarks/safenlp_2024/1.0/onnx/ruarobot/perturbations_0.onnx,vnncomp2026_benchmarks/benchmarks/safenlp_2024/1.0/vnnlib/ruarobot/hyperrectangle_6038.vnnlib,.005941995,sat,5.525718076
safenlp_2024,vnncomp2026_benchmarks/benchmarks/safenlp_2024/1.0/onnx/ruarobot/perturbations_0.onnx,vnncomp2026_benchmarks/benchmarks/safenlp_2024/1.0/vnnlib/ruarobot/hyperrectangle_5093.vnnlib,.005799461,unsat,5.443049424
safenlp_2024,vnncomp2026_benchmarks/benchmarks/safenlp_2024/1.0/onnx/medical/perturbations_0.onnx,vnncomp2026_benchmarks/benchmarks/safenlp_2024/1.0/vnnlib/medical/hyperrectangle_1638.vnnlib,.005881383,unsat,5.311090324
safenlp_2024,vnncomp2026_benchmarks/benchmarks/safenlp_2024/1.0/onnx/ruarobot/perturbations_0.onnx,vnncomp2026_benchmarks/benchmarks/safenlp_2024/1.0/vnnlib/ruarobot/hyperrectangle_7615.vnnlib,.005859802,sat,3.212480610
safenlp_2024,vnncomp2026_benchmarks/benchmarks/safenlp_2024/1.0/onnx/medical/perturbations_0.onnx,vnncomp2026_benchmarks/benchmarks/safenlp_2024/1.0/vnnlib/medical/hyperrectangle_582.vnnlib,.005930454,unsat,5.646372547
safenlp_2024,vnncomp2026_benchmarks/benchmarks/safenlp_2024/1.0/onnx/ruarobot/perturbations_0.onnx,vnncomp2026_benchmarks/benchmarks/safenlp_2024/1.0/vnnlib/ruarobot/hyperrectangle_3819.vnnlib,.005899433,sat,5.521671626
safenlp_2024,vnncomp2026_benchmarks/benchmarks/safenlp_2024/1.0/onnx/ruarobot/perturbations_0.onnx,vnncomp2026_benchmarks/benchmarks/safenlp_2024/1.0/vnnlib/ruarobot/hyperrectangle_5325.vnnlib,.005869532,sat,6.832506553
safenlp_2024,vnncomp2026_benchmarks/benchmarks/safenlp_2024/1.0/onnx/ruarobot/perturbations_0.onnx,vnncomp2026_benchmarks/benchmarks/safenlp_2024/1.0/vnnlib/ruarobot/hyperrectangle_5161.vnnlib,.005937664,sat,3.207462535
safenlp_2024,vnncomp2026_benchmarks/benchmarks/safenlp_2024/1.0/onnx/ruarobot/perturbations_0.onnx,vnncomp2026_benchmarks/benchmarks/safenlp_2024/1.0/vnnlib/ruarobot/hyperrectangle_2326.vnnlib,.005927954,sat,5.356130998
safenlp_2024,vnncomp2026_benchmarks/benchmarks/safenlp_2024/1.0/onnx/ruarobot/perturbations_0.onnx,vnncomp2026_benchmarks/benchmarks/safenlp_2024/1.0/vnnlib/ruarobot/hyperrectangle_7213.vnnlib,.005916324,sat,6.965095730
safenlp_2024,vnncomp2026_benchmarks/benchmarks/safenlp_2024/1.0/onnx/ruarobot/perturbations_0.onnx,vnncomp2026_benchmarks/benchmarks/safenlp_2024/1.0/vnnlib/ruarobot/hyperrectangle_1965.vnnlib,.005930175,unsat,6.444751948
safenlp_2024,vnncomp2026_benchmarks/benchmarks/safenlp_2024/1.0/onnx/ruarobot/perturbations_0.onnx,vnncomp2026_benchmarks/benchmarks/safenlp_2024/1.0/vnnlib/ruarobot/hyperrectangle_1656.vnnlib,.005843863,unsat,5.320851190
safenlp_2024,vnncomp2026_benchmarks/benchmarks/safenlp_2024/1.0/onnx/medical/perturbations_0.onnx,vnncomp2026_benchmarks/benchmarks/safenlp_2024/1.0/vnnlib/medical/hyperrectangle_2068.vnnlib,.005880853,unsat,6.292226547
safenlp_2024,vnncomp2026_benchmarks/benchmarks/safenlp_2024/1.0/onnx/ruarobot/perturbations_0.onnx,vnncomp2026_benchmarks/benchmarks/safenlp_2024/1.0/vnnlib/ruarobot/hyperrectangle_2292.vnnlib,.005845831,unsat,5.339920236
safenlp_2024,vnncomp2026_benchmarks/benchmarks/safenlp_2024/1.0/onnx/ruarobot/perturbations_0.onnx,vnncomp2026_benchmarks/benchmarks/safenlp_2024/1.0/vnnlib/ruarobot/hyperrectangle_1832.vnnlib,.005884943,sat,5.458142007
safenlp_2024,vnncomp2026_benchmarks/benchmarks/safenlp_2024/1.0/onnx/medical/perturbations_0.onnx,vnncomp2026_benchmarks/benchmarks/safenlp_2024/1.0/vnnlib/medical/hyperrectangle_1029.vnnlib,.005915053,unsat,5.306565116
safenlp_2024,vnncomp2026_benchmarks/benchmarks/safenlp_2024/1.0/onnx/medical/perturbations_0.onnx,vnncomp2026_benchmarks/benchmarks/safenlp_2024/1.0/vnnlib/medical/hyperrectangle_1383.vnnlib,.005871584,unsat,5.444918024
safenlp_2024,vnncomp2026_benchmarks/benchmarks/safenlp_2024/1.0/onnx/ruarobot/perturbations_0.onnx,vnncomp2026_benchmarks/benchmarks/safenlp_2024/1.0/vnnlib/ruarobot/hyperrectangle_7557.vnnlib,.006057057,sat,5.414888243
safenlp_2024,vnncomp2026_benchmarks/benchmarks/safenlp_2024/1.0/onnx/ruarobot/perturbations_0.onnx,vnncomp2026_benchmarks/benchmarks/safenlp_2024/1.0/vnnlib/ruarobot/hyperrectangle_5976.vnnlib,.005772761,sat,3.282944326
safenlp_2024,vnncomp2026_benchmarks/benchmarks/safenlp_2024/1.0/onnx/ruarobot/perturbations_0.onnx,vnncomp2026_benchmarks/benchmarks/safenlp_2024/1.0/vnnlib/ruarobot/hyperrectangle_830.vnnlib,.006059527,sat,5.483245765
safenlp_2024,vnncomp2026_benchmarks/benchmarks/safenlp_2024/1.0/onnx/ruarobot/perturbations_0.onnx,vnncomp2026_benchmarks/benchmarks/safenlp_2024/1.0/vnnlib/ruarobot/hyperrectangle_5064.vnnlib,.006294863,sat,5.465059623
safenlp_2024,vnncomp2026_benchmarks/benchmarks/safenlp_2024/1.0/onnx/ruarobot/perturbations_0.onnx,vnncomp2026_benchmarks/benchmarks/safenlp_2024/1.0/vnnlib/ruarobot/hyperrectangle_2676.vnnlib,.005909064,sat,5.352487803
safenlp_2024,vnncomp2026_benchmarks/benchmarks/safenlp_2024/1.0/onnx/medical/perturbations_0.onnx,vnncomp2026_benchmarks/benchmarks/safenlp_2024/1.0/vnnlib/medical/hyperrectangle_2679.vnnlib,.005936775,unsat,5.431990306
safenlp_2024,vnncomp2026_benchmarks/benchmarks/safenlp_2024/1.0/onnx/medical/perturbations_0.onnx,vnncomp2026_benchmarks/benchmarks/safenlp_2024/1.0/vnnlib/medical/hyperrectangle_2191.vnnlib,.006000606,sat,3.274134555
safenlp_2024,vnncomp2026_benchmarks/benchmarks/safenlp_2024/1.0/onnx/ruarobot/perturbations_0.onnx,vnncomp2026_benchmarks/benchmarks/safenlp_2024/1.0/vnnlib/ruarobot/hyperrectangle_592.vnnlib,.006258102,unsat,5.344773617
safenlp_2024,vnncomp2026_benchmarks/benchmarks/safenlp_2024/1.0/onnx/ruarobot/perturbations_0.onnx,vnncomp2026_benchmarks/benchmarks/safenlp_2024/1.0/vnnlib/ruarobot/hyperrectangle_6827.vnnlib,.006273447,sat,3.330838983
safenlp_2024,vnncomp2026_benchmarks/benchmarks/safenlp_2024/1.0/onnx/ruarobot/perturbations_0.onnx,vnncomp2026_benchmarks/benchmarks/safenlp_2024/1.0/vnnlib/ruarobot/hyperrectangle_1105.vnnlib,.005917260,sat,5.455129195
safenlp_2024,vnncomp2026_benchmarks/benchmarks/safenlp_2024/1.0/onnx/medical/perturbations_0.onnx,vnncomp2026_benchmarks/benchmarks/safenlp_2024/1.0/vnnlib/medical/hyperrectangle_2553.vnnlib,.005933591,unsat,5.344210092
safenlp_2024,vnncomp2026_benchmarks/benchmarks/safenlp_2024/1.0/onnx/ruarobot/perturbations_0.onnx,vnncomp2026_benchmarks/benchmarks/safenlp_2024/1.0/vnnlib/ruarobot/hyperrectangle_3946.vnnlib,.006059177,sat,5.444193962
safenlp_2024,vnncomp2026_benchmarks/benchmarks/safenlp_2024/1.0/onnx/ruarobot/perturbations_0.onnx,vnncomp2026_benchmarks/benchmarks/safenlp_2024/1.0/vnnlib/ruarobot/hyperrectangle_3512.vnnlib,.005992625,unsat,5.400797810
safenlp_2024,vnncomp2026_benchmarks/benchmarks/safenlp_2024/1.0/onnx/ruarobot/perturbations_0.onnx,vnncomp2026_benchmarks/benchmarks/safenlp_2024/1.0/vnnlib/ruarobot/hyperrectangle_1759.vnnlib,.006617819,sat,6.888794258
safenlp_2024,vnncomp2026_benchmarks/benchmarks/safenlp_2024/1.0/onnx/ruarobot/perturbations_0.onnx,vnncomp2026_benchmarks/benchmarks/safenlp_2024/1.0/vnnlib/ruarobot/hyperrectangle_4420.vnnlib,.006024106,unsat,5.718550801
safenlp_2024,vnncomp2026_benchmarks/benchmarks/safenlp_2024/1.0/onnx/medical/perturbations_0.onnx,vnncomp2026_benchmarks/benchmarks/safenlp_2024/1.0/vnnlib/medical/hyperrectangle_1301.vnnlib,.005829782,unsat,5.321580369
safenlp_2024,vnncomp2026_benchmarks/benchmarks/safenlp_2024/1.0/onnx/medical/perturbations_0.onnx,vnncomp2026_benchmarks/benchmarks/safenlp_2024/1.0/vnnlib/medical/hyperrectangle_275.vnnlib,.005963754,unsat,5.308514275
safenlp_2024,vnncomp2026_benchmarks/benchmarks/safenlp_2024/1.0/onnx/ruarobot/perturbations_0.onnx,vnncomp2026_benchmarks/benchmarks/safenlp_2024/1.0/vnnlib/ruarobot/hyperrectangle_7117.vnnlib,.006027475,sat,5.428524158
safenlp_2024,vnncomp2026_benchmarks/benchmarks/safenlp_2024/1.0/onnx/ruarobot/perturbations_0.onnx,vnncomp2026_benchmarks/benchmarks/safenlp_2024/1.0/vnnlib/ruarobot/hyperrectangle_522.vnnlib,.005906872,sat,5.512625856
safenlp_2024,vnncomp2026_benchmarks/benchmarks/safenlp_2024/1.0/onnx/ruarobot/perturbations_0.onnx,vnncomp2026_benchmarks/benchmarks/safenlp_2024/1.0/vnnlib/ruarobot/hyperrectangle_2124.vnnlib,.005925013,unsat,45.691542914
safenlp_2024,vnncomp2026_benchmarks/benchmarks/safenlp_2024/1.0/onnx/medical/perturbations_0.onnx,vnncomp2026_benchmarks/benchmarks/safenlp_2024/1.0/vnnlib/medical/hyperrectangle_2216.vnnlib,.005873677,unsat,19.839669344
safenlp_2024,vnncomp2026_benchmarks/benchmarks/safenlp_2024/1.0/onnx/medical/perturbations_0.onnx,vnncomp2026_benchmarks/benchmarks/safenlp_2024/1.0/vnnlib/medical/hyperrectangle_1373.vnnlib,.005883363,unsat,5.297896322
safenlp_2024,vnncomp2026_benchmarks/benchmarks/safenlp_2024/1.0/onnx/ruarobot/perturbations_0.onnx,vnncomp2026_benchmarks/benchmarks/safenlp_2024/1.0/vnnlib/ruarobot/hyperrectangle_259.vnnlib,.005979955,sat,5.584005103
safenlp_2024,vnncomp2026_benchmarks/benchmarks/safenlp_2024/1.0/onnx/medical/perturbations_0.onnx,vnncomp2026_benchmarks/benchmarks/safenlp_2024/1.0/vnnlib/medical/hyperrectangle_500.vnnlib,.006044516,unsat,5.345060652
safenlp_2024,vnncomp2026_benchmarks/benchmarks/safenlp_2024/1.0/onnx/medical/perturbations_0.onnx,vnncomp2026_benchmarks/benchmarks/safenlp_2024/1.0/vnnlib/medical/hyperrectangle_621.vnnlib,.005875343,unsat,5.374781712
safenlp_2024,vnncomp2026_benchmarks/benchmarks/safenlp_2024/1.0/onnx/medical/perturbations_0.onnx,vnncomp2026_benchmarks/benchmarks/safenlp_2024/1.0/vnnlib/medical/hyperrectangle_1320.vnnlib,.005936878,unsat,5.390028943
safenlp_2024,vnncomp2026_benchmarks/benchmarks/safenlp_2024/1.0/onnx/medical/perturbations_0.onnx,vnncomp2026_benchmarks/benchmarks/safenlp_2024/1.0/vnnlib/medical/hyperrectangle_2883.vnnlib,.006060388,unsat,5.712825564
safenlp_2024,vnncomp2026_benchmarks/benchmarks/safenlp_2024/1.0/onnx/ruarobot/perturbations_0.onnx,vnncomp2026_benchmarks/benchmarks/safenlp_2024/1.0/vnnlib/ruarobot/hyperrectangle_3514.vnnlib,.005943254,unsat,5.640673202
safenlp_2024,vnncomp2026_benchmarks/benchmarks/safenlp_2024/1.0/onnx/ruarobot/perturbations_0.onnx,vnncomp2026_benchmarks/benchmarks/safenlp_2024/1.0/vnnlib/ruarobot/hyperrectangle_6088.vnnlib,.006020737,sat,5.423226024
safenlp_2024,vnncomp2026_benchmarks/benchmarks/safenlp_2024/1.0/onnx/ruarobot/perturbations_0.onnx,vnncomp2026_benchmarks/benchmarks/safenlp_2024/1.0/vnnlib/ruarobot/hyperrectangle_2115.vnnlib,.006096579,sat,5.344312442
safenlp_2024,vnncomp2026_benchmarks/benchmarks/safenlp_2024/1.0/onnx/medical/perturbations_0.onnx,vnncomp2026_benchmarks/benchmarks/safenlp_2024/1.0/vnnlib/medical/hyperrectangle_1366.vnnlib,.005867003,unsat,5.319121130
safenlp_2024,vnncomp2026_benchmarks/benchmarks/safenlp_2024/1.0/onnx/ruarobot/perturbations_0.onnx,vnncomp2026_benchmarks/benchmarks/safenlp_2024/1.0/vnnlib/ruarobot/hyperrectangle_2797.vnnlib,.005889541,sat,3.223161096
safenlp_2024,vnncomp2026_benchmarks/benchmarks/safenlp_2024/1.0/onnx/ruarobot/perturbations_0.onnx,vnncomp2026_benchmarks/benchmarks/safenlp_2024/1.0/vnnlib/ruarobot/hyperrectangle_7572.vnnlib,.005885031,sat,5.558654031
safenlp_2024,vnncomp2026_benchmarks/benchmarks/safenlp_2024/1.0/onnx/ruarobot/perturbations_0.onnx,vnncomp2026_benchmarks/benchmarks/safenlp_2024/1.0/vnnlib/ruarobot/hyperrectangle_2269.vnnlib,.006024844,sat,3.227199581
safenlp_2024,vnncomp2026_benchmarks/benchmarks/safenlp_2024/1.0/onnx/ruarobot/perturbations_0.onnx,vnncomp2026_benchmarks/benchmarks/safenlp_2024/1.0/vnnlib/ruarobot/hyperrectangle_5744.vnnlib,.006114718,sat,5.416285319
safenlp_2024,vnncomp2026_benchmarks/benchmarks/safenlp_2024/1.0/onnx/ruarobot/perturbations_0.onnx,vnncomp2026_benchmarks/benchmarks/safenlp_2024/1.0/vnnlib/ruarobot/hyperrectangle_5628.vnnlib,.005941364,sat,3.310786371
safenlp_2024,vnncomp2026_benchmarks/benchmarks/safenlp_2024/1.0/onnx/medical/perturbations_0.onnx,vnncomp2026_benchmarks/benchmarks/safenlp_2024/1.0/vnnlib/medical/hyperrectangle_1541.vnnlib,.005927014,sat,5.461310164
safenlp_2024,vnncomp2026_benchmarks/benchmarks/safenlp_2024/1.0/onnx/ruarobot/perturbations_0.onnx,vnncomp2026_benchmarks/benchmarks/safenlp_2024/1.0/vnnlib/ruarobot/hyperrectangle_275.vnnlib,.006066747,sat,5.385244899
safenlp_2024,vnncomp2026_benchmarks/benchmarks/safenlp_2024/1.0/onnx/ruarobot/perturbations_0.onnx,vnncomp2026_benchmarks/benchmarks/safenlp_2024/1.0/vnnlib/ruarobot/hyperrectangle_7743.vnnlib,.005909534,sat,3.217310208
safenlp_2024,vnncomp2026_benchmarks/benchmarks/safenlp_2024/1.0/onnx/ruarobot/perturbations_0.onnx,vnncomp2026_benchmarks/benchmarks/safenlp_2024/1.0/vnnlib/ruarobot/hyperrectangle_2987.vnnlib,.005844812,unsat,5.946242822
safenlp_2024,vnncomp2026_benchmarks/benchmarks/safenlp_2024/1.0/onnx/ruarobot/perturbations_0.onnx,vnncomp2026_benchmarks/benchmarks/safenlp_2024/1.0/vnnlib/ruarobot/hyperrectangle_6963.vnnlib,.005908624,sat,5.358356019
safenlp_2024,vnncomp2026_benchmarks/benchmarks/safenlp_2024/1.0/onnx/ruarobot/perturbations_0.onnx,vnncomp2026_benchmarks/benchmarks/safenlp_2024/1.0/vnnlib/ruarobot/hyperrectangle_2659.vnnlib,.006059935,sat,3.211146012
safenlp_2024,vnncomp2026_benchmarks/benchmarks/safenlp_2024/1.0/onnx/ruarobot/perturbations_0.onnx,vnncomp2026_benchmarks/benchmarks/safenlp_2024/1.0/vnnlib/ruarobot/hyperrectangle_6315.vnnlib,.006117768,sat,6.879649078
safenlp_2024,vnncomp2026_benchmarks/benchmarks/safenlp_2024/1.0/onnx/ruarobot/perturbations_0.onnx,vnncomp2026_benchmarks/benchmarks/safenlp_2024/1.0/vnnlib/ruarobot/hyperrectangle_2361.vnnlib,.006018386,sat,3.208042782
safenlp_2024,vnncomp2026_benchmarks/benchmarks/safenlp_2024/1.0/onnx/ruarobot/perturbations_0.onnx,vnncomp2026_benchmarks/benchmarks/safenlp_2024/1.0/vnnlib/ruarobot/hyperrectangle_3371.vnnlib,.006007745,sat,3.742287732
safenlp_2024,vnncomp2026_benchmarks/benchmarks/safenlp_2024/1.0/onnx/ruarobot/perturbations_0.onnx,vnncomp2026_benchmarks/benchmarks/safenlp_2024/1.0/vnnlib/ruarobot/hyperrectangle_5329.vnnlib,.005932763,sat,6.822769706
safenlp_2024,vnncomp2026_benchmarks/benchmarks/safenlp_2024/1.0/onnx/medical/perturbations_0.onnx,vnncomp2026_benchmarks/benchmarks/safenlp_2024/1.0/vnnlib/medical/hyperrectangle_941.vnnlib,.005949583,unsat,5.423978812
safenlp_2024,vnncomp2026_benchmarks/benchmarks/safenlp_2024/1.0/onnx/medical/perturbations_0.onnx,vnncomp2026_benchmarks/benchmarks/safenlp_2024/1.0/vnnlib/medical/hyperrectangle_427.vnnlib,.005930213,unsat,8.246514692
safenlp_2024,vnncomp2026_benchmarks/benchmarks/safenlp_2024/1.0/onnx/ruarobot/perturbations_0.onnx,vnncomp2026_benchmarks/benchmarks/safenlp_2024/1.0/vnnlib/ruarobot/hyperrectangle_4990.vnnlib,.005972004,unsat,5.595701836
safenlp_2024,vnncomp2026_benchmarks/benchmarks/safenlp_2024/1.0/onnx/medical/perturbations_0.onnx,vnncomp2026_benchmarks/benchmarks/safenlp_2024/1.0/vnnlib/medical/hyperrectangle_1667.vnnlib,.005938084,unsat,5.406134125
safenlp_2024,vnncomp2026_benchmarks/benchmarks/safenlp_2024/1.0/onnx/medical/perturbations_0.onnx,vnncomp2026_benchmarks/benchmarks/safenlp_2024/1.0/vnnlib/medical/hyperrectangle_2311.vnnlib,.005834272,run_instance_timeout,80.002588366
safenlp_2024,vnncomp2026_benchmarks/benchmarks/safenlp_2024/1.0/onnx/ruarobot/perturbations_0.onnx,vnncomp2026_benchmarks/benchmarks/safenlp_2024/1.0/vnnlib/ruarobot/hyperrectangle_853.vnnlib,.005991576,sat,7.610236560
safenlp_2024,vnncomp2026_benchmarks/benchmarks/safenlp_2024/1.0/onnx/medical/perturbations_0.onnx,vnncomp2026_benchmarks/benchmarks/safenlp_2024/1.0/vnnlib/medical/hyperrectangle_178.vnnlib,.005942934,unsat,7.173250617
safenlp_2024,vnncomp2026_benchmarks/benchmarks/safenlp_2024/1.0/onnx/ruarobot/perturbations_0.onnx,vnncomp2026_benchmarks/benchmarks/safenlp_2024/1.0/vnnlib/ruarobot/hyperrectangle_5998.vnnlib,.005971775,unsat,49.484582865
safenlp_2024,vnncomp2026_benchmarks/benchmarks/safenlp_2024/1.0/onnx/ruarobot/perturbations_0.onnx,vnncomp2026_benchmarks/benchmarks/safenlp_2024/1.0/vnnlib/ruarobot/hyperrectangle_1560.vnnlib,.005818331,sat,5.501940087
safenlp_2024,vnncomp2026_benchmarks/benchmarks/safenlp_2024/1.0/onnx/medical/perturbations_0.onnx,vnncomp2026_benchmarks/benchmarks/safenlp_2024/1.0/vnnlib/medical/hyperrectangle_2866.vnnlib,.005971415,unsat,5.529921690
safenlp_2024,vnncomp2026_benchmarks/benchmarks/safenlp_2024/1.0/onnx/ruarobot/perturbations_0.onnx,vnncomp2026_benchmarks/benchmarks/safenlp_2024/1.0/vnnlib/ruarobot/hyperrectangle_2219.vnnlib,.005939134,sat,5.399846207
safenlp_2024,vnncomp2026_benchmarks/benchmarks/safenlp_2024/1.0/onnx/ruarobot/perturbations_0.onnx,vnncomp2026_benchmarks/benchmarks/safenlp_2024/1.0/vnnlib/ruarobot/hyperrectangle_5771.vnnlib,.005990935,unsat,5.559553306
safenlp_2024,vnncomp2026_benchmarks/benchmarks/safenlp_2024/1.0/onnx/ruarobot/perturbations_0.onnx,vnncomp2026_benchmarks/benchmarks/safenlp_2024/1.0/vnnlib/ruarobot/hyperrectangle_7246.vnnlib,.005945084,unsat,6.138668828
safenlp_2024,vnncomp2026_benchmarks/benchmarks/safenlp_2024/1.0/onnx/ruarobot/perturbations_0.onnx,vnncomp2026_benchmarks/benchmarks/safenlp_2024/1.0/vnnlib/ruarobot/hyperrectangle_6559.vnnlib,.005908114,sat,6.848915303
safenlp_2024,vnncomp2026_benchmarks/benchmarks/safenlp_2024/1.0/onnx/ruarobot/perturbations_0.onnx,vnncomp2026_benchmarks/benchmarks/safenlp_2024/1.0/vnnlib/ruarobot/hyperrectangle_6880.vnnlib,.006012265,sat,6.846888381
safenlp_2024,vnncomp2026_benchmarks/benchmarks/safenlp_2024/1.0/onnx/medical/perturbations_0.onnx,vnncomp2026_benchmarks/benchmarks/safenlp_2024/1.0/vnnlib/medical/hyperrectangle_202.vnnlib,.006063797,unsat,5.414528594
safenlp_2024,vnncomp2026_benchmarks/benchmarks/safenlp_2024/1.0/onnx/ruarobot/perturbations_0.onnx,vnncomp2026_benchmarks/benchmarks/safenlp_2024/1.0/vnnlib/ruarobot/hyperrectangle_4404.vnnlib,.006053188,unsat,5.335772377
safenlp_2024,vnncomp2026_benchmarks/benchmarks/safenlp_2024/1.0/onnx/ruarobot/perturbations_0.onnx,vnncomp2026_benchmarks/benchmarks/safenlp_2024/1.0/vnnlib/ruarobot/hyperrectangle_1843.vnnlib,.005855972,sat,6.919990113
safenlp_2024,vnncomp2026_benchmarks/benchmarks/safenlp_2024/1.0/onnx/ruarobot/perturbations_0.onnx,vnncomp2026_benchmarks/benchmarks/safenlp_2024/1.0/vnnlib/ruarobot/hyperrectangle_3308.vnnlib,.005828962,unsat,32.515534364
safenlp_2024,vnncomp2026_benchmarks/benchmarks/safenlp_2024/1.0/onnx/ruarobot/perturbations_0.onnx,vnncomp2026_benchmarks/benchmarks/safenlp_2024/1.0/vnnlib/ruarobot/hyperrectangle_289.vnnlib,.005889603,sat,5.429361824
safenlp_2024,vnncomp2026_benchmarks/benchmarks/safenlp_2024/1.0/onnx/medical/perturbations_0.onnx,vnncomp2026_benchmarks/benchmarks/safenlp_2024/1.0/vnnlib/medical/hyperrectangle_616.vnnlib,.005853552,unsat,5.297986498
safenlp_2024,vnncomp2026_benchmarks/benchmarks/safenlp_2024/1.0/onnx/ruarobot/perturbations_0.onnx,vnncomp2026_benchmarks/benchmarks/safenlp_2024/1.0/vnnlib/ruarobot/hyperrectangle_5507.vnnlib,.006000586,sat,5.451159305
safenlp_2024,vnncomp2026_benchmarks/benchmarks/safenlp_2024/1.0/onnx/ruarobot/perturbations_0.onnx,vnncomp2026_benchmarks/benchmarks/safenlp_2024/1.0/vnnlib/ruarobot/hyperrectangle_1163.vnnlib,.006016897,sat,3.287786426
safenlp_2024,vnncomp2026_benchmarks/benchmarks/safenlp_2024/1.0/onnx/ruarobot/perturbations_0.onnx,vnncomp2026_benchmarks/benchmarks/safenlp_2024/1.0/vnnlib/ruarobot/hyperrectangle_7120.vnnlib,.005806922,unsat,5.379014240
safenlp_2024,vnncomp2026_benchmarks/benchmarks/safenlp_2024/1.0/onnx/ruarobot/perturbations_0.onnx,vnncomp2026_benchmarks/benchmarks/safenlp_2024/1.0/vnnlib/ruarobot/hyperrectangle_670.vnnlib,.005851673,sat,6.955582108
safenlp_2024,vnncomp2026_benchmarks/benchmarks/safenlp_2024/1.0/onnx/medical/perturbations_0.onnx,vnncomp2026_benchmarks/benchmarks/safenlp_2024/1.0/vnnlib/medical/hyperrectangle_2838.vnnlib,.006054767,unsat,5.527795255
safenlp_2024,vnncomp2026_benchmarks/benchmarks/safenlp_2024/1.0/onnx/ruarobot/perturbations_0.onnx,vnncomp2026_benchmarks/benchmarks/safenlp_2024/1.0/vnnlib/ruarobot/hyperrectangle_5769.vnnlib,.005845673,unsat,56.077192569
safenlp_2024,vnncomp2026_benchmarks/benchmarks/safenlp_2024/1.0/onnx/medical/perturbations_0.onnx,vnncomp2026_benchmarks/benchmarks/safenlp_2024/1.0/vnnlib/medical/hyperrectangle_1627.vnnlib,.005882193,unsat,5.300341745
safenlp_2024,vnncomp2026_benchmarks/benchmarks/safenlp_2024/1.0/onnx/ruarobot/perturbations_0.onnx,vnncomp2026_benchmarks/benchmarks/safenlp_2024/1.0/vnnlib/ruarobot/hyperrectangle_4782.vnnlib,.005882073,sat,5.491063052
safenlp_2024,vnncomp2026_benchmarks/benchmarks/safenlp_2024/1.0/onnx/ruarobot/perturbations_0.onnx,vnncomp2026_benchmarks/benchmarks/safenlp_2024/1.0/vnnlib/ruarobot/hyperrectangle_5351.vnnlib,.006127689,sat,3.202841690
safenlp_2024,vnncomp2026_benchmarks/benchmarks/safenlp_2024/1.0/onnx/ruarobot/perturbations_0.onnx,vnncomp2026_benchmarks/benchmarks/safenlp_2024/1.0/vnnlib/ruarobot/hyperrectangle_7568.vnnlib,.005899923,sat,5.145255819
safenlp_2024,vnncomp2026_benchmarks/benchmarks/safenlp_2024/1.0/onnx/ruarobot/perturbations_0.onnx,vnncomp2026_benchmarks/benchmarks/safenlp_2024/1.0/vnnlib/ruarobot/hyperrectangle_4030.vnnlib,.006106688,unsat,5.381227213
safenlp_2024,vnncomp2026_benchmarks/benchmarks/safenlp_2024/1.0/onnx/medical/perturbations_0.onnx,vnncomp2026_benchmarks/benchmarks/safenlp_2024/1.0/vnnlib/medical/hyperrectangle_2300.vnnlib,.005976445,run_instance_timeout,80.002751727
safenlp_2024,vnncomp2026_benchmarks/benchmarks/safenlp_2024/1.0/onnx/ruarobot/perturbations_0.onnx,vnncomp2026_benchmarks/benchmarks/safenlp_2024/1.0/vnnlib/ruarobot/hyperrectangle_7753.vnnlib,.005949065,sat,3.349492814
safenlp_2024,vnncomp2026_benchmarks/benchmarks/safenlp_2024/1.0/onnx/medical/perturbations_0.onnx,vnncomp2026_benchmarks/benchmarks/safenlp_2024/1.0/vnnlib/medical/hyperrectangle_632.vnnlib,.005911324,unsat,5.698077750
safenlp_2024,vnncomp2026_benchmarks/benchmarks/safenlp_2024/1.0/onnx/ruarobot/perturbations_0.onnx,vnncomp2026_benchmarks/benchmarks/safenlp_2024/1.0/vnnlib/ruarobot/hyperrectangle_5564.vnnlib,.005938295,unsat,5.731779317
safenlp_2024,vnncomp2026_benchmarks/benchmarks/safenlp_2024/1.0/onnx/ruarobot/perturbations_0.onnx,vnncomp2026_benchmarks/benchmarks/safenlp_2024/1.0/vnnlib/ruarobot/hyperrectangle_4207.vnnlib,.005894586,sat,5.372505329
safenlp_2024,vnncomp2026_benchmarks/benchmarks/safenlp_2024/1.0/onnx/ruarobot/perturbations_0.onnx,vnncomp2026_benchmarks/benchmarks/safenlp_2024/1.0/vnnlib/ruarobot/hyperrectangle_1533.vnnlib,.005917277,sat,7.016617175
safenlp_2024,vnncomp2026_benchmarks/benchmarks/safenlp_2024/1.0/onnx/medical/perturbations_0.onnx,vnncomp2026_benchmarks/benchmarks/safenlp_2024/1.0/vnnlib/medical/hyperrectangle_17.vnnlib,.005850503,unsat,5.453603052
safenlp_2024,vnncomp2026_benchmarks/benchmarks/safenlp_2024/1.0/onnx/ruarobot/perturbations_0.onnx,vnncomp2026_benchmarks/benchmarks/safenlp_2024/1.0/vnnlib/ruarobot/hyperrectangle_335.vnnlib,.005951465,sat,6.035546367
safenlp_2024,vnncomp2026_benchmarks/benchmarks/safenlp_2024/1.0/onnx/medical/perturbations_0.onnx,vnncomp2026_benchmarks/benchmarks/safenlp_2024/1.0/vnnlib/medical/hyperrectangle_430.vnnlib,.005834312,sat,3.208331638
safenlp_2024,vnncomp2026_benchmarks/benchmarks/safenlp_2024/1.0/onnx/medical/perturbations_0.onnx,vnncomp2026_benchmarks/benchmarks/safenlp_2024/1.0/vnnlib/medical/hyperrectangle_512.vnnlib,.006089538,unsat,33.686605076
safenlp_2024,vnncomp2026_benchmarks/benchmarks/safenlp_2024/1.0/onnx/ruarobot/perturbations_0.onnx,vnncomp2026_benchmarks/benchmarks/safenlp_2024/1.0/vnnlib/ruarobot/hyperrectangle_1675.vnnlib,.005839642,sat,3.227524312
safenlp_2024,vnncomp2026_benchmarks/benchmarks/safenlp_2024/1.0/onnx/ruarobot/perturbations_0.onnx,vnncomp2026_benchmarks/benchmarks/safenlp_2024/1.0/vnnlib/ruarobot/hyperrectangle_7724.vnnlib,.005977233,sat,5.449801541
safenlp_2024,vnncomp2026_benchmarks/benchmarks/safenlp_2024/1.0/onnx/medical/perturbations_0.onnx,vnncomp2026_benchmarks/benchmarks/safenlp_2024/1.0/vnnlib/medical/hyperrectangle_997.vnnlib,.006096015,unsat,5.461745686
safenlp_2024,vnncomp2026_benchmarks/benchmarks/safenlp_2024/1.0/onnx/medical/perturbations_0.onnx,vnncomp2026_benchmarks/benchmarks/safenlp_2024/1.0/vnnlib/medical/hyperrectangle_311.vnnlib,.005897231,unsat,5.409898292
safenlp_2024,vnncomp2026_benchmarks/benchmarks/safenlp_2024/1.0/onnx/ruarobot/perturbations_0.onnx,vnncomp2026_benchmarks/benchmarks/safenlp_2024/1.0/vnnlib/ruarobot/hyperrectangle_5534.vnnlib,.006018962,sat,6.955066353
safenlp_2024,vnncomp2026_benchmarks/benchmarks/safenlp_2024/1.0/onnx/ruarobot/perturbations_0.onnx,vnncomp2026_benchmarks/benchmarks/safenlp_2024/1.0/vnnlib/ruarobot/hyperrectangle_595.vnnlib,.005966691,sat,5.469206273
safenlp_2024,vnncomp2026_benchmarks/benchmarks/safenlp_2024/1.0/onnx/ruarobot/perturbations_0.onnx,vnncomp2026_benchmarks/benchmarks/safenlp_2024/1.0/vnnlib/ruarobot/hyperrectangle_5242.vnnlib,.005852739,sat,5.378076843
safenlp_2024,vnncomp2026_benchmarks/benchmarks/safenlp_2024/1.0/onnx/ruarobot/perturbations_0.onnx,vnncomp2026_benchmarks/benchmarks/safenlp_2024/1.0/vnnlib/ruarobot/hyperrectangle_1183.vnnlib,.005885347,unsat,14.237026766
safenlp_2024,vnncomp2026_benchmarks/benchmarks/safenlp_2024/1.0/onnx/medical/perturbations_0.onnx,vnncomp2026_benchmarks/benchmarks/safenlp_2024/1.0/vnnlib/medical/hyperrectangle_1908.vnnlib,.005936341,unsat,5.361566765
safenlp_2024,vnncomp2026_benchmarks/benchmarks/safenlp_2024/1.0/onnx/ruarobot/perturbations_0.onnx,vnncomp2026_benchmarks/benchmarks/safenlp_2024/1.0/vnnlib/ruarobot/hyperrectangle_5614.vnnlib,.005994763,sat,5.093212969
safenlp_2024,vnncomp2026_benchmarks/benchmarks/safenlp_2024/1.0/onnx/ruarobot/perturbations_0.onnx,vnncomp2026_benchmarks/benchmarks/safenlp_2024/1.0/vnnlib/ruarobot/hyperrectangle_1860.vnnlib,.006360680,unsat,5.868586224
safenlp_2024,vnncomp2026_benchmarks/benchmarks/safenlp_2024/1.0/onnx/medical/perturbations_0.onnx,vnncomp2026_benchmarks/benchmarks/safenlp_2024/1.0/vnnlib/medical/hyperrectangle_707.vnnlib,.005950861,sat,6.822912182
safenlp_2024,vnncomp2026_benchmarks/benchmarks/safenlp_2024/1.0/onnx/ruarobot/perturbations_0.onnx,vnncomp2026_benchmarks/benchmarks/safenlp_2024/1.0/vnnlib/ruarobot/hyperrectangle_666.vnnlib,.005885219,sat,3.206670219
safenlp_2024,vnncomp2026_benchmarks/benchmarks/safenlp_2024/1.0/onnx/medical/perturbations_0.onnx,vnncomp2026_benchmarks/benchmarks/safenlp_2024/1.0/vnnlib/medical/hyperrectangle_323.vnnlib,.005931220,unsat,5.307756170
safenlp_2024,vnncomp2026_benchmarks/benchmarks/safenlp_2024/1.0/onnx/ruarobot/perturbations_0.onnx,vnncomp2026_benchmarks/benchmarks/safenlp_2024/1.0/vnnlib/ruarobot/hyperrectangle_7400.vnnlib,.005963592,unsat,5.603701605
safenlp_2024,vnncomp2026_benchmarks/benchmarks/safenlp_2024/1.0/onnx/medical/perturbations_0.onnx,vnncomp2026_benchmarks/benchmarks/safenlp_2024/1.0/vnnlib/medical/hyperrectangle_1293.vnnlib,.006080316,unsat,5.340826346
safenlp_2024,vnncomp2026_benchmarks/benchmarks/safenlp_2024/1.0/onnx/medical/perturbations_0.onnx,vnncomp2026_benchmarks/benchmarks/safenlp_2024/1.0/vnnlib/medical/hyperrectangle_533.vnnlib,.005902611,unsat,5.300709961
safenlp_2024,vnncomp2026_benchmarks/benchmarks/safenlp_2024/1.0/onnx/medical/perturbations_0.onnx,vnncomp2026_benchmarks/benchmarks/safenlp_2024/1.0/vnnlib/medical/hyperrectangle_2702.vnnlib,.005856055,sat,6.825429441
safenlp_2024,vnncomp2026_benchmarks/benchmarks/safenlp_2024/1.0/onnx/ruarobot/perturbations_0.onnx,vnncomp2026_benchmarks/benchmarks/safenlp_2024/1.0/vnnlib/ruarobot/hyperrectangle_7906.vnnlib,.006079130,sat,5.361036674
safenlp_2024,vnncomp2026_benchmarks/benchmarks/safenlp_2024/1.0/onnx/medical/perturbations_0.onnx,vnncomp2026_benchmarks/benchmarks/safenlp_2024/1.0/vnnlib/medical/hyperrectangle_152.vnnlib,.006017958,unsat,5.357013443
safenlp_2024,vnncomp2026_benchmarks/benchmarks/safenlp_2024/1.0/onnx/ruarobot/perturbations_0.onnx,vnncomp2026_benchmarks/benchmarks/safenlp_2024/1.0/vnnlib/ruarobot/hyperrectangle_2791.vnnlib,.005905718,unsat,5.615794175
safenlp_2024,vnncomp2026_benchmarks/benchmarks/safenlp_2024/1.0/onnx/ruarobot/perturbations_0.onnx,vnncomp2026_benchmarks/benchmarks/safenlp_2024/1.0/vnnlib/ruarobot/hyperrectangle_5698.vnnlib,.005986130,sat,3.209254178
safenlp_2024,vnncomp2026_benchmarks/benchmarks/safenlp_2024/1.0/onnx/medical/perturbations_0.onnx,vnncomp2026_benchmarks/benchmarks/safenlp_2024/1.0/vnnlib/medical/hyperrectangle_2830.vnnlib,.005808217,unsat,5.343871151
safenlp_2024,vnncomp2026_benchmarks/benchmarks/safenlp_2024/1.0/onnx/ruarobot/perturbations_0.onnx,vnncomp2026_benchmarks/benchmarks/safenlp_2024/1.0/vnnlib/ruarobot/hyperrectangle_3568.vnnlib,.006030091,unsat,5.344775778
safenlp_2024,vnncomp2026_benchmarks/benchmarks/safenlp_2024/1.0/onnx/medical/perturbations_0.onnx,vnncomp2026_benchmarks/benchmarks/safenlp_2024/1.0/vnnlib/medical/hyperrectangle_2113.vnnlib,.006412209,sat,5.582047732
safenlp_2024,vnncomp2026_benchmarks/benchmarks/safenlp_2024/1.0/onnx/ruarobot/perturbations_0.onnx,vnncomp2026_benchmarks/benchmarks/safenlp_2024/1.0/vnnlib/ruarobot/hyperrectangle_7898.vnnlib,.005916058,sat,3.202890182
safenlp_2024,vnncomp2026_benchmarks/benchmarks/safenlp_2024/1.0/onnx/ruarobot/perturbations_0.onnx,vnncomp2026_benchmarks/benchmarks/safenlp_2024/1.0/vnnlib/ruarobot/hyperrectangle_2349.vnnlib,.005896488,sat,3.250605294
safenlp_2024,vnncomp2026_benchmarks/benchmarks/safenlp_2024/1.0/onnx/ruarobot/perturbations_0.onnx,vnncomp2026_benchmarks/benchmarks/safenlp_2024/1.0/vnnlib/ruarobot/hyperrectangle_1649.vnnlib,.005966896,sat,3.201823716
safenlp_2024,vnncomp2026_benchmarks/benchmarks/safenlp_2024/1.0/onnx/ruarobot/perturbations_0.onnx,vnncomp2026_benchmarks/benchmarks/safenlp_2024/1.0/vnnlib/ruarobot/hyperrectangle_4625.vnnlib,.006016757,sat,5.493122008
safenlp_2024,vnncomp2026_benchmarks/benchmarks/safenlp_2024/1.0/onnx/ruarobot/perturbations_0.onnx,vnncomp2026_benchmarks/benchmarks/safenlp_2024/1.0/vnnlib/ruarobot/hyperrectangle_41.vnnlib,.006189081,sat,5.378295219
safenlp_2024,vnncomp2026_benchmarks/benchmarks/safenlp_2024/1.0/onnx/ruarobot/perturbations_0.onnx,vnncomp2026_benchmarks/benchmarks/safenlp_2024/1.0/vnnlib/ruarobot/hyperrectangle_886.vnnlib,.005919295,unsat,5.374389342
safenlp_2024,vnncomp2026_benchmarks/benchmarks/safenlp_2024/1.0/onnx/ruarobot/perturbations_0.onnx,vnncomp2026_benchmarks/benchmarks/safenlp_2024/1.0/vnnlib/ruarobot/hyperrectangle_4888.vnnlib,.005886973,unsat,5.592360784
safenlp_2024,vnncomp2026_benchmarks/benchmarks/safenlp_2024/1.0/onnx/ruarobot/perturbations_0.onnx,vnncomp2026_benchmarks/benchmarks/safenlp_2024/1.0/vnnlib/ruarobot/hyperrectangle_1916.vnnlib,.005991466,sat,3.332536176
safenlp_2024,vnncomp2026_benchmarks/benchmarks/safenlp_2024/1.0/onnx/ruarobot/perturbations_0.onnx,vnncomp2026_benchmarks/benchmarks/safenlp_2024/1.0/vnnlib/ruarobot/hyperrectangle_4958.vnnlib,.005967235,sat,6.850706120
safenlp_2024,vnncomp2026_benchmarks/benchmarks/safenlp_2024/1.0/onnx/medical/perturbations_0.onnx,vnncomp2026_benchmarks/benchmarks/safenlp_2024/1.0/vnnlib/medical/hyperrectangle_1111.vnnlib,.006094128,unsat,5.357509651
safenlp_2024,vnncomp2026_benchmarks/benchmarks/safenlp_2024/1.0/onnx/medical/perturbations_0.onnx,vnncomp2026_benchmarks/benchmarks/safenlp_2024/1.0/vnnlib/medical/hyperrectangle_904.vnnlib,.005978545,sat,3.642010251
safenlp_2024,vnncomp2026_benchmarks/benchmarks/safenlp_2024/1.0/onnx/ruarobot/perturbations_0.onnx,vnncomp2026_benchmarks/benchmarks/safenlp_2024/1.0/vnnlib/ruarobot/hyperrectangle_2769.vnnlib,.005961675,sat,5.561216614
safenlp_2024,vnncomp2026_benchmarks/benchmarks/safenlp_2024/1.0/onnx/ruarobot/perturbations_0.onnx,vnncomp2026_benchmarks/benchmarks/safenlp_2024/1.0/vnnlib/ruarobot/hyperrectangle_2696.vnnlib,.006090106,sat,3.377033077
safenlp_2024,vnncomp2026_benchmarks/benchmarks/safenlp_2024/1.0/onnx/ruarobot/perturbations_0.onnx,vnncomp2026_benchmarks/benchmarks/safenlp_2024/1.0/vnnlib/ruarobot/hyperrectangle_4488.vnnlib,.006048356,sat,6.814019090
safenlp_2024,vnncomp2026_benchmarks/benchmarks/safenlp_2024/1.0/onnx/medical/perturbations_0.onnx,vnncomp2026_benchmarks/benchmarks/safenlp_2024/1.0/vnnlib/medical/hyperrectangle_408.vnnlib,.005985825,unsat,5.390173996
safenlp_2024,vnncomp2026_benchmarks/benchmarks/safenlp_2024/1.0/onnx/medical/perturbations_0.onnx,vnncomp2026_benchmarks/benchmarks/safenlp_2024/1.0/vnnlib/medical/hyperrectangle_1389.vnnlib,.005971467,unsat,5.325772573
safenlp_2024,vnncomp2026_benchmarks/benchmarks/safenlp_2024/1.0/onnx/ruarobot/perturbations_0.onnx,vnncomp2026_benchmarks/benchmarks/safenlp_2024/1.0/vnnlib/ruarobot/hyperrectangle_3052.vnnlib,.006000047,sat,6.945344278
safenlp_2024,vnncomp2026_benchmarks/benchmarks/safenlp_2024/1.0/onnx/ruarobot/perturbations_0.onnx,vnncomp2026_benchmarks/benchmarks/safenlp_2024/1.0/vnnlib/ruarobot/hyperrectangle_6222.vnnlib,.005955456,unsat,5.692237907
safenlp_2024,vnncomp2026_benchmarks/benchmarks/safenlp_2024/1.0/onnx/ruarobot/perturbations_0.onnx,vnncomp2026_benchmarks/benchmarks/safenlp_2024/1.0/vnnlib/ruarobot/hyperrectangle_6750.vnnlib,.005900802,sat,5.612106281
safenlp_2024,vnncomp2026_benchmarks/benchmarks/safenlp_2024/1.0/onnx/ruarobot/perturbations_0.onnx,vnncomp2026_benchmarks/benchmarks/safenlp_2024/1.0/vnnlib/ruarobot/hyperrectangle_443.vnnlib,.006093226,sat,3.421822555
safenlp_2024,vnncomp2026_benchmarks/benchmarks/safenlp_2024/1.0/onnx/ruarobot/perturbations_0.onnx,vnncomp2026_benchmarks/benchmarks/safenlp_2024/1.0/vnnlib/ruarobot/hyperrectangle_6735.vnnlib,.006038225,sat,6.822725646
safenlp_2024,vnncomp2026_benchmarks/benchmarks/safenlp_2024/1.0/onnx/ruarobot/perturbations_0.onnx,vnncomp2026_benchmarks/benchmarks/safenlp_2024/1.0/vnnlib/ruarobot/hyperrectangle_1800.vnnlib,.006017656,timeout,24.798537181
safenlp_2024,vnncomp2026_benchmarks/benchmarks/safenlp_2024/1.0/onnx/medical/perturbations_0.onnx,vnncomp2026_benchmarks/benchmarks/safenlp_2024/1.0/vnnlib/medical/hyperrectangle_362.vnnlib,.006151548,unsat,5.244890040
safenlp_2024,vnncomp2026_benchmarks/benchmarks/safenlp_2024/1.0/onnx/ruarobot/perturbations_0.onnx,vnncomp2026_benchmarks/benchmarks/safenlp_2024/1.0/vnnlib/ruarobot/hyperrectangle_7665.vnnlib,.005936895,sat,3.189886358
safenlp_2024,vnncomp2026_benchmarks/benchmarks/safenlp_2024/1.0/onnx/ruarobot/perturbations_0.onnx,vnncomp2026_benchmarks/benchmarks/safenlp_2024/1.0/vnnlib/ruarobot/hyperrectangle_2723.vnnlib,.006013116,sat,6.982823575
safenlp_2024,vnncomp2026_benchmarks/benchmarks/safenlp_2024/1.0/onnx/ruarobot/perturbations_0.onnx,vnncomp2026_benchmarks/benchmarks/safenlp_2024/1.0/vnnlib/ruarobot/hyperrectangle_5798.vnnlib,.006068367,sat,6.847723085
safenlp_2024,vnncomp2026_benchmarks/benchmarks/safenlp_2024/1.0/onnx/ruarobot/perturbations_0.onnx,vnncomp2026_benchmarks/benchmarks/safenlp_2024/1.0/vnnlib/ruarobot/hyperrectangle_1154.vnnlib,.006054457,unsat,5.794524235
safenlp_2024,vnncomp2026_benchmarks/benchmarks/safenlp_2024/1.0/onnx/medical/perturbations_0.onnx,vnncomp2026_benchmarks/benchmarks/safenlp_2024/1.0/vnnlib/medical/hyperrectangle_1342.vnnlib,.005935555,unsat,5.406392573
safenlp_2024,vnncomp2026_benchmarks/benchmarks/safenlp_2024/1.0/onnx/ruarobot/perturbations_0.onnx,vnncomp2026_benchmarks/benchmarks/safenlp_2024/1.0/vnnlib/ruarobot/hyperrectangle_217.vnnlib,.005877143,sat,3.470004199
safenlp_2024,vnncomp2026_benchmarks/benchmarks/safenlp_2024/1.0/onnx/ruarobot/perturbations_0.onnx,vnncomp2026_benchmarks/benchmarks/safenlp_2024/1.0/vnnlib/ruarobot/hyperrectangle_1593.vnnlib,.006349033,sat,5.356962570
safenlp_2024,vnncomp2026_benchmarks/benchmarks/safenlp_2024/1.0/onnx/ruarobot/perturbations_0.onnx,vnncomp2026_benchmarks/benchmarks/safenlp_2024/1.0/vnnlib/ruarobot/hyperrectangle_3169.vnnlib,.006210021,unsat,6.239895644
safenlp_2024,vnncomp2026_benchmarks/benchmarks/safenlp_2024/1.0/onnx/medical/perturbations_0.onnx,vnncomp2026_benchmarks/benchmarks/safenlp_2024/1.0/vnnlib/medical/hyperrectangle_748.vnnlib,.005926824,unsat,76.929077921
safenlp_2024,vnncomp2026_benchmarks/benchmarks/safenlp_2024/1.0/onnx/medical/perturbations_0.onnx,vnncomp2026_benchmarks/benchmarks/safenlp_2024/1.0/vnnlib/medical/hyperrectangle_1349.vnnlib,.005803039,unsat,5.345904302
safenlp_2024,vnncomp2026_benchmarks/benchmarks/safenlp_2024/1.0/onnx/ruarobot/perturbations_0.onnx,vnncomp2026_benchmarks/benchmarks/safenlp_2024/1.0/vnnlib/ruarobot/hyperrectangle_7925.vnnlib,.005974544,sat,3.199228685
safenlp_2024,vnncomp2026_benchmarks/benchmarks/safenlp_2024/1.0/onnx/medical/perturbations_0.onnx,vnncomp2026_benchmarks/benchmarks/safenlp_2024/1.0/vnnlib/medical/hyperrectangle_1232.vnnlib,.006204000,unsat,5.309807191
safenlp_2024,vnncomp2026_benchmarks/benchmarks/safenlp_2024/1.0/onnx/ruarobot/perturbations_0.onnx,vnncomp2026_benchmarks/benchmarks/safenlp_2024/1.0/vnnlib/ruarobot/hyperrectangle_811.vnnlib,.005905793,sat,6.850529079
safenlp_2024,vnncomp2026_benchmarks/benchmarks/safenlp_2024/1.0/onnx/medical/perturbations_0.onnx,vnncomp2026_benchmarks/benchmarks/safenlp_2024/1.0/vnnlib/medical/hyperrectangle_2849.vnnlib,.005981905,unsat,5.346233613
safenlp_2024,vnncomp2026_benchmarks/benchmarks/safenlp_2024/1.0/onnx/ruarobot/perturbations_0.onnx,vnncomp2026_benchmarks/benchmarks/safenlp_2024/1.0/vnnlib/ruarobot/hyperrectangle_642.vnnlib,.006027236,unsat,5.339752362
safenlp_2024,vnncomp2026_benchmarks/benchmarks/safenlp_2024/1.0/onnx/ruarobot/perturbations_0.onnx,vnncomp2026_benchmarks/benchmarks/safenlp_2024/1.0/vnnlib/ruarobot/hyperrectangle_61.vnnlib,.005994064,sat,6.989605557
safenlp_2024,vnncomp2026_benchmarks/benchmarks/safenlp_2024/1.0/onnx/ruarobot/perturbations_0.onnx,vnncomp2026_benchmarks/benchmarks/safenlp_2024/1.0/vnnlib/ruarobot/hyperrectangle_5759.vnnlib,.005738580,sat,3.212155418
safenlp_2024,vnncomp2026_benchmarks/benchmarks/safenlp_2024/1.0/onnx/ruarobot/perturbations_0.onnx,vnncomp2026_benchmarks/benchmarks/safenlp_2024/1.0/vnnlib/ruarobot/hyperrectangle_5501.vnnlib,.005552595,sat,3.449694950
safenlp_2024,vnncomp2026_benchmarks/benchmarks/safenlp_2024/1.0/onnx/ruarobot/perturbations_0.onnx,vnncomp2026_benchmarks/benchmarks/safenlp_2024/1.0/vnnlib/ruarobot/hyperrectangle_5413.vnnlib,.005762610,sat,5.514319628
safenlp_2024,vnncomp2026_benchmarks/benchmarks/safenlp_2024/1.0/onnx/ruarobot/perturbations_0.onnx,vnncomp2026_benchmarks/benchmarks/safenlp_2024/1.0/vnnlib/ruarobot/hyperrectangle_200.vnnlib,.006032156,unsat,5.716268758
safenlp_2024,vnncomp2026_benchmarks/benchmarks/safenlp_2024/1.0/onnx/ruarobot/perturbations_0.onnx,vnncomp2026_benchmarks/benchmarks/safenlp_2024/1.0/vnnlib/ruarobot/hyperrectangle_570.vnnlib,.005968014,unsat,5.333970945
safenlp_2024,vnncomp2026_benchmarks/benchmarks/safenlp_2024/1.0/onnx/medical/perturbations_0.onnx,vnncomp2026_benchmarks/benchmarks/safenlp_2024/1.0/vnnlib/medical/hyperrectangle_2342.vnnlib,.005815442,sat,3.293178034
safenlp_2024,vnncomp2026_benchmarks/benchmarks/safenlp_2024/1.0/onnx/ruarobot/perturbations_0.onnx,vnncomp2026_benchmarks/benchmarks/safenlp_2024/1.0/vnnlib/ruarobot/hyperrectangle_1302.vnnlib,.005988375,sat,5.382513892
safenlp_2024,vnncomp2026_benchmarks/benchmarks/safenlp_2024/1.0/onnx/ruarobot/perturbations_0.onnx,vnncomp2026_benchmarks/benchmarks/safenlp_2024/1.0/vnnlib/ruarobot/hyperrectangle_3809.vnnlib,.005853413,sat,6.901132509
safenlp_2024,vnncomp2026_benchmarks/benchmarks/safenlp_2024/1.0/onnx/ruarobot/perturbations_0.onnx,vnncomp2026_benchmarks/benchmarks/safenlp_2024/1.0/vnnlib/ruarobot/hyperrectangle_6690.vnnlib,.006012537,sat,3.727224449
safenlp_2024,vnncomp2026_benchmarks/benchmarks/safenlp_2024/1.0/onnx/ruarobot/perturbations_0.onnx,vnncomp2026_benchmarks/benchmarks/safenlp_2024/1.0/vnnlib/ruarobot/hyperrectangle_1330.vnnlib,.005970114,sat,6.856449079
safenlp_2024,vnncomp2026_benchmarks/benchmarks/test/1.0/onnx/test_nano.onnx,vnncomp2026_benchmarks/benchmarks/test/1.0/vnnlib/test_nano.vnnlib,.005969705,unsat,13.344155603
