dataset,row,onnx,vnnlib,result,time_sec,status,solved,timeout_s,verification_s,wall_s,prep_s,process_wall_s,over_timeout,witness_n,witness_valid,witness_valid_1e6,witness_note,exit_code,log_path,tool_commit,config,deviations,error_class,error_detail,gpu_util_pct_before,gpu_mem_used_mib_before,variant,key,reused_from_row
yelp_pinf,0,yelp_d3_L13.onnx,query_index_q0000_d3_L13_e22016_p1_eps0p0025.v1.vnnlib,unsat,1.4103710651397705,CERTIFIED,1,30.0,1.4103710651397705,5.824,4.17,10.119289487600327,0,0,,,not a FALSIFIED row,0,scratch/logs/fse2026/abcrown/yelp_pinf/00000_db6de67e1e8322ca31e2_hmi3729r.log,6b8bbcfac1c01da1cabd240a87e4dce1a65f5a2b,"{""attack"": {""attack_off"": true, ""hook_replacements"": {}, ""overrides"": {""attack"": {""enable_mip_attack"": false, ""input_split_check_adv"": {""enabled"": ""false""}, ""pgd_order"": ""skip""}, ""bab"": {""attack"": {""enabled"": false}, ""branching"": {""input_split"": {""update_rhs_with_attack"": false}}}}}, ""biccos_applicable"": true, ""biccos_effective"": false, ""derived_path"": ""scratch/rq1_2026_tmp/baselines/abcrown/yelp_pinf/00000_db6de67e1e8322ca31e2_hmi3729r/config.yaml"", ""deviations"": [""config mapping: derived (no official category; vit_2023 transformer config)"", ""attack-off (user decision D20): all attack/falsification stages disabled, see config.attack.overrides"", ""float32: general.double_fp=false; solver.use_float64_in_last_iteration=false; stable_f32 interpreter"", ""solver.batch_size=16; auto_enlarge_batch_size=false for concurrent GPU memory budget""], ""mapping"": ""derived (no official category; vit_2023 transformer config)"", ""notes"": [], ""official"": ""exp_configs/vnncomp23/vit.yaml"", ""official_biccos"": false, ""official_pgd_order"": ""skip"", ""variant"": ""official""}","[""config mapping: derived (no official category; vit_2023 transformer config)"", ""attack-off (user decision D20): all attack/falsification stages disabled, see config.attack.overrides"", ""float32: general.double_fp=false; solver.use_float64_in_last_iteration=false; stable_f32 interpreter"", ""solver.batch_size=16; auto_enlarge_batch_size=false for concurrent GPU memory budget""]",,,0.0,74844.0,official_attack_off_f32,"[""abcrown"",""scratch/text_export/yelp_pinf/yelp_buffet/onnx/yelp_d3_L13.onnx"",""scratch/text_export/yelp_pinf/yelp_buffet/vnnlib/query_index_q0000_d3_L13_e22016_p1_eps0p0025.v1.vnnlib"",30.0,""official_attack_off_f32""]",
yelp_pinf,1,yelp_d3_L13.onnx,query_index_q0001_d3_L13_e14465_p1_eps0p0025.v1.vnnlib,unsat,2.889158010482788,CERTIFIED,1,30.0,2.889158010482788,6.676,4.021,10.817247809842229,0,0,,,not a FALSIFIED row,0,scratch/logs/fse2026/abcrown/yelp_pinf/00001_f30e008f814cc43294f7_it5fax_i.log,6b8bbcfac1c01da1cabd240a87e4dce1a65f5a2b,"{""attack"": {""attack_off"": true, ""hook_replacements"": {}, ""overrides"": {""attack"": {""enable_mip_attack"": false, ""input_split_check_adv"": {""enabled"": ""false""}, ""pgd_order"": ""skip""}, ""bab"": {""attack"": {""enabled"": false}, ""branching"": {""input_split"": {""update_rhs_with_attack"": false}}}}}, ""biccos_applicable"": true, ""biccos_effective"": false, ""derived_path"": ""scratch/rq1_2026_tmp/baselines/abcrown/yelp_pinf/00001_f30e008f814cc43294f7_it5fax_i/config.yaml"", ""deviations"": [""config mapping: derived (no official category; vit_2023 transformer config)"", ""attack-off (user decision D20): all attack/falsification stages disabled, see config.attack.overrides"", ""float32: general.double_fp=false; solver.use_float64_in_last_iteration=false; stable_f32 interpreter"", ""solver.batch_size=16; auto_enlarge_batch_size=false for concurrent GPU memory budget""], ""mapping"": ""derived (no official category; vit_2023 transformer config)"", ""notes"": [], ""official"": ""exp_configs/vnncomp23/vit.yaml"", ""official_biccos"": false, ""official_pgd_order"": ""skip"", ""variant"": ""official""}","[""config mapping: derived (no official category; vit_2023 transformer config)"", ""attack-off (user decision D20): all attack/falsification stages disabled, see config.attack.overrides"", ""float32: general.double_fp=false; solver.use_float64_in_last_iteration=false; stable_f32 interpreter"", ""solver.batch_size=16; auto_enlarge_batch_size=false for concurrent GPU memory budget""]",,,23.0,2366.0,official_attack_off_f32,"[""abcrown"",""scratch/text_export/yelp_pinf/yelp_buffet/onnx/yelp_d3_L13.onnx"",""scratch/text_export/yelp_pinf/yelp_buffet/vnnlib/query_index_q0001_d3_L13_e14465_p1_eps0p0025.v1.vnnlib"",30.0,""official_attack_off_f32""]",
yelp_pinf,2,yelp_d3_L17.onnx,query_index_q0002_d3_L17_e33469_p1_eps0p0025.v1.vnnlib,unsat,3.5530338287353516,CERTIFIED,1,30.0,3.5530338287353516,7.226,4.021,11.364952079951763,0,0,,,not a FALSIFIED row,0,scratch/logs/fse2026/abcrown/yelp_pinf/00002_553838fd85dc0dc15d29_myi6h8ts.log,6b8bbcfac1c01da1cabd240a87e4dce1a65f5a2b,"{""attack"": {""attack_off"": true, ""hook_replacements"": {}, ""overrides"": {""attack"": {""enable_mip_attack"": false, ""input_split_check_adv"": {""enabled"": ""false""}, ""pgd_order"": ""skip""}, ""bab"": {""attack"": {""enabled"": false}, ""branching"": {""input_split"": {""update_rhs_with_attack"": false}}}}}, ""biccos_applicable"": true, ""biccos_effective"": false, ""derived_path"": ""scratch/rq1_2026_tmp/baselines/abcrown/yelp_pinf/00002_553838fd85dc0dc15d29_myi6h8ts/config.yaml"", ""deviations"": [""config mapping: derived (no official category; vit_2023 transformer config)"", ""attack-off (user decision D20): all attack/falsification stages disabled, see config.attack.overrides"", ""float32: general.double_fp=false; solver.use_float64_in_last_iteration=false; stable_f32 interpreter"", ""solver.batch_size=16; auto_enlarge_batch_size=false for concurrent GPU memory budget""], ""mapping"": ""derived (no official category; vit_2023 transformer config)"", ""notes"": [], ""official"": ""exp_configs/vnncomp23/vit.yaml"", ""official_biccos"": false, ""official_pgd_order"": ""skip"", ""variant"": ""official""}","[""config mapping: derived (no official category; vit_2023 transformer config)"", ""attack-off (user decision D20): all attack/falsification stages disabled, see config.attack.overrides"", ""float32: general.double_fp=false; solver.use_float64_in_last_iteration=false; stable_f32 interpreter"", ""solver.batch_size=16; auto_enlarge_batch_size=false for concurrent GPU memory budget""]",,,0.0,35328.0,official_attack_off_f32,"[""abcrown"",""scratch/text_export/yelp_pinf/yelp_buffet/onnx/yelp_d3_L17.onnx"",""scratch/text_export/yelp_pinf/yelp_buffet/vnnlib/query_index_q0002_d3_L17_e33469_p1_eps0p0025.v1.vnnlib"",30.0,""official_attack_off_f32""]",
yelp_pinf,3,yelp_d3_L14.onnx,query_index_q0003_d3_L14_e23177_p1_eps0p0025.v1.vnnlib,unsat,3.5496349334716797,CERTIFIED,1,30.0,3.5496349334716797,7.728,3.771,11.61794144846499,0,0,,,not a FALSIFIED row,0,scratch/logs/fse2026/abcrown/yelp_pinf/00003_4721f0935cf555f389de_rurrr6sf.log,6b8bbcfac1c01da1cabd240a87e4dce1a65f5a2b,"{""attack"": {""attack_off"": true, ""hook_replacements"": {}, ""overrides"": {""attack"": {""enable_mip_attack"": false, ""input_split_check_adv"": {""enabled"": ""false""}, ""pgd_order"": ""skip""}, ""bab"": {""attack"": {""enabled"": false}, ""branching"": {""input_split"": {""update_rhs_with_attack"": false}}}}}, ""biccos_applicable"": true, ""biccos_effective"": false, ""derived_path"": ""scratch/rq1_2026_tmp/baselines/abcrown/yelp_pinf/00003_4721f0935cf555f389de_rurrr6sf/config.yaml"", ""deviations"": [""config mapping: derived (no official category; vit_2023 transformer config)"", ""attack-off (user decision D20): all attack/falsification stages disabled, see config.attack.overrides"", ""float32: general.double_fp=false; solver.use_float64_in_last_iteration=false; stable_f32 interpreter"", ""solver.batch_size=16; auto_enlarge_batch_size=false for concurrent GPU memory budget""], ""mapping"": ""derived (no official category; vit_2023 transformer config)"", ""notes"": [], ""official"": ""exp_configs/vnncomp23/vit.yaml"", ""official_biccos"": false, ""official_pgd_order"": ""skip"", ""variant"": ""official""}","[""config mapping: derived (no official category; vit_2023 transformer config)"", ""attack-off (user decision D20): all attack/falsification stages disabled, see config.attack.overrides"", ""float32: general.double_fp=false; solver.use_float64_in_last_iteration=false; stable_f32 interpreter"", ""solver.batch_size=16; auto_enlarge_batch_size=false for concurrent GPU memory budget""]",,,78.0,69234.0,official_attack_off_f32,"[""abcrown"",""scratch/text_export/yelp_pinf/yelp_buffet/onnx/yelp_d3_L14.onnx"",""scratch/text_export/yelp_pinf/yelp_buffet/vnnlib/query_index_q0003_d3_L14_e23177_p1_eps0p0025.v1.vnnlib"",30.0,""official_attack_off_f32""]",
yelp_pinf,4,yelp_d3_L5.onnx,query_index_q0004_d3_L5_e12566_p1_eps0p0025.v1.vnnlib,unsat,1.0105957984924316,CERTIFIED,1,30.0,1.0105957984924316,4.772,4.27,9.15999942831695,0,0,,,not a FALSIFIED row,0,scratch/logs/fse2026/abcrown/yelp_pinf/00004_6eca9c6cc3e2611dc2f5_a8d7q6fm.log,6b8bbcfac1c01da1cabd240a87e4dce1a65f5a2b,"{""attack"": {""attack_off"": true, ""hook_replacements"": {}, ""overrides"": {""attack"": {""enable_mip_attack"": false, ""input_split_check_adv"": {""enabled"": ""false""}, ""pgd_order"": ""skip""}, ""bab"": {""attack"": {""enabled"": false}, ""branching"": {""input_split"": {""update_rhs_with_attack"": false}}}}}, ""biccos_applicable"": true, ""biccos_effective"": false, ""derived_path"": ""scratch/rq1_2026_tmp/baselines/abcrown/yelp_pinf/00004_6eca9c6cc3e2611dc2f5_a8d7q6fm/config.yaml"", ""deviations"": [""config mapping: derived (no official category; vit_2023 transformer config)"", ""attack-off (user decision D20): all attack/falsification stages disabled, see config.attack.overrides"", ""float32: general.double_fp=false; solver.use_float64_in_last_iteration=false; stable_f32 interpreter"", ""solver.batch_size=16; auto_enlarge_batch_size=false for concurrent GPU memory budget""], ""mapping"": ""derived (no official category; vit_2023 transformer config)"", ""notes"": [], ""official"": ""exp_configs/vnncomp23/vit.yaml"", ""official_biccos"": false, ""official_pgd_order"": ""skip"", ""variant"": ""official""}","[""config mapping: derived (no official category; vit_2023 transformer config)"", ""attack-off (user decision D20): all attack/falsification stages disabled, see config.attack.overrides"", ""float32: general.double_fp=false; solver.use_float64_in_last_iteration=false; stable_f32 interpreter"", ""solver.batch_size=16; auto_enlarge_batch_size=false for concurrent GPU memory budget""]",,,10.0,69234.0,official_attack_off_f32,"[""abcrown"",""scratch/text_export/yelp_pinf/yelp_buffet/onnx/yelp_d3_L5.onnx"",""scratch/text_export/yelp_pinf/yelp_buffet/vnnlib/query_index_q0004_d3_L5_e12566_p1_eps0p0025.v1.vnnlib"",30.0,""official_attack_off_f32""]",
yelp_pinf,5,yelp_d3_L16.onnx,query_index_q0005_d3_L16_e29715_p1_eps0p0025.v1.vnnlib,unsat,4.682074308395386,CERTIFIED,1,30.0,4.682074308395386,8.528,4.121,12.768096297979355,0,0,,,not a FALSIFIED row,0,scratch/logs/fse2026/abcrown/yelp_pinf/00005_7a236fc6d048f5f8208d_w26uk1q_.log,6b8bbcfac1c01da1cabd240a87e4dce1a65f5a2b,"{""attack"": {""attack_off"": true, ""hook_replacements"": {}, ""overrides"": {""attack"": {""enable_mip_attack"": false, ""input_split_check_adv"": {""enabled"": ""false""}, ""pgd_order"": ""skip""}, ""bab"": {""attack"": {""enabled"": false}, ""branching"": {""input_split"": {""update_rhs_with_attack"": false}}}}}, ""biccos_applicable"": true, ""biccos_effective"": false, ""derived_path"": ""scratch/rq1_2026_tmp/baselines/abcrown/yelp_pinf/00005_7a236fc6d048f5f8208d_w26uk1q_/config.yaml"", ""deviations"": [""config mapping: derived (no official category; vit_2023 transformer config)"", ""attack-off (user decision D20): all attack/falsification stages disabled, see config.attack.overrides"", ""float32: general.double_fp=false; solver.use_float64_in_last_iteration=false; stable_f32 interpreter"", ""solver.batch_size=16; auto_enlarge_batch_size=false for concurrent GPU memory budget""], ""mapping"": ""derived (no official category; vit_2023 transformer config)"", ""notes"": [], ""official"": ""exp_configs/vnncomp23/vit.yaml"", ""official_biccos"": false, ""official_pgd_order"": ""skip"", ""variant"": ""official""}","[""config mapping: derived (no official category; vit_2023 transformer config)"", ""attack-off (user decision D20): all attack/falsification stages disabled, see config.attack.overrides"", ""float32: general.double_fp=false; solver.use_float64_in_last_iteration=false; stable_f32 interpreter"", ""solver.batch_size=16; auto_enlarge_batch_size=false for concurrent GPU memory budget""]",,,22.0,69234.0,official_attack_off_f32,"[""abcrown"",""scratch/text_export/yelp_pinf/yelp_buffet/onnx/yelp_d3_L16.onnx"",""scratch/text_export/yelp_pinf/yelp_buffet/vnnlib/query_index_q0005_d3_L16_e29715_p1_eps0p0025.v1.vnnlib"",30.0,""official_attack_off_f32""]",
yelp_pinf,6,yelp_d3_L9.onnx,query_index_q0006_d3_L9_e23563_p1_eps0p0025.v1.vnnlib,unsat,0.988011360168457,CERTIFIED,1,30.0,0.988011360168457,4.622,4.171,8.911026682704687,0,0,,,not a FALSIFIED row,0,scratch/logs/fse2026/abcrown/yelp_pinf/00006_c714f76f6010b6ae1c38_sepbixy5.log,6b8bbcfac1c01da1cabd240a87e4dce1a65f5a2b,"{""attack"": {""attack_off"": true, ""hook_replacements"": {}, ""overrides"": {""attack"": {""enable_mip_attack"": false, ""input_split_check_adv"": {""enabled"": ""false""}, ""pgd_order"": ""skip""}, ""bab"": {""attack"": {""enabled"": false}, ""branching"": {""input_split"": {""update_rhs_with_attack"": false}}}}}, ""biccos_applicable"": true, ""biccos_effective"": false, ""derived_path"": ""scratch/rq1_2026_tmp/baselines/abcrown/yelp_pinf/00006_c714f76f6010b6ae1c38_sepbixy5/config.yaml"", ""deviations"": [""config mapping: derived (no official category; vit_2023 transformer config)"", ""attack-off (user decision D20): all attack/falsification stages disabled, see config.attack.overrides"", ""float32: general.double_fp=false; solver.use_float64_in_last_iteration=false; stable_f32 interpreter"", ""solver.batch_size=16; auto_enlarge_batch_size=false for concurrent GPU memory budget""], ""mapping"": ""derived (no official category; vit_2023 transformer config)"", ""notes"": [], ""official"": ""exp_configs/vnncomp23/vit.yaml"", ""official_biccos"": false, ""official_pgd_order"": ""skip"", ""variant"": ""official""}","[""config mapping: derived (no official category; vit_2023 transformer config)"", ""attack-off (user decision D20): all attack/falsification stages disabled, see config.attack.overrides"", ""float32: general.double_fp=false; solver.use_float64_in_last_iteration=false; stable_f32 interpreter"", ""solver.batch_size=16; auto_enlarge_batch_size=false for concurrent GPU memory budget""]",,,12.0,69234.0,official_attack_off_f32,"[""abcrown"",""scratch/text_export/yelp_pinf/yelp_buffet/onnx/yelp_d3_L9.onnx"",""scratch/text_export/yelp_pinf/yelp_buffet/vnnlib/query_index_q0006_d3_L9_e23563_p1_eps0p0025.v1.vnnlib"",30.0,""official_attack_off_f32""]",
yelp_pinf,7,yelp_d3_L11.onnx,query_index_q0007_d3_L11_e11857_p1_eps0p0025.v1.vnnlib,unsat,1.015105962753296,CERTIFIED,1,30.0,1.015105962753296,4.722,4.071,8.911357371136546,0,0,,,not a FALSIFIED row,0,scratch/logs/fse2026/abcrown/yelp_pinf/00007_fccc4832b3eeaddd36fd_svciclzp.log,6b8bbcfac1c01da1cabd240a87e4dce1a65f5a2b,"{""attack"": {""attack_off"": true, ""hook_replacements"": {}, ""overrides"": {""attack"": {""enable_mip_attack"": false, ""input_split_check_adv"": {""enabled"": ""false""}, ""pgd_order"": ""skip""}, ""bab"": {""attack"": {""enabled"": false}, ""branching"": {""input_split"": {""update_rhs_with_attack"": false}}}}}, ""biccos_applicable"": true, ""biccos_effective"": false, ""derived_path"": ""scratch/rq1_2026_tmp/baselines/abcrown/yelp_pinf/00007_fccc4832b3eeaddd36fd_svciclzp/config.yaml"", ""deviations"": [""config mapping: derived (no official category; vit_2023 transformer config)"", ""attack-off (user decision D20): all attack/falsification stages disabled, see config.attack.overrides"", ""float32: general.double_fp=false; solver.use_float64_in_last_iteration=false; stable_f32 interpreter"", ""solver.batch_size=16; auto_enlarge_batch_size=false for concurrent GPU memory budget""], ""mapping"": ""derived (no official category; vit_2023 transformer config)"", ""notes"": [], ""official"": ""exp_configs/vnncomp23/vit.yaml"", ""official_biccos"": false, ""official_pgd_order"": ""skip"", ""variant"": ""official""}","[""config mapping: derived (no official category; vit_2023 transformer config)"", ""attack-off (user decision D20): all attack/falsification stages disabled, see config.attack.overrides"", ""float32: general.double_fp=false; solver.use_float64_in_last_iteration=false; stable_f32 interpreter"", ""solver.batch_size=16; auto_enlarge_batch_size=false for concurrent GPU memory budget""]",,,64.0,69234.0,official_attack_off_f32,"[""abcrown"",""scratch/text_export/yelp_pinf/yelp_buffet/onnx/yelp_d3_L11.onnx"",""scratch/text_export/yelp_pinf/yelp_buffet/vnnlib/query_index_q0007_d3_L11_e11857_p1_eps0p0025.v1.vnnlib"",30.0,""official_attack_off_f32""]",
yelp_pinf,8,yelp_d3_L8.onnx,query_index_q0008_d3_L8_e421_p1_eps0p0025.v1.vnnlib,unsat,4.24823784828186,CERTIFIED,1,30.0,4.24823784828186,8.178,4.122,12.418740158900619,0,0,,,not a FALSIFIED row,0,scratch/logs/fse2026/abcrown/yelp_pinf/00008_6a87333368795d4d90b8_74usy7g0.log,6b8bbcfac1c01da1cabd240a87e4dce1a65f5a2b,"{""attack"": {""attack_off"": true, ""hook_replacements"": {}, ""overrides"": {""attack"": {""enable_mip_attack"": false, ""input_split_check_adv"": {""enabled"": ""false""}, ""pgd_order"": ""skip""}, ""bab"": {""attack"": {""enabled"": false}, ""branching"": {""input_split"": {""update_rhs_with_attack"": false}}}}}, ""biccos_applicable"": true, ""biccos_effective"": false, ""derived_path"": ""scratch/rq1_2026_tmp/baselines/abcrown/yelp_pinf/00008_6a87333368795d4d90b8_74usy7g0/config.yaml"", ""deviations"": [""config mapping: derived (no official category; vit_2023 transformer config)"", ""attack-off (user decision D20): all attack/falsification stages disabled, see config.attack.overrides"", ""float32: general.double_fp=false; solver.use_float64_in_last_iteration=false; stable_f32 interpreter"", ""solver.batch_size=16; auto_enlarge_batch_size=false for concurrent GPU memory budget""], ""mapping"": ""derived (no official category; vit_2023 transformer config)"", ""notes"": [], ""official"": ""exp_configs/vnncomp23/vit.yaml"", ""official_biccos"": false, ""official_pgd_order"": ""skip"", ""variant"": ""official""}","[""config mapping: derived (no official category; vit_2023 transformer config)"", ""attack-off (user decision D20): all attack/falsification stages disabled, see config.attack.overrides"", ""float32: general.double_fp=false; solver.use_float64_in_last_iteration=false; stable_f32 interpreter"", ""solver.batch_size=16; auto_enlarge_batch_size=false for concurrent GPU memory budget""]",,,93.0,69234.0,official_attack_off_f32,"[""abcrown"",""scratch/text_export/yelp_pinf/yelp_buffet/onnx/yelp_d3_L8.onnx"",""scratch/text_export/yelp_pinf/yelp_buffet/vnnlib/query_index_q0008_d3_L8_e421_p1_eps0p0025.v1.vnnlib"",30.0,""official_attack_off_f32""]",
yelp_pinf,9,yelp_d3_L19.onnx,query_index_q0009_d3_L19_e4817_p1_eps0p0025.v1.vnnlib,unsat,1.2157719135284424,CERTIFIED,1,30.0,1.2157719135284424,4.922,4.121,9.160544672980905,0,0,,,not a FALSIFIED row,0,scratch/logs/fse2026/abcrown/yelp_pinf/00009_9b579925943b76760395_kw_e40nz.log,6b8bbcfac1c01da1cabd240a87e4dce1a65f5a2b,"{""attack"": {""attack_off"": true, ""hook_replacements"": {}, ""overrides"": {""attack"": {""enable_mip_attack"": false, ""input_split_check_adv"": {""enabled"": ""false""}, ""pgd_order"": ""skip""}, ""bab"": {""attack"": {""enabled"": false}, ""branching"": {""input_split"": {""update_rhs_with_attack"": false}}}}}, ""biccos_applicable"": true, ""biccos_effective"": false, ""derived_path"": ""scratch/rq1_2026_tmp/baselines/abcrown/yelp_pinf/00009_9b579925943b76760395_kw_e40nz/config.yaml"", ""deviations"": [""config mapping: derived (no official category; vit_2023 transformer config)"", ""attack-off (user decision D20): all attack/falsification stages disabled, see config.attack.overrides"", ""float32: general.double_fp=false; solver.use_float64_in_last_iteration=false; stable_f32 interpreter"", ""solver.batch_size=16; auto_enlarge_batch_size=false for concurrent GPU memory budget""], ""mapping"": ""derived (no official category; vit_2023 transformer config)"", ""notes"": [], ""official"": ""exp_configs/vnncomp23/vit.yaml"", ""official_biccos"": false, ""official_pgd_order"": ""skip"", ""variant"": ""official""}","[""config mapping: derived (no official category; vit_2023 transformer config)"", ""attack-off (user decision D20): all attack/falsification stages disabled, see config.attack.overrides"", ""float32: general.double_fp=false; solver.use_float64_in_last_iteration=false; stable_f32 interpreter"", ""solver.batch_size=16; auto_enlarge_batch_size=false for concurrent GPU memory budget""]",,,16.0,69234.0,official_attack_off_f32,"[""abcrown"",""scratch/text_export/yelp_pinf/yelp_buffet/onnx/yelp_d3_L19.onnx"",""scratch/text_export/yelp_pinf/yelp_buffet/vnnlib/query_index_q0009_d3_L19_e4817_p1_eps0p0025.v1.vnnlib"",30.0,""official_attack_off_f32""]",
yelp_pinf,10,yelp_d3_L11.onnx,query_index_q0010_d3_L11_e20032_p1_eps0p0025.v1.vnnlib,unsat,0.9901654720306396,CERTIFIED,1,30.0,0.9901654720306396,4.772,4.221,9.113184260204434,0,0,,,not a FALSIFIED row,0,scratch/logs/fse2026/abcrown/yelp_pinf/00010_1d262e9b48e875584731_q0ilsi83.log,6b8bbcfac1c01da1cabd240a87e4dce1a65f5a2b,"{""attack"": {""attack_off"": true, ""hook_replacements"": {}, ""overrides"": {""attack"": {""enable_mip_attack"": false, ""input_split_check_adv"": {""enabled"": ""false""}, ""pgd_order"": ""skip""}, ""bab"": {""attack"": {""enabled"": false}, ""branching"": {""input_split"": {""update_rhs_with_attack"": false}}}}}, ""biccos_applicable"": true, ""biccos_effective"": false, ""derived_path"": ""scratch/rq1_2026_tmp/baselines/abcrown/yelp_pinf/00010_1d262e9b48e875584731_q0ilsi83/config.yaml"", ""deviations"": [""config mapping: derived (no official category; vit_2023 transformer config)"", ""attack-off (user decision D20): all attack/falsification stages disabled, see config.attack.overrides"", ""float32: general.double_fp=false; solver.use_float64_in_last_iteration=false; stable_f32 interpreter"", ""solver.batch_size=16; auto_enlarge_batch_size=false for concurrent GPU memory budget""], ""mapping"": ""derived (no official category; vit_2023 transformer config)"", ""notes"": [], ""official"": ""exp_configs/vnncomp23/vit.yaml"", ""official_biccos"": false, ""official_pgd_order"": ""skip"", ""variant"": ""official""}","[""config mapping: derived (no official category; vit_2023 transformer config)"", ""attack-off (user decision D20): all attack/falsification stages disabled, see config.attack.overrides"", ""float32: general.double_fp=false; solver.use_float64_in_last_iteration=false; stable_f32 interpreter"", ""solver.batch_size=16; auto_enlarge_batch_size=false for concurrent GPU memory budget""]",,,100.0,78264.0,official_attack_off_f32,"[""abcrown"",""scratch/text_export/yelp_pinf/yelp_buffet/onnx/yelp_d3_L11.onnx"",""scratch/text_export/yelp_pinf/yelp_buffet/vnnlib/query_index_q0010_d3_L11_e20032_p1_eps0p0025.v1.vnnlib"",30.0,""official_attack_off_f32""]",
yelp_pinf,11,yelp_d3_L8.onnx,query_index_q0011_d3_L8_e22272_p1_eps0p0025.v1.vnnlib,unsat,2.540571451187134,CERTIFIED,1,30.0,2.540571451187134,6.276,3.773,10.16320981644094,0,0,,,not a FALSIFIED row,0,scratch/logs/fse2026/abcrown/yelp_pinf/00011_1b398fee5a9fd860d5a3_49ghji_6.log,6b8bbcfac1c01da1cabd240a87e4dce1a65f5a2b,"{""attack"": {""attack_off"": true, ""hook_replacements"": {}, ""overrides"": {""attack"": {""enable_mip_attack"": false, ""input_split_check_adv"": {""enabled"": ""false""}, ""pgd_order"": ""skip""}, ""bab"": {""attack"": {""enabled"": false}, ""branching"": {""input_split"": {""update_rhs_with_attack"": false}}}}}, ""biccos_applicable"": true, ""biccos_effective"": false, ""derived_path"": ""scratch/rq1_2026_tmp/baselines/abcrown/yelp_pinf/00011_1b398fee5a9fd860d5a3_49ghji_6/config.yaml"", ""deviations"": [""config mapping: derived (no official category; vit_2023 transformer config)"", ""attack-off (user decision D20): all attack/falsification stages disabled, see config.attack.overrides"", ""float32: general.double_fp=false; solver.use_float64_in_last_iteration=false; stable_f32 interpreter"", ""solver.batch_size=16; auto_enlarge_batch_size=false for concurrent GPU memory budget""], ""mapping"": ""derived (no official category; vit_2023 transformer config)"", ""notes"": [], ""official"": ""exp_configs/vnncomp23/vit.yaml"", ""official_biccos"": false, ""official_pgd_order"": ""skip"", ""variant"": ""official""}","[""config mapping: derived (no official category; vit_2023 transformer config)"", ""attack-off (user decision D20): all attack/falsification stages disabled, see config.attack.overrides"", ""float32: general.double_fp=false; solver.use_float64_in_last_iteration=false; stable_f32 interpreter"", ""solver.batch_size=16; auto_enlarge_batch_size=false for concurrent GPU memory budget""]",,,0.0,684.0,official_attack_off_f32,"[""abcrown"",""scratch/text_export/yelp_pinf/yelp_buffet/onnx/yelp_d3_L8.onnx"",""scratch/text_export/yelp_pinf/yelp_buffet/vnnlib/query_index_q0011_d3_L8_e22272_p1_eps0p0025.v1.vnnlib"",30.0,""official_attack_off_f32""]",
yelp_pinf,12,yelp_d3_L9.onnx,query_index_q0012_d3_L9_e7941_p1_eps0p0025.v1.vnnlib,unsat,2.4749834537506104,CERTIFIED,1,30.0,2.4749834537506104,6.425,3.87,10.414031814783812,0,0,,,not a FALSIFIED row,0,scratch/logs/fse2026/abcrown/yelp_pinf/00012_3576ea49bb3e7c712db2_4470nped.log,6b8bbcfac1c01da1cabd240a87e4dce1a65f5a2b,"{""attack"": {""attack_off"": true, ""hook_replacements"": {}, ""overrides"": {""attack"": {""enable_mip_attack"": false, ""input_split_check_adv"": {""enabled"": ""false""}, ""pgd_order"": ""skip""}, ""bab"": {""attack"": {""enabled"": false}, ""branching"": {""input_split"": {""update_rhs_with_attack"": false}}}}}, ""biccos_applicable"": true, ""biccos_effective"": false, ""derived_path"": ""scratch/rq1_2026_tmp/baselines/abcrown/yelp_pinf/00012_3576ea49bb3e7c712db2_4470nped/config.yaml"", ""deviations"": [""config mapping: derived (no official category; vit_2023 transformer config)"", ""attack-off (user decision D20): all attack/falsification stages disabled, see config.attack.overrides"", ""float32: general.double_fp=false; solver.use_float64_in_last_iteration=false; stable_f32 interpreter"", ""solver.batch_size=16; auto_enlarge_batch_size=false for concurrent GPU memory budget""], ""mapping"": ""derived (no official category; vit_2023 transformer config)"", ""notes"": [], ""official"": ""exp_configs/vnncomp23/vit.yaml"", ""official_biccos"": false, ""official_pgd_order"": ""skip"", ""variant"": ""official""}","[""config mapping: derived (no official category; vit_2023 transformer config)"", ""attack-off (user decision D20): all attack/falsification stages disabled, see config.attack.overrides"", ""float32: general.double_fp=false; solver.use_float64_in_last_iteration=false; stable_f32 interpreter"", ""solver.batch_size=16; auto_enlarge_batch_size=false for concurrent GPU memory budget""]",,,4.0,2076.0,official_attack_off_f32,"[""abcrown"",""scratch/text_export/yelp_pinf/yelp_buffet/onnx/yelp_d3_L9.onnx"",""scratch/text_export/yelp_pinf/yelp_buffet/vnnlib/query_index_q0012_d3_L9_e7941_p1_eps0p0025.v1.vnnlib"",30.0,""official_attack_off_f32""]",
yelp_pinf,13,yelp_d3_L10.onnx,query_index_q0013_d3_L10_e37590_p1_eps0p0025.v1.vnnlib,unsat,1.4822478294372559,CERTIFIED,1,30.0,1.4822478294372559,5.574,3.922,9.613315125927329,0,0,,,not a FALSIFIED row,0,scratch/logs/fse2026/abcrown/yelp_pinf/00013_a31a967a49646525a01f_yj8hwuho.log,6b8bbcfac1c01da1cabd240a87e4dce1a65f5a2b,"{""attack"": {""attack_off"": true, ""hook_replacements"": {}, ""overrides"": {""attack"": {""enable_mip_attack"": false, ""input_split_check_adv"": {""enabled"": ""false""}, ""pgd_order"": ""skip""}, ""bab"": {""attack"": {""enabled"": false}, ""branching"": {""input_split"": {""update_rhs_with_attack"": false}}}}}, ""biccos_applicable"": true, ""biccos_effective"": false, ""derived_path"": ""scratch/rq1_2026_tmp/baselines/abcrown/yelp_pinf/00013_a31a967a49646525a01f_yj8hwuho/config.yaml"", ""deviations"": [""config mapping: derived (no official category; vit_2023 transformer config)"", ""attack-off (user decision D20): all attack/falsification stages disabled, see config.attack.overrides"", ""float32: general.double_fp=false; solver.use_float64_in_last_iteration=false; stable_f32 interpreter"", ""solver.batch_size=16; auto_enlarge_batch_size=false for concurrent GPU memory budget""], ""mapping"": ""derived (no official category; vit_2023 transformer config)"", ""notes"": [], ""official"": ""exp_configs/vnncomp23/vit.yaml"", ""official_biccos"": false, ""official_pgd_order"": ""skip"", ""variant"": ""official""}","[""config mapping: derived (no official category; vit_2023 transformer config)"", ""attack-off (user decision D20): all attack/falsification stages disabled, see config.attack.overrides"", ""float32: general.double_fp=false; solver.use_float64_in_last_iteration=false; stable_f32 interpreter"", ""solver.batch_size=16; auto_enlarge_batch_size=false for concurrent GPU memory budget""]",,,94.0,32878.0,official_attack_off_f32,"[""abcrown"",""scratch/text_export/yelp_pinf/yelp_buffet/onnx/yelp_d3_L10.onnx"",""scratch/text_export/yelp_pinf/yelp_buffet/vnnlib/query_index_q0013_d3_L10_e37590_p1_eps0p0025.v1.vnnlib"",30.0,""official_attack_off_f32""]",
yelp_pinf,14,yelp_d3_L11.onnx,query_index_q0014_d3_L11_e9935_p1_eps0p0025.v1.vnnlib,unsat,1.0064537525177002,CERTIFIED,1,30.0,1.0064537525177002,4.873,4.221,9.20543785020709,0,0,,,not a FALSIFIED row,0,scratch/logs/fse2026/abcrown/yelp_pinf/00014_07143a93963933ee6954_g9kwfyd2.log,6b8bbcfac1c01da1cabd240a87e4dce1a65f5a2b,"{""attack"": {""attack_off"": true, ""hook_replacements"": {}, ""overrides"": {""attack"": {""enable_mip_attack"": false, ""input_split_check_adv"": {""enabled"": ""false""}, ""pgd_order"": ""skip""}, ""bab"": {""attack"": {""enabled"": false}, ""branching"": {""input_split"": {""update_rhs_with_attack"": false}}}}}, ""biccos_applicable"": true, ""biccos_effective"": false, ""derived_path"": ""scratch/rq1_2026_tmp/baselines/abcrown/yelp_pinf/00014_07143a93963933ee6954_g9kwfyd2/config.yaml"", ""deviations"": [""config mapping: derived (no official category; vit_2023 transformer config)"", ""attack-off (user decision D20): all attack/falsification stages disabled, see config.attack.overrides"", ""float32: general.double_fp=false; solver.use_float64_in_last_iteration=false; stable_f32 interpreter"", ""solver.batch_size=16; auto_enlarge_batch_size=false for concurrent GPU memory budget""], ""mapping"": ""derived (no official category; vit_2023 transformer config)"", ""notes"": [], ""official"": ""exp_configs/vnncomp23/vit.yaml"", ""official_biccos"": false, ""official_pgd_order"": ""skip"", ""variant"": ""official""}","[""config mapping: derived (no official category; vit_2023 transformer config)"", ""attack-off (user decision D20): all attack/falsification stages disabled, see config.attack.overrides"", ""float32: general.double_fp=false; solver.use_float64_in_last_iteration=false; stable_f32 interpreter"", ""solver.batch_size=16; auto_enlarge_batch_size=false for concurrent GPU memory budget""]",,,3.0,60120.0,official_attack_off_f32,"[""abcrown"",""scratch/text_export/yelp_pinf/yelp_buffet/onnx/yelp_d3_L11.onnx"",""scratch/text_export/yelp_pinf/yelp_buffet/vnnlib/query_index_q0014_d3_L11_e9935_p1_eps0p0025.v1.vnnlib"",30.0,""official_attack_off_f32""]",
yelp_pinf,15,yelp_d3_L8.onnx,query_index_q0015_d3_L8_e19222_p1_eps0p0025.v1.vnnlib,unsat,4.664889335632324,CERTIFIED,1,30.0,4.664889335632324,8.579,4.171,12.868305852636695,0,0,,,not a FALSIFIED row,0,scratch/logs/fse2026/abcrown/yelp_pinf/00015_06225d4475a048cc30c1_lt9zh2d9.log,6b8bbcfac1c01da1cabd240a87e4dce1a65f5a2b,"{""attack"": {""attack_off"": true, ""hook_replacements"": {}, ""overrides"": {""attack"": {""enable_mip_attack"": false, ""input_split_check_adv"": {""enabled"": ""false""}, ""pgd_order"": ""skip""}, ""bab"": {""attack"": {""enabled"": false}, ""branching"": {""input_split"": {""update_rhs_with_attack"": false}}}}}, ""biccos_applicable"": true, ""biccos_effective"": false, ""derived_path"": ""scratch/rq1_2026_tmp/baselines/abcrown/yelp_pinf/00015_06225d4475a048cc30c1_lt9zh2d9/config.yaml"", ""deviations"": [""config mapping: derived (no official category; vit_2023 transformer config)"", ""attack-off (user decision D20): all attack/falsification stages disabled, see config.attack.overrides"", ""float32: general.double_fp=false; solver.use_float64_in_last_iteration=false; stable_f32 interpreter"", ""solver.batch_size=16; auto_enlarge_batch_size=false for concurrent GPU memory budget""], ""mapping"": ""derived (no official category; vit_2023 transformer config)"", ""notes"": [], ""official"": ""exp_configs/vnncomp23/vit.yaml"", ""official_biccos"": false, ""official_pgd_order"": ""skip"", ""variant"": ""official""}","[""config mapping: derived (no official category; vit_2023 transformer config)"", ""attack-off (user decision D20): all attack/falsification stages disabled, see config.attack.overrides"", ""float32: general.double_fp=false; solver.use_float64_in_last_iteration=false; stable_f32 interpreter"", ""solver.batch_size=16; auto_enlarge_batch_size=false for concurrent GPU memory budget""]",,,0.0,69150.0,official_attack_off_f32,"[""abcrown"",""scratch/text_export/yelp_pinf/yelp_buffet/onnx/yelp_d3_L8.onnx"",""scratch/text_export/yelp_pinf/yelp_buffet/vnnlib/query_index_q0015_d3_L8_e19222_p1_eps0p0025.v1.vnnlib"",30.0,""official_attack_off_f32""]",
yelp_pinf,16,yelp_d3_L20.onnx,query_index_q0016_d3_L20_e23947_p1_eps0p0025.v1.vnnlib,unsat,1.0955054759979248,CERTIFIED,1,30.0,1.0955054759979248,5.177,4.171,9.462411306798458,0,0,,,not a FALSIFIED row,0,scratch/logs/fse2026/abcrown/yelp_pinf/00016_e05f0989266208ddeaf0_v2hifxva.log,6b8bbcfac1c01da1cabd240a87e4dce1a65f5a2b,"{""attack"": {""attack_off"": true, ""hook_replacements"": {}, ""overrides"": {""attack"": {""enable_mip_attack"": false, ""input_split_check_adv"": {""enabled"": ""false""}, ""pgd_order"": ""skip""}, ""bab"": {""attack"": {""enabled"": false}, ""branching"": {""input_split"": {""update_rhs_with_attack"": false}}}}}, ""biccos_applicable"": true, ""biccos_effective"": false, ""derived_path"": ""scratch/rq1_2026_tmp/baselines/abcrown/yelp_pinf/00016_e05f0989266208ddeaf0_v2hifxva/config.yaml"", ""deviations"": [""config mapping: derived (no official category; vit_2023 transformer config)"", ""attack-off (user decision D20): all attack/falsification stages disabled, see config.attack.overrides"", ""float32: general.double_fp=false; solver.use_float64_in_last_iteration=false; stable_f32 interpreter"", ""solver.batch_size=16; auto_enlarge_batch_size=false for concurrent GPU memory budget""], ""mapping"": ""derived (no official category; vit_2023 transformer config)"", ""notes"": [], ""official"": ""exp_configs/vnncomp23/vit.yaml"", ""official_biccos"": false, ""official_pgd_order"": ""skip"", ""variant"": ""official""}","[""config mapping: derived (no official category; vit_2023 transformer config)"", ""attack-off (user decision D20): all attack/falsification stages disabled, see config.attack.overrides"", ""float32: general.double_fp=false; solver.use_float64_in_last_iteration=false; stable_f32 interpreter"", ""solver.batch_size=16; auto_enlarge_batch_size=false for concurrent GPU memory budget""]",,,14.0,78180.0,official_attack_off_f32,"[""abcrown"",""scratch/text_export/yelp_pinf/yelp_buffet/onnx/yelp_d3_L20.onnx"",""scratch/text_export/yelp_pinf/yelp_buffet/vnnlib/query_index_q0016_d3_L20_e23947_p1_eps0p0025.v1.vnnlib"",30.0,""official_attack_off_f32""]",
yelp_pinf,17,yelp_d3_L6.onnx,query_index_q0017_d3_L6_e26110_p1_eps0p0025.v1.vnnlib,unsat,3.4623565673828125,CERTIFIED,1,30.0,3.4623565673828125,7.628,4.071,11.81626796349883,0,0,,,not a FALSIFIED row,0,scratch/logs/fse2026/abcrown/yelp_pinf/00017_e14145bef399e1636fb1_okkcxj5f.log,6b8bbcfac1c01da1cabd240a87e4dce1a65f5a2b,"{""attack"": {""attack_off"": true, ""hook_replacements"": {}, ""overrides"": {""attack"": {""enable_mip_attack"": false, ""input_split_check_adv"": {""enabled"": ""false""}, ""pgd_order"": ""skip""}, ""bab"": {""attack"": {""enabled"": false}, ""branching"": {""input_split"": {""update_rhs_with_attack"": false}}}}}, ""biccos_applicable"": true, ""biccos_effective"": false, ""derived_path"": ""scratch/rq1_2026_tmp/baselines/abcrown/yelp_pinf/00017_e14145bef399e1636fb1_okkcxj5f/config.yaml"", ""deviations"": [""config mapping: derived (no official category; vit_2023 transformer config)"", ""attack-off (user decision D20): all attack/falsification stages disabled, see config.attack.overrides"", ""float32: general.double_fp=false; solver.use_float64_in_last_iteration=false; stable_f32 interpreter"", ""solver.batch_size=16; auto_enlarge_batch_size=false for concurrent GPU memory budget""], ""mapping"": ""derived (no official category; vit_2023 transformer config)"", ""notes"": [], ""official"": ""exp_configs/vnncomp23/vit.yaml"", ""official_biccos"": false, ""official_pgd_order"": ""skip"", ""variant"": ""official""}","[""config mapping: derived (no official category; vit_2023 transformer config)"", ""attack-off (user decision D20): all attack/falsification stages disabled, see config.attack.overrides"", ""float32: general.double_fp=false; solver.use_float64_in_last_iteration=false; stable_f32 interpreter"", ""solver.batch_size=16; auto_enlarge_batch_size=false for concurrent GPU memory budget""]",,,100.0,78180.0,official_attack_off_f32,"[""abcrown"",""scratch/text_export/yelp_pinf/yelp_buffet/onnx/yelp_d3_L6.onnx"",""scratch/text_export/yelp_pinf/yelp_buffet/vnnlib/query_index_q0017_d3_L6_e26110_p1_eps0p0025.v1.vnnlib"",30.0,""official_attack_off_f32""]",
yelp_pinf,18,yelp_d3_L15.onnx,query_index_q0018_d3_L15_e27872_p1_eps0p0025.v1.vnnlib,unsat,3.3512141704559326,CERTIFIED,1,30.0,3.3512141704559326,7.076,4.272,11.46792671829462,0,0,,,not a FALSIFIED row,0,scratch/logs/fse2026/abcrown/yelp_pinf/00018_2ab8621e191fd650ca50_2s0y3_cc.log,6b8bbcfac1c01da1cabd240a87e4dce1a65f5a2b,"{""attack"": {""attack_off"": true, ""hook_replacements"": {}, ""overrides"": {""attack"": {""enable_mip_attack"": false, ""input_split_check_adv"": {""enabled"": ""false""}, ""pgd_order"": ""skip""}, ""bab"": {""attack"": {""enabled"": false}, ""branching"": {""input_split"": {""update_rhs_with_attack"": false}}}}}, ""biccos_applicable"": true, ""biccos_effective"": false, ""derived_path"": ""scratch/rq1_2026_tmp/baselines/abcrown/yelp_pinf/00018_2ab8621e191fd650ca50_2s0y3_cc/config.yaml"", ""deviations"": [""config mapping: derived (no official category; vit_2023 transformer config)"", ""attack-off (user decision D20): all attack/falsification stages disabled, see config.attack.overrides"", ""float32: general.double_fp=false; solver.use_float64_in_last_iteration=false; stable_f32 interpreter"", ""solver.batch_size=16; auto_enlarge_batch_size=false for concurrent GPU memory budget""], ""mapping"": ""derived (no official category; vit_2023 transformer config)"", ""notes"": [], ""official"": ""exp_configs/vnncomp23/vit.yaml"", ""official_biccos"": false, ""official_pgd_order"": ""skip"", ""variant"": ""official""}","[""config mapping: derived (no official category; vit_2023 transformer config)"", ""attack-off (user decision D20): all attack/falsification stages disabled, see config.attack.overrides"", ""float32: general.double_fp=false; solver.use_float64_in_last_iteration=false; stable_f32 interpreter"", ""solver.batch_size=16; auto_enlarge_batch_size=false for concurrent GPU memory budget""]",,,13.0,78180.0,official_attack_off_f32,"[""abcrown"",""scratch/text_export/yelp_pinf/yelp_buffet/onnx/yelp_d3_L15.onnx"",""scratch/text_export/yelp_pinf/yelp_buffet/vnnlib/query_index_q0018_d3_L15_e27872_p1_eps0p0025.v1.vnnlib"",30.0,""official_attack_off_f32""]",
yelp_pinf,19,yelp_d3_L7.onnx,query_index_q0019_d3_L7_e23476_p1_eps0p0025.v1.vnnlib,unsat,1.388230800628662,CERTIFIED,1,30.0,1.388230800628662,5.475,3.72,9.312793124467134,0,0,,,not a FALSIFIED row,0,scratch/logs/fse2026/abcrown/yelp_pinf/00019_0003c329f4bc6f712735_v0sbnmlt.log,6b8bbcfac1c01da1cabd240a87e4dce1a65f5a2b,"{""attack"": {""attack_off"": true, ""hook_replacements"": {}, ""overrides"": {""attack"": {""enable_mip_attack"": false, ""input_split_check_adv"": {""enabled"": ""false""}, ""pgd_order"": ""skip""}, ""bab"": {""attack"": {""enabled"": false}, ""branching"": {""input_split"": {""update_rhs_with_attack"": false}}}}}, ""biccos_applicable"": true, ""biccos_effective"": false, ""derived_path"": ""scratch/rq1_2026_tmp/baselines/abcrown/yelp_pinf/00019_0003c329f4bc6f712735_v0sbnmlt/config.yaml"", ""deviations"": [""config mapping: derived (no official category; vit_2023 transformer config)"", ""attack-off (user decision D20): all attack/falsification stages disabled, see config.attack.overrides"", ""float32: general.double_fp=false; solver.use_float64_in_last_iteration=false; stable_f32 interpreter"", ""solver.batch_size=16; auto_enlarge_batch_size=false for concurrent GPU memory budget""], ""mapping"": ""derived (no official category; vit_2023 transformer config)"", ""notes"": [], ""official"": ""exp_configs/vnncomp23/vit.yaml"", ""official_biccos"": false, ""official_pgd_order"": ""skip"", ""variant"": ""official""}","[""config mapping: derived (no official category; vit_2023 transformer config)"", ""attack-off (user decision D20): all attack/falsification stages disabled, see config.attack.overrides"", ""float32: general.double_fp=false; solver.use_float64_in_last_iteration=false; stable_f32 interpreter"", ""solver.batch_size=16; auto_enlarge_batch_size=false for concurrent GPU memory budget""]",,,92.0,78180.0,official_attack_off_f32,"[""abcrown"",""scratch/text_export/yelp_pinf/yelp_buffet/onnx/yelp_d3_L7.onnx"",""scratch/text_export/yelp_pinf/yelp_buffet/vnnlib/query_index_q0019_d3_L7_e23476_p1_eps0p0025.v1.vnnlib"",30.0,""official_attack_off_f32""]",
yelp_pinf,20,yelp_d3_L13.onnx,query_index_q0020_d3_L13_e22016_p1_eps0p005.v1.vnnlib,unsat,4.236727237701416,CERTIFIED,1,30.0,4.236727237701416,8.228,4.171,12.518706761300564,0,0,,,not a FALSIFIED row,0,scratch/logs/fse2026/abcrown/yelp_pinf/00020_c23e7cab2ae448a0bdea__4dercvq.log,6b8bbcfac1c01da1cabd240a87e4dce1a65f5a2b,"{""attack"": {""attack_off"": true, ""hook_replacements"": {}, ""overrides"": {""attack"": {""enable_mip_attack"": false, ""input_split_check_adv"": {""enabled"": ""false""}, ""pgd_order"": ""skip""}, ""bab"": {""attack"": {""enabled"": false}, ""branching"": {""input_split"": {""update_rhs_with_attack"": false}}}}}, ""biccos_applicable"": true, ""biccos_effective"": false, ""derived_path"": ""scratch/rq1_2026_tmp/baselines/abcrown/yelp_pinf/00020_c23e7cab2ae448a0bdea__4dercvq/config.yaml"", ""deviations"": [""config mapping: derived (no official category; vit_2023 transformer config)"", ""attack-off (user decision D20): all attack/falsification stages disabled, see config.attack.overrides"", ""float32: general.double_fp=false; solver.use_float64_in_last_iteration=false; stable_f32 interpreter"", ""solver.batch_size=16; auto_enlarge_batch_size=false for concurrent GPU memory budget""], ""mapping"": ""derived (no official category; vit_2023 transformer config)"", ""notes"": [], ""official"": ""exp_configs/vnncomp23/vit.yaml"", ""official_biccos"": false, ""official_pgd_order"": ""skip"", ""variant"": ""official""}","[""config mapping: derived (no official category; vit_2023 transformer config)"", ""attack-off (user decision D20): all attack/falsification stages disabled, see config.attack.overrides"", ""float32: general.double_fp=false; solver.use_float64_in_last_iteration=false; stable_f32 interpreter"", ""solver.batch_size=16; auto_enlarge_batch_size=false for concurrent GPU memory budget""]",,,0.0,78180.0,official_attack_off_f32,"[""abcrown"",""scratch/text_export/yelp_pinf/yelp_buffet/onnx/yelp_d3_L13.onnx"",""scratch/text_export/yelp_pinf/yelp_buffet/vnnlib/query_index_q0020_d3_L13_e22016_p1_eps0p005.v1.vnnlib"",30.0,""official_attack_off_f32""]",
yelp_pinf,21,yelp_d3_L13.onnx,query_index_q0021_d3_L13_e14465_p1_eps0p005.v1.vnnlib,unsat,1.0172922611236572,CERTIFIED,1,30.0,1.0172922611236572,4.722,3.671,8.509269500151277,0,0,,,not a FALSIFIED row,0,scratch/logs/fse2026/abcrown/yelp_pinf/00021_0c5812de73797714ecfc_oq39263x.log,6b8bbcfac1c01da1cabd240a87e4dce1a65f5a2b,"{""attack"": {""attack_off"": true, ""hook_replacements"": {}, ""overrides"": {""attack"": {""enable_mip_attack"": false, ""input_split_check_adv"": {""enabled"": ""false""}, ""pgd_order"": ""skip""}, ""bab"": {""attack"": {""enabled"": false}, ""branching"": {""input_split"": {""update_rhs_with_attack"": false}}}}}, ""biccos_applicable"": true, ""biccos_effective"": false, ""derived_path"": ""scratch/rq1_2026_tmp/baselines/abcrown/yelp_pinf/00021_0c5812de73797714ecfc_oq39263x/config.yaml"", ""deviations"": [""config mapping: derived (no official category; vit_2023 transformer config)"", ""attack-off (user decision D20): all attack/falsification stages disabled, see config.attack.overrides"", ""float32: general.double_fp=false; solver.use_float64_in_last_iteration=false; stable_f32 interpreter"", ""solver.batch_size=16; auto_enlarge_batch_size=false for concurrent GPU memory budget""], ""mapping"": ""derived (no official category; vit_2023 transformer config)"", ""notes"": [], ""official"": ""exp_configs/vnncomp23/vit.yaml"", ""official_biccos"": false, ""official_pgd_order"": ""skip"", ""variant"": ""official""}","[""config mapping: derived (no official category; vit_2023 transformer config)"", ""attack-off (user decision D20): all attack/falsification stages disabled, see config.attack.overrides"", ""float32: general.double_fp=false; solver.use_float64_in_last_iteration=false; stable_f32 interpreter"", ""solver.batch_size=16; auto_enlarge_batch_size=false for concurrent GPU memory budget""]",,,11.0,78180.0,official_attack_off_f32,"[""abcrown"",""scratch/text_export/yelp_pinf/yelp_buffet/onnx/yelp_d3_L13.onnx"",""scratch/text_export/yelp_pinf/yelp_buffet/vnnlib/query_index_q0021_d3_L13_e14465_p1_eps0p005.v1.vnnlib"",30.0,""official_attack_off_f32""]",
yelp_pinf,22,yelp_d3_L17.onnx,query_index_q0022_d3_L17_e33469_p1_eps0p005.v1.vnnlib,unsat,1.8394992351531982,CERTIFIED,1,30.0,1.8394992351531982,5.924,3.82,9.860663631930947,0,0,,,not a FALSIFIED row,0,scratch/logs/fse2026/abcrown/yelp_pinf/00022_c51a8838888f0e415eb1_i_ecq9jf.log,6b8bbcfac1c01da1cabd240a87e4dce1a65f5a2b,"{""attack"": {""attack_off"": true, ""hook_replacements"": {}, ""overrides"": {""attack"": {""enable_mip_attack"": false, ""input_split_check_adv"": {""enabled"": ""false""}, ""pgd_order"": ""skip""}, ""bab"": {""attack"": {""enabled"": false}, ""branching"": {""input_split"": {""update_rhs_with_attack"": false}}}}}, ""biccos_applicable"": true, ""biccos_effective"": false, ""derived_path"": ""scratch/rq1_2026_tmp/baselines/abcrown/yelp_pinf/00022_c51a8838888f0e415eb1_i_ecq9jf/config.yaml"", ""deviations"": [""config mapping: derived (no official category; vit_2023 transformer config)"", ""attack-off (user decision D20): all attack/falsification stages disabled, see config.attack.overrides"", ""float32: general.double_fp=false; solver.use_float64_in_last_iteration=false; stable_f32 interpreter"", ""solver.batch_size=16; auto_enlarge_batch_size=false for concurrent GPU memory budget""], ""mapping"": ""derived (no official category; vit_2023 transformer config)"", ""notes"": [], ""official"": ""exp_configs/vnncomp23/vit.yaml"", ""official_biccos"": false, ""official_pgd_order"": ""skip"", ""variant"": ""official""}","[""config mapping: derived (no official category; vit_2023 transformer config)"", ""attack-off (user decision D20): all attack/falsification stages disabled, see config.attack.overrides"", ""float32: general.double_fp=false; solver.use_float64_in_last_iteration=false; stable_f32 interpreter"", ""solver.batch_size=16; auto_enlarge_batch_size=false for concurrent GPU memory budget""]",,,0.0,592.0,official_attack_off_f32,"[""abcrown"",""scratch/text_export/yelp_pinf/yelp_buffet/onnx/yelp_d3_L17.onnx"",""scratch/text_export/yelp_pinf/yelp_buffet/vnnlib/query_index_q0022_d3_L17_e33469_p1_eps0p005.v1.vnnlib"",30.0,""official_attack_off_f32""]",
yelp_pinf,23,yelp_d3_L14.onnx,query_index_q0023_d3_L14_e23177_p1_eps0p005.v1.vnnlib,unsat,3.613100528717041,CERTIFIED,1,30.0,3.613100528717041,7.677,4.121,11.915743684396148,0,0,,,not a FALSIFIED row,0,scratch/logs/fse2026/abcrown/yelp_pinf/00023_3d0e3f94c3624c042ace_5s74hm1k.log,6b8bbcfac1c01da1cabd240a87e4dce1a65f5a2b,"{""attack"": {""attack_off"": true, ""hook_replacements"": {}, ""overrides"": {""attack"": {""enable_mip_attack"": false, ""input_split_check_adv"": {""enabled"": ""false""}, ""pgd_order"": ""skip""}, ""bab"": {""attack"": {""enabled"": false}, ""branching"": {""input_split"": {""update_rhs_with_attack"": false}}}}}, ""biccos_applicable"": true, ""biccos_effective"": false, ""derived_path"": ""scratch/rq1_2026_tmp/baselines/abcrown/yelp_pinf/00023_3d0e3f94c3624c042ace_5s74hm1k/config.yaml"", ""deviations"": [""config mapping: derived (no official category; vit_2023 transformer config)"", ""attack-off (user decision D20): all attack/falsification stages disabled, see config.attack.overrides"", ""float32: general.double_fp=false; solver.use_float64_in_last_iteration=false; stable_f32 interpreter"", ""solver.batch_size=16; auto_enlarge_batch_size=false for concurrent GPU memory budget""], ""mapping"": ""derived (no official category; vit_2023 transformer config)"", ""notes"": [], ""official"": ""exp_configs/vnncomp23/vit.yaml"", ""official_biccos"": false, ""official_pgd_order"": ""skip"", ""variant"": ""official""}","[""config mapping: derived (no official category; vit_2023 transformer config)"", ""attack-off (user decision D20): all attack/falsification stages disabled, see config.attack.overrides"", ""float32: general.double_fp=false; solver.use_float64_in_last_iteration=false; stable_f32 interpreter"", ""solver.batch_size=16; auto_enlarge_batch_size=false for concurrent GPU memory budget""]",,,95.0,18740.0,official_attack_off_f32,"[""abcrown"",""scratch/text_export/yelp_pinf/yelp_buffet/onnx/yelp_d3_L14.onnx"",""scratch/text_export/yelp_pinf/yelp_buffet/vnnlib/query_index_q0023_d3_L14_e23177_p1_eps0p005.v1.vnnlib"",30.0,""official_attack_off_f32""]",
yelp_pinf,24,yelp_d3_L5.onnx,query_index_q0024_d3_L5_e12566_p1_eps0p005.v1.vnnlib,unsat,1.0125625133514404,CERTIFIED,1,30.0,1.0125625133514404,5.123,3.971,9.211298266425729,0,0,,,not a FALSIFIED row,0,scratch/logs/fse2026/abcrown/yelp_pinf/00024_fe3509e4a23951e8adde_ykntwqzw.log,6b8bbcfac1c01da1cabd240a87e4dce1a65f5a2b,"{""attack"": {""attack_off"": true, ""hook_replacements"": {}, ""overrides"": {""attack"": {""enable_mip_attack"": false, ""input_split_check_adv"": {""enabled"": ""false""}, ""pgd_order"": ""skip""}, ""bab"": {""attack"": {""enabled"": false}, ""branching"": {""input_split"": {""update_rhs_with_attack"": false}}}}}, ""biccos_applicable"": true, ""biccos_effective"": false, ""derived_path"": ""scratch/rq1_2026_tmp/baselines/abcrown/yelp_pinf/00024_fe3509e4a23951e8adde_ykntwqzw/config.yaml"", ""deviations"": [""config mapping: derived (no official category; vit_2023 transformer config)"", ""attack-off (user decision D20): all attack/falsification stages disabled, see config.attack.overrides"", ""float32: general.double_fp=false; solver.use_float64_in_last_iteration=false; stable_f32 interpreter"", ""solver.batch_size=16; auto_enlarge_batch_size=false for concurrent GPU memory budget""], ""mapping"": ""derived (no official category; vit_2023 transformer config)"", ""notes"": [], ""official"": ""exp_configs/vnncomp23/vit.yaml"", ""official_biccos"": false, ""official_pgd_order"": ""skip"", ""variant"": ""official""}","[""config mapping: derived (no official category; vit_2023 transformer config)"", ""attack-off (user decision D20): all attack/falsification stages disabled, see config.attack.overrides"", ""float32: general.double_fp=false; solver.use_float64_in_last_iteration=false; stable_f32 interpreter"", ""solver.batch_size=16; auto_enlarge_batch_size=false for concurrent GPU memory budget""]",,,0.0,69272.0,official_attack_off_f32,"[""abcrown"",""scratch/text_export/yelp_pinf/yelp_buffet/onnx/yelp_d3_L5.onnx"",""scratch/text_export/yelp_pinf/yelp_buffet/vnnlib/query_index_q0024_d3_L5_e12566_p1_eps0p005.v1.vnnlib"",30.0,""official_attack_off_f32""]",
yelp_pinf,25,yelp_d3_L16.onnx,query_index_q0025_d3_L16_e29715_p1_eps0p005.v1.vnnlib,unsat,1.057685136795044,CERTIFIED,1,30.0,1.057685136795044,4.874,4.221,9.211820090189576,0,0,,,not a FALSIFIED row,0,scratch/logs/fse2026/abcrown/yelp_pinf/00025_9999bb09f7d019eebab9_w235sib7.log,6b8bbcfac1c01da1cabd240a87e4dce1a65f5a2b,"{""attack"": {""attack_off"": true, ""hook_replacements"": {}, ""overrides"": {""attack"": {""enable_mip_attack"": false, ""input_split_check_adv"": {""enabled"": ""false""}, ""pgd_order"": ""skip""}, ""bab"": {""attack"": {""enabled"": false}, ""branching"": {""input_split"": {""update_rhs_with_attack"": false}}}}}, ""biccos_applicable"": true, ""biccos_effective"": false, ""derived_path"": ""scratch/rq1_2026_tmp/baselines/abcrown/yelp_pinf/00025_9999bb09f7d019eebab9_w235sib7/config.yaml"", ""deviations"": [""config mapping: derived (no official category; vit_2023 transformer config)"", ""attack-off (user decision D20): all attack/falsification stages disabled, see config.attack.overrides"", ""float32: general.double_fp=false; solver.use_float64_in_last_iteration=false; stable_f32 interpreter"", ""solver.batch_size=16; auto_enlarge_batch_size=false for concurrent GPU memory budget""], ""mapping"": ""derived (no official category; vit_2023 transformer config)"", ""notes"": [], ""official"": ""exp_configs/vnncomp23/vit.yaml"", ""official_biccos"": false, ""official_pgd_order"": ""skip"", ""variant"": ""official""}","[""config mapping: derived (no official category; vit_2023 transformer config)"", ""attack-off (user decision D20): all attack/falsification stages disabled, see config.attack.overrides"", ""float32: general.double_fp=false; solver.use_float64_in_last_iteration=false; stable_f32 interpreter"", ""solver.batch_size=16; auto_enlarge_batch_size=false for concurrent GPU memory budget""]",,,0.0,69272.0,official_attack_off_f32,"[""abcrown"",""scratch/text_export/yelp_pinf/yelp_buffet/onnx/yelp_d3_L16.onnx"",""scratch/text_export/yelp_pinf/yelp_buffet/vnnlib/query_index_q0025_d3_L16_e29715_p1_eps0p005.v1.vnnlib"",30.0,""official_attack_off_f32""]",
yelp_pinf,26,yelp_d3_L9.onnx,query_index_q0026_d3_L9_e23563_p1_eps0p005.v1.vnnlib,unsat,1.0946083068847656,CERTIFIED,1,30.0,1.0946083068847656,4.821,4.321,9.261792058125138,0,0,,,not a FALSIFIED row,0,scratch/logs/fse2026/abcrown/yelp_pinf/00026_91ff7748b708ee7201ac_f0prewqf.log,6b8bbcfac1c01da1cabd240a87e4dce1a65f5a2b,"{""attack"": {""attack_off"": true, ""hook_replacements"": {}, ""overrides"": {""attack"": {""enable_mip_attack"": false, ""input_split_check_adv"": {""enabled"": ""false""}, ""pgd_order"": ""skip""}, ""bab"": {""attack"": {""enabled"": false}, ""branching"": {""input_split"": {""update_rhs_with_attack"": false}}}}}, ""biccos_applicable"": true, ""biccos_effective"": false, ""derived_path"": ""scratch/rq1_2026_tmp/baselines/abcrown/yelp_pinf/00026_91ff7748b708ee7201ac_f0prewqf/config.yaml"", ""deviations"": [""config mapping: derived (no official category; vit_2023 transformer config)"", ""attack-off (user decision D20): all attack/falsification stages disabled, see config.attack.overrides"", ""float32: general.double_fp=false; solver.use_float64_in_last_iteration=false; stable_f32 interpreter"", ""solver.batch_size=16; auto_enlarge_batch_size=false for concurrent GPU memory budget""], ""mapping"": ""derived (no official category; vit_2023 transformer config)"", ""notes"": [], ""official"": ""exp_configs/vnncomp23/vit.yaml"", ""official_biccos"": false, ""official_pgd_order"": ""skip"", ""variant"": ""official""}","[""config mapping: derived (no official category; vit_2023 transformer config)"", ""attack-off (user decision D20): all attack/falsification stages disabled, see config.attack.overrides"", ""float32: general.double_fp=false; solver.use_float64_in_last_iteration=false; stable_f32 interpreter"", ""solver.batch_size=16; auto_enlarge_batch_size=false for concurrent GPU memory budget""]",,,0.0,69272.0,official_attack_off_f32,"[""abcrown"",""scratch/text_export/yelp_pinf/yelp_buffet/onnx/yelp_d3_L9.onnx"",""scratch/text_export/yelp_pinf/yelp_buffet/vnnlib/query_index_q0026_d3_L9_e23563_p1_eps0p005.v1.vnnlib"",30.0,""official_attack_off_f32""]",
yelp_pinf,27,yelp_d3_L11.onnx,query_index_q0027_d3_L11_e11857_p1_eps0p005.v1.vnnlib,unsat,1.0517051219940186,CERTIFIED,1,30.0,1.0517051219940186,5.123,4.471,9.711035925894976,0,0,,,not a FALSIFIED row,0,scratch/logs/fse2026/abcrown/yelp_pinf/00027_52ee1866bc56b5bf4311_2qyfxpo5.log,6b8bbcfac1c01da1cabd240a87e4dce1a65f5a2b,"{""attack"": {""attack_off"": true, ""hook_replacements"": {}, ""overrides"": {""attack"": {""enable_mip_attack"": false, ""input_split_check_adv"": {""enabled"": ""false""}, ""pgd_order"": ""skip""}, ""bab"": {""attack"": {""enabled"": false}, ""branching"": {""input_split"": {""update_rhs_with_attack"": false}}}}}, ""biccos_applicable"": true, ""biccos_effective"": false, ""derived_path"": ""scratch/rq1_2026_tmp/baselines/abcrown/yelp_pinf/00027_52ee1866bc56b5bf4311_2qyfxpo5/config.yaml"", ""deviations"": [""config mapping: derived (no official category; vit_2023 transformer config)"", ""attack-off (user decision D20): all attack/falsification stages disabled, see config.attack.overrides"", ""float32: general.double_fp=false; solver.use_float64_in_last_iteration=false; stable_f32 interpreter"", ""solver.batch_size=16; auto_enlarge_batch_size=false for concurrent GPU memory budget""], ""mapping"": ""derived (no official category; vit_2023 transformer config)"", ""notes"": [], ""official"": ""exp_configs/vnncomp23/vit.yaml"", ""official_biccos"": false, ""official_pgd_order"": ""skip"", ""variant"": ""official""}","[""config mapping: derived (no official category; vit_2023 transformer config)"", ""attack-off (user decision D20): all attack/falsification stages disabled, see config.attack.overrides"", ""float32: general.double_fp=false; solver.use_float64_in_last_iteration=false; stable_f32 interpreter"", ""solver.batch_size=16; auto_enlarge_batch_size=false for concurrent GPU memory budget""]",,,3.0,69272.0,official_attack_off_f32,"[""abcrown"",""scratch/text_export/yelp_pinf/yelp_buffet/onnx/yelp_d3_L11.onnx"",""scratch/text_export/yelp_pinf/yelp_buffet/vnnlib/query_index_q0027_d3_L11_e11857_p1_eps0p005.v1.vnnlib"",30.0,""official_attack_off_f32""]",
yelp_pinf,28,yelp_d3_L8.onnx,query_index_q0028_d3_L8_e421_p1_eps0p005.v1.vnnlib,unsat,5.7941131591796875,CERTIFIED,1,30.0,5.7941131591796875,9.682,4.27,14.075813667848706,0,0,,,not a FALSIFIED row,0,scratch/logs/fse2026/abcrown/yelp_pinf/00028_3eeb683b832a82b19dfe_swm1kgga.log,6b8bbcfac1c01da1cabd240a87e4dce1a65f5a2b,"{""attack"": {""attack_off"": true, ""hook_replacements"": {}, ""overrides"": {""attack"": {""enable_mip_attack"": false, ""input_split_check_adv"": {""enabled"": ""false""}, ""pgd_order"": ""skip""}, ""bab"": {""attack"": {""enabled"": false}, ""branching"": {""input_split"": {""update_rhs_with_attack"": false}}}}}, ""biccos_applicable"": true, ""biccos_effective"": false, ""derived_path"": ""scratch/rq1_2026_tmp/baselines/abcrown/yelp_pinf/00028_3eeb683b832a82b19dfe_swm1kgga/config.yaml"", ""deviations"": [""config mapping: derived (no official category; vit_2023 transformer config)"", ""attack-off (user decision D20): all attack/falsification stages disabled, see config.attack.overrides"", ""float32: general.double_fp=false; solver.use_float64_in_last_iteration=false; stable_f32 interpreter"", ""solver.batch_size=16; auto_enlarge_batch_size=false for concurrent GPU memory budget""], ""mapping"": ""derived (no official category; vit_2023 transformer config)"", ""notes"": [], ""official"": ""exp_configs/vnncomp23/vit.yaml"", ""official_biccos"": false, ""official_pgd_order"": ""skip"", ""variant"": ""official""}","[""config mapping: derived (no official category; vit_2023 transformer config)"", ""attack-off (user decision D20): all attack/falsification stages disabled, see config.attack.overrides"", ""float32: general.double_fp=false; solver.use_float64_in_last_iteration=false; stable_f32 interpreter"", ""solver.batch_size=16; auto_enlarge_batch_size=false for concurrent GPU memory budget""]",,,100.0,69272.0,official_attack_off_f32,"[""abcrown"",""scratch/text_export/yelp_pinf/yelp_buffet/onnx/yelp_d3_L8.onnx"",""scratch/text_export/yelp_pinf/yelp_buffet/vnnlib/query_index_q0028_d3_L8_e421_p1_eps0p005.v1.vnnlib"",30.0,""official_attack_off_f32""]",
yelp_pinf,29,yelp_d3_L19.onnx,query_index_q0029_d3_L19_e4817_p1_eps0p005.v1.vnnlib,unsat,1.266557216644287,CERTIFIED,1,30.0,1.266557216644287,5.323,4.723,10.169205343350768,0,0,,,not a FALSIFIED row,0,scratch/logs/fse2026/abcrown/yelp_pinf/00029_216da7b269a8d03ab5c4_5zrcd73w.log,6b8bbcfac1c01da1cabd240a87e4dce1a65f5a2b,"{""attack"": {""attack_off"": true, ""hook_replacements"": {}, ""overrides"": {""attack"": {""enable_mip_attack"": false, ""input_split_check_adv"": {""enabled"": ""false""}, ""pgd_order"": ""skip""}, ""bab"": {""attack"": {""enabled"": false}, ""branching"": {""input_split"": {""update_rhs_with_attack"": false}}}}}, ""biccos_applicable"": true, ""biccos_effective"": false, ""derived_path"": ""scratch/rq1_2026_tmp/baselines/abcrown/yelp_pinf/00029_216da7b269a8d03ab5c4_5zrcd73w/config.yaml"", ""deviations"": [""config mapping: derived (no official category; vit_2023 transformer config)"", ""attack-off (user decision D20): all attack/falsification stages disabled, see config.attack.overrides"", ""float32: general.double_fp=false; solver.use_float64_in_last_iteration=false; stable_f32 interpreter"", ""solver.batch_size=16; auto_enlarge_batch_size=false for concurrent GPU memory budget""], ""mapping"": ""derived (no official category; vit_2023 transformer config)"", ""notes"": [], ""official"": ""exp_configs/vnncomp23/vit.yaml"", ""official_biccos"": false, ""official_pgd_order"": ""skip"", ""variant"": ""official""}","[""config mapping: derived (no official category; vit_2023 transformer config)"", ""attack-off (user decision D20): all attack/falsification stages disabled, see config.attack.overrides"", ""float32: general.double_fp=false; solver.use_float64_in_last_iteration=false; stable_f32 interpreter"", ""solver.batch_size=16; auto_enlarge_batch_size=false for concurrent GPU memory budget""]",,,13.0,69272.0,official_attack_off_f32,"[""abcrown"",""scratch/text_export/yelp_pinf/yelp_buffet/onnx/yelp_d3_L19.onnx"",""scratch/text_export/yelp_pinf/yelp_buffet/vnnlib/query_index_q0029_d3_L19_e4817_p1_eps0p005.v1.vnnlib"",30.0,""official_attack_off_f32""]",
yelp_pinf,30,yelp_d3_L11.onnx,query_index_q0030_d3_L11_e20032_p1_eps0p005.v1.vnnlib,unsat,1.8361477851867676,CERTIFIED,1,30.0,1.8361477851867676,6.224,4.021,10.368014093488455,0,0,,,not a FALSIFIED row,0,scratch/logs/fse2026/abcrown/yelp_pinf/00030_18e6f1635d10e54e86ad_tfs2zz48.log,6b8bbcfac1c01da1cabd240a87e4dce1a65f5a2b,"{""attack"": {""attack_off"": true, ""hook_replacements"": {}, ""overrides"": {""attack"": {""enable_mip_attack"": false, ""input_split_check_adv"": {""enabled"": ""false""}, ""pgd_order"": ""skip""}, ""bab"": {""attack"": {""enabled"": false}, ""branching"": {""input_split"": {""update_rhs_with_attack"": false}}}}}, ""biccos_applicable"": true, ""biccos_effective"": false, ""derived_path"": ""scratch/rq1_2026_tmp/baselines/abcrown/yelp_pinf/00030_18e6f1635d10e54e86ad_tfs2zz48/config.yaml"", ""deviations"": [""config mapping: derived (no official category; vit_2023 transformer config)"", ""attack-off (user decision D20): all attack/falsification stages disabled, see config.attack.overrides"", ""float32: general.double_fp=false; solver.use_float64_in_last_iteration=false; stable_f32 interpreter"", ""solver.batch_size=16; auto_enlarge_batch_size=false for concurrent GPU memory budget""], ""mapping"": ""derived (no official category; vit_2023 transformer config)"", ""notes"": [], ""official"": ""exp_configs/vnncomp23/vit.yaml"", ""official_biccos"": false, ""official_pgd_order"": ""skip"", ""variant"": ""official""}","[""config mapping: derived (no official category; vit_2023 transformer config)"", ""attack-off (user decision D20): all attack/falsification stages disabled, see config.attack.overrides"", ""float32: general.double_fp=false; solver.use_float64_in_last_iteration=false; stable_f32 interpreter"", ""solver.batch_size=16; auto_enlarge_batch_size=false for concurrent GPU memory budget""]",,,3.0,69272.0,official_attack_off_f32,"[""abcrown"",""scratch/text_export/yelp_pinf/yelp_buffet/onnx/yelp_d3_L11.onnx"",""scratch/text_export/yelp_pinf/yelp_buffet/vnnlib/query_index_q0030_d3_L11_e20032_p1_eps0p005.v1.vnnlib"",30.0,""official_attack_off_f32""]",
yelp_pinf,31,yelp_d3_L8.onnx,query_index_q0031_d3_L8_e22272_p1_eps0p005.v1.vnnlib,unsat,1.0325586795806885,CERTIFIED,1,30.0,1.0325586795806885,4.872,4.221,9.213393650949001,0,0,,,not a FALSIFIED row,0,scratch/logs/fse2026/abcrown/yelp_pinf/00031_6c024368d9dc74991369_tv4zhbo4.log,6b8bbcfac1c01da1cabd240a87e4dce1a65f5a2b,"{""attack"": {""attack_off"": true, ""hook_replacements"": {}, ""overrides"": {""attack"": {""enable_mip_attack"": false, ""input_split_check_adv"": {""enabled"": ""false""}, ""pgd_order"": ""skip""}, ""bab"": {""attack"": {""enabled"": false}, ""branching"": {""input_split"": {""update_rhs_with_attack"": false}}}}}, ""biccos_applicable"": true, ""biccos_effective"": false, ""derived_path"": ""scratch/rq1_2026_tmp/baselines/abcrown/yelp_pinf/00031_6c024368d9dc74991369_tv4zhbo4/config.yaml"", ""deviations"": [""config mapping: derived (no official category; vit_2023 transformer config)"", ""attack-off (user decision D20): all attack/falsification stages disabled, see config.attack.overrides"", ""float32: general.double_fp=false; solver.use_float64_in_last_iteration=false; stable_f32 interpreter"", ""solver.batch_size=16; auto_enlarge_batch_size=false for concurrent GPU memory budget""], ""mapping"": ""derived (no official category; vit_2023 transformer config)"", ""notes"": [], ""official"": ""exp_configs/vnncomp23/vit.yaml"", ""official_biccos"": false, ""official_pgd_order"": ""skip"", ""variant"": ""official""}","[""config mapping: derived (no official category; vit_2023 transformer config)"", ""attack-off (user decision D20): all attack/falsification stages disabled, see config.attack.overrides"", ""float32: general.double_fp=false; solver.use_float64_in_last_iteration=false; stable_f32 interpreter"", ""solver.batch_size=16; auto_enlarge_batch_size=false for concurrent GPU memory budget""]",,,0.0,69272.0,official_attack_off_f32,"[""abcrown"",""scratch/text_export/yelp_pinf/yelp_buffet/onnx/yelp_d3_L8.onnx"",""scratch/text_export/yelp_pinf/yelp_buffet/vnnlib/query_index_q0031_d3_L8_e22272_p1_eps0p005.v1.vnnlib"",30.0,""official_attack_off_f32""]",
yelp_pinf,32,yelp_d3_L9.onnx,query_index_q0032_d3_L9_e7941_p1_eps0p005.v1.vnnlib,unsat,1.133680820465088,CERTIFIED,1,30.0,1.133680820465088,9.936,5.873,15.924002278596163,0,0,,,not a FALSIFIED row,0,scratch/logs/fse2026/abcrown/yelp_pinf/00032_df5bd4bc891e10b5259c_izwahdlr.log,6b8bbcfac1c01da1cabd240a87e4dce1a65f5a2b,"{""attack"": {""attack_off"": true, ""hook_replacements"": {}, ""overrides"": {""attack"": {""enable_mip_attack"": false, ""input_split_check_adv"": {""enabled"": ""false""}, ""pgd_order"": ""skip""}, ""bab"": {""attack"": {""enabled"": false}, ""branching"": {""input_split"": {""update_rhs_with_attack"": false}}}}}, ""biccos_applicable"": true, ""biccos_effective"": false, ""derived_path"": ""scratch/rq1_2026_tmp/baselines/abcrown/yelp_pinf/00032_df5bd4bc891e10b5259c_izwahdlr/config.yaml"", ""deviations"": [""config mapping: derived (no official category; vit_2023 transformer config)"", ""attack-off (user decision D20): all attack/falsification stages disabled, see config.attack.overrides"", ""float32: general.double_fp=false; solver.use_float64_in_last_iteration=false; stable_f32 interpreter"", ""solver.batch_size=16; auto_enlarge_batch_size=false for concurrent GPU memory budget""], ""mapping"": ""derived (no official category; vit_2023 transformer config)"", ""notes"": [], ""official"": ""exp_configs/vnncomp23/vit.yaml"", ""official_biccos"": false, ""official_pgd_order"": ""skip"", ""variant"": ""official""}","[""config mapping: derived (no official category; vit_2023 transformer config)"", ""attack-off (user decision D20): all attack/falsification stages disabled, see config.attack.overrides"", ""float32: general.double_fp=false; solver.use_float64_in_last_iteration=false; stable_f32 interpreter"", ""solver.batch_size=16; auto_enlarge_batch_size=false for concurrent GPU memory budget""]",,,0.0,69272.0,official_attack_off_f32,"[""abcrown"",""scratch/text_export/yelp_pinf/yelp_buffet/onnx/yelp_d3_L9.onnx"",""scratch/text_export/yelp_pinf/yelp_buffet/vnnlib/query_index_q0032_d3_L9_e7941_p1_eps0p005.v1.vnnlib"",30.0,""official_attack_off_f32""]",
yelp_pinf,33,yelp_d3_L10.onnx,query_index_q0033_d3_L10_e37590_p1_eps0p005.v1.vnnlib,unsat,1.1352601051330566,CERTIFIED,1,30.0,1.1352601051330566,12.287,5.278,17.68896384909749,0,0,,,not a FALSIFIED row,0,scratch/logs/fse2026/abcrown/yelp_pinf/00033_cf3b488e620bc481e823_gepurz16.log,6b8bbcfac1c01da1cabd240a87e4dce1a65f5a2b,"{""attack"": {""attack_off"": true, ""hook_replacements"": {}, ""overrides"": {""attack"": {""enable_mip_attack"": false, ""input_split_check_adv"": {""enabled"": ""false""}, ""pgd_order"": ""skip""}, ""bab"": {""attack"": {""enabled"": false}, ""branching"": {""input_split"": {""update_rhs_with_attack"": false}}}}}, ""biccos_applicable"": true, ""biccos_effective"": false, ""derived_path"": ""scratch/rq1_2026_tmp/baselines/abcrown/yelp_pinf/00033_cf3b488e620bc481e823_gepurz16/config.yaml"", ""deviations"": [""config mapping: derived (no official category; vit_2023 transformer config)"", ""attack-off (user decision D20): all attack/falsification stages disabled, see config.attack.overrides"", ""float32: general.double_fp=false; solver.use_float64_in_last_iteration=false; stable_f32 interpreter"", ""solver.batch_size=16; auto_enlarge_batch_size=false for concurrent GPU memory budget""], ""mapping"": ""derived (no official category; vit_2023 transformer config)"", ""notes"": [], ""official"": ""exp_configs/vnncomp23/vit.yaml"", ""official_biccos"": false, ""official_pgd_order"": ""skip"", ""variant"": ""official""}","[""config mapping: derived (no official category; vit_2023 transformer config)"", ""attack-off (user decision D20): all attack/falsification stages disabled, see config.attack.overrides"", ""float32: general.double_fp=false; solver.use_float64_in_last_iteration=false; stable_f32 interpreter"", ""solver.batch_size=16; auto_enlarge_batch_size=false for concurrent GPU memory budget""]",,,0.0,6178.0,official_attack_off_f32,"[""abcrown"",""scratch/text_export/yelp_pinf/yelp_buffet/onnx/yelp_d3_L10.onnx"",""scratch/text_export/yelp_pinf/yelp_buffet/vnnlib/query_index_q0033_d3_L10_e37590_p1_eps0p005.v1.vnnlib"",30.0,""official_attack_off_f32""]",
yelp_pinf,34,yelp_d3_L11.onnx,query_index_q0034_d3_L11_e9935_p1_eps0p005.v1.vnnlib,unsat,1.1308236122131348,CERTIFIED,1,30.0,1.1308236122131348,7.379,18.899,26.396410612389445,0,0,,,not a FALSIFIED row,0,scratch/logs/fse2026/abcrown/yelp_pinf/00034_cfa82755783baa1f8aae_p3gdu90t.log,6b8bbcfac1c01da1cabd240a87e4dce1a65f5a2b,"{""attack"": {""attack_off"": true, ""hook_replacements"": {}, ""overrides"": {""attack"": {""enable_mip_attack"": false, ""input_split_check_adv"": {""enabled"": ""false""}, ""pgd_order"": ""skip""}, ""bab"": {""attack"": {""enabled"": false}, ""branching"": {""input_split"": {""update_rhs_with_attack"": false}}}}}, ""biccos_applicable"": true, ""biccos_effective"": false, ""derived_path"": ""scratch/rq1_2026_tmp/baselines/abcrown/yelp_pinf/00034_cfa82755783baa1f8aae_p3gdu90t/config.yaml"", ""deviations"": [""config mapping: derived (no official category; vit_2023 transformer config)"", ""attack-off (user decision D20): all attack/falsification stages disabled, see config.attack.overrides"", ""float32: general.double_fp=false; solver.use_float64_in_last_iteration=false; stable_f32 interpreter"", ""solver.batch_size=16; auto_enlarge_batch_size=false for concurrent GPU memory budget""], ""mapping"": ""derived (no official category; vit_2023 transformer config)"", ""notes"": [], ""official"": ""exp_configs/vnncomp23/vit.yaml"", ""official_biccos"": false, ""official_pgd_order"": ""skip"", ""variant"": ""official""}","[""config mapping: derived (no official category; vit_2023 transformer config)"", ""attack-off (user decision D20): all attack/falsification stages disabled, see config.attack.overrides"", ""float32: general.double_fp=false; solver.use_float64_in_last_iteration=false; stable_f32 interpreter"", ""solver.batch_size=16; auto_enlarge_batch_size=false for concurrent GPU memory budget""]",,,78.0,6202.0,official_attack_off_f32,"[""abcrown"",""scratch/text_export/yelp_pinf/yelp_buffet/onnx/yelp_d3_L11.onnx"",""scratch/text_export/yelp_pinf/yelp_buffet/vnnlib/query_index_q0034_d3_L11_e9935_p1_eps0p005.v1.vnnlib"",30.0,""official_attack_off_f32""]",
yelp_pinf,35,yelp_d3_L8.onnx,query_index_q0035_d3_L8_e19222_p1_eps0p005.v1.vnnlib,unsat,1.0170798301696777,CERTIFIED,1,30.0,1.0170798301696777,4.874,3.82,8.810440683737397,0,0,,,not a FALSIFIED row,0,scratch/logs/fse2026/abcrown/yelp_pinf/00035_cfbd074aadadc3da6fb1_jlxzj1mn.log,6b8bbcfac1c01da1cabd240a87e4dce1a65f5a2b,"{""attack"": {""attack_off"": true, ""hook_replacements"": {}, ""overrides"": {""attack"": {""enable_mip_attack"": false, ""input_split_check_adv"": {""enabled"": ""false""}, ""pgd_order"": ""skip""}, ""bab"": {""attack"": {""enabled"": false}, ""branching"": {""input_split"": {""update_rhs_with_attack"": false}}}}}, ""biccos_applicable"": true, ""biccos_effective"": false, ""derived_path"": ""scratch/rq1_2026_tmp/baselines/abcrown/yelp_pinf/00035_cfbd074aadadc3da6fb1_jlxzj1mn/config.yaml"", ""deviations"": [""config mapping: derived (no official category; vit_2023 transformer config)"", ""attack-off (user decision D20): all attack/falsification stages disabled, see config.attack.overrides"", ""float32: general.double_fp=false; solver.use_float64_in_last_iteration=false; stable_f32 interpreter"", ""solver.batch_size=16; auto_enlarge_batch_size=false for concurrent GPU memory budget""], ""mapping"": ""derived (no official category; vit_2023 transformer config)"", ""notes"": [], ""official"": ""exp_configs/vnncomp23/vit.yaml"", ""official_biccos"": false, ""official_pgd_order"": ""skip"", ""variant"": ""official""}","[""config mapping: derived (no official category; vit_2023 transformer config)"", ""attack-off (user decision D20): all attack/falsification stages disabled, see config.attack.overrides"", ""float32: general.double_fp=false; solver.use_float64_in_last_iteration=false; stable_f32 interpreter"", ""solver.batch_size=16; auto_enlarge_batch_size=false for concurrent GPU memory budget""]",,,0.0,7578.0,official_attack_off_f32,"[""abcrown"",""scratch/text_export/yelp_pinf/yelp_buffet/onnx/yelp_d3_L8.onnx"",""scratch/text_export/yelp_pinf/yelp_buffet/vnnlib/query_index_q0035_d3_L8_e19222_p1_eps0p005.v1.vnnlib"",30.0,""official_attack_off_f32""]",
yelp_pinf,36,yelp_d3_L20.onnx,query_index_q0036_d3_L20_e23947_p1_eps0p005.v1.vnnlib,unsat,1.123781442642212,CERTIFIED,1,30.0,1.123781442642212,4.973,3.72,8.807515066117048,0,0,,,not a FALSIFIED row,0,scratch/logs/fse2026/abcrown/yelp_pinf/00036_f8876c068a49691890cc_nrgxc_ck.log,6b8bbcfac1c01da1cabd240a87e4dce1a65f5a2b,"{""attack"": {""attack_off"": true, ""hook_replacements"": {}, ""overrides"": {""attack"": {""enable_mip_attack"": false, ""input_split_check_adv"": {""enabled"": ""false""}, ""pgd_order"": ""skip""}, ""bab"": {""attack"": {""enabled"": false}, ""branching"": {""input_split"": {""update_rhs_with_attack"": false}}}}}, ""biccos_applicable"": true, ""biccos_effective"": false, ""derived_path"": ""scratch/rq1_2026_tmp/baselines/abcrown/yelp_pinf/00036_f8876c068a49691890cc_nrgxc_ck/config.yaml"", ""deviations"": [""config mapping: derived (no official category; vit_2023 transformer config)"", ""attack-off (user decision D20): all attack/falsification stages disabled, see config.attack.overrides"", ""float32: general.double_fp=false; solver.use_float64_in_last_iteration=false; stable_f32 interpreter"", ""solver.batch_size=16; auto_enlarge_batch_size=false for concurrent GPU memory budget""], ""mapping"": ""derived (no official category; vit_2023 transformer config)"", ""notes"": [], ""official"": ""exp_configs/vnncomp23/vit.yaml"", ""official_biccos"": false, ""official_pgd_order"": ""skip"", ""variant"": ""official""}","[""config mapping: derived (no official category; vit_2023 transformer config)"", ""attack-off (user decision D20): all attack/falsification stages disabled, see config.attack.overrides"", ""float32: general.double_fp=false; solver.use_float64_in_last_iteration=false; stable_f32 interpreter"", ""solver.batch_size=16; auto_enlarge_batch_size=false for concurrent GPU memory budget""]",,,0.0,37.0,official_attack_off_f32,"[""abcrown"",""scratch/text_export/yelp_pinf/yelp_buffet/onnx/yelp_d3_L20.onnx"",""scratch/text_export/yelp_pinf/yelp_buffet/vnnlib/query_index_q0036_d3_L20_e23947_p1_eps0p005.v1.vnnlib"",30.0,""official_attack_off_f32""]",
yelp_pinf,37,yelp_d3_L6.onnx,query_index_q0037_d3_L6_e26110_p1_eps0p005.v1.vnnlib,unsat,1.0358140468597412,CERTIFIED,1,30.0,1.0358140468597412,4.821,3.72,8.660573404282331,0,0,,,not a FALSIFIED row,0,scratch/logs/fse2026/abcrown/yelp_pinf/00037_81fd8f626eaf0182646b_nmhubcck.log,6b8bbcfac1c01da1cabd240a87e4dce1a65f5a2b,"{""attack"": {""attack_off"": true, ""hook_replacements"": {}, ""overrides"": {""attack"": {""enable_mip_attack"": false, ""input_split_check_adv"": {""enabled"": ""false""}, ""pgd_order"": ""skip""}, ""bab"": {""attack"": {""enabled"": false}, ""branching"": {""input_split"": {""update_rhs_with_attack"": false}}}}}, ""biccos_applicable"": true, ""biccos_effective"": false, ""derived_path"": ""scratch/rq1_2026_tmp/baselines/abcrown/yelp_pinf/00037_81fd8f626eaf0182646b_nmhubcck/config.yaml"", ""deviations"": [""config mapping: derived (no official category; vit_2023 transformer config)"", ""attack-off (user decision D20): all attack/falsification stages disabled, see config.attack.overrides"", ""float32: general.double_fp=false; solver.use_float64_in_last_iteration=false; stable_f32 interpreter"", ""solver.batch_size=16; auto_enlarge_batch_size=false for concurrent GPU memory budget""], ""mapping"": ""derived (no official category; vit_2023 transformer config)"", ""notes"": [], ""official"": ""exp_configs/vnncomp23/vit.yaml"", ""official_biccos"": false, ""official_pgd_order"": ""skip"", ""variant"": ""official""}","[""config mapping: derived (no official category; vit_2023 transformer config)"", ""attack-off (user decision D20): all attack/falsification stages disabled, see config.attack.overrides"", ""float32: general.double_fp=false; solver.use_float64_in_last_iteration=false; stable_f32 interpreter"", ""solver.batch_size=16; auto_enlarge_batch_size=false for concurrent GPU memory budget""]",,,0.0,724.0,official_attack_off_f32,"[""abcrown"",""scratch/text_export/yelp_pinf/yelp_buffet/onnx/yelp_d3_L6.onnx"",""scratch/text_export/yelp_pinf/yelp_buffet/vnnlib/query_index_q0037_d3_L6_e26110_p1_eps0p005.v1.vnnlib"",30.0,""official_attack_off_f32""]",
yelp_pinf,38,yelp_d3_L15.onnx,query_index_q0038_d3_L15_e27872_p1_eps0p005.v1.vnnlib,unsat,2.5364372730255127,CERTIFIED,1,30.0,2.5364372730255127,6.325,3.82,10.265341812744737,0,0,,,not a FALSIFIED row,0,scratch/logs/fse2026/abcrown/yelp_pinf/00038_5f0c2fe55fcab9816e25__6xdmpcx.log,6b8bbcfac1c01da1cabd240a87e4dce1a65f5a2b,"{""attack"": {""attack_off"": true, ""hook_replacements"": {}, ""overrides"": {""attack"": {""enable_mip_attack"": false, ""input_split_check_adv"": {""enabled"": ""false""}, ""pgd_order"": ""skip""}, ""bab"": {""attack"": {""enabled"": false}, ""branching"": {""input_split"": {""update_rhs_with_attack"": false}}}}}, ""biccos_applicable"": true, ""biccos_effective"": false, ""derived_path"": ""scratch/rq1_2026_tmp/baselines/abcrown/yelp_pinf/00038_5f0c2fe55fcab9816e25__6xdmpcx/config.yaml"", ""deviations"": [""config mapping: derived (no official category; vit_2023 transformer config)"", ""attack-off (user decision D20): all attack/falsification stages disabled, see config.attack.overrides"", ""float32: general.double_fp=false; solver.use_float64_in_last_iteration=false; stable_f32 interpreter"", ""solver.batch_size=16; auto_enlarge_batch_size=false for concurrent GPU memory budget""], ""mapping"": ""derived (no official category; vit_2023 transformer config)"", ""notes"": [], ""official"": ""exp_configs/vnncomp23/vit.yaml"", ""official_biccos"": false, ""official_pgd_order"": ""skip"", ""variant"": ""official""}","[""config mapping: derived (no official category; vit_2023 transformer config)"", ""attack-off (user decision D20): all attack/falsification stages disabled, see config.attack.overrides"", ""float32: general.double_fp=false; solver.use_float64_in_last_iteration=false; stable_f32 interpreter"", ""solver.batch_size=16; auto_enlarge_batch_size=false for concurrent GPU memory budget""]",,,2.0,37.0,official_attack_off_f32,"[""abcrown"",""scratch/text_export/yelp_pinf/yelp_buffet/onnx/yelp_d3_L15.onnx"",""scratch/text_export/yelp_pinf/yelp_buffet/vnnlib/query_index_q0038_d3_L15_e27872_p1_eps0p005.v1.vnnlib"",30.0,""official_attack_off_f32""]",
yelp_pinf,39,yelp_d3_L7.onnx,query_index_q0039_d3_L7_e23476_p1_eps0p005.v1.vnnlib,unsat,2.9107515811920166,CERTIFIED,1,30.0,2.9107515811920166,6.875,4.171,11.164647165685892,0,0,,,not a FALSIFIED row,0,scratch/logs/fse2026/abcrown/yelp_pinf/00039_b478f7576176cbc2d000_mmyalv_d.log,6b8bbcfac1c01da1cabd240a87e4dce1a65f5a2b,"{""attack"": {""attack_off"": true, ""hook_replacements"": {}, ""overrides"": {""attack"": {""enable_mip_attack"": false, ""input_split_check_adv"": {""enabled"": ""false""}, ""pgd_order"": ""skip""}, ""bab"": {""attack"": {""enabled"": false}, ""branching"": {""input_split"": {""update_rhs_with_attack"": false}}}}}, ""biccos_applicable"": true, ""biccos_effective"": false, ""derived_path"": ""scratch/rq1_2026_tmp/baselines/abcrown/yelp_pinf/00039_b478f7576176cbc2d000_mmyalv_d/config.yaml"", ""deviations"": [""config mapping: derived (no official category; vit_2023 transformer config)"", ""attack-off (user decision D20): all attack/falsification stages disabled, see config.attack.overrides"", ""float32: general.double_fp=false; solver.use_float64_in_last_iteration=false; stable_f32 interpreter"", ""solver.batch_size=16; auto_enlarge_batch_size=false for concurrent GPU memory budget""], ""mapping"": ""derived (no official category; vit_2023 transformer config)"", ""notes"": [], ""official"": ""exp_configs/vnncomp23/vit.yaml"", ""official_biccos"": false, ""official_pgd_order"": ""skip"", ""variant"": ""official""}","[""config mapping: derived (no official category; vit_2023 transformer config)"", ""attack-off (user decision D20): all attack/falsification stages disabled, see config.attack.overrides"", ""float32: general.double_fp=false; solver.use_float64_in_last_iteration=false; stable_f32 interpreter"", ""solver.batch_size=16; auto_enlarge_batch_size=false for concurrent GPU memory budget""]",,,0.0,1678.0,official_attack_off_f32,"[""abcrown"",""scratch/text_export/yelp_pinf/yelp_buffet/onnx/yelp_d3_L7.onnx"",""scratch/text_export/yelp_pinf/yelp_buffet/vnnlib/query_index_q0039_d3_L7_e23476_p1_eps0p005.v1.vnnlib"",30.0,""official_attack_off_f32""]",
yelp_pinf,40,yelp_d3_L10.onnx,query_index_q0040_d3_L10_e19057_p1_eps0p0025.v1.vnnlib,unsat,2.7856061458587646,CERTIFIED,1,30.0,2.7856061458587646,6.675,4.02,10.86006048694253,0,0,,,not a FALSIFIED row,0,scratch/logs/fse2026/abcrown/yelp_pinf/00040_279ef9bfc9e4bd79d6c5_k0j_xxj1.log,6b8bbcfac1c01da1cabd240a87e4dce1a65f5a2b,"{""attack"": {""attack_off"": true, ""hook_replacements"": {}, ""overrides"": {""attack"": {""enable_mip_attack"": false, ""input_split_check_adv"": {""enabled"": ""false""}, ""pgd_order"": ""skip""}, ""bab"": {""attack"": {""enabled"": false}, ""branching"": {""input_split"": {""update_rhs_with_attack"": false}}}}}, ""biccos_applicable"": true, ""biccos_effective"": false, ""derived_path"": ""scratch/rq1_2026_tmp/baselines/abcrown/yelp_pinf/00040_279ef9bfc9e4bd79d6c5_k0j_xxj1/config.yaml"", ""deviations"": [""config mapping: derived (no official category; vit_2023 transformer config)"", ""attack-off (user decision D20): all attack/falsification stages disabled, see config.attack.overrides"", ""float32: general.double_fp=false; solver.use_float64_in_last_iteration=false; stable_f32 interpreter"", ""solver.batch_size=16; auto_enlarge_batch_size=false for concurrent GPU memory budget""], ""mapping"": ""derived (no official category; vit_2023 transformer config)"", ""notes"": [], ""official"": ""exp_configs/vnncomp23/vit.yaml"", ""official_biccos"": false, ""official_pgd_order"": ""skip"", ""variant"": ""official""}","[""config mapping: derived (no official category; vit_2023 transformer config)"", ""attack-off (user decision D20): all attack/falsification stages disabled, see config.attack.overrides"", ""float32: general.double_fp=false; solver.use_float64_in_last_iteration=false; stable_f32 interpreter"", ""solver.batch_size=16; auto_enlarge_batch_size=false for concurrent GPU memory budget""]",,,94.0,14462.0,official_attack_off_f32,"[""abcrown"",""scratch/text_export/yelp_pinf/yelp_buffet/onnx/yelp_d3_L10.onnx"",""scratch/text_export/yelp_pinf/yelp_buffet/vnnlib/query_index_q0040_d3_L10_e19057_p1_eps0p0025.v1.vnnlib"",30.0,""official_attack_off_f32""]",
yelp_pinf,41,yelp_d3_L19.onnx,query_index_q0041_d3_L19_e7952_p1_eps0p0025.v1.vnnlib,unsat,3.077423095703125,CERTIFIED,1,30.0,3.077423095703125,7.026,3.971,11.104935808107257,0,0,,,not a FALSIFIED row,0,scratch/logs/fse2026/abcrown/yelp_pinf/00041_3233647c1e8d3c7c6f1d_m270218g.log,6b8bbcfac1c01da1cabd240a87e4dce1a65f5a2b,"{""attack"": {""attack_off"": true, ""hook_replacements"": {}, ""overrides"": {""attack"": {""enable_mip_attack"": false, ""input_split_check_adv"": {""enabled"": ""false""}, ""pgd_order"": ""skip""}, ""bab"": {""attack"": {""enabled"": false}, ""branching"": {""input_split"": {""update_rhs_with_attack"": false}}}}}, ""biccos_applicable"": true, ""biccos_effective"": false, ""derived_path"": ""scratch/rq1_2026_tmp/baselines/abcrown/yelp_pinf/00041_3233647c1e8d3c7c6f1d_m270218g/config.yaml"", ""deviations"": [""config mapping: derived (no official category; vit_2023 transformer config)"", ""attack-off (user decision D20): all attack/falsification stages disabled, see config.attack.overrides"", ""float32: general.double_fp=false; solver.use_float64_in_last_iteration=false; stable_f32 interpreter"", ""solver.batch_size=16; auto_enlarge_batch_size=false for concurrent GPU memory budget""], ""mapping"": ""derived (no official category; vit_2023 transformer config)"", ""notes"": [], ""official"": ""exp_configs/vnncomp23/vit.yaml"", ""official_biccos"": false, ""official_pgd_order"": ""skip"", ""variant"": ""official""}","[""config mapping: derived (no official category; vit_2023 transformer config)"", ""attack-off (user decision D20): all attack/falsification stages disabled, see config.attack.overrides"", ""float32: general.double_fp=false; solver.use_float64_in_last_iteration=false; stable_f32 interpreter"", ""solver.batch_size=16; auto_enlarge_batch_size=false for concurrent GPU memory budget""]",,,97.0,30582.0,official_attack_off_f32,"[""abcrown"",""scratch/text_export/yelp_pinf/yelp_buffet/onnx/yelp_d3_L19.onnx"",""scratch/text_export/yelp_pinf/yelp_buffet/vnnlib/query_index_q0041_d3_L19_e7952_p1_eps0p0025.v1.vnnlib"",30.0,""official_attack_off_f32""]",
yelp_pinf,42,yelp_d3_L11.onnx,query_index_q0042_d3_L11_e35137_p1_eps0p0025.v1.vnnlib,unsat,2.7628591060638428,CERTIFIED,1,30.0,2.7628591060638428,6.675,3.671,10.46217624656856,0,0,,,not a FALSIFIED row,0,scratch/logs/fse2026/abcrown/yelp_pinf/00042_062ea58e11d11432ff79_g7sne1p9.log,6b8bbcfac1c01da1cabd240a87e4dce1a65f5a2b,"{""attack"": {""attack_off"": true, ""hook_replacements"": {}, ""overrides"": {""attack"": {""enable_mip_attack"": false, ""input_split_check_adv"": {""enabled"": ""false""}, ""pgd_order"": ""skip""}, ""bab"": {""attack"": {""enabled"": false}, ""branching"": {""input_split"": {""update_rhs_with_attack"": false}}}}}, ""biccos_applicable"": true, ""biccos_effective"": false, ""derived_path"": ""scratch/rq1_2026_tmp/baselines/abcrown/yelp_pinf/00042_062ea58e11d11432ff79_g7sne1p9/config.yaml"", ""deviations"": [""config mapping: derived (no official category; vit_2023 transformer config)"", ""attack-off (user decision D20): all attack/falsification stages disabled, see config.attack.overrides"", ""float32: general.double_fp=false; solver.use_float64_in_last_iteration=false; stable_f32 interpreter"", ""solver.batch_size=16; auto_enlarge_batch_size=false for concurrent GPU memory budget""], ""mapping"": ""derived (no official category; vit_2023 transformer config)"", ""notes"": [], ""official"": ""exp_configs/vnncomp23/vit.yaml"", ""official_biccos"": false, ""official_pgd_order"": ""skip"", ""variant"": ""official""}","[""config mapping: derived (no official category; vit_2023 transformer config)"", ""attack-off (user decision D20): all attack/falsification stages disabled, see config.attack.overrides"", ""float32: general.double_fp=false; solver.use_float64_in_last_iteration=false; stable_f32 interpreter"", ""solver.batch_size=16; auto_enlarge_batch_size=false for concurrent GPU memory budget""]",,,1.0,34.0,official_attack_off_f32,"[""abcrown"",""scratch/text_export/yelp_pinf/yelp_buffet/onnx/yelp_d3_L11.onnx"",""scratch/text_export/yelp_pinf/yelp_buffet/vnnlib/query_index_q0042_d3_L11_e35137_p1_eps0p0025.v1.vnnlib"",30.0,""official_attack_off_f32""]",
yelp_pinf,43,yelp_d3_L15.onnx,query_index_q0043_d3_L15_e31746_p1_eps0p0025.v1.vnnlib,unsat,4.147369861602783,CERTIFIED,1,30.0,4.147369861602783,8.078,3.87,12.064645694568753,0,0,,,not a FALSIFIED row,0,scratch/logs/fse2026/abcrown/yelp_pinf/00043_b0b398f2f31e6522f6be_i9m3a97w.log,6b8bbcfac1c01da1cabd240a87e4dce1a65f5a2b,"{""attack"": {""attack_off"": true, ""hook_replacements"": {}, ""overrides"": {""attack"": {""enable_mip_attack"": false, ""input_split_check_adv"": {""enabled"": ""false""}, ""pgd_order"": ""skip""}, ""bab"": {""attack"": {""enabled"": false}, ""branching"": {""input_split"": {""update_rhs_with_attack"": false}}}}}, ""biccos_applicable"": true, ""biccos_effective"": false, ""derived_path"": ""scratch/rq1_2026_tmp/baselines/abcrown/yelp_pinf/00043_b0b398f2f31e6522f6be_i9m3a97w/config.yaml"", ""deviations"": [""config mapping: derived (no official category; vit_2023 transformer config)"", ""attack-off (user decision D20): all attack/falsification stages disabled, see config.attack.overrides"", ""float32: general.double_fp=false; solver.use_float64_in_last_iteration=false; stable_f32 interpreter"", ""solver.batch_size=16; auto_enlarge_batch_size=false for concurrent GPU memory budget""], ""mapping"": ""derived (no official category; vit_2023 transformer config)"", ""notes"": [], ""official"": ""exp_configs/vnncomp23/vit.yaml"", ""official_biccos"": false, ""official_pgd_order"": ""skip"", ""variant"": ""official""}","[""config mapping: derived (no official category; vit_2023 transformer config)"", ""attack-off (user decision D20): all attack/falsification stages disabled, see config.attack.overrides"", ""float32: general.double_fp=false; solver.use_float64_in_last_iteration=false; stable_f32 interpreter"", ""solver.batch_size=16; auto_enlarge_batch_size=false for concurrent GPU memory budget""]",,,94.0,11300.0,official_attack_off_f32,"[""abcrown"",""scratch/text_export/yelp_pinf/yelp_buffet/onnx/yelp_d3_L15.onnx"",""scratch/text_export/yelp_pinf/yelp_buffet/vnnlib/query_index_q0043_d3_L15_e31746_p1_eps0p0025.v1.vnnlib"",30.0,""official_attack_off_f32""]",
yelp_pinf,44,yelp_d3_L8.onnx,query_index_q0044_d3_L8_e17711_p1_eps0p0025.v1.vnnlib,unsat,2.3585309982299805,CERTIFIED,1,30.0,2.3585309982299805,6.425,3.92,10.460229696705937,0,0,,,not a FALSIFIED row,0,scratch/logs/fse2026/abcrown/yelp_pinf/00044_c940c2d870f4cd1499ff_4wsa36l3.log,6b8bbcfac1c01da1cabd240a87e4dce1a65f5a2b,"{""attack"": {""attack_off"": true, ""hook_replacements"": {}, ""overrides"": {""attack"": {""enable_mip_attack"": false, ""input_split_check_adv"": {""enabled"": ""false""}, ""pgd_order"": ""skip""}, ""bab"": {""attack"": {""enabled"": false}, ""branching"": {""input_split"": {""update_rhs_with_attack"": false}}}}}, ""biccos_applicable"": true, ""biccos_effective"": false, ""derived_path"": ""scratch/rq1_2026_tmp/baselines/abcrown/yelp_pinf/00044_c940c2d870f4cd1499ff_4wsa36l3/config.yaml"", ""deviations"": [""config mapping: derived (no official category; vit_2023 transformer config)"", ""attack-off (user decision D20): all attack/falsification stages disabled, see config.attack.overrides"", ""float32: general.double_fp=false; solver.use_float64_in_last_iteration=false; stable_f32 interpreter"", ""solver.batch_size=16; auto_enlarge_batch_size=false for concurrent GPU memory budget""], ""mapping"": ""derived (no official category; vit_2023 transformer config)"", ""notes"": [], ""official"": ""exp_configs/vnncomp23/vit.yaml"", ""official_biccos"": false, ""official_pgd_order"": ""skip"", ""variant"": ""official""}","[""config mapping: derived (no official category; vit_2023 transformer config)"", ""attack-off (user decision D20): all attack/falsification stages disabled, see config.attack.overrides"", ""float32: general.double_fp=false; solver.use_float64_in_last_iteration=false; stable_f32 interpreter"", ""solver.batch_size=16; auto_enlarge_batch_size=false for concurrent GPU memory budget""]",,,87.0,33560.0,official_attack_off_f32,"[""abcrown"",""scratch/text_export/yelp_pinf/yelp_buffet/onnx/yelp_d3_L8.onnx"",""scratch/text_export/yelp_pinf/yelp_buffet/vnnlib/query_index_q0044_d3_L8_e17711_p1_eps0p0025.v1.vnnlib"",30.0,""official_attack_off_f32""]",
yelp_pinf,45,yelp_d3_L12.onnx,query_index_q0045_d3_L12_e8376_p1_eps0p0025.v1.vnnlib,unsat,1.026742696762085,CERTIFIED,1,30.0,1.026742696762085,4.672,4.021,8.80008090659976,0,0,,,not a FALSIFIED row,0,scratch/logs/fse2026/abcrown/yelp_pinf/00045_04b2df2868f31228f0c4_i1p_2rde.log,6b8bbcfac1c01da1cabd240a87e4dce1a65f5a2b,"{""attack"": {""attack_off"": true, ""hook_replacements"": {}, ""overrides"": {""attack"": {""enable_mip_attack"": false, ""input_split_check_adv"": {""enabled"": ""false""}, ""pgd_order"": ""skip""}, ""bab"": {""attack"": {""enabled"": false}, ""branching"": {""input_split"": {""update_rhs_with_attack"": false}}}}}, ""biccos_applicable"": true, ""biccos_effective"": false, ""derived_path"": ""scratch/rq1_2026_tmp/baselines/abcrown/yelp_pinf/00045_04b2df2868f31228f0c4_i1p_2rde/config.yaml"", ""deviations"": [""config mapping: derived (no official category; vit_2023 transformer config)"", ""attack-off (user decision D20): all attack/falsification stages disabled, see config.attack.overrides"", ""float32: general.double_fp=false; solver.use_float64_in_last_iteration=false; stable_f32 interpreter"", ""solver.batch_size=16; auto_enlarge_batch_size=false for concurrent GPU memory budget""], ""mapping"": ""derived (no official category; vit_2023 transformer config)"", ""notes"": [], ""official"": ""exp_configs/vnncomp23/vit.yaml"", ""official_biccos"": false, ""official_pgd_order"": ""skip"", ""variant"": ""official""}","[""config mapping: derived (no official category; vit_2023 transformer config)"", ""attack-off (user decision D20): all attack/falsification stages disabled, see config.attack.overrides"", ""float32: general.double_fp=false; solver.use_float64_in_last_iteration=false; stable_f32 interpreter"", ""solver.batch_size=16; auto_enlarge_batch_size=false for concurrent GPU memory budget""]",,,96.0,33560.0,official_attack_off_f32,"[""abcrown"",""scratch/text_export/yelp_pinf/yelp_buffet/onnx/yelp_d3_L12.onnx"",""scratch/text_export/yelp_pinf/yelp_buffet/vnnlib/query_index_q0045_d3_L12_e8376_p1_eps0p0025.v1.vnnlib"",30.0,""official_attack_off_f32""]",
yelp_pinf,46,yelp_d3_L11.onnx,query_index_q0046_d3_L11_e2354_p1_eps0p0025.v1.vnnlib,unsat,2.1252849102020264,CERTIFIED,1,30.0,2.1252849102020264,5.873,3.72,9.708834500983357,0,0,,,not a FALSIFIED row,0,scratch/logs/fse2026/abcrown/yelp_pinf/00046_0c80a0888f2574170f05_xlk8m5xh.log,6b8bbcfac1c01da1cabd240a87e4dce1a65f5a2b,"{""attack"": {""attack_off"": true, ""hook_replacements"": {}, ""overrides"": {""attack"": {""enable_mip_attack"": false, ""input_split_check_adv"": {""enabled"": ""false""}, ""pgd_order"": ""skip""}, ""bab"": {""attack"": {""enabled"": false}, ""branching"": {""input_split"": {""update_rhs_with_attack"": false}}}}}, ""biccos_applicable"": true, ""biccos_effective"": false, ""derived_path"": ""scratch/rq1_2026_tmp/baselines/abcrown/yelp_pinf/00046_0c80a0888f2574170f05_xlk8m5xh/config.yaml"", ""deviations"": [""config mapping: derived (no official category; vit_2023 transformer config)"", ""attack-off (user decision D20): all attack/falsification stages disabled, see config.attack.overrides"", ""float32: general.double_fp=false; solver.use_float64_in_last_iteration=false; stable_f32 interpreter"", ""solver.batch_size=16; auto_enlarge_batch_size=false for concurrent GPU memory budget""], ""mapping"": ""derived (no official category; vit_2023 transformer config)"", ""notes"": [], ""official"": ""exp_configs/vnncomp23/vit.yaml"", ""official_biccos"": false, ""official_pgd_order"": ""skip"", ""variant"": ""official""}","[""config mapping: derived (no official category; vit_2023 transformer config)"", ""attack-off (user decision D20): all attack/falsification stages disabled, see config.attack.overrides"", ""float32: general.double_fp=false; solver.use_float64_in_last_iteration=false; stable_f32 interpreter"", ""solver.batch_size=16; auto_enlarge_batch_size=false for concurrent GPU memory budget""]",,,84.0,6464.0,official_attack_off_f32,"[""abcrown"",""scratch/text_export/yelp_pinf/yelp_buffet/onnx/yelp_d3_L11.onnx"",""scratch/text_export/yelp_pinf/yelp_buffet/vnnlib/query_index_q0046_d3_L11_e2354_p1_eps0p0025.v1.vnnlib"",30.0,""official_attack_off_f32""]",
yelp_pinf,47,yelp_d3_L14.onnx,query_index_q0047_d3_L14_e30013_p1_eps0p0025.v1.vnnlib,unsat,2.329819679260254,CERTIFIED,1,30.0,2.329819679260254,6.074,3.67,9.858887497335672,0,0,,,not a FALSIFIED row,0,scratch/logs/fse2026/abcrown/yelp_pinf/00047_dcc8dcd6a3d431bb6f44_ddllavwm.log,6b8bbcfac1c01da1cabd240a87e4dce1a65f5a2b,"{""attack"": {""attack_off"": true, ""hook_replacements"": {}, ""overrides"": {""attack"": {""enable_mip_attack"": false, ""input_split_check_adv"": {""enabled"": ""false""}, ""pgd_order"": ""skip""}, ""bab"": {""attack"": {""enabled"": false}, ""branching"": {""input_split"": {""update_rhs_with_attack"": false}}}}}, ""biccos_applicable"": true, ""biccos_effective"": false, ""derived_path"": ""scratch/rq1_2026_tmp/baselines/abcrown/yelp_pinf/00047_dcc8dcd6a3d431bb6f44_ddllavwm/config.yaml"", ""deviations"": [""config mapping: derived (no official category; vit_2023 transformer config)"", ""attack-off (user decision D20): all attack/falsification stages disabled, see config.attack.overrides"", ""float32: general.double_fp=false; solver.use_float64_in_last_iteration=false; stable_f32 interpreter"", ""solver.batch_size=16; auto_enlarge_batch_size=false for concurrent GPU memory budget""], ""mapping"": ""derived (no official category; vit_2023 transformer config)"", ""notes"": [], ""official"": ""exp_configs/vnncomp23/vit.yaml"", ""official_biccos"": false, ""official_pgd_order"": ""skip"", ""variant"": ""official""}","[""config mapping: derived (no official category; vit_2023 transformer config)"", ""attack-off (user decision D20): all attack/falsification stages disabled, see config.attack.overrides"", ""float32: general.double_fp=false; solver.use_float64_in_last_iteration=false; stable_f32 interpreter"", ""solver.batch_size=16; auto_enlarge_batch_size=false for concurrent GPU memory budget""]",,,85.0,3762.0,official_attack_off_f32,"[""abcrown"",""scratch/text_export/yelp_pinf/yelp_buffet/onnx/yelp_d3_L14.onnx"",""scratch/text_export/yelp_pinf/yelp_buffet/vnnlib/query_index_q0047_d3_L14_e30013_p1_eps0p0025.v1.vnnlib"",30.0,""official_attack_off_f32""]",
yelp_pinf,48,yelp_d3_L14.onnx,query_index_q0048_d3_L14_e23796_p1_eps0p0025.v1.vnnlib,unsat,1.0529437065124512,CERTIFIED,1,30.0,1.0529437065124512,4.779,3.62,8.507562419399619,0,0,,,not a FALSIFIED row,0,scratch/logs/fse2026/abcrown/yelp_pinf/00048_c70903c89331a4ee749b_0rnxwccj.log,6b8bbcfac1c01da1cabd240a87e4dce1a65f5a2b,"{""attack"": {""attack_off"": true, ""hook_replacements"": {}, ""overrides"": {""attack"": {""enable_mip_attack"": false, ""input_split_check_adv"": {""enabled"": ""false""}, ""pgd_order"": ""skip""}, ""bab"": {""attack"": {""enabled"": false}, ""branching"": {""input_split"": {""update_rhs_with_attack"": false}}}}}, ""biccos_applicable"": true, ""biccos_effective"": false, ""derived_path"": ""scratch/rq1_2026_tmp/baselines/abcrown/yelp_pinf/00048_c70903c89331a4ee749b_0rnxwccj/config.yaml"", ""deviations"": [""config mapping: derived (no official category; vit_2023 transformer config)"", ""attack-off (user decision D20): all attack/falsification stages disabled, see config.attack.overrides"", ""float32: general.double_fp=false; solver.use_float64_in_last_iteration=false; stable_f32 interpreter"", ""solver.batch_size=16; auto_enlarge_batch_size=false for concurrent GPU memory budget""], ""mapping"": ""derived (no official category; vit_2023 transformer config)"", ""notes"": [], ""official"": ""exp_configs/vnncomp23/vit.yaml"", ""official_biccos"": false, ""official_pgd_order"": ""skip"", ""variant"": ""official""}","[""config mapping: derived (no official category; vit_2023 transformer config)"", ""attack-off (user decision D20): all attack/falsification stages disabled, see config.attack.overrides"", ""float32: general.double_fp=false; solver.use_float64_in_last_iteration=false; stable_f32 interpreter"", ""solver.batch_size=16; auto_enlarge_batch_size=false for concurrent GPU memory budget""]",,,54.0,4108.0,official_attack_off_f32,"[""abcrown"",""scratch/text_export/yelp_pinf/yelp_buffet/onnx/yelp_d3_L14.onnx"",""scratch/text_export/yelp_pinf/yelp_buffet/vnnlib/query_index_q0048_d3_L14_e23796_p1_eps0p0025.v1.vnnlib"",30.0,""official_attack_off_f32""]",
yelp_pinf,49,yelp_d3_L14.onnx,query_index_q0049_d3_L14_e8751_p1_eps0p0025.v1.vnnlib,unsat,1.7445104122161865,CERTIFIED,1,30.0,1.7445104122161865,5.423,3.971,9.502657651901245,0,0,,,not a FALSIFIED row,0,scratch/logs/fse2026/abcrown/yelp_pinf/00049_5552748ca62cb25f9ebb_lp84oe0j.log,6b8bbcfac1c01da1cabd240a87e4dce1a65f5a2b,"{""attack"": {""attack_off"": true, ""hook_replacements"": {}, ""overrides"": {""attack"": {""enable_mip_attack"": false, ""input_split_check_adv"": {""enabled"": ""false""}, ""pgd_order"": ""skip""}, ""bab"": {""attack"": {""enabled"": false}, ""branching"": {""input_split"": {""update_rhs_with_attack"": false}}}}}, ""biccos_applicable"": true, ""biccos_effective"": false, ""derived_path"": ""scratch/rq1_2026_tmp/baselines/abcrown/yelp_pinf/00049_5552748ca62cb25f9ebb_lp84oe0j/config.yaml"", ""deviations"": [""config mapping: derived (no official category; vit_2023 transformer config)"", ""attack-off (user decision D20): all attack/falsification stages disabled, see config.attack.overrides"", ""float32: general.double_fp=false; solver.use_float64_in_last_iteration=false; stable_f32 interpreter"", ""solver.batch_size=16; auto_enlarge_batch_size=false for concurrent GPU memory budget""], ""mapping"": ""derived (no official category; vit_2023 transformer config)"", ""notes"": [], ""official"": ""exp_configs/vnncomp23/vit.yaml"", ""official_biccos"": false, ""official_pgd_order"": ""skip"", ""variant"": ""official""}","[""config mapping: derived (no official category; vit_2023 transformer config)"", ""attack-off (user decision D20): all attack/falsification stages disabled, see config.attack.overrides"", ""float32: general.double_fp=false; solver.use_float64_in_last_iteration=false; stable_f32 interpreter"", ""solver.batch_size=16; auto_enlarge_batch_size=false for concurrent GPU memory budget""]",,,88.0,3744.0,official_attack_off_f32,"[""abcrown"",""scratch/text_export/yelp_pinf/yelp_buffet/onnx/yelp_d3_L14.onnx"",""scratch/text_export/yelp_pinf/yelp_buffet/vnnlib/query_index_q0049_d3_L14_e8751_p1_eps0p0025.v1.vnnlib"",30.0,""official_attack_off_f32""]",
yelp_pinf,50,yelp_d3_L10.onnx,query_index_q0050_d3_L10_e19057_p1_eps0p005.v1.vnnlib,unsat,4.56827187538147,CERTIFIED,1,30.0,4.56827187538147,8.428,4.02,12.555467404425144,0,0,,,not a FALSIFIED row,0,scratch/logs/fse2026/abcrown/yelp_pinf/00050_995c5c417d9903ad8a27_na3aqedj.log,6b8bbcfac1c01da1cabd240a87e4dce1a65f5a2b,"{""attack"": {""attack_off"": true, ""hook_replacements"": {}, ""overrides"": {""attack"": {""enable_mip_attack"": false, ""input_split_check_adv"": {""enabled"": ""false""}, ""pgd_order"": ""skip""}, ""bab"": {""attack"": {""enabled"": false}, ""branching"": {""input_split"": {""update_rhs_with_attack"": false}}}}}, ""biccos_applicable"": true, ""biccos_effective"": false, ""derived_path"": ""scratch/rq1_2026_tmp/baselines/abcrown/yelp_pinf/00050_995c5c417d9903ad8a27_na3aqedj/config.yaml"", ""deviations"": [""config mapping: derived (no official category; vit_2023 transformer config)"", ""attack-off (user decision D20): all attack/falsification stages disabled, see config.attack.overrides"", ""float32: general.double_fp=false; solver.use_float64_in_last_iteration=false; stable_f32 interpreter"", ""solver.batch_size=16; auto_enlarge_batch_size=false for concurrent GPU memory budget""], ""mapping"": ""derived (no official category; vit_2023 transformer config)"", ""notes"": [], ""official"": ""exp_configs/vnncomp23/vit.yaml"", ""official_biccos"": false, ""official_pgd_order"": ""skip"", ""variant"": ""official""}","[""config mapping: derived (no official category; vit_2023 transformer config)"", ""attack-off (user decision D20): all attack/falsification stages disabled, see config.attack.overrides"", ""float32: general.double_fp=false; solver.use_float64_in_last_iteration=false; stable_f32 interpreter"", ""solver.batch_size=16; auto_enlarge_batch_size=false for concurrent GPU memory budget""]",,,97.0,21638.0,official_attack_off_f32,"[""abcrown"",""scratch/text_export/yelp_pinf/yelp_buffet/onnx/yelp_d3_L10.onnx"",""scratch/text_export/yelp_pinf/yelp_buffet/vnnlib/query_index_q0050_d3_L10_e19057_p1_eps0p005.v1.vnnlib"",30.0,""official_attack_off_f32""]",
yelp_pinf,51,yelp_d3_L19.onnx,query_index_q0051_d3_L19_e7952_p1_eps0p005.v1.vnnlib,unsat,1.1122660636901855,CERTIFIED,1,30.0,1.1122660636901855,4.722,3.921,8.758976615965366,0,0,,,not a FALSIFIED row,0,scratch/logs/fse2026/abcrown/yelp_pinf/00051_9166a0417e923230dcf1_lasdfy4q.log,6b8bbcfac1c01da1cabd240a87e4dce1a65f5a2b,"{""attack"": {""attack_off"": true, ""hook_replacements"": {}, ""overrides"": {""attack"": {""enable_mip_attack"": false, ""input_split_check_adv"": {""enabled"": ""false""}, ""pgd_order"": ""skip""}, ""bab"": {""attack"": {""enabled"": false}, ""branching"": {""input_split"": {""update_rhs_with_attack"": false}}}}}, ""biccos_applicable"": true, ""biccos_effective"": false, ""derived_path"": ""scratch/rq1_2026_tmp/baselines/abcrown/yelp_pinf/00051_9166a0417e923230dcf1_lasdfy4q/config.yaml"", ""deviations"": [""config mapping: derived (no official category; vit_2023 transformer config)"", ""attack-off (user decision D20): all attack/falsification stages disabled, see config.attack.overrides"", ""float32: general.double_fp=false; solver.use_float64_in_last_iteration=false; stable_f32 interpreter"", ""solver.batch_size=16; auto_enlarge_batch_size=false for concurrent GPU memory budget""], ""mapping"": ""derived (no official category; vit_2023 transformer config)"", ""notes"": [], ""official"": ""exp_configs/vnncomp23/vit.yaml"", ""official_biccos"": false, ""official_pgd_order"": ""skip"", ""variant"": ""official""}","[""config mapping: derived (no official category; vit_2023 transformer config)"", ""attack-off (user decision D20): all attack/falsification stages disabled, see config.attack.overrides"", ""float32: general.double_fp=false; solver.use_float64_in_last_iteration=false; stable_f32 interpreter"", ""solver.batch_size=16; auto_enlarge_batch_size=false for concurrent GPU memory budget""]",,,88.0,3744.0,official_attack_off_f32,"[""abcrown"",""scratch/text_export/yelp_pinf/yelp_buffet/onnx/yelp_d3_L19.onnx"",""scratch/text_export/yelp_pinf/yelp_buffet/vnnlib/query_index_q0051_d3_L19_e7952_p1_eps0p005.v1.vnnlib"",30.0,""official_attack_off_f32""]",
yelp_pinf,52,yelp_d3_L11.onnx,query_index_q0052_d3_L11_e35137_p1_eps0p005.v1.vnnlib,unsat,1.6870627403259277,CERTIFIED,1,30.0,1.6870627403259277,5.474,4.02,9.609086388722062,0,0,,,not a FALSIFIED row,0,scratch/logs/fse2026/abcrown/yelp_pinf/00052_475571379a4548b1b587_gbrxvwpj.log,6b8bbcfac1c01da1cabd240a87e4dce1a65f5a2b,"{""attack"": {""attack_off"": true, ""hook_replacements"": {}, ""overrides"": {""attack"": {""enable_mip_attack"": false, ""input_split_check_adv"": {""enabled"": ""false""}, ""pgd_order"": ""skip""}, ""bab"": {""attack"": {""enabled"": false}, ""branching"": {""input_split"": {""update_rhs_with_attack"": false}}}}}, ""biccos_applicable"": true, ""biccos_effective"": false, ""derived_path"": ""scratch/rq1_2026_tmp/baselines/abcrown/yelp_pinf/00052_475571379a4548b1b587_gbrxvwpj/config.yaml"", ""deviations"": [""config mapping: derived (no official category; vit_2023 transformer config)"", ""attack-off (user decision D20): all attack/falsification stages disabled, see config.attack.overrides"", ""float32: general.double_fp=false; solver.use_float64_in_last_iteration=false; stable_f32 interpreter"", ""solver.batch_size=16; auto_enlarge_batch_size=false for concurrent GPU memory budget""], ""mapping"": ""derived (no official category; vit_2023 transformer config)"", ""notes"": [], ""official"": ""exp_configs/vnncomp23/vit.yaml"", ""official_biccos"": false, ""official_pgd_order"": ""skip"", ""variant"": ""official""}","[""config mapping: derived (no official category; vit_2023 transformer config)"", ""attack-off (user decision D20): all attack/falsification stages disabled, see config.attack.overrides"", ""float32: general.double_fp=false; solver.use_float64_in_last_iteration=false; stable_f32 interpreter"", ""solver.batch_size=16; auto_enlarge_batch_size=false for concurrent GPU memory budget""]",,,13.0,1082.0,official_attack_off_f32,"[""abcrown"",""scratch/text_export/yelp_pinf/yelp_buffet/onnx/yelp_d3_L11.onnx"",""scratch/text_export/yelp_pinf/yelp_buffet/vnnlib/query_index_q0052_d3_L11_e35137_p1_eps0p005.v1.vnnlib"",30.0,""official_attack_off_f32""]",
yelp_pinf,53,yelp_d3_L15.onnx,query_index_q0053_d3_L15_e31746_p1_eps0p005.v1.vnnlib,unsat,2.2084450721740723,CERTIFIED,1,30.0,2.2084450721740723,5.925,3.72,9.757915120571852,0,0,,,not a FALSIFIED row,0,scratch/logs/fse2026/abcrown/yelp_pinf/00053_1003caa65c9df0ddb67e_75i7sc3k.log,6b8bbcfac1c01da1cabd240a87e4dce1a65f5a2b,"{""attack"": {""attack_off"": true, ""hook_replacements"": {}, ""overrides"": {""attack"": {""enable_mip_attack"": false, ""input_split_check_adv"": {""enabled"": ""false""}, ""pgd_order"": ""skip""}, ""bab"": {""attack"": {""enabled"": false}, ""branching"": {""input_split"": {""update_rhs_with_attack"": false}}}}}, ""biccos_applicable"": true, ""biccos_effective"": false, ""derived_path"": ""scratch/rq1_2026_tmp/baselines/abcrown/yelp_pinf/00053_1003caa65c9df0ddb67e_75i7sc3k/config.yaml"", ""deviations"": [""config mapping: derived (no official category; vit_2023 transformer config)"", ""attack-off (user decision D20): all attack/falsification stages disabled, see config.attack.overrides"", ""float32: general.double_fp=false; solver.use_float64_in_last_iteration=false; stable_f32 interpreter"", ""solver.batch_size=16; auto_enlarge_batch_size=false for concurrent GPU memory budget""], ""mapping"": ""derived (no official category; vit_2023 transformer config)"", ""notes"": [], ""official"": ""exp_configs/vnncomp23/vit.yaml"", ""official_biccos"": false, ""official_pgd_order"": ""skip"", ""variant"": ""official""}","[""config mapping: derived (no official category; vit_2023 transformer config)"", ""attack-off (user decision D20): all attack/falsification stages disabled, see config.attack.overrides"", ""float32: general.double_fp=false; solver.use_float64_in_last_iteration=false; stable_f32 interpreter"", ""solver.batch_size=16; auto_enlarge_batch_size=false for concurrent GPU memory budget""]",,,63.0,4682.0,official_attack_off_f32,"[""abcrown"",""scratch/text_export/yelp_pinf/yelp_buffet/onnx/yelp_d3_L15.onnx"",""scratch/text_export/yelp_pinf/yelp_buffet/vnnlib/query_index_q0053_d3_L15_e31746_p1_eps0p005.v1.vnnlib"",30.0,""official_attack_off_f32""]",
yelp_pinf,54,yelp_d3_L8.onnx,query_index_q0054_d3_L8_e17711_p1_eps0p005.v1.vnnlib,unsat,3.5613467693328857,CERTIFIED,1,30.0,3.5613467693328857,7.526,3.921,11.562294069677591,0,0,,,not a FALSIFIED row,0,scratch/logs/fse2026/abcrown/yelp_pinf/00054_c9f20a2363422eedb60f_z8ouy1ep.log,6b8bbcfac1c01da1cabd240a87e4dce1a65f5a2b,"{""attack"": {""attack_off"": true, ""hook_replacements"": {}, ""overrides"": {""attack"": {""enable_mip_attack"": false, ""input_split_check_adv"": {""enabled"": ""false""}, ""pgd_order"": ""skip""}, ""bab"": {""attack"": {""enabled"": false}, ""branching"": {""input_split"": {""update_rhs_with_attack"": false}}}}}, ""biccos_applicable"": true, ""biccos_effective"": false, ""derived_path"": ""scratch/rq1_2026_tmp/baselines/abcrown/yelp_pinf/00054_c9f20a2363422eedb60f_z8ouy1ep/config.yaml"", ""deviations"": [""config mapping: derived (no official category; vit_2023 transformer config)"", ""attack-off (user decision D20): all attack/falsification stages disabled, see config.attack.overrides"", ""float32: general.double_fp=false; solver.use_float64_in_last_iteration=false; stable_f32 interpreter"", ""solver.batch_size=16; auto_enlarge_batch_size=false for concurrent GPU memory budget""], ""mapping"": ""derived (no official category; vit_2023 transformer config)"", ""notes"": [], ""official"": ""exp_configs/vnncomp23/vit.yaml"", ""official_biccos"": false, ""official_pgd_order"": ""skip"", ""variant"": ""official""}","[""config mapping: derived (no official category; vit_2023 transformer config)"", ""attack-off (user decision D20): all attack/falsification stages disabled, see config.attack.overrides"", ""float32: general.double_fp=false; solver.use_float64_in_last_iteration=false; stable_f32 interpreter"", ""solver.batch_size=16; auto_enlarge_batch_size=false for concurrent GPU memory budget""]",,,96.0,26162.0,official_attack_off_f32,"[""abcrown"",""scratch/text_export/yelp_pinf/yelp_buffet/onnx/yelp_d3_L8.onnx"",""scratch/text_export/yelp_pinf/yelp_buffet/vnnlib/query_index_q0054_d3_L8_e17711_p1_eps0p005.v1.vnnlib"",30.0,""official_attack_off_f32""]",
yelp_pinf,55,yelp_d3_L12.onnx,query_index_q0055_d3_L12_e8376_p1_eps0p005.v1.vnnlib,timeout,30.186092615127563,TIMEOUT,0,30.0,30.186092615127563,33.872,3.62,37.60619952343404,1,0,,,not a FALSIFIED row,0,scratch/logs/fse2026/abcrown/yelp_pinf/00055_dc2a0f519941478cb3f7__uo_iihl.log,6b8bbcfac1c01da1cabd240a87e4dce1a65f5a2b,"{""attack"": {""attack_off"": true, ""hook_replacements"": {}, ""overrides"": {""attack"": {""enable_mip_attack"": false, ""input_split_check_adv"": {""enabled"": ""false""}, ""pgd_order"": ""skip""}, ""bab"": {""attack"": {""enabled"": false}, ""branching"": {""input_split"": {""update_rhs_with_attack"": false}}}}}, ""biccos_applicable"": true, ""biccos_effective"": false, ""derived_path"": ""scratch/rq1_2026_tmp/baselines/abcrown/yelp_pinf/00055_dc2a0f519941478cb3f7__uo_iihl/config.yaml"", ""deviations"": [""config mapping: derived (no official category; vit_2023 transformer config)"", ""attack-off (user decision D20): all attack/falsification stages disabled, see config.attack.overrides"", ""float32: general.double_fp=false; solver.use_float64_in_last_iteration=false; stable_f32 interpreter"", ""solver.batch_size=16; auto_enlarge_batch_size=false for concurrent GPU memory budget""], ""mapping"": ""derived (no official category; vit_2023 transformer config)"", ""notes"": [], ""official"": ""exp_configs/vnncomp23/vit.yaml"", ""official_biccos"": false, ""official_pgd_order"": ""skip"", ""variant"": ""official""}","[""config mapping: derived (no official category; vit_2023 transformer config)"", ""attack-off (user decision D20): all attack/falsification stages disabled, see config.attack.overrides"", ""float32: general.double_fp=false; solver.use_float64_in_last_iteration=false; stable_f32 interpreter"", ""solver.batch_size=16; auto_enlarge_batch_size=false for concurrent GPU memory budget""]",,,18.0,4180.0,official_attack_off_f32,"[""abcrown"",""scratch/text_export/yelp_pinf/yelp_buffet/onnx/yelp_d3_L12.onnx"",""scratch/text_export/yelp_pinf/yelp_buffet/vnnlib/query_index_q0055_d3_L12_e8376_p1_eps0p005.v1.vnnlib"",30.0,""official_attack_off_f32""]",
yelp_pinf,56,yelp_d3_L11.onnx,query_index_q0056_d3_L11_e2354_p1_eps0p005.v1.vnnlib,unsat,1.9178187847137451,CERTIFIED,1,30.0,1.9178187847137451,5.624,3.67,9.408890562132001,0,0,,,not a FALSIFIED row,0,scratch/logs/fse2026/abcrown/yelp_pinf/00056_995a965564b4019f7ec0_w_n_rcjl.log,6b8bbcfac1c01da1cabd240a87e4dce1a65f5a2b,"{""attack"": {""attack_off"": true, ""hook_replacements"": {}, ""overrides"": {""attack"": {""enable_mip_attack"": false, ""input_split_check_adv"": {""enabled"": ""false""}, ""pgd_order"": ""skip""}, ""bab"": {""attack"": {""enabled"": false}, ""branching"": {""input_split"": {""update_rhs_with_attack"": false}}}}}, ""biccos_applicable"": true, ""biccos_effective"": false, ""derived_path"": ""scratch/rq1_2026_tmp/baselines/abcrown/yelp_pinf/00056_995a965564b4019f7ec0_w_n_rcjl/config.yaml"", ""deviations"": [""config mapping: derived (no official category; vit_2023 transformer config)"", ""attack-off (user decision D20): all attack/falsification stages disabled, see config.attack.overrides"", ""float32: general.double_fp=false; solver.use_float64_in_last_iteration=false; stable_f32 interpreter"", ""solver.batch_size=16; auto_enlarge_batch_size=false for concurrent GPU memory budget""], ""mapping"": ""derived (no official category; vit_2023 transformer config)"", ""notes"": [], ""official"": ""exp_configs/vnncomp23/vit.yaml"", ""official_biccos"": false, ""official_pgd_order"": ""skip"", ""variant"": ""official""}","[""config mapping: derived (no official category; vit_2023 transformer config)"", ""attack-off (user decision D20): all attack/falsification stages disabled, see config.attack.overrides"", ""float32: general.double_fp=false; solver.use_float64_in_last_iteration=false; stable_f32 interpreter"", ""solver.batch_size=16; auto_enlarge_batch_size=false for concurrent GPU memory budget""]",,,46.0,4008.0,official_attack_off_f32,"[""abcrown"",""scratch/text_export/yelp_pinf/yelp_buffet/onnx/yelp_d3_L11.onnx"",""scratch/text_export/yelp_pinf/yelp_buffet/vnnlib/query_index_q0056_d3_L11_e2354_p1_eps0p005.v1.vnnlib"",30.0,""official_attack_off_f32""]",
yelp_pinf,57,yelp_d3_L14.onnx,query_index_q0057_d3_L14_e30013_p1_eps0p005.v1.vnnlib,unsat,1.0240681171417236,CERTIFIED,1,30.0,1.0240681171417236,4.672,3.569,8.357620945200324,0,0,,,not a FALSIFIED row,0,scratch/logs/fse2026/abcrown/yelp_pinf/00057_9b1ebbc4b128a49faa34_y5ktpemz.log,6b8bbcfac1c01da1cabd240a87e4dce1a65f5a2b,"{""attack"": {""attack_off"": true, ""hook_replacements"": {}, ""overrides"": {""attack"": {""enable_mip_attack"": false, ""input_split_check_adv"": {""enabled"": ""false""}, ""pgd_order"": ""skip""}, ""bab"": {""attack"": {""enabled"": false}, ""branching"": {""input_split"": {""update_rhs_with_attack"": false}}}}}, ""biccos_applicable"": true, ""biccos_effective"": false, ""derived_path"": ""scratch/rq1_2026_tmp/baselines/abcrown/yelp_pinf/00057_9b1ebbc4b128a49faa34_y5ktpemz/config.yaml"", ""deviations"": [""config mapping: derived (no official category; vit_2023 transformer config)"", ""attack-off (user decision D20): all attack/falsification stages disabled, see config.attack.overrides"", ""float32: general.double_fp=false; solver.use_float64_in_last_iteration=false; stable_f32 interpreter"", ""solver.batch_size=16; auto_enlarge_batch_size=false for concurrent GPU memory budget""], ""mapping"": ""derived (no official category; vit_2023 transformer config)"", ""notes"": [], ""official"": ""exp_configs/vnncomp23/vit.yaml"", ""official_biccos"": false, ""official_pgd_order"": ""skip"", ""variant"": ""official""}","[""config mapping: derived (no official category; vit_2023 transformer config)"", ""attack-off (user decision D20): all attack/falsification stages disabled, see config.attack.overrides"", ""float32: general.double_fp=false; solver.use_float64_in_last_iteration=false; stable_f32 interpreter"", ""solver.batch_size=16; auto_enlarge_batch_size=false for concurrent GPU memory budget""]",,,36.0,4708.0,official_attack_off_f32,"[""abcrown"",""scratch/text_export/yelp_pinf/yelp_buffet/onnx/yelp_d3_L14.onnx"",""scratch/text_export/yelp_pinf/yelp_buffet/vnnlib/query_index_q0057_d3_L14_e30013_p1_eps0p005.v1.vnnlib"",30.0,""official_attack_off_f32""]",
yelp_pinf,58,yelp_d3_L14.onnx,query_index_q0058_d3_L14_e23796_p1_eps0p005.v1.vnnlib,unsat,2.1522037982940674,CERTIFIED,1,30.0,2.1522037982940674,5.874,3.77,9.758767940104008,0,0,,,not a FALSIFIED row,0,scratch/logs/fse2026/abcrown/yelp_pinf/00058_7dce98d8420b17631f0c_nrrv4usv.log,6b8bbcfac1c01da1cabd240a87e4dce1a65f5a2b,"{""attack"": {""attack_off"": true, ""hook_replacements"": {}, ""overrides"": {""attack"": {""enable_mip_attack"": false, ""input_split_check_adv"": {""enabled"": ""false""}, ""pgd_order"": ""skip""}, ""bab"": {""attack"": {""enabled"": false}, ""branching"": {""input_split"": {""update_rhs_with_attack"": false}}}}}, ""biccos_applicable"": true, ""biccos_effective"": false, ""derived_path"": ""scratch/rq1_2026_tmp/baselines/abcrown/yelp_pinf/00058_7dce98d8420b17631f0c_nrrv4usv/config.yaml"", ""deviations"": [""config mapping: derived (no official category; vit_2023 transformer config)"", ""attack-off (user decision D20): all attack/falsification stages disabled, see config.attack.overrides"", ""float32: general.double_fp=false; solver.use_float64_in_last_iteration=false; stable_f32 interpreter"", ""solver.batch_size=16; auto_enlarge_batch_size=false for concurrent GPU memory budget""], ""mapping"": ""derived (no official category; vit_2023 transformer config)"", ""notes"": [], ""official"": ""exp_configs/vnncomp23/vit.yaml"", ""official_biccos"": false, ""official_pgd_order"": ""skip"", ""variant"": ""official""}","[""config mapping: derived (no official category; vit_2023 transformer config)"", ""attack-off (user decision D20): all attack/falsification stages disabled, see config.attack.overrides"", ""float32: general.double_fp=false; solver.use_float64_in_last_iteration=false; stable_f32 interpreter"", ""solver.batch_size=16; auto_enlarge_batch_size=false for concurrent GPU memory budget""]",,,71.0,6318.0,official_attack_off_f32,"[""abcrown"",""scratch/text_export/yelp_pinf/yelp_buffet/onnx/yelp_d3_L14.onnx"",""scratch/text_export/yelp_pinf/yelp_buffet/vnnlib/query_index_q0058_d3_L14_e23796_p1_eps0p005.v1.vnnlib"",30.0,""official_attack_off_f32""]",
yelp_pinf,59,yelp_d3_L14.onnx,query_index_q0059_d3_L14_e8751_p1_eps0p005.v1.vnnlib,unsat,2.709763526916504,CERTIFIED,1,30.0,2.709763526916504,6.474,4.071,10.662421749904752,0,0,,,not a FALSIFIED row,0,scratch/logs/fse2026/abcrown/yelp_pinf/00059_2b42ea011ff95f815028_i_g57who.log,6b8bbcfac1c01da1cabd240a87e4dce1a65f5a2b,"{""attack"": {""attack_off"": true, ""hook_replacements"": {}, ""overrides"": {""attack"": {""enable_mip_attack"": false, ""input_split_check_adv"": {""enabled"": ""false""}, ""pgd_order"": ""skip""}, ""bab"": {""attack"": {""enabled"": false}, ""branching"": {""input_split"": {""update_rhs_with_attack"": false}}}}}, ""biccos_applicable"": true, ""biccos_effective"": false, ""derived_path"": ""scratch/rq1_2026_tmp/baselines/abcrown/yelp_pinf/00059_2b42ea011ff95f815028_i_g57who/config.yaml"", ""deviations"": [""config mapping: derived (no official category; vit_2023 transformer config)"", ""attack-off (user decision D20): all attack/falsification stages disabled, see config.attack.overrides"", ""float32: general.double_fp=false; solver.use_float64_in_last_iteration=false; stable_f32 interpreter"", ""solver.batch_size=16; auto_enlarge_batch_size=false for concurrent GPU memory budget""], ""mapping"": ""derived (no official category; vit_2023 transformer config)"", ""notes"": [], ""official"": ""exp_configs/vnncomp23/vit.yaml"", ""official_biccos"": false, ""official_pgd_order"": ""skip"", ""variant"": ""official""}","[""config mapping: derived (no official category; vit_2023 transformer config)"", ""attack-off (user decision D20): all attack/falsification stages disabled, see config.attack.overrides"", ""float32: general.double_fp=false; solver.use_float64_in_last_iteration=false; stable_f32 interpreter"", ""solver.batch_size=16; auto_enlarge_batch_size=false for concurrent GPU memory budget""]",,,96.0,21578.0,official_attack_off_f32,"[""abcrown"",""scratch/text_export/yelp_pinf/yelp_buffet/onnx/yelp_d3_L14.onnx"",""scratch/text_export/yelp_pinf/yelp_buffet/vnnlib/query_index_q0059_d3_L14_e8751_p1_eps0p005.v1.vnnlib"",30.0,""official_attack_off_f32""]",
