row,onnx,vnnlib,ours_status,ours_solved,ours_time_s,vnncomp_result,vnncomp_credit,vnncomp_solved,vnncomp_time_s,outcome
0,onnx/ruarobot/perturbations_0.onnx,vnnlib/ruarobot/hyperrectangle_257.vnnlib,FALSIFIED,1,1.5299160480499268,sat,F,1,6.439544249,both_solved
1,onnx/medical/perturbations_0.onnx,vnnlib/medical/hyperrectangle_355.vnnlib,CERTIFIED,1,0.22967195510864258,unsat,V,1,5.766410167,both_solved
2,onnx/medical/perturbations_0.onnx,vnnlib/medical/hyperrectangle_557.vnnlib,CERTIFIED,1,0.186173677444458,unsat,V,1,5.757640758,both_solved
3,onnx/medical/perturbations_0.onnx,vnnlib/medical/hyperrectangle_265.vnnlib,CERTIFIED,1,1.6961171627044678,unsat,V,1,7.028921261,both_solved
4,onnx/ruarobot/perturbations_0.onnx,vnnlib/ruarobot/hyperrectangle_6763.vnnlib,FALSIFIED,1,1.6174626350402832,sat,F,1,6.2515961,both_solved
5,onnx/ruarobot/perturbations_0.onnx,vnnlib/ruarobot/hyperrectangle_118.vnnlib,FALSIFIED,1,1.8738956451416016,sat,F,1,6.266285656,both_solved
6,onnx/ruarobot/perturbations_0.onnx,vnnlib/ruarobot/hyperrectangle_3732.vnnlib,FALSIFIED,1,1.640580654144287,sat,F,1,6.092819081,both_solved
7,onnx/ruarobot/perturbations_0.onnx,vnnlib/ruarobot/hyperrectangle_4400.vnnlib,FALSIFIED,1,1.6959228515625,sat,F,1,6.288287359,both_solved
8,onnx/ruarobot/perturbations_0.onnx,vnnlib/ruarobot/hyperrectangle_3561.vnnlib,FALSIFIED,1,2.5862131118774414,sat,F,1,6.244459344,both_solved
9,onnx/ruarobot/perturbations_0.onnx,vnnlib/ruarobot/hyperrectangle_6550.vnnlib,FALSIFIED,1,1.3010566234588623,sat,F,1,6.272405699,both_solved
10,onnx/ruarobot/perturbations_0.onnx,vnnlib/ruarobot/hyperrectangle_2722.vnnlib,FALSIFIED,1,1.736037015914917,sat,F,1,6.260013112,both_solved
11,onnx/ruarobot/perturbations_0.onnx,vnnlib/ruarobot/hyperrectangle_7164.vnnlib,FALSIFIED,1,2.368727207183838,sat,F,1,6.28108303,both_solved
12,onnx/ruarobot/perturbations_0.onnx,vnnlib/ruarobot/hyperrectangle_1868.vnnlib,FALSIFIED,1,1.4637839794158936,sat,F,1,6.228700376,both_solved
13,onnx/ruarobot/perturbations_0.onnx,vnnlib/ruarobot/hyperrectangle_5619.vnnlib,FALSIFIED,1,1.2765750885009766,sat,F,1,6.072895713,both_solved
14,onnx/ruarobot/perturbations_0.onnx,vnnlib/ruarobot/hyperrectangle_3222.vnnlib,FALSIFIED,1,1.919731855392456,sat,F,1,6.249696146,both_solved
15,onnx/ruarobot/perturbations_0.onnx,vnnlib/ruarobot/hyperrectangle_7432.vnnlib,FALSIFIED,1,2.025908946990967,sat,F,1,6.181226387,both_solved
16,onnx/ruarobot/perturbations_0.onnx,vnnlib/ruarobot/hyperrectangle_4617.vnnlib,CERTIFIED,1,5.085904359817505,unsat,V,1,11.834229187,both_solved
17,onnx/ruarobot/perturbations_0.onnx,vnnlib/ruarobot/hyperrectangle_2491.vnnlib,FALSIFIED,1,1.404686689376831,sat,F,1,6.281271492,both_solved
18,onnx/medical/perturbations_0.onnx,vnnlib/medical/hyperrectangle_2678.vnnlib,CERTIFIED,1,0.18992948532104492,unsat,V,1,5.794782861,both_solved
19,onnx/medical/perturbations_0.onnx,vnnlib/medical/hyperrectangle_2532.vnnlib,FALSIFIED,1,1.0594024658203125,sat,F,1,6.029383629,both_solved
20,onnx/medical/perturbations_0.onnx,vnnlib/medical/hyperrectangle_2752.vnnlib,CERTIFIED,1,1.2600035667419434,unsat,V,1,6.616505604,both_solved
21,onnx/ruarobot/perturbations_0.onnx,vnnlib/ruarobot/hyperrectangle_6181.vnnlib,FALSIFIED,1,2.311978816986084,sat,F,1,6.279946413,both_solved
22,onnx/medical/perturbations_0.onnx,vnnlib/medical/hyperrectangle_2512.vnnlib,CERTIFIED,1,0.23421382904052734,unsat,V,1,5.776485966,both_solved
23,onnx/ruarobot/perturbations_0.onnx,vnnlib/ruarobot/hyperrectangle_703.vnnlib,FALSIFIED,1,1.4303276538848877,sat,F,1,6.286465899,both_solved
24,onnx/ruarobot/perturbations_0.onnx,vnnlib/ruarobot/hyperrectangle_1877.vnnlib,FALSIFIED,1,1.5861265659332275,sat,F,1,6.186678274,both_solved
25,onnx/ruarobot/perturbations_0.onnx,vnnlib/ruarobot/hyperrectangle_440.vnnlib,FALSIFIED,1,1.4860944747924805,sat,F,1,6.270869875,both_solved
26,onnx/ruarobot/perturbations_0.onnx,vnnlib/ruarobot/hyperrectangle_4938.vnnlib,FALSIFIED,1,1.7893750667572021,sat,F,1,6.009986868,both_solved
27,onnx/medical/perturbations_0.onnx,vnnlib/medical/hyperrectangle_2147.vnnlib,CERTIFIED,1,0.7321145534515381,unsat,V,1,6.684412289,both_solved
28,onnx/ruarobot/perturbations_0.onnx,vnnlib/ruarobot/hyperrectangle_2999.vnnlib,CERTIFIED,1,0.6521584987640381,unsat,V,1,6.551184528,both_solved
29,onnx/ruarobot/perturbations_0.onnx,vnnlib/ruarobot/hyperrectangle_2982.vnnlib,FALSIFIED,1,0.7921171188354492,sat,F,1,5.98007282,both_solved
30,onnx/ruarobot/perturbations_0.onnx,vnnlib/ruarobot/hyperrectangle_4779.vnnlib,CERTIFIED,1,1.5444386005401611,unsat,V,1,6.659446938,both_solved
31,onnx/ruarobot/perturbations_0.onnx,vnnlib/ruarobot/hyperrectangle_3826.vnnlib,CERTIFIED,1,1.0368835926055908,unsat,V,1,6.707521136,both_solved
32,onnx/ruarobot/perturbations_0.onnx,vnnlib/ruarobot/hyperrectangle_6603.vnnlib,FALSIFIED,1,2.478031635284424,sat,F,1,6.285212716,both_solved
33,onnx/ruarobot/perturbations_0.onnx,vnnlib/ruarobot/hyperrectangle_6463.vnnlib,FALSIFIED,1,2.1348023414611816,sat,F,1,6.206819687,both_solved
34,onnx/ruarobot/perturbations_0.onnx,vnnlib/ruarobot/hyperrectangle_7577.vnnlib,FALSIFIED,1,2.573683023452759,sat,F,1,6.290954132,both_solved
35,onnx/ruarobot/perturbations_0.onnx,vnnlib/ruarobot/hyperrectangle_6251.vnnlib,FALSIFIED,1,0.5854723453521729,sat,F,1,6.21417222,both_solved
36,onnx/ruarobot/perturbations_0.onnx,vnnlib/ruarobot/hyperrectangle_3787.vnnlib,CERTIFIED,1,0.6796035766601562,unsat,V,1,6.55925687,both_solved
37,onnx/ruarobot/perturbations_0.onnx,vnnlib/ruarobot/hyperrectangle_3400.vnnlib,CERTIFIED,1,1.4708976745605469,unsat,V,1,7.033612741,both_solved
38,onnx/ruarobot/perturbations_0.onnx,vnnlib/ruarobot/hyperrectangle_6580.vnnlib,FALSIFIED,1,1.5381708145141602,sat,F,1,6.278794083,both_solved
39,onnx/ruarobot/perturbations_0.onnx,vnnlib/ruarobot/hyperrectangle_3758.vnnlib,CERTIFIED,1,0.22540688514709473,unsat,V,1,5.782781928,both_solved
40,onnx/ruarobot/perturbations_0.onnx,vnnlib/ruarobot/hyperrectangle_1023.vnnlib,FALSIFIED,1,1.330453872680664,sat,F,1,6.232938776,both_solved
41,onnx/ruarobot/perturbations_0.onnx,vnnlib/ruarobot/hyperrectangle_7477.vnnlib,FALSIFIED,1,2.1919116973876953,sat,F,1,6.271112076,both_solved
42,onnx/medical/perturbations_0.onnx,vnnlib/medical/hyperrectangle_963.vnnlib,FALSIFIED,1,2.3115763664245605,sat,F,1,6.29773595,both_solved
43,onnx/medical/perturbations_0.onnx,vnnlib/medical/hyperrectangle_2504.vnnlib,CERTIFIED,1,0.8874964714050293,unsat,V,1,6.501046535,both_solved
44,onnx/ruarobot/perturbations_0.onnx,vnnlib/ruarobot/hyperrectangle_7843.vnnlib,FALSIFIED,1,0.62886643409729,sat,F,1,6.232333467,both_solved
45,onnx/ruarobot/perturbations_0.onnx,vnnlib/ruarobot/hyperrectangle_7245.vnnlib,FALSIFIED,1,2.504779815673828,sat,F,1,6.279098007,both_solved
46,onnx/ruarobot/perturbations_0.onnx,vnnlib/ruarobot/hyperrectangle_3030.vnnlib,CERTIFIED,1,0.6130800247192383,unsat,V,1,6.626647003,both_solved
47,onnx/ruarobot/perturbations_0.onnx,vnnlib/ruarobot/hyperrectangle_1523.vnnlib,FALSIFIED,1,0.861722469329834,sat,F,1,6.281414973,both_solved
48,onnx/ruarobot/perturbations_0.onnx,vnnlib/ruarobot/hyperrectangle_4339.vnnlib,FALSIFIED,1,1.1351478099822998,sat,F,1,6.280465837,both_solved
49,onnx/ruarobot/perturbations_0.onnx,vnnlib/ruarobot/hyperrectangle_3282.vnnlib,FALSIFIED,1,1.110055685043335,sat,F,1,6.16448162,both_solved
50,onnx/ruarobot/perturbations_0.onnx,vnnlib/ruarobot/hyperrectangle_1265.vnnlib,FALSIFIED,1,1.0338516235351562,sat,F,1,6.097320314,both_solved
51,onnx/ruarobot/perturbations_0.onnx,vnnlib/ruarobot/hyperrectangle_2268.vnnlib,FALSIFIED,1,1.721827507019043,sat,F,1,6.186686216,both_solved
52,onnx/ruarobot/perturbations_0.onnx,vnnlib/ruarobot/hyperrectangle_4128.vnnlib,FALSIFIED,1,1.3051998615264893,sat,F,1,6.134089834,both_solved
53,onnx/ruarobot/perturbations_0.onnx,vnnlib/ruarobot/hyperrectangle_6563.vnnlib,FALSIFIED,1,1.01332426071167,sat,F,1,6.133967335,both_solved
54,onnx/ruarobot/perturbations_0.onnx,vnnlib/ruarobot/hyperrectangle_3805.vnnlib,FALSIFIED,1,0.7041723728179932,sat,F,1,6.297269076,both_solved
55,onnx/ruarobot/perturbations_0.onnx,vnnlib/ruarobot/hyperrectangle_5356.vnnlib,FALSIFIED,1,1.9346957206726074,sat,F,1,6.289082235,both_solved
56,onnx/ruarobot/perturbations_0.onnx,vnnlib/ruarobot/hyperrectangle_280.vnnlib,CERTIFIED,1,1.0055251121520996,unsat,V,1,7.106519394,both_solved
57,onnx/ruarobot/perturbations_0.onnx,vnnlib/ruarobot/hyperrectangle_4010.vnnlib,FALSIFIED,1,1.4590229988098145,sat,F,1,6.270193114,both_solved
58,onnx/ruarobot/perturbations_0.onnx,vnnlib/ruarobot/hyperrectangle_5677.vnnlib,FALSIFIED,1,1.442072868347168,sat,F,1,6.219302092,both_solved
59,onnx/ruarobot/perturbations_0.onnx,vnnlib/ruarobot/hyperrectangle_7032.vnnlib,FALSIFIED,1,1.764725923538208,sat,F,1,6.221901408,both_solved
60,onnx/ruarobot/perturbations_0.onnx,vnnlib/ruarobot/hyperrectangle_2900.vnnlib,CERTIFIED,1,0.8024840354919434,unsat,V,1,6.687180234,both_solved
61,onnx/ruarobot/perturbations_0.onnx,vnnlib/ruarobot/hyperrectangle_6784.vnnlib,FALSIFIED,1,2.361355781555176,sat,F,1,6.272863573,both_solved
62,onnx/ruarobot/perturbations_0.onnx,vnnlib/ruarobot/hyperrectangle_5236.vnnlib,FALSIFIED,1,1.6939127445220947,sat,F,1,6.122669012,both_solved
63,onnx/medical/perturbations_0.onnx,vnnlib/medical/hyperrectangle_585.vnnlib,CERTIFIED,1,0.16444158554077148,unsat,V,1,5.779351201,both_solved
64,onnx/ruarobot/perturbations_0.onnx,vnnlib/ruarobot/hyperrectangle_3507.vnnlib,FALSIFIED,1,0.5683190822601318,sat,F,1,6.276476916,both_solved
65,onnx/medical/perturbations_0.onnx,vnnlib/medical/hyperrectangle_134.vnnlib,CERTIFIED,1,0.15972661972045898,unsat,V,1,5.792026206,both_solved
66,onnx/ruarobot/perturbations_0.onnx,vnnlib/ruarobot/hyperrectangle_1079.vnnlib,FALSIFIED,1,0.97928786277771,sat,F,1,6.081459805,both_solved
67,onnx/ruarobot/perturbations_0.onnx,vnnlib/ruarobot/hyperrectangle_7490.vnnlib,CERTIFIED,1,0.18012499809265137,unsat,V,1,5.798500133,both_solved
68,onnx/medical/perturbations_0.onnx,vnnlib/medical/hyperrectangle_576.vnnlib,CERTIFIED,1,0.22843384742736816,unsat,V,1,5.794939987,both_solved
69,onnx/ruarobot/perturbations_0.onnx,vnnlib/ruarobot/hyperrectangle_4032.vnnlib,FALSIFIED,1,1.7260162830352783,sat,F,1,6.293554251,both_solved
70,onnx/medical/perturbations_0.onnx,vnnlib/medical/hyperrectangle_1698.vnnlib,CERTIFIED,1,0.21775150299072266,unsat,V,1,5.793106363,both_solved
71,onnx/ruarobot/perturbations_0.onnx,vnnlib/ruarobot/hyperrectangle_2334.vnnlib,FALSIFIED,1,1.5746276378631592,sat,F,1,6.173097022,both_solved
72,onnx/medical/perturbations_0.onnx,vnnlib/medical/hyperrectangle_379.vnnlib,CERTIFIED,1,1.719736099243164,unsat,V,1,6.791728822,both_solved
73,onnx/ruarobot/perturbations_0.onnx,vnnlib/ruarobot/hyperrectangle_1157.vnnlib,CERTIFIED,1,1.5578429698944092,unsat,V,1,6.848563112,both_solved
74,onnx/ruarobot/perturbations_0.onnx,vnnlib/ruarobot/hyperrectangle_5542.vnnlib,FALSIFIED,1,0.6488151550292969,sat,F,1,6.302882843,both_solved
75,onnx/ruarobot/perturbations_0.onnx,vnnlib/ruarobot/hyperrectangle_3183.vnnlib,CERTIFIED,1,0.7986879348754883,unsat,V,1,6.630392752,both_solved
76,onnx/ruarobot/perturbations_0.onnx,vnnlib/ruarobot/hyperrectangle_6755.vnnlib,FALSIFIED,1,1.535745620727539,sat,F,1,6.137008352,both_solved
77,onnx/medical/perturbations_0.onnx,vnnlib/medical/hyperrectangle_1237.vnnlib,CERTIFIED,1,0.21785545349121094,unsat,V,1,5.778261683,both_solved
78,onnx/ruarobot/perturbations_0.onnx,vnnlib/ruarobot/hyperrectangle_5995.vnnlib,CERTIFIED,1,1.2131917476654053,unsat,V,1,6.538443509,both_solved
79,onnx/medical/perturbations_0.onnx,vnnlib/medical/hyperrectangle_2303.vnnlib,CERTIFIED,1,2.911267042160034,unsat,V,1,7.513750063,both_solved
80,onnx/ruarobot/perturbations_0.onnx,vnnlib/ruarobot/hyperrectangle_1551.vnnlib,FALSIFIED,1,2.6955597400665283,sat,F,1,6.267976143,both_solved
81,onnx/ruarobot/perturbations_0.onnx,vnnlib/ruarobot/hyperrectangle_332.vnnlib,FALSIFIED,1,2.3989901542663574,sat,F,1,6.261231494,both_solved
82,onnx/ruarobot/perturbations_0.onnx,vnnlib/ruarobot/hyperrectangle_6877.vnnlib,FALSIFIED,1,1.826775312423706,sat,F,1,6.137377801,both_solved
83,onnx/ruarobot/perturbations_0.onnx,vnnlib/ruarobot/hyperrectangle_6748.vnnlib,FALSIFIED,1,0.3764383792877197,sat,F,1,5.99681149,both_solved
84,onnx/ruarobot/perturbations_0.onnx,vnnlib/ruarobot/hyperrectangle_5682.vnnlib,FALSIFIED,1,0.6177597045898438,sat,F,1,6.16743769,both_solved
85,onnx/ruarobot/perturbations_0.onnx,vnnlib/ruarobot/hyperrectangle_5841.vnnlib,CERTIFIED,1,0.8294022083282471,unsat,V,1,6.608601249,both_solved
86,onnx/medical/perturbations_0.onnx,vnnlib/medical/hyperrectangle_444.vnnlib,CERTIFIED,1,1.7824110984802246,unsat,V,1,6.864279062,both_solved
87,onnx/medical/perturbations_0.onnx,vnnlib/medical/hyperrectangle_94.vnnlib,CERTIFIED,1,1.3794598579406738,unsat,V,1,6.706959373,both_solved
88,onnx/medical/perturbations_0.onnx,vnnlib/medical/hyperrectangle_394.vnnlib,CERTIFIED,1,0.16512250900268555,unsat,V,1,5.790944919,both_solved
89,onnx/ruarobot/perturbations_0.onnx,vnnlib/ruarobot/hyperrectangle_2370.vnnlib,FALSIFIED,1,2.361515522003174,sat,F,1,6.237380102,both_solved
90,onnx/medical/perturbations_0.onnx,vnnlib/medical/hyperrectangle_478.vnnlib,CERTIFIED,1,2.700709104537964,unsat,V,1,6.860133963,both_solved
91,onnx/medical/perturbations_0.onnx,vnnlib/medical/hyperrectangle_854.vnnlib,CERTIFIED,1,0.2382197380065918,unsat,V,1,5.780948779,both_solved
92,onnx/medical/perturbations_0.onnx,vnnlib/medical/hyperrectangle_1739.vnnlib,CERTIFIED,1,3.8774688243865967,unsat,V,1,7.507128961,both_solved
93,onnx/ruarobot/perturbations_0.onnx,vnnlib/ruarobot/hyperrectangle_3251.vnnlib,CERTIFIED,1,1.7296581268310547,unsat,V,1,6.934728782,both_solved
94,onnx/ruarobot/perturbations_0.onnx,vnnlib/ruarobot/hyperrectangle_2467.vnnlib,FALSIFIED,1,2.549809694290161,sat,F,1,6.079045742,both_solved
95,onnx/medical/perturbations_0.onnx,vnnlib/medical/hyperrectangle_2027.vnnlib,CERTIFIED,1,1.487687349319458,unsat,V,1,6.717541855,both_solved
96,onnx/ruarobot/perturbations_0.onnx,vnnlib/ruarobot/hyperrectangle_5270.vnnlib,FALSIFIED,1,2.1119630336761475,sat,F,1,6.277836109,both_solved
97,onnx/medical/perturbations_0.onnx,vnnlib/medical/hyperrectangle_1246.vnnlib,FALSIFIED,1,2.194291591644287,sat,F,1,6.195244637,both_solved
98,onnx/ruarobot/perturbations_0.onnx,vnnlib/ruarobot/hyperrectangle_5278.vnnlib,FALSIFIED,1,1.3061866760253906,sat,F,1,5.952308738,both_solved
99,onnx/ruarobot/perturbations_0.onnx,vnnlib/ruarobot/hyperrectangle_6509.vnnlib,FALSIFIED,1,2.8830678462982178,sat,F,1,6.235262133,both_solved
100,onnx/ruarobot/perturbations_0.onnx,vnnlib/ruarobot/hyperrectangle_2602.vnnlib,FALSIFIED,1,2.8176565170288086,sat,F,1,6.278343835,both_solved
101,onnx/ruarobot/perturbations_0.onnx,vnnlib/ruarobot/hyperrectangle_5745.vnnlib,FALSIFIED,1,2.6443028450012207,sat,F,1,6.24864245,both_solved
102,onnx/ruarobot/perturbations_0.onnx,vnnlib/ruarobot/hyperrectangle_1220.vnnlib,FALSIFIED,1,0.6866621971130371,sat,F,1,6.008467929,both_solved
103,onnx/ruarobot/perturbations_0.onnx,vnnlib/ruarobot/hyperrectangle_1174.vnnlib,FALSIFIED,1,2.3837623596191406,sat,F,1,6.271344019,both_solved
104,onnx/medical/perturbations_0.onnx,vnnlib/medical/hyperrectangle_2205.vnnlib,FALSIFIED,1,1.517024278640747,sat,F,1,6.018185003,both_solved
105,onnx/ruarobot/perturbations_0.onnx,vnnlib/ruarobot/hyperrectangle_2561.vnnlib,FALSIFIED,1,1.6285417079925537,sat,F,1,6.036147489,both_solved
106,onnx/ruarobot/perturbations_0.onnx,vnnlib/ruarobot/hyperrectangle_773.vnnlib,FALSIFIED,1,2.667903184890747,sat,F,1,6.2863546,both_solved
107,onnx/ruarobot/perturbations_0.onnx,vnnlib/ruarobot/hyperrectangle_3574.vnnlib,FALSIFIED,1,2.902540683746338,sat,F,1,6.298301463,both_solved
108,onnx/medical/perturbations_0.onnx,vnnlib/medical/hyperrectangle_57.vnnlib,CERTIFIED,1,1.885591745376587,unsat,V,1,6.847110639,both_solved
109,onnx/ruarobot/perturbations_0.onnx,vnnlib/ruarobot/hyperrectangle_4840.vnnlib,FALSIFIED,1,3.204159736633301,sat,F,1,6.29725574,both_solved
110,onnx/medical/perturbations_0.onnx,vnnlib/medical/hyperrectangle_2005.vnnlib,CERTIFIED,1,0.18553709983825684,unsat,V,1,5.789257396,both_solved
111,onnx/ruarobot/perturbations_0.onnx,vnnlib/ruarobot/hyperrectangle_468.vnnlib,FALSIFIED,1,3.573671579360962,sat,F,1,6.280474748,both_solved
112,onnx/medical/perturbations_0.onnx,vnnlib/medical/hyperrectangle_400.vnnlib,CERTIFIED,1,0.20344758033752441,unsat,V,1,5.791713399,both_solved
113,onnx/medical/perturbations_0.onnx,vnnlib/medical/hyperrectangle_1243.vnnlib,CERTIFIED,1,0.1700906753540039,unsat,V,1,5.780979568,both_solved
114,onnx/ruarobot/perturbations_0.onnx,vnnlib/ruarobot/hyperrectangle_7335.vnnlib,FALSIFIED,1,2.1967685222625732,sat,F,1,6.288114606,both_solved
115,onnx/medical/perturbations_0.onnx,vnnlib/medical/hyperrectangle_373.vnnlib,CERTIFIED,1,1.6214957237243652,unsat,V,1,6.687012615,both_solved
116,onnx/medical/perturbations_0.onnx,vnnlib/medical/hyperrectangle_1988.vnnlib,CERTIFIED,1,6.859201192855835,unsat,V,1,11.938392132,both_solved
117,onnx/ruarobot/perturbations_0.onnx,vnnlib/ruarobot/hyperrectangle_6099.vnnlib,FALSIFIED,1,2.710031032562256,sat,F,1,6.289017921,both_solved
118,onnx/ruarobot/perturbations_0.onnx,vnnlib/ruarobot/hyperrectangle_3359.vnnlib,FALSIFIED,1,4.858294725418091,sat,F,1,6.133856245,both_solved
119,onnx/medical/perturbations_0.onnx,vnnlib/medical/hyperrectangle_2397.vnnlib,CERTIFIED,1,0.2188553810119629,unsat,V,1,5.77570419,both_solved
120,onnx/ruarobot/perturbations_0.onnx,vnnlib/ruarobot/hyperrectangle_4743.vnnlib,CERTIFIED,1,0.49123096466064453,unsat,V,1,6.572508368,both_solved
121,onnx/ruarobot/perturbations_0.onnx,vnnlib/ruarobot/hyperrectangle_2213.vnnlib,FALSIFIED,1,1.4957211017608643,sat,F,1,6.29395047,both_solved
122,onnx/medical/perturbations_0.onnx,vnnlib/medical/hyperrectangle_1865.vnnlib,CERTIFIED,1,0.2380843162536621,unsat,V,1,5.785137109,both_solved
123,onnx/medical/perturbations_0.onnx,vnnlib/medical/hyperrectangle_1250.vnnlib,CERTIFIED,1,0.8373947143554688,unsat,V,1,6.491915426,both_solved
124,onnx/medical/perturbations_0.onnx,vnnlib/medical/hyperrectangle_462.vnnlib,CERTIFIED,1,0.21932578086853027,unsat,V,1,5.791881567,both_solved
125,onnx/ruarobot/perturbations_0.onnx,vnnlib/ruarobot/hyperrectangle_1670.vnnlib,FALSIFIED,1,2.1108524799346924,sat,F,1,6.246722893,both_solved
126,onnx/medical/perturbations_0.onnx,vnnlib/medical/hyperrectangle_78.vnnlib,CERTIFIED,1,0.21515941619873047,unsat,V,1,5.785246769,both_solved
127,onnx/ruarobot/perturbations_0.onnx,vnnlib/ruarobot/hyperrectangle_4985.vnnlib,FALSIFIED,1,2.3330893516540527,sat,F,1,6.27795073,both_solved
128,onnx/ruarobot/perturbations_0.onnx,vnnlib/ruarobot/hyperrectangle_5258.vnnlib,CERTIFIED,1,0.61031174659729,unsat,V,1,6.692820082,both_solved
129,onnx/ruarobot/perturbations_0.onnx,vnnlib/ruarobot/hyperrectangle_2500.vnnlib,FALSIFIED,1,0.7680389881134033,sat,F,1,5.949319175,both_solved
130,onnx/ruarobot/perturbations_0.onnx,vnnlib/ruarobot/hyperrectangle_6887.vnnlib,FALSIFIED,1,1.3023433685302734,sat,F,1,6.257815453,both_solved
131,onnx/ruarobot/perturbations_0.onnx,vnnlib/ruarobot/hyperrectangle_1337.vnnlib,FALSIFIED,1,0.8794054985046387,sat,F,1,5.967323243,both_solved
132,onnx/ruarobot/perturbations_0.onnx,vnnlib/ruarobot/hyperrectangle_7652.vnnlib,FALSIFIED,1,2.1433746814727783,sat,F,1,6.298844288,both_solved
133,onnx/ruarobot/perturbations_0.onnx,vnnlib/ruarobot/hyperrectangle_4742.vnnlib,CERTIFIED,1,1.1784274578094482,unsat,V,1,6.570198702,both_solved
134,onnx/ruarobot/perturbations_0.onnx,vnnlib/ruarobot/hyperrectangle_204.vnnlib,FALSIFIED,1,1.5365185737609863,sat,F,1,6.290692199,both_solved
135,onnx/ruarobot/perturbations_0.onnx,vnnlib/ruarobot/hyperrectangle_1101.vnnlib,FALSIFIED,1,2.3579516410827637,sat,F,1,6.22962704,both_solved
136,onnx/ruarobot/perturbations_0.onnx,vnnlib/ruarobot/hyperrectangle_3672.vnnlib,FALSIFIED,1,1.9951918125152588,sat,F,1,6.077061564,both_solved
137,onnx/ruarobot/perturbations_0.onnx,vnnlib/ruarobot/hyperrectangle_1594.vnnlib,FALSIFIED,1,1.5565099716186523,sat,F,1,6.165757062,both_solved
138,onnx/ruarobot/perturbations_0.onnx,vnnlib/ruarobot/hyperrectangle_2234.vnnlib,FALSIFIED,1,1.239121437072754,sat,F,1,6.080853244,both_solved
139,onnx/ruarobot/perturbations_0.onnx,vnnlib/ruarobot/hyperrectangle_3303.vnnlib,FALSIFIED,1,1.1488678455352783,sat,F,1,6.262024596,both_solved
140,onnx/medical/perturbations_0.onnx,vnnlib/medical/hyperrectangle_2496.vnnlib,FALSIFIED,1,1.4577279090881348,sat,F,1,6.293138431,both_solved
141,onnx/ruarobot/perturbations_0.onnx,vnnlib/ruarobot/hyperrectangle_7902.vnnlib,FALSIFIED,1,1.4044075012207031,sat,F,1,6.143337653,both_solved
142,onnx/medical/perturbations_0.onnx,vnnlib/medical/hyperrectangle_790.vnnlib,CERTIFIED,1,1.2165396213531494,unsat,V,1,6.57122124,both_solved
143,onnx/ruarobot/perturbations_0.onnx,vnnlib/ruarobot/hyperrectangle_6109.vnnlib,FALSIFIED,1,1.9435718059539795,sat,F,1,6.285145117,both_solved
144,onnx/ruarobot/perturbations_0.onnx,vnnlib/ruarobot/hyperrectangle_7247.vnnlib,FALSIFIED,1,1.640366792678833,sat,F,1,6.285086816,both_solved
145,onnx/ruarobot/perturbations_0.onnx,vnnlib/ruarobot/hyperrectangle_5249.vnnlib,CERTIFIED,1,2.5876121520996094,unsat,V,1,7.041871484,both_solved
146,onnx/ruarobot/perturbations_0.onnx,vnnlib/ruarobot/hyperrectangle_7645.vnnlib,FALSIFIED,1,1.4775135517120361,sat,F,1,6.247675739,both_solved
147,onnx/ruarobot/perturbations_0.onnx,vnnlib/ruarobot/hyperrectangle_1006.vnnlib,FALSIFIED,1,0.9178547859191895,sat,F,1,6.062525133,both_solved
148,onnx/ruarobot/perturbations_0.onnx,vnnlib/ruarobot/hyperrectangle_685.vnnlib,FALSIFIED,1,1.0235810279846191,sat,F,1,6.280430739,both_solved
149,onnx/ruarobot/perturbations_0.onnx,vnnlib/ruarobot/hyperrectangle_7020.vnnlib,FALSIFIED,1,1.5271756649017334,sat,F,1,6.227629572,both_solved
150,onnx/medical/perturbations_0.onnx,vnnlib/medical/hyperrectangle_1013.vnnlib,CERTIFIED,1,1.5831615924835205,unsat,V,1,6.802708932,both_solved
151,onnx/ruarobot/perturbations_0.onnx,vnnlib/ruarobot/hyperrectangle_2472.vnnlib,FALSIFIED,1,1.630805492401123,sat,F,1,6.247322694,both_solved
152,onnx/ruarobot/perturbations_0.onnx,vnnlib/ruarobot/hyperrectangle_3710.vnnlib,CERTIFIED,1,1.857496976852417,unsat,V,1,6.755873987,both_solved
153,onnx/ruarobot/perturbations_0.onnx,vnnlib/ruarobot/hyperrectangle_1634.vnnlib,FALSIFIED,1,2.371551036834717,sat,F,1,6.284524277,both_solved
154,onnx/medical/perturbations_0.onnx,vnnlib/medical/hyperrectangle_351.vnnlib,FALSIFIED,1,1.3333053588867188,sat,F,1,6.262292688,both_solved
155,onnx/medical/perturbations_0.onnx,vnnlib/medical/hyperrectangle_2467.vnnlib,CERTIFIED,1,0.2156219482421875,unsat,V,1,5.776095428,both_solved
156,onnx/ruarobot/perturbations_0.onnx,vnnlib/ruarobot/hyperrectangle_744.vnnlib,FALSIFIED,1,0.660682201385498,sat,F,1,6.311592117,both_solved
157,onnx/medical/perturbations_0.onnx,vnnlib/medical/hyperrectangle_2530.vnnlib,CERTIFIED,1,0.14874696731567383,unsat,V,1,5.777140153,both_solved
158,onnx/medical/perturbations_0.onnx,vnnlib/medical/hyperrectangle_2386.vnnlib,CERTIFIED,1,1.683276653289795,unsat,V,1,6.830740754,both_solved
159,onnx/ruarobot/perturbations_0.onnx,vnnlib/ruarobot/hyperrectangle_4634.vnnlib,FALSIFIED,1,1.904378890991211,sat,F,1,6.224898576,both_solved
160,onnx/ruarobot/perturbations_0.onnx,vnnlib/ruarobot/hyperrectangle_1113.vnnlib,CERTIFIED,1,1.3605082035064697,unsat,V,1,6.669058723,both_solved
161,onnx/ruarobot/perturbations_0.onnx,vnnlib/ruarobot/hyperrectangle_5247.vnnlib,FALSIFIED,1,1.2104666233062744,sat,F,1,6.029998153,both_solved
162,onnx/ruarobot/perturbations_0.onnx,vnnlib/ruarobot/hyperrectangle_3269.vnnlib,CERTIFIED,1,0.23488664627075195,unsat,V,1,5.783092921,both_solved
163,onnx/medical/perturbations_0.onnx,vnnlib/medical/hyperrectangle_2670.vnnlib,FALSIFIED,1,1.6107242107391357,sat,F,1,6.113283071,both_solved
164,onnx/medical/perturbations_0.onnx,vnnlib/medical/hyperrectangle_2535.vnnlib,FALSIFIED,1,2.059858560562134,sat,F,1,6.132565218,both_solved
165,onnx/ruarobot/perturbations_0.onnx,vnnlib/ruarobot/hyperrectangle_6610.vnnlib,FALSIFIED,1,0.4869377613067627,sat,F,1,6.307215088,both_solved
166,onnx/ruarobot/perturbations_0.onnx,vnnlib/ruarobot/hyperrectangle_993.vnnlib,CERTIFIED,1,18.086883783340454,unsat,V,1,13.876369212,both_solved
167,onnx/ruarobot/perturbations_0.onnx,vnnlib/ruarobot/hyperrectangle_1297.vnnlib,CERTIFIED,1,1.1386585235595703,unsat,V,1,6.904628632,both_solved
168,onnx/medical/perturbations_0.onnx,vnnlib/medical/hyperrectangle_525.vnnlib,CERTIFIED,1,0.37859153747558594,unsat,V,1,5.832385973,both_solved
169,onnx/medical/perturbations_0.onnx,vnnlib/medical/hyperrectangle_584.vnnlib,CERTIFIED,1,1.1995279788970947,unsat,V,1,6.551084734,both_solved
170,onnx/ruarobot/perturbations_0.onnx,vnnlib/ruarobot/hyperrectangle_5040.vnnlib,FALSIFIED,1,2.2226827144622803,sat,F,1,6.216410956,both_solved
171,onnx/ruarobot/perturbations_0.onnx,vnnlib/ruarobot/hyperrectangle_3943.vnnlib,CERTIFIED,1,1.964158535003662,unsat,V,1,6.774023787,both_solved
172,onnx/ruarobot/perturbations_0.onnx,vnnlib/ruarobot/hyperrectangle_7243.vnnlib,FALSIFIED,1,2.4660282135009766,sat,F,1,6.315162838,both_solved
173,onnx/ruarobot/perturbations_0.onnx,vnnlib/ruarobot/hyperrectangle_2873.vnnlib,FALSIFIED,1,0.48560523986816406,sat,F,1,6.222945759,both_solved
174,onnx/medical/perturbations_0.onnx,vnnlib/medical/hyperrectangle_2163.vnnlib,CERTIFIED,1,0.155106782913208,unsat,V,1,5.779342719,both_solved
175,onnx/ruarobot/perturbations_0.onnx,vnnlib/ruarobot/hyperrectangle_7137.vnnlib,FALSIFIED,1,1.2391142845153809,sat,F,1,6.287004376,both_solved
176,onnx/ruarobot/perturbations_0.onnx,vnnlib/ruarobot/hyperrectangle_449.vnnlib,FALSIFIED,1,2.0734496116638184,sat,F,1,6.236778694,both_solved
177,onnx/ruarobot/perturbations_0.onnx,vnnlib/ruarobot/hyperrectangle_4065.vnnlib,FALSIFIED,1,2.155669689178467,sat,F,1,6.268445502,both_solved
178,onnx/ruarobot/perturbations_0.onnx,vnnlib/ruarobot/hyperrectangle_3144.vnnlib,FALSIFIED,1,0.9847581386566162,sat,F,1,6.160496359,both_solved
179,onnx/medical/perturbations_0.onnx,vnnlib/medical/hyperrectangle_2053.vnnlib,CERTIFIED,1,1.0455942153930664,unsat,V,1,6.540239716,both_solved
180,onnx/medical/perturbations_0.onnx,vnnlib/medical/hyperrectangle_2731.vnnlib,CERTIFIED,1,0.8457014560699463,unsat,V,1,6.58883797,both_solved
181,onnx/medical/perturbations_0.onnx,vnnlib/medical/hyperrectangle_1222.vnnlib,FALSIFIED,1,0.5709409713745117,sat,F,1,5.995183642,both_solved
182,onnx/ruarobot/perturbations_0.onnx,vnnlib/ruarobot/hyperrectangle_225.vnnlib,FALSIFIED,1,0.37642717361450195,sat,F,1,5.985312661,both_solved
183,onnx/medical/perturbations_0.onnx,vnnlib/medical/hyperrectangle_132.vnnlib,FALSIFIED,1,1.4370229244232178,sat,F,1,6.266040006,both_solved
184,onnx/ruarobot/perturbations_0.onnx,vnnlib/ruarobot/hyperrectangle_7623.vnnlib,FALSIFIED,1,0.7480380535125732,sat,F,1,6.096090766,both_solved
185,onnx/medical/perturbations_0.onnx,vnnlib/medical/hyperrectangle_1098.vnnlib,CERTIFIED,1,0.16347241401672363,unsat,V,1,5.804939344,both_solved
186,onnx/ruarobot/perturbations_0.onnx,vnnlib/ruarobot/hyperrectangle_6223.vnnlib,FALSIFIED,1,1.891965389251709,sat,F,1,6.27321605,both_solved
187,onnx/ruarobot/perturbations_0.onnx,vnnlib/ruarobot/hyperrectangle_661.vnnlib,FALSIFIED,1,1.0233769416809082,sat,F,1,5.989459983,both_solved
188,onnx/medical/perturbations_0.onnx,vnnlib/medical/hyperrectangle_1934.vnnlib,CERTIFIED,1,0.23999667167663574,unsat,V,1,5.788955169,both_solved
189,onnx/ruarobot/perturbations_0.onnx,vnnlib/ruarobot/hyperrectangle_4833.vnnlib,FALSIFIED,1,1.9224269390106201,sat,F,1,6.143915591,both_solved
190,onnx/ruarobot/perturbations_0.onnx,vnnlib/ruarobot/hyperrectangle_926.vnnlib,FALSIFIED,1,2.4361181259155273,sat,F,1,6.318071765,both_solved
191,onnx/ruarobot/perturbations_0.onnx,vnnlib/ruarobot/hyperrectangle_5472.vnnlib,CERTIFIED,1,1.3107109069824219,unsat,V,1,7.243914317,both_solved
192,onnx/ruarobot/perturbations_0.onnx,vnnlib/ruarobot/hyperrectangle_5044.vnnlib,FALSIFIED,1,1.9779818058013916,sat,F,1,6.294300928,both_solved
193,onnx/ruarobot/perturbations_0.onnx,vnnlib/ruarobot/hyperrectangle_428.vnnlib,FALSIFIED,1,2.8955700397491455,sat,F,1,6.319224531,both_solved
194,onnx/ruarobot/perturbations_0.onnx,vnnlib/ruarobot/hyperrectangle_5911.vnnlib,CERTIFIED,1,0.24686527252197266,unsat,V,1,5.784340783,both_solved
195,onnx/ruarobot/perturbations_0.onnx,vnnlib/ruarobot/hyperrectangle_4017.vnnlib,FALSIFIED,1,1.1959383487701416,sat,F,1,6.111773033,both_solved
196,onnx/ruarobot/perturbations_0.onnx,vnnlib/ruarobot/hyperrectangle_3895.vnnlib,FALSIFIED,1,2.307143449783325,sat,F,1,6.225303225,both_solved
197,onnx/ruarobot/perturbations_0.onnx,vnnlib/ruarobot/hyperrectangle_3744.vnnlib,FALSIFIED,1,2.2001700401306152,sat,F,1,6.143817312,both_solved
198,onnx/ruarobot/perturbations_0.onnx,vnnlib/ruarobot/hyperrectangle_1392.vnnlib,FALSIFIED,1,2.3033299446105957,sat,F,1,6.284999839,both_solved
199,onnx/ruarobot/perturbations_0.onnx,vnnlib/ruarobot/hyperrectangle_1919.vnnlib,FALSIFIED,1,1.6948392391204834,sat,F,1,6.088566638,both_solved
200,onnx/ruarobot/perturbations_0.onnx,vnnlib/ruarobot/hyperrectangle_7268.vnnlib,FALSIFIED,1,0.5695369243621826,sat,F,1,6.297363365,both_solved
201,onnx/ruarobot/perturbations_0.onnx,vnnlib/ruarobot/hyperrectangle_6233.vnnlib,FALSIFIED,1,0.45409059524536133,sat,F,1,5.938215038,both_solved
202,onnx/medical/perturbations_0.onnx,vnnlib/medical/hyperrectangle_232.vnnlib,CERTIFIED,1,0.18491601943969727,unsat,V,1,5.781732365,both_solved
203,onnx/ruarobot/perturbations_0.onnx,vnnlib/ruarobot/hyperrectangle_3112.vnnlib,FALSIFIED,1,0.6955842971801758,sat,F,1,6.012931475,both_solved
204,onnx/medical/perturbations_0.onnx,vnnlib/medical/hyperrectangle_961.vnnlib,CERTIFIED,1,0.1619884967803955,unsat,V,1,5.76582076,both_solved
205,onnx/medical/perturbations_0.onnx,vnnlib/medical/hyperrectangle_2601.vnnlib,CERTIFIED,1,1.2313013076782227,unsat,V,1,6.712366083,both_solved
206,onnx/ruarobot/perturbations_0.onnx,vnnlib/ruarobot/hyperrectangle_6468.vnnlib,FALSIFIED,1,2.0926411151885986,sat,F,1,6.250185304,both_solved
207,onnx/medical/perturbations_0.onnx,vnnlib/medical/hyperrectangle_374.vnnlib,FALSIFIED,1,1.6582951545715332,sat,F,1,6.238195522,both_solved
208,onnx/medical/perturbations_0.onnx,vnnlib/medical/hyperrectangle_2519.vnnlib,CERTIFIED,1,1.1608459949493408,unsat,V,1,6.595367774,both_solved
209,onnx/medical/perturbations_0.onnx,vnnlib/medical/hyperrectangle_162.vnnlib,CERTIFIED,1,0.4477846622467041,unsat,V,1,6.602901685,both_solved
210,onnx/medical/perturbations_0.onnx,vnnlib/medical/hyperrectangle_2200.vnnlib,CERTIFIED,1,0.7508492469787598,unsat,V,1,6.512608214,both_solved
211,onnx/ruarobot/perturbations_0.onnx,vnnlib/ruarobot/hyperrectangle_7904.vnnlib,FALSIFIED,1,2.6241977214813232,sat,F,1,6.267464531,both_solved
212,onnx/ruarobot/perturbations_0.onnx,vnnlib/ruarobot/hyperrectangle_2262.vnnlib,FALSIFIED,1,1.1631543636322021,sat,F,1,6.124660618,both_solved
213,onnx/ruarobot/perturbations_0.onnx,vnnlib/ruarobot/hyperrectangle_3394.vnnlib,FALSIFIED,1,1.6985771656036377,sat,F,1,6.129756711,both_solved
214,onnx/ruarobot/perturbations_0.onnx,vnnlib/ruarobot/hyperrectangle_375.vnnlib,FALSIFIED,1,2.892472743988037,sat,F,1,6.264738119,both_solved
215,onnx/medical/perturbations_0.onnx,vnnlib/medical/hyperrectangle_2707.vnnlib,CERTIFIED,1,2.3798749446868896,unsat,V,1,6.925560086,both_solved
216,onnx/ruarobot/perturbations_0.onnx,vnnlib/ruarobot/hyperrectangle_1196.vnnlib,FALSIFIED,1,1.6030313968658447,sat,F,1,6.185458994,both_solved
217,onnx/ruarobot/perturbations_0.onnx,vnnlib/ruarobot/hyperrectangle_4601.vnnlib,CERTIFIED,1,2.923311471939087,unsat,V,1,7.307533168,both_solved
218,onnx/medical/perturbations_0.onnx,vnnlib/medical/hyperrectangle_75.vnnlib,CERTIFIED,1,0.13874340057373047,unsat,V,1,5.794998223,both_solved
219,onnx/ruarobot/perturbations_0.onnx,vnnlib/ruarobot/hyperrectangle_2633.vnnlib,FALSIFIED,1,0.7198843955993652,sat,F,1,6.225391693,both_solved
220,onnx/ruarobot/perturbations_0.onnx,vnnlib/ruarobot/hyperrectangle_3197.vnnlib,FALSIFIED,1,1.4538724422454834,sat,F,1,6.279182086,both_solved
221,onnx/ruarobot/perturbations_0.onnx,vnnlib/ruarobot/hyperrectangle_5353.vnnlib,FALSIFIED,1,1.7506961822509766,sat,F,1,6.287865632,both_solved
222,onnx/ruarobot/perturbations_0.onnx,vnnlib/ruarobot/hyperrectangle_6505.vnnlib,FALSIFIED,1,2.05492901802063,sat,F,1,6.297341424,both_solved
223,onnx/ruarobot/perturbations_0.onnx,vnnlib/ruarobot/hyperrectangle_1890.vnnlib,FALSIFIED,1,2.3816967010498047,sat,F,1,6.253544257,both_solved
224,onnx/ruarobot/perturbations_0.onnx,vnnlib/ruarobot/hyperrectangle_5573.vnnlib,FALSIFIED,1,2.36808705329895,sat,F,1,6.229894909,both_solved
225,onnx/ruarobot/perturbations_0.onnx,vnnlib/ruarobot/hyperrectangle_1487.vnnlib,CERTIFIED,1,0.8524324893951416,unsat,V,1,6.478497172,both_solved
226,onnx/medical/perturbations_0.onnx,vnnlib/medical/hyperrectangle_1333.vnnlib,CERTIFIED,1,0.2535674571990967,unsat,V,1,5.795686621,both_solved
227,onnx/ruarobot/perturbations_0.onnx,vnnlib/ruarobot/hyperrectangle_4602.vnnlib,CERTIFIED,1,0.9740152359008789,unsat,V,1,6.734730683,both_solved
228,onnx/medical/perturbations_0.onnx,vnnlib/medical/hyperrectangle_1593.vnnlib,CERTIFIED,1,0.23478984832763672,unsat,V,1,5.790601035,both_solved
229,onnx/ruarobot/perturbations_0.onnx,vnnlib/ruarobot/hyperrectangle_1555.vnnlib,CERTIFIED,1,3.770047664642334,unsat,V,1,6.809038053,both_solved
230,onnx/medical/perturbations_0.onnx,vnnlib/medical/hyperrectangle_1549.vnnlib,CERTIFIED,1,0.8006556034088135,unsat,V,1,6.805896175,both_solved
231,onnx/ruarobot/perturbations_0.onnx,vnnlib/ruarobot/hyperrectangle_7095.vnnlib,FALSIFIED,1,1.4454853534698486,sat,F,1,6.306933835,both_solved
232,onnx/ruarobot/perturbations_0.onnx,vnnlib/ruarobot/hyperrectangle_6941.vnnlib,CERTIFIED,1,1.3723666667938232,unsat,V,1,6.913478785,both_solved
233,onnx/ruarobot/perturbations_0.onnx,vnnlib/ruarobot/hyperrectangle_6717.vnnlib,FALSIFIED,1,2.169309377670288,sat,F,1,6.260858418,both_solved
234,onnx/ruarobot/perturbations_0.onnx,vnnlib/ruarobot/hyperrectangle_4863.vnnlib,FALSIFIED,1,1.106971263885498,sat,F,1,6.03165656,both_solved
235,onnx/medical/perturbations_0.onnx,vnnlib/medical/hyperrectangle_2682.vnnlib,CERTIFIED,1,1.459501028060913,unsat,V,1,6.529789754,both_solved
236,onnx/ruarobot/perturbations_0.onnx,vnnlib/ruarobot/hyperrectangle_4523.vnnlib,CERTIFIED,1,0.7068281173706055,unsat,V,1,6.473953467,both_solved
237,onnx/ruarobot/perturbations_0.onnx,vnnlib/ruarobot/hyperrectangle_4496.vnnlib,CERTIFIED,1,3.0984396934509277,unsat,V,1,7.747746375,both_solved
238,onnx/ruarobot/perturbations_0.onnx,vnnlib/ruarobot/hyperrectangle_2639.vnnlib,FALSIFIED,1,0.9379768371582031,sat,F,1,6.098136473,both_solved
239,onnx/ruarobot/perturbations_0.onnx,vnnlib/ruarobot/hyperrectangle_5499.vnnlib,FALSIFIED,1,0.6371078491210938,sat,F,1,5.9097092,both_solved
240,onnx/ruarobot/perturbations_0.onnx,vnnlib/ruarobot/hyperrectangle_895.vnnlib,CERTIFIED,1,0.2516288757324219,unsat,V,1,5.78520408,both_solved
241,onnx/ruarobot/perturbations_0.onnx,vnnlib/ruarobot/hyperrectangle_2227.vnnlib,CERTIFIED,1,0.8380320072174072,unsat,V,1,6.550021398,both_solved
242,onnx/medical/perturbations_0.onnx,vnnlib/medical/hyperrectangle_167.vnnlib,CERTIFIED,1,0.15984416007995605,unsat,V,1,5.781257947,both_solved
243,onnx/ruarobot/perturbations_0.onnx,vnnlib/ruarobot/hyperrectangle_2618.vnnlib,FALSIFIED,1,1.0388009548187256,sat,F,1,6.103993589,both_solved
244,onnx/ruarobot/perturbations_0.onnx,vnnlib/ruarobot/hyperrectangle_1357.vnnlib,CERTIFIED,1,0.22782135009765625,unsat,V,1,5.788761205,both_solved
245,onnx/medical/perturbations_0.onnx,vnnlib/medical/hyperrectangle_965.vnnlib,CERTIFIED,1,0.2364199161529541,unsat,V,1,5.7829219,both_solved
246,onnx/ruarobot/perturbations_0.onnx,vnnlib/ruarobot/hyperrectangle_6022.vnnlib,FALSIFIED,1,2.4740686416625977,sat,F,1,6.289499549,both_solved
247,onnx/ruarobot/perturbations_0.onnx,vnnlib/ruarobot/hyperrectangle_3516.vnnlib,CERTIFIED,1,1.8769731521606445,unsat,V,1,6.733424948,both_solved
248,onnx/medical/perturbations_0.onnx,vnnlib/medical/hyperrectangle_816.vnnlib,CERTIFIED,1,0.14571523666381836,unsat,V,1,5.778703634,both_solved
249,onnx/ruarobot/perturbations_0.onnx,vnnlib/ruarobot/hyperrectangle_162.vnnlib,FALSIFIED,1,0.740950345993042,sat,F,1,6.240988915,both_solved
250,onnx/ruarobot/perturbations_0.onnx,vnnlib/ruarobot/hyperrectangle_5704.vnnlib,FALSIFIED,1,1.043471336364746,sat,F,1,6.186352379,both_solved
251,onnx/medical/perturbations_0.onnx,vnnlib/medical/hyperrectangle_1112.vnnlib,CERTIFIED,1,0.9278953075408936,unsat,V,1,6.555709216,both_solved
252,onnx/medical/perturbations_0.onnx,vnnlib/medical/hyperrectangle_1679.vnnlib,CERTIFIED,1,0.15493512153625488,unsat,V,1,5.789111034,both_solved
253,onnx/ruarobot/perturbations_0.onnx,vnnlib/ruarobot/hyperrectangle_6262.vnnlib,FALSIFIED,1,1.5704123973846436,sat,F,1,6.170723659,both_solved
254,onnx/medical/perturbations_0.onnx,vnnlib/medical/hyperrectangle_1147.vnnlib,CERTIFIED,1,0.24538207054138184,unsat,V,1,5.776216923,both_solved
255,onnx/medical/perturbations_0.onnx,vnnlib/medical/hyperrectangle_2065.vnnlib,CERTIFIED,1,2.1145362854003906,unsat,V,1,7.229292229,both_solved
256,onnx/ruarobot/perturbations_0.onnx,vnnlib/ruarobot/hyperrectangle_4635.vnnlib,FALSIFIED,1,2.3109264373779297,sat,F,1,6.280056872,both_solved
257,onnx/ruarobot/perturbations_0.onnx,vnnlib/ruarobot/hyperrectangle_1804.vnnlib,FALSIFIED,1,1.5913448333740234,sat,F,1,6.080248695,both_solved
258,onnx/ruarobot/perturbations_0.onnx,vnnlib/ruarobot/hyperrectangle_7527.vnnlib,FALSIFIED,1,0.7068114280700684,sat,F,1,6.235137312,both_solved
259,onnx/ruarobot/perturbations_0.onnx,vnnlib/ruarobot/hyperrectangle_2758.vnnlib,FALSIFIED,1,0.8650631904602051,sat,F,1,6.332800852,both_solved
260,onnx/ruarobot/perturbations_0.onnx,vnnlib/ruarobot/hyperrectangle_2717.vnnlib,FALSIFIED,1,2.1146929264068604,sat,F,1,6.249061513,both_solved
261,onnx/ruarobot/perturbations_0.onnx,vnnlib/ruarobot/hyperrectangle_6785.vnnlib,CERTIFIED,1,1.1168999671936035,unsat,V,1,7.017783135,both_solved
262,onnx/ruarobot/perturbations_0.onnx,vnnlib/ruarobot/hyperrectangle_4476.vnnlib,FALSIFIED,1,1.0368425846099854,sat,F,1,5.991374609,both_solved
263,onnx/medical/perturbations_0.onnx,vnnlib/medical/hyperrectangle_1231.vnnlib,CERTIFIED,1,0.2387104034423828,unsat,V,1,5.793102257,both_solved
264,onnx/medical/perturbations_0.onnx,vnnlib/medical/hyperrectangle_2660.vnnlib,FALSIFIED,1,2.09606671333313,sat,F,1,6.284869692,both_solved
265,onnx/ruarobot/perturbations_0.onnx,vnnlib/ruarobot/hyperrectangle_3926.vnnlib,CERTIFIED,1,2.339373826980591,unsat,V,1,6.95779312,both_solved
266,onnx/medical/perturbations_0.onnx,vnnlib/medical/hyperrectangle_1102.vnnlib,CERTIFIED,1,0.2870306968688965,unsat,V,1,5.792690896,both_solved
267,onnx/ruarobot/perturbations_0.onnx,vnnlib/ruarobot/hyperrectangle_2767.vnnlib,FALSIFIED,1,1.528078556060791,sat,F,1,6.259574152,both_solved
268,onnx/ruarobot/perturbations_0.onnx,vnnlib/ruarobot/hyperrectangle_2453.vnnlib,FALSIFIED,1,1.7208027839660645,sat,F,1,6.259721331,both_solved
269,onnx/ruarobot/perturbations_0.onnx,vnnlib/ruarobot/hyperrectangle_5349.vnnlib,FALSIFIED,1,1.01786470413208,sat,F,1,6.122885217,both_solved
270,onnx/medical/perturbations_0.onnx,vnnlib/medical/hyperrectangle_1073.vnnlib,CERTIFIED,1,0.20186638832092285,unsat,V,1,5.790625015,both_solved
271,onnx/ruarobot/perturbations_0.onnx,vnnlib/ruarobot/hyperrectangle_7609.vnnlib,FALSIFIED,1,1.901170253753662,sat,F,1,6.285803282,both_solved
272,onnx/ruarobot/perturbations_0.onnx,vnnlib/ruarobot/hyperrectangle_2548.vnnlib,FALSIFIED,1,2.404120445251465,sat,F,1,6.300216945,both_solved
273,onnx/medical/perturbations_0.onnx,vnnlib/medical/hyperrectangle_316.vnnlib,FALSIFIED,1,1.8464548587799072,sat,F,1,6.268490452,both_solved
274,onnx/ruarobot/perturbations_0.onnx,vnnlib/ruarobot/hyperrectangle_3218.vnnlib,CERTIFIED,1,1.1507015228271484,unsat,V,1,6.567878935,both_solved
275,onnx/ruarobot/perturbations_0.onnx,vnnlib/ruarobot/hyperrectangle_2232.vnnlib,FALSIFIED,1,2.6569671630859375,sat,F,1,6.243290788,both_solved
276,onnx/medical/perturbations_0.onnx,vnnlib/medical/hyperrectangle_2454.vnnlib,FALSIFIED,1,2.1439294815063477,sat,F,1,6.306504718,both_solved
277,onnx/ruarobot/perturbations_0.onnx,vnnlib/ruarobot/hyperrectangle_4576.vnnlib,CERTIFIED,1,0.14805221557617188,unsat,V,1,5.80396952,both_solved
278,onnx/ruarobot/perturbations_0.onnx,vnnlib/ruarobot/hyperrectangle_896.vnnlib,FALSIFIED,1,0.9098052978515625,sat,F,1,6.265094865,both_solved
279,onnx/ruarobot/perturbations_0.onnx,vnnlib/ruarobot/hyperrectangle_1795.vnnlib,CERTIFIED,1,2.3668150901794434,unsat,V,1,7.400672841,both_solved
280,onnx/ruarobot/perturbations_0.onnx,vnnlib/ruarobot/hyperrectangle_7762.vnnlib,CERTIFIED,1,1.3512048721313477,unsat,V,1,7.149144517,both_solved
281,onnx/ruarobot/perturbations_0.onnx,vnnlib/ruarobot/hyperrectangle_1526.vnnlib,FALSIFIED,1,1.0074293613433838,sat,F,1,6.107369609,both_solved
282,onnx/ruarobot/perturbations_0.onnx,vnnlib/ruarobot/hyperrectangle_4168.vnnlib,FALSIFIED,1,1.2117125988006592,sat,F,1,6.079706882,both_solved
283,onnx/ruarobot/perturbations_0.onnx,vnnlib/ruarobot/hyperrectangle_1959.vnnlib,CERTIFIED,1,1.9559710025787354,unsat,V,1,7.335638257,both_solved
284,onnx/medical/perturbations_0.onnx,vnnlib/medical/hyperrectangle_706.vnnlib,CERTIFIED,1,0.22689366340637207,unsat,V,1,5.785044525,both_solved
285,onnx/ruarobot/perturbations_0.onnx,vnnlib/ruarobot/hyperrectangle_98.vnnlib,CERTIFIED,1,0.22435331344604492,unsat,V,1,5.787177519,both_solved
286,onnx/ruarobot/perturbations_0.onnx,vnnlib/ruarobot/hyperrectangle_7882.vnnlib,FALSIFIED,1,0.6388676166534424,sat,F,1,6.213342418,both_solved
287,onnx/ruarobot/perturbations_0.onnx,vnnlib/ruarobot/hyperrectangle_996.vnnlib,FALSIFIED,1,1.7152745723724365,sat,F,1,6.295868303,both_solved
288,onnx/ruarobot/perturbations_0.onnx,vnnlib/ruarobot/hyperrectangle_7408.vnnlib,CERTIFIED,1,0.8201656341552734,unsat,V,1,6.655399653,both_solved
289,onnx/medical/perturbations_0.onnx,vnnlib/medical/hyperrectangle_1886.vnnlib,CERTIFIED,1,2.021176338195801,unsat,V,1,6.817643403,both_solved
290,onnx/ruarobot/perturbations_0.onnx,vnnlib/ruarobot/hyperrectangle_5858.vnnlib,FALSIFIED,1,1.9363653659820557,sat,F,1,6.193521679,both_solved
291,onnx/ruarobot/perturbations_0.onnx,vnnlib/ruarobot/hyperrectangle_3935.vnnlib,FALSIFIED,1,2.4352099895477295,sat,F,1,6.308268992,both_solved
292,onnx/ruarobot/perturbations_0.onnx,vnnlib/ruarobot/hyperrectangle_406.vnnlib,FALSIFIED,1,1.5681822299957275,sat,F,1,6.068469483,both_solved
293,onnx/ruarobot/perturbations_0.onnx,vnnlib/ruarobot/hyperrectangle_215.vnnlib,FALSIFIED,1,1.0922293663024902,sat,F,1,6.145849679,both_solved
294,onnx/ruarobot/perturbations_0.onnx,vnnlib/ruarobot/hyperrectangle_186.vnnlib,CERTIFIED,1,1.5824058055877686,unsat,V,1,6.674852314,both_solved
295,onnx/ruarobot/perturbations_0.onnx,vnnlib/ruarobot/hyperrectangle_4212.vnnlib,FALSIFIED,1,2.0426387786865234,sat,F,1,6.176699622,both_solved
296,onnx/ruarobot/perturbations_0.onnx,vnnlib/ruarobot/hyperrectangle_4183.vnnlib,FALSIFIED,1,1.648665189743042,sat,F,1,6.210503775,both_solved
297,onnx/ruarobot/perturbations_0.onnx,vnnlib/ruarobot/hyperrectangle_1.vnnlib,FALSIFIED,1,0.5513515472412109,sat,F,1,6.060179433,both_solved
298,onnx/ruarobot/perturbations_0.onnx,vnnlib/ruarobot/hyperrectangle_1066.vnnlib,FALSIFIED,1,1.8440873622894287,sat,F,1,6.234147167,both_solved
299,onnx/ruarobot/perturbations_0.onnx,vnnlib/ruarobot/hyperrectangle_1093.vnnlib,CERTIFIED,1,6.777984142303467,unsat,V,1,9.359712772,both_solved
300,onnx/ruarobot/perturbations_0.onnx,vnnlib/ruarobot/hyperrectangle_451.vnnlib,FALSIFIED,1,1.277757167816162,sat,F,1,6.107368451,both_solved
301,onnx/medical/perturbations_0.onnx,vnnlib/medical/hyperrectangle_1815.vnnlib,CERTIFIED,1,0.21660351753234863,unsat,V,1,5.786656952,both_solved
302,onnx/medical/perturbations_0.onnx,vnnlib/medical/hyperrectangle_281.vnnlib,CERTIFIED,1,0.2511889934539795,unsat,V,1,5.80836819,both_solved
303,onnx/ruarobot/perturbations_0.onnx,vnnlib/ruarobot/hyperrectangle_4199.vnnlib,FALSIFIED,1,1.7455995082855225,sat,F,1,6.137564497,both_solved
304,onnx/ruarobot/perturbations_0.onnx,vnnlib/ruarobot/hyperrectangle_5452.vnnlib,FALSIFIED,1,1.9346990585327148,sat,F,1,6.279523433,both_solved
305,onnx/medical/perturbations_0.onnx,vnnlib/medical/hyperrectangle_1621.vnnlib,CERTIFIED,1,0.5452558994293213,unsat,V,1,6.528591393,both_solved
306,onnx/ruarobot/perturbations_0.onnx,vnnlib/ruarobot/hyperrectangle_4045.vnnlib,CERTIFIED,1,6.105528831481934,unsat,V,1,11.419456294,both_solved
307,onnx/ruarobot/perturbations_0.onnx,vnnlib/ruarobot/hyperrectangle_4375.vnnlib,CERTIFIED,1,4.4252097606658936,unsat,V,1,8.985035803,both_solved
308,onnx/ruarobot/perturbations_0.onnx,vnnlib/ruarobot/hyperrectangle_1595.vnnlib,FALSIFIED,1,2.068737268447876,sat,F,1,6.300597321,both_solved
309,onnx/ruarobot/perturbations_0.onnx,vnnlib/ruarobot/hyperrectangle_3225.vnnlib,FALSIFIED,1,2.1594765186309814,sat,F,1,6.246176875,both_solved
310,onnx/ruarobot/perturbations_0.onnx,vnnlib/ruarobot/hyperrectangle_2228.vnnlib,FALSIFIED,1,0.5188908576965332,sat,F,1,5.99779908,both_solved
311,onnx/ruarobot/perturbations_0.onnx,vnnlib/ruarobot/hyperrectangle_596.vnnlib,FALSIFIED,1,1.5488777160644531,sat,F,1,6.184204261,both_solved
312,onnx/medical/perturbations_0.onnx,vnnlib/medical/hyperrectangle_919.vnnlib,FALSIFIED,1,0.6185142993927002,sat,F,1,6.253798071,both_solved
313,onnx/ruarobot/perturbations_0.onnx,vnnlib/ruarobot/hyperrectangle_925.vnnlib,FALSIFIED,1,0.43242931365966797,sat,F,1,5.941245218,both_solved
314,onnx/ruarobot/perturbations_0.onnx,vnnlib/ruarobot/hyperrectangle_6660.vnnlib,FALSIFIED,1,0.5474355220794678,sat,F,1,6.142398637,both_solved
315,onnx/ruarobot/perturbations_0.onnx,vnnlib/ruarobot/hyperrectangle_3241.vnnlib,CERTIFIED,1,0.5683884620666504,unsat,V,1,6.677503885,both_solved
316,onnx/ruarobot/perturbations_0.onnx,vnnlib/ruarobot/hyperrectangle_3361.vnnlib,FALSIFIED,1,0.6678018569946289,sat,F,1,6.307245104,both_solved
317,onnx/medical/perturbations_0.onnx,vnnlib/medical/hyperrectangle_1115.vnnlib,CERTIFIED,1,0.4089365005493164,unsat,V,1,6.536534913,both_solved
318,onnx/medical/perturbations_0.onnx,vnnlib/medical/hyperrectangle_514.vnnlib,CERTIFIED,1,0.9575181007385254,unsat,V,1,7.658130432,both_solved
319,onnx/ruarobot/perturbations_0.onnx,vnnlib/ruarobot/hyperrectangle_6862.vnnlib,FALSIFIED,1,0.5198187828063965,sat,F,1,6.225062488,both_solved
320,onnx/medical/perturbations_0.onnx,vnnlib/medical/hyperrectangle_2649.vnnlib,CERTIFIED,1,0.1697831153869629,unsat,V,1,5.79695784,both_solved
321,onnx/ruarobot/perturbations_0.onnx,vnnlib/ruarobot/hyperrectangle_7136.vnnlib,FALSIFIED,1,0.5125246047973633,sat,F,1,6.248826814,both_solved
322,onnx/ruarobot/perturbations_0.onnx,vnnlib/ruarobot/hyperrectangle_5036.vnnlib,FALSIFIED,1,0.38300466537475586,sat,F,1,6.003374177,both_solved
323,onnx/ruarobot/perturbations_0.onnx,vnnlib/ruarobot/hyperrectangle_5020.vnnlib,FALSIFIED,1,0.5556545257568359,sat,F,1,6.027079235,both_solved
324,onnx/ruarobot/perturbations_0.onnx,vnnlib/ruarobot/hyperrectangle_5912.vnnlib,FALSIFIED,1,0.58022141456604,sat,F,1,6.13007005,both_solved
325,onnx/ruarobot/perturbations_0.onnx,vnnlib/ruarobot/hyperrectangle_6116.vnnlib,FALSIFIED,1,0.6758687496185303,sat,F,1,6.302493483,both_solved
326,onnx/medical/perturbations_0.onnx,vnnlib/medical/hyperrectangle_1390.vnnlib,CERTIFIED,1,0.7774107456207275,unsat,V,1,6.850164147,both_solved
327,onnx/ruarobot/perturbations_0.onnx,vnnlib/ruarobot/hyperrectangle_2616.vnnlib,FALSIFIED,1,0.8511922359466553,sat,F,1,6.267383805,both_solved
328,onnx/ruarobot/perturbations_0.onnx,vnnlib/ruarobot/hyperrectangle_2253.vnnlib,FALSIFIED,1,0.4472954273223877,sat,F,1,5.986981655,both_solved
329,onnx/ruarobot/perturbations_0.onnx,vnnlib/ruarobot/hyperrectangle_1835.vnnlib,CERTIFIED,1,0.533200740814209,unsat,V,1,6.625303722,both_solved
330,onnx/ruarobot/perturbations_0.onnx,vnnlib/ruarobot/hyperrectangle_5824.vnnlib,CERTIFIED,1,1.3332784175872803,unsat,V,1,7.810934814,both_solved
331,onnx/ruarobot/perturbations_0.onnx,vnnlib/ruarobot/hyperrectangle_91.vnnlib,FALSIFIED,1,0.6621732711791992,sat,F,1,6.302973872,both_solved
332,onnx/ruarobot/perturbations_0.onnx,vnnlib/ruarobot/hyperrectangle_3872.vnnlib,FALSIFIED,1,0.667449951171875,sat,F,1,6.176661263,both_solved
333,onnx/ruarobot/perturbations_0.onnx,vnnlib/ruarobot/hyperrectangle_1058.vnnlib,FALSIFIED,1,0.45676684379577637,sat,F,1,6.032084558,both_solved
334,onnx/ruarobot/perturbations_0.onnx,vnnlib/ruarobot/hyperrectangle_1362.vnnlib,FALSIFIED,1,0.7522971630096436,sat,F,1,6.25657552,both_solved
335,onnx/ruarobot/perturbations_0.onnx,vnnlib/ruarobot/hyperrectangle_1333.vnnlib,FALSIFIED,1,0.7969338893890381,sat,F,1,6.233541307,both_solved
336,onnx/ruarobot/perturbations_0.onnx,vnnlib/ruarobot/hyperrectangle_4811.vnnlib,FALSIFIED,1,0.5847887992858887,sat,F,1,6.137050168,both_solved
337,onnx/medical/perturbations_0.onnx,vnnlib/medical/hyperrectangle_1299.vnnlib,CERTIFIED,1,0.12833333015441895,unsat,V,1,5.788028871,both_solved
338,onnx/medical/perturbations_0.onnx,vnnlib/medical/hyperrectangle_2710.vnnlib,FALSIFIED,1,3.9011037349700928,sat,F,1,6.319666932,both_solved
339,onnx/medical/perturbations_0.onnx,vnnlib/medical/hyperrectangle_1875.vnnlib,CERTIFIED,1,0.14042973518371582,unsat,V,1,5.797003111,both_solved
340,onnx/ruarobot/perturbations_0.onnx,vnnlib/ruarobot/hyperrectangle_5285.vnnlib,CERTIFIED,1,1.8534307479858398,unsat,V,1,8.074819522,both_solved
341,onnx/medical/perturbations_0.onnx,vnnlib/medical/hyperrectangle_50.vnnlib,FALSIFIED,1,0.47217702865600586,sat,F,1,6.057451104,both_solved
342,onnx/ruarobot/perturbations_0.onnx,vnnlib/ruarobot/hyperrectangle_1607.vnnlib,CERTIFIED,1,0.7667944431304932,unsat,V,1,6.942145531,both_solved
343,onnx/ruarobot/perturbations_0.onnx,vnnlib/ruarobot/hyperrectangle_3364.vnnlib,FALSIFIED,1,0.717449426651001,sat,F,1,6.309060621,both_solved
344,onnx/ruarobot/perturbations_0.onnx,vnnlib/ruarobot/hyperrectangle_2420.vnnlib,FALSIFIED,1,0.7154674530029297,sat,F,1,6.251382805,both_solved
345,onnx/ruarobot/perturbations_0.onnx,vnnlib/ruarobot/hyperrectangle_1711.vnnlib,FALSIFIED,1,0.7520463466644287,sat,F,1,6.242928269,both_solved
346,onnx/ruarobot/perturbations_0.onnx,vnnlib/ruarobot/hyperrectangle_3268.vnnlib,FALSIFIED,1,0.6788558959960938,sat,F,1,6.135815246,both_solved
347,onnx/ruarobot/perturbations_0.onnx,vnnlib/ruarobot/hyperrectangle_2770.vnnlib,FALSIFIED,1,0.7081878185272217,sat,F,1,6.192787223,both_solved
348,onnx/ruarobot/perturbations_0.onnx,vnnlib/ruarobot/hyperrectangle_4449.vnnlib,FALSIFIED,1,0.7701389789581299,sat,F,1,6.288140037,both_solved
349,onnx/ruarobot/perturbations_0.onnx,vnnlib/ruarobot/hyperrectangle_5724.vnnlib,FALSIFIED,1,0.46213483810424805,sat,F,1,6.057358335,both_solved
350,onnx/ruarobot/perturbations_0.onnx,vnnlib/ruarobot/hyperrectangle_5720.vnnlib,FALSIFIED,1,0.43700647354125977,sat,F,1,5.993948354,both_solved
351,onnx/ruarobot/perturbations_0.onnx,vnnlib/ruarobot/hyperrectangle_3072.vnnlib,FALSIFIED,1,0.6901824474334717,sat,F,1,6.194811202,both_solved
352,onnx/medical/perturbations_0.onnx,vnnlib/medical/hyperrectangle_1171.vnnlib,CERTIFIED,1,0.14755511283874512,unsat,V,1,5.777015846,both_solved
353,onnx/ruarobot/perturbations_0.onnx,vnnlib/ruarobot/hyperrectangle_6249.vnnlib,FALSIFIED,1,0.8045961856842041,sat,F,1,6.283590205,both_solved
354,onnx/ruarobot/perturbations_0.onnx,vnnlib/ruarobot/hyperrectangle_963.vnnlib,FALSIFIED,1,0.6668305397033691,sat,F,1,6.226351112,both_solved
355,onnx/medical/perturbations_0.onnx,vnnlib/medical/hyperrectangle_2773.vnnlib,FALSIFIED,1,0.5075740814208984,sat,F,1,6.035900094,both_solved
356,onnx/medical/perturbations_0.onnx,vnnlib/medical/hyperrectangle_1486.vnnlib,CERTIFIED,1,0.13184380531311035,unsat,V,1,5.772516126,both_solved
357,onnx/ruarobot/perturbations_0.onnx,vnnlib/ruarobot/hyperrectangle_3088.vnnlib,CERTIFIED,1,0.949225664138794,unsat,V,1,7.364228621,both_solved
358,onnx/ruarobot/perturbations_0.onnx,vnnlib/ruarobot/hyperrectangle_4415.vnnlib,CERTIFIED,1,0.13241982460021973,unsat,V,1,5.776267254,both_solved
359,onnx/ruarobot/perturbations_0.onnx,vnnlib/ruarobot/hyperrectangle_1887.vnnlib,FALSIFIED,1,0.7400262355804443,sat,F,1,6.274564073,both_solved
360,onnx/medical/perturbations_0.onnx,vnnlib/medical/hyperrectangle_985.vnnlib,CERTIFIED,1,2.1634020805358887,unsat,V,1,8.510220997,both_solved
361,onnx/medical/perturbations_0.onnx,vnnlib/medical/hyperrectangle_1936.vnnlib,CERTIFIED,1,0.15176963806152344,unsat,V,1,5.781124639,both_solved
362,onnx/ruarobot/perturbations_0.onnx,vnnlib/ruarobot/hyperrectangle_159.vnnlib,FALSIFIED,1,0.738832950592041,sat,F,1,6.302670156,both_solved
363,onnx/ruarobot/perturbations_0.onnx,vnnlib/ruarobot/hyperrectangle_1598.vnnlib,CERTIFIED,1,0.7440629005432129,unsat,V,1,6.959058,both_solved
364,onnx/medical/perturbations_0.onnx,vnnlib/medical/hyperrectangle_2085.vnnlib,FALSIFIED,1,0.562403678894043,sat,F,1,6.077851317,both_solved
365,onnx/ruarobot/perturbations_0.onnx,vnnlib/ruarobot/hyperrectangle_3147.vnnlib,FALSIFIED,1,0.7259290218353271,sat,F,1,6.291255558,both_solved
366,onnx/medical/perturbations_0.onnx,vnnlib/medical/hyperrectangle_2452.vnnlib,CERTIFIED,1,0.15877628326416016,unsat,V,1,5.779588885,both_solved
367,onnx/ruarobot/perturbations_0.onnx,vnnlib/ruarobot/hyperrectangle_1904.vnnlib,CERTIFIED,1,5.775166988372803,unsat,V,1,10.262116555,both_solved
368,onnx/ruarobot/perturbations_0.onnx,vnnlib/ruarobot/hyperrectangle_2943.vnnlib,FALSIFIED,1,0.835150957107544,sat,F,1,6.292240823,both_solved
369,onnx/medical/perturbations_0.onnx,vnnlib/medical/hyperrectangle_2347.vnnlib,CERTIFIED,1,0.13198137283325195,unsat,V,1,5.791460901,both_solved
370,onnx/ruarobot/perturbations_0.onnx,vnnlib/ruarobot/hyperrectangle_3855.vnnlib,CERTIFIED,1,4.887419700622559,unsat,V,1,11.636128355,both_solved
371,onnx/ruarobot/perturbations_0.onnx,vnnlib/ruarobot/hyperrectangle_3417.vnnlib,CERTIFIED,1,0.4973742961883545,unsat,V,1,6.548230418,both_solved
372,onnx/ruarobot/perturbations_0.onnx,vnnlib/ruarobot/hyperrectangle_4255.vnnlib,FALSIFIED,1,0.7103011608123779,sat,F,1,6.276181921,both_solved
373,onnx/medical/perturbations_0.onnx,vnnlib/medical/hyperrectangle_757.vnnlib,CERTIFIED,1,0.16804194450378418,unsat,V,1,5.792824521,both_solved
374,onnx/ruarobot/perturbations_0.onnx,vnnlib/ruarobot/hyperrectangle_5992.vnnlib,FALSIFIED,1,0.5934431552886963,sat,F,1,6.290370127,both_solved
375,onnx/ruarobot/perturbations_0.onnx,vnnlib/ruarobot/hyperrectangle_2379.vnnlib,FALSIFIED,1,0.5656116008758545,sat,F,1,6.181891708,both_solved
376,onnx/medical/perturbations_0.onnx,vnnlib/medical/hyperrectangle_310.vnnlib,CERTIFIED,1,0.12862849235534668,unsat,V,1,5.786449258,both_solved
377,onnx/ruarobot/perturbations_0.onnx,vnnlib/ruarobot/hyperrectangle_4345.vnnlib,FALSIFIED,1,0.44134974479675293,sat,F,1,6.039742346,both_solved
378,onnx/ruarobot/perturbations_0.onnx,vnnlib/ruarobot/hyperrectangle_2145.vnnlib,FALSIFIED,1,0.5942995548248291,sat,F,1,6.316404341,both_solved
379,onnx/ruarobot/perturbations_0.onnx,vnnlib/ruarobot/hyperrectangle_3509.vnnlib,FALSIFIED,1,0.3903069496154785,sat,F,1,6.047660447,both_solved
380,onnx/ruarobot/perturbations_0.onnx,vnnlib/ruarobot/hyperrectangle_6209.vnnlib,FALSIFIED,1,0.727196455001831,sat,F,1,6.283387217,both_solved
381,onnx/ruarobot/perturbations_0.onnx,vnnlib/ruarobot/hyperrectangle_5820.vnnlib,FALSIFIED,1,0.581902265548706,sat,F,1,6.292488801,both_solved
382,onnx/ruarobot/perturbations_0.onnx,vnnlib/ruarobot/hyperrectangle_6541.vnnlib,FALSIFIED,1,0.4788520336151123,sat,F,1,6.175656064,both_solved
383,onnx/medical/perturbations_0.onnx,vnnlib/medical/hyperrectangle_1055.vnnlib,CERTIFIED,1,0.12796664237976074,unsat,V,1,5.812218547,both_solved
384,onnx/ruarobot/perturbations_0.onnx,vnnlib/ruarobot/hyperrectangle_2557.vnnlib,CERTIFIED,1,1.6053440570831299,unsat,V,1,7.315105443,both_solved
385,onnx/medical/perturbations_0.onnx,vnnlib/medical/hyperrectangle_517.vnnlib,CERTIFIED,1,0.1563105583190918,unsat,V,1,5.799734523,both_solved
386,onnx/ruarobot/perturbations_0.onnx,vnnlib/ruarobot/hyperrectangle_2783.vnnlib,FALSIFIED,1,0.3836953639984131,sat,F,1,5.95547829,both_solved
387,onnx/ruarobot/perturbations_0.onnx,vnnlib/ruarobot/hyperrectangle_6739.vnnlib,FALSIFIED,1,0.7520835399627686,sat,F,1,6.26279823,both_solved
388,onnx/ruarobot/perturbations_0.onnx,vnnlib/ruarobot/hyperrectangle_7766.vnnlib,FALSIFIED,1,0.7136983871459961,sat,F,1,6.250790923,both_solved
389,onnx/medical/perturbations_0.onnx,vnnlib/medical/hyperrectangle_1395.vnnlib,CERTIFIED,1,0.18539762496948242,unsat,V,1,5.794553751,both_solved
390,onnx/ruarobot/perturbations_0.onnx,vnnlib/ruarobot/hyperrectangle_3587.vnnlib,FALSIFIED,1,0.5449318885803223,sat,F,1,6.06907965,both_solved
391,onnx/ruarobot/perturbations_0.onnx,vnnlib/ruarobot/hyperrectangle_3260.vnnlib,FALSIFIED,1,0.697190523147583,sat,F,1,6.307042657,both_solved
392,onnx/ruarobot/perturbations_0.onnx,vnnlib/ruarobot/hyperrectangle_1791.vnnlib,FALSIFIED,1,0.6348531246185303,sat,F,1,6.286780975,both_solved
393,onnx/ruarobot/perturbations_0.onnx,vnnlib/ruarobot/hyperrectangle_3029.vnnlib,FALSIFIED,1,0.662421464920044,sat,F,1,6.207013431,both_solved
394,onnx/ruarobot/perturbations_0.onnx,vnnlib/ruarobot/hyperrectangle_7241.vnnlib,CERTIFIED,1,0.404721736907959,unsat,V,1,6.545353635,both_solved
395,onnx/medical/perturbations_0.onnx,vnnlib/medical/hyperrectangle_1019.vnnlib,CERTIFIED,1,0.15815138816833496,unsat,V,1,5.790385992,both_solved
396,onnx/ruarobot/perturbations_0.onnx,vnnlib/ruarobot/hyperrectangle_1658.vnnlib,FALSIFIED,1,0.532691240310669,sat,F,1,6.102699144,both_solved
397,onnx/ruarobot/perturbations_0.onnx,vnnlib/ruarobot/hyperrectangle_3008.vnnlib,FALSIFIED,1,0.45393848419189453,sat,F,1,6.156712553,both_solved
398,onnx/ruarobot/perturbations_0.onnx,vnnlib/ruarobot/hyperrectangle_900.vnnlib,FALSIFIED,1,0.5353448390960693,sat,F,1,6.022224493,both_solved
399,onnx/ruarobot/perturbations_0.onnx,vnnlib/ruarobot/hyperrectangle_6642.vnnlib,FALSIFIED,1,0.6668529510498047,sat,F,1,6.266572211,both_solved
400,onnx/ruarobot/perturbations_0.onnx,vnnlib/ruarobot/hyperrectangle_6248.vnnlib,FALSIFIED,1,0.7050979137420654,sat,F,1,6.290164393,both_solved
401,onnx/ruarobot/perturbations_0.onnx,vnnlib/ruarobot/hyperrectangle_7514.vnnlib,FALSIFIED,1,0.8529117107391357,sat,F,1,6.291429333,both_solved
402,onnx/ruarobot/perturbations_0.onnx,vnnlib/ruarobot/hyperrectangle_3518.vnnlib,CERTIFIED,1,0.167830228805542,unsat,V,1,5.803574252,both_solved
403,onnx/ruarobot/perturbations_0.onnx,vnnlib/ruarobot/hyperrectangle_1192.vnnlib,FALSIFIED,1,0.643622636795044,sat,F,1,6.154610938,both_solved
404,onnx/ruarobot/perturbations_0.onnx,vnnlib/ruarobot/hyperrectangle_4732.vnnlib,CERTIFIED,1,1.0181019306182861,unsat,V,1,7.08426776,both_solved
405,onnx/ruarobot/perturbations_0.onnx,vnnlib/ruarobot/hyperrectangle_7006.vnnlib,CERTIFIED,1,0.536428689956665,unsat,V,1,6.69418572,both_solved
406,onnx/ruarobot/perturbations_0.onnx,vnnlib/ruarobot/hyperrectangle_7465.vnnlib,CERTIFIED,1,0.9515447616577148,unsat,V,1,7.234524014,both_solved
407,onnx/ruarobot/perturbations_0.onnx,vnnlib/ruarobot/hyperrectangle_7059.vnnlib,CERTIFIED,1,17.535061836242676,unsat,V,1,18.819135214,both_solved
408,onnx/ruarobot/perturbations_0.onnx,vnnlib/ruarobot/hyperrectangle_5415.vnnlib,FALSIFIED,1,0.7253479957580566,sat,F,1,6.267242082,both_solved
409,onnx/ruarobot/perturbations_0.onnx,vnnlib/ruarobot/hyperrectangle_7819.vnnlib,FALSIFIED,1,0.5616114139556885,sat,F,1,6.275958779,both_solved
410,onnx/ruarobot/perturbations_0.onnx,vnnlib/ruarobot/hyperrectangle_3232.vnnlib,FALSIFIED,1,0.42754387855529785,sat,F,1,6.029920962,both_solved
411,onnx/ruarobot/perturbations_0.onnx,vnnlib/ruarobot/hyperrectangle_5324.vnnlib,FALSIFIED,1,0.5214178562164307,sat,F,1,6.113264463,both_solved
412,onnx/ruarobot/perturbations_0.onnx,vnnlib/ruarobot/hyperrectangle_5184.vnnlib,FALSIFIED,1,0.48743104934692383,sat,F,1,6.022757916,both_solved
413,onnx/ruarobot/perturbations_0.onnx,vnnlib/ruarobot/hyperrectangle_7744.vnnlib,FALSIFIED,1,0.6533114910125732,sat,F,1,6.181503304,both_solved
414,onnx/medical/perturbations_0.onnx,vnnlib/medical/hyperrectangle_1163.vnnlib,FALSIFIED,1,0.4756755828857422,sat,F,1,6.074353026,both_solved
415,onnx/ruarobot/perturbations_0.onnx,vnnlib/ruarobot/hyperrectangle_3331.vnnlib,FALSIFIED,1,0.6424040794372559,sat,F,1,6.251480944,both_solved
416,onnx/ruarobot/perturbations_0.onnx,vnnlib/ruarobot/hyperrectangle_6140.vnnlib,FALSIFIED,1,0.7131655216217041,sat,F,1,6.288568483,both_solved
417,onnx/ruarobot/perturbations_0.onnx,vnnlib/ruarobot/hyperrectangle_748.vnnlib,CERTIFIED,1,0.4268765449523926,unsat,V,1,6.550562168,both_solved
418,onnx/ruarobot/perturbations_0.onnx,vnnlib/ruarobot/hyperrectangle_1458.vnnlib,FALSIFIED,1,0.6964285373687744,sat,F,1,6.249715789,both_solved
419,onnx/ruarobot/perturbations_0.onnx,vnnlib/ruarobot/hyperrectangle_6160.vnnlib,CERTIFIED,1,3.3554084300994873,unsat,V,1,7.814990394,both_solved
420,onnx/medical/perturbations_0.onnx,vnnlib/medical/hyperrectangle_1922.vnnlib,CERTIFIED,1,0.9891366958618164,unsat,V,1,7.120094899,both_solved
421,onnx/medical/perturbations_0.onnx,vnnlib/medical/hyperrectangle_1248.vnnlib,FALSIFIED,1,0.47879719734191895,sat,F,1,5.984685107,both_solved
422,onnx/ruarobot/perturbations_0.onnx,vnnlib/ruarobot/hyperrectangle_918.vnnlib,FALSIFIED,1,0.6020543575286865,sat,F,1,6.296019816,both_solved
423,onnx/ruarobot/perturbations_0.onnx,vnnlib/ruarobot/hyperrectangle_1995.vnnlib,FALSIFIED,1,0.44060564041137695,sat,F,1,6.190399437,both_solved
424,onnx/ruarobot/perturbations_0.onnx,vnnlib/ruarobot/hyperrectangle_3929.vnnlib,CERTIFIED,1,0.4702639579772949,unsat,V,1,6.521938295,both_solved
425,onnx/ruarobot/perturbations_0.onnx,vnnlib/ruarobot/hyperrectangle_6923.vnnlib,FALSIFIED,1,0.5246438980102539,sat,F,1,6.181899052,both_solved
426,onnx/ruarobot/perturbations_0.onnx,vnnlib/ruarobot/hyperrectangle_291.vnnlib,FALSIFIED,1,0.4481637477874756,sat,F,1,6.009255805,both_solved
427,onnx/medical/perturbations_0.onnx,vnnlib/medical/hyperrectangle_1624.vnnlib,CERTIFIED,1,0.7514033317565918,unsat,V,1,6.59480995,both_solved
428,onnx/ruarobot/perturbations_0.onnx,vnnlib/ruarobot/hyperrectangle_3108.vnnlib,CERTIFIED,1,0.20297598838806152,unsat,V,1,5.772959392,both_solved
429,onnx/ruarobot/perturbations_0.onnx,vnnlib/ruarobot/hyperrectangle_4376.vnnlib,CERTIFIED,1,3.574432611465454,unsat,V,1,8.740603609,both_solved
430,onnx/ruarobot/perturbations_0.onnx,vnnlib/ruarobot/hyperrectangle_4696.vnnlib,CERTIFIED,1,1.4633605480194092,unsat,V,1,6.851118506,both_solved
431,onnx/ruarobot/perturbations_0.onnx,vnnlib/ruarobot/hyperrectangle_4559.vnnlib,CERTIFIED,1,0.9915831089019775,unsat,V,1,6.574330798,both_solved
432,onnx/ruarobot/perturbations_0.onnx,vnnlib/ruarobot/hyperrectangle_2060.vnnlib,FALSIFIED,1,1.0256223678588867,sat,F,1,6.306910041,both_solved
433,onnx/ruarobot/perturbations_0.onnx,vnnlib/ruarobot/hyperrectangle_1306.vnnlib,FALSIFIED,1,0.7984163761138916,sat,F,1,6.132893331,both_solved
434,onnx/ruarobot/perturbations_0.onnx,vnnlib/ruarobot/hyperrectangle_2247.vnnlib,FALSIFIED,1,0.7345058917999268,sat,F,1,6.003007851,both_solved
435,onnx/ruarobot/perturbations_0.onnx,vnnlib/ruarobot/hyperrectangle_3032.vnnlib,FALSIFIED,1,0.5930156707763672,sat,F,1,6.250793062,both_solved
436,onnx/ruarobot/perturbations_0.onnx,vnnlib/ruarobot/hyperrectangle_4041.vnnlib,FALSIFIED,1,0.4517993927001953,sat,F,1,6.091617543,both_solved
437,onnx/ruarobot/perturbations_0.onnx,vnnlib/ruarobot/hyperrectangle_789.vnnlib,FALSIFIED,1,0.4997403621673584,sat,F,1,6.151880215,both_solved
438,onnx/ruarobot/perturbations_0.onnx,vnnlib/ruarobot/hyperrectangle_4004.vnnlib,CERTIFIED,1,0.651475191116333,unsat,V,1,6.927991986,both_solved
439,onnx/ruarobot/perturbations_0.onnx,vnnlib/ruarobot/hyperrectangle_1892.vnnlib,CERTIFIED,1,0.6045584678649902,unsat,V,1,6.823708961,both_solved
440,onnx/ruarobot/perturbations_0.onnx,vnnlib/ruarobot/hyperrectangle_3718.vnnlib,FALSIFIED,1,0.5782034397125244,sat,F,1,6.248416402,both_solved
441,onnx/ruarobot/perturbations_0.onnx,vnnlib/ruarobot/hyperrectangle_3580.vnnlib,CERTIFIED,1,1.0789625644683838,unsat,V,1,6.716260534,both_solved
442,onnx/medical/perturbations_0.onnx,vnnlib/medical/hyperrectangle_1445.vnnlib,FALSIFIED,1,1.551903247833252,sat,F,1,6.307078546,both_solved
443,onnx/ruarobot/perturbations_0.onnx,vnnlib/ruarobot/hyperrectangle_6866.vnnlib,FALSIFIED,1,0.9221267700195312,sat,F,1,6.179002066,both_solved
444,onnx/ruarobot/perturbations_0.onnx,vnnlib/ruarobot/hyperrectangle_4910.vnnlib,FALSIFIED,1,1.0603861808776855,sat,F,1,6.304403048,both_solved
445,onnx/medical/perturbations_0.onnx,vnnlib/medical/hyperrectangle_850.vnnlib,CERTIFIED,1,0.16687703132629395,unsat,V,1,5.793999002,both_solved
446,onnx/ruarobot/perturbations_0.onnx,vnnlib/ruarobot/hyperrectangle_3498.vnnlib,FALSIFIED,1,1.2203450202941895,sat,F,1,6.242594112,both_solved
447,onnx/ruarobot/perturbations_0.onnx,vnnlib/ruarobot/hyperrectangle_1566.vnnlib,CERTIFIED,1,1.6033527851104736,unsat,V,1,7.324033924,both_solved
448,onnx/medical/perturbations_0.onnx,vnnlib/medical/hyperrectangle_495.vnnlib,CERTIFIED,1,0.1976332664489746,unsat,V,1,5.799496357,both_solved
449,onnx/ruarobot/perturbations_0.onnx,vnnlib/ruarobot/hyperrectangle_4256.vnnlib,CERTIFIED,1,0.7135579586029053,unsat,V,1,6.645666655,both_solved
450,onnx/ruarobot/perturbations_0.onnx,vnnlib/ruarobot/hyperrectangle_5882.vnnlib,CERTIFIED,1,1.4811022281646729,unsat,V,1,7.504771443,both_solved
451,onnx/ruarobot/perturbations_0.onnx,vnnlib/ruarobot/hyperrectangle_2427.vnnlib,FALSIFIED,1,1.2632684707641602,sat,F,1,6.094847558,both_solved
452,onnx/ruarobot/perturbations_0.onnx,vnnlib/ruarobot/hyperrectangle_365.vnnlib,FALSIFIED,1,1.550189733505249,sat,F,1,6.276264141,both_solved
453,onnx/ruarobot/perturbations_0.onnx,vnnlib/ruarobot/hyperrectangle_1047.vnnlib,FALSIFIED,1,0.8527817726135254,sat,F,1,6.02031009,both_solved
454,onnx/ruarobot/perturbations_0.onnx,vnnlib/ruarobot/hyperrectangle_305.vnnlib,FALSIFIED,1,1.4853770732879639,sat,F,1,6.313141738,both_solved
455,onnx/medical/perturbations_0.onnx,vnnlib/medical/hyperrectangle_573.vnnlib,FALSIFIED,1,0.940619945526123,sat,F,1,6.173835175,both_solved
456,onnx/ruarobot/perturbations_0.onnx,vnnlib/ruarobot/hyperrectangle_2737.vnnlib,FALSIFIED,1,0.8503580093383789,sat,F,1,6.09945534,both_solved
457,onnx/ruarobot/perturbations_0.onnx,vnnlib/ruarobot/hyperrectangle_1307.vnnlib,FALSIFIED,1,1.518660545349121,sat,F,1,6.257941466,both_solved
458,onnx/ruarobot/perturbations_0.onnx,vnnlib/ruarobot/hyperrectangle_3522.vnnlib,FALSIFIED,1,1.2389485836029053,sat,F,1,6.294775935,both_solved
459,onnx/ruarobot/perturbations_0.onnx,vnnlib/ruarobot/hyperrectangle_3207.vnnlib,FALSIFIED,1,0.6694090366363525,sat,F,1,6.280204356,both_solved
460,onnx/ruarobot/perturbations_0.onnx,vnnlib/ruarobot/hyperrectangle_1150.vnnlib,FALSIFIED,1,0.492354154586792,sat,F,1,6.07891969,both_solved
461,onnx/ruarobot/perturbations_0.onnx,vnnlib/ruarobot/hyperrectangle_4758.vnnlib,CERTIFIED,1,0.8146569728851318,unsat,V,1,6.721981099,both_solved
462,onnx/medical/perturbations_0.onnx,vnnlib/medical/hyperrectangle_368.vnnlib,CERTIFIED,1,0.17665624618530273,unsat,V,1,5.804343676,both_solved
463,onnx/ruarobot/perturbations_0.onnx,vnnlib/ruarobot/hyperrectangle_2930.vnnlib,FALSIFIED,1,1.1841588020324707,sat,F,1,6.31276592,both_solved
464,onnx/ruarobot/perturbations_0.onnx,vnnlib/ruarobot/hyperrectangle_248.vnnlib,FALSIFIED,1,1.0976874828338623,sat,F,1,6.296864267,both_solved
465,onnx/ruarobot/perturbations_0.onnx,vnnlib/ruarobot/hyperrectangle_245.vnnlib,FALSIFIED,1,0.7263953685760498,sat,F,1,6.140227239,both_solved
466,onnx/medical/perturbations_0.onnx,vnnlib/medical/hyperrectangle_1497.vnnlib,CERTIFIED,1,0.17307400703430176,unsat,V,1,5.794248636,both_solved
467,onnx/ruarobot/perturbations_0.onnx,vnnlib/ruarobot/hyperrectangle_6674.vnnlib,FALSIFIED,1,1.0707716941833496,sat,F,1,6.246104573,both_solved
468,onnx/ruarobot/perturbations_0.onnx,vnnlib/ruarobot/hyperrectangle_2928.vnnlib,FALSIFIED,1,0.6348702907562256,sat,F,1,6.157890842,both_solved
469,onnx/ruarobot/perturbations_0.onnx,vnnlib/ruarobot/hyperrectangle_312.vnnlib,FALSIFIED,1,0.6218104362487793,sat,F,1,6.285418915,both_solved
470,onnx/medical/perturbations_0.onnx,vnnlib/medical/hyperrectangle_2349.vnnlib,CERTIFIED,1,0.3488621711730957,unsat,V,1,5.878717631,both_solved
471,onnx/ruarobot/perturbations_0.onnx,vnnlib/ruarobot/hyperrectangle_7242.vnnlib,FALSIFIED,1,0.879187822341919,sat,F,1,6.12490942,both_solved
472,onnx/ruarobot/perturbations_0.onnx,vnnlib/ruarobot/hyperrectangle_3015.vnnlib,CERTIFIED,1,0.93621826171875,unsat,V,1,6.731217801,both_solved
473,onnx/ruarobot/perturbations_0.onnx,vnnlib/ruarobot/hyperrectangle_6891.vnnlib,FALSIFIED,1,1.4747357368469238,sat,F,1,6.252300937,both_solved
474,onnx/ruarobot/perturbations_0.onnx,vnnlib/ruarobot/hyperrectangle_6873.vnnlib,FALSIFIED,1,1.5521140098571777,sat,F,1,6.304449325,both_solved
475,onnx/ruarobot/perturbations_0.onnx,vnnlib/ruarobot/hyperrectangle_5877.vnnlib,FALSIFIED,1,0.9058806896209717,sat,F,1,6.216800016,both_solved
476,onnx/ruarobot/perturbations_0.onnx,vnnlib/ruarobot/hyperrectangle_7238.vnnlib,FALSIFIED,1,0.8450882434844971,sat,F,1,6.280072024,both_solved
477,onnx/medical/perturbations_0.onnx,vnnlib/medical/hyperrectangle_1923.vnnlib,CERTIFIED,1,0.48360466957092285,unsat,V,1,6.632091809,both_solved
478,onnx/ruarobot/perturbations_0.onnx,vnnlib/ruarobot/hyperrectangle_3466.vnnlib,CERTIFIED,1,1.6938085556030273,unsat,V,1,7.371948978,both_solved
479,onnx/medical/perturbations_0.onnx,vnnlib/medical/hyperrectangle_1253.vnnlib,CERTIFIED,1,0.13544654846191406,unsat,V,1,5.813660731,both_solved
480,onnx/medical/perturbations_0.onnx,vnnlib/medical/hyperrectangle_2698.vnnlib,CERTIFIED,1,0.4189114570617676,unsat,V,1,6.621191982,both_solved
481,onnx/ruarobot/perturbations_0.onnx,vnnlib/ruarobot/hyperrectangle_230.vnnlib,FALSIFIED,1,0.565105676651001,sat,F,1,6.267184162,both_solved
482,onnx/medical/perturbations_0.onnx,vnnlib/medical/hyperrectangle_1353.vnnlib,CERTIFIED,1,0.14742517471313477,unsat,V,1,5.789107534,both_solved
483,onnx/ruarobot/perturbations_0.onnx,vnnlib/ruarobot/hyperrectangle_578.vnnlib,FALSIFIED,1,1.173919916152954,sat,F,1,6.280633767,both_solved
484,onnx/medical/perturbations_0.onnx,vnnlib/medical/hyperrectangle_350.vnnlib,FALSIFIED,1,1.093811273574829,sat,F,1,6.205507588,both_solved
485,onnx/medical/perturbations_0.onnx,vnnlib/medical/hyperrectangle_2708.vnnlib,FALSIFIED,1,0.5069727897644043,sat,F,1,6.088394061,both_solved
486,onnx/ruarobot/perturbations_0.onnx,vnnlib/ruarobot/hyperrectangle_5623.vnnlib,CERTIFIED,1,0.9382357597351074,unsat,V,1,7.238273158,both_solved
487,onnx/ruarobot/perturbations_0.onnx,vnnlib/ruarobot/hyperrectangle_6414.vnnlib,FALSIFIED,1,0.6223785877227783,sat,F,1,6.145244711,both_solved
488,onnx/medical/perturbations_0.onnx,vnnlib/medical/hyperrectangle_157.vnnlib,CERTIFIED,1,0.20031332969665527,unsat,V,1,5.780891276,both_solved
489,onnx/medical/perturbations_0.onnx,vnnlib/medical/hyperrectangle_79.vnnlib,CERTIFIED,1,1.3669893741607666,unsat,V,1,7.079147477,both_solved
490,onnx/ruarobot/perturbations_0.onnx,vnnlib/ruarobot/hyperrectangle_5670.vnnlib,FALSIFIED,1,1.345315933227539,sat,F,1,6.246265405,both_solved
491,onnx/ruarobot/perturbations_0.onnx,vnnlib/ruarobot/hyperrectangle_2344.vnnlib,FALSIFIED,1,0.4972224235534668,sat,F,1,6.247899575,both_solved
492,onnx/ruarobot/perturbations_0.onnx,vnnlib/ruarobot/hyperrectangle_1134.vnnlib,FALSIFIED,1,0.7743794918060303,sat,F,1,6.310351902,both_solved
493,onnx/ruarobot/perturbations_0.onnx,vnnlib/ruarobot/hyperrectangle_4803.vnnlib,FALSIFIED,1,0.8001866340637207,sat,F,1,6.291642797,both_solved
494,onnx/medical/perturbations_0.onnx,vnnlib/medical/hyperrectangle_2763.vnnlib,CERTIFIED,1,0.1678311824798584,unsat,V,1,5.777233141,both_solved
495,onnx/ruarobot/perturbations_0.onnx,vnnlib/ruarobot/hyperrectangle_6221.vnnlib,FALSIFIED,1,1.3929634094238281,sat,F,1,6.299515763,both_solved
496,onnx/ruarobot/perturbations_0.onnx,vnnlib/ruarobot/hyperrectangle_1173.vnnlib,FALSIFIED,1,1.3013675212860107,sat,F,1,6.300888024,both_solved
497,onnx/ruarobot/perturbations_0.onnx,vnnlib/ruarobot/hyperrectangle_3095.vnnlib,CERTIFIED,1,0.4337286949157715,unsat,V,1,6.522081558,both_solved
498,onnx/ruarobot/perturbations_0.onnx,vnnlib/ruarobot/hyperrectangle_3566.vnnlib,CERTIFIED,1,0.20157146453857422,unsat,V,1,5.789465035,both_solved
499,onnx/ruarobot/perturbations_0.onnx,vnnlib/ruarobot/hyperrectangle_7689.vnnlib,FALSIFIED,1,1.252537488937378,sat,F,1,6.255387139,both_solved
500,onnx/ruarobot/perturbations_0.onnx,vnnlib/ruarobot/hyperrectangle_2348.vnnlib,FALSIFIED,1,0.9802789688110352,sat,F,1,6.084762168,both_solved
501,onnx/ruarobot/perturbations_0.onnx,vnnlib/ruarobot/hyperrectangle_5525.vnnlib,CERTIFIED,1,6.7055628299713135,unsat,V,1,12.631792078,both_solved
502,onnx/ruarobot/perturbations_0.onnx,vnnlib/ruarobot/hyperrectangle_4360.vnnlib,FALSIFIED,1,0.8394582271575928,sat,F,1,5.98621915,both_solved
503,onnx/ruarobot/perturbations_0.onnx,vnnlib/ruarobot/hyperrectangle_4359.vnnlib,CERTIFIED,1,1.9629371166229248,unsat,V,1,7.990607763,both_solved
504,onnx/ruarobot/perturbations_0.onnx,vnnlib/ruarobot/hyperrectangle_1626.vnnlib,FALSIFIED,1,0.9702913761138916,sat,F,1,6.208428281,both_solved
505,onnx/medical/perturbations_0.onnx,vnnlib/medical/hyperrectangle_2390.vnnlib,FALSIFIED,1,0.7998580932617188,sat,F,1,6.072528408,both_solved
506,onnx/medical/perturbations_0.onnx,vnnlib/medical/hyperrectangle_1673.vnnlib,CERTIFIED,1,0.18466687202453613,unsat,V,1,5.789005636,both_solved
507,onnx/ruarobot/perturbations_0.onnx,vnnlib/ruarobot/hyperrectangle_5986.vnnlib,FALSIFIED,1,1.2244112491607666,sat,F,1,6.284305023,both_solved
508,onnx/ruarobot/perturbations_0.onnx,vnnlib/ruarobot/hyperrectangle_7258.vnnlib,FALSIFIED,1,0.890869140625,sat,F,1,6.248160729,both_solved
509,onnx/medical/perturbations_0.onnx,vnnlib/medical/hyperrectangle_1726.vnnlib,CERTIFIED,1,0.2032771110534668,unsat,V,1,5.792576171,both_solved
510,onnx/ruarobot/perturbations_0.onnx,vnnlib/ruarobot/hyperrectangle_2406.vnnlib,FALSIFIED,1,0.7947499752044678,sat,F,1,6.113107106,both_solved
511,onnx/ruarobot/perturbations_0.onnx,vnnlib/ruarobot/hyperrectangle_953.vnnlib,FALSIFIED,1,0.3701493740081787,sat,F,1,6.026762505,both_solved
512,onnx/medical/perturbations_0.onnx,vnnlib/medical/hyperrectangle_145.vnnlib,CERTIFIED,1,0.6175642013549805,unsat,V,1,6.699729501,both_solved
513,onnx/ruarobot/perturbations_0.onnx,vnnlib/ruarobot/hyperrectangle_787.vnnlib,FALSIFIED,1,0.6909322738647461,sat,F,1,6.204760905,both_solved
514,onnx/ruarobot/perturbations_0.onnx,vnnlib/ruarobot/hyperrectangle_885.vnnlib,CERTIFIED,1,0.18383526802062988,unsat,V,1,5.791583551,both_solved
515,onnx/medical/perturbations_0.onnx,vnnlib/medical/hyperrectangle_2455.vnnlib,CERTIFIED,1,2.1950695514678955,unsat,V,1,7.81295711,both_solved
516,onnx/ruarobot/perturbations_0.onnx,vnnlib/ruarobot/hyperrectangle_2355.vnnlib,FALSIFIED,1,0.4600191116333008,sat,F,1,6.101606225,both_solved
517,onnx/ruarobot/perturbations_0.onnx,vnnlib/ruarobot/hyperrectangle_6650.vnnlib,FALSIFIED,1,2.0477638244628906,sat,F,1,6.237361487,both_solved
518,onnx/ruarobot/perturbations_0.onnx,vnnlib/ruarobot/hyperrectangle_22.vnnlib,FALSIFIED,1,1.9926354885101318,sat,F,1,6.257230726,both_solved
519,onnx/medical/perturbations_0.onnx,vnnlib/medical/hyperrectangle_292.vnnlib,CERTIFIED,1,0.2633359432220459,unsat,V,1,5.801910505,both_solved
520,onnx/ruarobot/perturbations_0.onnx,vnnlib/ruarobot/hyperrectangle_2673.vnnlib,FALSIFIED,1,1.3608605861663818,sat,F,1,6.123295184,both_solved
521,onnx/medical/perturbations_0.onnx,vnnlib/medical/hyperrectangle_1407.vnnlib,CERTIFIED,1,0.20074152946472168,unsat,V,1,5.788007264,both_solved
522,onnx/ruarobot/perturbations_0.onnx,vnnlib/ruarobot/hyperrectangle_4535.vnnlib,FALSIFIED,1,0.763709545135498,sat,F,1,6.232525712,both_solved
523,onnx/ruarobot/perturbations_0.onnx,vnnlib/ruarobot/hyperrectangle_6710.vnnlib,FALSIFIED,1,1.8642642498016357,sat,F,1,6.218056656,both_solved
524,onnx/medical/perturbations_0.onnx,vnnlib/medical/hyperrectangle_1764.vnnlib,CERTIFIED,1,0.8086016178131104,unsat,V,1,6.500776427,both_solved
525,onnx/ruarobot/perturbations_0.onnx,vnnlib/ruarobot/hyperrectangle_4316.vnnlib,FALSIFIED,1,2.8226888179779053,sat,F,1,6.275432146,both_solved
526,onnx/ruarobot/perturbations_0.onnx,vnnlib/ruarobot/hyperrectangle_5722.vnnlib,FALSIFIED,1,3.4069623947143555,sat,F,1,6.298554004,both_solved
527,onnx/ruarobot/perturbations_0.onnx,vnnlib/ruarobot/hyperrectangle_1737.vnnlib,CERTIFIED,1,0.2496180534362793,unsat,V,1,5.787077897,both_solved
528,onnx/medical/perturbations_0.onnx,vnnlib/medical/hyperrectangle_1515.vnnlib,CERTIFIED,1,1.7390296459197998,unsat,V,1,6.824641368,both_solved
529,onnx/ruarobot/perturbations_0.onnx,vnnlib/ruarobot/hyperrectangle_3839.vnnlib,FALSIFIED,1,1.03755784034729,sat,F,1,6.037211338,both_solved
530,onnx/ruarobot/perturbations_0.onnx,vnnlib/ruarobot/hyperrectangle_4933.vnnlib,FALSIFIED,1,1.1044135093688965,sat,F,1,6.142785514,both_solved
531,onnx/ruarobot/perturbations_0.onnx,vnnlib/ruarobot/hyperrectangle_920.vnnlib,CERTIFIED,1,0.43300390243530273,unsat,V,1,6.614125184,both_solved
532,onnx/ruarobot/perturbations_0.onnx,vnnlib/ruarobot/hyperrectangle_3039.vnnlib,FALSIFIED,1,0.49010658264160156,sat,F,1,6.176365477,both_solved
533,onnx/ruarobot/perturbations_0.onnx,vnnlib/ruarobot/hyperrectangle_4944.vnnlib,CERTIFIED,1,2.3736135959625244,unsat,V,1,7.184911479,both_solved
534,onnx/medical/perturbations_0.onnx,vnnlib/medical/hyperrectangle_1547.vnnlib,CERTIFIED,1,0.6324763298034668,unsat,V,1,6.715306709,both_solved
535,onnx/ruarobot/perturbations_0.onnx,vnnlib/ruarobot/hyperrectangle_4018.vnnlib,FALSIFIED,1,2.1609086990356445,sat,F,1,6.306912895,both_solved
536,onnx/ruarobot/perturbations_0.onnx,vnnlib/ruarobot/hyperrectangle_6853.vnnlib,FALSIFIED,1,1.2047772407531738,sat,F,1,6.338360718,both_solved
537,onnx/ruarobot/perturbations_0.onnx,vnnlib/ruarobot/hyperrectangle_7620.vnnlib,FALSIFIED,1,1.0575716495513916,sat,F,1,6.041655129,both_solved
538,onnx/ruarobot/perturbations_0.onnx,vnnlib/ruarobot/hyperrectangle_5802.vnnlib,FALSIFIED,1,1.2263295650482178,sat,F,1,6.294754684,both_solved
539,onnx/ruarobot/perturbations_0.onnx,vnnlib/ruarobot/hyperrectangle_7014.vnnlib,FALSIFIED,1,0.7758657932281494,sat,F,1,6.237849579,both_solved
540,onnx/medical/perturbations_0.onnx,vnnlib/medical/hyperrectangle_1157.vnnlib,CERTIFIED,1,1.8306732177734375,unsat,V,1,6.659941685,both_solved
541,onnx/medical/perturbations_0.onnx,vnnlib/medical/hyperrectangle_1538.vnnlib,CERTIFIED,1,0.13387131690979004,unsat,V,1,5.780413442,both_solved
542,onnx/ruarobot/perturbations_0.onnx,vnnlib/ruarobot/hyperrectangle_5306.vnnlib,FALSIFIED,1,1.39302396774292,sat,F,1,6.077332776,both_solved
543,onnx/medical/perturbations_0.onnx,vnnlib/medical/hyperrectangle_2280.vnnlib,CERTIFIED,1,2.559663772583008,unsat,V,1,8.436094928,both_solved
544,onnx/ruarobot/perturbations_0.onnx,vnnlib/ruarobot/hyperrectangle_7696.vnnlib,CERTIFIED,1,1.705620527267456,unsat,V,1,7.473801245,both_solved
545,onnx/ruarobot/perturbations_0.onnx,vnnlib/ruarobot/hyperrectangle_1470.vnnlib,CERTIFIED,1,5.118845462799072,unsat,V,1,8.604782923,both_solved
546,onnx/medical/perturbations_0.onnx,vnnlib/medical/hyperrectangle_423.vnnlib,CERTIFIED,1,0.45532727241516113,unsat,V,1,6.564373283,both_solved
547,onnx/ruarobot/perturbations_0.onnx,vnnlib/ruarobot/hyperrectangle_1371.vnnlib,FALSIFIED,1,0.5617527961730957,sat,F,1,6.095471174,both_solved
548,onnx/medical/perturbations_0.onnx,vnnlib/medical/hyperrectangle_1530.vnnlib,CERTIFIED,1,0.1382920742034912,unsat,V,1,5.814136323,both_solved
549,onnx/medical/perturbations_0.onnx,vnnlib/medical/hyperrectangle_1433.vnnlib,CERTIFIED,1,0.1421031951904297,unsat,V,1,5.790474374,both_solved
550,onnx/ruarobot/perturbations_0.onnx,vnnlib/ruarobot/hyperrectangle_4729.vnnlib,FALSIFIED,1,0.7378928661346436,sat,F,1,6.302241548,both_solved
551,onnx/ruarobot/perturbations_0.onnx,vnnlib/ruarobot/hyperrectangle_3005.vnnlib,CERTIFIED,1,0.6807200908660889,unsat,V,1,6.998327404,both_solved
552,onnx/ruarobot/perturbations_0.onnx,vnnlib/ruarobot/hyperrectangle_7233.vnnlib,CERTIFIED,1,2.5715742111206055,unsat,V,1,6.949716829,both_solved
553,onnx/ruarobot/perturbations_0.onnx,vnnlib/ruarobot/hyperrectangle_5946.vnnlib,CERTIFIED,1,0.13660097122192383,unsat,V,1,5.792692974,both_solved
554,onnx/ruarobot/perturbations_0.onnx,vnnlib/ruarobot/hyperrectangle_817.vnnlib,FALSIFIED,1,0.746281623840332,sat,F,1,6.249542271,both_solved
555,onnx/medical/perturbations_0.onnx,vnnlib/medical/hyperrectangle_735.vnnlib,FALSIFIED,1,0.7303438186645508,sat,F,1,6.29752963,both_solved
556,onnx/ruarobot/perturbations_0.onnx,vnnlib/ruarobot/hyperrectangle_915.vnnlib,FALSIFIED,1,0.557103157043457,sat,F,1,6.073989066,both_solved
557,onnx/ruarobot/perturbations_0.onnx,vnnlib/ruarobot/hyperrectangle_5021.vnnlib,FALSIFIED,1,0.623316764831543,sat,F,1,6.190446517,both_solved
558,onnx/medical/perturbations_0.onnx,vnnlib/medical/hyperrectangle_2258.vnnlib,CERTIFIED,1,0.5818357467651367,unsat,V,1,6.689248709,both_solved
559,onnx/ruarobot/perturbations_0.onnx,vnnlib/ruarobot/hyperrectangle_6028.vnnlib,CERTIFIED,1,0.7795908451080322,unsat,V,1,6.820763283,both_solved
560,onnx/ruarobot/perturbations_0.onnx,vnnlib/ruarobot/hyperrectangle_1718.vnnlib,FALSIFIED,1,1.164311170578003,sat,F,1,6.038830412,both_solved
561,onnx/ruarobot/perturbations_0.onnx,vnnlib/ruarobot/hyperrectangle_5814.vnnlib,FALSIFIED,1,0.7813360691070557,sat,F,1,6.259554627,both_solved
562,onnx/ruarobot/perturbations_0.onnx,vnnlib/ruarobot/hyperrectangle_676.vnnlib,CERTIFIED,1,2.220714807510376,unsat,V,1,6.81318405,both_solved
563,onnx/ruarobot/perturbations_0.onnx,vnnlib/ruarobot/hyperrectangle_4083.vnnlib,FALSIFIED,1,0.6543843746185303,sat,F,1,6.233679949,both_solved
564,onnx/ruarobot/perturbations_0.onnx,vnnlib/ruarobot/hyperrectangle_4357.vnnlib,CERTIFIED,1,0.4672560691833496,unsat,V,1,6.53979382,both_solved
565,onnx/ruarobot/perturbations_0.onnx,vnnlib/ruarobot/hyperrectangle_6636.vnnlib,FALSIFIED,1,0.7884526252746582,sat,F,1,6.265219879,both_solved
566,onnx/ruarobot/perturbations_0.onnx,vnnlib/ruarobot/hyperrectangle_2054.vnnlib,FALSIFIED,1,0.7804234027862549,sat,F,1,6.279845084,both_solved
567,onnx/ruarobot/perturbations_0.onnx,vnnlib/ruarobot/hyperrectangle_4192.vnnlib,FALSIFIED,1,0.584489107131958,sat,F,1,6.118085098,both_solved
568,onnx/ruarobot/perturbations_0.onnx,vnnlib/ruarobot/hyperrectangle_1381.vnnlib,FALSIFIED,1,0.7867794036865234,sat,F,1,6.271582007,both_solved
569,onnx/medical/perturbations_0.onnx,vnnlib/medical/hyperrectangle_675.vnnlib,FALSIFIED,1,0.7872524261474609,sat,F,1,6.276453485,both_solved
570,onnx/medical/perturbations_0.onnx,vnnlib/medical/hyperrectangle_1770.vnnlib,CERTIFIED,1,0.14513659477233887,unsat,V,1,5.789415574,both_solved
571,onnx/medical/perturbations_0.onnx,vnnlib/medical/hyperrectangle_2185.vnnlib,FALSIFIED,1,0.9173743724822998,sat,F,1,6.291174136,both_solved
572,onnx/ruarobot/perturbations_0.onnx,vnnlib/ruarobot/hyperrectangle_1992.vnnlib,CERTIFIED,1,0.5418272018432617,unsat,V,1,6.661057297,both_solved
573,onnx/ruarobot/perturbations_0.onnx,vnnlib/ruarobot/hyperrectangle_3338.vnnlib,FALSIFIED,1,1.157625675201416,sat,F,1,6.307682287,both_solved
574,onnx/ruarobot/perturbations_0.onnx,vnnlib/ruarobot/hyperrectangle_5357.vnnlib,FALSIFIED,1,0.727276086807251,sat,F,1,6.297508022,both_solved
575,onnx/medical/perturbations_0.onnx,vnnlib/medical/hyperrectangle_2823.vnnlib,CERTIFIED,1,0.23090863227844238,unsat,V,1,5.836807361,both_solved
576,onnx/ruarobot/perturbations_0.onnx,vnnlib/ruarobot/hyperrectangle_129.vnnlib,FALSIFIED,1,0.6359691619873047,sat,F,1,6.1540521,both_solved
577,onnx/ruarobot/perturbations_0.onnx,vnnlib/ruarobot/hyperrectangle_455.vnnlib,CERTIFIED,1,0.602931022644043,unsat,V,1,6.890494508,both_solved
578,onnx/ruarobot/perturbations_0.onnx,vnnlib/ruarobot/hyperrectangle_600.vnnlib,CERTIFIED,1,0.6129381656646729,unsat,V,1,6.68459903,both_solved
579,onnx/medical/perturbations_0.onnx,vnnlib/medical/hyperrectangle_2088.vnnlib,FALSIFIED,1,0.42143750190734863,sat,F,1,6.007294454,both_solved
580,onnx/ruarobot/perturbations_0.onnx,vnnlib/ruarobot/hyperrectangle_3781.vnnlib,CERTIFIED,1,0.5972285270690918,unsat,V,1,6.680288782,both_solved
581,onnx/medical/perturbations_0.onnx,vnnlib/medical/hyperrectangle_1100.vnnlib,FALSIFIED,1,0.7926578521728516,sat,F,1,6.267589905,both_solved
582,onnx/ruarobot/perturbations_0.onnx,vnnlib/ruarobot/hyperrectangle_1252.vnnlib,FALSIFIED,1,0.8268027305603027,sat,F,1,6.297578857,both_solved
583,onnx/ruarobot/perturbations_0.onnx,vnnlib/ruarobot/hyperrectangle_615.vnnlib,FALSIFIED,1,0.5726611614227295,sat,F,1,6.303848595,both_solved
584,onnx/ruarobot/perturbations_0.onnx,vnnlib/ruarobot/hyperrectangle_1932.vnnlib,CERTIFIED,1,0.8260071277618408,unsat,V,1,7.151878635,both_solved
585,onnx/medical/perturbations_0.onnx,vnnlib/medical/hyperrectangle_975.vnnlib,CERTIFIED,1,1.5417394638061523,unsat,V,1,6.689017699,both_solved
586,onnx/medical/perturbations_0.onnx,vnnlib/medical/hyperrectangle_266.vnnlib,CERTIFIED,1,0.138472318649292,unsat,V,1,5.79129647,both_solved
587,onnx/medical/perturbations_0.onnx,vnnlib/medical/hyperrectangle_2066.vnnlib,FALSIFIED,1,0.44754576683044434,sat,F,1,5.997075304,both_solved
588,onnx/ruarobot/perturbations_0.onnx,vnnlib/ruarobot/hyperrectangle_680.vnnlib,FALSIFIED,1,0.780461311340332,sat,F,1,6.27034084,both_solved
589,onnx/ruarobot/perturbations_0.onnx,vnnlib/ruarobot/hyperrectangle_3542.vnnlib,CERTIFIED,1,0.6900694370269775,unsat,V,1,6.915994351,both_solved
590,onnx/ruarobot/perturbations_0.onnx,vnnlib/ruarobot/hyperrectangle_6567.vnnlib,FALSIFIED,1,0.8077871799468994,sat,F,1,6.2493774,both_solved
591,onnx/ruarobot/perturbations_0.onnx,vnnlib/ruarobot/hyperrectangle_7641.vnnlib,FALSIFIED,1,0.6660590171813965,sat,F,1,6.161773507,both_solved
592,onnx/ruarobot/perturbations_0.onnx,vnnlib/ruarobot/hyperrectangle_4451.vnnlib,CERTIFIED,1,0.41494226455688477,unsat,V,1,6.520895538,both_solved
593,onnx/medical/perturbations_0.onnx,vnnlib/medical/hyperrectangle_570.vnnlib,FALSIFIED,1,0.4153759479522705,sat,F,1,5.989579372,both_solved
594,onnx/ruarobot/perturbations_0.onnx,vnnlib/ruarobot/hyperrectangle_6688.vnnlib,FALSIFIED,1,0.4528217315673828,sat,F,1,6.046154546,both_solved
595,onnx/ruarobot/perturbations_0.onnx,vnnlib/ruarobot/hyperrectangle_6324.vnnlib,FALSIFIED,1,0.5713710784912109,sat,F,1,6.302956329,both_solved
596,onnx/ruarobot/perturbations_0.onnx,vnnlib/ruarobot/hyperrectangle_1227.vnnlib,FALSIFIED,1,2.1872241497039795,sat,F,1,6.256167974,both_solved
597,onnx/ruarobot/perturbations_0.onnx,vnnlib/ruarobot/hyperrectangle_3955.vnnlib,CERTIFIED,1,2.454023599624634,unsat,V,1,7.862405961,both_solved
598,onnx/ruarobot/perturbations_0.onnx,vnnlib/ruarobot/hyperrectangle_5963.vnnlib,FALSIFIED,1,0.7045068740844727,sat,F,1,6.281115556,both_solved
599,onnx/ruarobot/perturbations_0.onnx,vnnlib/ruarobot/hyperrectangle_6020.vnnlib,FALSIFIED,1,0.5605564117431641,sat,F,1,6.127679609,both_solved
600,onnx/ruarobot/perturbations_0.onnx,vnnlib/ruarobot/hyperrectangle_1398.vnnlib,FALSIFIED,1,0.865664005279541,sat,F,1,6.300912283,both_solved
601,onnx/ruarobot/perturbations_0.onnx,vnnlib/ruarobot/hyperrectangle_142.vnnlib,FALSIFIED,1,1.7791755199432373,sat,F,1,6.302499012,both_solved
602,onnx/ruarobot/perturbations_0.onnx,vnnlib/ruarobot/hyperrectangle_1567.vnnlib,FALSIFIED,1,0.7238256931304932,sat,F,1,6.272065343,both_solved
603,onnx/ruarobot/perturbations_0.onnx,vnnlib/ruarobot/hyperrectangle_5715.vnnlib,FALSIFIED,1,0.6661190986633301,sat,F,1,6.135370211,both_solved
604,onnx/ruarobot/perturbations_0.onnx,vnnlib/ruarobot/hyperrectangle_4515.vnnlib,FALSIFIED,1,0.817082405090332,sat,F,1,6.301054297,both_solved
605,onnx/ruarobot/perturbations_0.onnx,vnnlib/ruarobot/hyperrectangle_5092.vnnlib,FALSIFIED,1,0.6085081100463867,sat,F,1,6.276170689,both_solved
606,onnx/ruarobot/perturbations_0.onnx,vnnlib/ruarobot/hyperrectangle_1536.vnnlib,FALSIFIED,1,2.487088441848755,sat,F,1,6.295425999,both_solved
607,onnx/ruarobot/perturbations_0.onnx,vnnlib/ruarobot/hyperrectangle_1366.vnnlib,CERTIFIED,1,0.8194921016693115,unsat,V,1,6.842267354,both_solved
608,onnx/ruarobot/perturbations_0.onnx,vnnlib/ruarobot/hyperrectangle_5409.vnnlib,CERTIFIED,1,0.8676543235778809,unsat,V,1,6.90450551,both_solved
609,onnx/ruarobot/perturbations_0.onnx,vnnlib/ruarobot/hyperrectangle_6097.vnnlib,FALSIFIED,1,0.7215712070465088,sat,F,1,6.285447071,both_solved
610,onnx/medical/perturbations_0.onnx,vnnlib/medical/hyperrectangle_2222.vnnlib,FALSIFIED,1,0.6469612121582031,sat,F,1,6.198290146,both_solved
611,onnx/ruarobot/perturbations_0.onnx,vnnlib/ruarobot/hyperrectangle_2953.vnnlib,FALSIFIED,1,0.604745626449585,sat,F,1,6.181004023,both_solved
612,onnx/ruarobot/perturbations_0.onnx,vnnlib/ruarobot/hyperrectangle_3484.vnnlib,FALSIFIED,1,0.7374300956726074,sat,F,1,6.303173534,both_solved
613,onnx/ruarobot/perturbations_0.onnx,vnnlib/ruarobot/hyperrectangle_6190.vnnlib,FALSIFIED,1,0.6147041320800781,sat,F,1,6.220332077,both_solved
614,onnx/ruarobot/perturbations_0.onnx,vnnlib/ruarobot/hyperrectangle_6539.vnnlib,FALSIFIED,1,0.7808611392974854,sat,F,1,6.300861405,both_solved
615,onnx/ruarobot/perturbations_0.onnx,vnnlib/ruarobot/hyperrectangle_100.vnnlib,FALSIFIED,1,0.7630424499511719,sat,F,1,6.314924103,both_solved
616,onnx/medical/perturbations_0.onnx,vnnlib/medical/hyperrectangle_1574.vnnlib,CERTIFIED,1,0.24060511589050293,unsat,V,1,5.792897877,both_solved
617,onnx/medical/perturbations_0.onnx,vnnlib/medical/hyperrectangle_264.vnnlib,CERTIFIED,1,0.14081120491027832,unsat,V,1,5.792739134,both_solved
618,onnx/ruarobot/perturbations_0.onnx,vnnlib/ruarobot/hyperrectangle_2882.vnnlib,FALSIFIED,1,0.5171959400177002,sat,F,1,6.085901639,both_solved
619,onnx/medical/perturbations_0.onnx,vnnlib/medical/hyperrectangle_2000.vnnlib,CERTIFIED,1,0.6445302963256836,unsat,V,1,6.767297379,both_solved
620,onnx/ruarobot/perturbations_0.onnx,vnnlib/ruarobot/hyperrectangle_6434.vnnlib,FALSIFIED,1,0.9617910385131836,sat,F,1,6.287927592,both_solved
621,onnx/medical/perturbations_0.onnx,vnnlib/medical/hyperrectangle_2197.vnnlib,CERTIFIED,1,0.1463019847869873,unsat,V,1,5.803818774,both_solved
622,onnx/ruarobot/perturbations_0.onnx,vnnlib/ruarobot/hyperrectangle_6204.vnnlib,FALSIFIED,1,0.6516704559326172,sat,F,1,6.177938373,both_solved
623,onnx/medical/perturbations_0.onnx,vnnlib/medical/hyperrectangle_184.vnnlib,CERTIFIED,1,0.14556360244750977,unsat,V,1,5.789109105,both_solved
624,onnx/medical/perturbations_0.onnx,vnnlib/medical/hyperrectangle_1280.vnnlib,CERTIFIED,1,0.154052734375,unsat,V,1,5.798071764,both_solved
625,onnx/ruarobot/perturbations_0.onnx,vnnlib/ruarobot/hyperrectangle_1369.vnnlib,FALSIFIED,1,0.7255892753601074,sat,F,1,6.274077205,both_solved
626,onnx/ruarobot/perturbations_0.onnx,vnnlib/ruarobot/hyperrectangle_1937.vnnlib,CERTIFIED,1,1.4558546543121338,unsat,V,1,7.67734581,both_solved
627,onnx/ruarobot/perturbations_0.onnx,vnnlib/ruarobot/hyperrectangle_500.vnnlib,FALSIFIED,1,2.456200122833252,sat,F,1,6.303255668,both_solved
628,onnx/ruarobot/perturbations_0.onnx,vnnlib/ruarobot/hyperrectangle_4495.vnnlib,FALSIFIED,1,0.5538780689239502,sat,F,1,6.125524411,both_solved
629,onnx/ruarobot/perturbations_0.onnx,vnnlib/ruarobot/hyperrectangle_5332.vnnlib,FALSIFIED,1,0.46683835983276367,sat,F,1,6.019916101,both_solved
630,onnx/medical/perturbations_0.onnx,vnnlib/medical/hyperrectangle_719.vnnlib,CERTIFIED,1,0.4257168769836426,unsat,V,1,6.52456029,both_solved
631,onnx/medical/perturbations_0.onnx,vnnlib/medical/hyperrectangle_372.vnnlib,CERTIFIED,1,0.13999676704406738,unsat,V,1,5.78976332,both_solved
632,onnx/ruarobot/perturbations_0.onnx,vnnlib/ruarobot/hyperrectangle_6449.vnnlib,FALSIFIED,1,0.7897465229034424,sat,F,1,6.307650787,both_solved
633,onnx/ruarobot/perturbations_0.onnx,vnnlib/ruarobot/hyperrectangle_1086.vnnlib,FALSIFIED,1,0.7320311069488525,sat,F,1,6.176792602,both_solved
634,onnx/ruarobot/perturbations_0.onnx,vnnlib/ruarobot/hyperrectangle_1439.vnnlib,CERTIFIED,1,0.7722916603088379,unsat,V,1,7.016193526,both_solved
635,onnx/ruarobot/perturbations_0.onnx,vnnlib/ruarobot/hyperrectangle_2721.vnnlib,FALSIFIED,1,0.6271636486053467,sat,F,1,6.147867207,both_solved
636,onnx/ruarobot/perturbations_0.onnx,vnnlib/ruarobot/hyperrectangle_756.vnnlib,FALSIFIED,1,0.7196497917175293,sat,F,1,6.239412743,both_solved
637,onnx/medical/perturbations_0.onnx,vnnlib/medical/hyperrectangle_692.vnnlib,FALSIFIED,1,0.5568013191223145,sat,F,1,6.281891465,both_solved
638,onnx/ruarobot/perturbations_0.onnx,vnnlib/ruarobot/hyperrectangle_4225.vnnlib,CERTIFIED,1,0.5319187641143799,unsat,V,1,6.851376649,both_solved
639,onnx/medical/perturbations_0.onnx,vnnlib/medical/hyperrectangle_1693.vnnlib,CERTIFIED,1,0.25417423248291016,unsat,V,1,5.828832625,both_solved
640,onnx/ruarobot/perturbations_0.onnx,vnnlib/ruarobot/hyperrectangle_4911.vnnlib,FALSIFIED,1,0.8137588500976562,sat,F,1,6.382674645,both_solved
641,onnx/ruarobot/perturbations_0.onnx,vnnlib/ruarobot/hyperrectangle_3365.vnnlib,FALSIFIED,1,1.2001104354858398,sat,F,1,6.342903833,both_solved
642,onnx/medical/perturbations_0.onnx,vnnlib/medical/hyperrectangle_2584.vnnlib,FALSIFIED,1,0.7748198509216309,sat,F,1,6.105713447,both_solved
643,onnx/ruarobot/perturbations_0.onnx,vnnlib/ruarobot/hyperrectangle_2553.vnnlib,FALSIFIED,1,1.1295619010925293,sat,F,1,6.297504503,both_solved
644,onnx/ruarobot/perturbations_0.onnx,vnnlib/ruarobot/hyperrectangle_7064.vnnlib,FALSIFIED,1,0.7033939361572266,sat,F,1,6.082988027,both_solved
645,onnx/ruarobot/perturbations_0.onnx,vnnlib/ruarobot/hyperrectangle_5425.vnnlib,FALSIFIED,1,1.1185247898101807,sat,F,1,6.248558999,both_solved
646,onnx/medical/perturbations_0.onnx,vnnlib/medical/hyperrectangle_1369.vnnlib,CERTIFIED,1,0.1468665599822998,unsat,V,1,5.814796188,both_solved
647,onnx/ruarobot/perturbations_0.onnx,vnnlib/ruarobot/hyperrectangle_5308.vnnlib,FALSIFIED,1,0.5778579711914062,sat,F,1,6.159509849,both_solved
648,onnx/ruarobot/perturbations_0.onnx,vnnlib/ruarobot/hyperrectangle_1304.vnnlib,FALSIFIED,1,1.6683945655822754,sat,F,1,6.188772624,both_solved
649,onnx/ruarobot/perturbations_0.onnx,vnnlib/ruarobot/hyperrectangle_4307.vnnlib,CERTIFIED,1,2.164581060409546,unsat,V,1,8.148482849,both_solved
650,onnx/ruarobot/perturbations_0.onnx,vnnlib/ruarobot/hyperrectangle_4175.vnnlib,CERTIFIED,1,1.174710750579834,unsat,V,1,6.974356011,both_solved
651,onnx/medical/perturbations_0.onnx,vnnlib/medical/hyperrectangle_1485.vnnlib,CERTIFIED,1,0.1697230339050293,unsat,V,1,5.818130742,both_solved
652,onnx/ruarobot/perturbations_0.onnx,vnnlib/ruarobot/hyperrectangle_4665.vnnlib,FALSIFIED,1,1.0543339252471924,sat,F,1,6.225245998,both_solved
653,onnx/medical/perturbations_0.onnx,vnnlib/medical/hyperrectangle_2307.vnnlib,CERTIFIED,1,0.6651875972747803,unsat,V,1,6.625316508,both_solved
654,onnx/ruarobot/perturbations_0.onnx,vnnlib/ruarobot/hyperrectangle_5606.vnnlib,CERTIFIED,1,1.2901256084442139,unsat,V,1,6.906097729,both_solved
655,onnx/ruarobot/perturbations_0.onnx,vnnlib/ruarobot/hyperrectangle_6052.vnnlib,FALSIFIED,1,1.1679258346557617,sat,F,1,6.331698151,both_solved
656,onnx/medical/perturbations_0.onnx,vnnlib/medical/hyperrectangle_1500.vnnlib,FALSIFIED,1,0.8024733066558838,sat,F,1,6.159498905,both_solved
657,onnx/ruarobot/perturbations_0.onnx,vnnlib/ruarobot/hyperrectangle_4379.vnnlib,FALSIFIED,1,0.8431210517883301,sat,F,1,6.223480444,both_solved
658,onnx/ruarobot/perturbations_0.onnx,vnnlib/ruarobot/hyperrectangle_1742.vnnlib,FALSIFIED,1,1.9614286422729492,sat,F,1,6.343832397,both_solved
659,onnx/ruarobot/perturbations_0.onnx,vnnlib/ruarobot/hyperrectangle_3618.vnnlib,FALSIFIED,1,1.4333739280700684,sat,F,1,6.322151185,both_solved
660,onnx/ruarobot/perturbations_0.onnx,vnnlib/ruarobot/hyperrectangle_4103.vnnlib,FALSIFIED,1,0.7781238555908203,sat,F,1,6.046466254,both_solved
661,onnx/ruarobot/perturbations_0.onnx,vnnlib/ruarobot/hyperrectangle_1269.vnnlib,FALSIFIED,1,0.6889123916625977,sat,F,1,6.070080517,both_solved
662,onnx/ruarobot/perturbations_0.onnx,vnnlib/ruarobot/hyperrectangle_1100.vnnlib,FALSIFIED,1,0.9596855640411377,sat,F,1,6.174939824,both_solved
663,onnx/ruarobot/perturbations_0.onnx,vnnlib/ruarobot/hyperrectangle_6212.vnnlib,FALSIFIED,1,1.2441802024841309,sat,F,1,6.302339913,both_solved
664,onnx/medical/perturbations_0.onnx,vnnlib/medical/hyperrectangle_2344.vnnlib,FALSIFIED,1,1.3132245540618896,sat,F,1,6.330929681,both_solved
665,onnx/ruarobot/perturbations_0.onnx,vnnlib/ruarobot/hyperrectangle_6945.vnnlib,FALSIFIED,1,1.2078683376312256,sat,F,1,6.294719889,both_solved
666,onnx/medical/perturbations_0.onnx,vnnlib/medical/hyperrectangle_2354.vnnlib,FALSIFIED,1,1.2319462299346924,sat,F,1,6.313780135,both_solved
667,onnx/ruarobot/perturbations_0.onnx,vnnlib/ruarobot/hyperrectangle_1401.vnnlib,FALSIFIED,1,0.5608699321746826,sat,F,1,6.323443837,both_solved
668,onnx/ruarobot/perturbations_0.onnx,vnnlib/ruarobot/hyperrectangle_2123.vnnlib,FALSIFIED,1,1.0824148654937744,sat,F,1,6.254669385,both_solved
669,onnx/ruarobot/perturbations_0.onnx,vnnlib/ruarobot/hyperrectangle_3849.vnnlib,CERTIFIED,1,0.8171935081481934,unsat,V,1,6.7246097,both_solved
670,onnx/ruarobot/perturbations_0.onnx,vnnlib/ruarobot/hyperrectangle_7881.vnnlib,FALSIFIED,1,0.9760024547576904,sat,F,1,6.292967482,both_solved
671,onnx/ruarobot/perturbations_0.onnx,vnnlib/ruarobot/hyperrectangle_7895.vnnlib,FALSIFIED,1,0.6001369953155518,sat,F,1,6.0417527,both_solved
672,onnx/ruarobot/perturbations_0.onnx,vnnlib/ruarobot/hyperrectangle_6788.vnnlib,FALSIFIED,1,0.8940315246582031,sat,F,1,6.249225783,both_solved
673,onnx/ruarobot/perturbations_0.onnx,vnnlib/ruarobot/hyperrectangle_2177.vnnlib,FALSIFIED,1,0.5622296333312988,sat,F,1,6.037034021,both_solved
674,onnx/ruarobot/perturbations_0.onnx,vnnlib/ruarobot/hyperrectangle_5766.vnnlib,FALSIFIED,1,1.1302165985107422,sat,F,1,6.309555536,both_solved
675,onnx/ruarobot/perturbations_0.onnx,vnnlib/ruarobot/hyperrectangle_6036.vnnlib,FALSIFIED,1,0.9209115505218506,sat,F,1,6.214299564,both_solved
676,onnx/ruarobot/perturbations_0.onnx,vnnlib/ruarobot/hyperrectangle_4343.vnnlib,CERTIFIED,1,0.5638573169708252,unsat,V,1,6.646002318,both_solved
677,onnx/ruarobot/perturbations_0.onnx,vnnlib/ruarobot/hyperrectangle_7515.vnnlib,FALSIFIED,1,0.58260178565979,sat,F,1,5.907083005,both_solved
678,onnx/ruarobot/perturbations_0.onnx,vnnlib/ruarobot/hyperrectangle_2302.vnnlib,FALSIFIED,1,0.9372949600219727,sat,F,1,6.164834413,both_solved
679,onnx/ruarobot/perturbations_0.onnx,vnnlib/ruarobot/hyperrectangle_6812.vnnlib,FALSIFIED,1,1.2851145267486572,sat,F,1,6.275933515,both_solved
680,onnx/ruarobot/perturbations_0.onnx,vnnlib/ruarobot/hyperrectangle_253.vnnlib,FALSIFIED,1,0.6956682205200195,sat,F,1,6.126158281,both_solved
681,onnx/medical/perturbations_0.onnx,vnnlib/medical/hyperrectangle_354.vnnlib,FALSIFIED,1,1.1793336868286133,sat,F,1,6.232442616,both_solved
682,onnx/medical/perturbations_0.onnx,vnnlib/medical/hyperrectangle_2609.vnnlib,CERTIFIED,1,0.18308377265930176,unsat,V,1,5.836029992,both_solved
683,onnx/ruarobot/perturbations_0.onnx,vnnlib/ruarobot/hyperrectangle_7035.vnnlib,FALSIFIED,1,0.9315228462219238,sat,F,1,6.193007645,both_solved
684,onnx/ruarobot/perturbations_0.onnx,vnnlib/ruarobot/hyperrectangle_3828.vnnlib,FALSIFIED,1,1.304628849029541,sat,F,1,6.116876999,both_solved
685,onnx/ruarobot/perturbations_0.onnx,vnnlib/ruarobot/hyperrectangle_293.vnnlib,FALSIFIED,1,1.0899174213409424,sat,F,1,6.331998247,both_solved
686,onnx/medical/perturbations_0.onnx,vnnlib/medical/hyperrectangle_1091.vnnlib,CERTIFIED,1,0.38269543647766113,unsat,V,1,6.589016132,both_solved
687,onnx/ruarobot/perturbations_0.onnx,vnnlib/ruarobot/hyperrectangle_7398.vnnlib,FALSIFIED,1,1.4815828800201416,sat,F,1,6.3525225,both_solved
688,onnx/ruarobot/perturbations_0.onnx,vnnlib/ruarobot/hyperrectangle_1481.vnnlib,FALSIFIED,1,1.008896827697754,sat,F,1,6.112137297,both_solved
689,onnx/medical/perturbations_0.onnx,vnnlib/medical/hyperrectangle_2712.vnnlib,CERTIFIED,1,0.16596245765686035,unsat,V,1,5.8362346,both_solved
690,onnx/ruarobot/perturbations_0.onnx,vnnlib/ruarobot/hyperrectangle_2552.vnnlib,FALSIFIED,1,1.0505759716033936,sat,F,1,6.285835201,both_solved
691,onnx/ruarobot/perturbations_0.onnx,vnnlib/ruarobot/hyperrectangle_3634.vnnlib,FALSIFIED,1,1.1360673904418945,sat,F,1,6.328957278,both_solved
692,onnx/ruarobot/perturbations_0.onnx,vnnlib/ruarobot/hyperrectangle_2992.vnnlib,FALSIFIED,1,0.8723952770233154,sat,F,1,6.225522119,both_solved
693,onnx/ruarobot/perturbations_0.onnx,vnnlib/ruarobot/hyperrectangle_4969.vnnlib,FALSIFIED,1,1.5628180503845215,sat,F,1,6.336872449,both_solved
694,onnx/ruarobot/perturbations_0.onnx,vnnlib/ruarobot/hyperrectangle_3031.vnnlib,CERTIFIED,1,0.19331622123718262,unsat,V,1,5.851644581,both_solved
695,onnx/ruarobot/perturbations_0.onnx,vnnlib/ruarobot/hyperrectangle_770.vnnlib,FALSIFIED,1,0.8551816940307617,sat,F,1,6.229264677,both_solved
696,onnx/ruarobot/perturbations_0.onnx,vnnlib/ruarobot/hyperrectangle_5852.vnnlib,FALSIFIED,1,1.07379150390625,sat,F,1,6.340431227,both_solved
697,onnx/ruarobot/perturbations_0.onnx,vnnlib/ruarobot/hyperrectangle_2792.vnnlib,FALSIFIED,1,0.707937479019165,sat,F,1,6.267240051,both_solved
698,onnx/medical/perturbations_0.onnx,vnnlib/medical/hyperrectangle_2183.vnnlib,CERTIFIED,1,0.9177021980285645,unsat,V,1,6.55936923,both_solved
699,onnx/ruarobot/perturbations_0.onnx,vnnlib/ruarobot/hyperrectangle_791.vnnlib,FALSIFIED,1,0.9227285385131836,sat,F,1,6.191587639,both_solved
700,onnx/ruarobot/perturbations_0.onnx,vnnlib/ruarobot/hyperrectangle_1803.vnnlib,CERTIFIED,1,0.18117427825927734,unsat,V,1,5.831407198,both_solved
701,onnx/ruarobot/perturbations_0.onnx,vnnlib/ruarobot/hyperrectangle_3063.vnnlib,CERTIFIED,1,1.2007958889007568,unsat,V,1,7.014905511,both_solved
702,onnx/ruarobot/perturbations_0.onnx,vnnlib/ruarobot/hyperrectangle_194.vnnlib,CERTIFIED,1,1.136531114578247,unsat,V,1,6.929006397,both_solved
703,onnx/ruarobot/perturbations_0.onnx,vnnlib/ruarobot/hyperrectangle_5649.vnnlib,FALSIFIED,1,1.8587322235107422,sat,F,1,6.332989766,both_solved
704,onnx/medical/perturbations_0.onnx,vnnlib/medical/hyperrectangle_1943.vnnlib,CERTIFIED,1,0.13177895545959473,unsat,V,1,5.792104478,both_solved
705,onnx/ruarobot/perturbations_0.onnx,vnnlib/ruarobot/hyperrectangle_7493.vnnlib,FALSIFIED,1,1.8173496723175049,sat,F,1,6.318463531,both_solved
706,onnx/ruarobot/perturbations_0.onnx,vnnlib/ruarobot/hyperrectangle_2144.vnnlib,FALSIFIED,1,1.0938825607299805,sat,F,1,6.344333471,both_solved
707,onnx/ruarobot/perturbations_0.onnx,vnnlib/ruarobot/hyperrectangle_2205.vnnlib,FALSIFIED,1,1.1822559833526611,sat,F,1,6.296932719,both_solved
708,onnx/ruarobot/perturbations_0.onnx,vnnlib/ruarobot/hyperrectangle_1875.vnnlib,FALSIFIED,1,1.1692593097686768,sat,F,1,6.309833192,both_solved
709,onnx/ruarobot/perturbations_0.onnx,vnnlib/ruarobot/hyperrectangle_5310.vnnlib,FALSIFIED,1,1.1358962059020996,sat,F,1,6.328225878,both_solved
710,onnx/ruarobot/perturbations_0.onnx,vnnlib/ruarobot/hyperrectangle_4953.vnnlib,CERTIFIED,1,1.0409696102142334,unsat,V,1,6.82865041,both_solved
711,onnx/medical/perturbations_0.onnx,vnnlib/medical/hyperrectangle_2780.vnnlib,CERTIFIED,1,0.9027004241943359,unsat,V,1,6.835294135,both_solved
712,onnx/ruarobot/perturbations_0.onnx,vnnlib/ruarobot/hyperrectangle_837.vnnlib,FALSIFIED,1,0.8547182083129883,sat,F,1,6.147092267,both_solved
713,onnx/ruarobot/perturbations_0.onnx,vnnlib/ruarobot/hyperrectangle_4203.vnnlib,CERTIFIED,1,0.899275541305542,unsat,V,1,7.024780202,both_solved
714,onnx/ruarobot/perturbations_0.onnx,vnnlib/ruarobot/hyperrectangle_2428.vnnlib,FALSIFIED,1,0.5421240329742432,sat,F,1,6.265655136,both_solved
715,onnx/ruarobot/perturbations_0.onnx,vnnlib/ruarobot/hyperrectangle_1474.vnnlib,CERTIFIED,1,0.649585485458374,unsat,V,1,6.647515257,both_solved
716,onnx/ruarobot/perturbations_0.onnx,vnnlib/ruarobot/hyperrectangle_2526.vnnlib,FALSIFIED,1,0.9191834926605225,sat,F,1,6.203388015,both_solved
717,onnx/ruarobot/perturbations_0.onnx,vnnlib/ruarobot/hyperrectangle_3692.vnnlib,FALSIFIED,1,0.8899738788604736,sat,F,1,6.142252603,both_solved
718,onnx/ruarobot/perturbations_0.onnx,vnnlib/ruarobot/hyperrectangle_3443.vnnlib,CERTIFIED,1,1.3054351806640625,unsat,V,1,6.901036911,both_solved
719,onnx/ruarobot/perturbations_0.onnx,vnnlib/ruarobot/hyperrectangle_6123.vnnlib,FALSIFIED,1,1.222334384918213,sat,F,1,6.26149855,both_solved
720,onnx/ruarobot/perturbations_0.onnx,vnnlib/ruarobot/hyperrectangle_2896.vnnlib,FALSIFIED,1,1.2808163166046143,sat,F,1,6.338381422,both_solved
721,onnx/ruarobot/perturbations_0.onnx,vnnlib/ruarobot/hyperrectangle_3550.vnnlib,FALSIFIED,1,0.868272066116333,sat,F,1,6.141499249,both_solved
722,onnx/ruarobot/perturbations_0.onnx,vnnlib/ruarobot/hyperrectangle_2283.vnnlib,CERTIFIED,1,12.84136152267456,unsat,V,1,15.414716603,both_solved
723,onnx/ruarobot/perturbations_0.onnx,vnnlib/ruarobot/hyperrectangle_7468.vnnlib,CERTIFIED,1,0.23642730712890625,unsat,V,1,5.811118803,both_solved
724,onnx/medical/perturbations_0.onnx,vnnlib/medical/hyperrectangle_1104.vnnlib,CERTIFIED,1,0.7320384979248047,unsat,V,1,6.83365297,both_solved
725,onnx/ruarobot/perturbations_0.onnx,vnnlib/ruarobot/hyperrectangle_3969.vnnlib,CERTIFIED,1,0.9098236560821533,unsat,V,1,7.046645456,both_solved
726,onnx/ruarobot/perturbations_0.onnx,vnnlib/ruarobot/hyperrectangle_4234.vnnlib,CERTIFIED,1,1.2766668796539307,unsat,V,1,6.820501699,both_solved
727,onnx/ruarobot/perturbations_0.onnx,vnnlib/ruarobot/hyperrectangle_919.vnnlib,FALSIFIED,1,0.796511173248291,sat,F,1,6.118870023,both_solved
728,onnx/medical/perturbations_0.onnx,vnnlib/medical/hyperrectangle_1690.vnnlib,CERTIFIED,1,0.5699210166931152,unsat,V,1,6.501403015,both_solved
729,onnx/ruarobot/perturbations_0.onnx,vnnlib/ruarobot/hyperrectangle_6894.vnnlib,FALSIFIED,1,1.069389820098877,sat,F,1,6.347982912,both_solved
730,onnx/ruarobot/perturbations_0.onnx,vnnlib/ruarobot/hyperrectangle_955.vnnlib,FALSIFIED,1,1.1130754947662354,sat,F,1,6.295793749,both_solved
731,onnx/ruarobot/perturbations_0.onnx,vnnlib/ruarobot/hyperrectangle_3857.vnnlib,FALSIFIED,1,0.7967736721038818,sat,F,1,6.136892214,both_solved
732,onnx/ruarobot/perturbations_0.onnx,vnnlib/ruarobot/hyperrectangle_5727.vnnlib,FALSIFIED,1,0.7542943954467773,sat,F,1,6.066687277,both_solved
733,onnx/ruarobot/perturbations_0.onnx,vnnlib/ruarobot/hyperrectangle_246.vnnlib,FALSIFIED,1,0.46047210693359375,sat,F,1,6.154932525,both_solved
734,onnx/ruarobot/perturbations_0.onnx,vnnlib/ruarobot/hyperrectangle_1494.vnnlib,FALSIFIED,1,0.5400083065032959,sat,F,1,6.23158976,both_solved
735,onnx/ruarobot/perturbations_0.onnx,vnnlib/ruarobot/hyperrectangle_7878.vnnlib,FALSIFIED,1,0.4668865203857422,sat,F,1,6.193282823,both_solved
736,onnx/medical/perturbations_0.onnx,vnnlib/medical/hyperrectangle_1261.vnnlib,CERTIFIED,1,0.13426709175109863,unsat,V,1,5.830756357,both_solved
737,onnx/ruarobot/perturbations_0.onnx,vnnlib/ruarobot/hyperrectangle_5692.vnnlib,FALSIFIED,1,0.46783018112182617,sat,F,1,6.268383346,both_solved
738,onnx/ruarobot/perturbations_0.onnx,vnnlib/ruarobot/hyperrectangle_7796.vnnlib,CERTIFIED,1,1.652557373046875,unsat,V,1,7.807457232,both_solved
739,onnx/medical/perturbations_0.onnx,vnnlib/medical/hyperrectangle_2158.vnnlib,CERTIFIED,1,0.652052640914917,unsat,V,1,6.903918273,both_solved
740,onnx/medical/perturbations_0.onnx,vnnlib/medical/hyperrectangle_189.vnnlib,CERTIFIED,1,0.14213061332702637,unsat,V,1,5.823654654,both_solved
741,onnx/ruarobot/perturbations_0.onnx,vnnlib/ruarobot/hyperrectangle_7027.vnnlib,FALSIFIED,1,0.6023695468902588,sat,F,1,6.324871,both_solved
742,onnx/ruarobot/perturbations_0.onnx,vnnlib/ruarobot/hyperrectangle_2887.vnnlib,FALSIFIED,1,0.4418051242828369,sat,F,1,6.123316511,both_solved
743,onnx/ruarobot/perturbations_0.onnx,vnnlib/ruarobot/hyperrectangle_2845.vnnlib,FALSIFIED,1,0.5453546047210693,sat,F,1,6.18420164,both_solved
744,onnx/medical/perturbations_0.onnx,vnnlib/medical/hyperrectangle_1966.vnnlib,CERTIFIED,1,0.14087295532226562,unsat,V,1,5.803877469,both_solved
745,onnx/ruarobot/perturbations_0.onnx,vnnlib/ruarobot/hyperrectangle_1461.vnnlib,CERTIFIED,1,6.693462610244751,unsat,V,1,12.028066194,both_solved
746,onnx/ruarobot/perturbations_0.onnx,vnnlib/ruarobot/hyperrectangle_4921.vnnlib,FALSIFIED,1,0.47292470932006836,sat,F,1,6.274072008,both_solved
747,onnx/ruarobot/perturbations_0.onnx,vnnlib/ruarobot/hyperrectangle_6749.vnnlib,FALSIFIED,1,0.511146068572998,sat,F,1,6.350821836,both_solved
748,onnx/ruarobot/perturbations_0.onnx,vnnlib/ruarobot/hyperrectangle_2236.vnnlib,CERTIFIED,1,1.119168996810913,unsat,V,1,7.963645118,both_solved
749,onnx/ruarobot/perturbations_0.onnx,vnnlib/ruarobot/hyperrectangle_2573.vnnlib,FALSIFIED,1,0.4249756336212158,sat,F,1,6.083577229,both_solved
750,onnx/ruarobot/perturbations_0.onnx,vnnlib/ruarobot/hyperrectangle_331.vnnlib,FALSIFIED,1,0.36661410331726074,sat,F,1,6.046494927,both_solved
751,onnx/ruarobot/perturbations_0.onnx,vnnlib/ruarobot/hyperrectangle_2948.vnnlib,FALSIFIED,0,0.5609958171844482,sat,F,1,6.308570412,vnncomp_only
752,onnx/ruarobot/perturbations_0.onnx,vnnlib/ruarobot/hyperrectangle_5756.vnnlib,FALSIFIED,1,0.5617351531982422,sat,F,1,6.275893546,both_solved
753,onnx/medical/perturbations_0.onnx,vnnlib/medical/hyperrectangle_769.vnnlib,CERTIFIED,1,0.13101768493652344,unsat,V,1,5.816111262,both_solved
754,onnx/ruarobot/perturbations_0.onnx,vnnlib/ruarobot/hyperrectangle_2092.vnnlib,FALSIFIED,1,0.6572649478912354,sat,F,1,6.304376184,both_solved
755,onnx/ruarobot/perturbations_0.onnx,vnnlib/ruarobot/hyperrectangle_3670.vnnlib,CERTIFIED,1,0.13008379936218262,unsat,V,1,5.819664005,both_solved
756,onnx/ruarobot/perturbations_0.onnx,vnnlib/ruarobot/hyperrectangle_3844.vnnlib,FALSIFIED,1,0.5035238265991211,sat,F,1,6.255657392,both_solved
757,onnx/ruarobot/perturbations_0.onnx,vnnlib/ruarobot/hyperrectangle_5849.vnnlib,FALSIFIED,1,0.43445348739624023,sat,F,1,6.20453645,both_solved
758,onnx/ruarobot/perturbations_0.onnx,vnnlib/ruarobot/hyperrectangle_5719.vnnlib,FALSIFIED,1,0.40383195877075195,sat,F,1,6.064593775,both_solved
759,onnx/ruarobot/perturbations_0.onnx,vnnlib/ruarobot/hyperrectangle_1286.vnnlib,FALSIFIED,1,0.4970231056213379,sat,F,1,6.241372456,both_solved
760,onnx/medical/perturbations_0.onnx,vnnlib/medical/hyperrectangle_931.vnnlib,CERTIFIED,1,0.14232206344604492,unsat,V,1,5.822448186,both_solved
761,onnx/ruarobot/perturbations_0.onnx,vnnlib/ruarobot/hyperrectangle_3142.vnnlib,CERTIFIED,1,0.6856589317321777,unsat,V,1,7.077157649,both_solved
762,onnx/ruarobot/perturbations_0.onnx,vnnlib/ruarobot/hyperrectangle_3048.vnnlib,CERTIFIED,1,0.6026108264923096,unsat,V,1,7.013876083,both_solved
763,onnx/ruarobot/perturbations_0.onnx,vnnlib/ruarobot/hyperrectangle_7605.vnnlib,FALSIFIED,1,0.5674490928649902,sat,F,1,6.275991706,both_solved
764,onnx/ruarobot/perturbations_0.onnx,vnnlib/ruarobot/hyperrectangle_1364.vnnlib,FALSIFIED,1,3.4798295497894287,sat,F,1,6.205233047,both_solved
765,onnx/ruarobot/perturbations_0.onnx,vnnlib/ruarobot/hyperrectangle_2712.vnnlib,FALSIFIED,1,0.446840763092041,sat,F,1,6.15403582,both_solved
766,onnx/ruarobot/perturbations_0.onnx,vnnlib/ruarobot/hyperrectangle_3523.vnnlib,FALSIFIED,1,0.5645318031311035,sat,F,1,6.293609346,both_solved
767,onnx/ruarobot/perturbations_0.onnx,vnnlib/ruarobot/hyperrectangle_565.vnnlib,FALSIFIED,1,0.606210470199585,sat,F,1,6.326950753,both_solved
768,onnx/ruarobot/perturbations_0.onnx,vnnlib/ruarobot/hyperrectangle_2538.vnnlib,FALSIFIED,1,0.49004101753234863,sat,F,1,6.139413796,both_solved
769,onnx/ruarobot/perturbations_0.onnx,vnnlib/ruarobot/hyperrectangle_2679.vnnlib,FALSIFIED,1,0.5555257797241211,sat,F,1,6.303786647,both_solved
770,onnx/medical/perturbations_0.onnx,vnnlib/medical/hyperrectangle_2684.vnnlib,CERTIFIED,1,0.4128561019897461,unsat,V,1,6.604519395,both_solved
771,onnx/medical/perturbations_0.onnx,vnnlib/medical/hyperrectangle_1020.vnnlib,CERTIFIED,1,0.1414041519165039,unsat,V,1,5.85263387,both_solved
772,onnx/medical/perturbations_0.onnx,vnnlib/medical/hyperrectangle_510.vnnlib,CERTIFIED,1,0.36041808128356934,unsat,V,1,6.52095398,both_solved
773,onnx/ruarobot/perturbations_0.onnx,vnnlib/ruarobot/hyperrectangle_5001.vnnlib,CERTIFIED,1,0.5627596378326416,unsat,V,1,6.819048418,both_solved
774,onnx/ruarobot/perturbations_0.onnx,vnnlib/ruarobot/hyperrectangle_4320.vnnlib,FALSIFIED,1,0.5433070659637451,sat,F,1,6.287948151,both_solved
775,onnx/ruarobot/perturbations_0.onnx,vnnlib/ruarobot/hyperrectangle_6079.vnnlib,FALSIFIED,1,0.549685001373291,sat,F,1,6.317291891,both_solved
776,onnx/medical/perturbations_0.onnx,vnnlib/medical/hyperrectangle_1643.vnnlib,CERTIFIED,1,0.13270902633666992,unsat,V,1,5.818574107,both_solved
777,onnx/medical/perturbations_0.onnx,vnnlib/medical/hyperrectangle_2589.vnnlib,FALSIFIED,1,0.473391056060791,sat,F,1,6.191510613,both_solved
778,onnx/ruarobot/perturbations_0.onnx,vnnlib/ruarobot/hyperrectangle_5601.vnnlib,FALSIFIED,1,0.4066762924194336,sat,F,1,6.084026845,both_solved
779,onnx/ruarobot/perturbations_0.onnx,vnnlib/ruarobot/hyperrectangle_763.vnnlib,FALSIFIED,1,0.4165053367614746,sat,F,1,6.15063358,both_solved
780,onnx/ruarobot/perturbations_0.onnx,vnnlib/ruarobot/hyperrectangle_7206.vnnlib,FALSIFIED,1,0.4898815155029297,sat,F,1,6.204078451,both_solved
781,onnx/ruarobot/perturbations_0.onnx,vnnlib/ruarobot/hyperrectangle_1098.vnnlib,FALSIFIED,1,0.4149818420410156,sat,F,1,6.125690106,both_solved
782,onnx/ruarobot/perturbations_0.onnx,vnnlib/ruarobot/hyperrectangle_388.vnnlib,FALSIFIED,1,0.5574333667755127,sat,F,1,6.390769712,both_solved
783,onnx/ruarobot/perturbations_0.onnx,vnnlib/ruarobot/hyperrectangle_4604.vnnlib,FALSIFIED,1,0.5041294097900391,sat,F,1,6.269953737,both_solved
784,onnx/medical/perturbations_0.onnx,vnnlib/medical/hyperrectangle_2193.vnnlib,FALSIFIED,1,0.6136717796325684,sat,F,1,6.269161908,both_solved
785,onnx/medical/perturbations_0.onnx,vnnlib/medical/hyperrectangle_2645.vnnlib,CERTIFIED,1,0.14084148406982422,unsat,V,1,5.846249118,both_solved
786,onnx/ruarobot/perturbations_0.onnx,vnnlib/ruarobot/hyperrectangle_6693.vnnlib,CERTIFIED,1,2.546689033508301,unsat,V,1,8.215181982,both_solved
787,onnx/ruarobot/perturbations_0.onnx,vnnlib/ruarobot/hyperrectangle_503.vnnlib,FALSIFIED,1,0.5186464786529541,sat,F,1,6.191494995,both_solved
788,onnx/ruarobot/perturbations_0.onnx,vnnlib/ruarobot/hyperrectangle_3774.vnnlib,FALSIFIED,1,0.5830354690551758,sat,F,1,6.30295045,both_solved
789,onnx/ruarobot/perturbations_0.onnx,vnnlib/ruarobot/hyperrectangle_1276.vnnlib,FALSIFIED,1,0.35304880142211914,sat,F,1,6.078103549,both_solved
790,onnx/ruarobot/perturbations_0.onnx,vnnlib/ruarobot/hyperrectangle_2884.vnnlib,CERTIFIED,1,0.5233027935028076,unsat,V,1,6.696864825,both_solved
791,onnx/medical/perturbations_0.onnx,vnnlib/medical/hyperrectangle_143.vnnlib,FALSIFIED,1,0.553267240524292,sat,F,1,6.224252956,both_solved
792,onnx/ruarobot/perturbations_0.onnx,vnnlib/ruarobot/hyperrectangle_3594.vnnlib,CERTIFIED,1,0.5802664756774902,unsat,V,1,6.756367539,both_solved
793,onnx/ruarobot/perturbations_0.onnx,vnnlib/ruarobot/hyperrectangle_4584.vnnlib,FALSIFIED,1,0.6260640621185303,sat,F,1,6.271625154,both_solved
794,onnx/ruarobot/perturbations_0.onnx,vnnlib/ruarobot/hyperrectangle_3756.vnnlib,FALSIFIED,1,0.5302829742431641,sat,F,1,6.190721166,both_solved
795,onnx/ruarobot/perturbations_0.onnx,vnnlib/ruarobot/hyperrectangle_4706.vnnlib,FALSIFIED,1,0.6333167552947998,sat,F,1,6.343089807,both_solved
796,onnx/ruarobot/perturbations_0.onnx,vnnlib/ruarobot/hyperrectangle_6365.vnnlib,FALSIFIED,1,1.1017963886260986,sat,F,1,6.093798999,both_solved
797,onnx/medical/perturbations_0.onnx,vnnlib/medical/hyperrectangle_2413.vnnlib,CERTIFIED,1,0.41536736488342285,unsat,V,1,6.541038529,both_solved
798,onnx/ruarobot/perturbations_0.onnx,vnnlib/ruarobot/hyperrectangle_814.vnnlib,CERTIFIED,1,0.6002111434936523,unsat,V,1,6.82960541,both_solved
799,onnx/ruarobot/perturbations_0.onnx,vnnlib/ruarobot/hyperrectangle_3818.vnnlib,CERTIFIED,1,1.0025138854980469,unsat,V,1,7.610690299,both_solved
800,onnx/ruarobot/perturbations_0.onnx,vnnlib/ruarobot/hyperrectangle_4827.vnnlib,FALSIFIED,1,0.5095715522766113,sat,F,1,6.298181502,both_solved
801,onnx/ruarobot/perturbations_0.onnx,vnnlib/ruarobot/hyperrectangle_413.vnnlib,FALSIFIED,1,0.4191877841949463,sat,F,1,6.061724142,both_solved
802,onnx/ruarobot/perturbations_0.onnx,vnnlib/ruarobot/hyperrectangle_2545.vnnlib,FALSIFIED,1,0.5405473709106445,sat,F,1,6.272100588,both_solved
803,onnx/ruarobot/perturbations_0.onnx,vnnlib/ruarobot/hyperrectangle_3056.vnnlib,FALSIFIED,1,0.46571850776672363,sat,F,1,6.134229124,both_solved
804,onnx/ruarobot/perturbations_0.onnx,vnnlib/ruarobot/hyperrectangle_7749.vnnlib,FALSIFIED,1,0.35417675971984863,sat,F,1,5.987263263,both_solved
805,onnx/ruarobot/perturbations_0.onnx,vnnlib/ruarobot/hyperrectangle_4145.vnnlib,CERTIFIED,1,0.13373494148254395,unsat,V,1,5.796595314,both_solved
806,onnx/ruarobot/perturbations_0.onnx,vnnlib/ruarobot/hyperrectangle_5527.vnnlib,FALSIFIED,1,0.43158411979675293,sat,F,1,6.138822373,both_solved
807,onnx/ruarobot/perturbations_0.onnx,vnnlib/ruarobot/hyperrectangle_1207.vnnlib,CERTIFIED,1,0.389812707901001,unsat,V,1,6.649198811,both_solved
808,onnx/ruarobot/perturbations_0.onnx,vnnlib/ruarobot/hyperrectangle_4206.vnnlib,FALSIFIED,1,0.5630354881286621,sat,F,1,6.355048828,both_solved
809,onnx/ruarobot/perturbations_0.onnx,vnnlib/ruarobot/hyperrectangle_2910.vnnlib,FALSIFIED,1,0.48508191108703613,sat,F,1,6.225986,both_solved
810,onnx/ruarobot/perturbations_0.onnx,vnnlib/ruarobot/hyperrectangle_7301.vnnlib,FALSIFIED,1,0.9445080757141113,sat,F,1,6.09900109,both_solved
811,onnx/medical/perturbations_0.onnx,vnnlib/medical/hyperrectangle_1692.vnnlib,CERTIFIED,1,0.1425943374633789,unsat,V,1,5.798682148,both_solved
812,onnx/ruarobot/perturbations_0.onnx,vnnlib/ruarobot/hyperrectangle_5541.vnnlib,FALSIFIED,1,0.419558048248291,sat,F,1,6.117558841,both_solved
813,onnx/ruarobot/perturbations_0.onnx,vnnlib/ruarobot/hyperrectangle_549.vnnlib,FALSIFIED,1,0.8995308876037598,sat,F,1,6.033841469,both_solved
814,onnx/ruarobot/perturbations_0.onnx,vnnlib/ruarobot/hyperrectangle_862.vnnlib,CERTIFIED,1,0.36202049255371094,unsat,V,1,6.517771957,both_solved
815,onnx/medical/perturbations_0.onnx,vnnlib/medical/hyperrectangle_229.vnnlib,FALSIFIED,1,0.4044952392578125,sat,F,1,6.015300444,both_solved
816,onnx/ruarobot/perturbations_0.onnx,vnnlib/ruarobot/hyperrectangle_5668.vnnlib,FALSIFIED,1,1.142993688583374,sat,F,1,6.288108976,both_solved
817,onnx/ruarobot/perturbations_0.onnx,vnnlib/ruarobot/hyperrectangle_3267.vnnlib,FALSIFIED,1,0.4492645263671875,sat,F,1,6.218253385,both_solved
818,onnx/ruarobot/perturbations_0.onnx,vnnlib/ruarobot/hyperrectangle_2532.vnnlib,FALSIFIED,1,0.7731897830963135,sat,F,1,6.162153063,both_solved
819,onnx/ruarobot/perturbations_0.onnx,vnnlib/ruarobot/hyperrectangle_7495.vnnlib,FALSIFIED,1,1.0074281692504883,sat,F,1,6.299198316,both_solved
820,onnx/ruarobot/perturbations_0.onnx,vnnlib/ruarobot/hyperrectangle_5159.vnnlib,CERTIFIED,1,0.6418571472167969,unsat,V,1,6.622405144,both_solved
821,onnx/ruarobot/perturbations_0.onnx,vnnlib/ruarobot/hyperrectangle_3471.vnnlib,FALSIFIED,1,1.1221678256988525,sat,F,1,6.058905895,both_solved
822,onnx/ruarobot/perturbations_0.onnx,vnnlib/ruarobot/hyperrectangle_1922.vnnlib,FALSIFIED,1,0.4905109405517578,sat,F,1,6.124875362,both_solved
823,onnx/ruarobot/perturbations_0.onnx,vnnlib/ruarobot/hyperrectangle_77.vnnlib,FALSIFIED,1,0.5548138618469238,sat,F,1,6.317209623,both_solved
824,onnx/ruarobot/perturbations_0.onnx,vnnlib/ruarobot/hyperrectangle_6631.vnnlib,FALSIFIED,1,1.2410719394683838,sat,F,1,6.350811792,both_solved
825,onnx/ruarobot/perturbations_0.onnx,vnnlib/ruarobot/hyperrectangle_6415.vnnlib,CERTIFIED,1,0.24023914337158203,unsat,V,1,5.792540888,both_solved
826,onnx/ruarobot/perturbations_0.onnx,vnnlib/ruarobot/hyperrectangle_2837.vnnlib,FALSIFIED,1,0.6141743659973145,sat,F,1,6.147111732,both_solved
827,onnx/ruarobot/perturbations_0.onnx,vnnlib/ruarobot/hyperrectangle_2048.vnnlib,FALSIFIED,1,0.46759700775146484,sat,F,1,6.137256612,both_solved
828,onnx/ruarobot/perturbations_0.onnx,vnnlib/ruarobot/hyperrectangle_46.vnnlib,FALSIFIED,1,0.415194034576416,sat,F,1,6.156168064,both_solved
829,onnx/ruarobot/perturbations_0.onnx,vnnlib/ruarobot/hyperrectangle_4709.vnnlib,CERTIFIED,1,0.14057159423828125,unsat,V,1,5.838342532,both_solved
830,onnx/ruarobot/perturbations_0.onnx,vnnlib/ruarobot/hyperrectangle_1184.vnnlib,CERTIFIED,1,0.5199182033538818,unsat,V,1,6.72163912,both_solved
831,onnx/ruarobot/perturbations_0.onnx,vnnlib/ruarobot/hyperrectangle_1975.vnnlib,FALSIFIED,1,0.36347484588623047,sat,F,1,6.014780651,both_solved
832,onnx/medical/perturbations_0.onnx,vnnlib/medical/hyperrectangle_1128.vnnlib,CERTIFIED,1,0.15964555740356445,unsat,V,1,5.825338837,both_solved
833,onnx/medical/perturbations_0.onnx,vnnlib/medical/hyperrectangle_2110.vnnlib,CERTIFIED,1,0.45984649658203125,unsat,V,1,6.657640769,both_solved
834,onnx/ruarobot/perturbations_0.onnx,vnnlib/ruarobot/hyperrectangle_119.vnnlib,CERTIFIED,1,1.6589787006378174,unsat,V,1,7.393679246,both_solved
835,onnx/ruarobot/perturbations_0.onnx,vnnlib/ruarobot/hyperrectangle_3838.vnnlib,FALSIFIED,1,1.4386067390441895,sat,F,1,6.305750299,both_solved
836,onnx/medical/perturbations_0.onnx,vnnlib/medical/hyperrectangle_1465.vnnlib,CERTIFIED,1,0.13066840171813965,unsat,V,1,5.838187096,both_solved
837,onnx/ruarobot/perturbations_0.onnx,vnnlib/ruarobot/hyperrectangle_4897.vnnlib,FALSIFIED,1,0.9429705142974854,sat,F,1,5.975032283,both_solved
838,onnx/ruarobot/perturbations_0.onnx,vnnlib/ruarobot/hyperrectangle_7300.vnnlib,FALSIFIED,1,1.663130760192871,sat,F,1,6.161645475,both_solved
839,onnx/ruarobot/perturbations_0.onnx,vnnlib/ruarobot/hyperrectangle_5427.vnnlib,FALSIFIED,1,0.4868614673614502,sat,F,1,6.201602164,both_solved
840,onnx/medical/perturbations_0.onnx,vnnlib/medical/hyperrectangle_466.vnnlib,CERTIFIED,1,2.108978271484375,unsat,V,1,6.789327241,both_solved
841,onnx/ruarobot/perturbations_0.onnx,vnnlib/ruarobot/hyperrectangle_3654.vnnlib,FALSIFIED,1,0.39621472358703613,sat,F,1,6.058838038,both_solved
842,onnx/medical/perturbations_0.onnx,vnnlib/medical/hyperrectangle_1008.vnnlib,FALSIFIED,1,0.9509556293487549,sat,F,1,6.332367721,both_solved
843,onnx/ruarobot/perturbations_0.onnx,vnnlib/ruarobot/hyperrectangle_5431.vnnlib,FALSIFIED,1,1.4741170406341553,sat,F,1,6.294075364,both_solved
844,onnx/ruarobot/perturbations_0.onnx,vnnlib/ruarobot/hyperrectangle_5382.vnnlib,FALSIFIED,1,2.3667209148406982,sat,F,1,6.351048842,both_solved
845,onnx/ruarobot/perturbations_0.onnx,vnnlib/ruarobot/hyperrectangle_3332.vnnlib,FALSIFIED,1,1.6214344501495361,sat,F,1,6.145980711,both_solved
846,onnx/ruarobot/perturbations_0.onnx,vnnlib/ruarobot/hyperrectangle_6736.vnnlib,CERTIFIED,1,0.5267317295074463,unsat,V,1,6.517789366,both_solved
847,onnx/ruarobot/perturbations_0.onnx,vnnlib/ruarobot/hyperrectangle_3286.vnnlib,CERTIFIED,1,0.26160717010498047,unsat,V,1,5.81466079,both_solved
848,onnx/ruarobot/perturbations_0.onnx,vnnlib/ruarobot/hyperrectangle_6472.vnnlib,CERTIFIED,1,3.6390445232391357,unsat,V,1,8.735905732,both_solved
849,onnx/medical/perturbations_0.onnx,vnnlib/medical/hyperrectangle_1283.vnnlib,CERTIFIED,1,0.26218247413635254,unsat,V,1,5.812464912,both_solved
850,onnx/medical/perturbations_0.onnx,vnnlib/medical/hyperrectangle_819.vnnlib,CERTIFIED,1,0.1739063262939453,unsat,V,1,5.829364996,both_solved
851,onnx/ruarobot/perturbations_0.onnx,vnnlib/ruarobot/hyperrectangle_6494.vnnlib,FALSIFIED,1,0.9217853546142578,sat,F,1,5.996032724,both_solved
852,onnx/ruarobot/perturbations_0.onnx,vnnlib/ruarobot/hyperrectangle_3571.vnnlib,FALSIFIED,1,0.37694501876831055,sat,F,1,6.03811833,both_solved
853,onnx/ruarobot/perturbations_0.onnx,vnnlib/ruarobot/hyperrectangle_732.vnnlib,CERTIFIED,1,0.48193931579589844,unsat,V,1,6.683299187,both_solved
854,onnx/ruarobot/perturbations_0.onnx,vnnlib/ruarobot/hyperrectangle_6726.vnnlib,FALSIFIED,1,1.1753201484680176,sat,F,1,6.303142874,both_solved
855,onnx/ruarobot/perturbations_0.onnx,vnnlib/ruarobot/hyperrectangle_5047.vnnlib,CERTIFIED,1,1.2014734745025635,unsat,V,1,7.68122959,both_solved
856,onnx/ruarobot/perturbations_0.onnx,vnnlib/ruarobot/hyperrectangle_2257.vnnlib,FALSIFIED,1,0.753922700881958,sat,F,1,6.32318997,both_solved
857,onnx/ruarobot/perturbations_0.onnx,vnnlib/ruarobot/hyperrectangle_4802.vnnlib,FALSIFIED,1,0.7142057418823242,sat,F,1,6.313333641,both_solved
858,onnx/medical/perturbations_0.onnx,vnnlib/medical/hyperrectangle_1110.vnnlib,CERTIFIED,1,2.011808156967163,unsat,V,1,7.060333035,both_solved
859,onnx/ruarobot/perturbations_0.onnx,vnnlib/ruarobot/hyperrectangle_3473.vnnlib,FALSIFIED,1,2.1767070293426514,sat,F,1,6.308149866,both_solved
860,onnx/medical/perturbations_0.onnx,vnnlib/medical/hyperrectangle_520.vnnlib,CERTIFIED,1,0.12581610679626465,unsat,V,1,5.828888758,both_solved
861,onnx/ruarobot/perturbations_0.onnx,vnnlib/ruarobot/hyperrectangle_5603.vnnlib,FALSIFIED,1,1.4188206195831299,sat,F,1,6.108549311,both_solved
862,onnx/ruarobot/perturbations_0.onnx,vnnlib/ruarobot/hyperrectangle_2049.vnnlib,FALSIFIED,1,0.571033239364624,sat,F,1,6.271602069,both_solved
863,onnx/ruarobot/perturbations_0.onnx,vnnlib/ruarobot/hyperrectangle_327.vnnlib,FALSIFIED,1,1.7878484725952148,sat,F,1,6.333074116,both_solved
864,onnx/ruarobot/perturbations_0.onnx,vnnlib/ruarobot/hyperrectangle_4238.vnnlib,FALSIFIED,1,1.5027127265930176,sat,F,1,6.119626523,both_solved
865,onnx/ruarobot/perturbations_0.onnx,vnnlib/ruarobot/hyperrectangle_7303.vnnlib,FALSIFIED,1,0.626457691192627,sat,F,1,6.303168293,both_solved
866,onnx/ruarobot/perturbations_0.onnx,vnnlib/ruarobot/hyperrectangle_3714.vnnlib,CERTIFIED,1,0.48189640045166016,unsat,V,1,6.666913885,both_solved
867,onnx/ruarobot/perturbations_0.onnx,vnnlib/ruarobot/hyperrectangle_4001.vnnlib,FALSIFIED,1,0.5703344345092773,sat,F,1,6.323103297,both_solved
868,onnx/ruarobot/perturbations_0.onnx,vnnlib/ruarobot/hyperrectangle_1785.vnnlib,FALSIFIED,1,0.5741081237792969,sat,F,1,6.351797893,both_solved
869,onnx/medical/perturbations_0.onnx,vnnlib/medical/hyperrectangle_1062.vnnlib,CERTIFIED,1,0.14138197898864746,unsat,V,1,5.847209908,both_solved
870,onnx/medical/perturbations_0.onnx,vnnlib/medical/hyperrectangle_863.vnnlib,FALSIFIED,1,0.5109596252441406,sat,F,1,6.273385155,both_solved
871,onnx/ruarobot/perturbations_0.onnx,vnnlib/ruarobot/hyperrectangle_489.vnnlib,FALSIFIED,1,0.6224660873413086,sat,F,1,6.294627734,both_solved
872,onnx/ruarobot/perturbations_0.onnx,vnnlib/ruarobot/hyperrectangle_97.vnnlib,CERTIFIED,1,0.951225996017456,unsat,V,1,6.6783395,both_solved
873,onnx/medical/perturbations_0.onnx,vnnlib/medical/hyperrectangle_1071.vnnlib,CERTIFIED,1,0.2338874340057373,unsat,V,1,5.809707353,both_solved
874,onnx/medical/perturbations_0.onnx,vnnlib/medical/hyperrectangle_527.vnnlib,CERTIFIED,1,0.19110608100891113,unsat,V,1,5.810467083,both_solved
875,onnx/ruarobot/perturbations_0.onnx,vnnlib/ruarobot/hyperrectangle_7378.vnnlib,FALSIFIED,1,0.5706980228424072,sat,F,1,6.319265628,both_solved
876,onnx/medical/perturbations_0.onnx,vnnlib/medical/hyperrectangle_726.vnnlib,CERTIFIED,1,0.14862489700317383,unsat,V,1,5.857780973,both_solved
877,onnx/medical/perturbations_0.onnx,vnnlib/medical/hyperrectangle_309.vnnlib,CERTIFIED,1,1.2576615810394287,unsat,V,1,7.815434274,both_solved
878,onnx/medical/perturbations_0.onnx,vnnlib/medical/hyperrectangle_1646.vnnlib,CERTIFIED,1,0.1355602741241455,unsat,V,1,5.801853885,both_solved
879,onnx/ruarobot/perturbations_0.onnx,vnnlib/ruarobot/hyperrectangle_1501.vnnlib,FALSIFIED,1,0.5113956928253174,sat,F,1,6.240329274,both_solved
880,onnx/ruarobot/perturbations_0.onnx,vnnlib/ruarobot/hyperrectangle_3701.vnnlib,FALSIFIED,1,0.45980334281921387,sat,F,1,6.133300021,both_solved
881,onnx/ruarobot/perturbations_0.onnx,vnnlib/ruarobot/hyperrectangle_4768.vnnlib,FALSIFIED,1,0.6044409275054932,sat,F,1,6.268642244,both_solved
882,onnx/ruarobot/perturbations_0.onnx,vnnlib/ruarobot/hyperrectangle_6446.vnnlib,FALSIFIED,1,0.4344050884246826,sat,F,1,6.143054194,both_solved
883,onnx/ruarobot/perturbations_0.onnx,vnnlib/ruarobot/hyperrectangle_7153.vnnlib,FALSIFIED,1,0.5941557884216309,sat,F,1,6.32316092,both_solved
884,onnx/ruarobot/perturbations_0.onnx,vnnlib/ruarobot/hyperrectangle_7306.vnnlib,FALSIFIED,1,0.9336841106414795,sat,F,1,6.124153152,both_solved
885,onnx/ruarobot/perturbations_0.onnx,vnnlib/ruarobot/hyperrectangle_3175.vnnlib,CERTIFIED,1,3.4307940006256104,unsat,V,1,8.230127946,both_solved
886,onnx/ruarobot/perturbations_0.onnx,vnnlib/ruarobot/hyperrectangle_193.vnnlib,CERTIFIED,1,1.5998806953430176,unsat,V,1,6.821250657,both_solved
887,onnx/ruarobot/perturbations_0.onnx,vnnlib/ruarobot/hyperrectangle_4530.vnnlib,FALSIFIED,1,0.8773863315582275,sat,F,1,6.19111488,both_solved
888,onnx/ruarobot/perturbations_0.onnx,vnnlib/ruarobot/hyperrectangle_4259.vnnlib,FALSIFIED,1,1.90594482421875,sat,F,1,6.304748693,both_solved
889,onnx/ruarobot/perturbations_0.onnx,vnnlib/ruarobot/hyperrectangle_6743.vnnlib,FALSIFIED,1,1.5505096912384033,sat,F,1,6.280715374,both_solved
890,onnx/medical/perturbations_0.onnx,vnnlib/medical/hyperrectangle_995.vnnlib,CERTIFIED,1,0.1300663948059082,unsat,V,1,5.798605963,both_solved
891,onnx/medical/perturbations_0.onnx,vnnlib/medical/hyperrectangle_835.vnnlib,FALSIFIED,1,0.5160183906555176,sat,F,1,6.329907247,both_solved
892,onnx/ruarobot/perturbations_0.onnx,vnnlib/ruarobot/hyperrectangle_1211.vnnlib,FALSIFIED,1,0.7517147064208984,sat,F,1,6.269470136,both_solved
893,onnx/medical/perturbations_0.onnx,vnnlib/medical/hyperrectangle_2221.vnnlib,CERTIFIED,1,0.7317557334899902,unsat,V,1,6.660547673,both_solved
894,onnx/ruarobot/perturbations_0.onnx,vnnlib/ruarobot/hyperrectangle_6148.vnnlib,CERTIFIED,1,0.13306760787963867,unsat,V,1,5.827877979,both_solved
895,onnx/ruarobot/perturbations_0.onnx,vnnlib/ruarobot/hyperrectangle_1886.vnnlib,FALSIFIED,1,0.9890074729919434,sat,F,1,6.150446099,both_solved
896,onnx/ruarobot/perturbations_0.onnx,vnnlib/ruarobot/hyperrectangle_7553.vnnlib,FALSIFIED,1,0.842047929763794,sat,F,1,6.120984906,both_solved
897,onnx/ruarobot/perturbations_0.onnx,vnnlib/ruarobot/hyperrectangle_2931.vnnlib,FALSIFIED,1,0.5142402648925781,sat,F,1,6.263208975,both_solved
898,onnx/ruarobot/perturbations_0.onnx,vnnlib/ruarobot/hyperrectangle_5493.vnnlib,CERTIFIED,1,0.4366312026977539,unsat,V,1,6.688221329,both_solved
899,onnx/ruarobot/perturbations_0.onnx,vnnlib/ruarobot/hyperrectangle_181.vnnlib,FALSIFIED,1,0.6374733448028564,sat,F,1,6.303161491,both_solved
900,onnx/ruarobot/perturbations_0.onnx,vnnlib/ruarobot/hyperrectangle_3176.vnnlib,CERTIFIED,1,0.39461684226989746,unsat,V,1,6.584861576,both_solved
901,onnx/ruarobot/perturbations_0.onnx,vnnlib/ruarobot/hyperrectangle_6038.vnnlib,FALSIFIED,1,0.6874322891235352,sat,F,1,6.178754555,both_solved
902,onnx/ruarobot/perturbations_0.onnx,vnnlib/ruarobot/hyperrectangle_5093.vnnlib,CERTIFIED,1,0.5352468490600586,unsat,V,1,6.770658462,both_solved
903,onnx/medical/perturbations_0.onnx,vnnlib/medical/hyperrectangle_1638.vnnlib,CERTIFIED,1,0.13274121284484863,unsat,V,1,5.813746677,both_solved
904,onnx/ruarobot/perturbations_0.onnx,vnnlib/ruarobot/hyperrectangle_7615.vnnlib,FALSIFIED,1,0.5958423614501953,sat,F,1,6.289895805,both_solved
905,onnx/medical/perturbations_0.onnx,vnnlib/medical/hyperrectangle_582.vnnlib,CERTIFIED,1,0.5984139442443848,unsat,V,1,6.78298714,both_solved
906,onnx/ruarobot/perturbations_0.onnx,vnnlib/ruarobot/hyperrectangle_3819.vnnlib,FALSIFIED,1,0.5665080547332764,sat,F,1,6.305539387,both_solved
907,onnx/ruarobot/perturbations_0.onnx,vnnlib/ruarobot/hyperrectangle_5325.vnnlib,FALSIFIED,1,0.7858021259307861,sat,F,1,6.293763666,both_solved
908,onnx/ruarobot/perturbations_0.onnx,vnnlib/ruarobot/hyperrectangle_5161.vnnlib,FALSIFIED,1,0.9409167766571045,sat,F,1,6.017526769,both_solved
909,onnx/ruarobot/perturbations_0.onnx,vnnlib/ruarobot/hyperrectangle_2326.vnnlib,FALSIFIED,1,1.4578056335449219,sat,F,1,6.114974977,both_solved
910,onnx/ruarobot/perturbations_0.onnx,vnnlib/ruarobot/hyperrectangle_7213.vnnlib,FALSIFIED,1,2.226238965988159,sat,F,1,6.308770074,both_solved
911,onnx/ruarobot/perturbations_0.onnx,vnnlib/ruarobot/hyperrectangle_1965.vnnlib,CERTIFIED,1,1.5451152324676514,unsat,V,1,7.148442588,both_solved
912,onnx/ruarobot/perturbations_0.onnx,vnnlib/ruarobot/hyperrectangle_1656.vnnlib,CERTIFIED,1,0.25573015213012695,unsat,V,1,5.821549745,both_solved
913,onnx/medical/perturbations_0.onnx,vnnlib/medical/hyperrectangle_2068.vnnlib,CERTIFIED,1,0.6307625770568848,unsat,V,1,6.962258427,both_solved
914,onnx/ruarobot/perturbations_0.onnx,vnnlib/ruarobot/hyperrectangle_2292.vnnlib,CERTIFIED,1,0.7039637565612793,unsat,V,1,6.843295008,both_solved
915,onnx/ruarobot/perturbations_0.onnx,vnnlib/ruarobot/hyperrectangle_1832.vnnlib,FALSIFIED,1,2.034679412841797,sat,F,1,6.234885225,both_solved
916,onnx/medical/perturbations_0.onnx,vnnlib/medical/hyperrectangle_1029.vnnlib,CERTIFIED,1,0.14001893997192383,unsat,V,1,5.831894634,both_solved
917,onnx/medical/perturbations_0.onnx,vnnlib/medical/hyperrectangle_1383.vnnlib,CERTIFIED,1,0.1415705680847168,unsat,V,1,5.844767139,both_solved
918,onnx/ruarobot/perturbations_0.onnx,vnnlib/ruarobot/hyperrectangle_7557.vnnlib,FALSIFIED,1,0.5744473934173584,sat,F,1,6.101204324,both_solved
919,onnx/ruarobot/perturbations_0.onnx,vnnlib/ruarobot/hyperrectangle_5976.vnnlib,FALSIFIED,1,0.9280040264129639,sat,F,1,6.263833985,both_solved
920,onnx/ruarobot/perturbations_0.onnx,vnnlib/ruarobot/hyperrectangle_830.vnnlib,FALSIFIED,1,0.6191463470458984,sat,F,1,6.327480786,both_solved
921,onnx/ruarobot/perturbations_0.onnx,vnnlib/ruarobot/hyperrectangle_5064.vnnlib,FALSIFIED,1,0.6044871807098389,sat,F,1,6.26409141,both_solved
922,onnx/ruarobot/perturbations_0.onnx,vnnlib/ruarobot/hyperrectangle_2676.vnnlib,FALSIFIED,1,0.3246750831604004,sat,F,1,5.987464456,both_solved
923,onnx/medical/perturbations_0.onnx,vnnlib/medical/hyperrectangle_2679.vnnlib,CERTIFIED,1,0.41646361351013184,unsat,V,1,6.534602053,both_solved
924,onnx/medical/perturbations_0.onnx,vnnlib/medical/hyperrectangle_2191.vnnlib,FALSIFIED,1,0.49701976776123047,sat,F,1,6.278953774,both_solved
925,onnx/ruarobot/perturbations_0.onnx,vnnlib/ruarobot/hyperrectangle_592.vnnlib,CERTIFIED,1,0.13026714324951172,unsat,V,1,5.817365328,both_solved
926,onnx/ruarobot/perturbations_0.onnx,vnnlib/ruarobot/hyperrectangle_6827.vnnlib,FALSIFIED,1,0.4699563980102539,sat,F,1,6.08268719,both_solved
927,onnx/ruarobot/perturbations_0.onnx,vnnlib/ruarobot/hyperrectangle_1105.vnnlib,FALSIFIED,1,0.7672300338745117,sat,F,1,6.309112096,both_solved
928,onnx/medical/perturbations_0.onnx,vnnlib/medical/hyperrectangle_2553.vnnlib,CERTIFIED,1,0.12904572486877441,unsat,V,1,5.80793783,both_solved
929,onnx/ruarobot/perturbations_0.onnx,vnnlib/ruarobot/hyperrectangle_3946.vnnlib,FALSIFIED,1,0.49994969367980957,sat,F,1,6.353448358,both_solved
930,onnx/ruarobot/perturbations_0.onnx,vnnlib/ruarobot/hyperrectangle_3512.vnnlib,CERTIFIED,1,0.5091307163238525,unsat,V,1,6.59141961,both_solved
931,onnx/ruarobot/perturbations_0.onnx,vnnlib/ruarobot/hyperrectangle_1759.vnnlib,FALSIFIED,1,0.41388964653015137,sat,F,1,6.069391355,both_solved
932,onnx/ruarobot/perturbations_0.onnx,vnnlib/ruarobot/hyperrectangle_4420.vnnlib,CERTIFIED,1,0.8060600757598877,unsat,V,1,7.069691107,both_solved
933,onnx/medical/perturbations_0.onnx,vnnlib/medical/hyperrectangle_1301.vnnlib,CERTIFIED,1,0.24872231483459473,unsat,V,1,5.808645529,both_solved
934,onnx/medical/perturbations_0.onnx,vnnlib/medical/hyperrectangle_275.vnnlib,CERTIFIED,1,0.26546621322631836,unsat,V,1,5.823454332,both_solved
935,onnx/ruarobot/perturbations_0.onnx,vnnlib/ruarobot/hyperrectangle_7117.vnnlib,FALSIFIED,1,1.5137150287628174,sat,F,1,6.347859701,both_solved
936,onnx/ruarobot/perturbations_0.onnx,vnnlib/ruarobot/hyperrectangle_522.vnnlib,FALSIFIED,1,0.40000462532043457,sat,F,1,6.149676285,both_solved
937,onnx/ruarobot/perturbations_0.onnx,vnnlib/ruarobot/hyperrectangle_2124.vnnlib,CERTIFIED,1,7.907389163970947,unsat,V,1,13.266166789,both_solved
938,onnx/medical/perturbations_0.onnx,vnnlib/medical/hyperrectangle_2216.vnnlib,CERTIFIED,1,1.1449732780456543,unsat,V,1,7.305703575,both_solved
939,onnx/medical/perturbations_0.onnx,vnnlib/medical/hyperrectangle_1373.vnnlib,CERTIFIED,1,0.13170123100280762,unsat,V,1,5.797333336,both_solved
940,onnx/ruarobot/perturbations_0.onnx,vnnlib/ruarobot/hyperrectangle_259.vnnlib,FALSIFIED,1,0.5573339462280273,sat,F,1,6.072500996,both_solved
941,onnx/medical/perturbations_0.onnx,vnnlib/medical/hyperrectangle_500.vnnlib,CERTIFIED,1,0.14216279983520508,unsat,V,1,5.830227551,both_solved
942,onnx/medical/perturbations_0.onnx,vnnlib/medical/hyperrectangle_621.vnnlib,CERTIFIED,1,0.4655776023864746,unsat,V,1,6.636570506,both_solved
943,onnx/medical/perturbations_0.onnx,vnnlib/medical/hyperrectangle_1320.vnnlib,CERTIFIED,1,1.1340885162353516,unsat,V,1,6.781574607,both_solved
944,onnx/medical/perturbations_0.onnx,vnnlib/medical/hyperrectangle_2883.vnnlib,CERTIFIED,1,0.7136211395263672,unsat,V,1,6.727967415,both_solved
945,onnx/ruarobot/perturbations_0.onnx,vnnlib/ruarobot/hyperrectangle_3514.vnnlib,CERTIFIED,1,0.4555089473724365,unsat,V,1,6.751562649,both_solved
946,onnx/ruarobot/perturbations_0.onnx,vnnlib/ruarobot/hyperrectangle_6088.vnnlib,FALSIFIED,1,0.6471803188323975,sat,F,1,6.169093187,both_solved
947,onnx/ruarobot/perturbations_0.onnx,vnnlib/ruarobot/hyperrectangle_2115.vnnlib,FALSIFIED,1,2.321343183517456,sat,F,1,6.277699576,both_solved
948,onnx/medical/perturbations_0.onnx,vnnlib/medical/hyperrectangle_1366.vnnlib,CERTIFIED,1,0.14327788352966309,unsat,V,1,5.815646788,both_solved
949,onnx/ruarobot/perturbations_0.onnx,vnnlib/ruarobot/hyperrectangle_2797.vnnlib,FALSIFIED,1,0.8461809158325195,sat,F,1,6.261492891,both_solved
950,onnx/ruarobot/perturbations_0.onnx,vnnlib/ruarobot/hyperrectangle_7572.vnnlib,FALSIFIED,1,2.3334450721740723,sat,F,1,6.318118574,both_solved
951,onnx/ruarobot/perturbations_0.onnx,vnnlib/ruarobot/hyperrectangle_2269.vnnlib,FALSIFIED,1,1.3674778938293457,sat,F,1,6.272833105,both_solved
952,onnx/ruarobot/perturbations_0.onnx,vnnlib/ruarobot/hyperrectangle_5744.vnnlib,FALSIFIED,1,0.5013737678527832,sat,F,1,6.164544825,both_solved
953,onnx/ruarobot/perturbations_0.onnx,vnnlib/ruarobot/hyperrectangle_5628.vnnlib,FALSIFIED,1,0.4609405994415283,sat,F,1,6.035804587,both_solved
954,onnx/medical/perturbations_0.onnx,vnnlib/medical/hyperrectangle_1541.vnnlib,FALSIFIED,1,0.3603498935699463,sat,F,1,5.993750821,both_solved
955,onnx/ruarobot/perturbations_0.onnx,vnnlib/ruarobot/hyperrectangle_275.vnnlib,FALSIFIED,1,0.44797849655151367,sat,F,1,6.150202197,both_solved
956,onnx/ruarobot/perturbations_0.onnx,vnnlib/ruarobot/hyperrectangle_7743.vnnlib,FALSIFIED,1,0.5399553775787354,sat,F,1,6.246544627,both_solved
957,onnx/ruarobot/perturbations_0.onnx,vnnlib/ruarobot/hyperrectangle_2987.vnnlib,CERTIFIED,1,0.8287885189056396,unsat,V,1,7.070560319,both_solved
958,onnx/ruarobot/perturbations_0.onnx,vnnlib/ruarobot/hyperrectangle_6963.vnnlib,FALSIFIED,1,1.3966591358184814,sat,F,1,6.29692555,both_solved
959,onnx/ruarobot/perturbations_0.onnx,vnnlib/ruarobot/hyperrectangle_2659.vnnlib,FALSIFIED,1,1.7036676406860352,sat,F,1,6.11950794,both_solved
960,onnx/ruarobot/perturbations_0.onnx,vnnlib/ruarobot/hyperrectangle_6315.vnnlib,FALSIFIED,1,0.6292166709899902,sat,F,1,6.299215979,both_solved
961,onnx/ruarobot/perturbations_0.onnx,vnnlib/ruarobot/hyperrectangle_2361.vnnlib,FALSIFIED,1,2.3119683265686035,sat,F,1,6.288632774,both_solved
962,onnx/ruarobot/perturbations_0.onnx,vnnlib/ruarobot/hyperrectangle_3371.vnnlib,FALSIFIED,1,1.9436852931976318,sat,F,1,6.198644173,both_solved
963,onnx/ruarobot/perturbations_0.onnx,vnnlib/ruarobot/hyperrectangle_5329.vnnlib,FALSIFIED,1,0.3927900791168213,sat,F,1,6.22649672,both_solved
964,onnx/medical/perturbations_0.onnx,vnnlib/medical/hyperrectangle_941.vnnlib,CERTIFIED,1,0.241379976272583,unsat,V,1,5.800226361,both_solved
965,onnx/medical/perturbations_0.onnx,vnnlib/medical/hyperrectangle_427.vnnlib,CERTIFIED,1,0.6971142292022705,unsat,V,1,7.153607212,both_solved
966,onnx/ruarobot/perturbations_0.onnx,vnnlib/ruarobot/hyperrectangle_4990.vnnlib,CERTIFIED,1,0.5032305717468262,unsat,V,1,6.749435497,both_solved
967,onnx/medical/perturbations_0.onnx,vnnlib/medical/hyperrectangle_1667.vnnlib,CERTIFIED,1,0.2245626449584961,unsat,V,1,5.829911404,both_solved
968,onnx/medical/perturbations_0.onnx,vnnlib/medical/hyperrectangle_2311.vnnlib,CERTIFIED,1,1.084045648574829,unsat,V,1,7.529874956,both_solved
969,onnx/ruarobot/perturbations_0.onnx,vnnlib/ruarobot/hyperrectangle_853.vnnlib,FALSIFIED,1,2.3917088508605957,sat,F,1,6.303239605,both_solved
970,onnx/medical/perturbations_0.onnx,vnnlib/medical/hyperrectangle_178.vnnlib,CERTIFIED,1,1.2424628734588623,unsat,V,1,7.088281324,both_solved
971,onnx/ruarobot/perturbations_0.onnx,vnnlib/ruarobot/hyperrectangle_5998.vnnlib,CERTIFIED,1,4.665982961654663,unsat,V,1,8.85133948,both_solved
972,onnx/ruarobot/perturbations_0.onnx,vnnlib/ruarobot/hyperrectangle_1560.vnnlib,FALSIFIED,1,1.2215733528137207,sat,F,1,6.301535058,both_solved
973,onnx/medical/perturbations_0.onnx,vnnlib/medical/hyperrectangle_2866.vnnlib,CERTIFIED,1,1.2133681774139404,unsat,V,1,6.60356707,both_solved
974,onnx/ruarobot/perturbations_0.onnx,vnnlib/ruarobot/hyperrectangle_2219.vnnlib,FALSIFIED,1,0.7776973247528076,sat,F,1,6.241311556,both_solved
975,onnx/ruarobot/perturbations_0.onnx,vnnlib/ruarobot/hyperrectangle_5771.vnnlib,CERTIFIED,1,2.0548574924468994,unsat,V,1,6.875309192,both_solved
976,onnx/ruarobot/perturbations_0.onnx,vnnlib/ruarobot/hyperrectangle_7246.vnnlib,CERTIFIED,1,0.8065812587738037,unsat,V,1,7.245021839,both_solved
977,onnx/ruarobot/perturbations_0.onnx,vnnlib/ruarobot/hyperrectangle_6559.vnnlib,FALSIFIED,1,0.43528151512145996,sat,F,1,6.195480748,both_solved
978,onnx/ruarobot/perturbations_0.onnx,vnnlib/ruarobot/hyperrectangle_6880.vnnlib,FALSIFIED,1,0.5514736175537109,sat,F,1,6.292424067,both_solved
979,onnx/medical/perturbations_0.onnx,vnnlib/medical/hyperrectangle_202.vnnlib,CERTIFIED,1,0.2959916591644287,unsat,V,1,5.823273444,both_solved
980,onnx/ruarobot/perturbations_0.onnx,vnnlib/ruarobot/hyperrectangle_4404.vnnlib,CERTIFIED,1,0.1371920108795166,unsat,V,1,5.812485097,both_solved
981,onnx/ruarobot/perturbations_0.onnx,vnnlib/ruarobot/hyperrectangle_1843.vnnlib,FALSIFIED,1,0.9831752777099609,sat,F,1,6.374627682,both_solved
982,onnx/ruarobot/perturbations_0.onnx,vnnlib/ruarobot/hyperrectangle_3308.vnnlib,CERTIFIED,1,8.113731861114502,unsat,V,1,11.925779726,both_solved
983,onnx/ruarobot/perturbations_0.onnx,vnnlib/ruarobot/hyperrectangle_289.vnnlib,FALSIFIED,1,0.6613407135009766,sat,F,1,6.296230926,both_solved
984,onnx/medical/perturbations_0.onnx,vnnlib/medical/hyperrectangle_616.vnnlib,CERTIFIED,1,0.23446369171142578,unsat,V,1,5.807369273,both_solved
985,onnx/ruarobot/perturbations_0.onnx,vnnlib/ruarobot/hyperrectangle_5507.vnnlib,FALSIFIED,1,0.4698460102081299,sat,F,1,6.041991994,both_solved
986,onnx/ruarobot/perturbations_0.onnx,vnnlib/ruarobot/hyperrectangle_1163.vnnlib,FALSIFIED,1,2.0020389556884766,sat,F,1,6.310677328,both_solved
987,onnx/ruarobot/perturbations_0.onnx,vnnlib/ruarobot/hyperrectangle_7120.vnnlib,CERTIFIED,1,0.41201019287109375,unsat,V,1,6.543991704,both_solved
988,onnx/ruarobot/perturbations_0.onnx,vnnlib/ruarobot/hyperrectangle_670.vnnlib,FALSIFIED,1,0.4411957263946533,sat,F,1,6.107485342,both_solved
989,onnx/medical/perturbations_0.onnx,vnnlib/medical/hyperrectangle_2838.vnnlib,CERTIFIED,1,0.7678103446960449,unsat,V,1,6.753728322,both_solved
990,onnx/ruarobot/perturbations_0.onnx,vnnlib/ruarobot/hyperrectangle_5769.vnnlib,CERTIFIED,1,6.618069410324097,unsat,V,1,13.95680938,both_solved
991,onnx/medical/perturbations_0.onnx,vnnlib/medical/hyperrectangle_1627.vnnlib,CERTIFIED,1,0.23392105102539062,unsat,V,1,5.820700054,both_solved
992,onnx/ruarobot/perturbations_0.onnx,vnnlib/ruarobot/hyperrectangle_4782.vnnlib,FALSIFIED,1,1.734267234802246,sat,F,1,6.18442982,both_solved
993,onnx/ruarobot/perturbations_0.onnx,vnnlib/ruarobot/hyperrectangle_5351.vnnlib,FALSIFIED,1,0.4807143211364746,sat,F,1,6.122786615,both_solved
994,onnx/ruarobot/perturbations_0.onnx,vnnlib/ruarobot/hyperrectangle_7568.vnnlib,FALSIFIED,1,2.2769641876220703,sat,F,1,6.319865925,both_solved
995,onnx/ruarobot/perturbations_0.onnx,vnnlib/ruarobot/hyperrectangle_4030.vnnlib,CERTIFIED,1,0.7620644569396973,unsat,V,1,6.706476146,both_solved
996,onnx/medical/perturbations_0.onnx,vnnlib/medical/hyperrectangle_2300.vnnlib,CERTIFIED,1,3.145003080368042,unsat,V,1,7.73613364,both_solved
997,onnx/ruarobot/perturbations_0.onnx,vnnlib/ruarobot/hyperrectangle_7753.vnnlib,FALSIFIED,1,0.43862056732177734,sat,F,1,6.080174519,both_solved
998,onnx/medical/perturbations_0.onnx,vnnlib/medical/hyperrectangle_632.vnnlib,CERTIFIED,1,0.6463797092437744,unsat,V,1,6.970693235,both_solved
999,onnx/ruarobot/perturbations_0.onnx,vnnlib/ruarobot/hyperrectangle_5564.vnnlib,CERTIFIED,1,0.7781598567962646,unsat,V,1,7.09551625,both_solved
1000,onnx/ruarobot/perturbations_0.onnx,vnnlib/ruarobot/hyperrectangle_4207.vnnlib,FALSIFIED,1,1.718729019165039,sat,F,1,6.329919404,both_solved
1001,onnx/ruarobot/perturbations_0.onnx,vnnlib/ruarobot/hyperrectangle_1533.vnnlib,FALSIFIED,1,0.6224651336669922,sat,F,1,6.300355073,both_solved
1002,onnx/medical/perturbations_0.onnx,vnnlib/medical/hyperrectangle_17.vnnlib,CERTIFIED,1,0.25174522399902344,unsat,V,1,5.817367262,both_solved
1003,onnx/ruarobot/perturbations_0.onnx,vnnlib/ruarobot/hyperrectangle_335.vnnlib,FALSIFIED,1,1.3516004085540771,sat,F,1,6.154878462,both_solved
1004,onnx/medical/perturbations_0.onnx,vnnlib/medical/hyperrectangle_430.vnnlib,FALSIFIED,1,0.8864376544952393,sat,F,1,6.079238519,both_solved
1005,onnx/medical/perturbations_0.onnx,vnnlib/medical/hyperrectangle_512.vnnlib,CERTIFIED,1,2.3645107746124268,unsat,V,1,7.662847983,both_solved
1006,onnx/ruarobot/perturbations_0.onnx,vnnlib/ruarobot/hyperrectangle_1675.vnnlib,FALSIFIED,1,2.1252453327178955,sat,F,1,6.239583709,both_solved
1007,onnx/ruarobot/perturbations_0.onnx,vnnlib/ruarobot/hyperrectangle_7724.vnnlib,FALSIFIED,1,2.062089681625366,sat,F,1,6.221595724,both_solved
1008,onnx/medical/perturbations_0.onnx,vnnlib/medical/hyperrectangle_997.vnnlib,CERTIFIED,1,0.4542858600616455,unsat,V,1,6.626116611,both_solved
1009,onnx/medical/perturbations_0.onnx,vnnlib/medical/hyperrectangle_311.vnnlib,CERTIFIED,1,0.13022375106811523,unsat,V,1,5.809703691,both_solved
1010,onnx/ruarobot/perturbations_0.onnx,vnnlib/ruarobot/hyperrectangle_5534.vnnlib,FALSIFIED,1,0.6815876960754395,sat,F,1,6.275108557,both_solved
1011,onnx/ruarobot/perturbations_0.onnx,vnnlib/ruarobot/hyperrectangle_595.vnnlib,FALSIFIED,1,1.286994218826294,sat,F,1,6.330366089,both_solved
1012,onnx/ruarobot/perturbations_0.onnx,vnnlib/ruarobot/hyperrectangle_5242.vnnlib,FALSIFIED,1,0.5694432258605957,sat,F,1,6.297819129,both_solved
1013,onnx/ruarobot/perturbations_0.onnx,vnnlib/ruarobot/hyperrectangle_1183.vnnlib,CERTIFIED,1,2.078162908554077,unsat,V,1,8.091060628,both_solved
1014,onnx/medical/perturbations_0.onnx,vnnlib/medical/hyperrectangle_1908.vnnlib,CERTIFIED,1,0.49367809295654297,unsat,V,1,6.666273514,both_solved
1015,onnx/ruarobot/perturbations_0.onnx,vnnlib/ruarobot/hyperrectangle_5614.vnnlib,FALSIFIED,1,0.9206104278564453,sat,F,1,6.196825817,both_solved
1016,onnx/ruarobot/perturbations_0.onnx,vnnlib/ruarobot/hyperrectangle_1860.vnnlib,CERTIFIED,1,0.604341983795166,unsat,V,1,7.037190611,both_solved
1017,onnx/medical/perturbations_0.onnx,vnnlib/medical/hyperrectangle_707.vnnlib,FALSIFIED,1,0.5682013034820557,sat,F,1,6.138552775,both_solved
1018,onnx/ruarobot/perturbations_0.onnx,vnnlib/ruarobot/hyperrectangle_666.vnnlib,FALSIFIED,1,0.690859317779541,sat,F,1,6.259451154,both_solved
1019,onnx/medical/perturbations_0.onnx,vnnlib/medical/hyperrectangle_323.vnnlib,CERTIFIED,1,0.13739752769470215,unsat,V,1,5.824169812,both_solved
1020,onnx/ruarobot/perturbations_0.onnx,vnnlib/ruarobot/hyperrectangle_7400.vnnlib,CERTIFIED,1,0.6768112182617188,unsat,V,1,6.906972403,both_solved
1021,onnx/medical/perturbations_0.onnx,vnnlib/medical/hyperrectangle_1293.vnnlib,CERTIFIED,1,0.13910698890686035,unsat,V,1,5.828180387,both_solved
1022,onnx/medical/perturbations_0.onnx,vnnlib/medical/hyperrectangle_533.vnnlib,CERTIFIED,1,0.13988637924194336,unsat,V,1,5.820560782,both_solved
1023,onnx/medical/perturbations_0.onnx,vnnlib/medical/hyperrectangle_2702.vnnlib,FALSIFIED,1,0.9045405387878418,sat,F,1,6.232847911,both_solved
1024,onnx/ruarobot/perturbations_0.onnx,vnnlib/ruarobot/hyperrectangle_7906.vnnlib,FALSIFIED,1,0.6467175483703613,sat,F,1,6.123025667,both_solved
1025,onnx/medical/perturbations_0.onnx,vnnlib/medical/hyperrectangle_152.vnnlib,CERTIFIED,1,1.7263092994689941,unsat,V,1,6.702340536,both_solved
1026,onnx/ruarobot/perturbations_0.onnx,vnnlib/ruarobot/hyperrectangle_2791.vnnlib,CERTIFIED,1,0.8394474983215332,unsat,V,1,6.712153447,both_solved
1027,onnx/ruarobot/perturbations_0.onnx,vnnlib/ruarobot/hyperrectangle_5698.vnnlib,FALSIFIED,1,1.2691459655761719,sat,F,1,6.274602204,both_solved
1028,onnx/medical/perturbations_0.onnx,vnnlib/medical/hyperrectangle_2830.vnnlib,CERTIFIED,1,0.5828132629394531,unsat,V,1,6.822298029,both_solved
1029,onnx/ruarobot/perturbations_0.onnx,vnnlib/ruarobot/hyperrectangle_3568.vnnlib,CERTIFIED,1,0.25095486640930176,unsat,V,1,5.792210152,both_solved
1030,onnx/medical/perturbations_0.onnx,vnnlib/medical/hyperrectangle_2113.vnnlib,FALSIFIED,1,2.2291743755340576,sat,F,1,6.323295715,both_solved
1031,onnx/ruarobot/perturbations_0.onnx,vnnlib/ruarobot/hyperrectangle_7898.vnnlib,FALSIFIED,1,2.380967378616333,sat,F,1,6.262901789,both_solved
1032,onnx/ruarobot/perturbations_0.onnx,vnnlib/ruarobot/hyperrectangle_2349.vnnlib,FALSIFIED,1,1.5589165687561035,sat,F,1,6.263277547,both_solved
1033,onnx/ruarobot/perturbations_0.onnx,vnnlib/ruarobot/hyperrectangle_1649.vnnlib,FALSIFIED,1,0.491041898727417,sat,F,1,6.290917752,both_solved
1034,onnx/ruarobot/perturbations_0.onnx,vnnlib/ruarobot/hyperrectangle_4625.vnnlib,FALSIFIED,1,0.4842491149902344,sat,F,1,6.155508964,both_solved
1035,onnx/ruarobot/perturbations_0.onnx,vnnlib/ruarobot/hyperrectangle_41.vnnlib,FALSIFIED,1,0.7187967300415039,sat,F,1,6.275070281,both_solved
1036,onnx/ruarobot/perturbations_0.onnx,vnnlib/ruarobot/hyperrectangle_886.vnnlib,CERTIFIED,1,0.7445883750915527,unsat,V,1,6.607988242,both_solved
1037,onnx/ruarobot/perturbations_0.onnx,vnnlib/ruarobot/hyperrectangle_4888.vnnlib,CERTIFIED,1,1.0260961055755615,unsat,V,1,6.805613291,both_solved
1038,onnx/ruarobot/perturbations_0.onnx,vnnlib/ruarobot/hyperrectangle_1916.vnnlib,FALSIFIED,1,0.9150421619415283,sat,F,1,6.247450587,both_solved
1039,onnx/ruarobot/perturbations_0.onnx,vnnlib/ruarobot/hyperrectangle_4958.vnnlib,FALSIFIED,1,1.904003620147705,sat,F,1,6.205790769,both_solved
1040,onnx/medical/perturbations_0.onnx,vnnlib/medical/hyperrectangle_1111.vnnlib,CERTIFIED,1,0.13602995872497559,unsat,V,1,5.832189221,both_solved
1041,onnx/medical/perturbations_0.onnx,vnnlib/medical/hyperrectangle_904.vnnlib,FALSIFIED,1,1.4313714504241943,sat,F,1,6.179996872,both_solved
1042,onnx/ruarobot/perturbations_0.onnx,vnnlib/ruarobot/hyperrectangle_2769.vnnlib,FALSIFIED,1,1.6220331192016602,sat,F,1,6.180709466,both_solved
1043,onnx/ruarobot/perturbations_0.onnx,vnnlib/ruarobot/hyperrectangle_2696.vnnlib,FALSIFIED,1,1.2223994731903076,sat,F,1,6.112938473,both_solved
1044,onnx/ruarobot/perturbations_0.onnx,vnnlib/ruarobot/hyperrectangle_4488.vnnlib,FALSIFIED,1,0.6383876800537109,sat,F,1,6.309294308,both_solved
1045,onnx/medical/perturbations_0.onnx,vnnlib/medical/hyperrectangle_408.vnnlib,CERTIFIED,1,0.12709283828735352,unsat,V,1,5.819897679,both_solved
1046,onnx/medical/perturbations_0.onnx,vnnlib/medical/hyperrectangle_1389.vnnlib,CERTIFIED,1,0.13404297828674316,unsat,V,1,5.800100349,both_solved
1047,onnx/ruarobot/perturbations_0.onnx,vnnlib/ruarobot/hyperrectangle_3052.vnnlib,FALSIFIED,1,0.3825836181640625,sat,F,1,6.015450442,both_solved
1048,onnx/ruarobot/perturbations_0.onnx,vnnlib/ruarobot/hyperrectangle_6222.vnnlib,CERTIFIED,1,0.5105831623077393,unsat,V,1,6.832739855,both_solved
1049,onnx/ruarobot/perturbations_0.onnx,vnnlib/ruarobot/hyperrectangle_6750.vnnlib,FALSIFIED,1,3.3008365631103516,sat,F,1,6.311517834,both_solved
1050,onnx/ruarobot/perturbations_0.onnx,vnnlib/ruarobot/hyperrectangle_443.vnnlib,FALSIFIED,1,1.5951271057128906,sat,F,1,6.310609053,both_solved
1051,onnx/ruarobot/perturbations_0.onnx,vnnlib/ruarobot/hyperrectangle_6735.vnnlib,FALSIFIED,1,1.946645975112915,sat,F,1,6.346153181,both_solved
1052,onnx/ruarobot/perturbations_0.onnx,vnnlib/ruarobot/hyperrectangle_1800.vnnlib,FALSIFIED,1,0.824535608291626,sat,F,1,6.252188074,both_solved
1053,onnx/medical/perturbations_0.onnx,vnnlib/medical/hyperrectangle_362.vnnlib,CERTIFIED,1,0.2502453327178955,unsat,V,1,5.804861397,both_solved
1054,onnx/ruarobot/perturbations_0.onnx,vnnlib/ruarobot/hyperrectangle_7665.vnnlib,FALSIFIED,1,1.2889280319213867,sat,F,1,6.094637094,both_solved
1055,onnx/ruarobot/perturbations_0.onnx,vnnlib/ruarobot/hyperrectangle_2723.vnnlib,FALSIFIED,1,2.573107957839966,sat,F,1,6.321513438,both_solved
1056,onnx/ruarobot/perturbations_0.onnx,vnnlib/ruarobot/hyperrectangle_5798.vnnlib,FALSIFIED,1,0.5706315040588379,sat,F,1,6.343099888,both_solved
1057,onnx/ruarobot/perturbations_0.onnx,vnnlib/ruarobot/hyperrectangle_1154.vnnlib,CERTIFIED,1,0.6587684154510498,unsat,V,1,6.937485428,both_solved
1058,onnx/medical/perturbations_0.onnx,vnnlib/medical/hyperrectangle_1342.vnnlib,CERTIFIED,1,0.13523483276367188,unsat,V,1,5.852794335,both_solved
1059,onnx/ruarobot/perturbations_0.onnx,vnnlib/ruarobot/hyperrectangle_217.vnnlib,FALSIFIED,1,0.5095906257629395,sat,F,1,6.191360703,both_solved
1060,onnx/ruarobot/perturbations_0.onnx,vnnlib/ruarobot/hyperrectangle_1593.vnnlib,FALSIFIED,1,0.43366384506225586,sat,F,1,6.058950254,both_solved
1061,onnx/ruarobot/perturbations_0.onnx,vnnlib/ruarobot/hyperrectangle_3169.vnnlib,CERTIFIED,1,1.9154555797576904,unsat,V,1,7.267488098,both_solved
1062,onnx/medical/perturbations_0.onnx,vnnlib/medical/hyperrectangle_748.vnnlib,CERTIFIED,1,0.8946561813354492,unsat,V,1,7.25710405,both_solved
1063,onnx/medical/perturbations_0.onnx,vnnlib/medical/hyperrectangle_1349.vnnlib,CERTIFIED,1,0.2369232177734375,unsat,V,1,5.786577269,both_solved
1064,onnx/ruarobot/perturbations_0.onnx,vnnlib/ruarobot/hyperrectangle_7925.vnnlib,FALSIFIED,1,1.4320898056030273,sat,F,1,6.261185583,both_solved
1065,onnx/medical/perturbations_0.onnx,vnnlib/medical/hyperrectangle_1232.vnnlib,CERTIFIED,1,0.2470686435699463,unsat,V,1,5.862152031,both_solved
1066,onnx/ruarobot/perturbations_0.onnx,vnnlib/ruarobot/hyperrectangle_811.vnnlib,FALSIFIED,1,1.828798532485962,sat,F,1,6.332340188,both_solved
1067,onnx/medical/perturbations_0.onnx,vnnlib/medical/hyperrectangle_2849.vnnlib,CERTIFIED,1,1.057199239730835,unsat,V,1,6.59377196,both_solved
1068,onnx/ruarobot/perturbations_0.onnx,vnnlib/ruarobot/hyperrectangle_642.vnnlib,CERTIFIED,1,0.1351938247680664,unsat,V,1,5.811087533,both_solved
1069,onnx/ruarobot/perturbations_0.onnx,vnnlib/ruarobot/hyperrectangle_61.vnnlib,FALSIFIED,1,0.46650004386901855,sat,F,1,6.163697455,both_solved
1070,onnx/ruarobot/perturbations_0.onnx,vnnlib/ruarobot/hyperrectangle_5759.vnnlib,FALSIFIED,1,0.3490779399871826,sat,F,1,5.97731465,both_solved
1071,onnx/ruarobot/perturbations_0.onnx,vnnlib/ruarobot/hyperrectangle_5501.vnnlib,FALSIFIED,1,1.6293494701385498,sat,F,1,6.314706459,both_solved
1072,onnx/ruarobot/perturbations_0.onnx,vnnlib/ruarobot/hyperrectangle_5413.vnnlib,FALSIFIED,1,1.8772900104522705,sat,F,1,6.18501886,both_solved
1073,onnx/ruarobot/perturbations_0.onnx,vnnlib/ruarobot/hyperrectangle_200.vnnlib,CERTIFIED,1,0.9730370044708252,unsat,V,1,6.589897686,both_solved
1074,onnx/ruarobot/perturbations_0.onnx,vnnlib/ruarobot/hyperrectangle_570.vnnlib,CERTIFIED,1,0.15120959281921387,unsat,V,1,5.807057455,both_solved
1075,onnx/medical/perturbations_0.onnx,vnnlib/medical/hyperrectangle_2342.vnnlib,FALSIFIED,1,0.47266340255737305,sat,F,1,6.13032295,both_solved
1076,onnx/ruarobot/perturbations_0.onnx,vnnlib/ruarobot/hyperrectangle_1302.vnnlib,FALSIFIED,1,0.9450507164001465,sat,F,1,6.224814321,both_solved
1077,onnx/ruarobot/perturbations_0.onnx,vnnlib/ruarobot/hyperrectangle_3809.vnnlib,FALSIFIED,1,1.0373542308807373,sat,F,1,6.289456111,both_solved
1078,onnx/ruarobot/perturbations_0.onnx,vnnlib/ruarobot/hyperrectangle_6690.vnnlib,FALSIFIED,1,0.44782328605651855,sat,F,1,6.16990737,both_solved
1079,onnx/ruarobot/perturbations_0.onnx,vnnlib/ruarobot/hyperrectangle_1330.vnnlib,FALSIFIED,1,1.9294993877410889,sat,F,1,6.233211236,both_solved
