dataset,row,onnx,vnnlib,result,time_sec,status,solved,timeout_s,verification_s,wall_s,prep_s,process_wall_s,over_timeout,witness_n,witness_valid,witness_valid_1e6,witness_note,exit_code,log_path,tool_commit,config,deviations,error_class,error_detail,gpu_util_pct_before,gpu_mem_used_mib_before,variant,key,reused_from_row
cora_2024,0,mnist-point.onnx,mnist-img0.vnnlib,timeout,31.0248,TIMEOUT,0,30.0,31.0248,33.473,0,33.56169732473791,1,0,,,not a FALSIFIED row,0,scratch/logs/fse2026/neuralsat/cora_2024/00000_be180ee58c5e2871b188_ustmdqdb.log,c5097698a32a6dc04d176dcf72b61a931b89cdac,"{""attack"": {""attack_off"": true, ""overrides"": [""--disable_attack""]}, ""deviations"": [""GRB_LICENSE_FILE unset (run_instance.sh sets ~/gurobi.lic; no license on this machine, gurobipy size-limited pip license)"", ""attack-off (user decision D20): --disable_attack""], ""mapping"": ""default"", ""official"": ""vnncomp_scripts/run_instance.sh defaults (no per-family config)"", ""variant"": ""default""}","[""GRB_LICENSE_FILE unset (run_instance.sh sets ~/gurobi.lic; no license on this machine, gurobipy size-limited pip license)"", ""attack-off (user decision D20): --disable_attack"", ""float32 default NeuralSAT dtype; stable interpreter; no precision override""]",,,0.0,11536.0,default_attack_off_f32,"[""neuralsat"",""data/vnncomp2026/cora_2024/1.0/onnx/mnist-point.onnx"",""data/vnncomp2026/cora_2024/1.0/vnnlib/mnist-img0.vnnlib"",30.0,""default_attack_off_f32""]",
cora_2024,1,mnist-trades.onnx,mnist-img0.vnnlib,timeout,30.6395,TIMEOUT,0,30.0,30.6395,33.025,0,33.109973046928644,1,0,,,not a FALSIFIED row,0,scratch/logs/fse2026/neuralsat/cora_2024/00001_d8743acbc6ae523f316f_790nze08.log,c5097698a32a6dc04d176dcf72b61a931b89cdac,"{""attack"": {""attack_off"": true, ""overrides"": [""--disable_attack""]}, ""deviations"": [""GRB_LICENSE_FILE unset (run_instance.sh sets ~/gurobi.lic; no license on this machine, gurobipy size-limited pip license)"", ""attack-off (user decision D20): --disable_attack""], ""mapping"": ""default"", ""official"": ""vnncomp_scripts/run_instance.sh defaults (no per-family config)"", ""variant"": ""default""}","[""GRB_LICENSE_FILE unset (run_instance.sh sets ~/gurobi.lic; no license on this machine, gurobipy size-limited pip license)"", ""attack-off (user decision D20): --disable_attack"", ""float32 default NeuralSAT dtype; stable interpreter; no precision override""]",,,0.0,11536.0,default_attack_off_f32,"[""neuralsat"",""data/vnncomp2026/cora_2024/1.0/onnx/mnist-trades.onnx"",""data/vnncomp2026/cora_2024/1.0/vnnlib/mnist-img0.vnnlib"",30.0,""default_attack_off_f32""]",
cora_2024,2,mnist-set.onnx,mnist-img0.vnnlib,unsat,0.7506,CERTIFIED,1,30.0,0.7506,2.568,0,2.649046640843153,0,0,,,not a FALSIFIED row,0,scratch/logs/fse2026/neuralsat/cora_2024/00002_99dda4991cce2a28167f_pubi9hsx.log,c5097698a32a6dc04d176dcf72b61a931b89cdac,"{""attack"": {""attack_off"": true, ""overrides"": [""--disable_attack""]}, ""deviations"": [""GRB_LICENSE_FILE unset (run_instance.sh sets ~/gurobi.lic; no license on this machine, gurobipy size-limited pip license)"", ""attack-off (user decision D20): --disable_attack""], ""mapping"": ""default"", ""official"": ""vnncomp_scripts/run_instance.sh defaults (no per-family config)"", ""variant"": ""default""}","[""GRB_LICENSE_FILE unset (run_instance.sh sets ~/gurobi.lic; no license on this machine, gurobipy size-limited pip license)"", ""attack-off (user decision D20): --disable_attack"", ""float32 default NeuralSAT dtype; stable interpreter; no precision override""]",,,0.0,11536.0,default_attack_off_f32,"[""neuralsat"",""data/vnncomp2026/cora_2024/1.0/onnx/mnist-set.onnx"",""data/vnncomp2026/cora_2024/1.0/vnnlib/mnist-img0.vnnlib"",30.0,""default_attack_off_f32""]",
cora_2024,3,mnist-point.onnx,mnist-img1.vnnlib,timeout,30.8019,TIMEOUT,0,30.0,30.8019,33.178,0,33.25870935805142,1,0,,,not a FALSIFIED row,0,scratch/logs/fse2026/neuralsat/cora_2024/00003_1a16e663354dd75462ed_qfxks_gw.log,c5097698a32a6dc04d176dcf72b61a931b89cdac,"{""attack"": {""attack_off"": true, ""overrides"": [""--disable_attack""]}, ""deviations"": [""GRB_LICENSE_FILE unset (run_instance.sh sets ~/gurobi.lic; no license on this machine, gurobipy size-limited pip license)"", ""attack-off (user decision D20): --disable_attack""], ""mapping"": ""default"", ""official"": ""vnncomp_scripts/run_instance.sh defaults (no per-family config)"", ""variant"": ""default""}","[""GRB_LICENSE_FILE unset (run_instance.sh sets ~/gurobi.lic; no license on this machine, gurobipy size-limited pip license)"", ""attack-off (user decision D20): --disable_attack"", ""float32 default NeuralSAT dtype; stable interpreter; no precision override""]",,,0.0,11536.0,default_attack_off_f32,"[""neuralsat"",""data/vnncomp2026/cora_2024/1.0/onnx/mnist-point.onnx"",""data/vnncomp2026/cora_2024/1.0/vnnlib/mnist-img1.vnnlib"",30.0,""default_attack_off_f32""]",
cora_2024,4,mnist-trades.onnx,mnist-img1.vnnlib,timeout,30.5963,TIMEOUT,0,30.0,30.5963,32.981,0,33.060619020834565,1,0,,,not a FALSIFIED row,0,scratch/logs/fse2026/neuralsat/cora_2024/00004_4e0e63de89cd804938d6_lb2nylk2.log,c5097698a32a6dc04d176dcf72b61a931b89cdac,"{""attack"": {""attack_off"": true, ""overrides"": [""--disable_attack""]}, ""deviations"": [""GRB_LICENSE_FILE unset (run_instance.sh sets ~/gurobi.lic; no license on this machine, gurobipy size-limited pip license)"", ""attack-off (user decision D20): --disable_attack""], ""mapping"": ""default"", ""official"": ""vnncomp_scripts/run_instance.sh defaults (no per-family config)"", ""variant"": ""default""}","[""GRB_LICENSE_FILE unset (run_instance.sh sets ~/gurobi.lic; no license on this machine, gurobipy size-limited pip license)"", ""attack-off (user decision D20): --disable_attack"", ""float32 default NeuralSAT dtype; stable interpreter; no precision override""]",,,0.0,11536.0,default_attack_off_f32,"[""neuralsat"",""data/vnncomp2026/cora_2024/1.0/onnx/mnist-trades.onnx"",""data/vnncomp2026/cora_2024/1.0/vnnlib/mnist-img1.vnnlib"",30.0,""default_attack_off_f32""]",
cora_2024,5,mnist-set.onnx,mnist-img1.vnnlib,unsat,0.6729,CERTIFIED,1,30.0,0.6729,2.419,0,2.497617529705167,0,0,,,not a FALSIFIED row,0,scratch/logs/fse2026/neuralsat/cora_2024/00005_20ec260a13549850f402_506s91sc.log,c5097698a32a6dc04d176dcf72b61a931b89cdac,"{""attack"": {""attack_off"": true, ""overrides"": [""--disable_attack""]}, ""deviations"": [""GRB_LICENSE_FILE unset (run_instance.sh sets ~/gurobi.lic; no license on this machine, gurobipy size-limited pip license)"", ""attack-off (user decision D20): --disable_attack""], ""mapping"": ""default"", ""official"": ""vnncomp_scripts/run_instance.sh defaults (no per-family config)"", ""variant"": ""default""}","[""GRB_LICENSE_FILE unset (run_instance.sh sets ~/gurobi.lic; no license on this machine, gurobipy size-limited pip license)"", ""attack-off (user decision D20): --disable_attack"", ""float32 default NeuralSAT dtype; stable interpreter; no precision override""]",,,0.0,11536.0,default_attack_off_f32,"[""neuralsat"",""data/vnncomp2026/cora_2024/1.0/onnx/mnist-set.onnx"",""data/vnncomp2026/cora_2024/1.0/vnnlib/mnist-img1.vnnlib"",30.0,""default_attack_off_f32""]",
cora_2024,6,mnist-point.onnx,mnist-img2.vnnlib,timeout,30.6361,TIMEOUT,0,30.0,30.6361,33.074,0,33.157834220677614,1,0,,,not a FALSIFIED row,0,scratch/logs/fse2026/neuralsat/cora_2024/00006_8c6e1a5c7b4622c017c7_0mh2lewa.log,c5097698a32a6dc04d176dcf72b61a931b89cdac,"{""attack"": {""attack_off"": true, ""overrides"": [""--disable_attack""]}, ""deviations"": [""GRB_LICENSE_FILE unset (run_instance.sh sets ~/gurobi.lic; no license on this machine, gurobipy size-limited pip license)"", ""attack-off (user decision D20): --disable_attack""], ""mapping"": ""default"", ""official"": ""vnncomp_scripts/run_instance.sh defaults (no per-family config)"", ""variant"": ""default""}","[""GRB_LICENSE_FILE unset (run_instance.sh sets ~/gurobi.lic; no license on this machine, gurobipy size-limited pip license)"", ""attack-off (user decision D20): --disable_attack"", ""float32 default NeuralSAT dtype; stable interpreter; no precision override""]",,,0.0,11536.0,default_attack_off_f32,"[""neuralsat"",""data/vnncomp2026/cora_2024/1.0/onnx/mnist-point.onnx"",""data/vnncomp2026/cora_2024/1.0/vnnlib/mnist-img2.vnnlib"",30.0,""default_attack_off_f32""]",
cora_2024,7,mnist-trades.onnx,mnist-img2.vnnlib,timeout,31.1252,TIMEOUT,0,30.0,31.1252,33.526,0,33.60732497647405,1,0,,,not a FALSIFIED row,0,scratch/logs/fse2026/neuralsat/cora_2024/00007_bde47d99ca76965f635e_0wyi9rlu.log,c5097698a32a6dc04d176dcf72b61a931b89cdac,"{""attack"": {""attack_off"": true, ""overrides"": [""--disable_attack""]}, ""deviations"": [""GRB_LICENSE_FILE unset (run_instance.sh sets ~/gurobi.lic; no license on this machine, gurobipy size-limited pip license)"", ""attack-off (user decision D20): --disable_attack""], ""mapping"": ""default"", ""official"": ""vnncomp_scripts/run_instance.sh defaults (no per-family config)"", ""variant"": ""default""}","[""GRB_LICENSE_FILE unset (run_instance.sh sets ~/gurobi.lic; no license on this machine, gurobipy size-limited pip license)"", ""attack-off (user decision D20): --disable_attack"", ""float32 default NeuralSAT dtype; stable interpreter; no precision override""]",,,57.0,11536.0,default_attack_off_f32,"[""neuralsat"",""data/vnncomp2026/cora_2024/1.0/onnx/mnist-trades.onnx"",""data/vnncomp2026/cora_2024/1.0/vnnlib/mnist-img2.vnnlib"",30.0,""default_attack_off_f32""]",
cora_2024,8,mnist-set.onnx,mnist-img2.vnnlib,unsat,0.69,CERTIFIED,1,30.0,0.69,2.468,0,2.5473786387592554,0,0,,,not a FALSIFIED row,0,scratch/logs/fse2026/neuralsat/cora_2024/00008_0bebc2a23e4ddd4c799c_e_feitue.log,c5097698a32a6dc04d176dcf72b61a931b89cdac,"{""attack"": {""attack_off"": true, ""overrides"": [""--disable_attack""]}, ""deviations"": [""GRB_LICENSE_FILE unset (run_instance.sh sets ~/gurobi.lic; no license on this machine, gurobipy size-limited pip license)"", ""attack-off (user decision D20): --disable_attack""], ""mapping"": ""default"", ""official"": ""vnncomp_scripts/run_instance.sh defaults (no per-family config)"", ""variant"": ""default""}","[""GRB_LICENSE_FILE unset (run_instance.sh sets ~/gurobi.lic; no license on this machine, gurobipy size-limited pip license)"", ""attack-off (user decision D20): --disable_attack"", ""float32 default NeuralSAT dtype; stable interpreter; no precision override""]",,,2.0,11536.0,default_attack_off_f32,"[""neuralsat"",""data/vnncomp2026/cora_2024/1.0/onnx/mnist-set.onnx"",""data/vnncomp2026/cora_2024/1.0/vnnlib/mnist-img2.vnnlib"",30.0,""default_attack_off_f32""]",
cora_2024,9,mnist-point.onnx,mnist-img3.vnnlib,timeout,30.7633,TIMEOUT,0,30.0,30.7633,33.076,0,33.15959404781461,1,0,,,not a FALSIFIED row,0,scratch/logs/fse2026/neuralsat/cora_2024/00009_91899530f49ee2003416_mvx7h_p_.log,c5097698a32a6dc04d176dcf72b61a931b89cdac,"{""attack"": {""attack_off"": true, ""overrides"": [""--disable_attack""]}, ""deviations"": [""GRB_LICENSE_FILE unset (run_instance.sh sets ~/gurobi.lic; no license on this machine, gurobipy size-limited pip license)"", ""attack-off (user decision D20): --disable_attack""], ""mapping"": ""default"", ""official"": ""vnncomp_scripts/run_instance.sh defaults (no per-family config)"", ""variant"": ""default""}","[""GRB_LICENSE_FILE unset (run_instance.sh sets ~/gurobi.lic; no license on this machine, gurobipy size-limited pip license)"", ""attack-off (user decision D20): --disable_attack"", ""float32 default NeuralSAT dtype; stable interpreter; no precision override""]",,,0.0,11536.0,default_attack_off_f32,"[""neuralsat"",""data/vnncomp2026/cora_2024/1.0/onnx/mnist-point.onnx"",""data/vnncomp2026/cora_2024/1.0/vnnlib/mnist-img3.vnnlib"",30.0,""default_attack_off_f32""]",
cora_2024,10,mnist-trades.onnx,mnist-img3.vnnlib,timeout,31.6926,TIMEOUT,0,30.0,31.6926,34.179,0,34.25809854827821,1,0,,,not a FALSIFIED row,0,scratch/logs/fse2026/neuralsat/cora_2024/00010_21281ac3d4c9f7a56dda_rinn2ocg.log,c5097698a32a6dc04d176dcf72b61a931b89cdac,"{""attack"": {""attack_off"": true, ""overrides"": [""--disable_attack""]}, ""deviations"": [""GRB_LICENSE_FILE unset (run_instance.sh sets ~/gurobi.lic; no license on this machine, gurobipy size-limited pip license)"", ""attack-off (user decision D20): --disable_attack""], ""mapping"": ""default"", ""official"": ""vnncomp_scripts/run_instance.sh defaults (no per-family config)"", ""variant"": ""default""}","[""GRB_LICENSE_FILE unset (run_instance.sh sets ~/gurobi.lic; no license on this machine, gurobipy size-limited pip license)"", ""attack-off (user decision D20): --disable_attack"", ""float32 default NeuralSAT dtype; stable interpreter; no precision override""]",,,0.0,11536.0,default_attack_off_f32,"[""neuralsat"",""data/vnncomp2026/cora_2024/1.0/onnx/mnist-trades.onnx"",""data/vnncomp2026/cora_2024/1.0/vnnlib/mnist-img3.vnnlib"",30.0,""default_attack_off_f32""]",
cora_2024,11,mnist-set.onnx,mnist-img3.vnnlib,unsat,0.7022,CERTIFIED,1,30.0,0.7022,2.468,0,2.5489263869822025,0,0,,,not a FALSIFIED row,0,scratch/logs/fse2026/neuralsat/cora_2024/00011_720d3ed341ae667922a1_aenme8un.log,c5097698a32a6dc04d176dcf72b61a931b89cdac,"{""attack"": {""attack_off"": true, ""overrides"": [""--disable_attack""]}, ""deviations"": [""GRB_LICENSE_FILE unset (run_instance.sh sets ~/gurobi.lic; no license on this machine, gurobipy size-limited pip license)"", ""attack-off (user decision D20): --disable_attack""], ""mapping"": ""default"", ""official"": ""vnncomp_scripts/run_instance.sh defaults (no per-family config)"", ""variant"": ""default""}","[""GRB_LICENSE_FILE unset (run_instance.sh sets ~/gurobi.lic; no license on this machine, gurobipy size-limited pip license)"", ""attack-off (user decision D20): --disable_attack"", ""float32 default NeuralSAT dtype; stable interpreter; no precision override""]",,,2.0,11536.0,default_attack_off_f32,"[""neuralsat"",""data/vnncomp2026/cora_2024/1.0/onnx/mnist-set.onnx"",""data/vnncomp2026/cora_2024/1.0/vnnlib/mnist-img3.vnnlib"",30.0,""default_attack_off_f32""]",
cora_2024,12,mnist-point.onnx,mnist-img4.vnnlib,timeout,30.3473,TIMEOUT,0,30.0,30.3473,32.674,0,32.75472190417349,1,0,,,not a FALSIFIED row,0,scratch/logs/fse2026/neuralsat/cora_2024/00012_0a9e0a6bf4af01e69483_2zb1xb01.log,c5097698a32a6dc04d176dcf72b61a931b89cdac,"{""attack"": {""attack_off"": true, ""overrides"": [""--disable_attack""]}, ""deviations"": [""GRB_LICENSE_FILE unset (run_instance.sh sets ~/gurobi.lic; no license on this machine, gurobipy size-limited pip license)"", ""attack-off (user decision D20): --disable_attack""], ""mapping"": ""default"", ""official"": ""vnncomp_scripts/run_instance.sh defaults (no per-family config)"", ""variant"": ""default""}","[""GRB_LICENSE_FILE unset (run_instance.sh sets ~/gurobi.lic; no license on this machine, gurobipy size-limited pip license)"", ""attack-off (user decision D20): --disable_attack"", ""float32 default NeuralSAT dtype; stable interpreter; no precision override""]",,,0.0,11536.0,default_attack_off_f32,"[""neuralsat"",""data/vnncomp2026/cora_2024/1.0/onnx/mnist-point.onnx"",""data/vnncomp2026/cora_2024/1.0/vnnlib/mnist-img4.vnnlib"",30.0,""default_attack_off_f32""]",
cora_2024,13,mnist-trades.onnx,mnist-img4.vnnlib,timeout,30.9202,TIMEOUT,0,30.0,30.9202,33.526,0,33.60822809487581,1,0,,,not a FALSIFIED row,0,scratch/logs/fse2026/neuralsat/cora_2024/00013_5300126e87b0f8adc853_k2vsuacw.log,c5097698a32a6dc04d176dcf72b61a931b89cdac,"{""attack"": {""attack_off"": true, ""overrides"": [""--disable_attack""]}, ""deviations"": [""GRB_LICENSE_FILE unset (run_instance.sh sets ~/gurobi.lic; no license on this machine, gurobipy size-limited pip license)"", ""attack-off (user decision D20): --disable_attack""], ""mapping"": ""default"", ""official"": ""vnncomp_scripts/run_instance.sh defaults (no per-family config)"", ""variant"": ""default""}","[""GRB_LICENSE_FILE unset (run_instance.sh sets ~/gurobi.lic; no license on this machine, gurobipy size-limited pip license)"", ""attack-off (user decision D20): --disable_attack"", ""float32 default NeuralSAT dtype; stable interpreter; no precision override""]",,,0.0,11536.0,default_attack_off_f32,"[""neuralsat"",""data/vnncomp2026/cora_2024/1.0/onnx/mnist-trades.onnx"",""data/vnncomp2026/cora_2024/1.0/vnnlib/mnist-img4.vnnlib"",30.0,""default_attack_off_f32""]",
cora_2024,14,mnist-set.onnx,mnist-img4.vnnlib,unsat,0.7789,CERTIFIED,1,30.0,0.7789,2.568,0,2.6477437913417816,0,0,,,not a FALSIFIED row,0,scratch/logs/fse2026/neuralsat/cora_2024/00014_d0a5f01f4494ebf70c05_xndvrg39.log,c5097698a32a6dc04d176dcf72b61a931b89cdac,"{""attack"": {""attack_off"": true, ""overrides"": [""--disable_attack""]}, ""deviations"": [""GRB_LICENSE_FILE unset (run_instance.sh sets ~/gurobi.lic; no license on this machine, gurobipy size-limited pip license)"", ""attack-off (user decision D20): --disable_attack""], ""mapping"": ""default"", ""official"": ""vnncomp_scripts/run_instance.sh defaults (no per-family config)"", ""variant"": ""default""}","[""GRB_LICENSE_FILE unset (run_instance.sh sets ~/gurobi.lic; no license on this machine, gurobipy size-limited pip license)"", ""attack-off (user decision D20): --disable_attack"", ""float32 default NeuralSAT dtype; stable interpreter; no precision override""]",,,2.0,11536.0,default_attack_off_f32,"[""neuralsat"",""data/vnncomp2026/cora_2024/1.0/onnx/mnist-set.onnx"",""data/vnncomp2026/cora_2024/1.0/vnnlib/mnist-img4.vnnlib"",30.0,""default_attack_off_f32""]",
cora_2024,15,mnist-point.onnx,mnist-img5.vnnlib,timeout,30.4702,TIMEOUT,0,30.0,30.4702,32.871,0,32.95739917829633,1,0,,,not a FALSIFIED row,0,scratch/logs/fse2026/neuralsat/cora_2024/00015_caab0ce84bd5036c1cd1_x9zb06zw.log,c5097698a32a6dc04d176dcf72b61a931b89cdac,"{""attack"": {""attack_off"": true, ""overrides"": [""--disable_attack""]}, ""deviations"": [""GRB_LICENSE_FILE unset (run_instance.sh sets ~/gurobi.lic; no license on this machine, gurobipy size-limited pip license)"", ""attack-off (user decision D20): --disable_attack""], ""mapping"": ""default"", ""official"": ""vnncomp_scripts/run_instance.sh defaults (no per-family config)"", ""variant"": ""default""}","[""GRB_LICENSE_FILE unset (run_instance.sh sets ~/gurobi.lic; no license on this machine, gurobipy size-limited pip license)"", ""attack-off (user decision D20): --disable_attack"", ""float32 default NeuralSAT dtype; stable interpreter; no precision override""]",,,0.0,11536.0,default_attack_off_f32,"[""neuralsat"",""data/vnncomp2026/cora_2024/1.0/onnx/mnist-point.onnx"",""data/vnncomp2026/cora_2024/1.0/vnnlib/mnist-img5.vnnlib"",30.0,""default_attack_off_f32""]",
cora_2024,16,mnist-trades.onnx,mnist-img5.vnnlib,timeout,30.4755,TIMEOUT,0,30.0,30.4755,32.973,0,33.061149507761,1,0,,,not a FALSIFIED row,0,scratch/logs/fse2026/neuralsat/cora_2024/00016_8e95e8351aad1ecc06a7_65edx6wg.log,c5097698a32a6dc04d176dcf72b61a931b89cdac,"{""attack"": {""attack_off"": true, ""overrides"": [""--disable_attack""]}, ""deviations"": [""GRB_LICENSE_FILE unset (run_instance.sh sets ~/gurobi.lic; no license on this machine, gurobipy size-limited pip license)"", ""attack-off (user decision D20): --disable_attack""], ""mapping"": ""default"", ""official"": ""vnncomp_scripts/run_instance.sh defaults (no per-family config)"", ""variant"": ""default""}","[""GRB_LICENSE_FILE unset (run_instance.sh sets ~/gurobi.lic; no license on this machine, gurobipy size-limited pip license)"", ""attack-off (user decision D20): --disable_attack"", ""float32 default NeuralSAT dtype; stable interpreter; no precision override""]",,,0.0,11536.0,default_attack_off_f32,"[""neuralsat"",""data/vnncomp2026/cora_2024/1.0/onnx/mnist-trades.onnx"",""data/vnncomp2026/cora_2024/1.0/vnnlib/mnist-img5.vnnlib"",30.0,""default_attack_off_f32""]",
cora_2024,17,mnist-set.onnx,mnist-img5.vnnlib,unsat,0.6741,CERTIFIED,1,30.0,0.6741,2.469,0,2.5417521595954895,0,0,,,not a FALSIFIED row,0,scratch/logs/fse2026/neuralsat/cora_2024/00017_7edebf88ff6cc4db9995__veo08ih.log,c5097698a32a6dc04d176dcf72b61a931b89cdac,"{""attack"": {""attack_off"": true, ""overrides"": [""--disable_attack""]}, ""deviations"": [""GRB_LICENSE_FILE unset (run_instance.sh sets ~/gurobi.lic; no license on this machine, gurobipy size-limited pip license)"", ""attack-off (user decision D20): --disable_attack""], ""mapping"": ""default"", ""official"": ""vnncomp_scripts/run_instance.sh defaults (no per-family config)"", ""variant"": ""default""}","[""GRB_LICENSE_FILE unset (run_instance.sh sets ~/gurobi.lic; no license on this machine, gurobipy size-limited pip license)"", ""attack-off (user decision D20): --disable_attack"", ""float32 default NeuralSAT dtype; stable interpreter; no precision override""]",,,0.0,11536.0,default_attack_off_f32,"[""neuralsat"",""data/vnncomp2026/cora_2024/1.0/onnx/mnist-set.onnx"",""data/vnncomp2026/cora_2024/1.0/vnnlib/mnist-img5.vnnlib"",30.0,""default_attack_off_f32""]",
cora_2024,18,mnist-point.onnx,mnist-img6.vnnlib,timeout,30.9556,TIMEOUT,0,30.0,30.9556,33.279,0,33.355643877759576,1,0,,,not a FALSIFIED row,0,scratch/logs/fse2026/neuralsat/cora_2024/00018_15ee974a693555e631b8_yukt36ip.log,c5097698a32a6dc04d176dcf72b61a931b89cdac,"{""attack"": {""attack_off"": true, ""overrides"": [""--disable_attack""]}, ""deviations"": [""GRB_LICENSE_FILE unset (run_instance.sh sets ~/gurobi.lic; no license on this machine, gurobipy size-limited pip license)"", ""attack-off (user decision D20): --disable_attack""], ""mapping"": ""default"", ""official"": ""vnncomp_scripts/run_instance.sh defaults (no per-family config)"", ""variant"": ""default""}","[""GRB_LICENSE_FILE unset (run_instance.sh sets ~/gurobi.lic; no license on this machine, gurobipy size-limited pip license)"", ""attack-off (user decision D20): --disable_attack"", ""float32 default NeuralSAT dtype; stable interpreter; no precision override""]",,,5.0,11536.0,default_attack_off_f32,"[""neuralsat"",""data/vnncomp2026/cora_2024/1.0/onnx/mnist-point.onnx"",""data/vnncomp2026/cora_2024/1.0/vnnlib/mnist-img6.vnnlib"",30.0,""default_attack_off_f32""]",
cora_2024,19,mnist-trades.onnx,mnist-img6.vnnlib,timeout,30.7297,TIMEOUT,0,30.0,30.7297,33.125,0,33.20200610905886,1,0,,,not a FALSIFIED row,0,scratch/logs/fse2026/neuralsat/cora_2024/00019_0302eb49378d28dbc603_asp6rox3.log,c5097698a32a6dc04d176dcf72b61a931b89cdac,"{""attack"": {""attack_off"": true, ""overrides"": [""--disable_attack""]}, ""deviations"": [""GRB_LICENSE_FILE unset (run_instance.sh sets ~/gurobi.lic; no license on this machine, gurobipy size-limited pip license)"", ""attack-off (user decision D20): --disable_attack""], ""mapping"": ""default"", ""official"": ""vnncomp_scripts/run_instance.sh defaults (no per-family config)"", ""variant"": ""default""}","[""GRB_LICENSE_FILE unset (run_instance.sh sets ~/gurobi.lic; no license on this machine, gurobipy size-limited pip license)"", ""attack-off (user decision D20): --disable_attack"", ""float32 default NeuralSAT dtype; stable interpreter; no precision override""]",,,0.0,11536.0,default_attack_off_f32,"[""neuralsat"",""data/vnncomp2026/cora_2024/1.0/onnx/mnist-trades.onnx"",""data/vnncomp2026/cora_2024/1.0/vnnlib/mnist-img6.vnnlib"",30.0,""default_attack_off_f32""]",
cora_2024,20,mnist-set.onnx,mnist-img6.vnnlib,unsat,0.711,CERTIFIED,1,30.0,0.711,2.468,0,2.5501487851142883,0,0,,,not a FALSIFIED row,0,scratch/logs/fse2026/neuralsat/cora_2024/00020_59b8135686f4fe8c4ce2_m78dziwj.log,c5097698a32a6dc04d176dcf72b61a931b89cdac,"{""attack"": {""attack_off"": true, ""overrides"": [""--disable_attack""]}, ""deviations"": [""GRB_LICENSE_FILE unset (run_instance.sh sets ~/gurobi.lic; no license on this machine, gurobipy size-limited pip license)"", ""attack-off (user decision D20): --disable_attack""], ""mapping"": ""default"", ""official"": ""vnncomp_scripts/run_instance.sh defaults (no per-family config)"", ""variant"": ""default""}","[""GRB_LICENSE_FILE unset (run_instance.sh sets ~/gurobi.lic; no license on this machine, gurobipy size-limited pip license)"", ""attack-off (user decision D20): --disable_attack"", ""float32 default NeuralSAT dtype; stable interpreter; no precision override""]",,,1.0,11536.0,default_attack_off_f32,"[""neuralsat"",""data/vnncomp2026/cora_2024/1.0/onnx/mnist-set.onnx"",""data/vnncomp2026/cora_2024/1.0/vnnlib/mnist-img6.vnnlib"",30.0,""default_attack_off_f32""]",
cora_2024,21,mnist-point.onnx,mnist-img7.vnnlib,timeout,31.0989,TIMEOUT,0,30.0,31.0989,33.528,0,33.61287624202669,1,0,,,not a FALSIFIED row,0,scratch/logs/fse2026/neuralsat/cora_2024/00021_e680591d6edb8b9b2759_amui1cqx.log,c5097698a32a6dc04d176dcf72b61a931b89cdac,"{""attack"": {""attack_off"": true, ""overrides"": [""--disable_attack""]}, ""deviations"": [""GRB_LICENSE_FILE unset (run_instance.sh sets ~/gurobi.lic; no license on this machine, gurobipy size-limited pip license)"", ""attack-off (user decision D20): --disable_attack""], ""mapping"": ""default"", ""official"": ""vnncomp_scripts/run_instance.sh defaults (no per-family config)"", ""variant"": ""default""}","[""GRB_LICENSE_FILE unset (run_instance.sh sets ~/gurobi.lic; no license on this machine, gurobipy size-limited pip license)"", ""attack-off (user decision D20): --disable_attack"", ""float32 default NeuralSAT dtype; stable interpreter; no precision override""]",,,1.0,11536.0,default_attack_off_f32,"[""neuralsat"",""data/vnncomp2026/cora_2024/1.0/onnx/mnist-point.onnx"",""data/vnncomp2026/cora_2024/1.0/vnnlib/mnist-img7.vnnlib"",30.0,""default_attack_off_f32""]",
cora_2024,22,mnist-trades.onnx,mnist-img7.vnnlib,timeout,30.7247,TIMEOUT,0,30.0,30.7247,33.077,0,33.1611548922956,1,0,,,not a FALSIFIED row,0,scratch/logs/fse2026/neuralsat/cora_2024/00022_f5825b37bc76f7c262a0_tm47erqz.log,c5097698a32a6dc04d176dcf72b61a931b89cdac,"{""attack"": {""attack_off"": true, ""overrides"": [""--disable_attack""]}, ""deviations"": [""GRB_LICENSE_FILE unset (run_instance.sh sets ~/gurobi.lic; no license on this machine, gurobipy size-limited pip license)"", ""attack-off (user decision D20): --disable_attack""], ""mapping"": ""default"", ""official"": ""vnncomp_scripts/run_instance.sh defaults (no per-family config)"", ""variant"": ""default""}","[""GRB_LICENSE_FILE unset (run_instance.sh sets ~/gurobi.lic; no license on this machine, gurobipy size-limited pip license)"", ""attack-off (user decision D20): --disable_attack"", ""float32 default NeuralSAT dtype; stable interpreter; no precision override""]",,,0.0,11536.0,default_attack_off_f32,"[""neuralsat"",""data/vnncomp2026/cora_2024/1.0/onnx/mnist-trades.onnx"",""data/vnncomp2026/cora_2024/1.0/vnnlib/mnist-img7.vnnlib"",30.0,""default_attack_off_f32""]",
cora_2024,23,mnist-set.onnx,mnist-img7.vnnlib,unsat,7.1109,CERTIFIED,1,30.0,7.1109,9.035,0,9.116231452673674,0,0,,,not a FALSIFIED row,0,scratch/logs/fse2026/neuralsat/cora_2024/00023_18a20b1c4593755fc04c_3899fcjt.log,c5097698a32a6dc04d176dcf72b61a931b89cdac,"{""attack"": {""attack_off"": true, ""overrides"": [""--disable_attack""]}, ""deviations"": [""GRB_LICENSE_FILE unset (run_instance.sh sets ~/gurobi.lic; no license on this machine, gurobipy size-limited pip license)"", ""attack-off (user decision D20): --disable_attack""], ""mapping"": ""default"", ""official"": ""vnncomp_scripts/run_instance.sh defaults (no per-family config)"", ""variant"": ""default""}","[""GRB_LICENSE_FILE unset (run_instance.sh sets ~/gurobi.lic; no license on this machine, gurobipy size-limited pip license)"", ""attack-off (user decision D20): --disable_attack"", ""float32 default NeuralSAT dtype; stable interpreter; no precision override""]",,,0.0,11536.0,default_attack_off_f32,"[""neuralsat"",""data/vnncomp2026/cora_2024/1.0/onnx/mnist-set.onnx"",""data/vnncomp2026/cora_2024/1.0/vnnlib/mnist-img7.vnnlib"",30.0,""default_attack_off_f32""]",
cora_2024,24,mnist-point.onnx,mnist-img8.vnnlib,timeout,30.9097,TIMEOUT,0,30.0,30.9097,33.375,0,33.45929196290672,1,0,,,not a FALSIFIED row,0,scratch/logs/fse2026/neuralsat/cora_2024/00024_63083667475651705c5a_dfg7njcj.log,c5097698a32a6dc04d176dcf72b61a931b89cdac,"{""attack"": {""attack_off"": true, ""overrides"": [""--disable_attack""]}, ""deviations"": [""GRB_LICENSE_FILE unset (run_instance.sh sets ~/gurobi.lic; no license on this machine, gurobipy size-limited pip license)"", ""attack-off (user decision D20): --disable_attack""], ""mapping"": ""default"", ""official"": ""vnncomp_scripts/run_instance.sh defaults (no per-family config)"", ""variant"": ""default""}","[""GRB_LICENSE_FILE unset (run_instance.sh sets ~/gurobi.lic; no license on this machine, gurobipy size-limited pip license)"", ""attack-off (user decision D20): --disable_attack"", ""float32 default NeuralSAT dtype; stable interpreter; no precision override""]",,,10.0,11536.0,default_attack_off_f32,"[""neuralsat"",""data/vnncomp2026/cora_2024/1.0/onnx/mnist-point.onnx"",""data/vnncomp2026/cora_2024/1.0/vnnlib/mnist-img8.vnnlib"",30.0,""default_attack_off_f32""]",
cora_2024,25,mnist-trades.onnx,mnist-img8.vnnlib,timeout,30.8961,TIMEOUT,0,30.0,30.8961,33.224,0,33.30066034011543,1,0,,,not a FALSIFIED row,0,scratch/logs/fse2026/neuralsat/cora_2024/00025_c0f957ac70eb2d195834_ndhdxr2x.log,c5097698a32a6dc04d176dcf72b61a931b89cdac,"{""attack"": {""attack_off"": true, ""overrides"": [""--disable_attack""]}, ""deviations"": [""GRB_LICENSE_FILE unset (run_instance.sh sets ~/gurobi.lic; no license on this machine, gurobipy size-limited pip license)"", ""attack-off (user decision D20): --disable_attack""], ""mapping"": ""default"", ""official"": ""vnncomp_scripts/run_instance.sh defaults (no per-family config)"", ""variant"": ""default""}","[""GRB_LICENSE_FILE unset (run_instance.sh sets ~/gurobi.lic; no license on this machine, gurobipy size-limited pip license)"", ""attack-off (user decision D20): --disable_attack"", ""float32 default NeuralSAT dtype; stable interpreter; no precision override""]",,,1.0,11536.0,default_attack_off_f32,"[""neuralsat"",""data/vnncomp2026/cora_2024/1.0/onnx/mnist-trades.onnx"",""data/vnncomp2026/cora_2024/1.0/vnnlib/mnist-img8.vnnlib"",30.0,""default_attack_off_f32""]",
cora_2024,26,mnist-set.onnx,mnist-img8.vnnlib,unsat,0.6783,CERTIFIED,1,30.0,0.6783,2.468,0,2.543439330533147,0,0,,,not a FALSIFIED row,0,scratch/logs/fse2026/neuralsat/cora_2024/00026_8d5438aa5e49ddf539f8_915_mncz.log,c5097698a32a6dc04d176dcf72b61a931b89cdac,"{""attack"": {""attack_off"": true, ""overrides"": [""--disable_attack""]}, ""deviations"": [""GRB_LICENSE_FILE unset (run_instance.sh sets ~/gurobi.lic; no license on this machine, gurobipy size-limited pip license)"", ""attack-off (user decision D20): --disable_attack""], ""mapping"": ""default"", ""official"": ""vnncomp_scripts/run_instance.sh defaults (no per-family config)"", ""variant"": ""default""}","[""GRB_LICENSE_FILE unset (run_instance.sh sets ~/gurobi.lic; no license on this machine, gurobipy size-limited pip license)"", ""attack-off (user decision D20): --disable_attack"", ""float32 default NeuralSAT dtype; stable interpreter; no precision override""]",,,0.0,11536.0,default_attack_off_f32,"[""neuralsat"",""data/vnncomp2026/cora_2024/1.0/onnx/mnist-set.onnx"",""data/vnncomp2026/cora_2024/1.0/vnnlib/mnist-img8.vnnlib"",30.0,""default_attack_off_f32""]",
cora_2024,27,mnist-point.onnx,mnist-img9.vnnlib,timeout,30.903,TIMEOUT,0,30.0,30.903,33.275,0,33.3483369294554,1,0,,,not a FALSIFIED row,0,scratch/logs/fse2026/neuralsat/cora_2024/00027_ffb96cb42bf19f498deb_7iepnfvm.log,c5097698a32a6dc04d176dcf72b61a931b89cdac,"{""attack"": {""attack_off"": true, ""overrides"": [""--disable_attack""]}, ""deviations"": [""GRB_LICENSE_FILE unset (run_instance.sh sets ~/gurobi.lic; no license on this machine, gurobipy size-limited pip license)"", ""attack-off (user decision D20): --disable_attack""], ""mapping"": ""default"", ""official"": ""vnncomp_scripts/run_instance.sh defaults (no per-family config)"", ""variant"": ""default""}","[""GRB_LICENSE_FILE unset (run_instance.sh sets ~/gurobi.lic; no license on this machine, gurobipy size-limited pip license)"", ""attack-off (user decision D20): --disable_attack"", ""float32 default NeuralSAT dtype; stable interpreter; no precision override""]",,,0.0,11536.0,default_attack_off_f32,"[""neuralsat"",""data/vnncomp2026/cora_2024/1.0/onnx/mnist-point.onnx"",""data/vnncomp2026/cora_2024/1.0/vnnlib/mnist-img9.vnnlib"",30.0,""default_attack_off_f32""]",
cora_2024,28,mnist-trades.onnx,mnist-img9.vnnlib,timeout,31.0209,TIMEOUT,0,30.0,31.0209,33.375,0,33.45990175195038,1,0,,,not a FALSIFIED row,0,scratch/logs/fse2026/neuralsat/cora_2024/00028_03cc1dfcec7102dbaa36_abt9vjpj.log,c5097698a32a6dc04d176dcf72b61a931b89cdac,"{""attack"": {""attack_off"": true, ""overrides"": [""--disable_attack""]}, ""deviations"": [""GRB_LICENSE_FILE unset (run_instance.sh sets ~/gurobi.lic; no license on this machine, gurobipy size-limited pip license)"", ""attack-off (user decision D20): --disable_attack""], ""mapping"": ""default"", ""official"": ""vnncomp_scripts/run_instance.sh defaults (no per-family config)"", ""variant"": ""default""}","[""GRB_LICENSE_FILE unset (run_instance.sh sets ~/gurobi.lic; no license on this machine, gurobipy size-limited pip license)"", ""attack-off (user decision D20): --disable_attack"", ""float32 default NeuralSAT dtype; stable interpreter; no precision override""]",,,0.0,11536.0,default_attack_off_f32,"[""neuralsat"",""data/vnncomp2026/cora_2024/1.0/onnx/mnist-trades.onnx"",""data/vnncomp2026/cora_2024/1.0/vnnlib/mnist-img9.vnnlib"",30.0,""default_attack_off_f32""]",
cora_2024,29,mnist-set.onnx,mnist-img9.vnnlib,unsat,0.7378,CERTIFIED,1,30.0,0.7378,2.568,0,2.6515983045101166,0,0,,,not a FALSIFIED row,0,scratch/logs/fse2026/neuralsat/cora_2024/00029_47202db3600d8943d2b4_v4jad9be.log,c5097698a32a6dc04d176dcf72b61a931b89cdac,"{""attack"": {""attack_off"": true, ""overrides"": [""--disable_attack""]}, ""deviations"": [""GRB_LICENSE_FILE unset (run_instance.sh sets ~/gurobi.lic; no license on this machine, gurobipy size-limited pip license)"", ""attack-off (user decision D20): --disable_attack""], ""mapping"": ""default"", ""official"": ""vnncomp_scripts/run_instance.sh defaults (no per-family config)"", ""variant"": ""default""}","[""GRB_LICENSE_FILE unset (run_instance.sh sets ~/gurobi.lic; no license on this machine, gurobipy size-limited pip license)"", ""attack-off (user decision D20): --disable_attack"", ""float32 default NeuralSAT dtype; stable interpreter; no precision override""]",,,0.0,11536.0,default_attack_off_f32,"[""neuralsat"",""data/vnncomp2026/cora_2024/1.0/onnx/mnist-set.onnx"",""data/vnncomp2026/cora_2024/1.0/vnnlib/mnist-img9.vnnlib"",30.0,""default_attack_off_f32""]",
cora_2024,30,mnist-point.onnx,mnist-img10.vnnlib,timeout,31.432,TIMEOUT,0,30.0,31.432,33.926,0,34.00424708425999,1,0,,,not a FALSIFIED row,0,scratch/logs/fse2026/neuralsat/cora_2024/00030_57712cc4624c88f8c021_2c5kp35i.log,c5097698a32a6dc04d176dcf72b61a931b89cdac,"{""attack"": {""attack_off"": true, ""overrides"": [""--disable_attack""]}, ""deviations"": [""GRB_LICENSE_FILE unset (run_instance.sh sets ~/gurobi.lic; no license on this machine, gurobipy size-limited pip license)"", ""attack-off (user decision D20): --disable_attack""], ""mapping"": ""default"", ""official"": ""vnncomp_scripts/run_instance.sh defaults (no per-family config)"", ""variant"": ""default""}","[""GRB_LICENSE_FILE unset (run_instance.sh sets ~/gurobi.lic; no license on this machine, gurobipy size-limited pip license)"", ""attack-off (user decision D20): --disable_attack"", ""float32 default NeuralSAT dtype; stable interpreter; no precision override""]",,,0.0,11536.0,default_attack_off_f32,"[""neuralsat"",""data/vnncomp2026/cora_2024/1.0/onnx/mnist-point.onnx"",""data/vnncomp2026/cora_2024/1.0/vnnlib/mnist-img10.vnnlib"",30.0,""default_attack_off_f32""]",
cora_2024,31,mnist-trades.onnx,mnist-img10.vnnlib,timeout,30.481,TIMEOUT,0,30.0,30.481,32.873,0,32.95907593332231,1,0,,,not a FALSIFIED row,0,scratch/logs/fse2026/neuralsat/cora_2024/00031_c4ddcff4976b538a435f_a8kfxj4i.log,c5097698a32a6dc04d176dcf72b61a931b89cdac,"{""attack"": {""attack_off"": true, ""overrides"": [""--disable_attack""]}, ""deviations"": [""GRB_LICENSE_FILE unset (run_instance.sh sets ~/gurobi.lic; no license on this machine, gurobipy size-limited pip license)"", ""attack-off (user decision D20): --disable_attack""], ""mapping"": ""default"", ""official"": ""vnncomp_scripts/run_instance.sh defaults (no per-family config)"", ""variant"": ""default""}","[""GRB_LICENSE_FILE unset (run_instance.sh sets ~/gurobi.lic; no license on this machine, gurobipy size-limited pip license)"", ""attack-off (user decision D20): --disable_attack"", ""float32 default NeuralSAT dtype; stable interpreter; no precision override""]",,,0.0,11536.0,default_attack_off_f32,"[""neuralsat"",""data/vnncomp2026/cora_2024/1.0/onnx/mnist-trades.onnx"",""data/vnncomp2026/cora_2024/1.0/vnnlib/mnist-img10.vnnlib"",30.0,""default_attack_off_f32""]",
cora_2024,32,mnist-set.onnx,mnist-img10.vnnlib,unsat,0.7901,CERTIFIED,1,30.0,0.7901,2.618,0,2.699389198794961,0,0,,,not a FALSIFIED row,0,scratch/logs/fse2026/neuralsat/cora_2024/00032_02075b67f8b51f4ac6d5_lzz25zv6.log,c5097698a32a6dc04d176dcf72b61a931b89cdac,"{""attack"": {""attack_off"": true, ""overrides"": [""--disable_attack""]}, ""deviations"": [""GRB_LICENSE_FILE unset (run_instance.sh sets ~/gurobi.lic; no license on this machine, gurobipy size-limited pip license)"", ""attack-off (user decision D20): --disable_attack""], ""mapping"": ""default"", ""official"": ""vnncomp_scripts/run_instance.sh defaults (no per-family config)"", ""variant"": ""default""}","[""GRB_LICENSE_FILE unset (run_instance.sh sets ~/gurobi.lic; no license on this machine, gurobipy size-limited pip license)"", ""attack-off (user decision D20): --disable_attack"", ""float32 default NeuralSAT dtype; stable interpreter; no precision override""]",,,0.0,11536.0,default_attack_off_f32,"[""neuralsat"",""data/vnncomp2026/cora_2024/1.0/onnx/mnist-set.onnx"",""data/vnncomp2026/cora_2024/1.0/vnnlib/mnist-img10.vnnlib"",30.0,""default_attack_off_f32""]",
cora_2024,33,mnist-point.onnx,mnist-img11.vnnlib,timeout,30.3858,TIMEOUT,0,30.0,30.3858,32.772,0,32.85575130954385,1,0,,,not a FALSIFIED row,0,scratch/logs/fse2026/neuralsat/cora_2024/00033_614e241d362837c4b55a_xqai7w9k.log,c5097698a32a6dc04d176dcf72b61a931b89cdac,"{""attack"": {""attack_off"": true, ""overrides"": [""--disable_attack""]}, ""deviations"": [""GRB_LICENSE_FILE unset (run_instance.sh sets ~/gurobi.lic; no license on this machine, gurobipy size-limited pip license)"", ""attack-off (user decision D20): --disable_attack""], ""mapping"": ""default"", ""official"": ""vnncomp_scripts/run_instance.sh defaults (no per-family config)"", ""variant"": ""default""}","[""GRB_LICENSE_FILE unset (run_instance.sh sets ~/gurobi.lic; no license on this machine, gurobipy size-limited pip license)"", ""attack-off (user decision D20): --disable_attack"", ""float32 default NeuralSAT dtype; stable interpreter; no precision override""]",,,0.0,11536.0,default_attack_off_f32,"[""neuralsat"",""data/vnncomp2026/cora_2024/1.0/onnx/mnist-point.onnx"",""data/vnncomp2026/cora_2024/1.0/vnnlib/mnist-img11.vnnlib"",30.0,""default_attack_off_f32""]",
cora_2024,34,mnist-trades.onnx,mnist-img11.vnnlib,timeout,30.4974,TIMEOUT,0,30.0,30.4974,32.823,0,32.909877851605415,1,0,,,not a FALSIFIED row,0,scratch/logs/fse2026/neuralsat/cora_2024/00034_bd3fcfca62f62d7a7a90_gq2t9h_9.log,c5097698a32a6dc04d176dcf72b61a931b89cdac,"{""attack"": {""attack_off"": true, ""overrides"": [""--disable_attack""]}, ""deviations"": [""GRB_LICENSE_FILE unset (run_instance.sh sets ~/gurobi.lic; no license on this machine, gurobipy size-limited pip license)"", ""attack-off (user decision D20): --disable_attack""], ""mapping"": ""default"", ""official"": ""vnncomp_scripts/run_instance.sh defaults (no per-family config)"", ""variant"": ""default""}","[""GRB_LICENSE_FILE unset (run_instance.sh sets ~/gurobi.lic; no license on this machine, gurobipy size-limited pip license)"", ""attack-off (user decision D20): --disable_attack"", ""float32 default NeuralSAT dtype; stable interpreter; no precision override""]",,,0.0,11536.0,default_attack_off_f32,"[""neuralsat"",""data/vnncomp2026/cora_2024/1.0/onnx/mnist-trades.onnx"",""data/vnncomp2026/cora_2024/1.0/vnnlib/mnist-img11.vnnlib"",30.0,""default_attack_off_f32""]",
cora_2024,35,mnist-set.onnx,mnist-img11.vnnlib,unsat,0.7338,CERTIFIED,1,30.0,0.7338,2.568,0,2.649361662566662,0,0,,,not a FALSIFIED row,0,scratch/logs/fse2026/neuralsat/cora_2024/00035_2f1413725ee3d6b55b78_96xnfnkm.log,c5097698a32a6dc04d176dcf72b61a931b89cdac,"{""attack"": {""attack_off"": true, ""overrides"": [""--disable_attack""]}, ""deviations"": [""GRB_LICENSE_FILE unset (run_instance.sh sets ~/gurobi.lic; no license on this machine, gurobipy size-limited pip license)"", ""attack-off (user decision D20): --disable_attack""], ""mapping"": ""default"", ""official"": ""vnncomp_scripts/run_instance.sh defaults (no per-family config)"", ""variant"": ""default""}","[""GRB_LICENSE_FILE unset (run_instance.sh sets ~/gurobi.lic; no license on this machine, gurobipy size-limited pip license)"", ""attack-off (user decision D20): --disable_attack"", ""float32 default NeuralSAT dtype; stable interpreter; no precision override""]",,,0.0,11536.0,default_attack_off_f32,"[""neuralsat"",""data/vnncomp2026/cora_2024/1.0/onnx/mnist-set.onnx"",""data/vnncomp2026/cora_2024/1.0/vnnlib/mnist-img11.vnnlib"",30.0,""default_attack_off_f32""]",
cora_2024,36,mnist-point.onnx,mnist-img12.vnnlib,timeout,30.4649,TIMEOUT,0,30.0,30.4649,32.823,0,32.90578244999051,1,0,,,not a FALSIFIED row,0,scratch/logs/fse2026/neuralsat/cora_2024/00036_cffe52b8567f8fd3c4df_k049cn6r.log,c5097698a32a6dc04d176dcf72b61a931b89cdac,"{""attack"": {""attack_off"": true, ""overrides"": [""--disable_attack""]}, ""deviations"": [""GRB_LICENSE_FILE unset (run_instance.sh sets ~/gurobi.lic; no license on this machine, gurobipy size-limited pip license)"", ""attack-off (user decision D20): --disable_attack""], ""mapping"": ""default"", ""official"": ""vnncomp_scripts/run_instance.sh defaults (no per-family config)"", ""variant"": ""default""}","[""GRB_LICENSE_FILE unset (run_instance.sh sets ~/gurobi.lic; no license on this machine, gurobipy size-limited pip license)"", ""attack-off (user decision D20): --disable_attack"", ""float32 default NeuralSAT dtype; stable interpreter; no precision override""]",,,3.0,11536.0,default_attack_off_f32,"[""neuralsat"",""data/vnncomp2026/cora_2024/1.0/onnx/mnist-point.onnx"",""data/vnncomp2026/cora_2024/1.0/vnnlib/mnist-img12.vnnlib"",30.0,""default_attack_off_f32""]",
cora_2024,37,mnist-trades.onnx,mnist-img12.vnnlib,timeout,30.7074,TIMEOUT,0,30.0,30.7074,33.02,0,33.10300956107676,1,0,,,not a FALSIFIED row,0,scratch/logs/fse2026/neuralsat/cora_2024/00037_ba506f4f8bef1e647273_905o16sd.log,c5097698a32a6dc04d176dcf72b61a931b89cdac,"{""attack"": {""attack_off"": true, ""overrides"": [""--disable_attack""]}, ""deviations"": [""GRB_LICENSE_FILE unset (run_instance.sh sets ~/gurobi.lic; no license on this machine, gurobipy size-limited pip license)"", ""attack-off (user decision D20): --disable_attack""], ""mapping"": ""default"", ""official"": ""vnncomp_scripts/run_instance.sh defaults (no per-family config)"", ""variant"": ""default""}","[""GRB_LICENSE_FILE unset (run_instance.sh sets ~/gurobi.lic; no license on this machine, gurobipy size-limited pip license)"", ""attack-off (user decision D20): --disable_attack"", ""float32 default NeuralSAT dtype; stable interpreter; no precision override""]",,,0.0,11536.0,default_attack_off_f32,"[""neuralsat"",""data/vnncomp2026/cora_2024/1.0/onnx/mnist-trades.onnx"",""data/vnncomp2026/cora_2024/1.0/vnnlib/mnist-img12.vnnlib"",30.0,""default_attack_off_f32""]",
cora_2024,38,mnist-set.onnx,mnist-img12.vnnlib,unsat,0.7409,CERTIFIED,1,30.0,0.7409,2.468,0,2.541955465450883,0,0,,,not a FALSIFIED row,0,scratch/logs/fse2026/neuralsat/cora_2024/00038_758a5c48bd208aa74103_zc5jgha0.log,c5097698a32a6dc04d176dcf72b61a931b89cdac,"{""attack"": {""attack_off"": true, ""overrides"": [""--disable_attack""]}, ""deviations"": [""GRB_LICENSE_FILE unset (run_instance.sh sets ~/gurobi.lic; no license on this machine, gurobipy size-limited pip license)"", ""attack-off (user decision D20): --disable_attack""], ""mapping"": ""default"", ""official"": ""vnncomp_scripts/run_instance.sh defaults (no per-family config)"", ""variant"": ""default""}","[""GRB_LICENSE_FILE unset (run_instance.sh sets ~/gurobi.lic; no license on this machine, gurobipy size-limited pip license)"", ""attack-off (user decision D20): --disable_attack"", ""float32 default NeuralSAT dtype; stable interpreter; no precision override""]",,,2.0,11536.0,default_attack_off_f32,"[""neuralsat"",""data/vnncomp2026/cora_2024/1.0/onnx/mnist-set.onnx"",""data/vnncomp2026/cora_2024/1.0/vnnlib/mnist-img12.vnnlib"",30.0,""default_attack_off_f32""]",
cora_2024,39,mnist-point.onnx,mnist-img13.vnnlib,timeout,30.55,TIMEOUT,0,30.0,30.55,32.921,0,33.005777733400464,1,0,,,not a FALSIFIED row,0,scratch/logs/fse2026/neuralsat/cora_2024/00039_b960ff6063793a172fbc_v677ua09.log,c5097698a32a6dc04d176dcf72b61a931b89cdac,"{""attack"": {""attack_off"": true, ""overrides"": [""--disable_attack""]}, ""deviations"": [""GRB_LICENSE_FILE unset (run_instance.sh sets ~/gurobi.lic; no license on this machine, gurobipy size-limited pip license)"", ""attack-off (user decision D20): --disable_attack""], ""mapping"": ""default"", ""official"": ""vnncomp_scripts/run_instance.sh defaults (no per-family config)"", ""variant"": ""default""}","[""GRB_LICENSE_FILE unset (run_instance.sh sets ~/gurobi.lic; no license on this machine, gurobipy size-limited pip license)"", ""attack-off (user decision D20): --disable_attack"", ""float32 default NeuralSAT dtype; stable interpreter; no precision override""]",,,0.0,11536.0,default_attack_off_f32,"[""neuralsat"",""data/vnncomp2026/cora_2024/1.0/onnx/mnist-point.onnx"",""data/vnncomp2026/cora_2024/1.0/vnnlib/mnist-img13.vnnlib"",30.0,""default_attack_off_f32""]",
cora_2024,40,mnist-trades.onnx,mnist-img13.vnnlib,timeout,30.3552,TIMEOUT,0,30.0,30.3552,32.722,0,32.79692267999053,1,0,,,not a FALSIFIED row,0,scratch/logs/fse2026/neuralsat/cora_2024/00040_be9990c5d75239b75bac_dmaa_087.log,c5097698a32a6dc04d176dcf72b61a931b89cdac,"{""attack"": {""attack_off"": true, ""overrides"": [""--disable_attack""]}, ""deviations"": [""GRB_LICENSE_FILE unset (run_instance.sh sets ~/gurobi.lic; no license on this machine, gurobipy size-limited pip license)"", ""attack-off (user decision D20): --disable_attack""], ""mapping"": ""default"", ""official"": ""vnncomp_scripts/run_instance.sh defaults (no per-family config)"", ""variant"": ""default""}","[""GRB_LICENSE_FILE unset (run_instance.sh sets ~/gurobi.lic; no license on this machine, gurobipy size-limited pip license)"", ""attack-off (user decision D20): --disable_attack"", ""float32 default NeuralSAT dtype; stable interpreter; no precision override""]",,,0.0,11536.0,default_attack_off_f32,"[""neuralsat"",""data/vnncomp2026/cora_2024/1.0/onnx/mnist-trades.onnx"",""data/vnncomp2026/cora_2024/1.0/vnnlib/mnist-img13.vnnlib"",30.0,""default_attack_off_f32""]",
cora_2024,41,mnist-set.onnx,mnist-img13.vnnlib,unsat,0.7564,CERTIFIED,1,30.0,0.7564,2.518,0,2.5920954775065184,0,0,,,not a FALSIFIED row,0,scratch/logs/fse2026/neuralsat/cora_2024/00041_17bb144bb06cc9cc9fe0_m9rza2w0.log,c5097698a32a6dc04d176dcf72b61a931b89cdac,"{""attack"": {""attack_off"": true, ""overrides"": [""--disable_attack""]}, ""deviations"": [""GRB_LICENSE_FILE unset (run_instance.sh sets ~/gurobi.lic; no license on this machine, gurobipy size-limited pip license)"", ""attack-off (user decision D20): --disable_attack""], ""mapping"": ""default"", ""official"": ""vnncomp_scripts/run_instance.sh defaults (no per-family config)"", ""variant"": ""default""}","[""GRB_LICENSE_FILE unset (run_instance.sh sets ~/gurobi.lic; no license on this machine, gurobipy size-limited pip license)"", ""attack-off (user decision D20): --disable_attack"", ""float32 default NeuralSAT dtype; stable interpreter; no precision override""]",,,0.0,11536.0,default_attack_off_f32,"[""neuralsat"",""data/vnncomp2026/cora_2024/1.0/onnx/mnist-set.onnx"",""data/vnncomp2026/cora_2024/1.0/vnnlib/mnist-img13.vnnlib"",30.0,""default_attack_off_f32""]",
cora_2024,42,mnist-point.onnx,mnist-img14.vnnlib,timeout,30.9489,TIMEOUT,0,30.0,30.9489,33.272,0,33.34575277380645,1,0,,,not a FALSIFIED row,0,scratch/logs/fse2026/neuralsat/cora_2024/00042_15bbb89c992e214ef783_udymjlsz.log,c5097698a32a6dc04d176dcf72b61a931b89cdac,"{""attack"": {""attack_off"": true, ""overrides"": [""--disable_attack""]}, ""deviations"": [""GRB_LICENSE_FILE unset (run_instance.sh sets ~/gurobi.lic; no license on this machine, gurobipy size-limited pip license)"", ""attack-off (user decision D20): --disable_attack""], ""mapping"": ""default"", ""official"": ""vnncomp_scripts/run_instance.sh defaults (no per-family config)"", ""variant"": ""default""}","[""GRB_LICENSE_FILE unset (run_instance.sh sets ~/gurobi.lic; no license on this machine, gurobipy size-limited pip license)"", ""attack-off (user decision D20): --disable_attack"", ""float32 default NeuralSAT dtype; stable interpreter; no precision override""]",,,0.0,11536.0,default_attack_off_f32,"[""neuralsat"",""data/vnncomp2026/cora_2024/1.0/onnx/mnist-point.onnx"",""data/vnncomp2026/cora_2024/1.0/vnnlib/mnist-img14.vnnlib"",30.0,""default_attack_off_f32""]",
cora_2024,43,mnist-trades.onnx,mnist-img14.vnnlib,timeout,30.8886,TIMEOUT,0,30.0,30.8886,33.272,0,33.34891959093511,1,0,,,not a FALSIFIED row,0,scratch/logs/fse2026/neuralsat/cora_2024/00043_718bb3167c472996ec43_i8nxsd4b.log,c5097698a32a6dc04d176dcf72b61a931b89cdac,"{""attack"": {""attack_off"": true, ""overrides"": [""--disable_attack""]}, ""deviations"": [""GRB_LICENSE_FILE unset (run_instance.sh sets ~/gurobi.lic; no license on this machine, gurobipy size-limited pip license)"", ""attack-off (user decision D20): --disable_attack""], ""mapping"": ""default"", ""official"": ""vnncomp_scripts/run_instance.sh defaults (no per-family config)"", ""variant"": ""default""}","[""GRB_LICENSE_FILE unset (run_instance.sh sets ~/gurobi.lic; no license on this machine, gurobipy size-limited pip license)"", ""attack-off (user decision D20): --disable_attack"", ""float32 default NeuralSAT dtype; stable interpreter; no precision override""]",,,0.0,11536.0,default_attack_off_f32,"[""neuralsat"",""data/vnncomp2026/cora_2024/1.0/onnx/mnist-trades.onnx"",""data/vnncomp2026/cora_2024/1.0/vnnlib/mnist-img14.vnnlib"",30.0,""default_attack_off_f32""]",
cora_2024,44,mnist-set.onnx,mnist-img14.vnnlib,unsat,0.6877,CERTIFIED,1,30.0,0.6877,2.518,0,2.5998959746211767,0,0,,,not a FALSIFIED row,0,scratch/logs/fse2026/neuralsat/cora_2024/00044_89329f3f7ad5f7962432_00nvn7qt.log,c5097698a32a6dc04d176dcf72b61a931b89cdac,"{""attack"": {""attack_off"": true, ""overrides"": [""--disable_attack""]}, ""deviations"": [""GRB_LICENSE_FILE unset (run_instance.sh sets ~/gurobi.lic; no license on this machine, gurobipy size-limited pip license)"", ""attack-off (user decision D20): --disable_attack""], ""mapping"": ""default"", ""official"": ""vnncomp_scripts/run_instance.sh defaults (no per-family config)"", ""variant"": ""default""}","[""GRB_LICENSE_FILE unset (run_instance.sh sets ~/gurobi.lic; no license on this machine, gurobipy size-limited pip license)"", ""attack-off (user decision D20): --disable_attack"", ""float32 default NeuralSAT dtype; stable interpreter; no precision override""]",,,0.0,11536.0,default_attack_off_f32,"[""neuralsat"",""data/vnncomp2026/cora_2024/1.0/onnx/mnist-set.onnx"",""data/vnncomp2026/cora_2024/1.0/vnnlib/mnist-img14.vnnlib"",30.0,""default_attack_off_f32""]",
cora_2024,45,mnist-point.onnx,mnist-img15.vnnlib,timeout,31.4631,TIMEOUT,0,30.0,31.4631,33.975,0,34.05659460090101,1,0,,,not a FALSIFIED row,0,scratch/logs/fse2026/neuralsat/cora_2024/00045_e37092b3745a3336077a_34ymswmq.log,c5097698a32a6dc04d176dcf72b61a931b89cdac,"{""attack"": {""attack_off"": true, ""overrides"": [""--disable_attack""]}, ""deviations"": [""GRB_LICENSE_FILE unset (run_instance.sh sets ~/gurobi.lic; no license on this machine, gurobipy size-limited pip license)"", ""attack-off (user decision D20): --disable_attack""], ""mapping"": ""default"", ""official"": ""vnncomp_scripts/run_instance.sh defaults (no per-family config)"", ""variant"": ""default""}","[""GRB_LICENSE_FILE unset (run_instance.sh sets ~/gurobi.lic; no license on this machine, gurobipy size-limited pip license)"", ""attack-off (user decision D20): --disable_attack"", ""float32 default NeuralSAT dtype; stable interpreter; no precision override""]",,,0.0,11536.0,default_attack_off_f32,"[""neuralsat"",""data/vnncomp2026/cora_2024/1.0/onnx/mnist-point.onnx"",""data/vnncomp2026/cora_2024/1.0/vnnlib/mnist-img15.vnnlib"",30.0,""default_attack_off_f32""]",
cora_2024,46,mnist-trades.onnx,mnist-img15.vnnlib,timeout,30.7632,TIMEOUT,0,30.0,30.7632,33.124,0,33.20911321602762,1,0,,,not a FALSIFIED row,0,scratch/logs/fse2026/neuralsat/cora_2024/00046_6e4ddfa4399a9cba55ba_sf7exr0u.log,c5097698a32a6dc04d176dcf72b61a931b89cdac,"{""attack"": {""attack_off"": true, ""overrides"": [""--disable_attack""]}, ""deviations"": [""GRB_LICENSE_FILE unset (run_instance.sh sets ~/gurobi.lic; no license on this machine, gurobipy size-limited pip license)"", ""attack-off (user decision D20): --disable_attack""], ""mapping"": ""default"", ""official"": ""vnncomp_scripts/run_instance.sh defaults (no per-family config)"", ""variant"": ""default""}","[""GRB_LICENSE_FILE unset (run_instance.sh sets ~/gurobi.lic; no license on this machine, gurobipy size-limited pip license)"", ""attack-off (user decision D20): --disable_attack"", ""float32 default NeuralSAT dtype; stable interpreter; no precision override""]",,,0.0,11536.0,default_attack_off_f32,"[""neuralsat"",""data/vnncomp2026/cora_2024/1.0/onnx/mnist-trades.onnx"",""data/vnncomp2026/cora_2024/1.0/vnnlib/mnist-img15.vnnlib"",30.0,""default_attack_off_f32""]",
cora_2024,47,mnist-set.onnx,mnist-img15.vnnlib,unsat,0.6847,CERTIFIED,1,30.0,0.6847,2.518,0,2.5994766764342785,0,0,,,not a FALSIFIED row,0,scratch/logs/fse2026/neuralsat/cora_2024/00047_536eef0dce7240e2364b_hbn5hb2a.log,c5097698a32a6dc04d176dcf72b61a931b89cdac,"{""attack"": {""attack_off"": true, ""overrides"": [""--disable_attack""]}, ""deviations"": [""GRB_LICENSE_FILE unset (run_instance.sh sets ~/gurobi.lic; no license on this machine, gurobipy size-limited pip license)"", ""attack-off (user decision D20): --disable_attack""], ""mapping"": ""default"", ""official"": ""vnncomp_scripts/run_instance.sh defaults (no per-family config)"", ""variant"": ""default""}","[""GRB_LICENSE_FILE unset (run_instance.sh sets ~/gurobi.lic; no license on this machine, gurobipy size-limited pip license)"", ""attack-off (user decision D20): --disable_attack"", ""float32 default NeuralSAT dtype; stable interpreter; no precision override""]",,,0.0,11536.0,default_attack_off_f32,"[""neuralsat"",""data/vnncomp2026/cora_2024/1.0/onnx/mnist-set.onnx"",""data/vnncomp2026/cora_2024/1.0/vnnlib/mnist-img15.vnnlib"",30.0,""default_attack_off_f32""]",
cora_2024,48,mnist-point.onnx,mnist-img16.vnnlib,timeout,30.7141,TIMEOUT,0,30.0,30.7141,33.024,0,33.10749293491244,1,0,,,not a FALSIFIED row,0,scratch/logs/fse2026/neuralsat/cora_2024/00048_2f4b4ff9bc573b7cb83a_f3fe71id.log,c5097698a32a6dc04d176dcf72b61a931b89cdac,"{""attack"": {""attack_off"": true, ""overrides"": [""--disable_attack""]}, ""deviations"": [""GRB_LICENSE_FILE unset (run_instance.sh sets ~/gurobi.lic; no license on this machine, gurobipy size-limited pip license)"", ""attack-off (user decision D20): --disable_attack""], ""mapping"": ""default"", ""official"": ""vnncomp_scripts/run_instance.sh defaults (no per-family config)"", ""variant"": ""default""}","[""GRB_LICENSE_FILE unset (run_instance.sh sets ~/gurobi.lic; no license on this machine, gurobipy size-limited pip license)"", ""attack-off (user decision D20): --disable_attack"", ""float32 default NeuralSAT dtype; stable interpreter; no precision override""]",,,0.0,11536.0,default_attack_off_f32,"[""neuralsat"",""data/vnncomp2026/cora_2024/1.0/onnx/mnist-point.onnx"",""data/vnncomp2026/cora_2024/1.0/vnnlib/mnist-img16.vnnlib"",30.0,""default_attack_off_f32""]",
cora_2024,49,mnist-trades.onnx,mnist-img16.vnnlib,timeout,31.8797,TIMEOUT,0,30.0,31.8797,34.477,0,34.56080040894449,1,0,,,not a FALSIFIED row,0,scratch/logs/fse2026/neuralsat/cora_2024/00049_576a395df1c908d3da04_5n_vr4ib.log,c5097698a32a6dc04d176dcf72b61a931b89cdac,"{""attack"": {""attack_off"": true, ""overrides"": [""--disable_attack""]}, ""deviations"": [""GRB_LICENSE_FILE unset (run_instance.sh sets ~/gurobi.lic; no license on this machine, gurobipy size-limited pip license)"", ""attack-off (user decision D20): --disable_attack""], ""mapping"": ""default"", ""official"": ""vnncomp_scripts/run_instance.sh defaults (no per-family config)"", ""variant"": ""default""}","[""GRB_LICENSE_FILE unset (run_instance.sh sets ~/gurobi.lic; no license on this machine, gurobipy size-limited pip license)"", ""attack-off (user decision D20): --disable_attack"", ""float32 default NeuralSAT dtype; stable interpreter; no precision override""]",,,0.0,11536.0,default_attack_off_f32,"[""neuralsat"",""data/vnncomp2026/cora_2024/1.0/onnx/mnist-trades.onnx"",""data/vnncomp2026/cora_2024/1.0/vnnlib/mnist-img16.vnnlib"",30.0,""default_attack_off_f32""]",
cora_2024,50,mnist-set.onnx,mnist-img16.vnnlib,unsat,0.6857,CERTIFIED,1,30.0,0.6857,2.468,0,2.5489995181560516,0,0,,,not a FALSIFIED row,0,scratch/logs/fse2026/neuralsat/cora_2024/00050_0cdb3f9fd4f834cce375_x8dhfbqz.log,c5097698a32a6dc04d176dcf72b61a931b89cdac,"{""attack"": {""attack_off"": true, ""overrides"": [""--disable_attack""]}, ""deviations"": [""GRB_LICENSE_FILE unset (run_instance.sh sets ~/gurobi.lic; no license on this machine, gurobipy size-limited pip license)"", ""attack-off (user decision D20): --disable_attack""], ""mapping"": ""default"", ""official"": ""vnncomp_scripts/run_instance.sh defaults (no per-family config)"", ""variant"": ""default""}","[""GRB_LICENSE_FILE unset (run_instance.sh sets ~/gurobi.lic; no license on this machine, gurobipy size-limited pip license)"", ""attack-off (user decision D20): --disable_attack"", ""float32 default NeuralSAT dtype; stable interpreter; no precision override""]",,,2.0,11536.0,default_attack_off_f32,"[""neuralsat"",""data/vnncomp2026/cora_2024/1.0/onnx/mnist-set.onnx"",""data/vnncomp2026/cora_2024/1.0/vnnlib/mnist-img16.vnnlib"",30.0,""default_attack_off_f32""]",
cora_2024,51,mnist-point.onnx,mnist-img17.vnnlib,timeout,30.7396,TIMEOUT,0,30.0,30.7396,33.123,0,33.20014105737209,1,0,,,not a FALSIFIED row,0,scratch/logs/fse2026/neuralsat/cora_2024/00051_f33ff977f8dca48d8a8d_daz5bd2m.log,c5097698a32a6dc04d176dcf72b61a931b89cdac,"{""attack"": {""attack_off"": true, ""overrides"": [""--disable_attack""]}, ""deviations"": [""GRB_LICENSE_FILE unset (run_instance.sh sets ~/gurobi.lic; no license on this machine, gurobipy size-limited pip license)"", ""attack-off (user decision D20): --disable_attack""], ""mapping"": ""default"", ""official"": ""vnncomp_scripts/run_instance.sh defaults (no per-family config)"", ""variant"": ""default""}","[""GRB_LICENSE_FILE unset (run_instance.sh sets ~/gurobi.lic; no license on this machine, gurobipy size-limited pip license)"", ""attack-off (user decision D20): --disable_attack"", ""float32 default NeuralSAT dtype; stable interpreter; no precision override""]",,,1.0,11536.0,default_attack_off_f32,"[""neuralsat"",""data/vnncomp2026/cora_2024/1.0/onnx/mnist-point.onnx"",""data/vnncomp2026/cora_2024/1.0/vnnlib/mnist-img17.vnnlib"",30.0,""default_attack_off_f32""]",
cora_2024,52,mnist-trades.onnx,mnist-img17.vnnlib,timeout,30.8231,TIMEOUT,0,30.0,30.8231,33.172,0,33.248653911054134,1,0,,,not a FALSIFIED row,0,scratch/logs/fse2026/neuralsat/cora_2024/00052_03372188530ba839bd9f_ceyn1pik.log,c5097698a32a6dc04d176dcf72b61a931b89cdac,"{""attack"": {""attack_off"": true, ""overrides"": [""--disable_attack""]}, ""deviations"": [""GRB_LICENSE_FILE unset (run_instance.sh sets ~/gurobi.lic; no license on this machine, gurobipy size-limited pip license)"", ""attack-off (user decision D20): --disable_attack""], ""mapping"": ""default"", ""official"": ""vnncomp_scripts/run_instance.sh defaults (no per-family config)"", ""variant"": ""default""}","[""GRB_LICENSE_FILE unset (run_instance.sh sets ~/gurobi.lic; no license on this machine, gurobipy size-limited pip license)"", ""attack-off (user decision D20): --disable_attack"", ""float32 default NeuralSAT dtype; stable interpreter; no precision override""]",,,2.0,11536.0,default_attack_off_f32,"[""neuralsat"",""data/vnncomp2026/cora_2024/1.0/onnx/mnist-trades.onnx"",""data/vnncomp2026/cora_2024/1.0/vnnlib/mnist-img17.vnnlib"",30.0,""default_attack_off_f32""]",
cora_2024,53,mnist-set.onnx,mnist-img17.vnnlib,unsat,0.7786,CERTIFIED,1,30.0,0.7786,2.569,0,2.6517915595322847,0,0,,,not a FALSIFIED row,0,scratch/logs/fse2026/neuralsat/cora_2024/00053_a17ff9a50eb3876f73f2_mqkg4_6h.log,c5097698a32a6dc04d176dcf72b61a931b89cdac,"{""attack"": {""attack_off"": true, ""overrides"": [""--disable_attack""]}, ""deviations"": [""GRB_LICENSE_FILE unset (run_instance.sh sets ~/gurobi.lic; no license on this machine, gurobipy size-limited pip license)"", ""attack-off (user decision D20): --disable_attack""], ""mapping"": ""default"", ""official"": ""vnncomp_scripts/run_instance.sh defaults (no per-family config)"", ""variant"": ""default""}","[""GRB_LICENSE_FILE unset (run_instance.sh sets ~/gurobi.lic; no license on this machine, gurobipy size-limited pip license)"", ""attack-off (user decision D20): --disable_attack"", ""float32 default NeuralSAT dtype; stable interpreter; no precision override""]",,,0.0,11536.0,default_attack_off_f32,"[""neuralsat"",""data/vnncomp2026/cora_2024/1.0/onnx/mnist-set.onnx"",""data/vnncomp2026/cora_2024/1.0/vnnlib/mnist-img17.vnnlib"",30.0,""default_attack_off_f32""]",
cora_2024,54,mnist-point.onnx,mnist-img18.vnnlib,timeout,30.4128,TIMEOUT,0,30.0,30.4128,32.871,0,32.94972784630954,1,0,,,not a FALSIFIED row,0,scratch/logs/fse2026/neuralsat/cora_2024/00054_42fe03d2884ff07cc135_15tyt1nz.log,c5097698a32a6dc04d176dcf72b61a931b89cdac,"{""attack"": {""attack_off"": true, ""overrides"": [""--disable_attack""]}, ""deviations"": [""GRB_LICENSE_FILE unset (run_instance.sh sets ~/gurobi.lic; no license on this machine, gurobipy size-limited pip license)"", ""attack-off (user decision D20): --disable_attack""], ""mapping"": ""default"", ""official"": ""vnncomp_scripts/run_instance.sh defaults (no per-family config)"", ""variant"": ""default""}","[""GRB_LICENSE_FILE unset (run_instance.sh sets ~/gurobi.lic; no license on this machine, gurobipy size-limited pip license)"", ""attack-off (user decision D20): --disable_attack"", ""float32 default NeuralSAT dtype; stable interpreter; no precision override""]",,,2.0,11536.0,default_attack_off_f32,"[""neuralsat"",""data/vnncomp2026/cora_2024/1.0/onnx/mnist-point.onnx"",""data/vnncomp2026/cora_2024/1.0/vnnlib/mnist-img18.vnnlib"",30.0,""default_attack_off_f32""]",
cora_2024,55,mnist-trades.onnx,mnist-img18.vnnlib,timeout,31.3027,TIMEOUT,0,30.0,31.3027,34.025,0,34.10421751253307,1,0,,,not a FALSIFIED row,0,scratch/logs/fse2026/neuralsat/cora_2024/00055_3ce88da2147c7b5bf931_g2b4r_fu.log,c5097698a32a6dc04d176dcf72b61a931b89cdac,"{""attack"": {""attack_off"": true, ""overrides"": [""--disable_attack""]}, ""deviations"": [""GRB_LICENSE_FILE unset (run_instance.sh sets ~/gurobi.lic; no license on this machine, gurobipy size-limited pip license)"", ""attack-off (user decision D20): --disable_attack""], ""mapping"": ""default"", ""official"": ""vnncomp_scripts/run_instance.sh defaults (no per-family config)"", ""variant"": ""default""}","[""GRB_LICENSE_FILE unset (run_instance.sh sets ~/gurobi.lic; no license on this machine, gurobipy size-limited pip license)"", ""attack-off (user decision D20): --disable_attack"", ""float32 default NeuralSAT dtype; stable interpreter; no precision override""]",,,0.0,11536.0,default_attack_off_f32,"[""neuralsat"",""data/vnncomp2026/cora_2024/1.0/onnx/mnist-trades.onnx"",""data/vnncomp2026/cora_2024/1.0/vnnlib/mnist-img18.vnnlib"",30.0,""default_attack_off_f32""]",
cora_2024,56,mnist-set.onnx,mnist-img18.vnnlib,unsat,0.8881,CERTIFIED,1,30.0,0.8881,2.819,0,2.9038026686757803,0,0,,,not a FALSIFIED row,0,scratch/logs/fse2026/neuralsat/cora_2024/00056_ab726257f4713a12a033_vjg_k9ez.log,c5097698a32a6dc04d176dcf72b61a931b89cdac,"{""attack"": {""attack_off"": true, ""overrides"": [""--disable_attack""]}, ""deviations"": [""GRB_LICENSE_FILE unset (run_instance.sh sets ~/gurobi.lic; no license on this machine, gurobipy size-limited pip license)"", ""attack-off (user decision D20): --disable_attack""], ""mapping"": ""default"", ""official"": ""vnncomp_scripts/run_instance.sh defaults (no per-family config)"", ""variant"": ""default""}","[""GRB_LICENSE_FILE unset (run_instance.sh sets ~/gurobi.lic; no license on this machine, gurobipy size-limited pip license)"", ""attack-off (user decision D20): --disable_attack"", ""float32 default NeuralSAT dtype; stable interpreter; no precision override""]",,,3.0,11536.0,default_attack_off_f32,"[""neuralsat"",""data/vnncomp2026/cora_2024/1.0/onnx/mnist-set.onnx"",""data/vnncomp2026/cora_2024/1.0/vnnlib/mnist-img18.vnnlib"",30.0,""default_attack_off_f32""]",
cora_2024,57,mnist-point.onnx,mnist-img19.vnnlib,timeout,30.456,TIMEOUT,0,30.0,30.456,33.072,0,33.15787588432431,1,0,,,not a FALSIFIED row,0,scratch/logs/fse2026/neuralsat/cora_2024/00057_06f3f045a5c90928f5fc_n5njv_of.log,c5097698a32a6dc04d176dcf72b61a931b89cdac,"{""attack"": {""attack_off"": true, ""overrides"": [""--disable_attack""]}, ""deviations"": [""GRB_LICENSE_FILE unset (run_instance.sh sets ~/gurobi.lic; no license on this machine, gurobipy size-limited pip license)"", ""attack-off (user decision D20): --disable_attack""], ""mapping"": ""default"", ""official"": ""vnncomp_scripts/run_instance.sh defaults (no per-family config)"", ""variant"": ""default""}","[""GRB_LICENSE_FILE unset (run_instance.sh sets ~/gurobi.lic; no license on this machine, gurobipy size-limited pip license)"", ""attack-off (user decision D20): --disable_attack"", ""float32 default NeuralSAT dtype; stable interpreter; no precision override""]",,,0.0,11536.0,default_attack_off_f32,"[""neuralsat"",""data/vnncomp2026/cora_2024/1.0/onnx/mnist-point.onnx"",""data/vnncomp2026/cora_2024/1.0/vnnlib/mnist-img19.vnnlib"",30.0,""default_attack_off_f32""]",
cora_2024,58,mnist-trades.onnx,mnist-img19.vnnlib,timeout,31.2772,TIMEOUT,0,30.0,31.2772,33.923,0,34.011822862550616,1,0,,,not a FALSIFIED row,0,scratch/logs/fse2026/neuralsat/cora_2024/00058_80c43298357de9a7b358__7eq3tdr.log,c5097698a32a6dc04d176dcf72b61a931b89cdac,"{""attack"": {""attack_off"": true, ""overrides"": [""--disable_attack""]}, ""deviations"": [""GRB_LICENSE_FILE unset (run_instance.sh sets ~/gurobi.lic; no license on this machine, gurobipy size-limited pip license)"", ""attack-off (user decision D20): --disable_attack""], ""mapping"": ""default"", ""official"": ""vnncomp_scripts/run_instance.sh defaults (no per-family config)"", ""variant"": ""default""}","[""GRB_LICENSE_FILE unset (run_instance.sh sets ~/gurobi.lic; no license on this machine, gurobipy size-limited pip license)"", ""attack-off (user decision D20): --disable_attack"", ""float32 default NeuralSAT dtype; stable interpreter; no precision override""]",,,0.0,11536.0,default_attack_off_f32,"[""neuralsat"",""data/vnncomp2026/cora_2024/1.0/onnx/mnist-trades.onnx"",""data/vnncomp2026/cora_2024/1.0/vnnlib/mnist-img19.vnnlib"",30.0,""default_attack_off_f32""]",
cora_2024,59,mnist-set.onnx,mnist-img19.vnnlib,unsat,0.8291,CERTIFIED,1,30.0,0.8291,2.718,0,2.8003738317638636,0,0,,,not a FALSIFIED row,0,scratch/logs/fse2026/neuralsat/cora_2024/00059_6607ece92942fd0285db_tpq6y_x3.log,c5097698a32a6dc04d176dcf72b61a931b89cdac,"{""attack"": {""attack_off"": true, ""overrides"": [""--disable_attack""]}, ""deviations"": [""GRB_LICENSE_FILE unset (run_instance.sh sets ~/gurobi.lic; no license on this machine, gurobipy size-limited pip license)"", ""attack-off (user decision D20): --disable_attack""], ""mapping"": ""default"", ""official"": ""vnncomp_scripts/run_instance.sh defaults (no per-family config)"", ""variant"": ""default""}","[""GRB_LICENSE_FILE unset (run_instance.sh sets ~/gurobi.lic; no license on this machine, gurobipy size-limited pip license)"", ""attack-off (user decision D20): --disable_attack"", ""float32 default NeuralSAT dtype; stable interpreter; no precision override""]",,,0.0,11536.0,default_attack_off_f32,"[""neuralsat"",""data/vnncomp2026/cora_2024/1.0/onnx/mnist-set.onnx"",""data/vnncomp2026/cora_2024/1.0/vnnlib/mnist-img19.vnnlib"",30.0,""default_attack_off_f32""]",
cora_2024,60,svhn-point.onnx,svhn-img17.vnnlib,error,,ERROR,0,30.0,,7.227,0,7.303295146673918,0,0,,,not a FALSIFIED row,0,scratch/logs/fse2026/neuralsat/cora_2024/00060_06be1141d9c6075a1c53_0c_jqehi.log,c5097698a32a6dc04d176dcf72b61a931b89cdac,"{""attack"": {""attack_off"": true, ""overrides"": [""--disable_attack""]}, ""deviations"": [""GRB_LICENSE_FILE unset (run_instance.sh sets ~/gurobi.lic; no license on this machine, gurobipy size-limited pip license)"", ""attack-off (user decision D20): --disable_attack""], ""mapping"": ""default"", ""official"": ""vnncomp_scripts/run_instance.sh defaults (no per-family config)"", ""variant"": ""default""}","[""GRB_LICENSE_FILE unset (run_instance.sh sets ~/gurobi.lic; no license on this machine, gurobipy size-limited pip license)"", ""attack-off (user decision D20): --disable_attack"", ""float32 default NeuralSAT dtype; stable interpreter; no precision override""]",unsupported_op,[!] Found unsupported layer: <class 'helper.network.onnx2pytorch.operations.base.OperatorWrapper'>,0.0,11536.0,default_attack_off_f32,"[""neuralsat"",""data/vnncomp2026/cora_2024/1.0/onnx/svhn-point.onnx"",""data/vnncomp2026/cora_2024/1.0/vnnlib/svhn-img17.vnnlib"",30.0,""default_attack_off_f32""]",
cora_2024,61,svhn-trades.onnx,svhn-img17.vnnlib,error,,ERROR,0,30.0,,7.227,0,7.303286086767912,0,0,,,not a FALSIFIED row,0,scratch/logs/fse2026/neuralsat/cora_2024/00061_dad4e05cba59ea61e5f5_t_s0qlib.log,c5097698a32a6dc04d176dcf72b61a931b89cdac,"{""attack"": {""attack_off"": true, ""overrides"": [""--disable_attack""]}, ""deviations"": [""GRB_LICENSE_FILE unset (run_instance.sh sets ~/gurobi.lic; no license on this machine, gurobipy size-limited pip license)"", ""attack-off (user decision D20): --disable_attack""], ""mapping"": ""default"", ""official"": ""vnncomp_scripts/run_instance.sh defaults (no per-family config)"", ""variant"": ""default""}","[""GRB_LICENSE_FILE unset (run_instance.sh sets ~/gurobi.lic; no license on this machine, gurobipy size-limited pip license)"", ""attack-off (user decision D20): --disable_attack"", ""float32 default NeuralSAT dtype; stable interpreter; no precision override""]",unsupported_op,[!] Found unsupported layer: <class 'helper.network.onnx2pytorch.operations.base.OperatorWrapper'>,0.0,11536.0,default_attack_off_f32,"[""neuralsat"",""data/vnncomp2026/cora_2024/1.0/onnx/svhn-trades.onnx"",""data/vnncomp2026/cora_2024/1.0/vnnlib/svhn-img17.vnnlib"",30.0,""default_attack_off_f32""]",
cora_2024,62,svhn-set.onnx,svhn-img17.vnnlib,timeout,30.8189,TIMEOUT,0,30.0,30.8189,33.322,0,33.40557508356869,1,0,,,not a FALSIFIED row,0,scratch/logs/fse2026/neuralsat/cora_2024/00062_2681e4da562b971ebe57_bf3gqe4r.log,c5097698a32a6dc04d176dcf72b61a931b89cdac,"{""attack"": {""attack_off"": true, ""overrides"": [""--disable_attack""]}, ""deviations"": [""GRB_LICENSE_FILE unset (run_instance.sh sets ~/gurobi.lic; no license on this machine, gurobipy size-limited pip license)"", ""attack-off (user decision D20): --disable_attack""], ""mapping"": ""default"", ""official"": ""vnncomp_scripts/run_instance.sh defaults (no per-family config)"", ""variant"": ""default""}","[""GRB_LICENSE_FILE unset (run_instance.sh sets ~/gurobi.lic; no license on this machine, gurobipy size-limited pip license)"", ""attack-off (user decision D20): --disable_attack"", ""float32 default NeuralSAT dtype; stable interpreter; no precision override""]",,,51.0,11536.0,default_attack_off_f32,"[""neuralsat"",""data/vnncomp2026/cora_2024/1.0/onnx/svhn-set.onnx"",""data/vnncomp2026/cora_2024/1.0/vnnlib/svhn-img17.vnnlib"",30.0,""default_attack_off_f32""]",
cora_2024,63,svhn-point.onnx,svhn-img53.vnnlib,error,,ERROR,0,30.0,,6.826,0,6.902556153014302,0,0,,,not a FALSIFIED row,0,scratch/logs/fse2026/neuralsat/cora_2024/00063_2f7614271d070afa4ed4_2q1bnhad.log,c5097698a32a6dc04d176dcf72b61a931b89cdac,"{""attack"": {""attack_off"": true, ""overrides"": [""--disable_attack""]}, ""deviations"": [""GRB_LICENSE_FILE unset (run_instance.sh sets ~/gurobi.lic; no license on this machine, gurobipy size-limited pip license)"", ""attack-off (user decision D20): --disable_attack""], ""mapping"": ""default"", ""official"": ""vnncomp_scripts/run_instance.sh defaults (no per-family config)"", ""variant"": ""default""}","[""GRB_LICENSE_FILE unset (run_instance.sh sets ~/gurobi.lic; no license on this machine, gurobipy size-limited pip license)"", ""attack-off (user decision D20): --disable_attack"", ""float32 default NeuralSAT dtype; stable interpreter; no precision override""]",unsupported_op,[!] Found unsupported layer: <class 'helper.network.onnx2pytorch.operations.base.OperatorWrapper'>,2.0,11536.0,default_attack_off_f32,"[""neuralsat"",""data/vnncomp2026/cora_2024/1.0/onnx/svhn-point.onnx"",""data/vnncomp2026/cora_2024/1.0/vnnlib/svhn-img53.vnnlib"",30.0,""default_attack_off_f32""]",
cora_2024,64,svhn-trades.onnx,svhn-img53.vnnlib,error,,ERROR,0,30.0,,6.776,0,6.858827704563737,0,0,,,not a FALSIFIED row,0,scratch/logs/fse2026/neuralsat/cora_2024/00064_2d6e38d620e9962340d5_54ajfbn_.log,c5097698a32a6dc04d176dcf72b61a931b89cdac,"{""attack"": {""attack_off"": true, ""overrides"": [""--disable_attack""]}, ""deviations"": [""GRB_LICENSE_FILE unset (run_instance.sh sets ~/gurobi.lic; no license on this machine, gurobipy size-limited pip license)"", ""attack-off (user decision D20): --disable_attack""], ""mapping"": ""default"", ""official"": ""vnncomp_scripts/run_instance.sh defaults (no per-family config)"", ""variant"": ""default""}","[""GRB_LICENSE_FILE unset (run_instance.sh sets ~/gurobi.lic; no license on this machine, gurobipy size-limited pip license)"", ""attack-off (user decision D20): --disable_attack"", ""float32 default NeuralSAT dtype; stable interpreter; no precision override""]",unsupported_op,[!] Found unsupported layer: <class 'helper.network.onnx2pytorch.operations.base.OperatorWrapper'>,0.0,11536.0,default_attack_off_f32,"[""neuralsat"",""data/vnncomp2026/cora_2024/1.0/onnx/svhn-trades.onnx"",""data/vnncomp2026/cora_2024/1.0/vnnlib/svhn-img53.vnnlib"",30.0,""default_attack_off_f32""]",
cora_2024,65,svhn-set.onnx,svhn-img53.vnnlib,timeout,30.8853,TIMEOUT,0,30.0,30.8853,33.373,0,33.45849282480776,1,0,,,not a FALSIFIED row,0,scratch/logs/fse2026/neuralsat/cora_2024/00065_c6ec40c2fa787773fe66_qob99wj7.log,c5097698a32a6dc04d176dcf72b61a931b89cdac,"{""attack"": {""attack_off"": true, ""overrides"": [""--disable_attack""]}, ""deviations"": [""GRB_LICENSE_FILE unset (run_instance.sh sets ~/gurobi.lic; no license on this machine, gurobipy size-limited pip license)"", ""attack-off (user decision D20): --disable_attack""], ""mapping"": ""default"", ""official"": ""vnncomp_scripts/run_instance.sh defaults (no per-family config)"", ""variant"": ""default""}","[""GRB_LICENSE_FILE unset (run_instance.sh sets ~/gurobi.lic; no license on this machine, gurobipy size-limited pip license)"", ""attack-off (user decision D20): --disable_attack"", ""float32 default NeuralSAT dtype; stable interpreter; no precision override""]",,,0.0,11536.0,default_attack_off_f32,"[""neuralsat"",""data/vnncomp2026/cora_2024/1.0/onnx/svhn-set.onnx"",""data/vnncomp2026/cora_2024/1.0/vnnlib/svhn-img53.vnnlib"",30.0,""default_attack_off_f32""]",
cora_2024,66,svhn-point.onnx,svhn-img55.vnnlib,error,,ERROR,0,30.0,,6.626,0,6.698923442512751,0,0,,,not a FALSIFIED row,0,scratch/logs/fse2026/neuralsat/cora_2024/00066_04c99db979c97604ed8f_fz4wl0tc.log,c5097698a32a6dc04d176dcf72b61a931b89cdac,"{""attack"": {""attack_off"": true, ""overrides"": [""--disable_attack""]}, ""deviations"": [""GRB_LICENSE_FILE unset (run_instance.sh sets ~/gurobi.lic; no license on this machine, gurobipy size-limited pip license)"", ""attack-off (user decision D20): --disable_attack""], ""mapping"": ""default"", ""official"": ""vnncomp_scripts/run_instance.sh defaults (no per-family config)"", ""variant"": ""default""}","[""GRB_LICENSE_FILE unset (run_instance.sh sets ~/gurobi.lic; no license on this machine, gurobipy size-limited pip license)"", ""attack-off (user decision D20): --disable_attack"", ""float32 default NeuralSAT dtype; stable interpreter; no precision override""]",unsupported_op,[!] Found unsupported layer: <class 'helper.network.onnx2pytorch.operations.base.OperatorWrapper'>,0.0,11536.0,default_attack_off_f32,"[""neuralsat"",""data/vnncomp2026/cora_2024/1.0/onnx/svhn-point.onnx"",""data/vnncomp2026/cora_2024/1.0/vnnlib/svhn-img55.vnnlib"",30.0,""default_attack_off_f32""]",
cora_2024,67,svhn-trades.onnx,svhn-img55.vnnlib,error,,ERROR,0,30.0,,6.627,0,6.70769283361733,0,0,,,not a FALSIFIED row,0,scratch/logs/fse2026/neuralsat/cora_2024/00067_f2210725606a26070e40_gkd0b13_.log,c5097698a32a6dc04d176dcf72b61a931b89cdac,"{""attack"": {""attack_off"": true, ""overrides"": [""--disable_attack""]}, ""deviations"": [""GRB_LICENSE_FILE unset (run_instance.sh sets ~/gurobi.lic; no license on this machine, gurobipy size-limited pip license)"", ""attack-off (user decision D20): --disable_attack""], ""mapping"": ""default"", ""official"": ""vnncomp_scripts/run_instance.sh defaults (no per-family config)"", ""variant"": ""default""}","[""GRB_LICENSE_FILE unset (run_instance.sh sets ~/gurobi.lic; no license on this machine, gurobipy size-limited pip license)"", ""attack-off (user decision D20): --disable_attack"", ""float32 default NeuralSAT dtype; stable interpreter; no precision override""]",unsupported_op,[!] Found unsupported layer: <class 'helper.network.onnx2pytorch.operations.base.OperatorWrapper'>,0.0,11536.0,default_attack_off_f32,"[""neuralsat"",""data/vnncomp2026/cora_2024/1.0/onnx/svhn-trades.onnx"",""data/vnncomp2026/cora_2024/1.0/vnnlib/svhn-img55.vnnlib"",30.0,""default_attack_off_f32""]",
cora_2024,68,svhn-set.onnx,svhn-img55.vnnlib,timeout,31.3522,TIMEOUT,0,30.0,31.3522,33.878,0,33.955365462228656,1,0,,,not a FALSIFIED row,0,scratch/logs/fse2026/neuralsat/cora_2024/00068_e83bf573d10cbddfbc3b_fjl8ce1c.log,c5097698a32a6dc04d176dcf72b61a931b89cdac,"{""attack"": {""attack_off"": true, ""overrides"": [""--disable_attack""]}, ""deviations"": [""GRB_LICENSE_FILE unset (run_instance.sh sets ~/gurobi.lic; no license on this machine, gurobipy size-limited pip license)"", ""attack-off (user decision D20): --disable_attack""], ""mapping"": ""default"", ""official"": ""vnncomp_scripts/run_instance.sh defaults (no per-family config)"", ""variant"": ""default""}","[""GRB_LICENSE_FILE unset (run_instance.sh sets ~/gurobi.lic; no license on this machine, gurobipy size-limited pip license)"", ""attack-off (user decision D20): --disable_attack"", ""float32 default NeuralSAT dtype; stable interpreter; no precision override""]",,,0.0,11536.0,default_attack_off_f32,"[""neuralsat"",""data/vnncomp2026/cora_2024/1.0/onnx/svhn-set.onnx"",""data/vnncomp2026/cora_2024/1.0/vnnlib/svhn-img55.vnnlib"",30.0,""default_attack_off_f32""]",
cora_2024,69,svhn-point.onnx,svhn-img84.vnnlib,error,,ERROR,0,30.0,,7.076,0,7.152080392464995,0,0,,,not a FALSIFIED row,0,scratch/logs/fse2026/neuralsat/cora_2024/00069_d7d5b396520c0237c1d7_gdp5bqz3.log,c5097698a32a6dc04d176dcf72b61a931b89cdac,"{""attack"": {""attack_off"": true, ""overrides"": [""--disable_attack""]}, ""deviations"": [""GRB_LICENSE_FILE unset (run_instance.sh sets ~/gurobi.lic; no license on this machine, gurobipy size-limited pip license)"", ""attack-off (user decision D20): --disable_attack""], ""mapping"": ""default"", ""official"": ""vnncomp_scripts/run_instance.sh defaults (no per-family config)"", ""variant"": ""default""}","[""GRB_LICENSE_FILE unset (run_instance.sh sets ~/gurobi.lic; no license on this machine, gurobipy size-limited pip license)"", ""attack-off (user decision D20): --disable_attack"", ""float32 default NeuralSAT dtype; stable interpreter; no precision override""]",unsupported_op,[!] Found unsupported layer: <class 'helper.network.onnx2pytorch.operations.base.OperatorWrapper'>,2.0,11536.0,default_attack_off_f32,"[""neuralsat"",""data/vnncomp2026/cora_2024/1.0/onnx/svhn-point.onnx"",""data/vnncomp2026/cora_2024/1.0/vnnlib/svhn-img84.vnnlib"",30.0,""default_attack_off_f32""]",
cora_2024,70,svhn-trades.onnx,svhn-img84.vnnlib,error,,ERROR,0,30.0,,7.077,0,7.160901805385947,0,0,,,not a FALSIFIED row,0,scratch/logs/fse2026/neuralsat/cora_2024/00070_7f7e72205dec531231e4_8205mbb5.log,c5097698a32a6dc04d176dcf72b61a931b89cdac,"{""attack"": {""attack_off"": true, ""overrides"": [""--disable_attack""]}, ""deviations"": [""GRB_LICENSE_FILE unset (run_instance.sh sets ~/gurobi.lic; no license on this machine, gurobipy size-limited pip license)"", ""attack-off (user decision D20): --disable_attack""], ""mapping"": ""default"", ""official"": ""vnncomp_scripts/run_instance.sh defaults (no per-family config)"", ""variant"": ""default""}","[""GRB_LICENSE_FILE unset (run_instance.sh sets ~/gurobi.lic; no license on this machine, gurobipy size-limited pip license)"", ""attack-off (user decision D20): --disable_attack"", ""float32 default NeuralSAT dtype; stable interpreter; no precision override""]",unsupported_op,[!] Found unsupported layer: <class 'helper.network.onnx2pytorch.operations.base.OperatorWrapper'>,0.0,11536.0,default_attack_off_f32,"[""neuralsat"",""data/vnncomp2026/cora_2024/1.0/onnx/svhn-trades.onnx"",""data/vnncomp2026/cora_2024/1.0/vnnlib/svhn-img84.vnnlib"",30.0,""default_attack_off_f32""]",
cora_2024,71,svhn-set.onnx,svhn-img84.vnnlib,timeout,30.7537,TIMEOUT,0,30.0,30.7537,33.472,0,33.56399483606219,1,0,,,not a FALSIFIED row,0,scratch/logs/fse2026/neuralsat/cora_2024/00071_af3ff03b017657da2226_m315xre7.log,c5097698a32a6dc04d176dcf72b61a931b89cdac,"{""attack"": {""attack_off"": true, ""overrides"": [""--disable_attack""]}, ""deviations"": [""GRB_LICENSE_FILE unset (run_instance.sh sets ~/gurobi.lic; no license on this machine, gurobipy size-limited pip license)"", ""attack-off (user decision D20): --disable_attack""], ""mapping"": ""default"", ""official"": ""vnncomp_scripts/run_instance.sh defaults (no per-family config)"", ""variant"": ""default""}","[""GRB_LICENSE_FILE unset (run_instance.sh sets ~/gurobi.lic; no license on this machine, gurobipy size-limited pip license)"", ""attack-off (user decision D20): --disable_attack"", ""float32 default NeuralSAT dtype; stable interpreter; no precision override""]",,,0.0,11536.0,default_attack_off_f32,"[""neuralsat"",""data/vnncomp2026/cora_2024/1.0/onnx/svhn-set.onnx"",""data/vnncomp2026/cora_2024/1.0/vnnlib/svhn-img84.vnnlib"",30.0,""default_attack_off_f32""]",
cora_2024,72,svhn-point.onnx,svhn-img121.vnnlib,error,,ERROR,0,30.0,,7.427,0,7.511227434501052,0,0,,,not a FALSIFIED row,0,scratch/logs/fse2026/neuralsat/cora_2024/00072_e12af1f772c3ba8bb7c7__r_i3msi.log,c5097698a32a6dc04d176dcf72b61a931b89cdac,"{""attack"": {""attack_off"": true, ""overrides"": [""--disable_attack""]}, ""deviations"": [""GRB_LICENSE_FILE unset (run_instance.sh sets ~/gurobi.lic; no license on this machine, gurobipy size-limited pip license)"", ""attack-off (user decision D20): --disable_attack""], ""mapping"": ""default"", ""official"": ""vnncomp_scripts/run_instance.sh defaults (no per-family config)"", ""variant"": ""default""}","[""GRB_LICENSE_FILE unset (run_instance.sh sets ~/gurobi.lic; no license on this machine, gurobipy size-limited pip license)"", ""attack-off (user decision D20): --disable_attack"", ""float32 default NeuralSAT dtype; stable interpreter; no precision override""]",unsupported_op,[!] Found unsupported layer: <class 'helper.network.onnx2pytorch.operations.base.OperatorWrapper'>,0.0,11536.0,default_attack_off_f32,"[""neuralsat"",""data/vnncomp2026/cora_2024/1.0/onnx/svhn-point.onnx"",""data/vnncomp2026/cora_2024/1.0/vnnlib/svhn-img121.vnnlib"",30.0,""default_attack_off_f32""]",
cora_2024,73,svhn-trades.onnx,svhn-img121.vnnlib,error,,ERROR,0,30.0,,7.276,0,7.361334323883057,0,0,,,not a FALSIFIED row,0,scratch/logs/fse2026/neuralsat/cora_2024/00073_10a68d78def12d795557_h0fbdoj5.log,c5097698a32a6dc04d176dcf72b61a931b89cdac,"{""attack"": {""attack_off"": true, ""overrides"": [""--disable_attack""]}, ""deviations"": [""GRB_LICENSE_FILE unset (run_instance.sh sets ~/gurobi.lic; no license on this machine, gurobipy size-limited pip license)"", ""attack-off (user decision D20): --disable_attack""], ""mapping"": ""default"", ""official"": ""vnncomp_scripts/run_instance.sh defaults (no per-family config)"", ""variant"": ""default""}","[""GRB_LICENSE_FILE unset (run_instance.sh sets ~/gurobi.lic; no license on this machine, gurobipy size-limited pip license)"", ""attack-off (user decision D20): --disable_attack"", ""float32 default NeuralSAT dtype; stable interpreter; no precision override""]",unsupported_op,[!] Found unsupported layer: <class 'helper.network.onnx2pytorch.operations.base.OperatorWrapper'>,10.0,11536.0,default_attack_off_f32,"[""neuralsat"",""data/vnncomp2026/cora_2024/1.0/onnx/svhn-trades.onnx"",""data/vnncomp2026/cora_2024/1.0/vnnlib/svhn-img121.vnnlib"",30.0,""default_attack_off_f32""]",
cora_2024,74,svhn-set.onnx,svhn-img121.vnnlib,timeout,30.6665,TIMEOUT,0,30.0,30.6665,33.224,0,33.29941304214299,1,0,,,not a FALSIFIED row,0,scratch/logs/fse2026/neuralsat/cora_2024/00074_4007112b5c4de2704ea2_thwqigya.log,c5097698a32a6dc04d176dcf72b61a931b89cdac,"{""attack"": {""attack_off"": true, ""overrides"": [""--disable_attack""]}, ""deviations"": [""GRB_LICENSE_FILE unset (run_instance.sh sets ~/gurobi.lic; no license on this machine, gurobipy size-limited pip license)"", ""attack-off (user decision D20): --disable_attack""], ""mapping"": ""default"", ""official"": ""vnncomp_scripts/run_instance.sh defaults (no per-family config)"", ""variant"": ""default""}","[""GRB_LICENSE_FILE unset (run_instance.sh sets ~/gurobi.lic; no license on this machine, gurobipy size-limited pip license)"", ""attack-off (user decision D20): --disable_attack"", ""float32 default NeuralSAT dtype; stable interpreter; no precision override""]",,,0.0,11536.0,default_attack_off_f32,"[""neuralsat"",""data/vnncomp2026/cora_2024/1.0/onnx/svhn-set.onnx"",""data/vnncomp2026/cora_2024/1.0/vnnlib/svhn-img121.vnnlib"",30.0,""default_attack_off_f32""]",
cora_2024,75,svhn-point.onnx,svhn-img181.vnnlib,error,,ERROR,0,30.0,,7.426,0,7.538306778296828,0,0,,,not a FALSIFIED row,0,scratch/logs/fse2026/neuralsat/cora_2024/00075_2db1448b004b86750fc3_np6vvuno.log,c5097698a32a6dc04d176dcf72b61a931b89cdac,"{""attack"": {""attack_off"": true, ""overrides"": [""--disable_attack""]}, ""deviations"": [""GRB_LICENSE_FILE unset (run_instance.sh sets ~/gurobi.lic; no license on this machine, gurobipy size-limited pip license)"", ""attack-off (user decision D20): --disable_attack""], ""mapping"": ""default"", ""official"": ""vnncomp_scripts/run_instance.sh defaults (no per-family config)"", ""variant"": ""default""}","[""GRB_LICENSE_FILE unset (run_instance.sh sets ~/gurobi.lic; no license on this machine, gurobipy size-limited pip license)"", ""attack-off (user decision D20): --disable_attack"", ""float32 default NeuralSAT dtype; stable interpreter; no precision override""]",unsupported_op,[!] Found unsupported layer: <class 'helper.network.onnx2pytorch.operations.base.OperatorWrapper'>,0.0,11536.0,default_attack_off_f32,"[""neuralsat"",""data/vnncomp2026/cora_2024/1.0/onnx/svhn-point.onnx"",""data/vnncomp2026/cora_2024/1.0/vnnlib/svhn-img181.vnnlib"",30.0,""default_attack_off_f32""]",
cora_2024,76,svhn-trades.onnx,svhn-img181.vnnlib,error,,ERROR,0,30.0,,7.026,0,7.107418144121766,0,0,,,not a FALSIFIED row,0,scratch/logs/fse2026/neuralsat/cora_2024/00076_7a07f1ef1772e4dfae07_ozqi6c47.log,c5097698a32a6dc04d176dcf72b61a931b89cdac,"{""attack"": {""attack_off"": true, ""overrides"": [""--disable_attack""]}, ""deviations"": [""GRB_LICENSE_FILE unset (run_instance.sh sets ~/gurobi.lic; no license on this machine, gurobipy size-limited pip license)"", ""attack-off (user decision D20): --disable_attack""], ""mapping"": ""default"", ""official"": ""vnncomp_scripts/run_instance.sh defaults (no per-family config)"", ""variant"": ""default""}","[""GRB_LICENSE_FILE unset (run_instance.sh sets ~/gurobi.lic; no license on this machine, gurobipy size-limited pip license)"", ""attack-off (user decision D20): --disable_attack"", ""float32 default NeuralSAT dtype; stable interpreter; no precision override""]",unsupported_op,[!] Found unsupported layer: <class 'helper.network.onnx2pytorch.operations.base.OperatorWrapper'>,2.0,11536.0,default_attack_off_f32,"[""neuralsat"",""data/vnncomp2026/cora_2024/1.0/onnx/svhn-trades.onnx"",""data/vnncomp2026/cora_2024/1.0/vnnlib/svhn-img181.vnnlib"",30.0,""default_attack_off_f32""]",
cora_2024,77,svhn-set.onnx,svhn-img181.vnnlib,timeout,30.3441,TIMEOUT,0,30.0,30.3441,32.922,0,33.01041069440544,1,0,,,not a FALSIFIED row,0,scratch/logs/fse2026/neuralsat/cora_2024/00077_2e99f957c771b3e1db09_d0zfg4xh.log,c5097698a32a6dc04d176dcf72b61a931b89cdac,"{""attack"": {""attack_off"": true, ""overrides"": [""--disable_attack""]}, ""deviations"": [""GRB_LICENSE_FILE unset (run_instance.sh sets ~/gurobi.lic; no license on this machine, gurobipy size-limited pip license)"", ""attack-off (user decision D20): --disable_attack""], ""mapping"": ""default"", ""official"": ""vnncomp_scripts/run_instance.sh defaults (no per-family config)"", ""variant"": ""default""}","[""GRB_LICENSE_FILE unset (run_instance.sh sets ~/gurobi.lic; no license on this machine, gurobipy size-limited pip license)"", ""attack-off (user decision D20): --disable_attack"", ""float32 default NeuralSAT dtype; stable interpreter; no precision override""]",,,0.0,11536.0,default_attack_off_f32,"[""neuralsat"",""data/vnncomp2026/cora_2024/1.0/onnx/svhn-set.onnx"",""data/vnncomp2026/cora_2024/1.0/vnnlib/svhn-img181.vnnlib"",30.0,""default_attack_off_f32""]",
cora_2024,78,svhn-point.onnx,svhn-img343.vnnlib,error,,ERROR,0,30.0,,7.177,0,7.259669439867139,0,0,,,not a FALSIFIED row,0,scratch/logs/fse2026/neuralsat/cora_2024/00078_1d13907798e4f5defbb1__tbc3bjf.log,c5097698a32a6dc04d176dcf72b61a931b89cdac,"{""attack"": {""attack_off"": true, ""overrides"": [""--disable_attack""]}, ""deviations"": [""GRB_LICENSE_FILE unset (run_instance.sh sets ~/gurobi.lic; no license on this machine, gurobipy size-limited pip license)"", ""attack-off (user decision D20): --disable_attack""], ""mapping"": ""default"", ""official"": ""vnncomp_scripts/run_instance.sh defaults (no per-family config)"", ""variant"": ""default""}","[""GRB_LICENSE_FILE unset (run_instance.sh sets ~/gurobi.lic; no license on this machine, gurobipy size-limited pip license)"", ""attack-off (user decision D20): --disable_attack"", ""float32 default NeuralSAT dtype; stable interpreter; no precision override""]",unsupported_op,[!] Found unsupported layer: <class 'helper.network.onnx2pytorch.operations.base.OperatorWrapper'>,2.0,11536.0,default_attack_off_f32,"[""neuralsat"",""data/vnncomp2026/cora_2024/1.0/onnx/svhn-point.onnx"",""data/vnncomp2026/cora_2024/1.0/vnnlib/svhn-img343.vnnlib"",30.0,""default_attack_off_f32""]",
cora_2024,79,svhn-trades.onnx,svhn-img343.vnnlib,error,,ERROR,0,30.0,,7.477,0,7.561934655532241,0,0,,,not a FALSIFIED row,0,scratch/logs/fse2026/neuralsat/cora_2024/00079_806b5b15c0bd45566fa4_r1yfb6iy.log,c5097698a32a6dc04d176dcf72b61a931b89cdac,"{""attack"": {""attack_off"": true, ""overrides"": [""--disable_attack""]}, ""deviations"": [""GRB_LICENSE_FILE unset (run_instance.sh sets ~/gurobi.lic; no license on this machine, gurobipy size-limited pip license)"", ""attack-off (user decision D20): --disable_attack""], ""mapping"": ""default"", ""official"": ""vnncomp_scripts/run_instance.sh defaults (no per-family config)"", ""variant"": ""default""}","[""GRB_LICENSE_FILE unset (run_instance.sh sets ~/gurobi.lic; no license on this machine, gurobipy size-limited pip license)"", ""attack-off (user decision D20): --disable_attack"", ""float32 default NeuralSAT dtype; stable interpreter; no precision override""]",unsupported_op,[!] Found unsupported layer: <class 'helper.network.onnx2pytorch.operations.base.OperatorWrapper'>,0.0,11536.0,default_attack_off_f32,"[""neuralsat"",""data/vnncomp2026/cora_2024/1.0/onnx/svhn-trades.onnx"",""data/vnncomp2026/cora_2024/1.0/vnnlib/svhn-img343.vnnlib"",30.0,""default_attack_off_f32""]",
cora_2024,80,svhn-set.onnx,svhn-img343.vnnlib,timeout,30.9457,TIMEOUT,0,30.0,30.9457,33.523,0,33.6108831781894,1,0,,,not a FALSIFIED row,0,scratch/logs/fse2026/neuralsat/cora_2024/00080_25bd0776da139fbf59bd_nmu29sa4.log,c5097698a32a6dc04d176dcf72b61a931b89cdac,"{""attack"": {""attack_off"": true, ""overrides"": [""--disable_attack""]}, ""deviations"": [""GRB_LICENSE_FILE unset (run_instance.sh sets ~/gurobi.lic; no license on this machine, gurobipy size-limited pip license)"", ""attack-off (user decision D20): --disable_attack""], ""mapping"": ""default"", ""official"": ""vnncomp_scripts/run_instance.sh defaults (no per-family config)"", ""variant"": ""default""}","[""GRB_LICENSE_FILE unset (run_instance.sh sets ~/gurobi.lic; no license on this machine, gurobipy size-limited pip license)"", ""attack-off (user decision D20): --disable_attack"", ""float32 default NeuralSAT dtype; stable interpreter; no precision override""]",,,0.0,11536.0,default_attack_off_f32,"[""neuralsat"",""data/vnncomp2026/cora_2024/1.0/onnx/svhn-set.onnx"",""data/vnncomp2026/cora_2024/1.0/vnnlib/svhn-img343.vnnlib"",30.0,""default_attack_off_f32""]",
cora_2024,81,svhn-point.onnx,svhn-img417.vnnlib,error,,ERROR,0,30.0,,7.428,0,7.508947629481554,0,0,,,not a FALSIFIED row,0,scratch/logs/fse2026/neuralsat/cora_2024/00081_4b8bc63165cd4c40f77a_jr4g69qd.log,c5097698a32a6dc04d176dcf72b61a931b89cdac,"{""attack"": {""attack_off"": true, ""overrides"": [""--disable_attack""]}, ""deviations"": [""GRB_LICENSE_FILE unset (run_instance.sh sets ~/gurobi.lic; no license on this machine, gurobipy size-limited pip license)"", ""attack-off (user decision D20): --disable_attack""], ""mapping"": ""default"", ""official"": ""vnncomp_scripts/run_instance.sh defaults (no per-family config)"", ""variant"": ""default""}","[""GRB_LICENSE_FILE unset (run_instance.sh sets ~/gurobi.lic; no license on this machine, gurobipy size-limited pip license)"", ""attack-off (user decision D20): --disable_attack"", ""float32 default NeuralSAT dtype; stable interpreter; no precision override""]",unsupported_op,[!] Found unsupported layer: <class 'helper.network.onnx2pytorch.operations.base.OperatorWrapper'>,0.0,11536.0,default_attack_off_f32,"[""neuralsat"",""data/vnncomp2026/cora_2024/1.0/onnx/svhn-point.onnx"",""data/vnncomp2026/cora_2024/1.0/vnnlib/svhn-img417.vnnlib"",30.0,""default_attack_off_f32""]",
cora_2024,82,svhn-trades.onnx,svhn-img417.vnnlib,error,,ERROR,0,30.0,,7.328,0,7.409019259735942,0,0,,,not a FALSIFIED row,0,scratch/logs/fse2026/neuralsat/cora_2024/00082_4b6bf028c16d18f309bb_f4tbf627.log,c5097698a32a6dc04d176dcf72b61a931b89cdac,"{""attack"": {""attack_off"": true, ""overrides"": [""--disable_attack""]}, ""deviations"": [""GRB_LICENSE_FILE unset (run_instance.sh sets ~/gurobi.lic; no license on this machine, gurobipy size-limited pip license)"", ""attack-off (user decision D20): --disable_attack""], ""mapping"": ""default"", ""official"": ""vnncomp_scripts/run_instance.sh defaults (no per-family config)"", ""variant"": ""default""}","[""GRB_LICENSE_FILE unset (run_instance.sh sets ~/gurobi.lic; no license on this machine, gurobipy size-limited pip license)"", ""attack-off (user decision D20): --disable_attack"", ""float32 default NeuralSAT dtype; stable interpreter; no precision override""]",unsupported_op,[!] Found unsupported layer: <class 'helper.network.onnx2pytorch.operations.base.OperatorWrapper'>,0.0,11536.0,default_attack_off_f32,"[""neuralsat"",""data/vnncomp2026/cora_2024/1.0/onnx/svhn-trades.onnx"",""data/vnncomp2026/cora_2024/1.0/vnnlib/svhn-img417.vnnlib"",30.0,""default_attack_off_f32""]",
cora_2024,83,svhn-set.onnx,svhn-img417.vnnlib,timeout,31.323,TIMEOUT,0,30.0,31.323,33.923,0,34.005773508921266,1,0,,,not a FALSIFIED row,0,scratch/logs/fse2026/neuralsat/cora_2024/00083_7f3ede1f6606170c1e85_luj05j4x.log,c5097698a32a6dc04d176dcf72b61a931b89cdac,"{""attack"": {""attack_off"": true, ""overrides"": [""--disable_attack""]}, ""deviations"": [""GRB_LICENSE_FILE unset (run_instance.sh sets ~/gurobi.lic; no license on this machine, gurobipy size-limited pip license)"", ""attack-off (user decision D20): --disable_attack""], ""mapping"": ""default"", ""official"": ""vnncomp_scripts/run_instance.sh defaults (no per-family config)"", ""variant"": ""default""}","[""GRB_LICENSE_FILE unset (run_instance.sh sets ~/gurobi.lic; no license on this machine, gurobipy size-limited pip license)"", ""attack-off (user decision D20): --disable_attack"", ""float32 default NeuralSAT dtype; stable interpreter; no precision override""]",,,39.0,11536.0,default_attack_off_f32,"[""neuralsat"",""data/vnncomp2026/cora_2024/1.0/onnx/svhn-set.onnx"",""data/vnncomp2026/cora_2024/1.0/vnnlib/svhn-img417.vnnlib"",30.0,""default_attack_off_f32""]",
cora_2024,84,svhn-point.onnx,svhn-img435.vnnlib,error,,ERROR,0,30.0,,7.578,0,7.65918056294322,0,0,,,not a FALSIFIED row,0,scratch/logs/fse2026/neuralsat/cora_2024/00084_b1bdc9dab5d0cf5a0a1f_7ye0_xxc.log,c5097698a32a6dc04d176dcf72b61a931b89cdac,"{""attack"": {""attack_off"": true, ""overrides"": [""--disable_attack""]}, ""deviations"": [""GRB_LICENSE_FILE unset (run_instance.sh sets ~/gurobi.lic; no license on this machine, gurobipy size-limited pip license)"", ""attack-off (user decision D20): --disable_attack""], ""mapping"": ""default"", ""official"": ""vnncomp_scripts/run_instance.sh defaults (no per-family config)"", ""variant"": ""default""}","[""GRB_LICENSE_FILE unset (run_instance.sh sets ~/gurobi.lic; no license on this machine, gurobipy size-limited pip license)"", ""attack-off (user decision D20): --disable_attack"", ""float32 default NeuralSAT dtype; stable interpreter; no precision override""]",unsupported_op,[!] Found unsupported layer: <class 'helper.network.onnx2pytorch.operations.base.OperatorWrapper'>,0.0,11536.0,default_attack_off_f32,"[""neuralsat"",""data/vnncomp2026/cora_2024/1.0/onnx/svhn-point.onnx"",""data/vnncomp2026/cora_2024/1.0/vnnlib/svhn-img435.vnnlib"",30.0,""default_attack_off_f32""]",
cora_2024,85,svhn-trades.onnx,svhn-img435.vnnlib,error,,ERROR,0,30.0,,7.326,0,7.4116810243576765,0,0,,,not a FALSIFIED row,0,scratch/logs/fse2026/neuralsat/cora_2024/00085_c91a38a856d11133ed6a_m3djd0n6.log,c5097698a32a6dc04d176dcf72b61a931b89cdac,"{""attack"": {""attack_off"": true, ""overrides"": [""--disable_attack""]}, ""deviations"": [""GRB_LICENSE_FILE unset (run_instance.sh sets ~/gurobi.lic; no license on this machine, gurobipy size-limited pip license)"", ""attack-off (user decision D20): --disable_attack""], ""mapping"": ""default"", ""official"": ""vnncomp_scripts/run_instance.sh defaults (no per-family config)"", ""variant"": ""default""}","[""GRB_LICENSE_FILE unset (run_instance.sh sets ~/gurobi.lic; no license on this machine, gurobipy size-limited pip license)"", ""attack-off (user decision D20): --disable_attack"", ""float32 default NeuralSAT dtype; stable interpreter; no precision override""]",unsupported_op,[!] Found unsupported layer: <class 'helper.network.onnx2pytorch.operations.base.OperatorWrapper'>,0.0,11536.0,default_attack_off_f32,"[""neuralsat"",""data/vnncomp2026/cora_2024/1.0/onnx/svhn-trades.onnx"",""data/vnncomp2026/cora_2024/1.0/vnnlib/svhn-img435.vnnlib"",30.0,""default_attack_off_f32""]",
cora_2024,86,svhn-set.onnx,svhn-img435.vnnlib,timeout,30.6509,TIMEOUT,0,30.0,30.6509,33.324,0,33.40622748620808,1,0,,,not a FALSIFIED row,0,scratch/logs/fse2026/neuralsat/cora_2024/00086_c99a6d2b39067d3bb09f_kurbbnzz.log,c5097698a32a6dc04d176dcf72b61a931b89cdac,"{""attack"": {""attack_off"": true, ""overrides"": [""--disable_attack""]}, ""deviations"": [""GRB_LICENSE_FILE unset (run_instance.sh sets ~/gurobi.lic; no license on this machine, gurobipy size-limited pip license)"", ""attack-off (user decision D20): --disable_attack""], ""mapping"": ""default"", ""official"": ""vnncomp_scripts/run_instance.sh defaults (no per-family config)"", ""variant"": ""default""}","[""GRB_LICENSE_FILE unset (run_instance.sh sets ~/gurobi.lic; no license on this machine, gurobipy size-limited pip license)"", ""attack-off (user decision D20): --disable_attack"", ""float32 default NeuralSAT dtype; stable interpreter; no precision override""]",,,2.0,11536.0,default_attack_off_f32,"[""neuralsat"",""data/vnncomp2026/cora_2024/1.0/onnx/svhn-set.onnx"",""data/vnncomp2026/cora_2024/1.0/vnnlib/svhn-img435.vnnlib"",30.0,""default_attack_off_f32""]",
cora_2024,87,svhn-point.onnx,svhn-img509.vnnlib,error,,ERROR,0,30.0,,7.276,0,7.359483867883682,0,0,,,not a FALSIFIED row,0,scratch/logs/fse2026/neuralsat/cora_2024/00087_4c4d7f5fec4b6fb43a0d_8uad6o6_.log,c5097698a32a6dc04d176dcf72b61a931b89cdac,"{""attack"": {""attack_off"": true, ""overrides"": [""--disable_attack""]}, ""deviations"": [""GRB_LICENSE_FILE unset (run_instance.sh sets ~/gurobi.lic; no license on this machine, gurobipy size-limited pip license)"", ""attack-off (user decision D20): --disable_attack""], ""mapping"": ""default"", ""official"": ""vnncomp_scripts/run_instance.sh defaults (no per-family config)"", ""variant"": ""default""}","[""GRB_LICENSE_FILE unset (run_instance.sh sets ~/gurobi.lic; no license on this machine, gurobipy size-limited pip license)"", ""attack-off (user decision D20): --disable_attack"", ""float32 default NeuralSAT dtype; stable interpreter; no precision override""]",unsupported_op,[!] Found unsupported layer: <class 'helper.network.onnx2pytorch.operations.base.OperatorWrapper'>,62.0,11536.0,default_attack_off_f32,"[""neuralsat"",""data/vnncomp2026/cora_2024/1.0/onnx/svhn-point.onnx"",""data/vnncomp2026/cora_2024/1.0/vnnlib/svhn-img509.vnnlib"",30.0,""default_attack_off_f32""]",
cora_2024,88,svhn-trades.onnx,svhn-img509.vnnlib,error,,ERROR,0,30.0,,7.076,0,7.158364038914442,0,0,,,not a FALSIFIED row,0,scratch/logs/fse2026/neuralsat/cora_2024/00088_5f686e0916a16ce8ceca_n1xi7bpr.log,c5097698a32a6dc04d176dcf72b61a931b89cdac,"{""attack"": {""attack_off"": true, ""overrides"": [""--disable_attack""]}, ""deviations"": [""GRB_LICENSE_FILE unset (run_instance.sh sets ~/gurobi.lic; no license on this machine, gurobipy size-limited pip license)"", ""attack-off (user decision D20): --disable_attack""], ""mapping"": ""default"", ""official"": ""vnncomp_scripts/run_instance.sh defaults (no per-family config)"", ""variant"": ""default""}","[""GRB_LICENSE_FILE unset (run_instance.sh sets ~/gurobi.lic; no license on this machine, gurobipy size-limited pip license)"", ""attack-off (user decision D20): --disable_attack"", ""float32 default NeuralSAT dtype; stable interpreter; no precision override""]",unsupported_op,[!] Found unsupported layer: <class 'helper.network.onnx2pytorch.operations.base.OperatorWrapper'>,44.0,11536.0,default_attack_off_f32,"[""neuralsat"",""data/vnncomp2026/cora_2024/1.0/onnx/svhn-trades.onnx"",""data/vnncomp2026/cora_2024/1.0/vnnlib/svhn-img509.vnnlib"",30.0,""default_attack_off_f32""]",
cora_2024,89,svhn-set.onnx,svhn-img509.vnnlib,timeout,30.8618,TIMEOUT,0,30.0,30.8618,33.422,0,33.50673239119351,1,0,,,not a FALSIFIED row,0,scratch/logs/fse2026/neuralsat/cora_2024/00089_3d3e035f2874f55cad50_s0fzthqp.log,c5097698a32a6dc04d176dcf72b61a931b89cdac,"{""attack"": {""attack_off"": true, ""overrides"": [""--disable_attack""]}, ""deviations"": [""GRB_LICENSE_FILE unset (run_instance.sh sets ~/gurobi.lic; no license on this machine, gurobipy size-limited pip license)"", ""attack-off (user decision D20): --disable_attack""], ""mapping"": ""default"", ""official"": ""vnncomp_scripts/run_instance.sh defaults (no per-family config)"", ""variant"": ""default""}","[""GRB_LICENSE_FILE unset (run_instance.sh sets ~/gurobi.lic; no license on this machine, gurobipy size-limited pip license)"", ""attack-off (user decision D20): --disable_attack"", ""float32 default NeuralSAT dtype; stable interpreter; no precision override""]",,,2.0,11536.0,default_attack_off_f32,"[""neuralsat"",""data/vnncomp2026/cora_2024/1.0/onnx/svhn-set.onnx"",""data/vnncomp2026/cora_2024/1.0/vnnlib/svhn-img509.vnnlib"",30.0,""default_attack_off_f32""]",
cora_2024,90,svhn-point.onnx,svhn-img513.vnnlib,error,,ERROR,0,30.0,,7.431,0,7.508389299735427,0,0,,,not a FALSIFIED row,0,scratch/logs/fse2026/neuralsat/cora_2024/00090_c96b62ee315d68bb8464_duskg7m_.log,c5097698a32a6dc04d176dcf72b61a931b89cdac,"{""attack"": {""attack_off"": true, ""overrides"": [""--disable_attack""]}, ""deviations"": [""GRB_LICENSE_FILE unset (run_instance.sh sets ~/gurobi.lic; no license on this machine, gurobipy size-limited pip license)"", ""attack-off (user decision D20): --disable_attack""], ""mapping"": ""default"", ""official"": ""vnncomp_scripts/run_instance.sh defaults (no per-family config)"", ""variant"": ""default""}","[""GRB_LICENSE_FILE unset (run_instance.sh sets ~/gurobi.lic; no license on this machine, gurobipy size-limited pip license)"", ""attack-off (user decision D20): --disable_attack"", ""float32 default NeuralSAT dtype; stable interpreter; no precision override""]",unsupported_op,[!] Found unsupported layer: <class 'helper.network.onnx2pytorch.operations.base.OperatorWrapper'>,0.0,11536.0,default_attack_off_f32,"[""neuralsat"",""data/vnncomp2026/cora_2024/1.0/onnx/svhn-point.onnx"",""data/vnncomp2026/cora_2024/1.0/vnnlib/svhn-img513.vnnlib"",30.0,""default_attack_off_f32""]",
cora_2024,91,svhn-trades.onnx,svhn-img513.vnnlib,error,,ERROR,0,30.0,,7.127,0,7.209749095141888,0,0,,,not a FALSIFIED row,0,scratch/logs/fse2026/neuralsat/cora_2024/00091_e01ec485395a5daca2fc__fle_34s.log,c5097698a32a6dc04d176dcf72b61a931b89cdac,"{""attack"": {""attack_off"": true, ""overrides"": [""--disable_attack""]}, ""deviations"": [""GRB_LICENSE_FILE unset (run_instance.sh sets ~/gurobi.lic; no license on this machine, gurobipy size-limited pip license)"", ""attack-off (user decision D20): --disable_attack""], ""mapping"": ""default"", ""official"": ""vnncomp_scripts/run_instance.sh defaults (no per-family config)"", ""variant"": ""default""}","[""GRB_LICENSE_FILE unset (run_instance.sh sets ~/gurobi.lic; no license on this machine, gurobipy size-limited pip license)"", ""attack-off (user decision D20): --disable_attack"", ""float32 default NeuralSAT dtype; stable interpreter; no precision override""]",unsupported_op,[!] Found unsupported layer: <class 'helper.network.onnx2pytorch.operations.base.OperatorWrapper'>,0.0,11536.0,default_attack_off_f32,"[""neuralsat"",""data/vnncomp2026/cora_2024/1.0/onnx/svhn-trades.onnx"",""data/vnncomp2026/cora_2024/1.0/vnnlib/svhn-img513.vnnlib"",30.0,""default_attack_off_f32""]",
cora_2024,92,svhn-set.onnx,svhn-img513.vnnlib,timeout,30.4766,TIMEOUT,0,30.0,30.4766,33.075,0,33.161728370934725,1,0,,,not a FALSIFIED row,0,scratch/logs/fse2026/neuralsat/cora_2024/00092_7112951bf99b9d1e4287__vytc983.log,c5097698a32a6dc04d176dcf72b61a931b89cdac,"{""attack"": {""attack_off"": true, ""overrides"": [""--disable_attack""]}, ""deviations"": [""GRB_LICENSE_FILE unset (run_instance.sh sets ~/gurobi.lic; no license on this machine, gurobipy size-limited pip license)"", ""attack-off (user decision D20): --disable_attack""], ""mapping"": ""default"", ""official"": ""vnncomp_scripts/run_instance.sh defaults (no per-family config)"", ""variant"": ""default""}","[""GRB_LICENSE_FILE unset (run_instance.sh sets ~/gurobi.lic; no license on this machine, gurobipy size-limited pip license)"", ""attack-off (user decision D20): --disable_attack"", ""float32 default NeuralSAT dtype; stable interpreter; no precision override""]",,,0.0,11536.0,default_attack_off_f32,"[""neuralsat"",""data/vnncomp2026/cora_2024/1.0/onnx/svhn-set.onnx"",""data/vnncomp2026/cora_2024/1.0/vnnlib/svhn-img513.vnnlib"",30.0,""default_attack_off_f32""]",
cora_2024,93,svhn-point.onnx,svhn-img539.vnnlib,error,,ERROR,0,30.0,,7.326,0,7.411229772493243,0,0,,,not a FALSIFIED row,0,scratch/logs/fse2026/neuralsat/cora_2024/00093_34d14a79a168c6d6a552_t0lddeuj.log,c5097698a32a6dc04d176dcf72b61a931b89cdac,"{""attack"": {""attack_off"": true, ""overrides"": [""--disable_attack""]}, ""deviations"": [""GRB_LICENSE_FILE unset (run_instance.sh sets ~/gurobi.lic; no license on this machine, gurobipy size-limited pip license)"", ""attack-off (user decision D20): --disable_attack""], ""mapping"": ""default"", ""official"": ""vnncomp_scripts/run_instance.sh defaults (no per-family config)"", ""variant"": ""default""}","[""GRB_LICENSE_FILE unset (run_instance.sh sets ~/gurobi.lic; no license on this machine, gurobipy size-limited pip license)"", ""attack-off (user decision D20): --disable_attack"", ""float32 default NeuralSAT dtype; stable interpreter; no precision override""]",unsupported_op,[!] Found unsupported layer: <class 'helper.network.onnx2pytorch.operations.base.OperatorWrapper'>,0.0,11536.0,default_attack_off_f32,"[""neuralsat"",""data/vnncomp2026/cora_2024/1.0/onnx/svhn-point.onnx"",""data/vnncomp2026/cora_2024/1.0/vnnlib/svhn-img539.vnnlib"",30.0,""default_attack_off_f32""]",
cora_2024,94,svhn-trades.onnx,svhn-img539.vnnlib,error,,ERROR,0,30.0,,7.376,0,7.45830867998302,0,0,,,not a FALSIFIED row,0,scratch/logs/fse2026/neuralsat/cora_2024/00094_ab490a847de0ded82650_ivre8gbq.log,c5097698a32a6dc04d176dcf72b61a931b89cdac,"{""attack"": {""attack_off"": true, ""overrides"": [""--disable_attack""]}, ""deviations"": [""GRB_LICENSE_FILE unset (run_instance.sh sets ~/gurobi.lic; no license on this machine, gurobipy size-limited pip license)"", ""attack-off (user decision D20): --disable_attack""], ""mapping"": ""default"", ""official"": ""vnncomp_scripts/run_instance.sh defaults (no per-family config)"", ""variant"": ""default""}","[""GRB_LICENSE_FILE unset (run_instance.sh sets ~/gurobi.lic; no license on this machine, gurobipy size-limited pip license)"", ""attack-off (user decision D20): --disable_attack"", ""float32 default NeuralSAT dtype; stable interpreter; no precision override""]",unsupported_op,[!] Found unsupported layer: <class 'helper.network.onnx2pytorch.operations.base.OperatorWrapper'>,2.0,11536.0,default_attack_off_f32,"[""neuralsat"",""data/vnncomp2026/cora_2024/1.0/onnx/svhn-trades.onnx"",""data/vnncomp2026/cora_2024/1.0/vnnlib/svhn-img539.vnnlib"",30.0,""default_attack_off_f32""]",
cora_2024,95,svhn-set.onnx,svhn-img539.vnnlib,timeout,30.348,TIMEOUT,0,30.0,30.348,32.93,0,33.016580667346716,1,0,,,not a FALSIFIED row,0,scratch/logs/fse2026/neuralsat/cora_2024/00095_1c99741130afcd1f5387_sqy_m88y.log,c5097698a32a6dc04d176dcf72b61a931b89cdac,"{""attack"": {""attack_off"": true, ""overrides"": [""--disable_attack""]}, ""deviations"": [""GRB_LICENSE_FILE unset (run_instance.sh sets ~/gurobi.lic; no license on this machine, gurobipy size-limited pip license)"", ""attack-off (user decision D20): --disable_attack""], ""mapping"": ""default"", ""official"": ""vnncomp_scripts/run_instance.sh defaults (no per-family config)"", ""variant"": ""default""}","[""GRB_LICENSE_FILE unset (run_instance.sh sets ~/gurobi.lic; no license on this machine, gurobipy size-limited pip license)"", ""attack-off (user decision D20): --disable_attack"", ""float32 default NeuralSAT dtype; stable interpreter; no precision override""]",,,0.0,11536.0,default_attack_off_f32,"[""neuralsat"",""data/vnncomp2026/cora_2024/1.0/onnx/svhn-set.onnx"",""data/vnncomp2026/cora_2024/1.0/vnnlib/svhn-img539.vnnlib"",30.0,""default_attack_off_f32""]",
cora_2024,96,svhn-point.onnx,svhn-img572.vnnlib,error,,ERROR,0,30.0,,7.036,0,7.155565839260817,0,0,,,not a FALSIFIED row,0,scratch/logs/fse2026/neuralsat/cora_2024/00096_599d6bae2d56e16e019b_x5i33v4k.log,c5097698a32a6dc04d176dcf72b61a931b89cdac,"{""attack"": {""attack_off"": true, ""overrides"": [""--disable_attack""]}, ""deviations"": [""GRB_LICENSE_FILE unset (run_instance.sh sets ~/gurobi.lic; no license on this machine, gurobipy size-limited pip license)"", ""attack-off (user decision D20): --disable_attack""], ""mapping"": ""default"", ""official"": ""vnncomp_scripts/run_instance.sh defaults (no per-family config)"", ""variant"": ""default""}","[""GRB_LICENSE_FILE unset (run_instance.sh sets ~/gurobi.lic; no license on this machine, gurobipy size-limited pip license)"", ""attack-off (user decision D20): --disable_attack"", ""float32 default NeuralSAT dtype; stable interpreter; no precision override""]",unsupported_op,[!] Found unsupported layer: <class 'helper.network.onnx2pytorch.operations.base.OperatorWrapper'>,0.0,13757.0,default_attack_off_f32,"[""neuralsat"",""data/vnncomp2026/cora_2024/1.0/onnx/svhn-point.onnx"",""data/vnncomp2026/cora_2024/1.0/vnnlib/svhn-img572.vnnlib"",30.0,""default_attack_off_f32""]",
cora_2024,97,svhn-trades.onnx,svhn-img572.vnnlib,error,,ERROR,0,30.0,,7.032,0,7.115493211895227,0,0,,,not a FALSIFIED row,0,scratch/logs/fse2026/neuralsat/cora_2024/00097_642a824d7bbb9d687049_tt8jm8lr.log,c5097698a32a6dc04d176dcf72b61a931b89cdac,"{""attack"": {""attack_off"": true, ""overrides"": [""--disable_attack""]}, ""deviations"": [""GRB_LICENSE_FILE unset (run_instance.sh sets ~/gurobi.lic; no license on this machine, gurobipy size-limited pip license)"", ""attack-off (user decision D20): --disable_attack""], ""mapping"": ""default"", ""official"": ""vnncomp_scripts/run_instance.sh defaults (no per-family config)"", ""variant"": ""default""}","[""GRB_LICENSE_FILE unset (run_instance.sh sets ~/gurobi.lic; no license on this machine, gurobipy size-limited pip license)"", ""attack-off (user decision D20): --disable_attack"", ""float32 default NeuralSAT dtype; stable interpreter; no precision override""]",unsupported_op,[!] Found unsupported layer: <class 'helper.network.onnx2pytorch.operations.base.OperatorWrapper'>,45.0,13757.0,default_attack_off_f32,"[""neuralsat"",""data/vnncomp2026/cora_2024/1.0/onnx/svhn-trades.onnx"",""data/vnncomp2026/cora_2024/1.0/vnnlib/svhn-img572.vnnlib"",30.0,""default_attack_off_f32""]",
cora_2024,98,svhn-set.onnx,svhn-img572.vnnlib,timeout,30.9342,TIMEOUT,0,30.0,30.9342,33.554,0,33.646075459197164,1,0,,,not a FALSIFIED row,0,scratch/logs/fse2026/neuralsat/cora_2024/00098_7f24bc21950ca747a116_a4q0nqcn.log,c5097698a32a6dc04d176dcf72b61a931b89cdac,"{""attack"": {""attack_off"": true, ""overrides"": [""--disable_attack""]}, ""deviations"": [""GRB_LICENSE_FILE unset (run_instance.sh sets ~/gurobi.lic; no license on this machine, gurobipy size-limited pip license)"", ""attack-off (user decision D20): --disable_attack""], ""mapping"": ""default"", ""official"": ""vnncomp_scripts/run_instance.sh defaults (no per-family config)"", ""variant"": ""default""}","[""GRB_LICENSE_FILE unset (run_instance.sh sets ~/gurobi.lic; no license on this machine, gurobipy size-limited pip license)"", ""attack-off (user decision D20): --disable_attack"", ""float32 default NeuralSAT dtype; stable interpreter; no precision override""]",,,49.0,13757.0,default_attack_off_f32,"[""neuralsat"",""data/vnncomp2026/cora_2024/1.0/onnx/svhn-set.onnx"",""data/vnncomp2026/cora_2024/1.0/vnnlib/svhn-img572.vnnlib"",30.0,""default_attack_off_f32""]",
cora_2024,99,svhn-point.onnx,svhn-img598.vnnlib,error,,ERROR,0,30.0,,7.281,0,7.366388149559498,0,0,,,not a FALSIFIED row,0,scratch/logs/fse2026/neuralsat/cora_2024/00099_65c071f55fd44021699d_h5m9hfhy.log,c5097698a32a6dc04d176dcf72b61a931b89cdac,"{""attack"": {""attack_off"": true, ""overrides"": [""--disable_attack""]}, ""deviations"": [""GRB_LICENSE_FILE unset (run_instance.sh sets ~/gurobi.lic; no license on this machine, gurobipy size-limited pip license)"", ""attack-off (user decision D20): --disable_attack""], ""mapping"": ""default"", ""official"": ""vnncomp_scripts/run_instance.sh defaults (no per-family config)"", ""variant"": ""default""}","[""GRB_LICENSE_FILE unset (run_instance.sh sets ~/gurobi.lic; no license on this machine, gurobipy size-limited pip license)"", ""attack-off (user decision D20): --disable_attack"", ""float32 default NeuralSAT dtype; stable interpreter; no precision override""]",unsupported_op,[!] Found unsupported layer: <class 'helper.network.onnx2pytorch.operations.base.OperatorWrapper'>,0.0,13757.0,default_attack_off_f32,"[""neuralsat"",""data/vnncomp2026/cora_2024/1.0/onnx/svhn-point.onnx"",""data/vnncomp2026/cora_2024/1.0/vnnlib/svhn-img598.vnnlib"",30.0,""default_attack_off_f32""]",
cora_2024,100,svhn-trades.onnx,svhn-img598.vnnlib,error,,ERROR,0,30.0,,7.088,0,7.177350208163261,0,0,,,not a FALSIFIED row,0,scratch/logs/fse2026/neuralsat/cora_2024/00100_dacd96e1b4c2e90b0067_80dlc40v.log,c5097698a32a6dc04d176dcf72b61a931b89cdac,"{""attack"": {""attack_off"": true, ""overrides"": [""--disable_attack""]}, ""deviations"": [""GRB_LICENSE_FILE unset (run_instance.sh sets ~/gurobi.lic; no license on this machine, gurobipy size-limited pip license)"", ""attack-off (user decision D20): --disable_attack""], ""mapping"": ""default"", ""official"": ""vnncomp_scripts/run_instance.sh defaults (no per-family config)"", ""variant"": ""default""}","[""GRB_LICENSE_FILE unset (run_instance.sh sets ~/gurobi.lic; no license on this machine, gurobipy size-limited pip license)"", ""attack-off (user decision D20): --disable_attack"", ""float32 default NeuralSAT dtype; stable interpreter; no precision override""]",unsupported_op,[!] Found unsupported layer: <class 'helper.network.onnx2pytorch.operations.base.OperatorWrapper'>,2.0,13757.0,default_attack_off_f32,"[""neuralsat"",""data/vnncomp2026/cora_2024/1.0/onnx/svhn-trades.onnx"",""data/vnncomp2026/cora_2024/1.0/vnnlib/svhn-img598.vnnlib"",30.0,""default_attack_off_f32""]",
cora_2024,101,svhn-set.onnx,svhn-img598.vnnlib,timeout,30.6288,TIMEOUT,0,30.0,30.6288,33.213,0,33.32863235287368,1,0,,,not a FALSIFIED row,0,scratch/logs/fse2026/neuralsat/cora_2024/00101_616d08cf477323f3de48_6c2xwktc.log,c5097698a32a6dc04d176dcf72b61a931b89cdac,"{""attack"": {""attack_off"": true, ""overrides"": [""--disable_attack""]}, ""deviations"": [""GRB_LICENSE_FILE unset (run_instance.sh sets ~/gurobi.lic; no license on this machine, gurobipy size-limited pip license)"", ""attack-off (user decision D20): --disable_attack""], ""mapping"": ""default"", ""official"": ""vnncomp_scripts/run_instance.sh defaults (no per-family config)"", ""variant"": ""default""}","[""GRB_LICENSE_FILE unset (run_instance.sh sets ~/gurobi.lic; no license on this machine, gurobipy size-limited pip license)"", ""attack-off (user decision D20): --disable_attack"", ""float32 default NeuralSAT dtype; stable interpreter; no precision override""]",,,0.0,13757.0,default_attack_off_f32,"[""neuralsat"",""data/vnncomp2026/cora_2024/1.0/onnx/svhn-set.onnx"",""data/vnncomp2026/cora_2024/1.0/vnnlib/svhn-img598.vnnlib"",30.0,""default_attack_off_f32""]",
cora_2024,102,svhn-point.onnx,svhn-img645.vnnlib,error,,ERROR,0,30.0,,7.842,0,7.934176480397582,0,0,,,not a FALSIFIED row,0,scratch/logs/fse2026/neuralsat/cora_2024/00102_1424b0dce8360eadd07a_5jxt47yb.log,c5097698a32a6dc04d176dcf72b61a931b89cdac,"{""attack"": {""attack_off"": true, ""overrides"": [""--disable_attack""]}, ""deviations"": [""GRB_LICENSE_FILE unset (run_instance.sh sets ~/gurobi.lic; no license on this machine, gurobipy size-limited pip license)"", ""attack-off (user decision D20): --disable_attack""], ""mapping"": ""default"", ""official"": ""vnncomp_scripts/run_instance.sh defaults (no per-family config)"", ""variant"": ""default""}","[""GRB_LICENSE_FILE unset (run_instance.sh sets ~/gurobi.lic; no license on this machine, gurobipy size-limited pip license)"", ""attack-off (user decision D20): --disable_attack"", ""float32 default NeuralSAT dtype; stable interpreter; no precision override""]",unsupported_op,[!] Found unsupported layer: <class 'helper.network.onnx2pytorch.operations.base.OperatorWrapper'>,0.0,13757.0,default_attack_off_f32,"[""neuralsat"",""data/vnncomp2026/cora_2024/1.0/onnx/svhn-point.onnx"",""data/vnncomp2026/cora_2024/1.0/vnnlib/svhn-img645.vnnlib"",30.0,""default_attack_off_f32""]",
cora_2024,103,svhn-trades.onnx,svhn-img645.vnnlib,error,,ERROR,0,30.0,,7.383,0,7.471215255558491,0,0,,,not a FALSIFIED row,0,scratch/logs/fse2026/neuralsat/cora_2024/00103_203e777c8cf44d679678_9fp0je6i.log,c5097698a32a6dc04d176dcf72b61a931b89cdac,"{""attack"": {""attack_off"": true, ""overrides"": [""--disable_attack""]}, ""deviations"": [""GRB_LICENSE_FILE unset (run_instance.sh sets ~/gurobi.lic; no license on this machine, gurobipy size-limited pip license)"", ""attack-off (user decision D20): --disable_attack""], ""mapping"": ""default"", ""official"": ""vnncomp_scripts/run_instance.sh defaults (no per-family config)"", ""variant"": ""default""}","[""GRB_LICENSE_FILE unset (run_instance.sh sets ~/gurobi.lic; no license on this machine, gurobipy size-limited pip license)"", ""attack-off (user decision D20): --disable_attack"", ""float32 default NeuralSAT dtype; stable interpreter; no precision override""]",unsupported_op,[!] Found unsupported layer: <class 'helper.network.onnx2pytorch.operations.base.OperatorWrapper'>,0.0,13757.0,default_attack_off_f32,"[""neuralsat"",""data/vnncomp2026/cora_2024/1.0/onnx/svhn-trades.onnx"",""data/vnncomp2026/cora_2024/1.0/vnnlib/svhn-img645.vnnlib"",30.0,""default_attack_off_f32""]",
cora_2024,104,svhn-set.onnx,svhn-img645.vnnlib,timeout,30.8592,TIMEOUT,0,30.0,30.8592,33.398,0,33.47924097254872,1,0,,,not a FALSIFIED row,0,scratch/logs/fse2026/neuralsat/cora_2024/00104_1ed044506bbd01f112fe_6t5olc_w.log,c5097698a32a6dc04d176dcf72b61a931b89cdac,"{""attack"": {""attack_off"": true, ""overrides"": [""--disable_attack""]}, ""deviations"": [""GRB_LICENSE_FILE unset (run_instance.sh sets ~/gurobi.lic; no license on this machine, gurobipy size-limited pip license)"", ""attack-off (user decision D20): --disable_attack""], ""mapping"": ""default"", ""official"": ""vnncomp_scripts/run_instance.sh defaults (no per-family config)"", ""variant"": ""default""}","[""GRB_LICENSE_FILE unset (run_instance.sh sets ~/gurobi.lic; no license on this machine, gurobipy size-limited pip license)"", ""attack-off (user decision D20): --disable_attack"", ""float32 default NeuralSAT dtype; stable interpreter; no precision override""]",,,0.0,13757.0,default_attack_off_f32,"[""neuralsat"",""data/vnncomp2026/cora_2024/1.0/onnx/svhn-set.onnx"",""data/vnncomp2026/cora_2024/1.0/vnnlib/svhn-img645.vnnlib"",30.0,""default_attack_off_f32""]",
cora_2024,105,svhn-point.onnx,svhn-img710.vnnlib,error,,ERROR,0,30.0,,7.03,0,7.113244861364365,0,0,,,not a FALSIFIED row,0,scratch/logs/fse2026/neuralsat/cora_2024/00105_24922ecf696508c6b244_gss414g2.log,c5097698a32a6dc04d176dcf72b61a931b89cdac,"{""attack"": {""attack_off"": true, ""overrides"": [""--disable_attack""]}, ""deviations"": [""GRB_LICENSE_FILE unset (run_instance.sh sets ~/gurobi.lic; no license on this machine, gurobipy size-limited pip license)"", ""attack-off (user decision D20): --disable_attack""], ""mapping"": ""default"", ""official"": ""vnncomp_scripts/run_instance.sh defaults (no per-family config)"", ""variant"": ""default""}","[""GRB_LICENSE_FILE unset (run_instance.sh sets ~/gurobi.lic; no license on this machine, gurobipy size-limited pip license)"", ""attack-off (user decision D20): --disable_attack"", ""float32 default NeuralSAT dtype; stable interpreter; no precision override""]",unsupported_op,[!] Found unsupported layer: <class 'helper.network.onnx2pytorch.operations.base.OperatorWrapper'>,0.0,13757.0,default_attack_off_f32,"[""neuralsat"",""data/vnncomp2026/cora_2024/1.0/onnx/svhn-point.onnx"",""data/vnncomp2026/cora_2024/1.0/vnnlib/svhn-img710.vnnlib"",30.0,""default_attack_off_f32""]",
cora_2024,106,svhn-trades.onnx,svhn-img710.vnnlib,error,,ERROR,0,30.0,,7.03,0,7.108673565089703,0,0,,,not a FALSIFIED row,0,scratch/logs/fse2026/neuralsat/cora_2024/00106_78d97544df3230418271_trzpkesr.log,c5097698a32a6dc04d176dcf72b61a931b89cdac,"{""attack"": {""attack_off"": true, ""overrides"": [""--disable_attack""]}, ""deviations"": [""GRB_LICENSE_FILE unset (run_instance.sh sets ~/gurobi.lic; no license on this machine, gurobipy size-limited pip license)"", ""attack-off (user decision D20): --disable_attack""], ""mapping"": ""default"", ""official"": ""vnncomp_scripts/run_instance.sh defaults (no per-family config)"", ""variant"": ""default""}","[""GRB_LICENSE_FILE unset (run_instance.sh sets ~/gurobi.lic; no license on this machine, gurobipy size-limited pip license)"", ""attack-off (user decision D20): --disable_attack"", ""float32 default NeuralSAT dtype; stable interpreter; no precision override""]",unsupported_op,[!] Found unsupported layer: <class 'helper.network.onnx2pytorch.operations.base.OperatorWrapper'>,50.0,13757.0,default_attack_off_f32,"[""neuralsat"",""data/vnncomp2026/cora_2024/1.0/onnx/svhn-trades.onnx"",""data/vnncomp2026/cora_2024/1.0/vnnlib/svhn-img710.vnnlib"",30.0,""default_attack_off_f32""]",
cora_2024,107,svhn-set.onnx,svhn-img710.vnnlib,timeout,30.63,TIMEOUT,0,30.0,30.63,33.095,0,33.16556699201465,1,0,,,not a FALSIFIED row,0,scratch/logs/fse2026/neuralsat/cora_2024/00107_9c32ba157686c165b1b5_ovjfohcb.log,c5097698a32a6dc04d176dcf72b61a931b89cdac,"{""attack"": {""attack_off"": true, ""overrides"": [""--disable_attack""]}, ""deviations"": [""GRB_LICENSE_FILE unset (run_instance.sh sets ~/gurobi.lic; no license on this machine, gurobipy size-limited pip license)"", ""attack-off (user decision D20): --disable_attack""], ""mapping"": ""default"", ""official"": ""vnncomp_scripts/run_instance.sh defaults (no per-family config)"", ""variant"": ""default""}","[""GRB_LICENSE_FILE unset (run_instance.sh sets ~/gurobi.lic; no license on this machine, gurobipy size-limited pip license)"", ""attack-off (user decision D20): --disable_attack"", ""float32 default NeuralSAT dtype; stable interpreter; no precision override""]",,,40.0,13757.0,default_attack_off_f32,"[""neuralsat"",""data/vnncomp2026/cora_2024/1.0/onnx/svhn-set.onnx"",""data/vnncomp2026/cora_2024/1.0/vnnlib/svhn-img710.vnnlib"",30.0,""default_attack_off_f32""]",
cora_2024,108,svhn-point.onnx,svhn-img726.vnnlib,error,,ERROR,0,30.0,,7.079,0,7.176398664712906,0,0,,,not a FALSIFIED row,0,scratch/logs/fse2026/neuralsat/cora_2024/00108_59e79fe76002bd5e12b4_c5no1fs3.log,c5097698a32a6dc04d176dcf72b61a931b89cdac,"{""attack"": {""attack_off"": true, ""overrides"": [""--disable_attack""]}, ""deviations"": [""GRB_LICENSE_FILE unset (run_instance.sh sets ~/gurobi.lic; no license on this machine, gurobipy size-limited pip license)"", ""attack-off (user decision D20): --disable_attack""], ""mapping"": ""default"", ""official"": ""vnncomp_scripts/run_instance.sh defaults (no per-family config)"", ""variant"": ""default""}","[""GRB_LICENSE_FILE unset (run_instance.sh sets ~/gurobi.lic; no license on this machine, gurobipy size-limited pip license)"", ""attack-off (user decision D20): --disable_attack"", ""float32 default NeuralSAT dtype; stable interpreter; no precision override""]",unsupported_op,[!] Found unsupported layer: <class 'helper.network.onnx2pytorch.operations.base.OperatorWrapper'>,2.0,13757.0,default_attack_off_f32,"[""neuralsat"",""data/vnncomp2026/cora_2024/1.0/onnx/svhn-point.onnx"",""data/vnncomp2026/cora_2024/1.0/vnnlib/svhn-img726.vnnlib"",30.0,""default_attack_off_f32""]",
cora_2024,109,svhn-trades.onnx,svhn-img726.vnnlib,error,,ERROR,0,30.0,,7.232,0,7.311939099803567,0,0,,,not a FALSIFIED row,0,scratch/logs/fse2026/neuralsat/cora_2024/00109_c45514270a62e506fc6b_vlx8qnya.log,c5097698a32a6dc04d176dcf72b61a931b89cdac,"{""attack"": {""attack_off"": true, ""overrides"": [""--disable_attack""]}, ""deviations"": [""GRB_LICENSE_FILE unset (run_instance.sh sets ~/gurobi.lic; no license on this machine, gurobipy size-limited pip license)"", ""attack-off (user decision D20): --disable_attack""], ""mapping"": ""default"", ""official"": ""vnncomp_scripts/run_instance.sh defaults (no per-family config)"", ""variant"": ""default""}","[""GRB_LICENSE_FILE unset (run_instance.sh sets ~/gurobi.lic; no license on this machine, gurobipy size-limited pip license)"", ""attack-off (user decision D20): --disable_attack"", ""float32 default NeuralSAT dtype; stable interpreter; no precision override""]",unsupported_op,[!] Found unsupported layer: <class 'helper.network.onnx2pytorch.operations.base.OperatorWrapper'>,0.0,13757.0,default_attack_off_f32,"[""neuralsat"",""data/vnncomp2026/cora_2024/1.0/onnx/svhn-trades.onnx"",""data/vnncomp2026/cora_2024/1.0/vnnlib/svhn-img726.vnnlib"",30.0,""default_attack_off_f32""]",
cora_2024,110,svhn-set.onnx,svhn-img726.vnnlib,timeout,31.2166,TIMEOUT,0,30.0,31.2166,33.803,0,33.895088370889425,1,0,,,not a FALSIFIED row,0,scratch/logs/fse2026/neuralsat/cora_2024/00110_ab76bc60ed753459796c_22o6_qwg.log,c5097698a32a6dc04d176dcf72b61a931b89cdac,"{""attack"": {""attack_off"": true, ""overrides"": [""--disable_attack""]}, ""deviations"": [""GRB_LICENSE_FILE unset (run_instance.sh sets ~/gurobi.lic; no license on this machine, gurobipy size-limited pip license)"", ""attack-off (user decision D20): --disable_attack""], ""mapping"": ""default"", ""official"": ""vnncomp_scripts/run_instance.sh defaults (no per-family config)"", ""variant"": ""default""}","[""GRB_LICENSE_FILE unset (run_instance.sh sets ~/gurobi.lic; no license on this machine, gurobipy size-limited pip license)"", ""attack-off (user decision D20): --disable_attack"", ""float32 default NeuralSAT dtype; stable interpreter; no precision override""]",,,44.0,13757.0,default_attack_off_f32,"[""neuralsat"",""data/vnncomp2026/cora_2024/1.0/onnx/svhn-set.onnx"",""data/vnncomp2026/cora_2024/1.0/vnnlib/svhn-img726.vnnlib"",30.0,""default_attack_off_f32""]",
cora_2024,111,svhn-point.onnx,svhn-img761.vnnlib,error,,ERROR,0,30.0,,7.532,0,7.617706872522831,0,0,,,not a FALSIFIED row,0,scratch/logs/fse2026/neuralsat/cora_2024/00111_0f729883f5c491b24351_lotgo16q.log,c5097698a32a6dc04d176dcf72b61a931b89cdac,"{""attack"": {""attack_off"": true, ""overrides"": [""--disable_attack""]}, ""deviations"": [""GRB_LICENSE_FILE unset (run_instance.sh sets ~/gurobi.lic; no license on this machine, gurobipy size-limited pip license)"", ""attack-off (user decision D20): --disable_attack""], ""mapping"": ""default"", ""official"": ""vnncomp_scripts/run_instance.sh defaults (no per-family config)"", ""variant"": ""default""}","[""GRB_LICENSE_FILE unset (run_instance.sh sets ~/gurobi.lic; no license on this machine, gurobipy size-limited pip license)"", ""attack-off (user decision D20): --disable_attack"", ""float32 default NeuralSAT dtype; stable interpreter; no precision override""]",unsupported_op,[!] Found unsupported layer: <class 'helper.network.onnx2pytorch.operations.base.OperatorWrapper'>,0.0,13757.0,default_attack_off_f32,"[""neuralsat"",""data/vnncomp2026/cora_2024/1.0/onnx/svhn-point.onnx"",""data/vnncomp2026/cora_2024/1.0/vnnlib/svhn-img761.vnnlib"",30.0,""default_attack_off_f32""]",
cora_2024,112,svhn-trades.onnx,svhn-img761.vnnlib,error,,ERROR,0,30.0,,7.09,0,7.215594802051783,0,0,,,not a FALSIFIED row,0,scratch/logs/fse2026/neuralsat/cora_2024/00112_92a8db327f8b469e15db_4g3531ty.log,c5097698a32a6dc04d176dcf72b61a931b89cdac,"{""attack"": {""attack_off"": true, ""overrides"": [""--disable_attack""]}, ""deviations"": [""GRB_LICENSE_FILE unset (run_instance.sh sets ~/gurobi.lic; no license on this machine, gurobipy size-limited pip license)"", ""attack-off (user decision D20): --disable_attack""], ""mapping"": ""default"", ""official"": ""vnncomp_scripts/run_instance.sh defaults (no per-family config)"", ""variant"": ""default""}","[""GRB_LICENSE_FILE unset (run_instance.sh sets ~/gurobi.lic; no license on this machine, gurobipy size-limited pip license)"", ""attack-off (user decision D20): --disable_attack"", ""float32 default NeuralSAT dtype; stable interpreter; no precision override""]",unsupported_op,[!] Found unsupported layer: <class 'helper.network.onnx2pytorch.operations.base.OperatorWrapper'>,0.0,13757.0,default_attack_off_f32,"[""neuralsat"",""data/vnncomp2026/cora_2024/1.0/onnx/svhn-trades.onnx"",""data/vnncomp2026/cora_2024/1.0/vnnlib/svhn-img761.vnnlib"",30.0,""default_attack_off_f32""]",
cora_2024,113,svhn-set.onnx,svhn-img761.vnnlib,timeout,31.1715,TIMEOUT,0,30.0,31.1715,33.642,0,33.740864200517535,1,0,,,not a FALSIFIED row,0,scratch/logs/fse2026/neuralsat/cora_2024/00113_4770e311297fabdecfd1_dh95w5qu.log,c5097698a32a6dc04d176dcf72b61a931b89cdac,"{""attack"": {""attack_off"": true, ""overrides"": [""--disable_attack""]}, ""deviations"": [""GRB_LICENSE_FILE unset (run_instance.sh sets ~/gurobi.lic; no license on this machine, gurobipy size-limited pip license)"", ""attack-off (user decision D20): --disable_attack""], ""mapping"": ""default"", ""official"": ""vnncomp_scripts/run_instance.sh defaults (no per-family config)"", ""variant"": ""default""}","[""GRB_LICENSE_FILE unset (run_instance.sh sets ~/gurobi.lic; no license on this machine, gurobipy size-limited pip license)"", ""attack-off (user decision D20): --disable_attack"", ""float32 default NeuralSAT dtype; stable interpreter; no precision override""]",,,0.0,13757.0,default_attack_off_f32,"[""neuralsat"",""data/vnncomp2026/cora_2024/1.0/onnx/svhn-set.onnx"",""data/vnncomp2026/cora_2024/1.0/vnnlib/svhn-img761.vnnlib"",30.0,""default_attack_off_f32""]",
cora_2024,114,svhn-point.onnx,svhn-img969.vnnlib,error,,ERROR,0,30.0,,7.9,0,8.009950326755643,0,0,,,not a FALSIFIED row,0,scratch/logs/fse2026/neuralsat/cora_2024/00114_3c53af5111e207033593_47pmii6l.log,c5097698a32a6dc04d176dcf72b61a931b89cdac,"{""attack"": {""attack_off"": true, ""overrides"": [""--disable_attack""]}, ""deviations"": [""GRB_LICENSE_FILE unset (run_instance.sh sets ~/gurobi.lic; no license on this machine, gurobipy size-limited pip license)"", ""attack-off (user decision D20): --disable_attack""], ""mapping"": ""default"", ""official"": ""vnncomp_scripts/run_instance.sh defaults (no per-family config)"", ""variant"": ""default""}","[""GRB_LICENSE_FILE unset (run_instance.sh sets ~/gurobi.lic; no license on this machine, gurobipy size-limited pip license)"", ""attack-off (user decision D20): --disable_attack"", ""float32 default NeuralSAT dtype; stable interpreter; no precision override""]",unsupported_op,[!] Found unsupported layer: <class 'helper.network.onnx2pytorch.operations.base.OperatorWrapper'>,0.0,13757.0,default_attack_off_f32,"[""neuralsat"",""data/vnncomp2026/cora_2024/1.0/onnx/svhn-point.onnx"",""data/vnncomp2026/cora_2024/1.0/vnnlib/svhn-img969.vnnlib"",30.0,""default_attack_off_f32""]",
cora_2024,115,svhn-trades.onnx,svhn-img969.vnnlib,error,,ERROR,0,30.0,,6.928,0,7.008065400645137,0,0,,,not a FALSIFIED row,0,scratch/logs/fse2026/neuralsat/cora_2024/00115_c114a681eeee96d24057__50bu7ta.log,c5097698a32a6dc04d176dcf72b61a931b89cdac,"{""attack"": {""attack_off"": true, ""overrides"": [""--disable_attack""]}, ""deviations"": [""GRB_LICENSE_FILE unset (run_instance.sh sets ~/gurobi.lic; no license on this machine, gurobipy size-limited pip license)"", ""attack-off (user decision D20): --disable_attack""], ""mapping"": ""default"", ""official"": ""vnncomp_scripts/run_instance.sh defaults (no per-family config)"", ""variant"": ""default""}","[""GRB_LICENSE_FILE unset (run_instance.sh sets ~/gurobi.lic; no license on this machine, gurobipy size-limited pip license)"", ""attack-off (user decision D20): --disable_attack"", ""float32 default NeuralSAT dtype; stable interpreter; no precision override""]",unsupported_op,[!] Found unsupported layer: <class 'helper.network.onnx2pytorch.operations.base.OperatorWrapper'>,0.0,13757.0,default_attack_off_f32,"[""neuralsat"",""data/vnncomp2026/cora_2024/1.0/onnx/svhn-trades.onnx"",""data/vnncomp2026/cora_2024/1.0/vnnlib/svhn-img969.vnnlib"",30.0,""default_attack_off_f32""]",
cora_2024,116,svhn-set.onnx,svhn-img969.vnnlib,timeout,30.6456,TIMEOUT,0,30.0,30.6456,33.255,0,33.329505674541,1,0,,,not a FALSIFIED row,0,scratch/logs/fse2026/neuralsat/cora_2024/00116_df93ca97bd5bb16034a2_n2ny3waf.log,c5097698a32a6dc04d176dcf72b61a931b89cdac,"{""attack"": {""attack_off"": true, ""overrides"": [""--disable_attack""]}, ""deviations"": [""GRB_LICENSE_FILE unset (run_instance.sh sets ~/gurobi.lic; no license on this machine, gurobipy size-limited pip license)"", ""attack-off (user decision D20): --disable_attack""], ""mapping"": ""default"", ""official"": ""vnncomp_scripts/run_instance.sh defaults (no per-family config)"", ""variant"": ""default""}","[""GRB_LICENSE_FILE unset (run_instance.sh sets ~/gurobi.lic; no license on this machine, gurobipy size-limited pip license)"", ""attack-off (user decision D20): --disable_attack"", ""float32 default NeuralSAT dtype; stable interpreter; no precision override""]",,,0.0,13757.0,default_attack_off_f32,"[""neuralsat"",""data/vnncomp2026/cora_2024/1.0/onnx/svhn-set.onnx"",""data/vnncomp2026/cora_2024/1.0/vnnlib/svhn-img969.vnnlib"",30.0,""default_attack_off_f32""]",
cora_2024,117,svhn-point.onnx,svhn-img1111.vnnlib,error,,ERROR,0,30.0,,6.981,0,7.071777114644647,0,0,,,not a FALSIFIED row,0,scratch/logs/fse2026/neuralsat/cora_2024/00117_5387cc950d1f0f129a13_rm49qzb7.log,c5097698a32a6dc04d176dcf72b61a931b89cdac,"{""attack"": {""attack_off"": true, ""overrides"": [""--disable_attack""]}, ""deviations"": [""GRB_LICENSE_FILE unset (run_instance.sh sets ~/gurobi.lic; no license on this machine, gurobipy size-limited pip license)"", ""attack-off (user decision D20): --disable_attack""], ""mapping"": ""default"", ""official"": ""vnncomp_scripts/run_instance.sh defaults (no per-family config)"", ""variant"": ""default""}","[""GRB_LICENSE_FILE unset (run_instance.sh sets ~/gurobi.lic; no license on this machine, gurobipy size-limited pip license)"", ""attack-off (user decision D20): --disable_attack"", ""float32 default NeuralSAT dtype; stable interpreter; no precision override""]",unsupported_op,[!] Found unsupported layer: <class 'helper.network.onnx2pytorch.operations.base.OperatorWrapper'>,0.0,13757.0,default_attack_off_f32,"[""neuralsat"",""data/vnncomp2026/cora_2024/1.0/onnx/svhn-point.onnx"",""data/vnncomp2026/cora_2024/1.0/vnnlib/svhn-img1111.vnnlib"",30.0,""default_attack_off_f32""]",
cora_2024,118,svhn-trades.onnx,svhn-img1111.vnnlib,error,,ERROR,0,30.0,,6.983,0,7.055943358689547,0,0,,,not a FALSIFIED row,0,scratch/logs/fse2026/neuralsat/cora_2024/00118_2b72775e4a2e8aafa887_fleqs2zs.log,c5097698a32a6dc04d176dcf72b61a931b89cdac,"{""attack"": {""attack_off"": true, ""overrides"": [""--disable_attack""]}, ""deviations"": [""GRB_LICENSE_FILE unset (run_instance.sh sets ~/gurobi.lic; no license on this machine, gurobipy size-limited pip license)"", ""attack-off (user decision D20): --disable_attack""], ""mapping"": ""default"", ""official"": ""vnncomp_scripts/run_instance.sh defaults (no per-family config)"", ""variant"": ""default""}","[""GRB_LICENSE_FILE unset (run_instance.sh sets ~/gurobi.lic; no license on this machine, gurobipy size-limited pip license)"", ""attack-off (user decision D20): --disable_attack"", ""float32 default NeuralSAT dtype; stable interpreter; no precision override""]",unsupported_op,[!] Found unsupported layer: <class 'helper.network.onnx2pytorch.operations.base.OperatorWrapper'>,44.0,13757.0,default_attack_off_f32,"[""neuralsat"",""data/vnncomp2026/cora_2024/1.0/onnx/svhn-trades.onnx"",""data/vnncomp2026/cora_2024/1.0/vnnlib/svhn-img1111.vnnlib"",30.0,""default_attack_off_f32""]",
cora_2024,119,svhn-set.onnx,svhn-img1111.vnnlib,timeout,30.8888,TIMEOUT,0,30.0,30.8888,33.447,0,33.52724239230156,1,0,,,not a FALSIFIED row,0,scratch/logs/fse2026/neuralsat/cora_2024/00119_0d5fc48a7112dd0565f5_7kyhy1t4.log,c5097698a32a6dc04d176dcf72b61a931b89cdac,"{""attack"": {""attack_off"": true, ""overrides"": [""--disable_attack""]}, ""deviations"": [""GRB_LICENSE_FILE unset (run_instance.sh sets ~/gurobi.lic; no license on this machine, gurobipy size-limited pip license)"", ""attack-off (user decision D20): --disable_attack""], ""mapping"": ""default"", ""official"": ""vnncomp_scripts/run_instance.sh defaults (no per-family config)"", ""variant"": ""default""}","[""GRB_LICENSE_FILE unset (run_instance.sh sets ~/gurobi.lic; no license on this machine, gurobipy size-limited pip license)"", ""attack-off (user decision D20): --disable_attack"", ""float32 default NeuralSAT dtype; stable interpreter; no precision override""]",,,0.0,13757.0,default_attack_off_f32,"[""neuralsat"",""data/vnncomp2026/cora_2024/1.0/onnx/svhn-set.onnx"",""data/vnncomp2026/cora_2024/1.0/vnnlib/svhn-img1111.vnnlib"",30.0,""default_attack_off_f32""]",
cora_2024,120,cifar10-point.onnx,cifar10-img47.vnnlib,timeout,30.7572,TIMEOUT,0,30.0,30.7572,33.211,0,33.336084086447954,1,0,,,not a FALSIFIED row,0,scratch/logs/fse2026/neuralsat/cora_2024/00120_ebed6905560593984f8f_48xwwboz.log,c5097698a32a6dc04d176dcf72b61a931b89cdac,"{""attack"": {""attack_off"": true, ""overrides"": [""--disable_attack""]}, ""deviations"": [""GRB_LICENSE_FILE unset (run_instance.sh sets ~/gurobi.lic; no license on this machine, gurobipy size-limited pip license)"", ""attack-off (user decision D20): --disable_attack""], ""mapping"": ""default"", ""official"": ""vnncomp_scripts/run_instance.sh defaults (no per-family config)"", ""variant"": ""default""}","[""GRB_LICENSE_FILE unset (run_instance.sh sets ~/gurobi.lic; no license on this machine, gurobipy size-limited pip license)"", ""attack-off (user decision D20): --disable_attack"", ""float32 default NeuralSAT dtype; stable interpreter; no precision override""]",,,0.0,13757.0,default_attack_off_f32,"[""neuralsat"",""data/vnncomp2026/cora_2024/1.0/onnx/cifar10-point.onnx"",""data/vnncomp2026/cora_2024/1.0/vnnlib/cifar10-img47.vnnlib"",30.0,""default_attack_off_f32""]",
cora_2024,121,cifar10-trades.onnx,cifar10-img47.vnnlib,timeout,30.8441,TIMEOUT,0,30.0,30.8441,33.343,0,33.43018829636276,1,0,,,not a FALSIFIED row,0,scratch/logs/fse2026/neuralsat/cora_2024/00121_e3a334872b861ec46d6f_o13tnauu.log,c5097698a32a6dc04d176dcf72b61a931b89cdac,"{""attack"": {""attack_off"": true, ""overrides"": [""--disable_attack""]}, ""deviations"": [""GRB_LICENSE_FILE unset (run_instance.sh sets ~/gurobi.lic; no license on this machine, gurobipy size-limited pip license)"", ""attack-off (user decision D20): --disable_attack""], ""mapping"": ""default"", ""official"": ""vnncomp_scripts/run_instance.sh defaults (no per-family config)"", ""variant"": ""default""}","[""GRB_LICENSE_FILE unset (run_instance.sh sets ~/gurobi.lic; no license on this machine, gurobipy size-limited pip license)"", ""attack-off (user decision D20): --disable_attack"", ""float32 default NeuralSAT dtype; stable interpreter; no precision override""]",,,0.0,13757.0,default_attack_off_f32,"[""neuralsat"",""data/vnncomp2026/cora_2024/1.0/onnx/cifar10-trades.onnx"",""data/vnncomp2026/cora_2024/1.0/vnnlib/cifar10-img47.vnnlib"",30.0,""default_attack_off_f32""]",
cora_2024,122,cifar10-set.onnx,cifar10-img47.vnnlib,timeout,31.0929,TIMEOUT,0,30.0,31.0929,33.46,0,33.53263598866761,1,0,,,not a FALSIFIED row,0,scratch/logs/fse2026/neuralsat/cora_2024/00122_c5819470678f1be168f5_ctu_6y0s.log,c5097698a32a6dc04d176dcf72b61a931b89cdac,"{""attack"": {""attack_off"": true, ""overrides"": [""--disable_attack""]}, ""deviations"": [""GRB_LICENSE_FILE unset (run_instance.sh sets ~/gurobi.lic; no license on this machine, gurobipy size-limited pip license)"", ""attack-off (user decision D20): --disable_attack""], ""mapping"": ""default"", ""official"": ""vnncomp_scripts/run_instance.sh defaults (no per-family config)"", ""variant"": ""default""}","[""GRB_LICENSE_FILE unset (run_instance.sh sets ~/gurobi.lic; no license on this machine, gurobipy size-limited pip license)"", ""attack-off (user decision D20): --disable_attack"", ""float32 default NeuralSAT dtype; stable interpreter; no precision override""]",,,0.0,13757.0,default_attack_off_f32,"[""neuralsat"",""data/vnncomp2026/cora_2024/1.0/onnx/cifar10-set.onnx"",""data/vnncomp2026/cora_2024/1.0/vnnlib/cifar10-img47.vnnlib"",30.0,""default_attack_off_f32""]",
cora_2024,123,cifar10-point.onnx,cifar10-img61.vnnlib,timeout,30.9368,TIMEOUT,0,30.0,30.9368,33.694,0,33.78232643567026,1,0,,,not a FALSIFIED row,0,scratch/logs/fse2026/neuralsat/cora_2024/00123_351d03123eeef3d42d2a_wo15u0ql.log,c5097698a32a6dc04d176dcf72b61a931b89cdac,"{""attack"": {""attack_off"": true, ""overrides"": [""--disable_attack""]}, ""deviations"": [""GRB_LICENSE_FILE unset (run_instance.sh sets ~/gurobi.lic; no license on this machine, gurobipy size-limited pip license)"", ""attack-off (user decision D20): --disable_attack""], ""mapping"": ""default"", ""official"": ""vnncomp_scripts/run_instance.sh defaults (no per-family config)"", ""variant"": ""default""}","[""GRB_LICENSE_FILE unset (run_instance.sh sets ~/gurobi.lic; no license on this machine, gurobipy size-limited pip license)"", ""attack-off (user decision D20): --disable_attack"", ""float32 default NeuralSAT dtype; stable interpreter; no precision override""]",,,2.0,13757.0,default_attack_off_f32,"[""neuralsat"",""data/vnncomp2026/cora_2024/1.0/onnx/cifar10-point.onnx"",""data/vnncomp2026/cora_2024/1.0/vnnlib/cifar10-img61.vnnlib"",30.0,""default_attack_off_f32""]",
cora_2024,124,cifar10-trades.onnx,cifar10-img61.vnnlib,timeout,31.0322,TIMEOUT,0,30.0,31.0322,33.696,0,33.76912711933255,1,0,,,not a FALSIFIED row,0,scratch/logs/fse2026/neuralsat/cora_2024/00124_7aad003cee5fed01bb26_uu3edg1f.log,c5097698a32a6dc04d176dcf72b61a931b89cdac,"{""attack"": {""attack_off"": true, ""overrides"": [""--disable_attack""]}, ""deviations"": [""GRB_LICENSE_FILE unset (run_instance.sh sets ~/gurobi.lic; no license on this machine, gurobipy size-limited pip license)"", ""attack-off (user decision D20): --disable_attack""], ""mapping"": ""default"", ""official"": ""vnncomp_scripts/run_instance.sh defaults (no per-family config)"", ""variant"": ""default""}","[""GRB_LICENSE_FILE unset (run_instance.sh sets ~/gurobi.lic; no license on this machine, gurobipy size-limited pip license)"", ""attack-off (user decision D20): --disable_attack"", ""float32 default NeuralSAT dtype; stable interpreter; no precision override""]",,,0.0,13757.0,default_attack_off_f32,"[""neuralsat"",""data/vnncomp2026/cora_2024/1.0/onnx/cifar10-trades.onnx"",""data/vnncomp2026/cora_2024/1.0/vnnlib/cifar10-img61.vnnlib"",30.0,""default_attack_off_f32""]",
cora_2024,125,cifar10-set.onnx,cifar10-img61.vnnlib,timeout,30.5496,TIMEOUT,0,30.0,30.5496,32.923,0,33.01106541976333,1,0,,,not a FALSIFIED row,0,scratch/logs/fse2026/neuralsat/cora_2024/00125_bc7b34755580cb1d87dc_pnwjrz6a.log,c5097698a32a6dc04d176dcf72b61a931b89cdac,"{""attack"": {""attack_off"": true, ""overrides"": [""--disable_attack""]}, ""deviations"": [""GRB_LICENSE_FILE unset (run_instance.sh sets ~/gurobi.lic; no license on this machine, gurobipy size-limited pip license)"", ""attack-off (user decision D20): --disable_attack""], ""mapping"": ""default"", ""official"": ""vnncomp_scripts/run_instance.sh defaults (no per-family config)"", ""variant"": ""default""}","[""GRB_LICENSE_FILE unset (run_instance.sh sets ~/gurobi.lic; no license on this machine, gurobipy size-limited pip license)"", ""attack-off (user decision D20): --disable_attack"", ""float32 default NeuralSAT dtype; stable interpreter; no precision override""]",,,0.0,13757.0,default_attack_off_f32,"[""neuralsat"",""data/vnncomp2026/cora_2024/1.0/onnx/cifar10-set.onnx"",""data/vnncomp2026/cora_2024/1.0/vnnlib/cifar10-img61.vnnlib"",30.0,""default_attack_off_f32""]",
cora_2024,126,cifar10-point.onnx,cifar10-img78.vnnlib,timeout,30.3899,TIMEOUT,0,30.0,30.3899,32.972,0,33.05644113011658,1,0,,,not a FALSIFIED row,0,scratch/logs/fse2026/neuralsat/cora_2024/00126_3793ca5922c9d3fdf06e_zq4jpyzb.log,c5097698a32a6dc04d176dcf72b61a931b89cdac,"{""attack"": {""attack_off"": true, ""overrides"": [""--disable_attack""]}, ""deviations"": [""GRB_LICENSE_FILE unset (run_instance.sh sets ~/gurobi.lic; no license on this machine, gurobipy size-limited pip license)"", ""attack-off (user decision D20): --disable_attack""], ""mapping"": ""default"", ""official"": ""vnncomp_scripts/run_instance.sh defaults (no per-family config)"", ""variant"": ""default""}","[""GRB_LICENSE_FILE unset (run_instance.sh sets ~/gurobi.lic; no license on this machine, gurobipy size-limited pip license)"", ""attack-off (user decision D20): --disable_attack"", ""float32 default NeuralSAT dtype; stable interpreter; no precision override""]",,,0.0,13757.0,default_attack_off_f32,"[""neuralsat"",""data/vnncomp2026/cora_2024/1.0/onnx/cifar10-point.onnx"",""data/vnncomp2026/cora_2024/1.0/vnnlib/cifar10-img78.vnnlib"",30.0,""default_attack_off_f32""]",
cora_2024,127,cifar10-trades.onnx,cifar10-img78.vnnlib,timeout,30.6733,TIMEOUT,0,30.0,30.6733,33.234,0,33.3068963997066,1,0,,,not a FALSIFIED row,0,scratch/logs/fse2026/neuralsat/cora_2024/00127_d39f08d589dd53b40805_555xysq4.log,c5097698a32a6dc04d176dcf72b61a931b89cdac,"{""attack"": {""attack_off"": true, ""overrides"": [""--disable_attack""]}, ""deviations"": [""GRB_LICENSE_FILE unset (run_instance.sh sets ~/gurobi.lic; no license on this machine, gurobipy size-limited pip license)"", ""attack-off (user decision D20): --disable_attack""], ""mapping"": ""default"", ""official"": ""vnncomp_scripts/run_instance.sh defaults (no per-family config)"", ""variant"": ""default""}","[""GRB_LICENSE_FILE unset (run_instance.sh sets ~/gurobi.lic; no license on this machine, gurobipy size-limited pip license)"", ""attack-off (user decision D20): --disable_attack"", ""float32 default NeuralSAT dtype; stable interpreter; no precision override""]",,,0.0,13757.0,default_attack_off_f32,"[""neuralsat"",""data/vnncomp2026/cora_2024/1.0/onnx/cifar10-trades.onnx"",""data/vnncomp2026/cora_2024/1.0/vnnlib/cifar10-img78.vnnlib"",30.0,""default_attack_off_f32""]",
cora_2024,128,cifar10-set.onnx,cifar10-img78.vnnlib,timeout,30.3973,TIMEOUT,0,30.0,30.3973,32.521,0,32.605895053595304,1,0,,,not a FALSIFIED row,0,scratch/logs/fse2026/neuralsat/cora_2024/00128_509dbae4d892791eca67_t8azaotk.log,c5097698a32a6dc04d176dcf72b61a931b89cdac,"{""attack"": {""attack_off"": true, ""overrides"": [""--disable_attack""]}, ""deviations"": [""GRB_LICENSE_FILE unset (run_instance.sh sets ~/gurobi.lic; no license on this machine, gurobipy size-limited pip license)"", ""attack-off (user decision D20): --disable_attack""], ""mapping"": ""default"", ""official"": ""vnncomp_scripts/run_instance.sh defaults (no per-family config)"", ""variant"": ""default""}","[""GRB_LICENSE_FILE unset (run_instance.sh sets ~/gurobi.lic; no license on this machine, gurobipy size-limited pip license)"", ""attack-off (user decision D20): --disable_attack"", ""float32 default NeuralSAT dtype; stable interpreter; no precision override""]",,,0.0,13757.0,default_attack_off_f32,"[""neuralsat"",""data/vnncomp2026/cora_2024/1.0/onnx/cifar10-set.onnx"",""data/vnncomp2026/cora_2024/1.0/vnnlib/cifar10-img78.vnnlib"",30.0,""default_attack_off_f32""]",
cora_2024,129,cifar10-point.onnx,cifar10-img141.vnnlib,timeout,30.9023,TIMEOUT,0,30.0,30.9023,33.521,0,33.608662988990545,1,0,,,not a FALSIFIED row,0,scratch/logs/fse2026/neuralsat/cora_2024/00129_381e2d89baa30911dac6_1xtqgy_u.log,c5097698a32a6dc04d176dcf72b61a931b89cdac,"{""attack"": {""attack_off"": true, ""overrides"": [""--disable_attack""]}, ""deviations"": [""GRB_LICENSE_FILE unset (run_instance.sh sets ~/gurobi.lic; no license on this machine, gurobipy size-limited pip license)"", ""attack-off (user decision D20): --disable_attack""], ""mapping"": ""default"", ""official"": ""vnncomp_scripts/run_instance.sh defaults (no per-family config)"", ""variant"": ""default""}","[""GRB_LICENSE_FILE unset (run_instance.sh sets ~/gurobi.lic; no license on this machine, gurobipy size-limited pip license)"", ""attack-off (user decision D20): --disable_attack"", ""float32 default NeuralSAT dtype; stable interpreter; no precision override""]",,,0.0,13757.0,default_attack_off_f32,"[""neuralsat"",""data/vnncomp2026/cora_2024/1.0/onnx/cifar10-point.onnx"",""data/vnncomp2026/cora_2024/1.0/vnnlib/cifar10-img141.vnnlib"",30.0,""default_attack_off_f32""]",
cora_2024,130,cifar10-trades.onnx,cifar10-img141.vnnlib,timeout,30.8351,TIMEOUT,0,30.0,30.8351,33.372,0,33.45760950446129,1,0,,,not a FALSIFIED row,0,scratch/logs/fse2026/neuralsat/cora_2024/00130_b7481bcce4b64ff20296_ji3xepev.log,c5097698a32a6dc04d176dcf72b61a931b89cdac,"{""attack"": {""attack_off"": true, ""overrides"": [""--disable_attack""]}, ""deviations"": [""GRB_LICENSE_FILE unset (run_instance.sh sets ~/gurobi.lic; no license on this machine, gurobipy size-limited pip license)"", ""attack-off (user decision D20): --disable_attack""], ""mapping"": ""default"", ""official"": ""vnncomp_scripts/run_instance.sh defaults (no per-family config)"", ""variant"": ""default""}","[""GRB_LICENSE_FILE unset (run_instance.sh sets ~/gurobi.lic; no license on this machine, gurobipy size-limited pip license)"", ""attack-off (user decision D20): --disable_attack"", ""float32 default NeuralSAT dtype; stable interpreter; no precision override""]",,,0.0,13757.0,default_attack_off_f32,"[""neuralsat"",""data/vnncomp2026/cora_2024/1.0/onnx/cifar10-trades.onnx"",""data/vnncomp2026/cora_2024/1.0/vnnlib/cifar10-img141.vnnlib"",30.0,""default_attack_off_f32""]",
cora_2024,131,cifar10-set.onnx,cifar10-img141.vnnlib,unsat,7.6235,CERTIFIED,1,30.0,7.6235,9.48,0,9.562384800985456,0,0,,,not a FALSIFIED row,0,scratch/logs/fse2026/neuralsat/cora_2024/00131_3325a4ddf5112e079e31_i9a8h5_j.log,c5097698a32a6dc04d176dcf72b61a931b89cdac,"{""attack"": {""attack_off"": true, ""overrides"": [""--disable_attack""]}, ""deviations"": [""GRB_LICENSE_FILE unset (run_instance.sh sets ~/gurobi.lic; no license on this machine, gurobipy size-limited pip license)"", ""attack-off (user decision D20): --disable_attack""], ""mapping"": ""default"", ""official"": ""vnncomp_scripts/run_instance.sh defaults (no per-family config)"", ""variant"": ""default""}","[""GRB_LICENSE_FILE unset (run_instance.sh sets ~/gurobi.lic; no license on this machine, gurobipy size-limited pip license)"", ""attack-off (user decision D20): --disable_attack"", ""float32 default NeuralSAT dtype; stable interpreter; no precision override""]",,,0.0,13757.0,default_attack_off_f32,"[""neuralsat"",""data/vnncomp2026/cora_2024/1.0/onnx/cifar10-set.onnx"",""data/vnncomp2026/cora_2024/1.0/vnnlib/cifar10-img141.vnnlib"",30.0,""default_attack_off_f32""]",
cora_2024,132,cifar10-point.onnx,cifar10-img168.vnnlib,timeout,30.5727,TIMEOUT,0,30.0,30.5727,33.123,0,33.208990670740604,1,0,,,not a FALSIFIED row,0,scratch/logs/fse2026/neuralsat/cora_2024/00132_dcb7006255e9b4b8a470_hlymsnbx.log,c5097698a32a6dc04d176dcf72b61a931b89cdac,"{""attack"": {""attack_off"": true, ""overrides"": [""--disable_attack""]}, ""deviations"": [""GRB_LICENSE_FILE unset (run_instance.sh sets ~/gurobi.lic; no license on this machine, gurobipy size-limited pip license)"", ""attack-off (user decision D20): --disable_attack""], ""mapping"": ""default"", ""official"": ""vnncomp_scripts/run_instance.sh defaults (no per-family config)"", ""variant"": ""default""}","[""GRB_LICENSE_FILE unset (run_instance.sh sets ~/gurobi.lic; no license on this machine, gurobipy size-limited pip license)"", ""attack-off (user decision D20): --disable_attack"", ""float32 default NeuralSAT dtype; stable interpreter; no precision override""]",,,13.0,13757.0,default_attack_off_f32,"[""neuralsat"",""data/vnncomp2026/cora_2024/1.0/onnx/cifar10-point.onnx"",""data/vnncomp2026/cora_2024/1.0/vnnlib/cifar10-img168.vnnlib"",30.0,""default_attack_off_f32""]",
cora_2024,133,cifar10-trades.onnx,cifar10-img168.vnnlib,timeout,30.8264,TIMEOUT,0,30.0,30.8264,33.423,0,33.50265994295478,1,0,,,not a FALSIFIED row,0,scratch/logs/fse2026/neuralsat/cora_2024/00133_b302832b3d3a68a25f91_gxey62dp.log,c5097698a32a6dc04d176dcf72b61a931b89cdac,"{""attack"": {""attack_off"": true, ""overrides"": [""--disable_attack""]}, ""deviations"": [""GRB_LICENSE_FILE unset (run_instance.sh sets ~/gurobi.lic; no license on this machine, gurobipy size-limited pip license)"", ""attack-off (user decision D20): --disable_attack""], ""mapping"": ""default"", ""official"": ""vnncomp_scripts/run_instance.sh defaults (no per-family config)"", ""variant"": ""default""}","[""GRB_LICENSE_FILE unset (run_instance.sh sets ~/gurobi.lic; no license on this machine, gurobipy size-limited pip license)"", ""attack-off (user decision D20): --disable_attack"", ""float32 default NeuralSAT dtype; stable interpreter; no precision override""]",,,0.0,13757.0,default_attack_off_f32,"[""neuralsat"",""data/vnncomp2026/cora_2024/1.0/onnx/cifar10-trades.onnx"",""data/vnncomp2026/cora_2024/1.0/vnnlib/cifar10-img168.vnnlib"",30.0,""default_attack_off_f32""]",
cora_2024,134,cifar10-set.onnx,cifar10-img168.vnnlib,unsat,9.3716,CERTIFIED,1,30.0,9.3716,11.284,0,11.367637619376183,0,0,,,not a FALSIFIED row,0,scratch/logs/fse2026/neuralsat/cora_2024/00134_6f3045dc313c1737aae7_r4khpxib.log,c5097698a32a6dc04d176dcf72b61a931b89cdac,"{""attack"": {""attack_off"": true, ""overrides"": [""--disable_attack""]}, ""deviations"": [""GRB_LICENSE_FILE unset (run_instance.sh sets ~/gurobi.lic; no license on this machine, gurobipy size-limited pip license)"", ""attack-off (user decision D20): --disable_attack""], ""mapping"": ""default"", ""official"": ""vnncomp_scripts/run_instance.sh defaults (no per-family config)"", ""variant"": ""default""}","[""GRB_LICENSE_FILE unset (run_instance.sh sets ~/gurobi.lic; no license on this machine, gurobipy size-limited pip license)"", ""attack-off (user decision D20): --disable_attack"", ""float32 default NeuralSAT dtype; stable interpreter; no precision override""]",,,0.0,13757.0,default_attack_off_f32,"[""neuralsat"",""data/vnncomp2026/cora_2024/1.0/onnx/cifar10-set.onnx"",""data/vnncomp2026/cora_2024/1.0/vnnlib/cifar10-img168.vnnlib"",30.0,""default_attack_off_f32""]",
cora_2024,135,cifar10-point.onnx,cifar10-img172.vnnlib,timeout,30.8821,TIMEOUT,0,30.0,30.8821,33.424,0,33.50502592138946,1,0,,,not a FALSIFIED row,0,scratch/logs/fse2026/neuralsat/cora_2024/00135_be4eb83a7a4c1370df85_pki5mfeh.log,c5097698a32a6dc04d176dcf72b61a931b89cdac,"{""attack"": {""attack_off"": true, ""overrides"": [""--disable_attack""]}, ""deviations"": [""GRB_LICENSE_FILE unset (run_instance.sh sets ~/gurobi.lic; no license on this machine, gurobipy size-limited pip license)"", ""attack-off (user decision D20): --disable_attack""], ""mapping"": ""default"", ""official"": ""vnncomp_scripts/run_instance.sh defaults (no per-family config)"", ""variant"": ""default""}","[""GRB_LICENSE_FILE unset (run_instance.sh sets ~/gurobi.lic; no license on this machine, gurobipy size-limited pip license)"", ""attack-off (user decision D20): --disable_attack"", ""float32 default NeuralSAT dtype; stable interpreter; no precision override""]",,,15.0,13757.0,default_attack_off_f32,"[""neuralsat"",""data/vnncomp2026/cora_2024/1.0/onnx/cifar10-point.onnx"",""data/vnncomp2026/cora_2024/1.0/vnnlib/cifar10-img172.vnnlib"",30.0,""default_attack_off_f32""]",
cora_2024,136,cifar10-trades.onnx,cifar10-img172.vnnlib,timeout,30.9064,TIMEOUT,0,30.0,30.9064,33.474,0,33.556134486570954,1,0,,,not a FALSIFIED row,0,scratch/logs/fse2026/neuralsat/cora_2024/00136_79a043b5ff6ace88abef_j0g6zxwa.log,c5097698a32a6dc04d176dcf72b61a931b89cdac,"{""attack"": {""attack_off"": true, ""overrides"": [""--disable_attack""]}, ""deviations"": [""GRB_LICENSE_FILE unset (run_instance.sh sets ~/gurobi.lic; no license on this machine, gurobipy size-limited pip license)"", ""attack-off (user decision D20): --disable_attack""], ""mapping"": ""default"", ""official"": ""vnncomp_scripts/run_instance.sh defaults (no per-family config)"", ""variant"": ""default""}","[""GRB_LICENSE_FILE unset (run_instance.sh sets ~/gurobi.lic; no license on this machine, gurobipy size-limited pip license)"", ""attack-off (user decision D20): --disable_attack"", ""float32 default NeuralSAT dtype; stable interpreter; no precision override""]",,,0.0,13757.0,default_attack_off_f32,"[""neuralsat"",""data/vnncomp2026/cora_2024/1.0/onnx/cifar10-trades.onnx"",""data/vnncomp2026/cora_2024/1.0/vnnlib/cifar10-img172.vnnlib"",30.0,""default_attack_off_f32""]",
cora_2024,137,cifar10-set.onnx,cifar10-img172.vnnlib,timeout,30.757,TIMEOUT,0,30.0,30.757,33.023,0,33.10630920343101,1,0,,,not a FALSIFIED row,0,scratch/logs/fse2026/neuralsat/cora_2024/00137_8be42da4c653f9be935f_dql654j8.log,c5097698a32a6dc04d176dcf72b61a931b89cdac,"{""attack"": {""attack_off"": true, ""overrides"": [""--disable_attack""]}, ""deviations"": [""GRB_LICENSE_FILE unset (run_instance.sh sets ~/gurobi.lic; no license on this machine, gurobipy size-limited pip license)"", ""attack-off (user decision D20): --disable_attack""], ""mapping"": ""default"", ""official"": ""vnncomp_scripts/run_instance.sh defaults (no per-family config)"", ""variant"": ""default""}","[""GRB_LICENSE_FILE unset (run_instance.sh sets ~/gurobi.lic; no license on this machine, gurobipy size-limited pip license)"", ""attack-off (user decision D20): --disable_attack"", ""float32 default NeuralSAT dtype; stable interpreter; no precision override""]",,,0.0,11536.0,default_attack_off_f32,"[""neuralsat"",""data/vnncomp2026/cora_2024/1.0/onnx/cifar10-set.onnx"",""data/vnncomp2026/cora_2024/1.0/vnnlib/cifar10-img172.vnnlib"",30.0,""default_attack_off_f32""]",
cora_2024,138,cifar10-point.onnx,cifar10-img183.vnnlib,timeout,30.5716,TIMEOUT,0,30.0,30.5716,33.074,0,33.15524123609066,1,0,,,not a FALSIFIED row,0,scratch/logs/fse2026/neuralsat/cora_2024/00138_186c1617e9e882595867_rc14vpi3.log,c5097698a32a6dc04d176dcf72b61a931b89cdac,"{""attack"": {""attack_off"": true, ""overrides"": [""--disable_attack""]}, ""deviations"": [""GRB_LICENSE_FILE unset (run_instance.sh sets ~/gurobi.lic; no license on this machine, gurobipy size-limited pip license)"", ""attack-off (user decision D20): --disable_attack""], ""mapping"": ""default"", ""official"": ""vnncomp_scripts/run_instance.sh defaults (no per-family config)"", ""variant"": ""default""}","[""GRB_LICENSE_FILE unset (run_instance.sh sets ~/gurobi.lic; no license on this machine, gurobipy size-limited pip license)"", ""attack-off (user decision D20): --disable_attack"", ""float32 default NeuralSAT dtype; stable interpreter; no precision override""]",,,0.0,11536.0,default_attack_off_f32,"[""neuralsat"",""data/vnncomp2026/cora_2024/1.0/onnx/cifar10-point.onnx"",""data/vnncomp2026/cora_2024/1.0/vnnlib/cifar10-img183.vnnlib"",30.0,""default_attack_off_f32""]",
cora_2024,139,cifar10-trades.onnx,cifar10-img183.vnnlib,timeout,30.8972,TIMEOUT,0,30.0,30.8972,33.424,0,33.50638059526682,1,0,,,not a FALSIFIED row,0,scratch/logs/fse2026/neuralsat/cora_2024/00139_e8935222c64976609264_plzirw_t.log,c5097698a32a6dc04d176dcf72b61a931b89cdac,"{""attack"": {""attack_off"": true, ""overrides"": [""--disable_attack""]}, ""deviations"": [""GRB_LICENSE_FILE unset (run_instance.sh sets ~/gurobi.lic; no license on this machine, gurobipy size-limited pip license)"", ""attack-off (user decision D20): --disable_attack""], ""mapping"": ""default"", ""official"": ""vnncomp_scripts/run_instance.sh defaults (no per-family config)"", ""variant"": ""default""}","[""GRB_LICENSE_FILE unset (run_instance.sh sets ~/gurobi.lic; no license on this machine, gurobipy size-limited pip license)"", ""attack-off (user decision D20): --disable_attack"", ""float32 default NeuralSAT dtype; stable interpreter; no precision override""]",,,0.0,11536.0,default_attack_off_f32,"[""neuralsat"",""data/vnncomp2026/cora_2024/1.0/onnx/cifar10-trades.onnx"",""data/vnncomp2026/cora_2024/1.0/vnnlib/cifar10-img183.vnnlib"",30.0,""default_attack_off_f32""]",
cora_2024,140,cifar10-set.onnx,cifar10-img183.vnnlib,timeout,30.8282,TIMEOUT,0,30.0,30.8282,33.069,0,33.15455561503768,1,0,,,not a FALSIFIED row,0,scratch/logs/fse2026/neuralsat/cora_2024/00140_a08c636c402d69ea70c5_pfgtqiwd.log,c5097698a32a6dc04d176dcf72b61a931b89cdac,"{""attack"": {""attack_off"": true, ""overrides"": [""--disable_attack""]}, ""deviations"": [""GRB_LICENSE_FILE unset (run_instance.sh sets ~/gurobi.lic; no license on this machine, gurobipy size-limited pip license)"", ""attack-off (user decision D20): --disable_attack""], ""mapping"": ""default"", ""official"": ""vnncomp_scripts/run_instance.sh defaults (no per-family config)"", ""variant"": ""default""}","[""GRB_LICENSE_FILE unset (run_instance.sh sets ~/gurobi.lic; no license on this machine, gurobipy size-limited pip license)"", ""attack-off (user decision D20): --disable_attack"", ""float32 default NeuralSAT dtype; stable interpreter; no precision override""]",,,0.0,11536.0,default_attack_off_f32,"[""neuralsat"",""data/vnncomp2026/cora_2024/1.0/onnx/cifar10-set.onnx"",""data/vnncomp2026/cora_2024/1.0/vnnlib/cifar10-img183.vnnlib"",30.0,""default_attack_off_f32""]",
cora_2024,141,cifar10-point.onnx,cifar10-img197.vnnlib,timeout,30.704,TIMEOUT,0,30.0,30.704,33.222,0,33.30870063230395,1,0,,,not a FALSIFIED row,0,scratch/logs/fse2026/neuralsat/cora_2024/00141_fb26b32dc7d9e914301d_l89jmykc.log,c5097698a32a6dc04d176dcf72b61a931b89cdac,"{""attack"": {""attack_off"": true, ""overrides"": [""--disable_attack""]}, ""deviations"": [""GRB_LICENSE_FILE unset (run_instance.sh sets ~/gurobi.lic; no license on this machine, gurobipy size-limited pip license)"", ""attack-off (user decision D20): --disable_attack""], ""mapping"": ""default"", ""official"": ""vnncomp_scripts/run_instance.sh defaults (no per-family config)"", ""variant"": ""default""}","[""GRB_LICENSE_FILE unset (run_instance.sh sets ~/gurobi.lic; no license on this machine, gurobipy size-limited pip license)"", ""attack-off (user decision D20): --disable_attack"", ""float32 default NeuralSAT dtype; stable interpreter; no precision override""]",,,2.0,11536.0,default_attack_off_f32,"[""neuralsat"",""data/vnncomp2026/cora_2024/1.0/onnx/cifar10-point.onnx"",""data/vnncomp2026/cora_2024/1.0/vnnlib/cifar10-img197.vnnlib"",30.0,""default_attack_off_f32""]",
cora_2024,142,cifar10-trades.onnx,cifar10-img197.vnnlib,timeout,30.7016,TIMEOUT,0,30.0,30.7016,33.221,0,33.30563553981483,1,0,,,not a FALSIFIED row,0,scratch/logs/fse2026/neuralsat/cora_2024/00142_315059c38994c87535e5_2xhna9ao.log,c5097698a32a6dc04d176dcf72b61a931b89cdac,"{""attack"": {""attack_off"": true, ""overrides"": [""--disable_attack""]}, ""deviations"": [""GRB_LICENSE_FILE unset (run_instance.sh sets ~/gurobi.lic; no license on this machine, gurobipy size-limited pip license)"", ""attack-off (user decision D20): --disable_attack""], ""mapping"": ""default"", ""official"": ""vnncomp_scripts/run_instance.sh defaults (no per-family config)"", ""variant"": ""default""}","[""GRB_LICENSE_FILE unset (run_instance.sh sets ~/gurobi.lic; no license on this machine, gurobipy size-limited pip license)"", ""attack-off (user decision D20): --disable_attack"", ""float32 default NeuralSAT dtype; stable interpreter; no precision override""]",,,0.0,11536.0,default_attack_off_f32,"[""neuralsat"",""data/vnncomp2026/cora_2024/1.0/onnx/cifar10-trades.onnx"",""data/vnncomp2026/cora_2024/1.0/vnnlib/cifar10-img197.vnnlib"",30.0,""default_attack_off_f32""]",
cora_2024,143,cifar10-set.onnx,cifar10-img197.vnnlib,timeout,30.6215,TIMEOUT,0,30.0,30.6215,32.819,0,32.90506090223789,1,0,,,not a FALSIFIED row,0,scratch/logs/fse2026/neuralsat/cora_2024/00143_c75e8830e763bbc59a5c_gwzgoq8i.log,c5097698a32a6dc04d176dcf72b61a931b89cdac,"{""attack"": {""attack_off"": true, ""overrides"": [""--disable_attack""]}, ""deviations"": [""GRB_LICENSE_FILE unset (run_instance.sh sets ~/gurobi.lic; no license on this machine, gurobipy size-limited pip license)"", ""attack-off (user decision D20): --disable_attack""], ""mapping"": ""default"", ""official"": ""vnncomp_scripts/run_instance.sh defaults (no per-family config)"", ""variant"": ""default""}","[""GRB_LICENSE_FILE unset (run_instance.sh sets ~/gurobi.lic; no license on this machine, gurobipy size-limited pip license)"", ""attack-off (user decision D20): --disable_attack"", ""float32 default NeuralSAT dtype; stable interpreter; no precision override""]",,,0.0,11536.0,default_attack_off_f32,"[""neuralsat"",""data/vnncomp2026/cora_2024/1.0/onnx/cifar10-set.onnx"",""data/vnncomp2026/cora_2024/1.0/vnnlib/cifar10-img197.vnnlib"",30.0,""default_attack_off_f32""]",
cora_2024,144,cifar10-point.onnx,cifar10-img215.vnnlib,timeout,30.94,TIMEOUT,0,30.0,30.94,33.572,0,33.65790453925729,1,0,,,not a FALSIFIED row,0,scratch/logs/fse2026/neuralsat/cora_2024/00144_d50732451fac5f754376_bcqolja4.log,c5097698a32a6dc04d176dcf72b61a931b89cdac,"{""attack"": {""attack_off"": true, ""overrides"": [""--disable_attack""]}, ""deviations"": [""GRB_LICENSE_FILE unset (run_instance.sh sets ~/gurobi.lic; no license on this machine, gurobipy size-limited pip license)"", ""attack-off (user decision D20): --disable_attack""], ""mapping"": ""default"", ""official"": ""vnncomp_scripts/run_instance.sh defaults (no per-family config)"", ""variant"": ""default""}","[""GRB_LICENSE_FILE unset (run_instance.sh sets ~/gurobi.lic; no license on this machine, gurobipy size-limited pip license)"", ""attack-off (user decision D20): --disable_attack"", ""float32 default NeuralSAT dtype; stable interpreter; no precision override""]",,,0.0,11536.0,default_attack_off_f32,"[""neuralsat"",""data/vnncomp2026/cora_2024/1.0/onnx/cifar10-point.onnx"",""data/vnncomp2026/cora_2024/1.0/vnnlib/cifar10-img215.vnnlib"",30.0,""default_attack_off_f32""]",
cora_2024,145,cifar10-trades.onnx,cifar10-img215.vnnlib,timeout,30.3299,TIMEOUT,0,30.0,30.3299,32.788,0,32.86765477620065,1,0,,,not a FALSIFIED row,0,scratch/logs/fse2026/neuralsat/cora_2024/00145_f1ad128bf3050c4c37d2_qg42er2m.log,c5097698a32a6dc04d176dcf72b61a931b89cdac,"{""attack"": {""attack_off"": true, ""overrides"": [""--disable_attack""]}, ""deviations"": [""GRB_LICENSE_FILE unset (run_instance.sh sets ~/gurobi.lic; no license on this machine, gurobipy size-limited pip license)"", ""attack-off (user decision D20): --disable_attack""], ""mapping"": ""default"", ""official"": ""vnncomp_scripts/run_instance.sh defaults (no per-family config)"", ""variant"": ""default""}","[""GRB_LICENSE_FILE unset (run_instance.sh sets ~/gurobi.lic; no license on this machine, gurobipy size-limited pip license)"", ""attack-off (user decision D20): --disable_attack"", ""float32 default NeuralSAT dtype; stable interpreter; no precision override""]",,,0.0,11536.0,default_attack_off_f32,"[""neuralsat"",""data/vnncomp2026/cora_2024/1.0/onnx/cifar10-trades.onnx"",""data/vnncomp2026/cora_2024/1.0/vnnlib/cifar10-img215.vnnlib"",30.0,""default_attack_off_f32""]",
cora_2024,146,cifar10-set.onnx,cifar10-img215.vnnlib,timeout,30.41,TIMEOUT,0,30.0,30.41,32.751,0,32.823965737596154,1,0,,,not a FALSIFIED row,0,scratch/logs/fse2026/neuralsat/cora_2024/00146_bcb67604c02f9ab490c9_plazoyo3.log,c5097698a32a6dc04d176dcf72b61a931b89cdac,"{""attack"": {""attack_off"": true, ""overrides"": [""--disable_attack""]}, ""deviations"": [""GRB_LICENSE_FILE unset (run_instance.sh sets ~/gurobi.lic; no license on this machine, gurobipy size-limited pip license)"", ""attack-off (user decision D20): --disable_attack""], ""mapping"": ""default"", ""official"": ""vnncomp_scripts/run_instance.sh defaults (no per-family config)"", ""variant"": ""default""}","[""GRB_LICENSE_FILE unset (run_instance.sh sets ~/gurobi.lic; no license on this machine, gurobipy size-limited pip license)"", ""attack-off (user decision D20): --disable_attack"", ""float32 default NeuralSAT dtype; stable interpreter; no precision override""]",,,2.0,13757.0,default_attack_off_f32,"[""neuralsat"",""data/vnncomp2026/cora_2024/1.0/onnx/cifar10-set.onnx"",""data/vnncomp2026/cora_2024/1.0/vnnlib/cifar10-img215.vnnlib"",30.0,""default_attack_off_f32""]",
cora_2024,147,cifar10-point.onnx,cifar10-img266.vnnlib,timeout,30.6849,TIMEOUT,0,30.0,30.6849,33.1,0,33.18225119635463,1,0,,,not a FALSIFIED row,0,scratch/logs/fse2026/neuralsat/cora_2024/00147_98cae5ccf5666f6a2b36_h67kqwn2.log,c5097698a32a6dc04d176dcf72b61a931b89cdac,"{""attack"": {""attack_off"": true, ""overrides"": [""--disable_attack""]}, ""deviations"": [""GRB_LICENSE_FILE unset (run_instance.sh sets ~/gurobi.lic; no license on this machine, gurobipy size-limited pip license)"", ""attack-off (user decision D20): --disable_attack""], ""mapping"": ""default"", ""official"": ""vnncomp_scripts/run_instance.sh defaults (no per-family config)"", ""variant"": ""default""}","[""GRB_LICENSE_FILE unset (run_instance.sh sets ~/gurobi.lic; no license on this machine, gurobipy size-limited pip license)"", ""attack-off (user decision D20): --disable_attack"", ""float32 default NeuralSAT dtype; stable interpreter; no precision override""]",,,1.0,13757.0,default_attack_off_f32,"[""neuralsat"",""data/vnncomp2026/cora_2024/1.0/onnx/cifar10-point.onnx"",""data/vnncomp2026/cora_2024/1.0/vnnlib/cifar10-img266.vnnlib"",30.0,""default_attack_off_f32""]",
cora_2024,148,cifar10-trades.onnx,cifar10-img266.vnnlib,timeout,30.5841,TIMEOUT,0,30.0,30.5841,33.007,0,33.08297566138208,1,0,,,not a FALSIFIED row,0,scratch/logs/fse2026/neuralsat/cora_2024/00148_2f4299e9d992e4d0d48b_s0kkvkqh.log,c5097698a32a6dc04d176dcf72b61a931b89cdac,"{""attack"": {""attack_off"": true, ""overrides"": [""--disable_attack""]}, ""deviations"": [""GRB_LICENSE_FILE unset (run_instance.sh sets ~/gurobi.lic; no license on this machine, gurobipy size-limited pip license)"", ""attack-off (user decision D20): --disable_attack""], ""mapping"": ""default"", ""official"": ""vnncomp_scripts/run_instance.sh defaults (no per-family config)"", ""variant"": ""default""}","[""GRB_LICENSE_FILE unset (run_instance.sh sets ~/gurobi.lic; no license on this machine, gurobipy size-limited pip license)"", ""attack-off (user decision D20): --disable_attack"", ""float32 default NeuralSAT dtype; stable interpreter; no precision override""]",,,0.0,13757.0,default_attack_off_f32,"[""neuralsat"",""data/vnncomp2026/cora_2024/1.0/onnx/cifar10-trades.onnx"",""data/vnncomp2026/cora_2024/1.0/vnnlib/cifar10-img266.vnnlib"",30.0,""default_attack_off_f32""]",
cora_2024,149,cifar10-set.onnx,cifar10-img266.vnnlib,timeout,30.4966,TIMEOUT,0,30.0,30.4966,32.695,0,32.780433900654316,1,0,,,not a FALSIFIED row,0,scratch/logs/fse2026/neuralsat/cora_2024/00149_393d4bfa5fdb7864ca95_ix3y2rh2.log,c5097698a32a6dc04d176dcf72b61a931b89cdac,"{""attack"": {""attack_off"": true, ""overrides"": [""--disable_attack""]}, ""deviations"": [""GRB_LICENSE_FILE unset (run_instance.sh sets ~/gurobi.lic; no license on this machine, gurobipy size-limited pip license)"", ""attack-off (user decision D20): --disable_attack""], ""mapping"": ""default"", ""official"": ""vnncomp_scripts/run_instance.sh defaults (no per-family config)"", ""variant"": ""default""}","[""GRB_LICENSE_FILE unset (run_instance.sh sets ~/gurobi.lic; no license on this machine, gurobipy size-limited pip license)"", ""attack-off (user decision D20): --disable_attack"", ""float32 default NeuralSAT dtype; stable interpreter; no precision override""]",,,0.0,13757.0,default_attack_off_f32,"[""neuralsat"",""data/vnncomp2026/cora_2024/1.0/onnx/cifar10-set.onnx"",""data/vnncomp2026/cora_2024/1.0/vnnlib/cifar10-img266.vnnlib"",30.0,""default_attack_off_f32""]",
cora_2024,150,cifar10-point.onnx,cifar10-img306.vnnlib,timeout,31.013,TIMEOUT,0,30.0,31.013,33.503,0,33.568094834685326,1,0,,,not a FALSIFIED row,0,scratch/logs/fse2026/neuralsat/cora_2024/00150_8d6b843c1556908a72bf_ic39qu8d.log,c5097698a32a6dc04d176dcf72b61a931b89cdac,"{""attack"": {""attack_off"": true, ""overrides"": [""--disable_attack""]}, ""deviations"": [""GRB_LICENSE_FILE unset (run_instance.sh sets ~/gurobi.lic; no license on this machine, gurobipy size-limited pip license)"", ""attack-off (user decision D20): --disable_attack""], ""mapping"": ""default"", ""official"": ""vnncomp_scripts/run_instance.sh defaults (no per-family config)"", ""variant"": ""default""}","[""GRB_LICENSE_FILE unset (run_instance.sh sets ~/gurobi.lic; no license on this machine, gurobipy size-limited pip license)"", ""attack-off (user decision D20): --disable_attack"", ""float32 default NeuralSAT dtype; stable interpreter; no precision override""]",,,0.0,13757.0,default_attack_off_f32,"[""neuralsat"",""data/vnncomp2026/cora_2024/1.0/onnx/cifar10-point.onnx"",""data/vnncomp2026/cora_2024/1.0/vnnlib/cifar10-img306.vnnlib"",30.0,""default_attack_off_f32""]",
cora_2024,151,cifar10-trades.onnx,cifar10-img306.vnnlib,timeout,30.5041,TIMEOUT,0,30.0,30.5041,33.025,0,33.102524207904935,1,0,,,not a FALSIFIED row,0,scratch/logs/fse2026/neuralsat/cora_2024/00151_b320ed98387bc8612379_eelj6opn.log,c5097698a32a6dc04d176dcf72b61a931b89cdac,"{""attack"": {""attack_off"": true, ""overrides"": [""--disable_attack""]}, ""deviations"": [""GRB_LICENSE_FILE unset (run_instance.sh sets ~/gurobi.lic; no license on this machine, gurobipy size-limited pip license)"", ""attack-off (user decision D20): --disable_attack""], ""mapping"": ""default"", ""official"": ""vnncomp_scripts/run_instance.sh defaults (no per-family config)"", ""variant"": ""default""}","[""GRB_LICENSE_FILE unset (run_instance.sh sets ~/gurobi.lic; no license on this machine, gurobipy size-limited pip license)"", ""attack-off (user decision D20): --disable_attack"", ""float32 default NeuralSAT dtype; stable interpreter; no precision override""]",,,0.0,13757.0,default_attack_off_f32,"[""neuralsat"",""data/vnncomp2026/cora_2024/1.0/onnx/cifar10-trades.onnx"",""data/vnncomp2026/cora_2024/1.0/vnnlib/cifar10-img306.vnnlib"",30.0,""default_attack_off_f32""]",
cora_2024,152,cifar10-set.onnx,cifar10-img306.vnnlib,unsat,0.9392,CERTIFIED,1,30.0,0.9392,2.735,0,2.84630785882473,0,0,,,not a FALSIFIED row,0,scratch/logs/fse2026/neuralsat/cora_2024/00152_0ccad06e2f7012b204cc_vd137rtu.log,c5097698a32a6dc04d176dcf72b61a931b89cdac,"{""attack"": {""attack_off"": true, ""overrides"": [""--disable_attack""]}, ""deviations"": [""GRB_LICENSE_FILE unset (run_instance.sh sets ~/gurobi.lic; no license on this machine, gurobipy size-limited pip license)"", ""attack-off (user decision D20): --disable_attack""], ""mapping"": ""default"", ""official"": ""vnncomp_scripts/run_instance.sh defaults (no per-family config)"", ""variant"": ""default""}","[""GRB_LICENSE_FILE unset (run_instance.sh sets ~/gurobi.lic; no license on this machine, gurobipy size-limited pip license)"", ""attack-off (user decision D20): --disable_attack"", ""float32 default NeuralSAT dtype; stable interpreter; no precision override""]",,,2.0,13757.0,default_attack_off_f32,"[""neuralsat"",""data/vnncomp2026/cora_2024/1.0/onnx/cifar10-set.onnx"",""data/vnncomp2026/cora_2024/1.0/vnnlib/cifar10-img306.vnnlib"",30.0,""default_attack_off_f32""]",
cora_2024,153,cifar10-point.onnx,cifar10-img314.vnnlib,timeout,30.3431,TIMEOUT,0,30.0,30.3431,32.787,0,32.87974405661225,1,0,,,not a FALSIFIED row,0,scratch/logs/fse2026/neuralsat/cora_2024/00153_f1a698a19d88e8aa1bbf_1_eij92l.log,c5097698a32a6dc04d176dcf72b61a931b89cdac,"{""attack"": {""attack_off"": true, ""overrides"": [""--disable_attack""]}, ""deviations"": [""GRB_LICENSE_FILE unset (run_instance.sh sets ~/gurobi.lic; no license on this machine, gurobipy size-limited pip license)"", ""attack-off (user decision D20): --disable_attack""], ""mapping"": ""default"", ""official"": ""vnncomp_scripts/run_instance.sh defaults (no per-family config)"", ""variant"": ""default""}","[""GRB_LICENSE_FILE unset (run_instance.sh sets ~/gurobi.lic; no license on this machine, gurobipy size-limited pip license)"", ""attack-off (user decision D20): --disable_attack"", ""float32 default NeuralSAT dtype; stable interpreter; no precision override""]",,,2.0,13757.0,default_attack_off_f32,"[""neuralsat"",""data/vnncomp2026/cora_2024/1.0/onnx/cifar10-point.onnx"",""data/vnncomp2026/cora_2024/1.0/vnnlib/cifar10-img314.vnnlib"",30.0,""default_attack_off_f32""]",
cora_2024,154,cifar10-trades.onnx,cifar10-img314.vnnlib,timeout,30.8671,TIMEOUT,0,30.0,30.8671,33.253,0,33.32270233519375,1,0,,,not a FALSIFIED row,0,scratch/logs/fse2026/neuralsat/cora_2024/00154_dadefb4c868046ae11f0_2n8tjy94.log,c5097698a32a6dc04d176dcf72b61a931b89cdac,"{""attack"": {""attack_off"": true, ""overrides"": [""--disable_attack""]}, ""deviations"": [""GRB_LICENSE_FILE unset (run_instance.sh sets ~/gurobi.lic; no license on this machine, gurobipy size-limited pip license)"", ""attack-off (user decision D20): --disable_attack""], ""mapping"": ""default"", ""official"": ""vnncomp_scripts/run_instance.sh defaults (no per-family config)"", ""variant"": ""default""}","[""GRB_LICENSE_FILE unset (run_instance.sh sets ~/gurobi.lic; no license on this machine, gurobipy size-limited pip license)"", ""attack-off (user decision D20): --disable_attack"", ""float32 default NeuralSAT dtype; stable interpreter; no precision override""]",,,0.0,13757.0,default_attack_off_f32,"[""neuralsat"",""data/vnncomp2026/cora_2024/1.0/onnx/cifar10-trades.onnx"",""data/vnncomp2026/cora_2024/1.0/vnnlib/cifar10-img314.vnnlib"",30.0,""default_attack_off_f32""]",
cora_2024,155,cifar10-set.onnx,cifar10-img314.vnnlib,timeout,30.7636,TIMEOUT,0,30.0,30.7636,33.086,0,33.188157906755805,1,0,,,not a FALSIFIED row,0,scratch/logs/fse2026/neuralsat/cora_2024/00155_7907acd1114cd160c2c9_l1jlqbpq.log,c5097698a32a6dc04d176dcf72b61a931b89cdac,"{""attack"": {""attack_off"": true, ""overrides"": [""--disable_attack""]}, ""deviations"": [""GRB_LICENSE_FILE unset (run_instance.sh sets ~/gurobi.lic; no license on this machine, gurobipy size-limited pip license)"", ""attack-off (user decision D20): --disable_attack""], ""mapping"": ""default"", ""official"": ""vnncomp_scripts/run_instance.sh defaults (no per-family config)"", ""variant"": ""default""}","[""GRB_LICENSE_FILE unset (run_instance.sh sets ~/gurobi.lic; no license on this machine, gurobipy size-limited pip license)"", ""attack-off (user decision D20): --disable_attack"", ""float32 default NeuralSAT dtype; stable interpreter; no precision override""]",,,2.0,13757.0,default_attack_off_f32,"[""neuralsat"",""data/vnncomp2026/cora_2024/1.0/onnx/cifar10-set.onnx"",""data/vnncomp2026/cora_2024/1.0/vnnlib/cifar10-img314.vnnlib"",30.0,""default_attack_off_f32""]",
cora_2024,156,cifar10-point.onnx,cifar10-img316.vnnlib,timeout,30.6545,TIMEOUT,0,30.0,30.6545,33.151,0,33.22205998189747,1,0,,,not a FALSIFIED row,0,scratch/logs/fse2026/neuralsat/cora_2024/00156_b4026f28b512e7cbd123_v_jlv2fl.log,c5097698a32a6dc04d176dcf72b61a931b89cdac,"{""attack"": {""attack_off"": true, ""overrides"": [""--disable_attack""]}, ""deviations"": [""GRB_LICENSE_FILE unset (run_instance.sh sets ~/gurobi.lic; no license on this machine, gurobipy size-limited pip license)"", ""attack-off (user decision D20): --disable_attack""], ""mapping"": ""default"", ""official"": ""vnncomp_scripts/run_instance.sh defaults (no per-family config)"", ""variant"": ""default""}","[""GRB_LICENSE_FILE unset (run_instance.sh sets ~/gurobi.lic; no license on this machine, gurobipy size-limited pip license)"", ""attack-off (user decision D20): --disable_attack"", ""float32 default NeuralSAT dtype; stable interpreter; no precision override""]",,,0.0,13757.0,default_attack_off_f32,"[""neuralsat"",""data/vnncomp2026/cora_2024/1.0/onnx/cifar10-point.onnx"",""data/vnncomp2026/cora_2024/1.0/vnnlib/cifar10-img316.vnnlib"",30.0,""default_attack_off_f32""]",
cora_2024,157,cifar10-trades.onnx,cifar10-img316.vnnlib,timeout,30.9561,TIMEOUT,0,30.0,30.9561,33.385,0,33.474755976349115,1,0,,,not a FALSIFIED row,0,scratch/logs/fse2026/neuralsat/cora_2024/00157_b91c57db4cb821786a17_kceihfv5.log,c5097698a32a6dc04d176dcf72b61a931b89cdac,"{""attack"": {""attack_off"": true, ""overrides"": [""--disable_attack""]}, ""deviations"": [""GRB_LICENSE_FILE unset (run_instance.sh sets ~/gurobi.lic; no license on this machine, gurobipy size-limited pip license)"", ""attack-off (user decision D20): --disable_attack""], ""mapping"": ""default"", ""official"": ""vnncomp_scripts/run_instance.sh defaults (no per-family config)"", ""variant"": ""default""}","[""GRB_LICENSE_FILE unset (run_instance.sh sets ~/gurobi.lic; no license on this machine, gurobipy size-limited pip license)"", ""attack-off (user decision D20): --disable_attack"", ""float32 default NeuralSAT dtype; stable interpreter; no precision override""]",,,0.0,13757.0,default_attack_off_f32,"[""neuralsat"",""data/vnncomp2026/cora_2024/1.0/onnx/cifar10-trades.onnx"",""data/vnncomp2026/cora_2024/1.0/vnnlib/cifar10-img316.vnnlib"",30.0,""default_attack_off_f32""]",
cora_2024,158,cifar10-set.onnx,cifar10-img316.vnnlib,unsat,1.16,CERTIFIED,1,30.0,1.16,2.969,0,3.0456494707614183,0,0,,,not a FALSIFIED row,0,scratch/logs/fse2026/neuralsat/cora_2024/00158_daa7d8f9130dfd48d868_bhv4fgst.log,c5097698a32a6dc04d176dcf72b61a931b89cdac,"{""attack"": {""attack_off"": true, ""overrides"": [""--disable_attack""]}, ""deviations"": [""GRB_LICENSE_FILE unset (run_instance.sh sets ~/gurobi.lic; no license on this machine, gurobipy size-limited pip license)"", ""attack-off (user decision D20): --disable_attack""], ""mapping"": ""default"", ""official"": ""vnncomp_scripts/run_instance.sh defaults (no per-family config)"", ""variant"": ""default""}","[""GRB_LICENSE_FILE unset (run_instance.sh sets ~/gurobi.lic; no license on this machine, gurobipy size-limited pip license)"", ""attack-off (user decision D20): --disable_attack"", ""float32 default NeuralSAT dtype; stable interpreter; no precision override""]",,,3.0,13757.0,default_attack_off_f32,"[""neuralsat"",""data/vnncomp2026/cora_2024/1.0/onnx/cifar10-set.onnx"",""data/vnncomp2026/cora_2024/1.0/vnnlib/cifar10-img316.vnnlib"",30.0,""default_attack_off_f32""]",
cora_2024,159,cifar10-point.onnx,cifar10-img320.vnnlib,timeout,30.8692,TIMEOUT,0,30.0,30.8692,33.539,0,33.614712573587894,1,0,,,not a FALSIFIED row,0,scratch/logs/fse2026/neuralsat/cora_2024/00159_36ecb183097a249d98ad_ro31kod6.log,c5097698a32a6dc04d176dcf72b61a931b89cdac,"{""attack"": {""attack_off"": true, ""overrides"": [""--disable_attack""]}, ""deviations"": [""GRB_LICENSE_FILE unset (run_instance.sh sets ~/gurobi.lic; no license on this machine, gurobipy size-limited pip license)"", ""attack-off (user decision D20): --disable_attack""], ""mapping"": ""default"", ""official"": ""vnncomp_scripts/run_instance.sh defaults (no per-family config)"", ""variant"": ""default""}","[""GRB_LICENSE_FILE unset (run_instance.sh sets ~/gurobi.lic; no license on this machine, gurobipy size-limited pip license)"", ""attack-off (user decision D20): --disable_attack"", ""float32 default NeuralSAT dtype; stable interpreter; no precision override""]",,,0.0,13757.0,default_attack_off_f32,"[""neuralsat"",""data/vnncomp2026/cora_2024/1.0/onnx/cifar10-point.onnx"",""data/vnncomp2026/cora_2024/1.0/vnnlib/cifar10-img320.vnnlib"",30.0,""default_attack_off_f32""]",
cora_2024,160,cifar10-trades.onnx,cifar10-img320.vnnlib,timeout,30.3884,TIMEOUT,0,30.0,30.3884,32.82,0,32.91982648335397,1,0,,,not a FALSIFIED row,0,scratch/logs/fse2026/neuralsat/cora_2024/00160_7fb7c11cf5faaa425a70_xooxuba7.log,c5097698a32a6dc04d176dcf72b61a931b89cdac,"{""attack"": {""attack_off"": true, ""overrides"": [""--disable_attack""]}, ""deviations"": [""GRB_LICENSE_FILE unset (run_instance.sh sets ~/gurobi.lic; no license on this machine, gurobipy size-limited pip license)"", ""attack-off (user decision D20): --disable_attack""], ""mapping"": ""default"", ""official"": ""vnncomp_scripts/run_instance.sh defaults (no per-family config)"", ""variant"": ""default""}","[""GRB_LICENSE_FILE unset (run_instance.sh sets ~/gurobi.lic; no license on this machine, gurobipy size-limited pip license)"", ""attack-off (user decision D20): --disable_attack"", ""float32 default NeuralSAT dtype; stable interpreter; no precision override""]",,,2.0,13757.0,default_attack_off_f32,"[""neuralsat"",""data/vnncomp2026/cora_2024/1.0/onnx/cifar10-trades.onnx"",""data/vnncomp2026/cora_2024/1.0/vnnlib/cifar10-img320.vnnlib"",30.0,""default_attack_off_f32""]",
cora_2024,161,cifar10-set.onnx,cifar10-img320.vnnlib,timeout,30.5634,TIMEOUT,0,30.0,30.5634,32.844,0,32.93473909795284,1,0,,,not a FALSIFIED row,0,scratch/logs/fse2026/neuralsat/cora_2024/00161_7f3d35734ca0b27f709f_z2p67u1c.log,c5097698a32a6dc04d176dcf72b61a931b89cdac,"{""attack"": {""attack_off"": true, ""overrides"": [""--disable_attack""]}, ""deviations"": [""GRB_LICENSE_FILE unset (run_instance.sh sets ~/gurobi.lic; no license on this machine, gurobipy size-limited pip license)"", ""attack-off (user decision D20): --disable_attack""], ""mapping"": ""default"", ""official"": ""vnncomp_scripts/run_instance.sh defaults (no per-family config)"", ""variant"": ""default""}","[""GRB_LICENSE_FILE unset (run_instance.sh sets ~/gurobi.lic; no license on this machine, gurobipy size-limited pip license)"", ""attack-off (user decision D20): --disable_attack"", ""float32 default NeuralSAT dtype; stable interpreter; no precision override""]",,,0.0,13757.0,default_attack_off_f32,"[""neuralsat"",""data/vnncomp2026/cora_2024/1.0/onnx/cifar10-set.onnx"",""data/vnncomp2026/cora_2024/1.0/vnnlib/cifar10-img320.vnnlib"",30.0,""default_attack_off_f32""]",
cora_2024,162,cifar10-point.onnx,cifar10-img321.vnnlib,timeout,30.3532,TIMEOUT,0,30.0,30.3532,32.841,0,32.92277938872576,1,0,,,not a FALSIFIED row,0,scratch/logs/fse2026/neuralsat/cora_2024/00162_facdc278616accd2e8c6_knlwbbcv.log,c5097698a32a6dc04d176dcf72b61a931b89cdac,"{""attack"": {""attack_off"": true, ""overrides"": [""--disable_attack""]}, ""deviations"": [""GRB_LICENSE_FILE unset (run_instance.sh sets ~/gurobi.lic; no license on this machine, gurobipy size-limited pip license)"", ""attack-off (user decision D20): --disable_attack""], ""mapping"": ""default"", ""official"": ""vnncomp_scripts/run_instance.sh defaults (no per-family config)"", ""variant"": ""default""}","[""GRB_LICENSE_FILE unset (run_instance.sh sets ~/gurobi.lic; no license on this machine, gurobipy size-limited pip license)"", ""attack-off (user decision D20): --disable_attack"", ""float32 default NeuralSAT dtype; stable interpreter; no precision override""]",,,0.0,13757.0,default_attack_off_f32,"[""neuralsat"",""data/vnncomp2026/cora_2024/1.0/onnx/cifar10-point.onnx"",""data/vnncomp2026/cora_2024/1.0/vnnlib/cifar10-img321.vnnlib"",30.0,""default_attack_off_f32""]",
cora_2024,163,cifar10-trades.onnx,cifar10-img321.vnnlib,timeout,31.0774,TIMEOUT,0,30.0,31.0774,33.573,0,33.654358794912696,1,0,,,not a FALSIFIED row,0,scratch/logs/fse2026/neuralsat/cora_2024/00163_9c53c14e49a102d5e4ea_x0ilst6x.log,c5097698a32a6dc04d176dcf72b61a931b89cdac,"{""attack"": {""attack_off"": true, ""overrides"": [""--disable_attack""]}, ""deviations"": [""GRB_LICENSE_FILE unset (run_instance.sh sets ~/gurobi.lic; no license on this machine, gurobipy size-limited pip license)"", ""attack-off (user decision D20): --disable_attack""], ""mapping"": ""default"", ""official"": ""vnncomp_scripts/run_instance.sh defaults (no per-family config)"", ""variant"": ""default""}","[""GRB_LICENSE_FILE unset (run_instance.sh sets ~/gurobi.lic; no license on this machine, gurobipy size-limited pip license)"", ""attack-off (user decision D20): --disable_attack"", ""float32 default NeuralSAT dtype; stable interpreter; no precision override""]",,,0.0,13757.0,default_attack_off_f32,"[""neuralsat"",""data/vnncomp2026/cora_2024/1.0/onnx/cifar10-trades.onnx"",""data/vnncomp2026/cora_2024/1.0/vnnlib/cifar10-img321.vnnlib"",30.0,""default_attack_off_f32""]",
cora_2024,164,cifar10-set.onnx,cifar10-img321.vnnlib,unsat,18.4324,CERTIFIED,1,30.0,18.4324,20.348,0,20.43210092559457,0,0,,,not a FALSIFIED row,0,scratch/logs/fse2026/neuralsat/cora_2024/00164_41b3832d5cb3238fc11b_zpwlm0co.log,c5097698a32a6dc04d176dcf72b61a931b89cdac,"{""attack"": {""attack_off"": true, ""overrides"": [""--disable_attack""]}, ""deviations"": [""GRB_LICENSE_FILE unset (run_instance.sh sets ~/gurobi.lic; no license on this machine, gurobipy size-limited pip license)"", ""attack-off (user decision D20): --disable_attack""], ""mapping"": ""default"", ""official"": ""vnncomp_scripts/run_instance.sh defaults (no per-family config)"", ""variant"": ""default""}","[""GRB_LICENSE_FILE unset (run_instance.sh sets ~/gurobi.lic; no license on this machine, gurobipy size-limited pip license)"", ""attack-off (user decision D20): --disable_attack"", ""float32 default NeuralSAT dtype; stable interpreter; no precision override""]",,,0.0,13757.0,default_attack_off_f32,"[""neuralsat"",""data/vnncomp2026/cora_2024/1.0/onnx/cifar10-set.onnx"",""data/vnncomp2026/cora_2024/1.0/vnnlib/cifar10-img321.vnnlib"",30.0,""default_attack_off_f32""]",
cora_2024,165,cifar10-point.onnx,cifar10-img345.vnnlib,timeout,30.7735,TIMEOUT,0,30.0,30.7735,33.272,0,33.35618828050792,1,0,,,not a FALSIFIED row,0,scratch/logs/fse2026/neuralsat/cora_2024/00165_d681c004e17b23682568_7nrbxobs.log,c5097698a32a6dc04d176dcf72b61a931b89cdac,"{""attack"": {""attack_off"": true, ""overrides"": [""--disable_attack""]}, ""deviations"": [""GRB_LICENSE_FILE unset (run_instance.sh sets ~/gurobi.lic; no license on this machine, gurobipy size-limited pip license)"", ""attack-off (user decision D20): --disable_attack""], ""mapping"": ""default"", ""official"": ""vnncomp_scripts/run_instance.sh defaults (no per-family config)"", ""variant"": ""default""}","[""GRB_LICENSE_FILE unset (run_instance.sh sets ~/gurobi.lic; no license on this machine, gurobipy size-limited pip license)"", ""attack-off (user decision D20): --disable_attack"", ""float32 default NeuralSAT dtype; stable interpreter; no precision override""]",,,0.0,13757.0,default_attack_off_f32,"[""neuralsat"",""data/vnncomp2026/cora_2024/1.0/onnx/cifar10-point.onnx"",""data/vnncomp2026/cora_2024/1.0/vnnlib/cifar10-img345.vnnlib"",30.0,""default_attack_off_f32""]",
cora_2024,166,cifar10-trades.onnx,cifar10-img345.vnnlib,timeout,30.546,TIMEOUT,0,30.0,30.546,33.071,0,33.154955791309476,1,0,,,not a FALSIFIED row,0,scratch/logs/fse2026/neuralsat/cora_2024/00166_cb31c719454cf7e012a2_d5agj8k8.log,c5097698a32a6dc04d176dcf72b61a931b89cdac,"{""attack"": {""attack_off"": true, ""overrides"": [""--disable_attack""]}, ""deviations"": [""GRB_LICENSE_FILE unset (run_instance.sh sets ~/gurobi.lic; no license on this machine, gurobipy size-limited pip license)"", ""attack-off (user decision D20): --disable_attack""], ""mapping"": ""default"", ""official"": ""vnncomp_scripts/run_instance.sh defaults (no per-family config)"", ""variant"": ""default""}","[""GRB_LICENSE_FILE unset (run_instance.sh sets ~/gurobi.lic; no license on this machine, gurobipy size-limited pip license)"", ""attack-off (user decision D20): --disable_attack"", ""float32 default NeuralSAT dtype; stable interpreter; no precision override""]",,,0.0,13757.0,default_attack_off_f32,"[""neuralsat"",""data/vnncomp2026/cora_2024/1.0/onnx/cifar10-trades.onnx"",""data/vnncomp2026/cora_2024/1.0/vnnlib/cifar10-img345.vnnlib"",30.0,""default_attack_off_f32""]",
cora_2024,167,cifar10-set.onnx,cifar10-img345.vnnlib,timeout,30.8092,TIMEOUT,0,30.0,30.8092,33.122,0,33.198940051719546,1,0,,,not a FALSIFIED row,0,scratch/logs/fse2026/neuralsat/cora_2024/00167_7e8da790a2e2793ceab3_or_q8els.log,c5097698a32a6dc04d176dcf72b61a931b89cdac,"{""attack"": {""attack_off"": true, ""overrides"": [""--disable_attack""]}, ""deviations"": [""GRB_LICENSE_FILE unset (run_instance.sh sets ~/gurobi.lic; no license on this machine, gurobipy size-limited pip license)"", ""attack-off (user decision D20): --disable_attack""], ""mapping"": ""default"", ""official"": ""vnncomp_scripts/run_instance.sh defaults (no per-family config)"", ""variant"": ""default""}","[""GRB_LICENSE_FILE unset (run_instance.sh sets ~/gurobi.lic; no license on this machine, gurobipy size-limited pip license)"", ""attack-off (user decision D20): --disable_attack"", ""float32 default NeuralSAT dtype; stable interpreter; no precision override""]",,,0.0,13757.0,default_attack_off_f32,"[""neuralsat"",""data/vnncomp2026/cora_2024/1.0/onnx/cifar10-set.onnx"",""data/vnncomp2026/cora_2024/1.0/vnnlib/cifar10-img345.vnnlib"",30.0,""default_attack_off_f32""]",
cora_2024,168,cifar10-point.onnx,cifar10-img346.vnnlib,timeout,31.1002,TIMEOUT,0,30.0,31.1002,33.623,0,33.70926412008703,1,0,,,not a FALSIFIED row,0,scratch/logs/fse2026/neuralsat/cora_2024/00168_5809ffaa396b2d5ba769_3nf690tn.log,c5097698a32a6dc04d176dcf72b61a931b89cdac,"{""attack"": {""attack_off"": true, ""overrides"": [""--disable_attack""]}, ""deviations"": [""GRB_LICENSE_FILE unset (run_instance.sh sets ~/gurobi.lic; no license on this machine, gurobipy size-limited pip license)"", ""attack-off (user decision D20): --disable_attack""], ""mapping"": ""default"", ""official"": ""vnncomp_scripts/run_instance.sh defaults (no per-family config)"", ""variant"": ""default""}","[""GRB_LICENSE_FILE unset (run_instance.sh sets ~/gurobi.lic; no license on this machine, gurobipy size-limited pip license)"", ""attack-off (user decision D20): --disable_attack"", ""float32 default NeuralSAT dtype; stable interpreter; no precision override""]",,,2.0,13757.0,default_attack_off_f32,"[""neuralsat"",""data/vnncomp2026/cora_2024/1.0/onnx/cifar10-point.onnx"",""data/vnncomp2026/cora_2024/1.0/vnnlib/cifar10-img346.vnnlib"",30.0,""default_attack_off_f32""]",
cora_2024,169,cifar10-trades.onnx,cifar10-img346.vnnlib,timeout,30.6561,TIMEOUT,0,30.0,30.6561,33.222,0,33.3060124181211,1,0,,,not a FALSIFIED row,0,scratch/logs/fse2026/neuralsat/cora_2024/00169_61bb5dbc6c528571cd6a_ih75ozre.log,c5097698a32a6dc04d176dcf72b61a931b89cdac,"{""attack"": {""attack_off"": true, ""overrides"": [""--disable_attack""]}, ""deviations"": [""GRB_LICENSE_FILE unset (run_instance.sh sets ~/gurobi.lic; no license on this machine, gurobipy size-limited pip license)"", ""attack-off (user decision D20): --disable_attack""], ""mapping"": ""default"", ""official"": ""vnncomp_scripts/run_instance.sh defaults (no per-family config)"", ""variant"": ""default""}","[""GRB_LICENSE_FILE unset (run_instance.sh sets ~/gurobi.lic; no license on this machine, gurobipy size-limited pip license)"", ""attack-off (user decision D20): --disable_attack"", ""float32 default NeuralSAT dtype; stable interpreter; no precision override""]",,,0.0,13757.0,default_attack_off_f32,"[""neuralsat"",""data/vnncomp2026/cora_2024/1.0/onnx/cifar10-trades.onnx"",""data/vnncomp2026/cora_2024/1.0/vnnlib/cifar10-img346.vnnlib"",30.0,""default_attack_off_f32""]",
cora_2024,170,cifar10-set.onnx,cifar10-img346.vnnlib,timeout,30.8562,TIMEOUT,0,30.0,30.8562,33.022,0,33.10314765200019,1,0,,,not a FALSIFIED row,0,scratch/logs/fse2026/neuralsat/cora_2024/00170_c47eb60b2957633cf676_n0420l6t.log,c5097698a32a6dc04d176dcf72b61a931b89cdac,"{""attack"": {""attack_off"": true, ""overrides"": [""--disable_attack""]}, ""deviations"": [""GRB_LICENSE_FILE unset (run_instance.sh sets ~/gurobi.lic; no license on this machine, gurobipy size-limited pip license)"", ""attack-off (user decision D20): --disable_attack""], ""mapping"": ""default"", ""official"": ""vnncomp_scripts/run_instance.sh defaults (no per-family config)"", ""variant"": ""default""}","[""GRB_LICENSE_FILE unset (run_instance.sh sets ~/gurobi.lic; no license on this machine, gurobipy size-limited pip license)"", ""attack-off (user decision D20): --disable_attack"", ""float32 default NeuralSAT dtype; stable interpreter; no precision override""]",,,2.0,13757.0,default_attack_off_f32,"[""neuralsat"",""data/vnncomp2026/cora_2024/1.0/onnx/cifar10-set.onnx"",""data/vnncomp2026/cora_2024/1.0/vnnlib/cifar10-img346.vnnlib"",30.0,""default_attack_off_f32""]",
cora_2024,171,cifar10-point.onnx,cifar10-img351.vnnlib,timeout,30.618,TIMEOUT,0,30.0,30.618,33.073,0,33.15480992756784,1,0,,,not a FALSIFIED row,0,scratch/logs/fse2026/neuralsat/cora_2024/00171_d8e1cf1e08a76bc86cdd_hf58v5u9.log,c5097698a32a6dc04d176dcf72b61a931b89cdac,"{""attack"": {""attack_off"": true, ""overrides"": [""--disable_attack""]}, ""deviations"": [""GRB_LICENSE_FILE unset (run_instance.sh sets ~/gurobi.lic; no license on this machine, gurobipy size-limited pip license)"", ""attack-off (user decision D20): --disable_attack""], ""mapping"": ""default"", ""official"": ""vnncomp_scripts/run_instance.sh defaults (no per-family config)"", ""variant"": ""default""}","[""GRB_LICENSE_FILE unset (run_instance.sh sets ~/gurobi.lic; no license on this machine, gurobipy size-limited pip license)"", ""attack-off (user decision D20): --disable_attack"", ""float32 default NeuralSAT dtype; stable interpreter; no precision override""]",,,0.0,2268.0,default_attack_off_f32,"[""neuralsat"",""data/vnncomp2026/cora_2024/1.0/onnx/cifar10-point.onnx"",""data/vnncomp2026/cora_2024/1.0/vnnlib/cifar10-img351.vnnlib"",30.0,""default_attack_off_f32""]",
cora_2024,172,cifar10-trades.onnx,cifar10-img351.vnnlib,timeout,30.6088,TIMEOUT,0,30.0,30.6088,33.027,0,33.10053194127977,1,0,,,not a FALSIFIED row,0,scratch/logs/fse2026/neuralsat/cora_2024/00172_5fe61f99964b4c9a7550__rfjuwqo.log,c5097698a32a6dc04d176dcf72b61a931b89cdac,"{""attack"": {""attack_off"": true, ""overrides"": [""--disable_attack""]}, ""deviations"": [""GRB_LICENSE_FILE unset (run_instance.sh sets ~/gurobi.lic; no license on this machine, gurobipy size-limited pip license)"", ""attack-off (user decision D20): --disable_attack""], ""mapping"": ""default"", ""official"": ""vnncomp_scripts/run_instance.sh defaults (no per-family config)"", ""variant"": ""default""}","[""GRB_LICENSE_FILE unset (run_instance.sh sets ~/gurobi.lic; no license on this machine, gurobipy size-limited pip license)"", ""attack-off (user decision D20): --disable_attack"", ""float32 default NeuralSAT dtype; stable interpreter; no precision override""]",,,0.0,600.0,default_attack_off_f32,"[""neuralsat"",""data/vnncomp2026/cora_2024/1.0/onnx/cifar10-trades.onnx"",""data/vnncomp2026/cora_2024/1.0/vnnlib/cifar10-img351.vnnlib"",30.0,""default_attack_off_f32""]",
cora_2024,173,cifar10-set.onnx,cifar10-img351.vnnlib,timeout,30.3303,TIMEOUT,0,30.0,30.3303,32.422,0,32.505805876106024,1,0,,,not a FALSIFIED row,0,scratch/logs/fse2026/neuralsat/cora_2024/00173_1738332e8295cd936e17_usb71cib.log,c5097698a32a6dc04d176dcf72b61a931b89cdac,"{""attack"": {""attack_off"": true, ""overrides"": [""--disable_attack""]}, ""deviations"": [""GRB_LICENSE_FILE unset (run_instance.sh sets ~/gurobi.lic; no license on this machine, gurobipy size-limited pip license)"", ""attack-off (user decision D20): --disable_attack""], ""mapping"": ""default"", ""official"": ""vnncomp_scripts/run_instance.sh defaults (no per-family config)"", ""variant"": ""default""}","[""GRB_LICENSE_FILE unset (run_instance.sh sets ~/gurobi.lic; no license on this machine, gurobipy size-limited pip license)"", ""attack-off (user decision D20): --disable_attack"", ""float32 default NeuralSAT dtype; stable interpreter; no precision override""]",,,0.0,762.0,default_attack_off_f32,"[""neuralsat"",""data/vnncomp2026/cora_2024/1.0/onnx/cifar10-set.onnx"",""data/vnncomp2026/cora_2024/1.0/vnnlib/cifar10-img351.vnnlib"",30.0,""default_attack_off_f32""]",
cora_2024,174,cifar10-point.onnx,cifar10-img362.vnnlib,timeout,30.6407,TIMEOUT,0,30.0,30.6407,33.123,0,33.20963053405285,1,0,,,not a FALSIFIED row,0,scratch/logs/fse2026/neuralsat/cora_2024/00174_adc62479537dfa2def4a_4xt3v54g.log,c5097698a32a6dc04d176dcf72b61a931b89cdac,"{""attack"": {""attack_off"": true, ""overrides"": [""--disable_attack""]}, ""deviations"": [""GRB_LICENSE_FILE unset (run_instance.sh sets ~/gurobi.lic; no license on this machine, gurobipy size-limited pip license)"", ""attack-off (user decision D20): --disable_attack""], ""mapping"": ""default"", ""official"": ""vnncomp_scripts/run_instance.sh defaults (no per-family config)"", ""variant"": ""default""}","[""GRB_LICENSE_FILE unset (run_instance.sh sets ~/gurobi.lic; no license on this machine, gurobipy size-limited pip license)"", ""attack-off (user decision D20): --disable_attack"", ""float32 default NeuralSAT dtype; stable interpreter; no precision override""]",,,0.0,762.0,default_attack_off_f32,"[""neuralsat"",""data/vnncomp2026/cora_2024/1.0/onnx/cifar10-point.onnx"",""data/vnncomp2026/cora_2024/1.0/vnnlib/cifar10-img362.vnnlib"",30.0,""default_attack_off_f32""]",
cora_2024,175,cifar10-trades.onnx,cifar10-img362.vnnlib,timeout,30.8445,TIMEOUT,0,30.0,30.8445,33.329,0,33.42392526566982,1,0,,,not a FALSIFIED row,0,scratch/logs/fse2026/neuralsat/cora_2024/00175_22227bf2054ca1464864_65ceslvb.log,c5097698a32a6dc04d176dcf72b61a931b89cdac,"{""attack"": {""attack_off"": true, ""overrides"": [""--disable_attack""]}, ""deviations"": [""GRB_LICENSE_FILE unset (run_instance.sh sets ~/gurobi.lic; no license on this machine, gurobipy size-limited pip license)"", ""attack-off (user decision D20): --disable_attack""], ""mapping"": ""default"", ""official"": ""vnncomp_scripts/run_instance.sh defaults (no per-family config)"", ""variant"": ""default""}","[""GRB_LICENSE_FILE unset (run_instance.sh sets ~/gurobi.lic; no license on this machine, gurobipy size-limited pip license)"", ""attack-off (user decision D20): --disable_attack"", ""float32 default NeuralSAT dtype; stable interpreter; no precision override""]",,,0.0,762.0,default_attack_off_f32,"[""neuralsat"",""data/vnncomp2026/cora_2024/1.0/onnx/cifar10-trades.onnx"",""data/vnncomp2026/cora_2024/1.0/vnnlib/cifar10-img362.vnnlib"",30.0,""default_attack_off_f32""]",
cora_2024,176,cifar10-set.onnx,cifar10-img362.vnnlib,timeout,30.2146,TIMEOUT,0,30.0,30.2146,32.521,0,32.63404052890837,1,0,,,not a FALSIFIED row,0,scratch/logs/fse2026/neuralsat/cora_2024/00176_03d2a74c030e99f7b35a_9j84e51a.log,c5097698a32a6dc04d176dcf72b61a931b89cdac,"{""attack"": {""attack_off"": true, ""overrides"": [""--disable_attack""]}, ""deviations"": [""GRB_LICENSE_FILE unset (run_instance.sh sets ~/gurobi.lic; no license on this machine, gurobipy size-limited pip license)"", ""attack-off (user decision D20): --disable_attack""], ""mapping"": ""default"", ""official"": ""vnncomp_scripts/run_instance.sh defaults (no per-family config)"", ""variant"": ""default""}","[""GRB_LICENSE_FILE unset (run_instance.sh sets ~/gurobi.lic; no license on this machine, gurobipy size-limited pip license)"", ""attack-off (user decision D20): --disable_attack"", ""float32 default NeuralSAT dtype; stable interpreter; no precision override""]",,,0.0,762.0,default_attack_off_f32,"[""neuralsat"",""data/vnncomp2026/cora_2024/1.0/onnx/cifar10-set.onnx"",""data/vnncomp2026/cora_2024/1.0/vnnlib/cifar10-img362.vnnlib"",30.0,""default_attack_off_f32""]",
cora_2024,177,cifar10-point.onnx,cifar10-img383.vnnlib,timeout,30.5286,TIMEOUT,0,30.0,30.5286,33.074,0,33.1549661885947,1,0,,,not a FALSIFIED row,0,scratch/logs/fse2026/neuralsat/cora_2024/00177_006a6ae0175fa42b8a43_7ht4vu35.log,c5097698a32a6dc04d176dcf72b61a931b89cdac,"{""attack"": {""attack_off"": true, ""overrides"": [""--disable_attack""]}, ""deviations"": [""GRB_LICENSE_FILE unset (run_instance.sh sets ~/gurobi.lic; no license on this machine, gurobipy size-limited pip license)"", ""attack-off (user decision D20): --disable_attack""], ""mapping"": ""default"", ""official"": ""vnncomp_scripts/run_instance.sh defaults (no per-family config)"", ""variant"": ""default""}","[""GRB_LICENSE_FILE unset (run_instance.sh sets ~/gurobi.lic; no license on this machine, gurobipy size-limited pip license)"", ""attack-off (user decision D20): --disable_attack"", ""float32 default NeuralSAT dtype; stable interpreter; no precision override""]",,,0.0,770.0,default_attack_off_f32,"[""neuralsat"",""data/vnncomp2026/cora_2024/1.0/onnx/cifar10-point.onnx"",""data/vnncomp2026/cora_2024/1.0/vnnlib/cifar10-img383.vnnlib"",30.0,""default_attack_off_f32""]",
cora_2024,178,cifar10-trades.onnx,cifar10-img383.vnnlib,timeout,30.8617,TIMEOUT,0,30.0,30.8617,33.424,0,33.506841354072094,1,0,,,not a FALSIFIED row,0,scratch/logs/fse2026/neuralsat/cora_2024/00178_98342c3fac817ce4c838_j14mybo0.log,c5097698a32a6dc04d176dcf72b61a931b89cdac,"{""attack"": {""attack_off"": true, ""overrides"": [""--disable_attack""]}, ""deviations"": [""GRB_LICENSE_FILE unset (run_instance.sh sets ~/gurobi.lic; no license on this machine, gurobipy size-limited pip license)"", ""attack-off (user decision D20): --disable_attack""], ""mapping"": ""default"", ""official"": ""vnncomp_scripts/run_instance.sh defaults (no per-family config)"", ""variant"": ""default""}","[""GRB_LICENSE_FILE unset (run_instance.sh sets ~/gurobi.lic; no license on this machine, gurobipy size-limited pip license)"", ""attack-off (user decision D20): --disable_attack"", ""float32 default NeuralSAT dtype; stable interpreter; no precision override""]",,,0.0,770.0,default_attack_off_f32,"[""neuralsat"",""data/vnncomp2026/cora_2024/1.0/onnx/cifar10-trades.onnx"",""data/vnncomp2026/cora_2024/1.0/vnnlib/cifar10-img383.vnnlib"",30.0,""default_attack_off_f32""]",
cora_2024,179,cifar10-set.onnx,cifar10-img383.vnnlib,timeout,30.5947,TIMEOUT,0,30.0,30.5947,32.873,0,32.94820651225746,1,0,,,not a FALSIFIED row,0,scratch/logs/fse2026/neuralsat/cora_2024/00179_a69c1f0697983539c572_zakxtz7_.log,c5097698a32a6dc04d176dcf72b61a931b89cdac,"{""attack"": {""attack_off"": true, ""overrides"": [""--disable_attack""]}, ""deviations"": [""GRB_LICENSE_FILE unset (run_instance.sh sets ~/gurobi.lic; no license on this machine, gurobipy size-limited pip license)"", ""attack-off (user decision D20): --disable_attack""], ""mapping"": ""default"", ""official"": ""vnncomp_scripts/run_instance.sh defaults (no per-family config)"", ""variant"": ""default""}","[""GRB_LICENSE_FILE unset (run_instance.sh sets ~/gurobi.lic; no license on this machine, gurobipy size-limited pip license)"", ""attack-off (user decision D20): --disable_attack"", ""float32 default NeuralSAT dtype; stable interpreter; no precision override""]",,,3.0,776.0,default_attack_off_f32,"[""neuralsat"",""data/vnncomp2026/cora_2024/1.0/onnx/cifar10-set.onnx"",""data/vnncomp2026/cora_2024/1.0/vnnlib/cifar10-img383.vnnlib"",30.0,""default_attack_off_f32""]",
