dataset,row,onnx,vnnlib,result,time_sec,status,solved,timeout_s,verification_s,wall_s,prep_s,process_wall_s,over_timeout,witness_n,witness_valid,witness_valid_1e6,witness_note,exit_code,log_path,tool_commit,config,deviations,error_class,error_detail,gpu_util_pct_before,gpu_mem_used_mib_before,variant,key,reused_from_row
cifar100_2024,0,CIFAR100_resnet_medium.onnx,CIFAR100_resnet_medium_prop_idx_4855_sidx_8006_eps_0.0039.vnnlib,error,,ERROR,0,100.0,,1.3978378120809793,0,1.3978378120809793,0,0,,,not a FALSIFIED row,1,scratch/logs/fse2026/nnenum/cifar100_2024/00000_0649d0d4771fd29ad05f_se6_wugz.log,b18238f123ed6fab051ec94641b78a1ba2e307e7,"{""attack"": ""no adversarial attack implementation in this nnenum version; LP witness extraction retained"", ""cpus"": ""0-3"", ""deviations"": [""CPU affinity 0-3; BLAS/OpenMP=1; CUDA hidden"", ""observation-only hook exports Result.total_secs and cinput; watchdog T+20""], ""official"": ""nnenum CLI auto settings""}","[""CPU affinity 0-3; BLAS/OpenMP=1; CUDA hidden"", ""observation-only hook exports Result.total_secs and cinput; watchdog T+20""]",unsupported_op,"assert False, f""unsupported onnx op_type {op} in node {cur_node.name}""
AssertionError: unsupported onnx op_type Conv in node Conv_0
During handling of the above exception, another exception occurred:
AssertionError: Onnx model contains node with op BatchNormalization, which may not be a linear operation. Updated Settings.WHITELIST if you want to override this.",100.0,67034.0,auto_no_attacks_cpu4,"[""nnenum"",""data/vnncomp2026/cifar100_2024/1.0/onnx/CIFAR100_resnet_medium.onnx"",""data/vnncomp2026/cifar100_2024/1.0/vnnlib/CIFAR100_resnet_medium_prop_idx_4855_sidx_8006_eps_0.0039.vnnlib"",100.0,""auto_no_attacks_cpu4""]",
cifar100_2024,1,CIFAR100_resnet_medium.onnx,CIFAR100_resnet_medium_prop_idx_8420_sidx_4285_eps_0.0039.vnnlib,error,,ERROR,0,100.0,,1.339155688881874,0,1.339155688881874,0,0,,,not a FALSIFIED row,1,scratch/logs/fse2026/nnenum/cifar100_2024/00001_261d42e2b0d968c3599b_sas4__gf.log,b18238f123ed6fab051ec94641b78a1ba2e307e7,"{""attack"": ""no adversarial attack implementation in this nnenum version; LP witness extraction retained"", ""cpus"": ""0-3"", ""deviations"": [""CPU affinity 0-3; BLAS/OpenMP=1; CUDA hidden"", ""observation-only hook exports Result.total_secs and cinput; watchdog T+20""], ""official"": ""nnenum CLI auto settings""}","[""CPU affinity 0-3; BLAS/OpenMP=1; CUDA hidden"", ""observation-only hook exports Result.total_secs and cinput; watchdog T+20""]",unsupported_op,"assert False, f""unsupported onnx op_type {op} in node {cur_node.name}""
AssertionError: unsupported onnx op_type Conv in node Conv_0
During handling of the above exception, another exception occurred:
AssertionError: Onnx model contains node with op BatchNormalization, which may not be a linear operation. Updated Settings.WHITELIST if you want to override this.",11.0,67034.0,auto_no_attacks_cpu4,"[""nnenum"",""data/vnncomp2026/cifar100_2024/1.0/onnx/CIFAR100_resnet_medium.onnx"",""data/vnncomp2026/cifar100_2024/1.0/vnnlib/CIFAR100_resnet_medium_prop_idx_8420_sidx_4285_eps_0.0039.vnnlib"",100.0,""auto_no_attacks_cpu4""]",
cifar100_2024,2,CIFAR100_resnet_medium.onnx,CIFAR100_resnet_medium_prop_idx_2267_sidx_8602_eps_0.0039.vnnlib,error,,ERROR,0,100.0,,1.241858832538128,0,1.241858832538128,0,0,,,not a FALSIFIED row,1,scratch/logs/fse2026/nnenum/cifar100_2024/00002_13ff3b7956fae4d42ef6_gp0s0ibz.log,b18238f123ed6fab051ec94641b78a1ba2e307e7,"{""attack"": ""no adversarial attack implementation in this nnenum version; LP witness extraction retained"", ""cpus"": ""0-3"", ""deviations"": [""CPU affinity 0-3; BLAS/OpenMP=1; CUDA hidden"", ""observation-only hook exports Result.total_secs and cinput; watchdog T+20""], ""official"": ""nnenum CLI auto settings""}","[""CPU affinity 0-3; BLAS/OpenMP=1; CUDA hidden"", ""observation-only hook exports Result.total_secs and cinput; watchdog T+20""]",unsupported_op,"assert False, f""unsupported onnx op_type {op} in node {cur_node.name}""
AssertionError: unsupported onnx op_type Conv in node Conv_0
During handling of the above exception, another exception occurred:
AssertionError: Onnx model contains node with op BatchNormalization, which may not be a linear operation. Updated Settings.WHITELIST if you want to override this.",0.0,67034.0,auto_no_attacks_cpu4,"[""nnenum"",""data/vnncomp2026/cifar100_2024/1.0/onnx/CIFAR100_resnet_medium.onnx"",""data/vnncomp2026/cifar100_2024/1.0/vnnlib/CIFAR100_resnet_medium_prop_idx_2267_sidx_8602_eps_0.0039.vnnlib"",100.0,""auto_no_attacks_cpu4""]",
cifar100_2024,3,CIFAR100_resnet_medium.onnx,CIFAR100_resnet_medium_prop_idx_5316_sidx_6884_eps_0.0039.vnnlib,error,,ERROR,0,100.0,,1.141273643821478,0,1.141273643821478,0,0,,,not a FALSIFIED row,1,scratch/logs/fse2026/nnenum/cifar100_2024/00003_cffa9ed15e55b3a47bcc_wmo5y0r7.log,b18238f123ed6fab051ec94641b78a1ba2e307e7,"{""attack"": ""no adversarial attack implementation in this nnenum version; LP witness extraction retained"", ""cpus"": ""0-3"", ""deviations"": [""CPU affinity 0-3; BLAS/OpenMP=1; CUDA hidden"", ""observation-only hook exports Result.total_secs and cinput; watchdog T+20""], ""official"": ""nnenum CLI auto settings""}","[""CPU affinity 0-3; BLAS/OpenMP=1; CUDA hidden"", ""observation-only hook exports Result.total_secs and cinput; watchdog T+20""]",unsupported_op,"assert False, f""unsupported onnx op_type {op} in node {cur_node.name}""
AssertionError: unsupported onnx op_type Conv in node Conv_0
During handling of the above exception, another exception occurred:
AssertionError: Onnx model contains node with op BatchNormalization, which may not be a linear operation. Updated Settings.WHITELIST if you want to override this.",100.0,67034.0,auto_no_attacks_cpu4,"[""nnenum"",""data/vnncomp2026/cifar100_2024/1.0/onnx/CIFAR100_resnet_medium.onnx"",""data/vnncomp2026/cifar100_2024/1.0/vnnlib/CIFAR100_resnet_medium_prop_idx_5316_sidx_6884_eps_0.0039.vnnlib"",100.0,""auto_no_attacks_cpu4""]",
cifar100_2024,4,CIFAR100_resnet_medium.onnx,CIFAR100_resnet_medium_prop_idx_431_sidx_7821_eps_0.0039.vnnlib,error,,ERROR,0,100.0,,1.1396810002624989,0,1.1396810002624989,0,0,,,not a FALSIFIED row,1,scratch/logs/fse2026/nnenum/cifar100_2024/00004_507d7bda3cef45a6bfc1_wn6o8zxg.log,b18238f123ed6fab051ec94641b78a1ba2e307e7,"{""attack"": ""no adversarial attack implementation in this nnenum version; LP witness extraction retained"", ""cpus"": ""0-3"", ""deviations"": [""CPU affinity 0-3; BLAS/OpenMP=1; CUDA hidden"", ""observation-only hook exports Result.total_secs and cinput; watchdog T+20""], ""official"": ""nnenum CLI auto settings""}","[""CPU affinity 0-3; BLAS/OpenMP=1; CUDA hidden"", ""observation-only hook exports Result.total_secs and cinput; watchdog T+20""]",unsupported_op,"assert False, f""unsupported onnx op_type {op} in node {cur_node.name}""
AssertionError: unsupported onnx op_type Conv in node Conv_0
During handling of the above exception, another exception occurred:
AssertionError: Onnx model contains node with op BatchNormalization, which may not be a linear operation. Updated Settings.WHITELIST if you want to override this.",15.0,67034.0,auto_no_attacks_cpu4,"[""nnenum"",""data/vnncomp2026/cifar100_2024/1.0/onnx/CIFAR100_resnet_medium.onnx"",""data/vnncomp2026/cifar100_2024/1.0/vnnlib/CIFAR100_resnet_medium_prop_idx_431_sidx_7821_eps_0.0039.vnnlib"",100.0,""auto_no_attacks_cpu4""]",
cifar100_2024,5,CIFAR100_resnet_medium.onnx,CIFAR100_resnet_medium_prop_idx_6919_sidx_325_eps_0.0039.vnnlib,error,,ERROR,0,100.0,,1.1362631898373365,0,1.1362631898373365,0,0,,,not a FALSIFIED row,1,scratch/logs/fse2026/nnenum/cifar100_2024/00005_aed57677840df2613a33_zhqg542o.log,b18238f123ed6fab051ec94641b78a1ba2e307e7,"{""attack"": ""no adversarial attack implementation in this nnenum version; LP witness extraction retained"", ""cpus"": ""0-3"", ""deviations"": [""CPU affinity 0-3; BLAS/OpenMP=1; CUDA hidden"", ""observation-only hook exports Result.total_secs and cinput; watchdog T+20""], ""official"": ""nnenum CLI auto settings""}","[""CPU affinity 0-3; BLAS/OpenMP=1; CUDA hidden"", ""observation-only hook exports Result.total_secs and cinput; watchdog T+20""]",unsupported_op,"assert False, f""unsupported onnx op_type {op} in node {cur_node.name}""
AssertionError: unsupported onnx op_type Conv in node Conv_0
During handling of the above exception, another exception occurred:
AssertionError: Onnx model contains node with op BatchNormalization, which may not be a linear operation. Updated Settings.WHITELIST if you want to override this.",100.0,67034.0,auto_no_attacks_cpu4,"[""nnenum"",""data/vnncomp2026/cifar100_2024/1.0/onnx/CIFAR100_resnet_medium.onnx"",""data/vnncomp2026/cifar100_2024/1.0/vnnlib/CIFAR100_resnet_medium_prop_idx_6919_sidx_325_eps_0.0039.vnnlib"",100.0,""auto_no_attacks_cpu4""]",
cifar100_2024,6,CIFAR100_resnet_medium.onnx,CIFAR100_resnet_medium_prop_idx_2714_sidx_3569_eps_0.0039.vnnlib,error,,ERROR,0,100.0,,1.0852663330733776,0,1.0852663330733776,0,0,,,not a FALSIFIED row,1,scratch/logs/fse2026/nnenum/cifar100_2024/00006_aabf81055c9d6c5777dc_uz2l6uek.log,b18238f123ed6fab051ec94641b78a1ba2e307e7,"{""attack"": ""no adversarial attack implementation in this nnenum version; LP witness extraction retained"", ""cpus"": ""0-3"", ""deviations"": [""CPU affinity 0-3; BLAS/OpenMP=1; CUDA hidden"", ""observation-only hook exports Result.total_secs and cinput; watchdog T+20""], ""official"": ""nnenum CLI auto settings""}","[""CPU affinity 0-3; BLAS/OpenMP=1; CUDA hidden"", ""observation-only hook exports Result.total_secs and cinput; watchdog T+20""]",unsupported_op,"assert False, f""unsupported onnx op_type {op} in node {cur_node.name}""
AssertionError: unsupported onnx op_type Conv in node Conv_0
During handling of the above exception, another exception occurred:
AssertionError: Onnx model contains node with op BatchNormalization, which may not be a linear operation. Updated Settings.WHITELIST if you want to override this.",99.0,67034.0,auto_no_attacks_cpu4,"[""nnenum"",""data/vnncomp2026/cifar100_2024/1.0/onnx/CIFAR100_resnet_medium.onnx"",""data/vnncomp2026/cifar100_2024/1.0/vnnlib/CIFAR100_resnet_medium_prop_idx_2714_sidx_3569_eps_0.0039.vnnlib"",100.0,""auto_no_attacks_cpu4""]",
cifar100_2024,7,CIFAR100_resnet_medium.onnx,CIFAR100_resnet_medium_prop_idx_7770_sidx_5081_eps_0.0039.vnnlib,error,,ERROR,0,100.0,,1.1395242009311914,0,1.1395242009311914,0,0,,,not a FALSIFIED row,1,scratch/logs/fse2026/nnenum/cifar100_2024/00007_0eb0bfd67785c5ab9cf6_x_cqhtvp.log,b18238f123ed6fab051ec94641b78a1ba2e307e7,"{""attack"": ""no adversarial attack implementation in this nnenum version; LP witness extraction retained"", ""cpus"": ""0-3"", ""deviations"": [""CPU affinity 0-3; BLAS/OpenMP=1; CUDA hidden"", ""observation-only hook exports Result.total_secs and cinput; watchdog T+20""], ""official"": ""nnenum CLI auto settings""}","[""CPU affinity 0-3; BLAS/OpenMP=1; CUDA hidden"", ""observation-only hook exports Result.total_secs and cinput; watchdog T+20""]",unsupported_op,"assert False, f""unsupported onnx op_type {op} in node {cur_node.name}""
AssertionError: unsupported onnx op_type Conv in node Conv_0
During handling of the above exception, another exception occurred:
AssertionError: Onnx model contains node with op BatchNormalization, which may not be a linear operation. Updated Settings.WHITELIST if you want to override this.",22.0,67034.0,auto_no_attacks_cpu4,"[""nnenum"",""data/vnncomp2026/cifar100_2024/1.0/onnx/CIFAR100_resnet_medium.onnx"",""data/vnncomp2026/cifar100_2024/1.0/vnnlib/CIFAR100_resnet_medium_prop_idx_7770_sidx_5081_eps_0.0039.vnnlib"",100.0,""auto_no_attacks_cpu4""]",
cifar100_2024,8,CIFAR100_resnet_medium.onnx,CIFAR100_resnet_medium_prop_idx_7218_sidx_5543_eps_0.0039.vnnlib,error,,ERROR,0,100.0,,1.1409477945417166,0,1.1409477945417166,0,0,,,not a FALSIFIED row,1,scratch/logs/fse2026/nnenum/cifar100_2024/00008_072fac3aab21625726b4_m_2m9__9.log,b18238f123ed6fab051ec94641b78a1ba2e307e7,"{""attack"": ""no adversarial attack implementation in this nnenum version; LP witness extraction retained"", ""cpus"": ""0-3"", ""deviations"": [""CPU affinity 0-3; BLAS/OpenMP=1; CUDA hidden"", ""observation-only hook exports Result.total_secs and cinput; watchdog T+20""], ""official"": ""nnenum CLI auto settings""}","[""CPU affinity 0-3; BLAS/OpenMP=1; CUDA hidden"", ""observation-only hook exports Result.total_secs and cinput; watchdog T+20""]",unsupported_op,"assert False, f""unsupported onnx op_type {op} in node {cur_node.name}""
AssertionError: unsupported onnx op_type Conv in node Conv_0
During handling of the above exception, another exception occurred:
AssertionError: Onnx model contains node with op BatchNormalization, which may not be a linear operation. Updated Settings.WHITELIST if you want to override this.",4.0,67034.0,auto_no_attacks_cpu4,"[""nnenum"",""data/vnncomp2026/cifar100_2024/1.0/onnx/CIFAR100_resnet_medium.onnx"",""data/vnncomp2026/cifar100_2024/1.0/vnnlib/CIFAR100_resnet_medium_prop_idx_7218_sidx_5543_eps_0.0039.vnnlib"",100.0,""auto_no_attacks_cpu4""]",
cifar100_2024,9,CIFAR100_resnet_medium.onnx,CIFAR100_resnet_medium_prop_idx_2518_sidx_7304_eps_0.0039.vnnlib,error,,ERROR,0,100.0,,1.0880745388567448,0,1.0880745388567448,0,0,,,not a FALSIFIED row,1,scratch/logs/fse2026/nnenum/cifar100_2024/00009_8db2d54956aac451ce7b_n4rkko4q.log,b18238f123ed6fab051ec94641b78a1ba2e307e7,"{""attack"": ""no adversarial attack implementation in this nnenum version; LP witness extraction retained"", ""cpus"": ""0-3"", ""deviations"": [""CPU affinity 0-3; BLAS/OpenMP=1; CUDA hidden"", ""observation-only hook exports Result.total_secs and cinput; watchdog T+20""], ""official"": ""nnenum CLI auto settings""}","[""CPU affinity 0-3; BLAS/OpenMP=1; CUDA hidden"", ""observation-only hook exports Result.total_secs and cinput; watchdog T+20""]",unsupported_op,"assert False, f""unsupported onnx op_type {op} in node {cur_node.name}""
AssertionError: unsupported onnx op_type Conv in node Conv_0
During handling of the above exception, another exception occurred:
AssertionError: Onnx model contains node with op BatchNormalization, which may not be a linear operation. Updated Settings.WHITELIST if you want to override this.",0.0,67034.0,auto_no_attacks_cpu4,"[""nnenum"",""data/vnncomp2026/cifar100_2024/1.0/onnx/CIFAR100_resnet_medium.onnx"",""data/vnncomp2026/cifar100_2024/1.0/vnnlib/CIFAR100_resnet_medium_prop_idx_2518_sidx_7304_eps_0.0039.vnnlib"",100.0,""auto_no_attacks_cpu4""]",
cifar100_2024,10,CIFAR100_resnet_medium.onnx,CIFAR100_resnet_medium_prop_idx_6983_sidx_607_eps_0.0039.vnnlib,error,,ERROR,0,100.0,,1.099930813536048,0,1.099930813536048,0,0,,,not a FALSIFIED row,1,scratch/logs/fse2026/nnenum/cifar100_2024/00010_25ba2e503993ac1770be_ju5xtsvj.log,b18238f123ed6fab051ec94641b78a1ba2e307e7,"{""attack"": ""no adversarial attack implementation in this nnenum version; LP witness extraction retained"", ""cpus"": ""0-3"", ""deviations"": [""CPU affinity 0-3; BLAS/OpenMP=1; CUDA hidden"", ""observation-only hook exports Result.total_secs and cinput; watchdog T+20""], ""official"": ""nnenum CLI auto settings""}","[""CPU affinity 0-3; BLAS/OpenMP=1; CUDA hidden"", ""observation-only hook exports Result.total_secs and cinput; watchdog T+20""]",unsupported_op,"assert False, f""unsupported onnx op_type {op} in node {cur_node.name}""
AssertionError: unsupported onnx op_type Conv in node Conv_0
During handling of the above exception, another exception occurred:
AssertionError: Onnx model contains node with op BatchNormalization, which may not be a linear operation. Updated Settings.WHITELIST if you want to override this.",0.0,34.0,auto_no_attacks_cpu4,"[""nnenum"",""data/vnncomp2026/cifar100_2024/1.0/onnx/CIFAR100_resnet_medium.onnx"",""data/vnncomp2026/cifar100_2024/1.0/vnnlib/CIFAR100_resnet_medium_prop_idx_6983_sidx_607_eps_0.0039.vnnlib"",100.0,""auto_no_attacks_cpu4""]",
cifar100_2024,11,CIFAR100_resnet_medium.onnx,CIFAR100_resnet_medium_prop_idx_7764_sidx_254_eps_0.0039.vnnlib,error,,ERROR,0,100.0,,1.0907888188958168,0,1.0907888188958168,0,0,,,not a FALSIFIED row,1,scratch/logs/fse2026/nnenum/cifar100_2024/00011_5c2e99fd845d3fed27aa_xv0cnci8.log,b18238f123ed6fab051ec94641b78a1ba2e307e7,"{""attack"": ""no adversarial attack implementation in this nnenum version; LP witness extraction retained"", ""cpus"": ""0-3"", ""deviations"": [""CPU affinity 0-3; BLAS/OpenMP=1; CUDA hidden"", ""observation-only hook exports Result.total_secs and cinput; watchdog T+20""], ""official"": ""nnenum CLI auto settings""}","[""CPU affinity 0-3; BLAS/OpenMP=1; CUDA hidden"", ""observation-only hook exports Result.total_secs and cinput; watchdog T+20""]",unsupported_op,"assert False, f""unsupported onnx op_type {op} in node {cur_node.name}""
AssertionError: unsupported onnx op_type Conv in node Conv_0
During handling of the above exception, another exception occurred:
AssertionError: Onnx model contains node with op BatchNormalization, which may not be a linear operation. Updated Settings.WHITELIST if you want to override this.",0.0,37.0,auto_no_attacks_cpu4,"[""nnenum"",""data/vnncomp2026/cifar100_2024/1.0/onnx/CIFAR100_resnet_medium.onnx"",""data/vnncomp2026/cifar100_2024/1.0/vnnlib/CIFAR100_resnet_medium_prop_idx_7764_sidx_254_eps_0.0039.vnnlib"",100.0,""auto_no_attacks_cpu4""]",
cifar100_2024,12,CIFAR100_resnet_medium.onnx,CIFAR100_resnet_medium_prop_idx_1728_sidx_3229_eps_0.0039.vnnlib,error,,ERROR,0,100.0,,1.2419422399252653,0,1.2419422399252653,0,0,,,not a FALSIFIED row,1,scratch/logs/fse2026/nnenum/cifar100_2024/00012_760c3755bb1b956bcb61_0jrh399w.log,b18238f123ed6fab051ec94641b78a1ba2e307e7,"{""attack"": ""no adversarial attack implementation in this nnenum version; LP witness extraction retained"", ""cpus"": ""0-3"", ""deviations"": [""CPU affinity 0-3; BLAS/OpenMP=1; CUDA hidden"", ""observation-only hook exports Result.total_secs and cinput; watchdog T+20""], ""official"": ""nnenum CLI auto settings""}","[""CPU affinity 0-3; BLAS/OpenMP=1; CUDA hidden"", ""observation-only hook exports Result.total_secs and cinput; watchdog T+20""]",unsupported_op,"assert False, f""unsupported onnx op_type {op} in node {cur_node.name}""
AssertionError: unsupported onnx op_type Conv in node Conv_0
During handling of the above exception, another exception occurred:
AssertionError: Onnx model contains node with op BatchNormalization, which may not be a linear operation. Updated Settings.WHITELIST if you want to override this.",3.0,714.0,auto_no_attacks_cpu4,"[""nnenum"",""data/vnncomp2026/cifar100_2024/1.0/onnx/CIFAR100_resnet_medium.onnx"",""data/vnncomp2026/cifar100_2024/1.0/vnnlib/CIFAR100_resnet_medium_prop_idx_1728_sidx_3229_eps_0.0039.vnnlib"",100.0,""auto_no_attacks_cpu4""]",
cifar100_2024,13,CIFAR100_resnet_medium.onnx,CIFAR100_resnet_medium_prop_idx_4576_sidx_8179_eps_0.0039.vnnlib,error,,ERROR,0,100.0,,1.238430067896843,0,1.238430067896843,0,0,,,not a FALSIFIED row,1,scratch/logs/fse2026/nnenum/cifar100_2024/00013_3550df4d72583eed915f_ydbjrvco.log,b18238f123ed6fab051ec94641b78a1ba2e307e7,"{""attack"": ""no adversarial attack implementation in this nnenum version; LP witness extraction retained"", ""cpus"": ""0-3"", ""deviations"": [""CPU affinity 0-3; BLAS/OpenMP=1; CUDA hidden"", ""observation-only hook exports Result.total_secs and cinput; watchdog T+20""], ""official"": ""nnenum CLI auto settings""}","[""CPU affinity 0-3; BLAS/OpenMP=1; CUDA hidden"", ""observation-only hook exports Result.total_secs and cinput; watchdog T+20""]",unsupported_op,"assert False, f""unsupported onnx op_type {op} in node {cur_node.name}""
AssertionError: unsupported onnx op_type Conv in node Conv_0
During handling of the above exception, another exception occurred:
AssertionError: Onnx model contains node with op BatchNormalization, which may not be a linear operation. Updated Settings.WHITELIST if you want to override this.",0.0,724.0,auto_no_attacks_cpu4,"[""nnenum"",""data/vnncomp2026/cifar100_2024/1.0/onnx/CIFAR100_resnet_medium.onnx"",""data/vnncomp2026/cifar100_2024/1.0/vnnlib/CIFAR100_resnet_medium_prop_idx_4576_sidx_8179_eps_0.0039.vnnlib"",100.0,""auto_no_attacks_cpu4""]",
cifar100_2024,14,CIFAR100_resnet_medium.onnx,CIFAR100_resnet_medium_prop_idx_8117_sidx_3647_eps_0.0039.vnnlib,error,,ERROR,0,100.0,,1.1887717358767986,0,1.1887717358767986,0,0,,,not a FALSIFIED row,1,scratch/logs/fse2026/nnenum/cifar100_2024/00014_d1c34a81c0b8e1178645_974j01j5.log,b18238f123ed6fab051ec94641b78a1ba2e307e7,"{""attack"": ""no adversarial attack implementation in this nnenum version; LP witness extraction retained"", ""cpus"": ""0-3"", ""deviations"": [""CPU affinity 0-3; BLAS/OpenMP=1; CUDA hidden"", ""observation-only hook exports Result.total_secs and cinput; watchdog T+20""], ""official"": ""nnenum CLI auto settings""}","[""CPU affinity 0-3; BLAS/OpenMP=1; CUDA hidden"", ""observation-only hook exports Result.total_secs and cinput; watchdog T+20""]",unsupported_op,"assert False, f""unsupported onnx op_type {op} in node {cur_node.name}""
AssertionError: unsupported onnx op_type Conv in node Conv_0
During handling of the above exception, another exception occurred:
AssertionError: Onnx model contains node with op BatchNormalization, which may not be a linear operation. Updated Settings.WHITELIST if you want to override this.",0.0,721.0,auto_no_attacks_cpu4,"[""nnenum"",""data/vnncomp2026/cifar100_2024/1.0/onnx/CIFAR100_resnet_medium.onnx"",""data/vnncomp2026/cifar100_2024/1.0/vnnlib/CIFAR100_resnet_medium_prop_idx_8117_sidx_3647_eps_0.0039.vnnlib"",100.0,""auto_no_attacks_cpu4""]",
cifar100_2024,15,CIFAR100_resnet_medium.onnx,CIFAR100_resnet_medium_prop_idx_1527_sidx_2130_eps_0.0039.vnnlib,error,,ERROR,0,100.0,,1.087118348106742,0,1.087118348106742,0,0,,,not a FALSIFIED row,1,scratch/logs/fse2026/nnenum/cifar100_2024/00015_97d0184538a2f05efe5d_62k5tfbd.log,b18238f123ed6fab051ec94641b78a1ba2e307e7,"{""attack"": ""no adversarial attack implementation in this nnenum version; LP witness extraction retained"", ""cpus"": ""0-3"", ""deviations"": [""CPU affinity 0-3; BLAS/OpenMP=1; CUDA hidden"", ""observation-only hook exports Result.total_secs and cinput; watchdog T+20""], ""official"": ""nnenum CLI auto settings""}","[""CPU affinity 0-3; BLAS/OpenMP=1; CUDA hidden"", ""observation-only hook exports Result.total_secs and cinput; watchdog T+20""]",unsupported_op,"assert False, f""unsupported onnx op_type {op} in node {cur_node.name}""
AssertionError: unsupported onnx op_type Conv in node Conv_0
During handling of the above exception, another exception occurred:
AssertionError: Onnx model contains node with op BatchNormalization, which may not be a linear operation. Updated Settings.WHITELIST if you want to override this.",0.0,37.0,auto_no_attacks_cpu4,"[""nnenum"",""data/vnncomp2026/cifar100_2024/1.0/onnx/CIFAR100_resnet_medium.onnx"",""data/vnncomp2026/cifar100_2024/1.0/vnnlib/CIFAR100_resnet_medium_prop_idx_1527_sidx_2130_eps_0.0039.vnnlib"",100.0,""auto_no_attacks_cpu4""]",
cifar100_2024,16,CIFAR100_resnet_medium.onnx,CIFAR100_resnet_medium_prop_idx_9726_sidx_4400_eps_0.0039.vnnlib,error,,ERROR,0,100.0,,1.1394663024693727,0,1.1394663024693727,0,0,,,not a FALSIFIED row,1,scratch/logs/fse2026/nnenum/cifar100_2024/00016_430b1933e0adca4dc21c_ai71pecg.log,b18238f123ed6fab051ec94641b78a1ba2e307e7,"{""attack"": ""no adversarial attack implementation in this nnenum version; LP witness extraction retained"", ""cpus"": ""0-3"", ""deviations"": [""CPU affinity 0-3; BLAS/OpenMP=1; CUDA hidden"", ""observation-only hook exports Result.total_secs and cinput; watchdog T+20""], ""official"": ""nnenum CLI auto settings""}","[""CPU affinity 0-3; BLAS/OpenMP=1; CUDA hidden"", ""observation-only hook exports Result.total_secs and cinput; watchdog T+20""]",unsupported_op,"assert False, f""unsupported onnx op_type {op} in node {cur_node.name}""
AssertionError: unsupported onnx op_type Conv in node Conv_0
During handling of the above exception, another exception occurred:
AssertionError: Onnx model contains node with op BatchNormalization, which may not be a linear operation. Updated Settings.WHITELIST if you want to override this.",0.0,714.0,auto_no_attacks_cpu4,"[""nnenum"",""data/vnncomp2026/cifar100_2024/1.0/onnx/CIFAR100_resnet_medium.onnx"",""data/vnncomp2026/cifar100_2024/1.0/vnnlib/CIFAR100_resnet_medium_prop_idx_9726_sidx_4400_eps_0.0039.vnnlib"",100.0,""auto_no_attacks_cpu4""]",
cifar100_2024,17,CIFAR100_resnet_medium.onnx,CIFAR100_resnet_medium_prop_idx_1085_sidx_260_eps_0.0039.vnnlib,error,,ERROR,0,100.0,,1.1474180910736322,0,1.1474180910736322,0,0,,,not a FALSIFIED row,1,scratch/logs/fse2026/nnenum/cifar100_2024/00017_edd965a1559f6a29c054_uyetzv1a.log,b18238f123ed6fab051ec94641b78a1ba2e307e7,"{""attack"": ""no adversarial attack implementation in this nnenum version; LP witness extraction retained"", ""cpus"": ""0-3"", ""deviations"": [""CPU affinity 0-3; BLAS/OpenMP=1; CUDA hidden"", ""observation-only hook exports Result.total_secs and cinput; watchdog T+20""], ""official"": ""nnenum CLI auto settings""}","[""CPU affinity 0-3; BLAS/OpenMP=1; CUDA hidden"", ""observation-only hook exports Result.total_secs and cinput; watchdog T+20""]",unsupported_op,"assert False, f""unsupported onnx op_type {op} in node {cur_node.name}""
AssertionError: unsupported onnx op_type Conv in node Conv_0
During handling of the above exception, another exception occurred:
AssertionError: Onnx model contains node with op BatchNormalization, which may not be a linear operation. Updated Settings.WHITELIST if you want to override this.",0.0,802.0,auto_no_attacks_cpu4,"[""nnenum"",""data/vnncomp2026/cifar100_2024/1.0/onnx/CIFAR100_resnet_medium.onnx"",""data/vnncomp2026/cifar100_2024/1.0/vnnlib/CIFAR100_resnet_medium_prop_idx_1085_sidx_260_eps_0.0039.vnnlib"",100.0,""auto_no_attacks_cpu4""]",
cifar100_2024,18,CIFAR100_resnet_medium.onnx,CIFAR100_resnet_medium_prop_idx_4921_sidx_3617_eps_0.0039.vnnlib,error,,ERROR,0,100.0,,1.0869749560952187,0,1.0869749560952187,0,0,,,not a FALSIFIED row,1,scratch/logs/fse2026/nnenum/cifar100_2024/00018_c7be29c20698bb39000d_po9rv_23.log,b18238f123ed6fab051ec94641b78a1ba2e307e7,"{""attack"": ""no adversarial attack implementation in this nnenum version; LP witness extraction retained"", ""cpus"": ""0-3"", ""deviations"": [""CPU affinity 0-3; BLAS/OpenMP=1; CUDA hidden"", ""observation-only hook exports Result.total_secs and cinput; watchdog T+20""], ""official"": ""nnenum CLI auto settings""}","[""CPU affinity 0-3; BLAS/OpenMP=1; CUDA hidden"", ""observation-only hook exports Result.total_secs and cinput; watchdog T+20""]",unsupported_op,"assert False, f""unsupported onnx op_type {op} in node {cur_node.name}""
AssertionError: unsupported onnx op_type Conv in node Conv_0
During handling of the above exception, another exception occurred:
AssertionError: Onnx model contains node with op BatchNormalization, which may not be a linear operation. Updated Settings.WHITELIST if you want to override this.",0.0,7446.0,auto_no_attacks_cpu4,"[""nnenum"",""data/vnncomp2026/cifar100_2024/1.0/onnx/CIFAR100_resnet_medium.onnx"",""data/vnncomp2026/cifar100_2024/1.0/vnnlib/CIFAR100_resnet_medium_prop_idx_4921_sidx_3617_eps_0.0039.vnnlib"",100.0,""auto_no_attacks_cpu4""]",
cifar100_2024,19,CIFAR100_resnet_medium.onnx,CIFAR100_resnet_medium_prop_idx_6636_sidx_9774_eps_0.0039.vnnlib,error,,ERROR,0,100.0,,1.2007147911936045,0,1.2007147911936045,0,0,,,not a FALSIFIED row,1,scratch/logs/fse2026/nnenum/cifar100_2024/00019_d49414fb6eabd1dd2fac_j9zy65ah.log,b18238f123ed6fab051ec94641b78a1ba2e307e7,"{""attack"": ""no adversarial attack implementation in this nnenum version; LP witness extraction retained"", ""cpus"": ""0-3"", ""deviations"": [""CPU affinity 0-3; BLAS/OpenMP=1; CUDA hidden"", ""observation-only hook exports Result.total_secs and cinput; watchdog T+20""], ""official"": ""nnenum CLI auto settings""}","[""CPU affinity 0-3; BLAS/OpenMP=1; CUDA hidden"", ""observation-only hook exports Result.total_secs and cinput; watchdog T+20""]",unsupported_op,"assert False, f""unsupported onnx op_type {op} in node {cur_node.name}""
AssertionError: unsupported onnx op_type Conv in node Conv_0
During handling of the above exception, another exception occurred:
AssertionError: Onnx model contains node with op BatchNormalization, which may not be a linear operation. Updated Settings.WHITELIST if you want to override this.",80.0,7448.0,auto_no_attacks_cpu4,"[""nnenum"",""data/vnncomp2026/cifar100_2024/1.0/onnx/CIFAR100_resnet_medium.onnx"",""data/vnncomp2026/cifar100_2024/1.0/vnnlib/CIFAR100_resnet_medium_prop_idx_6636_sidx_9774_eps_0.0039.vnnlib"",100.0,""auto_no_attacks_cpu4""]",
cifar100_2024,20,CIFAR100_resnet_medium.onnx,CIFAR100_resnet_medium_prop_idx_7213_sidx_4604_eps_0.0039.vnnlib,error,,ERROR,0,100.0,,1.1378654781728983,0,1.1378654781728983,0,0,,,not a FALSIFIED row,1,scratch/logs/fse2026/nnenum/cifar100_2024/00020_c610fd88c3cc5087f7d1__ydss3cg.log,b18238f123ed6fab051ec94641b78a1ba2e307e7,"{""attack"": ""no adversarial attack implementation in this nnenum version; LP witness extraction retained"", ""cpus"": ""0-3"", ""deviations"": [""CPU affinity 0-3; BLAS/OpenMP=1; CUDA hidden"", ""observation-only hook exports Result.total_secs and cinput; watchdog T+20""], ""official"": ""nnenum CLI auto settings""}","[""CPU affinity 0-3; BLAS/OpenMP=1; CUDA hidden"", ""observation-only hook exports Result.total_secs and cinput; watchdog T+20""]",unsupported_op,"assert False, f""unsupported onnx op_type {op} in node {cur_node.name}""
AssertionError: unsupported onnx op_type Conv in node Conv_0
During handling of the above exception, another exception occurred:
AssertionError: Onnx model contains node with op BatchNormalization, which may not be a linear operation. Updated Settings.WHITELIST if you want to override this.",77.0,2264.0,auto_no_attacks_cpu4,"[""nnenum"",""data/vnncomp2026/cifar100_2024/1.0/onnx/CIFAR100_resnet_medium.onnx"",""data/vnncomp2026/cifar100_2024/1.0/vnnlib/CIFAR100_resnet_medium_prop_idx_7213_sidx_4604_eps_0.0039.vnnlib"",100.0,""auto_no_attacks_cpu4""]",
cifar100_2024,21,CIFAR100_resnet_medium.onnx,CIFAR100_resnet_medium_prop_idx_7466_sidx_5057_eps_0.0039.vnnlib,error,,ERROR,0,100.0,,1.1398190148174763,0,1.1398190148174763,0,0,,,not a FALSIFIED row,1,scratch/logs/fse2026/nnenum/cifar100_2024/00021_28f9de2a57903e36fd80_p_vo_j16.log,b18238f123ed6fab051ec94641b78a1ba2e307e7,"{""attack"": ""no adversarial attack implementation in this nnenum version; LP witness extraction retained"", ""cpus"": ""0-3"", ""deviations"": [""CPU affinity 0-3; BLAS/OpenMP=1; CUDA hidden"", ""observation-only hook exports Result.total_secs and cinput; watchdog T+20""], ""official"": ""nnenum CLI auto settings""}","[""CPU affinity 0-3; BLAS/OpenMP=1; CUDA hidden"", ""observation-only hook exports Result.total_secs and cinput; watchdog T+20""]",unsupported_op,"assert False, f""unsupported onnx op_type {op} in node {cur_node.name}""
AssertionError: unsupported onnx op_type Conv in node Conv_0
During handling of the above exception, another exception occurred:
AssertionError: Onnx model contains node with op BatchNormalization, which may not be a linear operation. Updated Settings.WHITELIST if you want to override this.",0.0,34.0,auto_no_attacks_cpu4,"[""nnenum"",""data/vnncomp2026/cifar100_2024/1.0/onnx/CIFAR100_resnet_medium.onnx"",""data/vnncomp2026/cifar100_2024/1.0/vnnlib/CIFAR100_resnet_medium_prop_idx_7466_sidx_5057_eps_0.0039.vnnlib"",100.0,""auto_no_attacks_cpu4""]",
cifar100_2024,22,CIFAR100_resnet_medium.onnx,CIFAR100_resnet_medium_prop_idx_1139_sidx_7939_eps_0.0039.vnnlib,error,,ERROR,0,100.0,,1.1405122559517622,0,1.1405122559517622,0,0,,,not a FALSIFIED row,1,scratch/logs/fse2026/nnenum/cifar100_2024/00022_5fa71861ae502035f910_1p_0yxru.log,b18238f123ed6fab051ec94641b78a1ba2e307e7,"{""attack"": ""no adversarial attack implementation in this nnenum version; LP witness extraction retained"", ""cpus"": ""0-3"", ""deviations"": [""CPU affinity 0-3; BLAS/OpenMP=1; CUDA hidden"", ""observation-only hook exports Result.total_secs and cinput; watchdog T+20""], ""official"": ""nnenum CLI auto settings""}","[""CPU affinity 0-3; BLAS/OpenMP=1; CUDA hidden"", ""observation-only hook exports Result.total_secs and cinput; watchdog T+20""]",unsupported_op,"assert False, f""unsupported onnx op_type {op} in node {cur_node.name}""
AssertionError: unsupported onnx op_type Conv in node Conv_0
During handling of the above exception, another exception occurred:
AssertionError: Onnx model contains node with op BatchNormalization, which may not be a linear operation. Updated Settings.WHITELIST if you want to override this.",0.0,37.0,auto_no_attacks_cpu4,"[""nnenum"",""data/vnncomp2026/cifar100_2024/1.0/onnx/CIFAR100_resnet_medium.onnx"",""data/vnncomp2026/cifar100_2024/1.0/vnnlib/CIFAR100_resnet_medium_prop_idx_1139_sidx_7939_eps_0.0039.vnnlib"",100.0,""auto_no_attacks_cpu4""]",
cifar100_2024,23,CIFAR100_resnet_medium.onnx,CIFAR100_resnet_medium_prop_idx_4644_sidx_2110_eps_0.0039.vnnlib,error,,ERROR,0,100.0,,1.193575318902731,0,1.193575318902731,0,0,,,not a FALSIFIED row,1,scratch/logs/fse2026/nnenum/cifar100_2024/00023_0ef860355b3f8176de25_umbdak19.log,b18238f123ed6fab051ec94641b78a1ba2e307e7,"{""attack"": ""no adversarial attack implementation in this nnenum version; LP witness extraction retained"", ""cpus"": ""0-3"", ""deviations"": [""CPU affinity 0-3; BLAS/OpenMP=1; CUDA hidden"", ""observation-only hook exports Result.total_secs and cinput; watchdog T+20""], ""official"": ""nnenum CLI auto settings""}","[""CPU affinity 0-3; BLAS/OpenMP=1; CUDA hidden"", ""observation-only hook exports Result.total_secs and cinput; watchdog T+20""]",unsupported_op,"assert False, f""unsupported onnx op_type {op} in node {cur_node.name}""
AssertionError: unsupported onnx op_type Conv in node Conv_0
During handling of the above exception, another exception occurred:
AssertionError: Onnx model contains node with op BatchNormalization, which may not be a linear operation. Updated Settings.WHITELIST if you want to override this.",0.0,714.0,auto_no_attacks_cpu4,"[""nnenum"",""data/vnncomp2026/cifar100_2024/1.0/onnx/CIFAR100_resnet_medium.onnx"",""data/vnncomp2026/cifar100_2024/1.0/vnnlib/CIFAR100_resnet_medium_prop_idx_4644_sidx_2110_eps_0.0039.vnnlib"",100.0,""auto_no_attacks_cpu4""]",
cifar100_2024,24,CIFAR100_resnet_medium.onnx,CIFAR100_resnet_medium_prop_idx_3905_sidx_6786_eps_0.0039.vnnlib,error,,ERROR,0,100.0,,1.2416598871350288,0,1.2416598871350288,0,0,,,not a FALSIFIED row,1,scratch/logs/fse2026/nnenum/cifar100_2024/00024_9cc37ca690cc6c2a3eb1_ik6oumpt.log,b18238f123ed6fab051ec94641b78a1ba2e307e7,"{""attack"": ""no adversarial attack implementation in this nnenum version; LP witness extraction retained"", ""cpus"": ""0-3"", ""deviations"": [""CPU affinity 0-3; BLAS/OpenMP=1; CUDA hidden"", ""observation-only hook exports Result.total_secs and cinput; watchdog T+20""], ""official"": ""nnenum CLI auto settings""}","[""CPU affinity 0-3; BLAS/OpenMP=1; CUDA hidden"", ""observation-only hook exports Result.total_secs and cinput; watchdog T+20""]",unsupported_op,"assert False, f""unsupported onnx op_type {op} in node {cur_node.name}""
AssertionError: unsupported onnx op_type Conv in node Conv_0
During handling of the above exception, another exception occurred:
AssertionError: Onnx model contains node with op BatchNormalization, which may not be a linear operation. Updated Settings.WHITELIST if you want to override this.",0.0,724.0,auto_no_attacks_cpu4,"[""nnenum"",""data/vnncomp2026/cifar100_2024/1.0/onnx/CIFAR100_resnet_medium.onnx"",""data/vnncomp2026/cifar100_2024/1.0/vnnlib/CIFAR100_resnet_medium_prop_idx_3905_sidx_6786_eps_0.0039.vnnlib"",100.0,""auto_no_attacks_cpu4""]",
cifar100_2024,25,CIFAR100_resnet_medium.onnx,CIFAR100_resnet_medium_prop_idx_2409_sidx_9513_eps_0.0039.vnnlib,error,,ERROR,0,100.0,,1.2446705605834723,0,1.2446705605834723,0,0,,,not a FALSIFIED row,1,scratch/logs/fse2026/nnenum/cifar100_2024/00025_d0ce69a872e5c5303b5f_fjgbl_3e.log,b18238f123ed6fab051ec94641b78a1ba2e307e7,"{""attack"": ""no adversarial attack implementation in this nnenum version; LP witness extraction retained"", ""cpus"": ""0-3"", ""deviations"": [""CPU affinity 0-3; BLAS/OpenMP=1; CUDA hidden"", ""observation-only hook exports Result.total_secs and cinput; watchdog T+20""], ""official"": ""nnenum CLI auto settings""}","[""CPU affinity 0-3; BLAS/OpenMP=1; CUDA hidden"", ""observation-only hook exports Result.total_secs and cinput; watchdog T+20""]",unsupported_op,"assert False, f""unsupported onnx op_type {op} in node {cur_node.name}""
AssertionError: unsupported onnx op_type Conv in node Conv_0
During handling of the above exception, another exception occurred:
AssertionError: Onnx model contains node with op BatchNormalization, which may not be a linear operation. Updated Settings.WHITELIST if you want to override this.",0.0,724.0,auto_no_attacks_cpu4,"[""nnenum"",""data/vnncomp2026/cifar100_2024/1.0/onnx/CIFAR100_resnet_medium.onnx"",""data/vnncomp2026/cifar100_2024/1.0/vnnlib/CIFAR100_resnet_medium_prop_idx_2409_sidx_9513_eps_0.0039.vnnlib"",100.0,""auto_no_attacks_cpu4""]",
cifar100_2024,26,CIFAR100_resnet_medium.onnx,CIFAR100_resnet_medium_prop_idx_8183_sidx_8618_eps_0.0039.vnnlib,error,,ERROR,0,100.0,,1.1403972748667002,0,1.1403972748667002,0,0,,,not a FALSIFIED row,1,scratch/logs/fse2026/nnenum/cifar100_2024/00026_202bb828155d4cea4932_g2bne7im.log,b18238f123ed6fab051ec94641b78a1ba2e307e7,"{""attack"": ""no adversarial attack implementation in this nnenum version; LP witness extraction retained"", ""cpus"": ""0-3"", ""deviations"": [""CPU affinity 0-3; BLAS/OpenMP=1; CUDA hidden"", ""observation-only hook exports Result.total_secs and cinput; watchdog T+20""], ""official"": ""nnenum CLI auto settings""}","[""CPU affinity 0-3; BLAS/OpenMP=1; CUDA hidden"", ""observation-only hook exports Result.total_secs and cinput; watchdog T+20""]",unsupported_op,"assert False, f""unsupported onnx op_type {op} in node {cur_node.name}""
AssertionError: unsupported onnx op_type Conv in node Conv_0
During handling of the above exception, another exception occurred:
AssertionError: Onnx model contains node with op BatchNormalization, which may not be a linear operation. Updated Settings.WHITELIST if you want to override this.",0.0,34.0,auto_no_attacks_cpu4,"[""nnenum"",""data/vnncomp2026/cifar100_2024/1.0/onnx/CIFAR100_resnet_medium.onnx"",""data/vnncomp2026/cifar100_2024/1.0/vnnlib/CIFAR100_resnet_medium_prop_idx_8183_sidx_8618_eps_0.0039.vnnlib"",100.0,""auto_no_attacks_cpu4""]",
cifar100_2024,27,CIFAR100_resnet_medium.onnx,CIFAR100_resnet_medium_prop_idx_4829_sidx_7269_eps_0.0039.vnnlib,error,,ERROR,0,100.0,,1.1382598113268614,0,1.1382598113268614,0,0,,,not a FALSIFIED row,1,scratch/logs/fse2026/nnenum/cifar100_2024/00027_b50a0551140d02bc8488_fhct4y3s.log,b18238f123ed6fab051ec94641b78a1ba2e307e7,"{""attack"": ""no adversarial attack implementation in this nnenum version; LP witness extraction retained"", ""cpus"": ""0-3"", ""deviations"": [""CPU affinity 0-3; BLAS/OpenMP=1; CUDA hidden"", ""observation-only hook exports Result.total_secs and cinput; watchdog T+20""], ""official"": ""nnenum CLI auto settings""}","[""CPU affinity 0-3; BLAS/OpenMP=1; CUDA hidden"", ""observation-only hook exports Result.total_secs and cinput; watchdog T+20""]",unsupported_op,"assert False, f""unsupported onnx op_type {op} in node {cur_node.name}""
AssertionError: unsupported onnx op_type Conv in node Conv_0
During handling of the above exception, another exception occurred:
AssertionError: Onnx model contains node with op BatchNormalization, which may not be a linear operation. Updated Settings.WHITELIST if you want to override this.",0.0,56.0,auto_no_attacks_cpu4,"[""nnenum"",""data/vnncomp2026/cifar100_2024/1.0/onnx/CIFAR100_resnet_medium.onnx"",""data/vnncomp2026/cifar100_2024/1.0/vnnlib/CIFAR100_resnet_medium_prop_idx_4829_sidx_7269_eps_0.0039.vnnlib"",100.0,""auto_no_attacks_cpu4""]",
cifar100_2024,28,CIFAR100_resnet_medium.onnx,CIFAR100_resnet_medium_prop_idx_7089_sidx_5353_eps_0.0039.vnnlib,error,,ERROR,0,100.0,,1.1870021801441908,0,1.1870021801441908,0,0,,,not a FALSIFIED row,1,scratch/logs/fse2026/nnenum/cifar100_2024/00028_621acf60c59d3b96af33_thcrvheu.log,b18238f123ed6fab051ec94641b78a1ba2e307e7,"{""attack"": ""no adversarial attack implementation in this nnenum version; LP witness extraction retained"", ""cpus"": ""0-3"", ""deviations"": [""CPU affinity 0-3; BLAS/OpenMP=1; CUDA hidden"", ""observation-only hook exports Result.total_secs and cinput; watchdog T+20""], ""official"": ""nnenum CLI auto settings""}","[""CPU affinity 0-3; BLAS/OpenMP=1; CUDA hidden"", ""observation-only hook exports Result.total_secs and cinput; watchdog T+20""]",unsupported_op,"assert False, f""unsupported onnx op_type {op} in node {cur_node.name}""
AssertionError: unsupported onnx op_type Conv in node Conv_0
During handling of the above exception, another exception occurred:
AssertionError: Onnx model contains node with op BatchNormalization, which may not be a linear operation. Updated Settings.WHITELIST if you want to override this.",1.0,724.0,auto_no_attacks_cpu4,"[""nnenum"",""data/vnncomp2026/cifar100_2024/1.0/onnx/CIFAR100_resnet_medium.onnx"",""data/vnncomp2026/cifar100_2024/1.0/vnnlib/CIFAR100_resnet_medium_prop_idx_7089_sidx_5353_eps_0.0039.vnnlib"",100.0,""auto_no_attacks_cpu4""]",
cifar100_2024,29,CIFAR100_resnet_medium.onnx,CIFAR100_resnet_medium_prop_idx_702_sidx_1022_eps_0.0039.vnnlib,error,,ERROR,0,100.0,,1.138239724561572,0,1.138239724561572,0,0,,,not a FALSIFIED row,1,scratch/logs/fse2026/nnenum/cifar100_2024/00029_c269b98cca3846733e1c_r5w4yebo.log,b18238f123ed6fab051ec94641b78a1ba2e307e7,"{""attack"": ""no adversarial attack implementation in this nnenum version; LP witness extraction retained"", ""cpus"": ""0-3"", ""deviations"": [""CPU affinity 0-3; BLAS/OpenMP=1; CUDA hidden"", ""observation-only hook exports Result.total_secs and cinput; watchdog T+20""], ""official"": ""nnenum CLI auto settings""}","[""CPU affinity 0-3; BLAS/OpenMP=1; CUDA hidden"", ""observation-only hook exports Result.total_secs and cinput; watchdog T+20""]",unsupported_op,"assert False, f""unsupported onnx op_type {op} in node {cur_node.name}""
AssertionError: unsupported onnx op_type Conv in node Conv_0
During handling of the above exception, another exception occurred:
AssertionError: Onnx model contains node with op BatchNormalization, which may not be a linear operation. Updated Settings.WHITELIST if you want to override this.",6.0,7400.0,auto_no_attacks_cpu4,"[""nnenum"",""data/vnncomp2026/cifar100_2024/1.0/onnx/CIFAR100_resnet_medium.onnx"",""data/vnncomp2026/cifar100_2024/1.0/vnnlib/CIFAR100_resnet_medium_prop_idx_702_sidx_1022_eps_0.0039.vnnlib"",100.0,""auto_no_attacks_cpu4""]",
cifar100_2024,30,CIFAR100_resnet_medium.onnx,CIFAR100_resnet_medium_prop_idx_4256_sidx_94_eps_0.0039.vnnlib,error,,ERROR,0,100.0,,1.0870382487773895,0,1.0870382487773895,0,0,,,not a FALSIFIED row,1,scratch/logs/fse2026/nnenum/cifar100_2024/00030_ccb608b9df172b009634_vdrc9mhd.log,b18238f123ed6fab051ec94641b78a1ba2e307e7,"{""attack"": ""no adversarial attack implementation in this nnenum version; LP witness extraction retained"", ""cpus"": ""0-3"", ""deviations"": [""CPU affinity 0-3; BLAS/OpenMP=1; CUDA hidden"", ""observation-only hook exports Result.total_secs and cinput; watchdog T+20""], ""official"": ""nnenum CLI auto settings""}","[""CPU affinity 0-3; BLAS/OpenMP=1; CUDA hidden"", ""observation-only hook exports Result.total_secs and cinput; watchdog T+20""]",unsupported_op,"assert False, f""unsupported onnx op_type {op} in node {cur_node.name}""
AssertionError: unsupported onnx op_type Conv in node Conv_0
During handling of the above exception, another exception occurred:
AssertionError: Onnx model contains node with op BatchNormalization, which may not be a linear operation. Updated Settings.WHITELIST if you want to override this.",79.0,7414.0,auto_no_attacks_cpu4,"[""nnenum"",""data/vnncomp2026/cifar100_2024/1.0/onnx/CIFAR100_resnet_medium.onnx"",""data/vnncomp2026/cifar100_2024/1.0/vnnlib/CIFAR100_resnet_medium_prop_idx_4256_sidx_94_eps_0.0039.vnnlib"",100.0,""auto_no_attacks_cpu4""]",
cifar100_2024,31,CIFAR100_resnet_medium.onnx,CIFAR100_resnet_medium_prop_idx_8114_sidx_3076_eps_0.0039.vnnlib,error,,ERROR,0,100.0,,1.1399611588567495,0,1.1399611588567495,0,0,,,not a FALSIFIED row,1,scratch/logs/fse2026/nnenum/cifar100_2024/00031_6bebcf85d276bd224613_oq5mr1rn.log,b18238f123ed6fab051ec94641b78a1ba2e307e7,"{""attack"": ""no adversarial attack implementation in this nnenum version; LP witness extraction retained"", ""cpus"": ""0-3"", ""deviations"": [""CPU affinity 0-3; BLAS/OpenMP=1; CUDA hidden"", ""observation-only hook exports Result.total_secs and cinput; watchdog T+20""], ""official"": ""nnenum CLI auto settings""}","[""CPU affinity 0-3; BLAS/OpenMP=1; CUDA hidden"", ""observation-only hook exports Result.total_secs and cinput; watchdog T+20""]",unsupported_op,"assert False, f""unsupported onnx op_type {op} in node {cur_node.name}""
AssertionError: unsupported onnx op_type Conv in node Conv_0
During handling of the above exception, another exception occurred:
AssertionError: Onnx model contains node with op BatchNormalization, which may not be a linear operation. Updated Settings.WHITELIST if you want to override this.",0.0,1292.0,auto_no_attacks_cpu4,"[""nnenum"",""data/vnncomp2026/cifar100_2024/1.0/onnx/CIFAR100_resnet_medium.onnx"",""data/vnncomp2026/cifar100_2024/1.0/vnnlib/CIFAR100_resnet_medium_prop_idx_8114_sidx_3076_eps_0.0039.vnnlib"",100.0,""auto_no_attacks_cpu4""]",
cifar100_2024,32,CIFAR100_resnet_medium.onnx,CIFAR100_resnet_medium_prop_idx_8279_sidx_1266_eps_0.0039.vnnlib,error,,ERROR,0,100.0,,1.0899246856570244,0,1.0899246856570244,0,0,,,not a FALSIFIED row,1,scratch/logs/fse2026/nnenum/cifar100_2024/00032_5ad1fb2484f217865622_qy04s08l.log,b18238f123ed6fab051ec94641b78a1ba2e307e7,"{""attack"": ""no adversarial attack implementation in this nnenum version; LP witness extraction retained"", ""cpus"": ""0-3"", ""deviations"": [""CPU affinity 0-3; BLAS/OpenMP=1; CUDA hidden"", ""observation-only hook exports Result.total_secs and cinput; watchdog T+20""], ""official"": ""nnenum CLI auto settings""}","[""CPU affinity 0-3; BLAS/OpenMP=1; CUDA hidden"", ""observation-only hook exports Result.total_secs and cinput; watchdog T+20""]",unsupported_op,"assert False, f""unsupported onnx op_type {op} in node {cur_node.name}""
AssertionError: unsupported onnx op_type Conv in node Conv_0
During handling of the above exception, another exception occurred:
AssertionError: Onnx model contains node with op BatchNormalization, which may not be a linear operation. Updated Settings.WHITELIST if you want to override this.",25.0,3790.0,auto_no_attacks_cpu4,"[""nnenum"",""data/vnncomp2026/cifar100_2024/1.0/onnx/CIFAR100_resnet_medium.onnx"",""data/vnncomp2026/cifar100_2024/1.0/vnnlib/CIFAR100_resnet_medium_prop_idx_8279_sidx_1266_eps_0.0039.vnnlib"",100.0,""auto_no_attacks_cpu4""]",
cifar100_2024,33,CIFAR100_resnet_medium.onnx,CIFAR100_resnet_medium_prop_idx_2304_sidx_7673_eps_0.0039.vnnlib,error,,ERROR,0,100.0,,1.0914572551846504,0,1.0914572551846504,0,0,,,not a FALSIFIED row,1,scratch/logs/fse2026/nnenum/cifar100_2024/00033_40140d79c6d09c3a17bb_ba0y30pn.log,b18238f123ed6fab051ec94641b78a1ba2e307e7,"{""attack"": ""no adversarial attack implementation in this nnenum version; LP witness extraction retained"", ""cpus"": ""0-3"", ""deviations"": [""CPU affinity 0-3; BLAS/OpenMP=1; CUDA hidden"", ""observation-only hook exports Result.total_secs and cinput; watchdog T+20""], ""official"": ""nnenum CLI auto settings""}","[""CPU affinity 0-3; BLAS/OpenMP=1; CUDA hidden"", ""observation-only hook exports Result.total_secs and cinput; watchdog T+20""]",unsupported_op,"assert False, f""unsupported onnx op_type {op} in node {cur_node.name}""
AssertionError: unsupported onnx op_type Conv in node Conv_0
During handling of the above exception, another exception occurred:
AssertionError: Onnx model contains node with op BatchNormalization, which may not be a linear operation. Updated Settings.WHITELIST if you want to override this.",55.0,9074.0,auto_no_attacks_cpu4,"[""nnenum"",""data/vnncomp2026/cifar100_2024/1.0/onnx/CIFAR100_resnet_medium.onnx"",""data/vnncomp2026/cifar100_2024/1.0/vnnlib/CIFAR100_resnet_medium_prop_idx_2304_sidx_7673_eps_0.0039.vnnlib"",100.0,""auto_no_attacks_cpu4""]",
cifar100_2024,34,CIFAR100_resnet_medium.onnx,CIFAR100_resnet_medium_prop_idx_8502_sidx_2893_eps_0.0039.vnnlib,error,,ERROR,0,100.0,,1.1915077771991491,0,1.1915077771991491,0,0,,,not a FALSIFIED row,1,scratch/logs/fse2026/nnenum/cifar100_2024/00034_56d5989c4be3741ef9b9_tpn33b7z.log,b18238f123ed6fab051ec94641b78a1ba2e307e7,"{""attack"": ""no adversarial attack implementation in this nnenum version; LP witness extraction retained"", ""cpus"": ""0-3"", ""deviations"": [""CPU affinity 0-3; BLAS/OpenMP=1; CUDA hidden"", ""observation-only hook exports Result.total_secs and cinput; watchdog T+20""], ""official"": ""nnenum CLI auto settings""}","[""CPU affinity 0-3; BLAS/OpenMP=1; CUDA hidden"", ""observation-only hook exports Result.total_secs and cinput; watchdog T+20""]",unsupported_op,"assert False, f""unsupported onnx op_type {op} in node {cur_node.name}""
AssertionError: unsupported onnx op_type Conv in node Conv_0
During handling of the above exception, another exception occurred:
AssertionError: Onnx model contains node with op BatchNormalization, which may not be a linear operation. Updated Settings.WHITELIST if you want to override this.",81.0,11084.0,auto_no_attacks_cpu4,"[""nnenum"",""data/vnncomp2026/cifar100_2024/1.0/onnx/CIFAR100_resnet_medium.onnx"",""data/vnncomp2026/cifar100_2024/1.0/vnnlib/CIFAR100_resnet_medium_prop_idx_8502_sidx_2893_eps_0.0039.vnnlib"",100.0,""auto_no_attacks_cpu4""]",
cifar100_2024,35,CIFAR100_resnet_medium.onnx,CIFAR100_resnet_medium_prop_idx_4275_sidx_5391_eps_0.0039.vnnlib,error,,ERROR,0,100.0,,1.242025101557374,0,1.242025101557374,0,0,,,not a FALSIFIED row,1,scratch/logs/fse2026/nnenum/cifar100_2024/00035_f6348c616f33e1bceda3_8o8u962q.log,b18238f123ed6fab051ec94641b78a1ba2e307e7,"{""attack"": ""no adversarial attack implementation in this nnenum version; LP witness extraction retained"", ""cpus"": ""0-3"", ""deviations"": [""CPU affinity 0-3; BLAS/OpenMP=1; CUDA hidden"", ""observation-only hook exports Result.total_secs and cinput; watchdog T+20""], ""official"": ""nnenum CLI auto settings""}","[""CPU affinity 0-3; BLAS/OpenMP=1; CUDA hidden"", ""observation-only hook exports Result.total_secs and cinput; watchdog T+20""]",unsupported_op,"assert False, f""unsupported onnx op_type {op} in node {cur_node.name}""
AssertionError: unsupported onnx op_type Conv in node Conv_0
During handling of the above exception, another exception occurred:
AssertionError: Onnx model contains node with op BatchNormalization, which may not be a linear operation. Updated Settings.WHITELIST if you want to override this.",96.0,15912.0,auto_no_attacks_cpu4,"[""nnenum"",""data/vnncomp2026/cifar100_2024/1.0/onnx/CIFAR100_resnet_medium.onnx"",""data/vnncomp2026/cifar100_2024/1.0/vnnlib/CIFAR100_resnet_medium_prop_idx_4275_sidx_5391_eps_0.0039.vnnlib"",100.0,""auto_no_attacks_cpu4""]",
cifar100_2024,36,CIFAR100_resnet_medium.onnx,CIFAR100_resnet_medium_prop_idx_5371_sidx_1200_eps_0.0039.vnnlib,error,,ERROR,0,100.0,,1.2375949379056692,0,1.2375949379056692,0,0,,,not a FALSIFIED row,1,scratch/logs/fse2026/nnenum/cifar100_2024/00036_91935c47681d31d0e630_vne9erad.log,b18238f123ed6fab051ec94641b78a1ba2e307e7,"{""attack"": ""no adversarial attack implementation in this nnenum version; LP witness extraction retained"", ""cpus"": ""0-3"", ""deviations"": [""CPU affinity 0-3; BLAS/OpenMP=1; CUDA hidden"", ""observation-only hook exports Result.total_secs and cinput; watchdog T+20""], ""official"": ""nnenum CLI auto settings""}","[""CPU affinity 0-3; BLAS/OpenMP=1; CUDA hidden"", ""observation-only hook exports Result.total_secs and cinput; watchdog T+20""]",unsupported_op,"assert False, f""unsupported onnx op_type {op} in node {cur_node.name}""
AssertionError: unsupported onnx op_type Conv in node Conv_0
During handling of the above exception, another exception occurred:
AssertionError: Onnx model contains node with op BatchNormalization, which may not be a linear operation. Updated Settings.WHITELIST if you want to override this.",83.0,18894.0,auto_no_attacks_cpu4,"[""nnenum"",""data/vnncomp2026/cifar100_2024/1.0/onnx/CIFAR100_resnet_medium.onnx"",""data/vnncomp2026/cifar100_2024/1.0/vnnlib/CIFAR100_resnet_medium_prop_idx_5371_sidx_1200_eps_0.0039.vnnlib"",100.0,""auto_no_attacks_cpu4""]",
cifar100_2024,37,CIFAR100_resnet_medium.onnx,CIFAR100_resnet_medium_prop_idx_9585_sidx_4914_eps_0.0039.vnnlib,error,,ERROR,0,100.0,,1.1379149202257395,0,1.1379149202257395,0,0,,,not a FALSIFIED row,1,scratch/logs/fse2026/nnenum/cifar100_2024/00037_54ddfe51b12e0276f80d_syli45ii.log,b18238f123ed6fab051ec94641b78a1ba2e307e7,"{""attack"": ""no adversarial attack implementation in this nnenum version; LP witness extraction retained"", ""cpus"": ""0-3"", ""deviations"": [""CPU affinity 0-3; BLAS/OpenMP=1; CUDA hidden"", ""observation-only hook exports Result.total_secs and cinput; watchdog T+20""], ""official"": ""nnenum CLI auto settings""}","[""CPU affinity 0-3; BLAS/OpenMP=1; CUDA hidden"", ""observation-only hook exports Result.total_secs and cinput; watchdog T+20""]",unsupported_op,"assert False, f""unsupported onnx op_type {op} in node {cur_node.name}""
AssertionError: unsupported onnx op_type Conv in node Conv_0
During handling of the above exception, another exception occurred:
AssertionError: Onnx model contains node with op BatchNormalization, which may not be a linear operation. Updated Settings.WHITELIST if you want to override this.",5.0,28222.0,auto_no_attacks_cpu4,"[""nnenum"",""data/vnncomp2026/cifar100_2024/1.0/onnx/CIFAR100_resnet_medium.onnx"",""data/vnncomp2026/cifar100_2024/1.0/vnnlib/CIFAR100_resnet_medium_prop_idx_9585_sidx_4914_eps_0.0039.vnnlib"",100.0,""auto_no_attacks_cpu4""]",
cifar100_2024,38,CIFAR100_resnet_medium.onnx,CIFAR100_resnet_medium_prop_idx_1682_sidx_7308_eps_0.0039.vnnlib,error,,ERROR,0,100.0,,1.1953268069773912,0,1.1953268069773912,0,0,,,not a FALSIFIED row,1,scratch/logs/fse2026/nnenum/cifar100_2024/00038_5b6011287c117097be91_34097i_x.log,b18238f123ed6fab051ec94641b78a1ba2e307e7,"{""attack"": ""no adversarial attack implementation in this nnenum version; LP witness extraction retained"", ""cpus"": ""0-3"", ""deviations"": [""CPU affinity 0-3; BLAS/OpenMP=1; CUDA hidden"", ""observation-only hook exports Result.total_secs and cinput; watchdog T+20""], ""official"": ""nnenum CLI auto settings""}","[""CPU affinity 0-3; BLAS/OpenMP=1; CUDA hidden"", ""observation-only hook exports Result.total_secs and cinput; watchdog T+20""]",unsupported_op,"assert False, f""unsupported onnx op_type {op} in node {cur_node.name}""
AssertionError: unsupported onnx op_type Conv in node Conv_0
During handling of the above exception, another exception occurred:
AssertionError: Onnx model contains node with op BatchNormalization, which may not be a linear operation. Updated Settings.WHITELIST if you want to override this.",82.0,28222.0,auto_no_attacks_cpu4,"[""nnenum"",""data/vnncomp2026/cifar100_2024/1.0/onnx/CIFAR100_resnet_medium.onnx"",""data/vnncomp2026/cifar100_2024/1.0/vnnlib/CIFAR100_resnet_medium_prop_idx_1682_sidx_7308_eps_0.0039.vnnlib"",100.0,""auto_no_attacks_cpu4""]",
cifar100_2024,39,CIFAR100_resnet_medium.onnx,CIFAR100_resnet_medium_prop_idx_5955_sidx_1517_eps_0.0039.vnnlib,error,,ERROR,0,100.0,,1.19055500254035,0,1.19055500254035,0,0,,,not a FALSIFIED row,1,scratch/logs/fse2026/nnenum/cifar100_2024/00039_1e04a1e8c1a91109ea15_m19nj2ua.log,b18238f123ed6fab051ec94641b78a1ba2e307e7,"{""attack"": ""no adversarial attack implementation in this nnenum version; LP witness extraction retained"", ""cpus"": ""0-3"", ""deviations"": [""CPU affinity 0-3; BLAS/OpenMP=1; CUDA hidden"", ""observation-only hook exports Result.total_secs and cinput; watchdog T+20""], ""official"": ""nnenum CLI auto settings""}","[""CPU affinity 0-3; BLAS/OpenMP=1; CUDA hidden"", ""observation-only hook exports Result.total_secs and cinput; watchdog T+20""]",unsupported_op,"assert False, f""unsupported onnx op_type {op} in node {cur_node.name}""
AssertionError: unsupported onnx op_type Conv in node Conv_0
During handling of the above exception, another exception occurred:
AssertionError: Onnx model contains node with op BatchNormalization, which may not be a linear operation. Updated Settings.WHITELIST if you want to override this.",97.0,28222.0,auto_no_attacks_cpu4,"[""nnenum"",""data/vnncomp2026/cifar100_2024/1.0/onnx/CIFAR100_resnet_medium.onnx"",""data/vnncomp2026/cifar100_2024/1.0/vnnlib/CIFAR100_resnet_medium_prop_idx_5955_sidx_1517_eps_0.0039.vnnlib"",100.0,""auto_no_attacks_cpu4""]",
cifar100_2024,40,CIFAR100_resnet_medium.onnx,CIFAR100_resnet_medium_prop_idx_1777_sidx_439_eps_0.0039.vnnlib,error,,ERROR,0,100.0,,1.087156392633915,0,1.087156392633915,0,0,,,not a FALSIFIED row,1,scratch/logs/fse2026/nnenum/cifar100_2024/00040_938f26432e5fe77680ae_82ee11ai.log,b18238f123ed6fab051ec94641b78a1ba2e307e7,"{""attack"": ""no adversarial attack implementation in this nnenum version; LP witness extraction retained"", ""cpus"": ""0-3"", ""deviations"": [""CPU affinity 0-3; BLAS/OpenMP=1; CUDA hidden"", ""observation-only hook exports Result.total_secs and cinput; watchdog T+20""], ""official"": ""nnenum CLI auto settings""}","[""CPU affinity 0-3; BLAS/OpenMP=1; CUDA hidden"", ""observation-only hook exports Result.total_secs and cinput; watchdog T+20""]",unsupported_op,"assert False, f""unsupported onnx op_type {op} in node {cur_node.name}""
AssertionError: unsupported onnx op_type Conv in node Conv_0
During handling of the above exception, another exception occurred:
AssertionError: Onnx model contains node with op BatchNormalization, which may not be a linear operation. Updated Settings.WHITELIST if you want to override this.",94.0,32772.0,auto_no_attacks_cpu4,"[""nnenum"",""data/vnncomp2026/cifar100_2024/1.0/onnx/CIFAR100_resnet_medium.onnx"",""data/vnncomp2026/cifar100_2024/1.0/vnnlib/CIFAR100_resnet_medium_prop_idx_1777_sidx_439_eps_0.0039.vnnlib"",100.0,""auto_no_attacks_cpu4""]",
cifar100_2024,41,CIFAR100_resnet_medium.onnx,CIFAR100_resnet_medium_prop_idx_5523_sidx_8483_eps_0.0039.vnnlib,error,,ERROR,0,100.0,,1.1930945198982954,0,1.1930945198982954,0,0,,,not a FALSIFIED row,1,scratch/logs/fse2026/nnenum/cifar100_2024/00041_89046242f4befc858568_g8q9iccb.log,b18238f123ed6fab051ec94641b78a1ba2e307e7,"{""attack"": ""no adversarial attack implementation in this nnenum version; LP witness extraction retained"", ""cpus"": ""0-3"", ""deviations"": [""CPU affinity 0-3; BLAS/OpenMP=1; CUDA hidden"", ""observation-only hook exports Result.total_secs and cinput; watchdog T+20""], ""official"": ""nnenum CLI auto settings""}","[""CPU affinity 0-3; BLAS/OpenMP=1; CUDA hidden"", ""observation-only hook exports Result.total_secs and cinput; watchdog T+20""]",unsupported_op,"assert False, f""unsupported onnx op_type {op} in node {cur_node.name}""
AssertionError: unsupported onnx op_type Conv in node Conv_0
During handling of the above exception, another exception occurred:
AssertionError: Onnx model contains node with op BatchNormalization, which may not be a linear operation. Updated Settings.WHITELIST if you want to override this.",98.0,32772.0,auto_no_attacks_cpu4,"[""nnenum"",""data/vnncomp2026/cifar100_2024/1.0/onnx/CIFAR100_resnet_medium.onnx"",""data/vnncomp2026/cifar100_2024/1.0/vnnlib/CIFAR100_resnet_medium_prop_idx_5523_sidx_8483_eps_0.0039.vnnlib"",100.0,""auto_no_attacks_cpu4""]",
cifar100_2024,42,CIFAR100_resnet_medium.onnx,CIFAR100_resnet_medium_prop_idx_1755_sidx_4411_eps_0.0039.vnnlib,error,,ERROR,0,100.0,,1.1398997474461794,0,1.1398997474461794,0,0,,,not a FALSIFIED row,1,scratch/logs/fse2026/nnenum/cifar100_2024/00042_27ad2ff5400c7f4f7ad3_6lm8zyap.log,b18238f123ed6fab051ec94641b78a1ba2e307e7,"{""attack"": ""no adversarial attack implementation in this nnenum version; LP witness extraction retained"", ""cpus"": ""0-3"", ""deviations"": [""CPU affinity 0-3; BLAS/OpenMP=1; CUDA hidden"", ""observation-only hook exports Result.total_secs and cinput; watchdog T+20""], ""official"": ""nnenum CLI auto settings""}","[""CPU affinity 0-3; BLAS/OpenMP=1; CUDA hidden"", ""observation-only hook exports Result.total_secs and cinput; watchdog T+20""]",unsupported_op,"assert False, f""unsupported onnx op_type {op} in node {cur_node.name}""
AssertionError: unsupported onnx op_type Conv in node Conv_0
During handling of the above exception, another exception occurred:
AssertionError: Onnx model contains node with op BatchNormalization, which may not be a linear operation. Updated Settings.WHITELIST if you want to override this.",10.0,32772.0,auto_no_attacks_cpu4,"[""nnenum"",""data/vnncomp2026/cifar100_2024/1.0/onnx/CIFAR100_resnet_medium.onnx"",""data/vnncomp2026/cifar100_2024/1.0/vnnlib/CIFAR100_resnet_medium_prop_idx_1755_sidx_4411_eps_0.0039.vnnlib"",100.0,""auto_no_attacks_cpu4""]",
cifar100_2024,43,CIFAR100_resnet_medium.onnx,CIFAR100_resnet_medium_prop_idx_7027_sidx_7720_eps_0.0039.vnnlib,error,,ERROR,0,100.0,,1.1904283948242664,0,1.1904283948242664,0,0,,,not a FALSIFIED row,1,scratch/logs/fse2026/nnenum/cifar100_2024/00043_dca7bd8df7c05c5c0d77_hjpzdhzf.log,b18238f123ed6fab051ec94641b78a1ba2e307e7,"{""attack"": ""no adversarial attack implementation in this nnenum version; LP witness extraction retained"", ""cpus"": ""0-3"", ""deviations"": [""CPU affinity 0-3; BLAS/OpenMP=1; CUDA hidden"", ""observation-only hook exports Result.total_secs and cinput; watchdog T+20""], ""official"": ""nnenum CLI auto settings""}","[""CPU affinity 0-3; BLAS/OpenMP=1; CUDA hidden"", ""observation-only hook exports Result.total_secs and cinput; watchdog T+20""]",unsupported_op,"assert False, f""unsupported onnx op_type {op} in node {cur_node.name}""
AssertionError: unsupported onnx op_type Conv in node Conv_0
During handling of the above exception, another exception occurred:
AssertionError: Onnx model contains node with op BatchNormalization, which may not be a linear operation. Updated Settings.WHITELIST if you want to override this.",0.0,32772.0,auto_no_attacks_cpu4,"[""nnenum"",""data/vnncomp2026/cifar100_2024/1.0/onnx/CIFAR100_resnet_medium.onnx"",""data/vnncomp2026/cifar100_2024/1.0/vnnlib/CIFAR100_resnet_medium_prop_idx_7027_sidx_7720_eps_0.0039.vnnlib"",100.0,""auto_no_attacks_cpu4""]",
cifar100_2024,44,CIFAR100_resnet_medium.onnx,CIFAR100_resnet_medium_prop_idx_5329_sidx_6773_eps_0.0039.vnnlib,error,,ERROR,0,100.0,,1.1888172719627619,0,1.1888172719627619,0,0,,,not a FALSIFIED row,1,scratch/logs/fse2026/nnenum/cifar100_2024/00044_2d89db8cc45ae406d971_elyv5195.log,b18238f123ed6fab051ec94641b78a1ba2e307e7,"{""attack"": ""no adversarial attack implementation in this nnenum version; LP witness extraction retained"", ""cpus"": ""0-3"", ""deviations"": [""CPU affinity 0-3; BLAS/OpenMP=1; CUDA hidden"", ""observation-only hook exports Result.total_secs and cinput; watchdog T+20""], ""official"": ""nnenum CLI auto settings""}","[""CPU affinity 0-3; BLAS/OpenMP=1; CUDA hidden"", ""observation-only hook exports Result.total_secs and cinput; watchdog T+20""]",unsupported_op,"assert False, f""unsupported onnx op_type {op} in node {cur_node.name}""
AssertionError: unsupported onnx op_type Conv in node Conv_0
During handling of the above exception, another exception occurred:
AssertionError: Onnx model contains node with op BatchNormalization, which may not be a linear operation. Updated Settings.WHITELIST if you want to override this.",93.0,66196.0,auto_no_attacks_cpu4,"[""nnenum"",""data/vnncomp2026/cifar100_2024/1.0/onnx/CIFAR100_resnet_medium.onnx"",""data/vnncomp2026/cifar100_2024/1.0/vnnlib/CIFAR100_resnet_medium_prop_idx_5329_sidx_6773_eps_0.0039.vnnlib"",100.0,""auto_no_attacks_cpu4""]",
cifar100_2024,45,CIFAR100_resnet_medium.onnx,CIFAR100_resnet_medium_prop_idx_3269_sidx_6816_eps_0.0039.vnnlib,error,,ERROR,0,100.0,,1.088478960096836,0,1.088478960096836,0,0,,,not a FALSIFIED row,1,scratch/logs/fse2026/nnenum/cifar100_2024/00045_1717c0885cf101c54d5b_6jz40si6.log,b18238f123ed6fab051ec94641b78a1ba2e307e7,"{""attack"": ""no adversarial attack implementation in this nnenum version; LP witness extraction retained"", ""cpus"": ""0-3"", ""deviations"": [""CPU affinity 0-3; BLAS/OpenMP=1; CUDA hidden"", ""observation-only hook exports Result.total_secs and cinput; watchdog T+20""], ""official"": ""nnenum CLI auto settings""}","[""CPU affinity 0-3; BLAS/OpenMP=1; CUDA hidden"", ""observation-only hook exports Result.total_secs and cinput; watchdog T+20""]",unsupported_op,"assert False, f""unsupported onnx op_type {op} in node {cur_node.name}""
AssertionError: unsupported onnx op_type Conv in node Conv_0
During handling of the above exception, another exception occurred:
AssertionError: Onnx model contains node with op BatchNormalization, which may not be a linear operation. Updated Settings.WHITELIST if you want to override this.",100.0,66196.0,auto_no_attacks_cpu4,"[""nnenum"",""data/vnncomp2026/cifar100_2024/1.0/onnx/CIFAR100_resnet_medium.onnx"",""data/vnncomp2026/cifar100_2024/1.0/vnnlib/CIFAR100_resnet_medium_prop_idx_3269_sidx_6816_eps_0.0039.vnnlib"",100.0,""auto_no_attacks_cpu4""]",
cifar100_2024,46,CIFAR100_resnet_medium.onnx,CIFAR100_resnet_medium_prop_idx_2711_sidx_1466_eps_0.0039.vnnlib,error,,ERROR,0,100.0,,1.0888639632612467,0,1.0888639632612467,0,0,,,not a FALSIFIED row,1,scratch/logs/fse2026/nnenum/cifar100_2024/00046_3972985f95430c06576e_ildn3ok6.log,b18238f123ed6fab051ec94641b78a1ba2e307e7,"{""attack"": ""no adversarial attack implementation in this nnenum version; LP witness extraction retained"", ""cpus"": ""0-3"", ""deviations"": [""CPU affinity 0-3; BLAS/OpenMP=1; CUDA hidden"", ""observation-only hook exports Result.total_secs and cinput; watchdog T+20""], ""official"": ""nnenum CLI auto settings""}","[""CPU affinity 0-3; BLAS/OpenMP=1; CUDA hidden"", ""observation-only hook exports Result.total_secs and cinput; watchdog T+20""]",unsupported_op,"assert False, f""unsupported onnx op_type {op} in node {cur_node.name}""
AssertionError: unsupported onnx op_type Conv in node Conv_0
During handling of the above exception, another exception occurred:
AssertionError: Onnx model contains node with op BatchNormalization, which may not be a linear operation. Updated Settings.WHITELIST if you want to override this.",99.0,66196.0,auto_no_attacks_cpu4,"[""nnenum"",""data/vnncomp2026/cifar100_2024/1.0/onnx/CIFAR100_resnet_medium.onnx"",""data/vnncomp2026/cifar100_2024/1.0/vnnlib/CIFAR100_resnet_medium_prop_idx_2711_sidx_1466_eps_0.0039.vnnlib"",100.0,""auto_no_attacks_cpu4""]",
cifar100_2024,47,CIFAR100_resnet_medium.onnx,CIFAR100_resnet_medium_prop_idx_6108_sidx_3179_eps_0.0039.vnnlib,error,,ERROR,0,100.0,,1.0890558306127787,0,1.0890558306127787,0,0,,,not a FALSIFIED row,1,scratch/logs/fse2026/nnenum/cifar100_2024/00047_994267a360153b1c5e29_fudj1qz1.log,b18238f123ed6fab051ec94641b78a1ba2e307e7,"{""attack"": ""no adversarial attack implementation in this nnenum version; LP witness extraction retained"", ""cpus"": ""0-3"", ""deviations"": [""CPU affinity 0-3; BLAS/OpenMP=1; CUDA hidden"", ""observation-only hook exports Result.total_secs and cinput; watchdog T+20""], ""official"": ""nnenum CLI auto settings""}","[""CPU affinity 0-3; BLAS/OpenMP=1; CUDA hidden"", ""observation-only hook exports Result.total_secs and cinput; watchdog T+20""]",unsupported_op,"assert False, f""unsupported onnx op_type {op} in node {cur_node.name}""
AssertionError: unsupported onnx op_type Conv in node Conv_0
During handling of the above exception, another exception occurred:
AssertionError: Onnx model contains node with op BatchNormalization, which may not be a linear operation. Updated Settings.WHITELIST if you want to override this.",100.0,66196.0,auto_no_attacks_cpu4,"[""nnenum"",""data/vnncomp2026/cifar100_2024/1.0/onnx/CIFAR100_resnet_medium.onnx"",""data/vnncomp2026/cifar100_2024/1.0/vnnlib/CIFAR100_resnet_medium_prop_idx_6108_sidx_3179_eps_0.0039.vnnlib"",100.0,""auto_no_attacks_cpu4""]",
cifar100_2024,48,CIFAR100_resnet_medium.onnx,CIFAR100_resnet_medium_prop_idx_3494_sidx_6936_eps_0.0039.vnnlib,error,,ERROR,0,100.0,,1.1408187337219715,0,1.1408187337219715,0,0,,,not a FALSIFIED row,1,scratch/logs/fse2026/nnenum/cifar100_2024/00048_21842d6a8e76a03ca670_nu9zpfvv.log,b18238f123ed6fab051ec94641b78a1ba2e307e7,"{""attack"": ""no adversarial attack implementation in this nnenum version; LP witness extraction retained"", ""cpus"": ""0-3"", ""deviations"": [""CPU affinity 0-3; BLAS/OpenMP=1; CUDA hidden"", ""observation-only hook exports Result.total_secs and cinput; watchdog T+20""], ""official"": ""nnenum CLI auto settings""}","[""CPU affinity 0-3; BLAS/OpenMP=1; CUDA hidden"", ""observation-only hook exports Result.total_secs and cinput; watchdog T+20""]",unsupported_op,"assert False, f""unsupported onnx op_type {op} in node {cur_node.name}""
AssertionError: unsupported onnx op_type Conv in node Conv_0
During handling of the above exception, another exception occurred:
AssertionError: Onnx model contains node with op BatchNormalization, which may not be a linear operation. Updated Settings.WHITELIST if you want to override this.",59.0,66196.0,auto_no_attacks_cpu4,"[""nnenum"",""data/vnncomp2026/cifar100_2024/1.0/onnx/CIFAR100_resnet_medium.onnx"",""data/vnncomp2026/cifar100_2024/1.0/vnnlib/CIFAR100_resnet_medium_prop_idx_3494_sidx_6936_eps_0.0039.vnnlib"",100.0,""auto_no_attacks_cpu4""]",
cifar100_2024,49,CIFAR100_resnet_medium.onnx,CIFAR100_resnet_medium_prop_idx_3351_sidx_3809_eps_0.0039.vnnlib,error,,ERROR,0,100.0,,1.1403388567268848,0,1.1403388567268848,0,0,,,not a FALSIFIED row,1,scratch/logs/fse2026/nnenum/cifar100_2024/00049_079c35efe4a5447b6f70_7pba_nku.log,b18238f123ed6fab051ec94641b78a1ba2e307e7,"{""attack"": ""no adversarial attack implementation in this nnenum version; LP witness extraction retained"", ""cpus"": ""0-3"", ""deviations"": [""CPU affinity 0-3; BLAS/OpenMP=1; CUDA hidden"", ""observation-only hook exports Result.total_secs and cinput; watchdog T+20""], ""official"": ""nnenum CLI auto settings""}","[""CPU affinity 0-3; BLAS/OpenMP=1; CUDA hidden"", ""observation-only hook exports Result.total_secs and cinput; watchdog T+20""]",unsupported_op,"assert False, f""unsupported onnx op_type {op} in node {cur_node.name}""
AssertionError: unsupported onnx op_type Conv in node Conv_0
During handling of the above exception, another exception occurred:
AssertionError: Onnx model contains node with op BatchNormalization, which may not be a linear operation. Updated Settings.WHITELIST if you want to override this.",1.0,66196.0,auto_no_attacks_cpu4,"[""nnenum"",""data/vnncomp2026/cifar100_2024/1.0/onnx/CIFAR100_resnet_medium.onnx"",""data/vnncomp2026/cifar100_2024/1.0/vnnlib/CIFAR100_resnet_medium_prop_idx_3351_sidx_3809_eps_0.0039.vnnlib"",100.0,""auto_no_attacks_cpu4""]",
cifar100_2024,50,CIFAR100_resnet_medium.onnx,CIFAR100_resnet_medium_prop_idx_148_sidx_3290_eps_0.0039.vnnlib,error,,ERROR,0,100.0,,1.089163314551115,0,1.089163314551115,0,0,,,not a FALSIFIED row,1,scratch/logs/fse2026/nnenum/cifar100_2024/00050_bfa84647969d8a9f30b5_ziljqm80.log,b18238f123ed6fab051ec94641b78a1ba2e307e7,"{""attack"": ""no adversarial attack implementation in this nnenum version; LP witness extraction retained"", ""cpus"": ""0-3"", ""deviations"": [""CPU affinity 0-3; BLAS/OpenMP=1; CUDA hidden"", ""observation-only hook exports Result.total_secs and cinput; watchdog T+20""], ""official"": ""nnenum CLI auto settings""}","[""CPU affinity 0-3; BLAS/OpenMP=1; CUDA hidden"", ""observation-only hook exports Result.total_secs and cinput; watchdog T+20""]",unsupported_op,"assert False, f""unsupported onnx op_type {op} in node {cur_node.name}""
AssertionError: unsupported onnx op_type Conv in node Conv_0
During handling of the above exception, another exception occurred:
AssertionError: Onnx model contains node with op BatchNormalization, which may not be a linear operation. Updated Settings.WHITELIST if you want to override this.",0.0,66196.0,auto_no_attacks_cpu4,"[""nnenum"",""data/vnncomp2026/cifar100_2024/1.0/onnx/CIFAR100_resnet_medium.onnx"",""data/vnncomp2026/cifar100_2024/1.0/vnnlib/CIFAR100_resnet_medium_prop_idx_148_sidx_3290_eps_0.0039.vnnlib"",100.0,""auto_no_attacks_cpu4""]",
cifar100_2024,51,CIFAR100_resnet_medium.onnx,CIFAR100_resnet_medium_prop_idx_1762_sidx_2982_eps_0.0039.vnnlib,error,,ERROR,0,100.0,,1.1903767585754395,0,1.1903767585754395,0,0,,,not a FALSIFIED row,1,scratch/logs/fse2026/nnenum/cifar100_2024/00051_1694a34de6071747bff1_q23u39yi.log,b18238f123ed6fab051ec94641b78a1ba2e307e7,"{""attack"": ""no adversarial attack implementation in this nnenum version; LP witness extraction retained"", ""cpus"": ""0-3"", ""deviations"": [""CPU affinity 0-3; BLAS/OpenMP=1; CUDA hidden"", ""observation-only hook exports Result.total_secs and cinput; watchdog T+20""], ""official"": ""nnenum CLI auto settings""}","[""CPU affinity 0-3; BLAS/OpenMP=1; CUDA hidden"", ""observation-only hook exports Result.total_secs and cinput; watchdog T+20""]",unsupported_op,"assert False, f""unsupported onnx op_type {op} in node {cur_node.name}""
AssertionError: unsupported onnx op_type Conv in node Conv_0
During handling of the above exception, another exception occurred:
AssertionError: Onnx model contains node with op BatchNormalization, which may not be a linear operation. Updated Settings.WHITELIST if you want to override this.",21.0,66196.0,auto_no_attacks_cpu4,"[""nnenum"",""data/vnncomp2026/cifar100_2024/1.0/onnx/CIFAR100_resnet_medium.onnx"",""data/vnncomp2026/cifar100_2024/1.0/vnnlib/CIFAR100_resnet_medium_prop_idx_1762_sidx_2982_eps_0.0039.vnnlib"",100.0,""auto_no_attacks_cpu4""]",
cifar100_2024,52,CIFAR100_resnet_medium.onnx,CIFAR100_resnet_medium_prop_idx_6631_sidx_5931_eps_0.0039.vnnlib,error,,ERROR,0,100.0,,1.1380130238831043,0,1.1380130238831043,0,0,,,not a FALSIFIED row,1,scratch/logs/fse2026/nnenum/cifar100_2024/00052_c70ae156e38051b5e34f_0g7ebonl.log,b18238f123ed6fab051ec94641b78a1ba2e307e7,"{""attack"": ""no adversarial attack implementation in this nnenum version; LP witness extraction retained"", ""cpus"": ""0-3"", ""deviations"": [""CPU affinity 0-3; BLAS/OpenMP=1; CUDA hidden"", ""observation-only hook exports Result.total_secs and cinput; watchdog T+20""], ""official"": ""nnenum CLI auto settings""}","[""CPU affinity 0-3; BLAS/OpenMP=1; CUDA hidden"", ""observation-only hook exports Result.total_secs and cinput; watchdog T+20""]",unsupported_op,"assert False, f""unsupported onnx op_type {op} in node {cur_node.name}""
AssertionError: unsupported onnx op_type Conv in node Conv_0
During handling of the above exception, another exception occurred:
AssertionError: Onnx model contains node with op BatchNormalization, which may not be a linear operation. Updated Settings.WHITELIST if you want to override this.",100.0,66196.0,auto_no_attacks_cpu4,"[""nnenum"",""data/vnncomp2026/cifar100_2024/1.0/onnx/CIFAR100_resnet_medium.onnx"",""data/vnncomp2026/cifar100_2024/1.0/vnnlib/CIFAR100_resnet_medium_prop_idx_6631_sidx_5931_eps_0.0039.vnnlib"",100.0,""auto_no_attacks_cpu4""]",
cifar100_2024,53,CIFAR100_resnet_medium.onnx,CIFAR100_resnet_medium_prop_idx_4259_sidx_275_eps_0.0039.vnnlib,error,,ERROR,0,100.0,,1.190478716045618,0,1.190478716045618,0,0,,,not a FALSIFIED row,1,scratch/logs/fse2026/nnenum/cifar100_2024/00053_a9af3e37a666b0cd50c1_j_vjwaon.log,b18238f123ed6fab051ec94641b78a1ba2e307e7,"{""attack"": ""no adversarial attack implementation in this nnenum version; LP witness extraction retained"", ""cpus"": ""0-3"", ""deviations"": [""CPU affinity 0-3; BLAS/OpenMP=1; CUDA hidden"", ""observation-only hook exports Result.total_secs and cinput; watchdog T+20""], ""official"": ""nnenum CLI auto settings""}","[""CPU affinity 0-3; BLAS/OpenMP=1; CUDA hidden"", ""observation-only hook exports Result.total_secs and cinput; watchdog T+20""]",unsupported_op,"assert False, f""unsupported onnx op_type {op} in node {cur_node.name}""
AssertionError: unsupported onnx op_type Conv in node Conv_0
During handling of the above exception, another exception occurred:
AssertionError: Onnx model contains node with op BatchNormalization, which may not be a linear operation. Updated Settings.WHITELIST if you want to override this.",98.0,66196.0,auto_no_attacks_cpu4,"[""nnenum"",""data/vnncomp2026/cifar100_2024/1.0/onnx/CIFAR100_resnet_medium.onnx"",""data/vnncomp2026/cifar100_2024/1.0/vnnlib/CIFAR100_resnet_medium_prop_idx_4259_sidx_275_eps_0.0039.vnnlib"",100.0,""auto_no_attacks_cpu4""]",
cifar100_2024,54,CIFAR100_resnet_medium.onnx,CIFAR100_resnet_medium_prop_idx_2546_sidx_3292_eps_0.0039.vnnlib,error,,ERROR,0,100.0,,1.087876370176673,0,1.087876370176673,0,0,,,not a FALSIFIED row,1,scratch/logs/fse2026/nnenum/cifar100_2024/00054_edcec330bba1a92ea3eb_m5alaxw5.log,b18238f123ed6fab051ec94641b78a1ba2e307e7,"{""attack"": ""no adversarial attack implementation in this nnenum version; LP witness extraction retained"", ""cpus"": ""0-3"", ""deviations"": [""CPU affinity 0-3; BLAS/OpenMP=1; CUDA hidden"", ""observation-only hook exports Result.total_secs and cinput; watchdog T+20""], ""official"": ""nnenum CLI auto settings""}","[""CPU affinity 0-3; BLAS/OpenMP=1; CUDA hidden"", ""observation-only hook exports Result.total_secs and cinput; watchdog T+20""]",unsupported_op,"assert False, f""unsupported onnx op_type {op} in node {cur_node.name}""
AssertionError: unsupported onnx op_type Conv in node Conv_0
During handling of the above exception, another exception occurred:
AssertionError: Onnx model contains node with op BatchNormalization, which may not be a linear operation. Updated Settings.WHITELIST if you want to override this.",98.0,66196.0,auto_no_attacks_cpu4,"[""nnenum"",""data/vnncomp2026/cifar100_2024/1.0/onnx/CIFAR100_resnet_medium.onnx"",""data/vnncomp2026/cifar100_2024/1.0/vnnlib/CIFAR100_resnet_medium_prop_idx_2546_sidx_3292_eps_0.0039.vnnlib"",100.0,""auto_no_attacks_cpu4""]",
cifar100_2024,55,CIFAR100_resnet_medium.onnx,CIFAR100_resnet_medium_prop_idx_6528_sidx_5206_eps_0.0039.vnnlib,error,,ERROR,0,100.0,,1.0889887046068907,0,1.0889887046068907,0,0,,,not a FALSIFIED row,1,scratch/logs/fse2026/nnenum/cifar100_2024/00055_dd5cc890b86beb324fe0_9r_t9m6_.log,b18238f123ed6fab051ec94641b78a1ba2e307e7,"{""attack"": ""no adversarial attack implementation in this nnenum version; LP witness extraction retained"", ""cpus"": ""0-3"", ""deviations"": [""CPU affinity 0-3; BLAS/OpenMP=1; CUDA hidden"", ""observation-only hook exports Result.total_secs and cinput; watchdog T+20""], ""official"": ""nnenum CLI auto settings""}","[""CPU affinity 0-3; BLAS/OpenMP=1; CUDA hidden"", ""observation-only hook exports Result.total_secs and cinput; watchdog T+20""]",unsupported_op,"assert False, f""unsupported onnx op_type {op} in node {cur_node.name}""
AssertionError: unsupported onnx op_type Conv in node Conv_0
During handling of the above exception, another exception occurred:
AssertionError: Onnx model contains node with op BatchNormalization, which may not be a linear operation. Updated Settings.WHITELIST if you want to override this.",99.0,66196.0,auto_no_attacks_cpu4,"[""nnenum"",""data/vnncomp2026/cifar100_2024/1.0/onnx/CIFAR100_resnet_medium.onnx"",""data/vnncomp2026/cifar100_2024/1.0/vnnlib/CIFAR100_resnet_medium_prop_idx_6528_sidx_5206_eps_0.0039.vnnlib"",100.0,""auto_no_attacks_cpu4""]",
cifar100_2024,56,CIFAR100_resnet_medium.onnx,CIFAR100_resnet_medium_prop_idx_1910_sidx_5960_eps_0.0039.vnnlib,error,,ERROR,0,100.0,,1.089531484991312,0,1.089531484991312,0,0,,,not a FALSIFIED row,1,scratch/logs/fse2026/nnenum/cifar100_2024/00056_cd1403cded1aa4b3b172__mr_vox_.log,b18238f123ed6fab051ec94641b78a1ba2e307e7,"{""attack"": ""no adversarial attack implementation in this nnenum version; LP witness extraction retained"", ""cpus"": ""0-3"", ""deviations"": [""CPU affinity 0-3; BLAS/OpenMP=1; CUDA hidden"", ""observation-only hook exports Result.total_secs and cinput; watchdog T+20""], ""official"": ""nnenum CLI auto settings""}","[""CPU affinity 0-3; BLAS/OpenMP=1; CUDA hidden"", ""observation-only hook exports Result.total_secs and cinput; watchdog T+20""]",unsupported_op,"assert False, f""unsupported onnx op_type {op} in node {cur_node.name}""
AssertionError: unsupported onnx op_type Conv in node Conv_0
During handling of the above exception, another exception occurred:
AssertionError: Onnx model contains node with op BatchNormalization, which may not be a linear operation. Updated Settings.WHITELIST if you want to override this.",14.0,66196.0,auto_no_attacks_cpu4,"[""nnenum"",""data/vnncomp2026/cifar100_2024/1.0/onnx/CIFAR100_resnet_medium.onnx"",""data/vnncomp2026/cifar100_2024/1.0/vnnlib/CIFAR100_resnet_medium_prop_idx_1910_sidx_5960_eps_0.0039.vnnlib"",100.0,""auto_no_attacks_cpu4""]",
cifar100_2024,57,CIFAR100_resnet_medium.onnx,CIFAR100_resnet_medium_prop_idx_3890_sidx_8288_eps_0.0039.vnnlib,error,,ERROR,0,100.0,,1.0871431268751621,0,1.0871431268751621,0,0,,,not a FALSIFIED row,1,scratch/logs/fse2026/nnenum/cifar100_2024/00057_2e25441ce21e28c7033f_ei0c3wtr.log,b18238f123ed6fab051ec94641b78a1ba2e307e7,"{""attack"": ""no adversarial attack implementation in this nnenum version; LP witness extraction retained"", ""cpus"": ""0-3"", ""deviations"": [""CPU affinity 0-3; BLAS/OpenMP=1; CUDA hidden"", ""observation-only hook exports Result.total_secs and cinput; watchdog T+20""], ""official"": ""nnenum CLI auto settings""}","[""CPU affinity 0-3; BLAS/OpenMP=1; CUDA hidden"", ""observation-only hook exports Result.total_secs and cinput; watchdog T+20""]",unsupported_op,"assert False, f""unsupported onnx op_type {op} in node {cur_node.name}""
AssertionError: unsupported onnx op_type Conv in node Conv_0
During handling of the above exception, another exception occurred:
AssertionError: Onnx model contains node with op BatchNormalization, which may not be a linear operation. Updated Settings.WHITELIST if you want to override this.",0.0,66196.0,auto_no_attacks_cpu4,"[""nnenum"",""data/vnncomp2026/cifar100_2024/1.0/onnx/CIFAR100_resnet_medium.onnx"",""data/vnncomp2026/cifar100_2024/1.0/vnnlib/CIFAR100_resnet_medium_prop_idx_3890_sidx_8288_eps_0.0039.vnnlib"",100.0,""auto_no_attacks_cpu4""]",
cifar100_2024,58,CIFAR100_resnet_medium.onnx,CIFAR100_resnet_medium_prop_idx_4444_sidx_8929_eps_0.0039.vnnlib,error,,ERROR,0,100.0,,1.087691891938448,0,1.087691891938448,0,0,,,not a FALSIFIED row,1,scratch/logs/fse2026/nnenum/cifar100_2024/00058_97323944b91509f62459_m8k0iq5z.log,b18238f123ed6fab051ec94641b78a1ba2e307e7,"{""attack"": ""no adversarial attack implementation in this nnenum version; LP witness extraction retained"", ""cpus"": ""0-3"", ""deviations"": [""CPU affinity 0-3; BLAS/OpenMP=1; CUDA hidden"", ""observation-only hook exports Result.total_secs and cinput; watchdog T+20""], ""official"": ""nnenum CLI auto settings""}","[""CPU affinity 0-3; BLAS/OpenMP=1; CUDA hidden"", ""observation-only hook exports Result.total_secs and cinput; watchdog T+20""]",unsupported_op,"assert False, f""unsupported onnx op_type {op} in node {cur_node.name}""
AssertionError: unsupported onnx op_type Conv in node Conv_0
During handling of the above exception, another exception occurred:
AssertionError: Onnx model contains node with op BatchNormalization, which may not be a linear operation. Updated Settings.WHITELIST if you want to override this.",63.0,66196.0,auto_no_attacks_cpu4,"[""nnenum"",""data/vnncomp2026/cifar100_2024/1.0/onnx/CIFAR100_resnet_medium.onnx"",""data/vnncomp2026/cifar100_2024/1.0/vnnlib/CIFAR100_resnet_medium_prop_idx_4444_sidx_8929_eps_0.0039.vnnlib"",100.0,""auto_no_attacks_cpu4""]",
cifar100_2024,59,CIFAR100_resnet_medium.onnx,CIFAR100_resnet_medium_prop_idx_8833_sidx_1276_eps_0.0039.vnnlib,error,,ERROR,0,100.0,,1.091632628813386,0,1.091632628813386,0,0,,,not a FALSIFIED row,1,scratch/logs/fse2026/nnenum/cifar100_2024/00059_fb4388e7170de742df7d_2xtcip44.log,b18238f123ed6fab051ec94641b78a1ba2e307e7,"{""attack"": ""no adversarial attack implementation in this nnenum version; LP witness extraction retained"", ""cpus"": ""0-3"", ""deviations"": [""CPU affinity 0-3; BLAS/OpenMP=1; CUDA hidden"", ""observation-only hook exports Result.total_secs and cinput; watchdog T+20""], ""official"": ""nnenum CLI auto settings""}","[""CPU affinity 0-3; BLAS/OpenMP=1; CUDA hidden"", ""observation-only hook exports Result.total_secs and cinput; watchdog T+20""]",unsupported_op,"assert False, f""unsupported onnx op_type {op} in node {cur_node.name}""
AssertionError: unsupported onnx op_type Conv in node Conv_0
During handling of the above exception, another exception occurred:
AssertionError: Onnx model contains node with op BatchNormalization, which may not be a linear operation. Updated Settings.WHITELIST if you want to override this.",100.0,66196.0,auto_no_attacks_cpu4,"[""nnenum"",""data/vnncomp2026/cifar100_2024/1.0/onnx/CIFAR100_resnet_medium.onnx"",""data/vnncomp2026/cifar100_2024/1.0/vnnlib/CIFAR100_resnet_medium_prop_idx_8833_sidx_1276_eps_0.0039.vnnlib"",100.0,""auto_no_attacks_cpu4""]",
cifar100_2024,60,CIFAR100_resnet_medium.onnx,CIFAR100_resnet_medium_prop_idx_1602_sidx_8694_eps_0.0039.vnnlib,error,,ERROR,0,100.0,,1.0892096012830734,0,1.0892096012830734,0,0,,,not a FALSIFIED row,1,scratch/logs/fse2026/nnenum/cifar100_2024/00060_c7572d241ed6f00e0077_syokz7zf.log,b18238f123ed6fab051ec94641b78a1ba2e307e7,"{""attack"": ""no adversarial attack implementation in this nnenum version; LP witness extraction retained"", ""cpus"": ""0-3"", ""deviations"": [""CPU affinity 0-3; BLAS/OpenMP=1; CUDA hidden"", ""observation-only hook exports Result.total_secs and cinput; watchdog T+20""], ""official"": ""nnenum CLI auto settings""}","[""CPU affinity 0-3; BLAS/OpenMP=1; CUDA hidden"", ""observation-only hook exports Result.total_secs and cinput; watchdog T+20""]",unsupported_op,"assert False, f""unsupported onnx op_type {op} in node {cur_node.name}""
AssertionError: unsupported onnx op_type Conv in node Conv_0
During handling of the above exception, another exception occurred:
AssertionError: Onnx model contains node with op BatchNormalization, which may not be a linear operation. Updated Settings.WHITELIST if you want to override this.",100.0,66196.0,auto_no_attacks_cpu4,"[""nnenum"",""data/vnncomp2026/cifar100_2024/1.0/onnx/CIFAR100_resnet_medium.onnx"",""data/vnncomp2026/cifar100_2024/1.0/vnnlib/CIFAR100_resnet_medium_prop_idx_1602_sidx_8694_eps_0.0039.vnnlib"",100.0,""auto_no_attacks_cpu4""]",
cifar100_2024,61,CIFAR100_resnet_medium.onnx,CIFAR100_resnet_medium_prop_idx_9101_sidx_2397_eps_0.0039.vnnlib,error,,ERROR,0,100.0,,1.0897151492536068,0,1.0897151492536068,0,0,,,not a FALSIFIED row,1,scratch/logs/fse2026/nnenum/cifar100_2024/00061_dadb663f6d59c431316b_sv444td5.log,b18238f123ed6fab051ec94641b78a1ba2e307e7,"{""attack"": ""no adversarial attack implementation in this nnenum version; LP witness extraction retained"", ""cpus"": ""0-3"", ""deviations"": [""CPU affinity 0-3; BLAS/OpenMP=1; CUDA hidden"", ""observation-only hook exports Result.total_secs and cinput; watchdog T+20""], ""official"": ""nnenum CLI auto settings""}","[""CPU affinity 0-3; BLAS/OpenMP=1; CUDA hidden"", ""observation-only hook exports Result.total_secs and cinput; watchdog T+20""]",unsupported_op,"assert False, f""unsupported onnx op_type {op} in node {cur_node.name}""
AssertionError: unsupported onnx op_type Conv in node Conv_0
During handling of the above exception, another exception occurred:
AssertionError: Onnx model contains node with op BatchNormalization, which may not be a linear operation. Updated Settings.WHITELIST if you want to override this.",99.0,66196.0,auto_no_attacks_cpu4,"[""nnenum"",""data/vnncomp2026/cifar100_2024/1.0/onnx/CIFAR100_resnet_medium.onnx"",""data/vnncomp2026/cifar100_2024/1.0/vnnlib/CIFAR100_resnet_medium_prop_idx_9101_sidx_2397_eps_0.0039.vnnlib"",100.0,""auto_no_attacks_cpu4""]",
cifar100_2024,62,CIFAR100_resnet_medium.onnx,CIFAR100_resnet_medium_prop_idx_8208_sidx_8378_eps_0.0039.vnnlib,error,,ERROR,0,100.0,,1.1906733475625515,0,1.1906733475625515,0,0,,,not a FALSIFIED row,1,scratch/logs/fse2026/nnenum/cifar100_2024/00062_cc015c5ca5d3ddd7186c_j569uw9l.log,b18238f123ed6fab051ec94641b78a1ba2e307e7,"{""attack"": ""no adversarial attack implementation in this nnenum version; LP witness extraction retained"", ""cpus"": ""0-3"", ""deviations"": [""CPU affinity 0-3; BLAS/OpenMP=1; CUDA hidden"", ""observation-only hook exports Result.total_secs and cinput; watchdog T+20""], ""official"": ""nnenum CLI auto settings""}","[""CPU affinity 0-3; BLAS/OpenMP=1; CUDA hidden"", ""observation-only hook exports Result.total_secs and cinput; watchdog T+20""]",unsupported_op,"assert False, f""unsupported onnx op_type {op} in node {cur_node.name}""
AssertionError: unsupported onnx op_type Conv in node Conv_0
During handling of the above exception, another exception occurred:
AssertionError: Onnx model contains node with op BatchNormalization, which may not be a linear operation. Updated Settings.WHITELIST if you want to override this.",98.0,66196.0,auto_no_attacks_cpu4,"[""nnenum"",""data/vnncomp2026/cifar100_2024/1.0/onnx/CIFAR100_resnet_medium.onnx"",""data/vnncomp2026/cifar100_2024/1.0/vnnlib/CIFAR100_resnet_medium_prop_idx_8208_sidx_8378_eps_0.0039.vnnlib"",100.0,""auto_no_attacks_cpu4""]",
cifar100_2024,63,CIFAR100_resnet_medium.onnx,CIFAR100_resnet_medium_prop_idx_3805_sidx_6219_eps_0.0039.vnnlib,error,,ERROR,0,100.0,,1.089890556409955,0,1.089890556409955,0,0,,,not a FALSIFIED row,1,scratch/logs/fse2026/nnenum/cifar100_2024/00063_a43d9359e5cca6287cbb_2n7gjjc4.log,b18238f123ed6fab051ec94641b78a1ba2e307e7,"{""attack"": ""no adversarial attack implementation in this nnenum version; LP witness extraction retained"", ""cpus"": ""0-3"", ""deviations"": [""CPU affinity 0-3; BLAS/OpenMP=1; CUDA hidden"", ""observation-only hook exports Result.total_secs and cinput; watchdog T+20""], ""official"": ""nnenum CLI auto settings""}","[""CPU affinity 0-3; BLAS/OpenMP=1; CUDA hidden"", ""observation-only hook exports Result.total_secs and cinput; watchdog T+20""]",unsupported_op,"assert False, f""unsupported onnx op_type {op} in node {cur_node.name}""
AssertionError: unsupported onnx op_type Conv in node Conv_0
During handling of the above exception, another exception occurred:
AssertionError: Onnx model contains node with op BatchNormalization, which may not be a linear operation. Updated Settings.WHITELIST if you want to override this.",77.0,66196.0,auto_no_attacks_cpu4,"[""nnenum"",""data/vnncomp2026/cifar100_2024/1.0/onnx/CIFAR100_resnet_medium.onnx"",""data/vnncomp2026/cifar100_2024/1.0/vnnlib/CIFAR100_resnet_medium_prop_idx_3805_sidx_6219_eps_0.0039.vnnlib"",100.0,""auto_no_attacks_cpu4""]",
cifar100_2024,64,CIFAR100_resnet_medium.onnx,CIFAR100_resnet_medium_prop_idx_7965_sidx_2482_eps_0.0039.vnnlib,error,,ERROR,0,100.0,,1.139879021793604,0,1.139879021793604,0,0,,,not a FALSIFIED row,1,scratch/logs/fse2026/nnenum/cifar100_2024/00064_8445b8babf66fc260ba1_a5dly83o.log,b18238f123ed6fab051ec94641b78a1ba2e307e7,"{""attack"": ""no adversarial attack implementation in this nnenum version; LP witness extraction retained"", ""cpus"": ""0-3"", ""deviations"": [""CPU affinity 0-3; BLAS/OpenMP=1; CUDA hidden"", ""observation-only hook exports Result.total_secs and cinput; watchdog T+20""], ""official"": ""nnenum CLI auto settings""}","[""CPU affinity 0-3; BLAS/OpenMP=1; CUDA hidden"", ""observation-only hook exports Result.total_secs and cinput; watchdog T+20""]",unsupported_op,"assert False, f""unsupported onnx op_type {op} in node {cur_node.name}""
AssertionError: unsupported onnx op_type Conv in node Conv_0
During handling of the above exception, another exception occurred:
AssertionError: Onnx model contains node with op BatchNormalization, which may not be a linear operation. Updated Settings.WHITELIST if you want to override this.",4.0,66196.0,auto_no_attacks_cpu4,"[""nnenum"",""data/vnncomp2026/cifar100_2024/1.0/onnx/CIFAR100_resnet_medium.onnx"",""data/vnncomp2026/cifar100_2024/1.0/vnnlib/CIFAR100_resnet_medium_prop_idx_7965_sidx_2482_eps_0.0039.vnnlib"",100.0,""auto_no_attacks_cpu4""]",
cifar100_2024,65,CIFAR100_resnet_medium.onnx,CIFAR100_resnet_medium_prop_idx_6030_sidx_7369_eps_0.0039.vnnlib,error,,ERROR,0,100.0,,1.0886085368692875,0,1.0886085368692875,0,0,,,not a FALSIFIED row,1,scratch/logs/fse2026/nnenum/cifar100_2024/00065_6acc6c5358460a1b1114_u19uzuuk.log,b18238f123ed6fab051ec94641b78a1ba2e307e7,"{""attack"": ""no adversarial attack implementation in this nnenum version; LP witness extraction retained"", ""cpus"": ""0-3"", ""deviations"": [""CPU affinity 0-3; BLAS/OpenMP=1; CUDA hidden"", ""observation-only hook exports Result.total_secs and cinput; watchdog T+20""], ""official"": ""nnenum CLI auto settings""}","[""CPU affinity 0-3; BLAS/OpenMP=1; CUDA hidden"", ""observation-only hook exports Result.total_secs and cinput; watchdog T+20""]",unsupported_op,"assert False, f""unsupported onnx op_type {op} in node {cur_node.name}""
AssertionError: unsupported onnx op_type Conv in node Conv_0
During handling of the above exception, another exception occurred:
AssertionError: Onnx model contains node with op BatchNormalization, which may not be a linear operation. Updated Settings.WHITELIST if you want to override this.",43.0,66196.0,auto_no_attacks_cpu4,"[""nnenum"",""data/vnncomp2026/cifar100_2024/1.0/onnx/CIFAR100_resnet_medium.onnx"",""data/vnncomp2026/cifar100_2024/1.0/vnnlib/CIFAR100_resnet_medium_prop_idx_6030_sidx_7369_eps_0.0039.vnnlib"",100.0,""auto_no_attacks_cpu4""]",
cifar100_2024,66,CIFAR100_resnet_medium.onnx,CIFAR100_resnet_medium_prop_idx_5123_sidx_9175_eps_0.0039.vnnlib,error,,ERROR,0,100.0,,1.0902008209377527,0,1.0902008209377527,0,0,,,not a FALSIFIED row,1,scratch/logs/fse2026/nnenum/cifar100_2024/00066_aaa2551be53aa94f34d7_53_1z5yf.log,b18238f123ed6fab051ec94641b78a1ba2e307e7,"{""attack"": ""no adversarial attack implementation in this nnenum version; LP witness extraction retained"", ""cpus"": ""0-3"", ""deviations"": [""CPU affinity 0-3; BLAS/OpenMP=1; CUDA hidden"", ""observation-only hook exports Result.total_secs and cinput; watchdog T+20""], ""official"": ""nnenum CLI auto settings""}","[""CPU affinity 0-3; BLAS/OpenMP=1; CUDA hidden"", ""observation-only hook exports Result.total_secs and cinput; watchdog T+20""]",unsupported_op,"assert False, f""unsupported onnx op_type {op} in node {cur_node.name}""
AssertionError: unsupported onnx op_type Conv in node Conv_0
During handling of the above exception, another exception occurred:
AssertionError: Onnx model contains node with op BatchNormalization, which may not be a linear operation. Updated Settings.WHITELIST if you want to override this.",93.0,66196.0,auto_no_attacks_cpu4,"[""nnenum"",""data/vnncomp2026/cifar100_2024/1.0/onnx/CIFAR100_resnet_medium.onnx"",""data/vnncomp2026/cifar100_2024/1.0/vnnlib/CIFAR100_resnet_medium_prop_idx_5123_sidx_9175_eps_0.0039.vnnlib"",100.0,""auto_no_attacks_cpu4""]",
cifar100_2024,67,CIFAR100_resnet_medium.onnx,CIFAR100_resnet_medium_prop_idx_6047_sidx_2202_eps_0.0039.vnnlib,error,,ERROR,0,100.0,,1.0894092954695225,0,1.0894092954695225,0,0,,,not a FALSIFIED row,1,scratch/logs/fse2026/nnenum/cifar100_2024/00067_5b8fdd4979fcb3f39a58_wnj3eo7c.log,b18238f123ed6fab051ec94641b78a1ba2e307e7,"{""attack"": ""no adversarial attack implementation in this nnenum version; LP witness extraction retained"", ""cpus"": ""0-3"", ""deviations"": [""CPU affinity 0-3; BLAS/OpenMP=1; CUDA hidden"", ""observation-only hook exports Result.total_secs and cinput; watchdog T+20""], ""official"": ""nnenum CLI auto settings""}","[""CPU affinity 0-3; BLAS/OpenMP=1; CUDA hidden"", ""observation-only hook exports Result.total_secs and cinput; watchdog T+20""]",unsupported_op,"assert False, f""unsupported onnx op_type {op} in node {cur_node.name}""
AssertionError: unsupported onnx op_type Conv in node Conv_0
During handling of the above exception, another exception occurred:
AssertionError: Onnx model contains node with op BatchNormalization, which may not be a linear operation. Updated Settings.WHITELIST if you want to override this.",100.0,66196.0,auto_no_attacks_cpu4,"[""nnenum"",""data/vnncomp2026/cifar100_2024/1.0/onnx/CIFAR100_resnet_medium.onnx"",""data/vnncomp2026/cifar100_2024/1.0/vnnlib/CIFAR100_resnet_medium_prop_idx_6047_sidx_2202_eps_0.0039.vnnlib"",100.0,""auto_no_attacks_cpu4""]",
cifar100_2024,68,CIFAR100_resnet_medium.onnx,CIFAR100_resnet_medium_prop_idx_8594_sidx_5815_eps_0.0039.vnnlib,error,,ERROR,0,100.0,,1.0882795508950949,0,1.0882795508950949,0,0,,,not a FALSIFIED row,1,scratch/logs/fse2026/nnenum/cifar100_2024/00068_fbc3a465b844bb8aee4b_jmi5tk76.log,b18238f123ed6fab051ec94641b78a1ba2e307e7,"{""attack"": ""no adversarial attack implementation in this nnenum version; LP witness extraction retained"", ""cpus"": ""0-3"", ""deviations"": [""CPU affinity 0-3; BLAS/OpenMP=1; CUDA hidden"", ""observation-only hook exports Result.total_secs and cinput; watchdog T+20""], ""official"": ""nnenum CLI auto settings""}","[""CPU affinity 0-3; BLAS/OpenMP=1; CUDA hidden"", ""observation-only hook exports Result.total_secs and cinput; watchdog T+20""]",unsupported_op,"assert False, f""unsupported onnx op_type {op} in node {cur_node.name}""
AssertionError: unsupported onnx op_type Conv in node Conv_0
During handling of the above exception, another exception occurred:
AssertionError: Onnx model contains node with op BatchNormalization, which may not be a linear operation. Updated Settings.WHITELIST if you want to override this.",99.0,66196.0,auto_no_attacks_cpu4,"[""nnenum"",""data/vnncomp2026/cifar100_2024/1.0/onnx/CIFAR100_resnet_medium.onnx"",""data/vnncomp2026/cifar100_2024/1.0/vnnlib/CIFAR100_resnet_medium_prop_idx_8594_sidx_5815_eps_0.0039.vnnlib"",100.0,""auto_no_attacks_cpu4""]",
cifar100_2024,69,CIFAR100_resnet_medium.onnx,CIFAR100_resnet_medium_prop_idx_1761_sidx_3933_eps_0.0039.vnnlib,error,,ERROR,0,100.0,,1.0890028905123472,0,1.0890028905123472,0,0,,,not a FALSIFIED row,1,scratch/logs/fse2026/nnenum/cifar100_2024/00069_033785e1398688e65cee_b_l6d92q.log,b18238f123ed6fab051ec94641b78a1ba2e307e7,"{""attack"": ""no adversarial attack implementation in this nnenum version; LP witness extraction retained"", ""cpus"": ""0-3"", ""deviations"": [""CPU affinity 0-3; BLAS/OpenMP=1; CUDA hidden"", ""observation-only hook exports Result.total_secs and cinput; watchdog T+20""], ""official"": ""nnenum CLI auto settings""}","[""CPU affinity 0-3; BLAS/OpenMP=1; CUDA hidden"", ""observation-only hook exports Result.total_secs and cinput; watchdog T+20""]",unsupported_op,"assert False, f""unsupported onnx op_type {op} in node {cur_node.name}""
AssertionError: unsupported onnx op_type Conv in node Conv_0
During handling of the above exception, another exception occurred:
AssertionError: Onnx model contains node with op BatchNormalization, which may not be a linear operation. Updated Settings.WHITELIST if you want to override this.",98.0,66196.0,auto_no_attacks_cpu4,"[""nnenum"",""data/vnncomp2026/cifar100_2024/1.0/onnx/CIFAR100_resnet_medium.onnx"",""data/vnncomp2026/cifar100_2024/1.0/vnnlib/CIFAR100_resnet_medium_prop_idx_1761_sidx_3933_eps_0.0039.vnnlib"",100.0,""auto_no_attacks_cpu4""]",
cifar100_2024,70,CIFAR100_resnet_medium.onnx,CIFAR100_resnet_medium_prop_idx_143_sidx_8839_eps_0.0039.vnnlib,error,,ERROR,0,100.0,,1.145322261378169,0,1.145322261378169,0,0,,,not a FALSIFIED row,1,scratch/logs/fse2026/nnenum/cifar100_2024/00070_65f4ca8e769ff557518d_lohxkbwo.log,b18238f123ed6fab051ec94641b78a1ba2e307e7,"{""attack"": ""no adversarial attack implementation in this nnenum version; LP witness extraction retained"", ""cpus"": ""0-3"", ""deviations"": [""CPU affinity 0-3; BLAS/OpenMP=1; CUDA hidden"", ""observation-only hook exports Result.total_secs and cinput; watchdog T+20""], ""official"": ""nnenum CLI auto settings""}","[""CPU affinity 0-3; BLAS/OpenMP=1; CUDA hidden"", ""observation-only hook exports Result.total_secs and cinput; watchdog T+20""]",unsupported_op,"assert False, f""unsupported onnx op_type {op} in node {cur_node.name}""
AssertionError: unsupported onnx op_type Conv in node Conv_0
During handling of the above exception, another exception occurred:
AssertionError: Onnx model contains node with op BatchNormalization, which may not be a linear operation. Updated Settings.WHITELIST if you want to override this.",100.0,66196.0,auto_no_attacks_cpu4,"[""nnenum"",""data/vnncomp2026/cifar100_2024/1.0/onnx/CIFAR100_resnet_medium.onnx"",""data/vnncomp2026/cifar100_2024/1.0/vnnlib/CIFAR100_resnet_medium_prop_idx_143_sidx_8839_eps_0.0039.vnnlib"",100.0,""auto_no_attacks_cpu4""]",
cifar100_2024,71,CIFAR100_resnet_medium.onnx,CIFAR100_resnet_medium_prop_idx_9872_sidx_9280_eps_0.0039.vnnlib,error,,ERROR,0,100.0,,1.0896127540618181,0,1.0896127540618181,0,0,,,not a FALSIFIED row,1,scratch/logs/fse2026/nnenum/cifar100_2024/00071_92c0e6c1b58124a7bfe9_wuco6lxu.log,b18238f123ed6fab051ec94641b78a1ba2e307e7,"{""attack"": ""no adversarial attack implementation in this nnenum version; LP witness extraction retained"", ""cpus"": ""0-3"", ""deviations"": [""CPU affinity 0-3; BLAS/OpenMP=1; CUDA hidden"", ""observation-only hook exports Result.total_secs and cinput; watchdog T+20""], ""official"": ""nnenum CLI auto settings""}","[""CPU affinity 0-3; BLAS/OpenMP=1; CUDA hidden"", ""observation-only hook exports Result.total_secs and cinput; watchdog T+20""]",unsupported_op,"assert False, f""unsupported onnx op_type {op} in node {cur_node.name}""
AssertionError: unsupported onnx op_type Conv in node Conv_0
During handling of the above exception, another exception occurred:
AssertionError: Onnx model contains node with op BatchNormalization, which may not be a linear operation. Updated Settings.WHITELIST if you want to override this.",17.0,66196.0,auto_no_attacks_cpu4,"[""nnenum"",""data/vnncomp2026/cifar100_2024/1.0/onnx/CIFAR100_resnet_medium.onnx"",""data/vnncomp2026/cifar100_2024/1.0/vnnlib/CIFAR100_resnet_medium_prop_idx_9872_sidx_9280_eps_0.0039.vnnlib"",100.0,""auto_no_attacks_cpu4""]",
cifar100_2024,72,CIFAR100_resnet_medium.onnx,CIFAR100_resnet_medium_prop_idx_6970_sidx_2728_eps_0.0039.vnnlib,error,,ERROR,0,100.0,,1.0944972708821297,0,1.0944972708821297,0,0,,,not a FALSIFIED row,1,scratch/logs/fse2026/nnenum/cifar100_2024/00072_0db948976f95bcfe4bce_qnw52e35.log,b18238f123ed6fab051ec94641b78a1ba2e307e7,"{""attack"": ""no adversarial attack implementation in this nnenum version; LP witness extraction retained"", ""cpus"": ""0-3"", ""deviations"": [""CPU affinity 0-3; BLAS/OpenMP=1; CUDA hidden"", ""observation-only hook exports Result.total_secs and cinput; watchdog T+20""], ""official"": ""nnenum CLI auto settings""}","[""CPU affinity 0-3; BLAS/OpenMP=1; CUDA hidden"", ""observation-only hook exports Result.total_secs and cinput; watchdog T+20""]",unsupported_op,"assert False, f""unsupported onnx op_type {op} in node {cur_node.name}""
AssertionError: unsupported onnx op_type Conv in node Conv_0
During handling of the above exception, another exception occurred:
AssertionError: Onnx model contains node with op BatchNormalization, which may not be a linear operation. Updated Settings.WHITELIST if you want to override this.",0.0,66196.0,auto_no_attacks_cpu4,"[""nnenum"",""data/vnncomp2026/cifar100_2024/1.0/onnx/CIFAR100_resnet_medium.onnx"",""data/vnncomp2026/cifar100_2024/1.0/vnnlib/CIFAR100_resnet_medium_prop_idx_6970_sidx_2728_eps_0.0039.vnnlib"",100.0,""auto_no_attacks_cpu4""]",
cifar100_2024,73,CIFAR100_resnet_medium.onnx,CIFAR100_resnet_medium_prop_idx_8101_sidx_2821_eps_0.0039.vnnlib,error,,ERROR,0,100.0,,1.0909374505281448,0,1.0909374505281448,0,0,,,not a FALSIFIED row,1,scratch/logs/fse2026/nnenum/cifar100_2024/00073_8873db71cef99a3953c1_mfnw81av.log,b18238f123ed6fab051ec94641b78a1ba2e307e7,"{""attack"": ""no adversarial attack implementation in this nnenum version; LP witness extraction retained"", ""cpus"": ""0-3"", ""deviations"": [""CPU affinity 0-3; BLAS/OpenMP=1; CUDA hidden"", ""observation-only hook exports Result.total_secs and cinput; watchdog T+20""], ""official"": ""nnenum CLI auto settings""}","[""CPU affinity 0-3; BLAS/OpenMP=1; CUDA hidden"", ""observation-only hook exports Result.total_secs and cinput; watchdog T+20""]",unsupported_op,"assert False, f""unsupported onnx op_type {op} in node {cur_node.name}""
AssertionError: unsupported onnx op_type Conv in node Conv_0
During handling of the above exception, another exception occurred:
AssertionError: Onnx model contains node with op BatchNormalization, which may not be a linear operation. Updated Settings.WHITELIST if you want to override this.",0.0,66196.0,auto_no_attacks_cpu4,"[""nnenum"",""data/vnncomp2026/cifar100_2024/1.0/onnx/CIFAR100_resnet_medium.onnx"",""data/vnncomp2026/cifar100_2024/1.0/vnnlib/CIFAR100_resnet_medium_prop_idx_8101_sidx_2821_eps_0.0039.vnnlib"",100.0,""auto_no_attacks_cpu4""]",
cifar100_2024,74,CIFAR100_resnet_medium.onnx,CIFAR100_resnet_medium_prop_idx_3291_sidx_5013_eps_0.0039.vnnlib,error,,ERROR,0,100.0,,1.0882754530757666,0,1.0882754530757666,0,0,,,not a FALSIFIED row,1,scratch/logs/fse2026/nnenum/cifar100_2024/00074_b15d7f49eff2e5ad639e_ba_x9fd0.log,b18238f123ed6fab051ec94641b78a1ba2e307e7,"{""attack"": ""no adversarial attack implementation in this nnenum version; LP witness extraction retained"", ""cpus"": ""0-3"", ""deviations"": [""CPU affinity 0-3; BLAS/OpenMP=1; CUDA hidden"", ""observation-only hook exports Result.total_secs and cinput; watchdog T+20""], ""official"": ""nnenum CLI auto settings""}","[""CPU affinity 0-3; BLAS/OpenMP=1; CUDA hidden"", ""observation-only hook exports Result.total_secs and cinput; watchdog T+20""]",unsupported_op,"assert False, f""unsupported onnx op_type {op} in node {cur_node.name}""
AssertionError: unsupported onnx op_type Conv in node Conv_0
During handling of the above exception, another exception occurred:
AssertionError: Onnx model contains node with op BatchNormalization, which may not be a linear operation. Updated Settings.WHITELIST if you want to override this.",100.0,66196.0,auto_no_attacks_cpu4,"[""nnenum"",""data/vnncomp2026/cifar100_2024/1.0/onnx/CIFAR100_resnet_medium.onnx"",""data/vnncomp2026/cifar100_2024/1.0/vnnlib/CIFAR100_resnet_medium_prop_idx_3291_sidx_5013_eps_0.0039.vnnlib"",100.0,""auto_no_attacks_cpu4""]",
cifar100_2024,75,CIFAR100_resnet_medium.onnx,CIFAR100_resnet_medium_prop_idx_6583_sidx_8860_eps_0.0039.vnnlib,error,,ERROR,0,100.0,,1.0889235567301512,0,1.0889235567301512,0,0,,,not a FALSIFIED row,1,scratch/logs/fse2026/nnenum/cifar100_2024/00075_ae06d2fc4f40a525777c_6zai_odh.log,b18238f123ed6fab051ec94641b78a1ba2e307e7,"{""attack"": ""no adversarial attack implementation in this nnenum version; LP witness extraction retained"", ""cpus"": ""0-3"", ""deviations"": [""CPU affinity 0-3; BLAS/OpenMP=1; CUDA hidden"", ""observation-only hook exports Result.total_secs and cinput; watchdog T+20""], ""official"": ""nnenum CLI auto settings""}","[""CPU affinity 0-3; BLAS/OpenMP=1; CUDA hidden"", ""observation-only hook exports Result.total_secs and cinput; watchdog T+20""]",unsupported_op,"assert False, f""unsupported onnx op_type {op} in node {cur_node.name}""
AssertionError: unsupported onnx op_type Conv in node Conv_0
During handling of the above exception, another exception occurred:
AssertionError: Onnx model contains node with op BatchNormalization, which may not be a linear operation. Updated Settings.WHITELIST if you want to override this.",100.0,66196.0,auto_no_attacks_cpu4,"[""nnenum"",""data/vnncomp2026/cifar100_2024/1.0/onnx/CIFAR100_resnet_medium.onnx"",""data/vnncomp2026/cifar100_2024/1.0/vnnlib/CIFAR100_resnet_medium_prop_idx_6583_sidx_8860_eps_0.0039.vnnlib"",100.0,""auto_no_attacks_cpu4""]",
cifar100_2024,76,CIFAR100_resnet_medium.onnx,CIFAR100_resnet_medium_prop_idx_4141_sidx_5393_eps_0.0039.vnnlib,error,,ERROR,0,100.0,,1.088319681584835,0,1.088319681584835,0,0,,,not a FALSIFIED row,1,scratch/logs/fse2026/nnenum/cifar100_2024/00076_4d20ac485767d7ed78a7_yzihpp6i.log,b18238f123ed6fab051ec94641b78a1ba2e307e7,"{""attack"": ""no adversarial attack implementation in this nnenum version; LP witness extraction retained"", ""cpus"": ""0-3"", ""deviations"": [""CPU affinity 0-3; BLAS/OpenMP=1; CUDA hidden"", ""observation-only hook exports Result.total_secs and cinput; watchdog T+20""], ""official"": ""nnenum CLI auto settings""}","[""CPU affinity 0-3; BLAS/OpenMP=1; CUDA hidden"", ""observation-only hook exports Result.total_secs and cinput; watchdog T+20""]",unsupported_op,"assert False, f""unsupported onnx op_type {op} in node {cur_node.name}""
AssertionError: unsupported onnx op_type Conv in node Conv_0
During handling of the above exception, another exception occurred:
AssertionError: Onnx model contains node with op BatchNormalization, which may not be a linear operation. Updated Settings.WHITELIST if you want to override this.",91.0,66196.0,auto_no_attacks_cpu4,"[""nnenum"",""data/vnncomp2026/cifar100_2024/1.0/onnx/CIFAR100_resnet_medium.onnx"",""data/vnncomp2026/cifar100_2024/1.0/vnnlib/CIFAR100_resnet_medium_prop_idx_4141_sidx_5393_eps_0.0039.vnnlib"",100.0,""auto_no_attacks_cpu4""]",
cifar100_2024,77,CIFAR100_resnet_medium.onnx,CIFAR100_resnet_medium_prop_idx_2921_sidx_3619_eps_0.0039.vnnlib,error,,ERROR,0,100.0,,1.0892170444130898,0,1.0892170444130898,0,0,,,not a FALSIFIED row,1,scratch/logs/fse2026/nnenum/cifar100_2024/00077_2c22584d6b6036794334_j1ddocn7.log,b18238f123ed6fab051ec94641b78a1ba2e307e7,"{""attack"": ""no adversarial attack implementation in this nnenum version; LP witness extraction retained"", ""cpus"": ""0-3"", ""deviations"": [""CPU affinity 0-3; BLAS/OpenMP=1; CUDA hidden"", ""observation-only hook exports Result.total_secs and cinput; watchdog T+20""], ""official"": ""nnenum CLI auto settings""}","[""CPU affinity 0-3; BLAS/OpenMP=1; CUDA hidden"", ""observation-only hook exports Result.total_secs and cinput; watchdog T+20""]",unsupported_op,"assert False, f""unsupported onnx op_type {op} in node {cur_node.name}""
AssertionError: unsupported onnx op_type Conv in node Conv_0
During handling of the above exception, another exception occurred:
AssertionError: Onnx model contains node with op BatchNormalization, which may not be a linear operation. Updated Settings.WHITELIST if you want to override this.",98.0,66196.0,auto_no_attacks_cpu4,"[""nnenum"",""data/vnncomp2026/cifar100_2024/1.0/onnx/CIFAR100_resnet_medium.onnx"",""data/vnncomp2026/cifar100_2024/1.0/vnnlib/CIFAR100_resnet_medium_prop_idx_2921_sidx_3619_eps_0.0039.vnnlib"",100.0,""auto_no_attacks_cpu4""]",
cifar100_2024,78,CIFAR100_resnet_medium.onnx,CIFAR100_resnet_medium_prop_idx_955_sidx_7389_eps_0.0039.vnnlib,error,,ERROR,0,100.0,,1.0919608548283577,0,1.0919608548283577,0,0,,,not a FALSIFIED row,1,scratch/logs/fse2026/nnenum/cifar100_2024/00078_918be7c8cc22d2ee2d39_abhyvcfq.log,b18238f123ed6fab051ec94641b78a1ba2e307e7,"{""attack"": ""no adversarial attack implementation in this nnenum version; LP witness extraction retained"", ""cpus"": ""0-3"", ""deviations"": [""CPU affinity 0-3; BLAS/OpenMP=1; CUDA hidden"", ""observation-only hook exports Result.total_secs and cinput; watchdog T+20""], ""official"": ""nnenum CLI auto settings""}","[""CPU affinity 0-3; BLAS/OpenMP=1; CUDA hidden"", ""observation-only hook exports Result.total_secs and cinput; watchdog T+20""]",unsupported_op,"assert False, f""unsupported onnx op_type {op} in node {cur_node.name}""
AssertionError: unsupported onnx op_type Conv in node Conv_0
During handling of the above exception, another exception occurred:
AssertionError: Onnx model contains node with op BatchNormalization, which may not be a linear operation. Updated Settings.WHITELIST if you want to override this.",100.0,66196.0,auto_no_attacks_cpu4,"[""nnenum"",""data/vnncomp2026/cifar100_2024/1.0/onnx/CIFAR100_resnet_medium.onnx"",""data/vnncomp2026/cifar100_2024/1.0/vnnlib/CIFAR100_resnet_medium_prop_idx_955_sidx_7389_eps_0.0039.vnnlib"",100.0,""auto_no_attacks_cpu4""]",
cifar100_2024,79,CIFAR100_resnet_medium.onnx,CIFAR100_resnet_medium_prop_idx_4164_sidx_3458_eps_0.0039.vnnlib,error,,ERROR,0,100.0,,1.1403045486658812,0,1.1403045486658812,0,0,,,not a FALSIFIED row,1,scratch/logs/fse2026/nnenum/cifar100_2024/00079_f17805251ed61b1b82e5_p_0gfs9t.log,b18238f123ed6fab051ec94641b78a1ba2e307e7,"{""attack"": ""no adversarial attack implementation in this nnenum version; LP witness extraction retained"", ""cpus"": ""0-3"", ""deviations"": [""CPU affinity 0-3; BLAS/OpenMP=1; CUDA hidden"", ""observation-only hook exports Result.total_secs and cinput; watchdog T+20""], ""official"": ""nnenum CLI auto settings""}","[""CPU affinity 0-3; BLAS/OpenMP=1; CUDA hidden"", ""observation-only hook exports Result.total_secs and cinput; watchdog T+20""]",unsupported_op,"assert False, f""unsupported onnx op_type {op} in node {cur_node.name}""
AssertionError: unsupported onnx op_type Conv in node Conv_0
During handling of the above exception, another exception occurred:
AssertionError: Onnx model contains node with op BatchNormalization, which may not be a linear operation. Updated Settings.WHITELIST if you want to override this.",0.0,66196.0,auto_no_attacks_cpu4,"[""nnenum"",""data/vnncomp2026/cifar100_2024/1.0/onnx/CIFAR100_resnet_medium.onnx"",""data/vnncomp2026/cifar100_2024/1.0/vnnlib/CIFAR100_resnet_medium_prop_idx_4164_sidx_3458_eps_0.0039.vnnlib"",100.0,""auto_no_attacks_cpu4""]",
cifar100_2024,80,CIFAR100_resnet_medium.onnx,CIFAR100_resnet_medium_prop_idx_4731_sidx_3010_eps_0.0039.vnnlib,error,,ERROR,0,100.0,,1.0883501190692186,0,1.0883501190692186,0,0,,,not a FALSIFIED row,1,scratch/logs/fse2026/nnenum/cifar100_2024/00080_869d2b27ff4e89084f65_ycl4l4cf.log,b18238f123ed6fab051ec94641b78a1ba2e307e7,"{""attack"": ""no adversarial attack implementation in this nnenum version; LP witness extraction retained"", ""cpus"": ""0-3"", ""deviations"": [""CPU affinity 0-3; BLAS/OpenMP=1; CUDA hidden"", ""observation-only hook exports Result.total_secs and cinput; watchdog T+20""], ""official"": ""nnenum CLI auto settings""}","[""CPU affinity 0-3; BLAS/OpenMP=1; CUDA hidden"", ""observation-only hook exports Result.total_secs and cinput; watchdog T+20""]",unsupported_op,"assert False, f""unsupported onnx op_type {op} in node {cur_node.name}""
AssertionError: unsupported onnx op_type Conv in node Conv_0
During handling of the above exception, another exception occurred:
AssertionError: Onnx model contains node with op BatchNormalization, which may not be a linear operation. Updated Settings.WHITELIST if you want to override this.",18.0,66196.0,auto_no_attacks_cpu4,"[""nnenum"",""data/vnncomp2026/cifar100_2024/1.0/onnx/CIFAR100_resnet_medium.onnx"",""data/vnncomp2026/cifar100_2024/1.0/vnnlib/CIFAR100_resnet_medium_prop_idx_4731_sidx_3010_eps_0.0039.vnnlib"",100.0,""auto_no_attacks_cpu4""]",
cifar100_2024,81,CIFAR100_resnet_medium.onnx,CIFAR100_resnet_medium_prop_idx_3883_sidx_8369_eps_0.0039.vnnlib,error,,ERROR,0,100.0,,1.0885579977184534,0,1.0885579977184534,0,0,,,not a FALSIFIED row,1,scratch/logs/fse2026/nnenum/cifar100_2024/00081_4f4c313d7a75fefa1772_8aj363ho.log,b18238f123ed6fab051ec94641b78a1ba2e307e7,"{""attack"": ""no adversarial attack implementation in this nnenum version; LP witness extraction retained"", ""cpus"": ""0-3"", ""deviations"": [""CPU affinity 0-3; BLAS/OpenMP=1; CUDA hidden"", ""observation-only hook exports Result.total_secs and cinput; watchdog T+20""], ""official"": ""nnenum CLI auto settings""}","[""CPU affinity 0-3; BLAS/OpenMP=1; CUDA hidden"", ""observation-only hook exports Result.total_secs and cinput; watchdog T+20""]",unsupported_op,"assert False, f""unsupported onnx op_type {op} in node {cur_node.name}""
AssertionError: unsupported onnx op_type Conv in node Conv_0
During handling of the above exception, another exception occurred:
AssertionError: Onnx model contains node with op BatchNormalization, which may not be a linear operation. Updated Settings.WHITELIST if you want to override this.",100.0,66196.0,auto_no_attacks_cpu4,"[""nnenum"",""data/vnncomp2026/cifar100_2024/1.0/onnx/CIFAR100_resnet_medium.onnx"",""data/vnncomp2026/cifar100_2024/1.0/vnnlib/CIFAR100_resnet_medium_prop_idx_3883_sidx_8369_eps_0.0039.vnnlib"",100.0,""auto_no_attacks_cpu4""]",
cifar100_2024,82,CIFAR100_resnet_medium.onnx,CIFAR100_resnet_medium_prop_idx_8188_sidx_1723_eps_0.0039.vnnlib,error,,ERROR,0,100.0,,1.0878615155816078,0,1.0878615155816078,0,0,,,not a FALSIFIED row,1,scratch/logs/fse2026/nnenum/cifar100_2024/00082_183058beaf8b594ffadf_tk3koxyl.log,b18238f123ed6fab051ec94641b78a1ba2e307e7,"{""attack"": ""no adversarial attack implementation in this nnenum version; LP witness extraction retained"", ""cpus"": ""0-3"", ""deviations"": [""CPU affinity 0-3; BLAS/OpenMP=1; CUDA hidden"", ""observation-only hook exports Result.total_secs and cinput; watchdog T+20""], ""official"": ""nnenum CLI auto settings""}","[""CPU affinity 0-3; BLAS/OpenMP=1; CUDA hidden"", ""observation-only hook exports Result.total_secs and cinput; watchdog T+20""]",unsupported_op,"assert False, f""unsupported onnx op_type {op} in node {cur_node.name}""
AssertionError: unsupported onnx op_type Conv in node Conv_0
During handling of the above exception, another exception occurred:
AssertionError: Onnx model contains node with op BatchNormalization, which may not be a linear operation. Updated Settings.WHITELIST if you want to override this.",93.0,66196.0,auto_no_attacks_cpu4,"[""nnenum"",""data/vnncomp2026/cifar100_2024/1.0/onnx/CIFAR100_resnet_medium.onnx"",""data/vnncomp2026/cifar100_2024/1.0/vnnlib/CIFAR100_resnet_medium_prop_idx_8188_sidx_1723_eps_0.0039.vnnlib"",100.0,""auto_no_attacks_cpu4""]",
cifar100_2024,83,CIFAR100_resnet_medium.onnx,CIFAR100_resnet_medium_prop_idx_2991_sidx_2524_eps_0.0039.vnnlib,error,,ERROR,0,100.0,,1.038404518738389,0,1.038404518738389,0,0,,,not a FALSIFIED row,1,scratch/logs/fse2026/nnenum/cifar100_2024/00083_107c599e342011d54aaf_v8icap82.log,b18238f123ed6fab051ec94641b78a1ba2e307e7,"{""attack"": ""no adversarial attack implementation in this nnenum version; LP witness extraction retained"", ""cpus"": ""0-3"", ""deviations"": [""CPU affinity 0-3; BLAS/OpenMP=1; CUDA hidden"", ""observation-only hook exports Result.total_secs and cinput; watchdog T+20""], ""official"": ""nnenum CLI auto settings""}","[""CPU affinity 0-3; BLAS/OpenMP=1; CUDA hidden"", ""observation-only hook exports Result.total_secs and cinput; watchdog T+20""]",unsupported_op,"assert False, f""unsupported onnx op_type {op} in node {cur_node.name}""
AssertionError: unsupported onnx op_type Conv in node Conv_0
During handling of the above exception, another exception occurred:
AssertionError: Onnx model contains node with op BatchNormalization, which may not be a linear operation. Updated Settings.WHITELIST if you want to override this.",90.0,66196.0,auto_no_attacks_cpu4,"[""nnenum"",""data/vnncomp2026/cifar100_2024/1.0/onnx/CIFAR100_resnet_medium.onnx"",""data/vnncomp2026/cifar100_2024/1.0/vnnlib/CIFAR100_resnet_medium_prop_idx_2991_sidx_2524_eps_0.0039.vnnlib"",100.0,""auto_no_attacks_cpu4""]",
cifar100_2024,84,CIFAR100_resnet_medium.onnx,CIFAR100_resnet_medium_prop_idx_546_sidx_9422_eps_0.0039.vnnlib,error,,ERROR,0,100.0,,1.140834104269743,0,1.140834104269743,0,0,,,not a FALSIFIED row,1,scratch/logs/fse2026/nnenum/cifar100_2024/00084_89f2705f357dee262565_mtrpk4vw.log,b18238f123ed6fab051ec94641b78a1ba2e307e7,"{""attack"": ""no adversarial attack implementation in this nnenum version; LP witness extraction retained"", ""cpus"": ""0-3"", ""deviations"": [""CPU affinity 0-3; BLAS/OpenMP=1; CUDA hidden"", ""observation-only hook exports Result.total_secs and cinput; watchdog T+20""], ""official"": ""nnenum CLI auto settings""}","[""CPU affinity 0-3; BLAS/OpenMP=1; CUDA hidden"", ""observation-only hook exports Result.total_secs and cinput; watchdog T+20""]",unsupported_op,"assert False, f""unsupported onnx op_type {op} in node {cur_node.name}""
AssertionError: unsupported onnx op_type Conv in node Conv_0
During handling of the above exception, another exception occurred:
AssertionError: Onnx model contains node with op BatchNormalization, which may not be a linear operation. Updated Settings.WHITELIST if you want to override this.",98.0,66196.0,auto_no_attacks_cpu4,"[""nnenum"",""data/vnncomp2026/cifar100_2024/1.0/onnx/CIFAR100_resnet_medium.onnx"",""data/vnncomp2026/cifar100_2024/1.0/vnnlib/CIFAR100_resnet_medium_prop_idx_546_sidx_9422_eps_0.0039.vnnlib"",100.0,""auto_no_attacks_cpu4""]",
cifar100_2024,85,CIFAR100_resnet_medium.onnx,CIFAR100_resnet_medium_prop_idx_8134_sidx_6598_eps_0.0039.vnnlib,error,,ERROR,0,100.0,,1.0892973933368921,0,1.0892973933368921,0,0,,,not a FALSIFIED row,1,scratch/logs/fse2026/nnenum/cifar100_2024/00085_740283c748729d9f04c7_4afbcyq6.log,b18238f123ed6fab051ec94641b78a1ba2e307e7,"{""attack"": ""no adversarial attack implementation in this nnenum version; LP witness extraction retained"", ""cpus"": ""0-3"", ""deviations"": [""CPU affinity 0-3; BLAS/OpenMP=1; CUDA hidden"", ""observation-only hook exports Result.total_secs and cinput; watchdog T+20""], ""official"": ""nnenum CLI auto settings""}","[""CPU affinity 0-3; BLAS/OpenMP=1; CUDA hidden"", ""observation-only hook exports Result.total_secs and cinput; watchdog T+20""]",unsupported_op,"assert False, f""unsupported onnx op_type {op} in node {cur_node.name}""
AssertionError: unsupported onnx op_type Conv in node Conv_0
During handling of the above exception, another exception occurred:
AssertionError: Onnx model contains node with op BatchNormalization, which may not be a linear operation. Updated Settings.WHITELIST if you want to override this.",100.0,66196.0,auto_no_attacks_cpu4,"[""nnenum"",""data/vnncomp2026/cifar100_2024/1.0/onnx/CIFAR100_resnet_medium.onnx"",""data/vnncomp2026/cifar100_2024/1.0/vnnlib/CIFAR100_resnet_medium_prop_idx_8134_sidx_6598_eps_0.0039.vnnlib"",100.0,""auto_no_attacks_cpu4""]",
cifar100_2024,86,CIFAR100_resnet_medium.onnx,CIFAR100_resnet_medium_prop_idx_4470_sidx_4218_eps_0.0039.vnnlib,error,,ERROR,0,100.0,,1.0889391973614693,0,1.0889391973614693,0,0,,,not a FALSIFIED row,1,scratch/logs/fse2026/nnenum/cifar100_2024/00086_127d964dde750e300b99_5xamh8i1.log,b18238f123ed6fab051ec94641b78a1ba2e307e7,"{""attack"": ""no adversarial attack implementation in this nnenum version; LP witness extraction retained"", ""cpus"": ""0-3"", ""deviations"": [""CPU affinity 0-3; BLAS/OpenMP=1; CUDA hidden"", ""observation-only hook exports Result.total_secs and cinput; watchdog T+20""], ""official"": ""nnenum CLI auto settings""}","[""CPU affinity 0-3; BLAS/OpenMP=1; CUDA hidden"", ""observation-only hook exports Result.total_secs and cinput; watchdog T+20""]",unsupported_op,"assert False, f""unsupported onnx op_type {op} in node {cur_node.name}""
AssertionError: unsupported onnx op_type Conv in node Conv_0
During handling of the above exception, another exception occurred:
AssertionError: Onnx model contains node with op BatchNormalization, which may not be a linear operation. Updated Settings.WHITELIST if you want to override this.",10.0,66196.0,auto_no_attacks_cpu4,"[""nnenum"",""data/vnncomp2026/cifar100_2024/1.0/onnx/CIFAR100_resnet_medium.onnx"",""data/vnncomp2026/cifar100_2024/1.0/vnnlib/CIFAR100_resnet_medium_prop_idx_4470_sidx_4218_eps_0.0039.vnnlib"",100.0,""auto_no_attacks_cpu4""]",
cifar100_2024,87,CIFAR100_resnet_medium.onnx,CIFAR100_resnet_medium_prop_idx_7500_sidx_40_eps_0.0039.vnnlib,error,,ERROR,0,100.0,,1.087204048410058,0,1.087204048410058,0,0,,,not a FALSIFIED row,1,scratch/logs/fse2026/nnenum/cifar100_2024/00087_3033d10fcd3f873e3ad1_p9apt_hh.log,b18238f123ed6fab051ec94641b78a1ba2e307e7,"{""attack"": ""no adversarial attack implementation in this nnenum version; LP witness extraction retained"", ""cpus"": ""0-3"", ""deviations"": [""CPU affinity 0-3; BLAS/OpenMP=1; CUDA hidden"", ""observation-only hook exports Result.total_secs and cinput; watchdog T+20""], ""official"": ""nnenum CLI auto settings""}","[""CPU affinity 0-3; BLAS/OpenMP=1; CUDA hidden"", ""observation-only hook exports Result.total_secs and cinput; watchdog T+20""]",unsupported_op,"assert False, f""unsupported onnx op_type {op} in node {cur_node.name}""
AssertionError: unsupported onnx op_type Conv in node Conv_0
During handling of the above exception, another exception occurred:
AssertionError: Onnx model contains node with op BatchNormalization, which may not be a linear operation. Updated Settings.WHITELIST if you want to override this.",32.0,66196.0,auto_no_attacks_cpu4,"[""nnenum"",""data/vnncomp2026/cifar100_2024/1.0/onnx/CIFAR100_resnet_medium.onnx"",""data/vnncomp2026/cifar100_2024/1.0/vnnlib/CIFAR100_resnet_medium_prop_idx_7500_sidx_40_eps_0.0039.vnnlib"",100.0,""auto_no_attacks_cpu4""]",
cifar100_2024,88,CIFAR100_resnet_medium.onnx,CIFAR100_resnet_medium_prop_idx_8629_sidx_338_eps_0.0039.vnnlib,error,,ERROR,0,100.0,,1.08988256752491,0,1.08988256752491,0,0,,,not a FALSIFIED row,1,scratch/logs/fse2026/nnenum/cifar100_2024/00088_8028417c6af47b3b43e5_lh2gfpyq.log,b18238f123ed6fab051ec94641b78a1ba2e307e7,"{""attack"": ""no adversarial attack implementation in this nnenum version; LP witness extraction retained"", ""cpus"": ""0-3"", ""deviations"": [""CPU affinity 0-3; BLAS/OpenMP=1; CUDA hidden"", ""observation-only hook exports Result.total_secs and cinput; watchdog T+20""], ""official"": ""nnenum CLI auto settings""}","[""CPU affinity 0-3; BLAS/OpenMP=1; CUDA hidden"", ""observation-only hook exports Result.total_secs and cinput; watchdog T+20""]",unsupported_op,"assert False, f""unsupported onnx op_type {op} in node {cur_node.name}""
AssertionError: unsupported onnx op_type Conv in node Conv_0
During handling of the above exception, another exception occurred:
AssertionError: Onnx model contains node with op BatchNormalization, which may not be a linear operation. Updated Settings.WHITELIST if you want to override this.",100.0,66196.0,auto_no_attacks_cpu4,"[""nnenum"",""data/vnncomp2026/cifar100_2024/1.0/onnx/CIFAR100_resnet_medium.onnx"",""data/vnncomp2026/cifar100_2024/1.0/vnnlib/CIFAR100_resnet_medium_prop_idx_8629_sidx_338_eps_0.0039.vnnlib"",100.0,""auto_no_attacks_cpu4""]",
cifar100_2024,89,CIFAR100_resnet_medium.onnx,CIFAR100_resnet_medium_prop_idx_9655_sidx_5296_eps_0.0039.vnnlib,error,,ERROR,0,100.0,,1.089212914928794,0,1.089212914928794,0,0,,,not a FALSIFIED row,1,scratch/logs/fse2026/nnenum/cifar100_2024/00089_a0583c53fe9808895506_ocj816v7.log,b18238f123ed6fab051ec94641b78a1ba2e307e7,"{""attack"": ""no adversarial attack implementation in this nnenum version; LP witness extraction retained"", ""cpus"": ""0-3"", ""deviations"": [""CPU affinity 0-3; BLAS/OpenMP=1; CUDA hidden"", ""observation-only hook exports Result.total_secs and cinput; watchdog T+20""], ""official"": ""nnenum CLI auto settings""}","[""CPU affinity 0-3; BLAS/OpenMP=1; CUDA hidden"", ""observation-only hook exports Result.total_secs and cinput; watchdog T+20""]",unsupported_op,"assert False, f""unsupported onnx op_type {op} in node {cur_node.name}""
AssertionError: unsupported onnx op_type Conv in node Conv_0
During handling of the above exception, another exception occurred:
AssertionError: Onnx model contains node with op BatchNormalization, which may not be a linear operation. Updated Settings.WHITELIST if you want to override this.",100.0,66196.0,auto_no_attacks_cpu4,"[""nnenum"",""data/vnncomp2026/cifar100_2024/1.0/onnx/CIFAR100_resnet_medium.onnx"",""data/vnncomp2026/cifar100_2024/1.0/vnnlib/CIFAR100_resnet_medium_prop_idx_9655_sidx_5296_eps_0.0039.vnnlib"",100.0,""auto_no_attacks_cpu4""]",
cifar100_2024,90,CIFAR100_resnet_medium.onnx,CIFAR100_resnet_medium_prop_idx_7202_sidx_1740_eps_0.0039.vnnlib,error,,ERROR,0,100.0,,1.0889857783913612,0,1.0889857783913612,0,0,,,not a FALSIFIED row,1,scratch/logs/fse2026/nnenum/cifar100_2024/00090_3b5e3ab212520e4f46ad_a5mw_psy.log,b18238f123ed6fab051ec94641b78a1ba2e307e7,"{""attack"": ""no adversarial attack implementation in this nnenum version; LP witness extraction retained"", ""cpus"": ""0-3"", ""deviations"": [""CPU affinity 0-3; BLAS/OpenMP=1; CUDA hidden"", ""observation-only hook exports Result.total_secs and cinput; watchdog T+20""], ""official"": ""nnenum CLI auto settings""}","[""CPU affinity 0-3; BLAS/OpenMP=1; CUDA hidden"", ""observation-only hook exports Result.total_secs and cinput; watchdog T+20""]",unsupported_op,"assert False, f""unsupported onnx op_type {op} in node {cur_node.name}""
AssertionError: unsupported onnx op_type Conv in node Conv_0
During handling of the above exception, another exception occurred:
AssertionError: Onnx model contains node with op BatchNormalization, which may not be a linear operation. Updated Settings.WHITELIST if you want to override this.",99.0,66196.0,auto_no_attacks_cpu4,"[""nnenum"",""data/vnncomp2026/cifar100_2024/1.0/onnx/CIFAR100_resnet_medium.onnx"",""data/vnncomp2026/cifar100_2024/1.0/vnnlib/CIFAR100_resnet_medium_prop_idx_7202_sidx_1740_eps_0.0039.vnnlib"",100.0,""auto_no_attacks_cpu4""]",
cifar100_2024,91,CIFAR100_resnet_medium.onnx,CIFAR100_resnet_medium_prop_idx_8366_sidx_3983_eps_0.0039.vnnlib,error,,ERROR,0,100.0,,1.0888615511357784,0,1.0888615511357784,0,0,,,not a FALSIFIED row,1,scratch/logs/fse2026/nnenum/cifar100_2024/00091_ccae82dec88619d49002_ps51i23p.log,b18238f123ed6fab051ec94641b78a1ba2e307e7,"{""attack"": ""no adversarial attack implementation in this nnenum version; LP witness extraction retained"", ""cpus"": ""0-3"", ""deviations"": [""CPU affinity 0-3; BLAS/OpenMP=1; CUDA hidden"", ""observation-only hook exports Result.total_secs and cinput; watchdog T+20""], ""official"": ""nnenum CLI auto settings""}","[""CPU affinity 0-3; BLAS/OpenMP=1; CUDA hidden"", ""observation-only hook exports Result.total_secs and cinput; watchdog T+20""]",unsupported_op,"assert False, f""unsupported onnx op_type {op} in node {cur_node.name}""
AssertionError: unsupported onnx op_type Conv in node Conv_0
During handling of the above exception, another exception occurred:
AssertionError: Onnx model contains node with op BatchNormalization, which may not be a linear operation. Updated Settings.WHITELIST if you want to override this.",98.0,66196.0,auto_no_attacks_cpu4,"[""nnenum"",""data/vnncomp2026/cifar100_2024/1.0/onnx/CIFAR100_resnet_medium.onnx"",""data/vnncomp2026/cifar100_2024/1.0/vnnlib/CIFAR100_resnet_medium_prop_idx_8366_sidx_3983_eps_0.0039.vnnlib"",100.0,""auto_no_attacks_cpu4""]",
cifar100_2024,92,CIFAR100_resnet_medium.onnx,CIFAR100_resnet_medium_prop_idx_5382_sidx_4518_eps_0.0039.vnnlib,error,,ERROR,0,100.0,,1.0897777639329433,0,1.0897777639329433,0,0,,,not a FALSIFIED row,1,scratch/logs/fse2026/nnenum/cifar100_2024/00092_d3d306c685c07f17c1a6_nga25rh4.log,b18238f123ed6fab051ec94641b78a1ba2e307e7,"{""attack"": ""no adversarial attack implementation in this nnenum version; LP witness extraction retained"", ""cpus"": ""0-3"", ""deviations"": [""CPU affinity 0-3; BLAS/OpenMP=1; CUDA hidden"", ""observation-only hook exports Result.total_secs and cinput; watchdog T+20""], ""official"": ""nnenum CLI auto settings""}","[""CPU affinity 0-3; BLAS/OpenMP=1; CUDA hidden"", ""observation-only hook exports Result.total_secs and cinput; watchdog T+20""]",unsupported_op,"assert False, f""unsupported onnx op_type {op} in node {cur_node.name}""
AssertionError: unsupported onnx op_type Conv in node Conv_0
During handling of the above exception, another exception occurred:
AssertionError: Onnx model contains node with op BatchNormalization, which may not be a linear operation. Updated Settings.WHITELIST if you want to override this.",99.0,66196.0,auto_no_attacks_cpu4,"[""nnenum"",""data/vnncomp2026/cifar100_2024/1.0/onnx/CIFAR100_resnet_medium.onnx"",""data/vnncomp2026/cifar100_2024/1.0/vnnlib/CIFAR100_resnet_medium_prop_idx_5382_sidx_4518_eps_0.0039.vnnlib"",100.0,""auto_no_attacks_cpu4""]",
cifar100_2024,93,CIFAR100_resnet_medium.onnx,CIFAR100_resnet_medium_prop_idx_2525_sidx_2978_eps_0.0039.vnnlib,error,,ERROR,0,100.0,,1.0885732620954514,0,1.0885732620954514,0,0,,,not a FALSIFIED row,1,scratch/logs/fse2026/nnenum/cifar100_2024/00093_0c1f26a3624335c3088d_55p983fo.log,b18238f123ed6fab051ec94641b78a1ba2e307e7,"{""attack"": ""no adversarial attack implementation in this nnenum version; LP witness extraction retained"", ""cpus"": ""0-3"", ""deviations"": [""CPU affinity 0-3; BLAS/OpenMP=1; CUDA hidden"", ""observation-only hook exports Result.total_secs and cinput; watchdog T+20""], ""official"": ""nnenum CLI auto settings""}","[""CPU affinity 0-3; BLAS/OpenMP=1; CUDA hidden"", ""observation-only hook exports Result.total_secs and cinput; watchdog T+20""]",unsupported_op,"assert False, f""unsupported onnx op_type {op} in node {cur_node.name}""
AssertionError: unsupported onnx op_type Conv in node Conv_0
During handling of the above exception, another exception occurred:
AssertionError: Onnx model contains node with op BatchNormalization, which may not be a linear operation. Updated Settings.WHITELIST if you want to override this.",10.0,66196.0,auto_no_attacks_cpu4,"[""nnenum"",""data/vnncomp2026/cifar100_2024/1.0/onnx/CIFAR100_resnet_medium.onnx"",""data/vnncomp2026/cifar100_2024/1.0/vnnlib/CIFAR100_resnet_medium_prop_idx_2525_sidx_2978_eps_0.0039.vnnlib"",100.0,""auto_no_attacks_cpu4""]",
cifar100_2024,94,CIFAR100_resnet_medium.onnx,CIFAR100_resnet_medium_prop_idx_7914_sidx_5010_eps_0.0039.vnnlib,error,,ERROR,0,100.0,,1.0871093589812517,0,1.0871093589812517,0,0,,,not a FALSIFIED row,1,scratch/logs/fse2026/nnenum/cifar100_2024/00094_0a9921427c9724a1be25_k_1lin7u.log,b18238f123ed6fab051ec94641b78a1ba2e307e7,"{""attack"": ""no adversarial attack implementation in this nnenum version; LP witness extraction retained"", ""cpus"": ""0-3"", ""deviations"": [""CPU affinity 0-3; BLAS/OpenMP=1; CUDA hidden"", ""observation-only hook exports Result.total_secs and cinput; watchdog T+20""], ""official"": ""nnenum CLI auto settings""}","[""CPU affinity 0-3; BLAS/OpenMP=1; CUDA hidden"", ""observation-only hook exports Result.total_secs and cinput; watchdog T+20""]",unsupported_op,"assert False, f""unsupported onnx op_type {op} in node {cur_node.name}""
AssertionError: unsupported onnx op_type Conv in node Conv_0
During handling of the above exception, another exception occurred:
AssertionError: Onnx model contains node with op BatchNormalization, which may not be a linear operation. Updated Settings.WHITELIST if you want to override this.",0.0,66196.0,auto_no_attacks_cpu4,"[""nnenum"",""data/vnncomp2026/cifar100_2024/1.0/onnx/CIFAR100_resnet_medium.onnx"",""data/vnncomp2026/cifar100_2024/1.0/vnnlib/CIFAR100_resnet_medium_prop_idx_7914_sidx_5010_eps_0.0039.vnnlib"",100.0,""auto_no_attacks_cpu4""]",
cifar100_2024,95,CIFAR100_resnet_medium.onnx,CIFAR100_resnet_medium_prop_idx_6578_sidx_4058_eps_0.0039.vnnlib,error,,ERROR,0,100.0,,1.0881112441420555,0,1.0881112441420555,0,0,,,not a FALSIFIED row,1,scratch/logs/fse2026/nnenum/cifar100_2024/00095_02ffe3a860a46af91196_0u3g_s68.log,b18238f123ed6fab051ec94641b78a1ba2e307e7,"{""attack"": ""no adversarial attack implementation in this nnenum version; LP witness extraction retained"", ""cpus"": ""0-3"", ""deviations"": [""CPU affinity 0-3; BLAS/OpenMP=1; CUDA hidden"", ""observation-only hook exports Result.total_secs and cinput; watchdog T+20""], ""official"": ""nnenum CLI auto settings""}","[""CPU affinity 0-3; BLAS/OpenMP=1; CUDA hidden"", ""observation-only hook exports Result.total_secs and cinput; watchdog T+20""]",unsupported_op,"assert False, f""unsupported onnx op_type {op} in node {cur_node.name}""
AssertionError: unsupported onnx op_type Conv in node Conv_0
During handling of the above exception, another exception occurred:
AssertionError: Onnx model contains node with op BatchNormalization, which may not be a linear operation. Updated Settings.WHITELIST if you want to override this.",88.0,66196.0,auto_no_attacks_cpu4,"[""nnenum"",""data/vnncomp2026/cifar100_2024/1.0/onnx/CIFAR100_resnet_medium.onnx"",""data/vnncomp2026/cifar100_2024/1.0/vnnlib/CIFAR100_resnet_medium_prop_idx_6578_sidx_4058_eps_0.0039.vnnlib"",100.0,""auto_no_attacks_cpu4""]",
cifar100_2024,96,CIFAR100_resnet_medium.onnx,CIFAR100_resnet_medium_prop_idx_6448_sidx_4171_eps_0.0039.vnnlib,error,,ERROR,0,100.0,,1.0880053080618382,0,1.0880053080618382,0,0,,,not a FALSIFIED row,1,scratch/logs/fse2026/nnenum/cifar100_2024/00096_264f93b53a22b00969b9_f5f8eohi.log,b18238f123ed6fab051ec94641b78a1ba2e307e7,"{""attack"": ""no adversarial attack implementation in this nnenum version; LP witness extraction retained"", ""cpus"": ""0-3"", ""deviations"": [""CPU affinity 0-3; BLAS/OpenMP=1; CUDA hidden"", ""observation-only hook exports Result.total_secs and cinput; watchdog T+20""], ""official"": ""nnenum CLI auto settings""}","[""CPU affinity 0-3; BLAS/OpenMP=1; CUDA hidden"", ""observation-only hook exports Result.total_secs and cinput; watchdog T+20""]",unsupported_op,"assert False, f""unsupported onnx op_type {op} in node {cur_node.name}""
AssertionError: unsupported onnx op_type Conv in node Conv_0
During handling of the above exception, another exception occurred:
AssertionError: Onnx model contains node with op BatchNormalization, which may not be a linear operation. Updated Settings.WHITELIST if you want to override this.",100.0,66196.0,auto_no_attacks_cpu4,"[""nnenum"",""data/vnncomp2026/cifar100_2024/1.0/onnx/CIFAR100_resnet_medium.onnx"",""data/vnncomp2026/cifar100_2024/1.0/vnnlib/CIFAR100_resnet_medium_prop_idx_6448_sidx_4171_eps_0.0039.vnnlib"",100.0,""auto_no_attacks_cpu4""]",
cifar100_2024,97,CIFAR100_resnet_medium.onnx,CIFAR100_resnet_medium_prop_idx_3731_sidx_4544_eps_0.0039.vnnlib,error,,ERROR,0,100.0,,1.1412894036620855,0,1.1412894036620855,0,0,,,not a FALSIFIED row,1,scratch/logs/fse2026/nnenum/cifar100_2024/00097_06393882244a1987f393_cg5pudif.log,b18238f123ed6fab051ec94641b78a1ba2e307e7,"{""attack"": ""no adversarial attack implementation in this nnenum version; LP witness extraction retained"", ""cpus"": ""0-3"", ""deviations"": [""CPU affinity 0-3; BLAS/OpenMP=1; CUDA hidden"", ""observation-only hook exports Result.total_secs and cinput; watchdog T+20""], ""official"": ""nnenum CLI auto settings""}","[""CPU affinity 0-3; BLAS/OpenMP=1; CUDA hidden"", ""observation-only hook exports Result.total_secs and cinput; watchdog T+20""]",unsupported_op,"assert False, f""unsupported onnx op_type {op} in node {cur_node.name}""
AssertionError: unsupported onnx op_type Conv in node Conv_0
During handling of the above exception, another exception occurred:
AssertionError: Onnx model contains node with op BatchNormalization, which may not be a linear operation. Updated Settings.WHITELIST if you want to override this.",100.0,66196.0,auto_no_attacks_cpu4,"[""nnenum"",""data/vnncomp2026/cifar100_2024/1.0/onnx/CIFAR100_resnet_medium.onnx"",""data/vnncomp2026/cifar100_2024/1.0/vnnlib/CIFAR100_resnet_medium_prop_idx_3731_sidx_4544_eps_0.0039.vnnlib"",100.0,""auto_no_attacks_cpu4""]",
cifar100_2024,98,CIFAR100_resnet_medium.onnx,CIFAR100_resnet_medium_prop_idx_1798_sidx_1061_eps_0.0039.vnnlib,error,,ERROR,0,100.0,,1.0893135964870453,0,1.0893135964870453,0,0,,,not a FALSIFIED row,1,scratch/logs/fse2026/nnenum/cifar100_2024/00098_11e5de10dec9e921c383_ojsfb3pp.log,b18238f123ed6fab051ec94641b78a1ba2e307e7,"{""attack"": ""no adversarial attack implementation in this nnenum version; LP witness extraction retained"", ""cpus"": ""0-3"", ""deviations"": [""CPU affinity 0-3; BLAS/OpenMP=1; CUDA hidden"", ""observation-only hook exports Result.total_secs and cinput; watchdog T+20""], ""official"": ""nnenum CLI auto settings""}","[""CPU affinity 0-3; BLAS/OpenMP=1; CUDA hidden"", ""observation-only hook exports Result.total_secs and cinput; watchdog T+20""]",unsupported_op,"assert False, f""unsupported onnx op_type {op} in node {cur_node.name}""
AssertionError: unsupported onnx op_type Conv in node Conv_0
During handling of the above exception, another exception occurred:
AssertionError: Onnx model contains node with op BatchNormalization, which may not be a linear operation. Updated Settings.WHITELIST if you want to override this.",98.0,66196.0,auto_no_attacks_cpu4,"[""nnenum"",""data/vnncomp2026/cifar100_2024/1.0/onnx/CIFAR100_resnet_medium.onnx"",""data/vnncomp2026/cifar100_2024/1.0/vnnlib/CIFAR100_resnet_medium_prop_idx_1798_sidx_1061_eps_0.0039.vnnlib"",100.0,""auto_no_attacks_cpu4""]",
cifar100_2024,99,CIFAR100_resnet_medium.onnx,CIFAR100_resnet_medium_prop_idx_2037_sidx_8492_eps_0.0039.vnnlib,error,,ERROR,0,100.0,,1.140031848102808,0,1.140031848102808,0,0,,,not a FALSIFIED row,1,scratch/logs/fse2026/nnenum/cifar100_2024/00099_881ab97be1bf4827c1ac_2tysdftq.log,b18238f123ed6fab051ec94641b78a1ba2e307e7,"{""attack"": ""no adversarial attack implementation in this nnenum version; LP witness extraction retained"", ""cpus"": ""0-3"", ""deviations"": [""CPU affinity 0-3; BLAS/OpenMP=1; CUDA hidden"", ""observation-only hook exports Result.total_secs and cinput; watchdog T+20""], ""official"": ""nnenum CLI auto settings""}","[""CPU affinity 0-3; BLAS/OpenMP=1; CUDA hidden"", ""observation-only hook exports Result.total_secs and cinput; watchdog T+20""]",unsupported_op,"assert False, f""unsupported onnx op_type {op} in node {cur_node.name}""
AssertionError: unsupported onnx op_type Conv in node Conv_0
During handling of the above exception, another exception occurred:
AssertionError: Onnx model contains node with op BatchNormalization, which may not be a linear operation. Updated Settings.WHITELIST if you want to override this.",100.0,66196.0,auto_no_attacks_cpu4,"[""nnenum"",""data/vnncomp2026/cifar100_2024/1.0/onnx/CIFAR100_resnet_medium.onnx"",""data/vnncomp2026/cifar100_2024/1.0/vnnlib/CIFAR100_resnet_medium_prop_idx_2037_sidx_8492_eps_0.0039.vnnlib"",100.0,""auto_no_attacks_cpu4""]",
cifar100_2024,100,CIFAR100_resnet_large.onnx,CIFAR100_resnet_large_prop_idx_7397_sidx_9274_eps_0.0039.vnnlib,error,,ERROR,0,100.0,,1.1442570518702269,0,1.1442570518702269,0,0,,,not a FALSIFIED row,1,scratch/logs/fse2026/nnenum/cifar100_2024/00100_4965a8d176232a261bf0_k55u1_bq.log,b18238f123ed6fab051ec94641b78a1ba2e307e7,"{""attack"": ""no adversarial attack implementation in this nnenum version; LP witness extraction retained"", ""cpus"": ""0-3"", ""deviations"": [""CPU affinity 0-3; BLAS/OpenMP=1; CUDA hidden"", ""observation-only hook exports Result.total_secs and cinput; watchdog T+20""], ""official"": ""nnenum CLI auto settings""}","[""CPU affinity 0-3; BLAS/OpenMP=1; CUDA hidden"", ""observation-only hook exports Result.total_secs and cinput; watchdog T+20""]",unsupported_op,"assert False, f""unsupported onnx op_type {op} in node {cur_node.name}""
AssertionError: unsupported onnx op_type Conv in node Conv_0
During handling of the above exception, another exception occurred:
AssertionError: Onnx model contains node with op BatchNormalization, which may not be a linear operation. Updated Settings.WHITELIST if you want to override this.",10.0,66196.0,auto_no_attacks_cpu4,"[""nnenum"",""data/vnncomp2026/cifar100_2024/1.0/onnx/CIFAR100_resnet_large.onnx"",""data/vnncomp2026/cifar100_2024/1.0/vnnlib/CIFAR100_resnet_large_prop_idx_7397_sidx_9274_eps_0.0039.vnnlib"",100.0,""auto_no_attacks_cpu4""]",
cifar100_2024,101,CIFAR100_resnet_large.onnx,CIFAR100_resnet_large_prop_idx_9084_sidx_6195_eps_0.0039.vnnlib,error,,ERROR,0,100.0,,1.138484237715602,0,1.138484237715602,0,0,,,not a FALSIFIED row,1,scratch/logs/fse2026/nnenum/cifar100_2024/00101_b5b5c0251dc0f69cee8b_wo9n8grw.log,b18238f123ed6fab051ec94641b78a1ba2e307e7,"{""attack"": ""no adversarial attack implementation in this nnenum version; LP witness extraction retained"", ""cpus"": ""0-3"", ""deviations"": [""CPU affinity 0-3; BLAS/OpenMP=1; CUDA hidden"", ""observation-only hook exports Result.total_secs and cinput; watchdog T+20""], ""official"": ""nnenum CLI auto settings""}","[""CPU affinity 0-3; BLAS/OpenMP=1; CUDA hidden"", ""observation-only hook exports Result.total_secs and cinput; watchdog T+20""]",unsupported_op,"assert False, f""unsupported onnx op_type {op} in node {cur_node.name}""
AssertionError: unsupported onnx op_type Conv in node Conv_0
During handling of the above exception, another exception occurred:
AssertionError: Onnx model contains node with op BatchNormalization, which may not be a linear operation. Updated Settings.WHITELIST if you want to override this.",1.0,66196.0,auto_no_attacks_cpu4,"[""nnenum"",""data/vnncomp2026/cifar100_2024/1.0/onnx/CIFAR100_resnet_large.onnx"",""data/vnncomp2026/cifar100_2024/1.0/vnnlib/CIFAR100_resnet_large_prop_idx_9084_sidx_6195_eps_0.0039.vnnlib"",100.0,""auto_no_attacks_cpu4""]",
cifar100_2024,102,CIFAR100_resnet_large.onnx,CIFAR100_resnet_large_prop_idx_415_sidx_6188_eps_0.0039.vnnlib,error,,ERROR,0,100.0,,1.1385063473135233,0,1.1385063473135233,0,0,,,not a FALSIFIED row,1,scratch/logs/fse2026/nnenum/cifar100_2024/00102_708e31f1a4aaee4890b5_6zzsd7wa.log,b18238f123ed6fab051ec94641b78a1ba2e307e7,"{""attack"": ""no adversarial attack implementation in this nnenum version; LP witness extraction retained"", ""cpus"": ""0-3"", ""deviations"": [""CPU affinity 0-3; BLAS/OpenMP=1; CUDA hidden"", ""observation-only hook exports Result.total_secs and cinput; watchdog T+20""], ""official"": ""nnenum CLI auto settings""}","[""CPU affinity 0-3; BLAS/OpenMP=1; CUDA hidden"", ""observation-only hook exports Result.total_secs and cinput; watchdog T+20""]",unsupported_op,"assert False, f""unsupported onnx op_type {op} in node {cur_node.name}""
AssertionError: unsupported onnx op_type Conv in node Conv_0
During handling of the above exception, another exception occurred:
AssertionError: Onnx model contains node with op BatchNormalization, which may not be a linear operation. Updated Settings.WHITELIST if you want to override this.",100.0,66196.0,auto_no_attacks_cpu4,"[""nnenum"",""data/vnncomp2026/cifar100_2024/1.0/onnx/CIFAR100_resnet_large.onnx"",""data/vnncomp2026/cifar100_2024/1.0/vnnlib/CIFAR100_resnet_large_prop_idx_415_sidx_6188_eps_0.0039.vnnlib"",100.0,""auto_no_attacks_cpu4""]",
cifar100_2024,103,CIFAR100_resnet_large.onnx,CIFAR100_resnet_large_prop_idx_2441_sidx_6205_eps_0.0039.vnnlib,error,,ERROR,0,100.0,,1.137718016281724,0,1.137718016281724,0,0,,,not a FALSIFIED row,1,scratch/logs/fse2026/nnenum/cifar100_2024/00103_96f15b24e37424e05e85_l17tknc3.log,b18238f123ed6fab051ec94641b78a1ba2e307e7,"{""attack"": ""no adversarial attack implementation in this nnenum version; LP witness extraction retained"", ""cpus"": ""0-3"", ""deviations"": [""CPU affinity 0-3; BLAS/OpenMP=1; CUDA hidden"", ""observation-only hook exports Result.total_secs and cinput; watchdog T+20""], ""official"": ""nnenum CLI auto settings""}","[""CPU affinity 0-3; BLAS/OpenMP=1; CUDA hidden"", ""observation-only hook exports Result.total_secs and cinput; watchdog T+20""]",unsupported_op,"assert False, f""unsupported onnx op_type {op} in node {cur_node.name}""
AssertionError: unsupported onnx op_type Conv in node Conv_0
During handling of the above exception, another exception occurred:
AssertionError: Onnx model contains node with op BatchNormalization, which may not be a linear operation. Updated Settings.WHITELIST if you want to override this.",93.0,66196.0,auto_no_attacks_cpu4,"[""nnenum"",""data/vnncomp2026/cifar100_2024/1.0/onnx/CIFAR100_resnet_large.onnx"",""data/vnncomp2026/cifar100_2024/1.0/vnnlib/CIFAR100_resnet_large_prop_idx_2441_sidx_6205_eps_0.0039.vnnlib"",100.0,""auto_no_attacks_cpu4""]",
cifar100_2024,104,CIFAR100_resnet_large.onnx,CIFAR100_resnet_large_prop_idx_518_sidx_9236_eps_0.0039.vnnlib,error,,ERROR,0,100.0,,1.1380081996321678,0,1.1380081996321678,0,0,,,not a FALSIFIED row,1,scratch/logs/fse2026/nnenum/cifar100_2024/00104_c78a91101448282fb9e9_ovhs3sxb.log,b18238f123ed6fab051ec94641b78a1ba2e307e7,"{""attack"": ""no adversarial attack implementation in this nnenum version; LP witness extraction retained"", ""cpus"": ""0-3"", ""deviations"": [""CPU affinity 0-3; BLAS/OpenMP=1; CUDA hidden"", ""observation-only hook exports Result.total_secs and cinput; watchdog T+20""], ""official"": ""nnenum CLI auto settings""}","[""CPU affinity 0-3; BLAS/OpenMP=1; CUDA hidden"", ""observation-only hook exports Result.total_secs and cinput; watchdog T+20""]",unsupported_op,"assert False, f""unsupported onnx op_type {op} in node {cur_node.name}""
AssertionError: unsupported onnx op_type Conv in node Conv_0
During handling of the above exception, another exception occurred:
AssertionError: Onnx model contains node with op BatchNormalization, which may not be a linear operation. Updated Settings.WHITELIST if you want to override this.",100.0,66196.0,auto_no_attacks_cpu4,"[""nnenum"",""data/vnncomp2026/cifar100_2024/1.0/onnx/CIFAR100_resnet_large.onnx"",""data/vnncomp2026/cifar100_2024/1.0/vnnlib/CIFAR100_resnet_large_prop_idx_518_sidx_9236_eps_0.0039.vnnlib"",100.0,""auto_no_attacks_cpu4""]",
cifar100_2024,105,CIFAR100_resnet_large.onnx,CIFAR100_resnet_large_prop_idx_426_sidx_9266_eps_0.0039.vnnlib,error,,ERROR,0,100.0,,1.1389468610286713,0,1.1389468610286713,0,0,,,not a FALSIFIED row,1,scratch/logs/fse2026/nnenum/cifar100_2024/00105_67b3caf727571f162fa8_hbgokqi0.log,b18238f123ed6fab051ec94641b78a1ba2e307e7,"{""attack"": ""no adversarial attack implementation in this nnenum version; LP witness extraction retained"", ""cpus"": ""0-3"", ""deviations"": [""CPU affinity 0-3; BLAS/OpenMP=1; CUDA hidden"", ""observation-only hook exports Result.total_secs and cinput; watchdog T+20""], ""official"": ""nnenum CLI auto settings""}","[""CPU affinity 0-3; BLAS/OpenMP=1; CUDA hidden"", ""observation-only hook exports Result.total_secs and cinput; watchdog T+20""]",unsupported_op,"assert False, f""unsupported onnx op_type {op} in node {cur_node.name}""
AssertionError: unsupported onnx op_type Conv in node Conv_0
During handling of the above exception, another exception occurred:
AssertionError: Onnx model contains node with op BatchNormalization, which may not be a linear operation. Updated Settings.WHITELIST if you want to override this.",99.0,66196.0,auto_no_attacks_cpu4,"[""nnenum"",""data/vnncomp2026/cifar100_2024/1.0/onnx/CIFAR100_resnet_large.onnx"",""data/vnncomp2026/cifar100_2024/1.0/vnnlib/CIFAR100_resnet_large_prop_idx_426_sidx_9266_eps_0.0039.vnnlib"",100.0,""auto_no_attacks_cpu4""]",
cifar100_2024,106,CIFAR100_resnet_large.onnx,CIFAR100_resnet_large_prop_idx_1372_sidx_9800_eps_0.0039.vnnlib,error,,ERROR,0,100.0,,1.1411415357142687,0,1.1411415357142687,0,0,,,not a FALSIFIED row,1,scratch/logs/fse2026/nnenum/cifar100_2024/00106_2ec19f4f39e3effff2ae__e33dfvf.log,b18238f123ed6fab051ec94641b78a1ba2e307e7,"{""attack"": ""no adversarial attack implementation in this nnenum version; LP witness extraction retained"", ""cpus"": ""0-3"", ""deviations"": [""CPU affinity 0-3; BLAS/OpenMP=1; CUDA hidden"", ""observation-only hook exports Result.total_secs and cinput; watchdog T+20""], ""official"": ""nnenum CLI auto settings""}","[""CPU affinity 0-3; BLAS/OpenMP=1; CUDA hidden"", ""observation-only hook exports Result.total_secs and cinput; watchdog T+20""]",unsupported_op,"assert False, f""unsupported onnx op_type {op} in node {cur_node.name}""
AssertionError: unsupported onnx op_type Conv in node Conv_0
During handling of the above exception, another exception occurred:
AssertionError: Onnx model contains node with op BatchNormalization, which may not be a linear operation. Updated Settings.WHITELIST if you want to override this.",11.0,66196.0,auto_no_attacks_cpu4,"[""nnenum"",""data/vnncomp2026/cifar100_2024/1.0/onnx/CIFAR100_resnet_large.onnx"",""data/vnncomp2026/cifar100_2024/1.0/vnnlib/CIFAR100_resnet_large_prop_idx_1372_sidx_9800_eps_0.0039.vnnlib"",100.0,""auto_no_attacks_cpu4""]",
cifar100_2024,107,CIFAR100_resnet_large.onnx,CIFAR100_resnet_large_prop_idx_8650_sidx_4818_eps_0.0039.vnnlib,error,,ERROR,0,100.0,,1.141371950507164,0,1.141371950507164,0,0,,,not a FALSIFIED row,1,scratch/logs/fse2026/nnenum/cifar100_2024/00107_8ed5efb95184c5829623_uovyh240.log,b18238f123ed6fab051ec94641b78a1ba2e307e7,"{""attack"": ""no adversarial attack implementation in this nnenum version; LP witness extraction retained"", ""cpus"": ""0-3"", ""deviations"": [""CPU affinity 0-3; BLAS/OpenMP=1; CUDA hidden"", ""observation-only hook exports Result.total_secs and cinput; watchdog T+20""], ""official"": ""nnenum CLI auto settings""}","[""CPU affinity 0-3; BLAS/OpenMP=1; CUDA hidden"", ""observation-only hook exports Result.total_secs and cinput; watchdog T+20""]",unsupported_op,"assert False, f""unsupported onnx op_type {op} in node {cur_node.name}""
AssertionError: unsupported onnx op_type Conv in node Conv_0
During handling of the above exception, another exception occurred:
AssertionError: Onnx model contains node with op BatchNormalization, which may not be a linear operation. Updated Settings.WHITELIST if you want to override this.",0.0,66196.0,auto_no_attacks_cpu4,"[""nnenum"",""data/vnncomp2026/cifar100_2024/1.0/onnx/CIFAR100_resnet_large.onnx"",""data/vnncomp2026/cifar100_2024/1.0/vnnlib/CIFAR100_resnet_large_prop_idx_8650_sidx_4818_eps_0.0039.vnnlib"",100.0,""auto_no_attacks_cpu4""]",
cifar100_2024,108,CIFAR100_resnet_large.onnx,CIFAR100_resnet_large_prop_idx_1323_sidx_3225_eps_0.0039.vnnlib,error,,ERROR,0,100.0,,1.140806509181857,0,1.140806509181857,0,0,,,not a FALSIFIED row,1,scratch/logs/fse2026/nnenum/cifar100_2024/00108_afb60e27cf82c0ca59ac_sal111u9.log,b18238f123ed6fab051ec94641b78a1ba2e307e7,"{""attack"": ""no adversarial attack implementation in this nnenum version; LP witness extraction retained"", ""cpus"": ""0-3"", ""deviations"": [""CPU affinity 0-3; BLAS/OpenMP=1; CUDA hidden"", ""observation-only hook exports Result.total_secs and cinput; watchdog T+20""], ""official"": ""nnenum CLI auto settings""}","[""CPU affinity 0-3; BLAS/OpenMP=1; CUDA hidden"", ""observation-only hook exports Result.total_secs and cinput; watchdog T+20""]",unsupported_op,"assert False, f""unsupported onnx op_type {op} in node {cur_node.name}""
AssertionError: unsupported onnx op_type Conv in node Conv_0
During handling of the above exception, another exception occurred:
AssertionError: Onnx model contains node with op BatchNormalization, which may not be a linear operation. Updated Settings.WHITELIST if you want to override this.",93.0,66196.0,auto_no_attacks_cpu4,"[""nnenum"",""data/vnncomp2026/cifar100_2024/1.0/onnx/CIFAR100_resnet_large.onnx"",""data/vnncomp2026/cifar100_2024/1.0/vnnlib/CIFAR100_resnet_large_prop_idx_1323_sidx_3225_eps_0.0039.vnnlib"",100.0,""auto_no_attacks_cpu4""]",
cifar100_2024,109,CIFAR100_resnet_large.onnx,CIFAR100_resnet_large_prop_idx_6945_sidx_8937_eps_0.0039.vnnlib,error,,ERROR,0,100.0,,1.1399779487401247,0,1.1399779487401247,0,0,,,not a FALSIFIED row,1,scratch/logs/fse2026/nnenum/cifar100_2024/00109_f214b3578a55bc28e439_s1x18_72.log,b18238f123ed6fab051ec94641b78a1ba2e307e7,"{""attack"": ""no adversarial attack implementation in this nnenum version; LP witness extraction retained"", ""cpus"": ""0-3"", ""deviations"": [""CPU affinity 0-3; BLAS/OpenMP=1; CUDA hidden"", ""observation-only hook exports Result.total_secs and cinput; watchdog T+20""], ""official"": ""nnenum CLI auto settings""}","[""CPU affinity 0-3; BLAS/OpenMP=1; CUDA hidden"", ""observation-only hook exports Result.total_secs and cinput; watchdog T+20""]",unsupported_op,"assert False, f""unsupported onnx op_type {op} in node {cur_node.name}""
AssertionError: unsupported onnx op_type Conv in node Conv_0
During handling of the above exception, another exception occurred:
AssertionError: Onnx model contains node with op BatchNormalization, which may not be a linear operation. Updated Settings.WHITELIST if you want to override this.",100.0,66196.0,auto_no_attacks_cpu4,"[""nnenum"",""data/vnncomp2026/cifar100_2024/1.0/onnx/CIFAR100_resnet_large.onnx"",""data/vnncomp2026/cifar100_2024/1.0/vnnlib/CIFAR100_resnet_large_prop_idx_6945_sidx_8937_eps_0.0039.vnnlib"",100.0,""auto_no_attacks_cpu4""]",
cifar100_2024,110,CIFAR100_resnet_large.onnx,CIFAR100_resnet_large_prop_idx_675_sidx_3209_eps_0.0039.vnnlib,error,,ERROR,0,100.0,,1.1379174999892712,0,1.1379174999892712,0,0,,,not a FALSIFIED row,1,scratch/logs/fse2026/nnenum/cifar100_2024/00110_ac1e8894cc04707c2ba9_hx78p6hi.log,b18238f123ed6fab051ec94641b78a1ba2e307e7,"{""attack"": ""no adversarial attack implementation in this nnenum version; LP witness extraction retained"", ""cpus"": ""0-3"", ""deviations"": [""CPU affinity 0-3; BLAS/OpenMP=1; CUDA hidden"", ""observation-only hook exports Result.total_secs and cinput; watchdog T+20""], ""official"": ""nnenum CLI auto settings""}","[""CPU affinity 0-3; BLAS/OpenMP=1; CUDA hidden"", ""observation-only hook exports Result.total_secs and cinput; watchdog T+20""]",unsupported_op,"assert False, f""unsupported onnx op_type {op} in node {cur_node.name}""
AssertionError: unsupported onnx op_type Conv in node Conv_0
During handling of the above exception, another exception occurred:
AssertionError: Onnx model contains node with op BatchNormalization, which may not be a linear operation. Updated Settings.WHITELIST if you want to override this.",85.0,66196.0,auto_no_attacks_cpu4,"[""nnenum"",""data/vnncomp2026/cifar100_2024/1.0/onnx/CIFAR100_resnet_large.onnx"",""data/vnncomp2026/cifar100_2024/1.0/vnnlib/CIFAR100_resnet_large_prop_idx_675_sidx_3209_eps_0.0039.vnnlib"",100.0,""auto_no_attacks_cpu4""]",
cifar100_2024,111,CIFAR100_resnet_large.onnx,CIFAR100_resnet_large_prop_idx_1507_sidx_157_eps_0.0039.vnnlib,error,,ERROR,0,100.0,,1.1390444040298462,0,1.1390444040298462,0,0,,,not a FALSIFIED row,1,scratch/logs/fse2026/nnenum/cifar100_2024/00111_27bb13c0aa8221860208_8f6gos48.log,b18238f123ed6fab051ec94641b78a1ba2e307e7,"{""attack"": ""no adversarial attack implementation in this nnenum version; LP witness extraction retained"", ""cpus"": ""0-3"", ""deviations"": [""CPU affinity 0-3; BLAS/OpenMP=1; CUDA hidden"", ""observation-only hook exports Result.total_secs and cinput; watchdog T+20""], ""official"": ""nnenum CLI auto settings""}","[""CPU affinity 0-3; BLAS/OpenMP=1; CUDA hidden"", ""observation-only hook exports Result.total_secs and cinput; watchdog T+20""]",unsupported_op,"assert False, f""unsupported onnx op_type {op} in node {cur_node.name}""
AssertionError: unsupported onnx op_type Conv in node Conv_0
During handling of the above exception, another exception occurred:
AssertionError: Onnx model contains node with op BatchNormalization, which may not be a linear operation. Updated Settings.WHITELIST if you want to override this.",99.0,66196.0,auto_no_attacks_cpu4,"[""nnenum"",""data/vnncomp2026/cifar100_2024/1.0/onnx/CIFAR100_resnet_large.onnx"",""data/vnncomp2026/cifar100_2024/1.0/vnnlib/CIFAR100_resnet_large_prop_idx_1507_sidx_157_eps_0.0039.vnnlib"",100.0,""auto_no_attacks_cpu4""]",
cifar100_2024,112,CIFAR100_resnet_large.onnx,CIFAR100_resnet_large_prop_idx_9273_sidx_1655_eps_0.0039.vnnlib,error,,ERROR,0,100.0,,1.1396357491612434,0,1.1396357491612434,0,0,,,not a FALSIFIED row,1,scratch/logs/fse2026/nnenum/cifar100_2024/00112_f1c4050babaa7e903c4a_pmhjv6ke.log,b18238f123ed6fab051ec94641b78a1ba2e307e7,"{""attack"": ""no adversarial attack implementation in this nnenum version; LP witness extraction retained"", ""cpus"": ""0-3"", ""deviations"": [""CPU affinity 0-3; BLAS/OpenMP=1; CUDA hidden"", ""observation-only hook exports Result.total_secs and cinput; watchdog T+20""], ""official"": ""nnenum CLI auto settings""}","[""CPU affinity 0-3; BLAS/OpenMP=1; CUDA hidden"", ""observation-only hook exports Result.total_secs and cinput; watchdog T+20""]",unsupported_op,"assert False, f""unsupported onnx op_type {op} in node {cur_node.name}""
AssertionError: unsupported onnx op_type Conv in node Conv_0
During handling of the above exception, another exception occurred:
AssertionError: Onnx model contains node with op BatchNormalization, which may not be a linear operation. Updated Settings.WHITELIST if you want to override this.",73.0,66196.0,auto_no_attacks_cpu4,"[""nnenum"",""data/vnncomp2026/cifar100_2024/1.0/onnx/CIFAR100_resnet_large.onnx"",""data/vnncomp2026/cifar100_2024/1.0/vnnlib/CIFAR100_resnet_large_prop_idx_9273_sidx_1655_eps_0.0039.vnnlib"",100.0,""auto_no_attacks_cpu4""]",
cifar100_2024,113,CIFAR100_resnet_large.onnx,CIFAR100_resnet_large_prop_idx_191_sidx_5326_eps_0.0039.vnnlib,error,,ERROR,0,100.0,,1.1926758736371994,0,1.1926758736371994,0,0,,,not a FALSIFIED row,1,scratch/logs/fse2026/nnenum/cifar100_2024/00113_0ced4153a2fc5d1dfd44_l54oxp5q.log,b18238f123ed6fab051ec94641b78a1ba2e307e7,"{""attack"": ""no adversarial attack implementation in this nnenum version; LP witness extraction retained"", ""cpus"": ""0-3"", ""deviations"": [""CPU affinity 0-3; BLAS/OpenMP=1; CUDA hidden"", ""observation-only hook exports Result.total_secs and cinput; watchdog T+20""], ""official"": ""nnenum CLI auto settings""}","[""CPU affinity 0-3; BLAS/OpenMP=1; CUDA hidden"", ""observation-only hook exports Result.total_secs and cinput; watchdog T+20""]",unsupported_op,"assert False, f""unsupported onnx op_type {op} in node {cur_node.name}""
AssertionError: unsupported onnx op_type Conv in node Conv_0
During handling of the above exception, another exception occurred:
AssertionError: Onnx model contains node with op BatchNormalization, which may not be a linear operation. Updated Settings.WHITELIST if you want to override this.",0.0,66196.0,auto_no_attacks_cpu4,"[""nnenum"",""data/vnncomp2026/cifar100_2024/1.0/onnx/CIFAR100_resnet_large.onnx"",""data/vnncomp2026/cifar100_2024/1.0/vnnlib/CIFAR100_resnet_large_prop_idx_191_sidx_5326_eps_0.0039.vnnlib"",100.0,""auto_no_attacks_cpu4""]",
cifar100_2024,114,CIFAR100_resnet_large.onnx,CIFAR100_resnet_large_prop_idx_9330_sidx_2275_eps_0.0039.vnnlib,error,,ERROR,0,100.0,,1.1926045473665,0,1.1926045473665,0,0,,,not a FALSIFIED row,1,scratch/logs/fse2026/nnenum/cifar100_2024/00114_28bdeb244ebc7749e7fc_9lvs6zst.log,b18238f123ed6fab051ec94641b78a1ba2e307e7,"{""attack"": ""no adversarial attack implementation in this nnenum version; LP witness extraction retained"", ""cpus"": ""0-3"", ""deviations"": [""CPU affinity 0-3; BLAS/OpenMP=1; CUDA hidden"", ""observation-only hook exports Result.total_secs and cinput; watchdog T+20""], ""official"": ""nnenum CLI auto settings""}","[""CPU affinity 0-3; BLAS/OpenMP=1; CUDA hidden"", ""observation-only hook exports Result.total_secs and cinput; watchdog T+20""]",unsupported_op,"assert False, f""unsupported onnx op_type {op} in node {cur_node.name}""
AssertionError: unsupported onnx op_type Conv in node Conv_0
During handling of the above exception, another exception occurred:
AssertionError: Onnx model contains node with op BatchNormalization, which may not be a linear operation. Updated Settings.WHITELIST if you want to override this.",0.0,66196.0,auto_no_attacks_cpu4,"[""nnenum"",""data/vnncomp2026/cifar100_2024/1.0/onnx/CIFAR100_resnet_large.onnx"",""data/vnncomp2026/cifar100_2024/1.0/vnnlib/CIFAR100_resnet_large_prop_idx_9330_sidx_2275_eps_0.0039.vnnlib"",100.0,""auto_no_attacks_cpu4""]",
cifar100_2024,115,CIFAR100_resnet_large.onnx,CIFAR100_resnet_large_prop_idx_8463_sidx_5538_eps_0.0039.vnnlib,error,,ERROR,0,100.0,,1.140314806252718,0,1.140314806252718,0,0,,,not a FALSIFIED row,1,scratch/logs/fse2026/nnenum/cifar100_2024/00115_a5cf4ba7d4838649edbe_a2vz9f6e.log,b18238f123ed6fab051ec94641b78a1ba2e307e7,"{""attack"": ""no adversarial attack implementation in this nnenum version; LP witness extraction retained"", ""cpus"": ""0-3"", ""deviations"": [""CPU affinity 0-3; BLAS/OpenMP=1; CUDA hidden"", ""observation-only hook exports Result.total_secs and cinput; watchdog T+20""], ""official"": ""nnenum CLI auto settings""}","[""CPU affinity 0-3; BLAS/OpenMP=1; CUDA hidden"", ""observation-only hook exports Result.total_secs and cinput; watchdog T+20""]",unsupported_op,"assert False, f""unsupported onnx op_type {op} in node {cur_node.name}""
AssertionError: unsupported onnx op_type Conv in node Conv_0
During handling of the above exception, another exception occurred:
AssertionError: Onnx model contains node with op BatchNormalization, which may not be a linear operation. Updated Settings.WHITELIST if you want to override this.",0.0,66196.0,auto_no_attacks_cpu4,"[""nnenum"",""data/vnncomp2026/cifar100_2024/1.0/onnx/CIFAR100_resnet_large.onnx"",""data/vnncomp2026/cifar100_2024/1.0/vnnlib/CIFAR100_resnet_large_prop_idx_8463_sidx_5538_eps_0.0039.vnnlib"",100.0,""auto_no_attacks_cpu4""]",
cifar100_2024,116,CIFAR100_resnet_large.onnx,CIFAR100_resnet_large_prop_idx_2491_sidx_7263_eps_0.0039.vnnlib,error,,ERROR,0,100.0,,1.1396995168179274,0,1.1396995168179274,0,0,,,not a FALSIFIED row,1,scratch/logs/fse2026/nnenum/cifar100_2024/00116_32563f083980e6044b94_6foxeko2.log,b18238f123ed6fab051ec94641b78a1ba2e307e7,"{""attack"": ""no adversarial attack implementation in this nnenum version; LP witness extraction retained"", ""cpus"": ""0-3"", ""deviations"": [""CPU affinity 0-3; BLAS/OpenMP=1; CUDA hidden"", ""observation-only hook exports Result.total_secs and cinput; watchdog T+20""], ""official"": ""nnenum CLI auto settings""}","[""CPU affinity 0-3; BLAS/OpenMP=1; CUDA hidden"", ""observation-only hook exports Result.total_secs and cinput; watchdog T+20""]",unsupported_op,"assert False, f""unsupported onnx op_type {op} in node {cur_node.name}""
AssertionError: unsupported onnx op_type Conv in node Conv_0
During handling of the above exception, another exception occurred:
AssertionError: Onnx model contains node with op BatchNormalization, which may not be a linear operation. Updated Settings.WHITELIST if you want to override this.",0.0,66196.0,auto_no_attacks_cpu4,"[""nnenum"",""data/vnncomp2026/cifar100_2024/1.0/onnx/CIFAR100_resnet_large.onnx"",""data/vnncomp2026/cifar100_2024/1.0/vnnlib/CIFAR100_resnet_large_prop_idx_2491_sidx_7263_eps_0.0039.vnnlib"",100.0,""auto_no_attacks_cpu4""]",
cifar100_2024,117,CIFAR100_resnet_large.onnx,CIFAR100_resnet_large_prop_idx_8799_sidx_6095_eps_0.0039.vnnlib,error,,ERROR,0,100.0,,1.1904747281223536,0,1.1904747281223536,0,0,,,not a FALSIFIED row,1,scratch/logs/fse2026/nnenum/cifar100_2024/00117_804f12f65cf21b88743f_mmger04z.log,b18238f123ed6fab051ec94641b78a1ba2e307e7,"{""attack"": ""no adversarial attack implementation in this nnenum version; LP witness extraction retained"", ""cpus"": ""0-3"", ""deviations"": [""CPU affinity 0-3; BLAS/OpenMP=1; CUDA hidden"", ""observation-only hook exports Result.total_secs and cinput; watchdog T+20""], ""official"": ""nnenum CLI auto settings""}","[""CPU affinity 0-3; BLAS/OpenMP=1; CUDA hidden"", ""observation-only hook exports Result.total_secs and cinput; watchdog T+20""]",unsupported_op,"assert False, f""unsupported onnx op_type {op} in node {cur_node.name}""
AssertionError: unsupported onnx op_type Conv in node Conv_0
During handling of the above exception, another exception occurred:
AssertionError: Onnx model contains node with op BatchNormalization, which may not be a linear operation. Updated Settings.WHITELIST if you want to override this.",0.0,66196.0,auto_no_attacks_cpu4,"[""nnenum"",""data/vnncomp2026/cifar100_2024/1.0/onnx/CIFAR100_resnet_large.onnx"",""data/vnncomp2026/cifar100_2024/1.0/vnnlib/CIFAR100_resnet_large_prop_idx_8799_sidx_6095_eps_0.0039.vnnlib"",100.0,""auto_no_attacks_cpu4""]",
cifar100_2024,118,CIFAR100_resnet_large.onnx,CIFAR100_resnet_large_prop_idx_1215_sidx_6563_eps_0.0039.vnnlib,error,,ERROR,0,100.0,,1.1395729184150696,0,1.1395729184150696,0,0,,,not a FALSIFIED row,1,scratch/logs/fse2026/nnenum/cifar100_2024/00118_13ebbab926cd66d2e487_k_hl21tp.log,b18238f123ed6fab051ec94641b78a1ba2e307e7,"{""attack"": ""no adversarial attack implementation in this nnenum version; LP witness extraction retained"", ""cpus"": ""0-3"", ""deviations"": [""CPU affinity 0-3; BLAS/OpenMP=1; CUDA hidden"", ""observation-only hook exports Result.total_secs and cinput; watchdog T+20""], ""official"": ""nnenum CLI auto settings""}","[""CPU affinity 0-3; BLAS/OpenMP=1; CUDA hidden"", ""observation-only hook exports Result.total_secs and cinput; watchdog T+20""]",unsupported_op,"assert False, f""unsupported onnx op_type {op} in node {cur_node.name}""
AssertionError: unsupported onnx op_type Conv in node Conv_0
During handling of the above exception, another exception occurred:
AssertionError: Onnx model contains node with op BatchNormalization, which may not be a linear operation. Updated Settings.WHITELIST if you want to override this.",0.0,66196.0,auto_no_attacks_cpu4,"[""nnenum"",""data/vnncomp2026/cifar100_2024/1.0/onnx/CIFAR100_resnet_large.onnx"",""data/vnncomp2026/cifar100_2024/1.0/vnnlib/CIFAR100_resnet_large_prop_idx_1215_sidx_6563_eps_0.0039.vnnlib"",100.0,""auto_no_attacks_cpu4""]",
cifar100_2024,119,CIFAR100_resnet_large.onnx,CIFAR100_resnet_large_prop_idx_4757_sidx_803_eps_0.0039.vnnlib,error,,ERROR,0,100.0,,1.1432757023721933,0,1.1432757023721933,0,0,,,not a FALSIFIED row,1,scratch/logs/fse2026/nnenum/cifar100_2024/00119_0cd2900f19b563127a44_9zz8av8v.log,b18238f123ed6fab051ec94641b78a1ba2e307e7,"{""attack"": ""no adversarial attack implementation in this nnenum version; LP witness extraction retained"", ""cpus"": ""0-3"", ""deviations"": [""CPU affinity 0-3; BLAS/OpenMP=1; CUDA hidden"", ""observation-only hook exports Result.total_secs and cinput; watchdog T+20""], ""official"": ""nnenum CLI auto settings""}","[""CPU affinity 0-3; BLAS/OpenMP=1; CUDA hidden"", ""observation-only hook exports Result.total_secs and cinput; watchdog T+20""]",unsupported_op,"assert False, f""unsupported onnx op_type {op} in node {cur_node.name}""
AssertionError: unsupported onnx op_type Conv in node Conv_0
During handling of the above exception, another exception occurred:
AssertionError: Onnx model contains node with op BatchNormalization, which may not be a linear operation. Updated Settings.WHITELIST if you want to override this.",0.0,34.0,auto_no_attacks_cpu4,"[""nnenum"",""data/vnncomp2026/cifar100_2024/1.0/onnx/CIFAR100_resnet_large.onnx"",""data/vnncomp2026/cifar100_2024/1.0/vnnlib/CIFAR100_resnet_large_prop_idx_4757_sidx_803_eps_0.0039.vnnlib"",100.0,""auto_no_attacks_cpu4""]",
cifar100_2024,120,CIFAR100_resnet_large.onnx,CIFAR100_resnet_large_prop_idx_7553_sidx_145_eps_0.0039.vnnlib,error,,ERROR,0,100.0,,1.1924271639436483,0,1.1924271639436483,0,0,,,not a FALSIFIED row,1,scratch/logs/fse2026/nnenum/cifar100_2024/00120_ba83af0707ebb209cc54_sol_vx4x.log,b18238f123ed6fab051ec94641b78a1ba2e307e7,"{""attack"": ""no adversarial attack implementation in this nnenum version; LP witness extraction retained"", ""cpus"": ""0-3"", ""deviations"": [""CPU affinity 0-3; BLAS/OpenMP=1; CUDA hidden"", ""observation-only hook exports Result.total_secs and cinput; watchdog T+20""], ""official"": ""nnenum CLI auto settings""}","[""CPU affinity 0-3; BLAS/OpenMP=1; CUDA hidden"", ""observation-only hook exports Result.total_secs and cinput; watchdog T+20""]",unsupported_op,"assert False, f""unsupported onnx op_type {op} in node {cur_node.name}""
AssertionError: unsupported onnx op_type Conv in node Conv_0
During handling of the above exception, another exception occurred:
AssertionError: Onnx model contains node with op BatchNormalization, which may not be a linear operation. Updated Settings.WHITELIST if you want to override this.",0.0,56.0,auto_no_attacks_cpu4,"[""nnenum"",""data/vnncomp2026/cifar100_2024/1.0/onnx/CIFAR100_resnet_large.onnx"",""data/vnncomp2026/cifar100_2024/1.0/vnnlib/CIFAR100_resnet_large_prop_idx_7553_sidx_145_eps_0.0039.vnnlib"",100.0,""auto_no_attacks_cpu4""]",
cifar100_2024,121,CIFAR100_resnet_large.onnx,CIFAR100_resnet_large_prop_idx_8155_sidx_7520_eps_0.0039.vnnlib,error,,ERROR,0,100.0,,1.191121755167842,0,1.191121755167842,0,0,,,not a FALSIFIED row,1,scratch/logs/fse2026/nnenum/cifar100_2024/00121_75927daf5ce904f291e3_gad47pe2.log,b18238f123ed6fab051ec94641b78a1ba2e307e7,"{""attack"": ""no adversarial attack implementation in this nnenum version; LP witness extraction retained"", ""cpus"": ""0-3"", ""deviations"": [""CPU affinity 0-3; BLAS/OpenMP=1; CUDA hidden"", ""observation-only hook exports Result.total_secs and cinput; watchdog T+20""], ""official"": ""nnenum CLI auto settings""}","[""CPU affinity 0-3; BLAS/OpenMP=1; CUDA hidden"", ""observation-only hook exports Result.total_secs and cinput; watchdog T+20""]",unsupported_op,"assert False, f""unsupported onnx op_type {op} in node {cur_node.name}""
AssertionError: unsupported onnx op_type Conv in node Conv_0
During handling of the above exception, another exception occurred:
AssertionError: Onnx model contains node with op BatchNormalization, which may not be a linear operation. Updated Settings.WHITELIST if you want to override this.",1.0,724.0,auto_no_attacks_cpu4,"[""nnenum"",""data/vnncomp2026/cifar100_2024/1.0/onnx/CIFAR100_resnet_large.onnx"",""data/vnncomp2026/cifar100_2024/1.0/vnnlib/CIFAR100_resnet_large_prop_idx_8155_sidx_7520_eps_0.0039.vnnlib"",100.0,""auto_no_attacks_cpu4""]",
cifar100_2024,122,CIFAR100_resnet_large.onnx,CIFAR100_resnet_large_prop_idx_4877_sidx_1033_eps_0.0039.vnnlib,error,,ERROR,0,100.0,,1.1427967492491007,0,1.1427967492491007,0,0,,,not a FALSIFIED row,1,scratch/logs/fse2026/nnenum/cifar100_2024/00122_9ccafdd7259687d8570d_0skn6pni.log,b18238f123ed6fab051ec94641b78a1ba2e307e7,"{""attack"": ""no adversarial attack implementation in this nnenum version; LP witness extraction retained"", ""cpus"": ""0-3"", ""deviations"": [""CPU affinity 0-3; BLAS/OpenMP=1; CUDA hidden"", ""observation-only hook exports Result.total_secs and cinput; watchdog T+20""], ""official"": ""nnenum CLI auto settings""}","[""CPU affinity 0-3; BLAS/OpenMP=1; CUDA hidden"", ""observation-only hook exports Result.total_secs and cinput; watchdog T+20""]",unsupported_op,"assert False, f""unsupported onnx op_type {op} in node {cur_node.name}""
AssertionError: unsupported onnx op_type Conv in node Conv_0
During handling of the above exception, another exception occurred:
AssertionError: Onnx model contains node with op BatchNormalization, which may not be a linear operation. Updated Settings.WHITELIST if you want to override this.",0.0,724.0,auto_no_attacks_cpu4,"[""nnenum"",""data/vnncomp2026/cifar100_2024/1.0/onnx/CIFAR100_resnet_large.onnx"",""data/vnncomp2026/cifar100_2024/1.0/vnnlib/CIFAR100_resnet_large_prop_idx_4877_sidx_1033_eps_0.0039.vnnlib"",100.0,""auto_no_attacks_cpu4""]",
cifar100_2024,123,CIFAR100_resnet_large.onnx,CIFAR100_resnet_large_prop_idx_3002_sidx_6304_eps_0.0039.vnnlib,error,,ERROR,0,100.0,,1.192324735224247,0,1.192324735224247,0,0,,,not a FALSIFIED row,1,scratch/logs/fse2026/nnenum/cifar100_2024/00123_d01f2d8a0a5741e827c5_oa3qcvs3.log,b18238f123ed6fab051ec94641b78a1ba2e307e7,"{""attack"": ""no adversarial attack implementation in this nnenum version; LP witness extraction retained"", ""cpus"": ""0-3"", ""deviations"": [""CPU affinity 0-3; BLAS/OpenMP=1; CUDA hidden"", ""observation-only hook exports Result.total_secs and cinput; watchdog T+20""], ""official"": ""nnenum CLI auto settings""}","[""CPU affinity 0-3; BLAS/OpenMP=1; CUDA hidden"", ""observation-only hook exports Result.total_secs and cinput; watchdog T+20""]",unsupported_op,"assert False, f""unsupported onnx op_type {op} in node {cur_node.name}""
AssertionError: unsupported onnx op_type Conv in node Conv_0
During handling of the above exception, another exception occurred:
AssertionError: Onnx model contains node with op BatchNormalization, which may not be a linear operation. Updated Settings.WHITELIST if you want to override this.",0.0,34.0,auto_no_attacks_cpu4,"[""nnenum"",""data/vnncomp2026/cifar100_2024/1.0/onnx/CIFAR100_resnet_large.onnx"",""data/vnncomp2026/cifar100_2024/1.0/vnnlib/CIFAR100_resnet_large_prop_idx_3002_sidx_6304_eps_0.0039.vnnlib"",100.0,""auto_no_attacks_cpu4""]",
cifar100_2024,124,CIFAR100_resnet_large.onnx,CIFAR100_resnet_large_prop_idx_768_sidx_2735_eps_0.0039.vnnlib,error,,ERROR,0,100.0,,1.1908891219645739,0,1.1908891219645739,0,0,,,not a FALSIFIED row,1,scratch/logs/fse2026/nnenum/cifar100_2024/00124_e376f67afebc8ba5b8e2_o0e9vd1d.log,b18238f123ed6fab051ec94641b78a1ba2e307e7,"{""attack"": ""no adversarial attack implementation in this nnenum version; LP witness extraction retained"", ""cpus"": ""0-3"", ""deviations"": [""CPU affinity 0-3; BLAS/OpenMP=1; CUDA hidden"", ""observation-only hook exports Result.total_secs and cinput; watchdog T+20""], ""official"": ""nnenum CLI auto settings""}","[""CPU affinity 0-3; BLAS/OpenMP=1; CUDA hidden"", ""observation-only hook exports Result.total_secs and cinput; watchdog T+20""]",unsupported_op,"assert False, f""unsupported onnx op_type {op} in node {cur_node.name}""
AssertionError: unsupported onnx op_type Conv in node Conv_0
During handling of the above exception, another exception occurred:
AssertionError: Onnx model contains node with op BatchNormalization, which may not be a linear operation. Updated Settings.WHITELIST if you want to override this.",0.0,37.0,auto_no_attacks_cpu4,"[""nnenum"",""data/vnncomp2026/cifar100_2024/1.0/onnx/CIFAR100_resnet_large.onnx"",""data/vnncomp2026/cifar100_2024/1.0/vnnlib/CIFAR100_resnet_large_prop_idx_768_sidx_2735_eps_0.0039.vnnlib"",100.0,""auto_no_attacks_cpu4""]",
cifar100_2024,125,CIFAR100_resnet_large.onnx,CIFAR100_resnet_large_prop_idx_6730_sidx_7777_eps_0.0039.vnnlib,error,,ERROR,0,100.0,,1.191727725788951,0,1.191727725788951,0,0,,,not a FALSIFIED row,1,scratch/logs/fse2026/nnenum/cifar100_2024/00125_f321f7572572ee802f57_vc0fenn3.log,b18238f123ed6fab051ec94641b78a1ba2e307e7,"{""attack"": ""no adversarial attack implementation in this nnenum version; LP witness extraction retained"", ""cpus"": ""0-3"", ""deviations"": [""CPU affinity 0-3; BLAS/OpenMP=1; CUDA hidden"", ""observation-only hook exports Result.total_secs and cinput; watchdog T+20""], ""official"": ""nnenum CLI auto settings""}","[""CPU affinity 0-3; BLAS/OpenMP=1; CUDA hidden"", ""observation-only hook exports Result.total_secs and cinput; watchdog T+20""]",unsupported_op,"assert False, f""unsupported onnx op_type {op} in node {cur_node.name}""
AssertionError: unsupported onnx op_type Conv in node Conv_0
During handling of the above exception, another exception occurred:
AssertionError: Onnx model contains node with op BatchNormalization, which may not be a linear operation. Updated Settings.WHITELIST if you want to override this.",0.0,724.0,auto_no_attacks_cpu4,"[""nnenum"",""data/vnncomp2026/cifar100_2024/1.0/onnx/CIFAR100_resnet_large.onnx"",""data/vnncomp2026/cifar100_2024/1.0/vnnlib/CIFAR100_resnet_large_prop_idx_6730_sidx_7777_eps_0.0039.vnnlib"",100.0,""auto_no_attacks_cpu4""]",
cifar100_2024,126,CIFAR100_resnet_large.onnx,CIFAR100_resnet_large_prop_idx_6820_sidx_4213_eps_0.0039.vnnlib,error,,ERROR,0,100.0,,1.1887073926627636,0,1.1887073926627636,0,0,,,not a FALSIFIED row,1,scratch/logs/fse2026/nnenum/cifar100_2024/00126_24246e404fa16c1bbf24_dwrciugl.log,b18238f123ed6fab051ec94641b78a1ba2e307e7,"{""attack"": ""no adversarial attack implementation in this nnenum version; LP witness extraction retained"", ""cpus"": ""0-3"", ""deviations"": [""CPU affinity 0-3; BLAS/OpenMP=1; CUDA hidden"", ""observation-only hook exports Result.total_secs and cinput; watchdog T+20""], ""official"": ""nnenum CLI auto settings""}","[""CPU affinity 0-3; BLAS/OpenMP=1; CUDA hidden"", ""observation-only hook exports Result.total_secs and cinput; watchdog T+20""]",unsupported_op,"assert False, f""unsupported onnx op_type {op} in node {cur_node.name}""
AssertionError: unsupported onnx op_type Conv in node Conv_0
During handling of the above exception, another exception occurred:
AssertionError: Onnx model contains node with op BatchNormalization, which may not be a linear operation. Updated Settings.WHITELIST if you want to override this.",1.0,3492.0,auto_no_attacks_cpu4,"[""nnenum"",""data/vnncomp2026/cifar100_2024/1.0/onnx/CIFAR100_resnet_large.onnx"",""data/vnncomp2026/cifar100_2024/1.0/vnnlib/CIFAR100_resnet_large_prop_idx_6820_sidx_4213_eps_0.0039.vnnlib"",100.0,""auto_no_attacks_cpu4""]",
cifar100_2024,127,CIFAR100_resnet_large.onnx,CIFAR100_resnet_large_prop_idx_8715_sidx_9282_eps_0.0039.vnnlib,error,,ERROR,0,100.0,,1.1910624597221613,0,1.1910624597221613,0,0,,,not a FALSIFIED row,1,scratch/logs/fse2026/nnenum/cifar100_2024/00127_5f2924e356492913259b_5hhv_mvk.log,b18238f123ed6fab051ec94641b78a1ba2e307e7,"{""attack"": ""no adversarial attack implementation in this nnenum version; LP witness extraction retained"", ""cpus"": ""0-3"", ""deviations"": [""CPU affinity 0-3; BLAS/OpenMP=1; CUDA hidden"", ""observation-only hook exports Result.total_secs and cinput; watchdog T+20""], ""official"": ""nnenum CLI auto settings""}","[""CPU affinity 0-3; BLAS/OpenMP=1; CUDA hidden"", ""observation-only hook exports Result.total_secs and cinput; watchdog T+20""]",unsupported_op,"assert False, f""unsupported onnx op_type {op} in node {cur_node.name}""
AssertionError: unsupported onnx op_type Conv in node Conv_0
During handling of the above exception, another exception occurred:
AssertionError: Onnx model contains node with op BatchNormalization, which may not be a linear operation. Updated Settings.WHITELIST if you want to override this.",0.0,34.0,auto_no_attacks_cpu4,"[""nnenum"",""data/vnncomp2026/cifar100_2024/1.0/onnx/CIFAR100_resnet_large.onnx"",""data/vnncomp2026/cifar100_2024/1.0/vnnlib/CIFAR100_resnet_large_prop_idx_8715_sidx_9282_eps_0.0039.vnnlib"",100.0,""auto_no_attacks_cpu4""]",
cifar100_2024,128,CIFAR100_resnet_large.onnx,CIFAR100_resnet_large_prop_idx_1590_sidx_2858_eps_0.0039.vnnlib,error,,ERROR,0,100.0,,1.1898555308580399,0,1.1898555308580399,0,0,,,not a FALSIFIED row,1,scratch/logs/fse2026/nnenum/cifar100_2024/00128_313a6c98749be1d92901_p6o13zib.log,b18238f123ed6fab051ec94641b78a1ba2e307e7,"{""attack"": ""no adversarial attack implementation in this nnenum version; LP witness extraction retained"", ""cpus"": ""0-3"", ""deviations"": [""CPU affinity 0-3; BLAS/OpenMP=1; CUDA hidden"", ""observation-only hook exports Result.total_secs and cinput; watchdog T+20""], ""official"": ""nnenum CLI auto settings""}","[""CPU affinity 0-3; BLAS/OpenMP=1; CUDA hidden"", ""observation-only hook exports Result.total_secs and cinput; watchdog T+20""]",unsupported_op,"assert False, f""unsupported onnx op_type {op} in node {cur_node.name}""
AssertionError: unsupported onnx op_type Conv in node Conv_0
During handling of the above exception, another exception occurred:
AssertionError: Onnx model contains node with op BatchNormalization, which may not be a linear operation. Updated Settings.WHITELIST if you want to override this.",0.0,37.0,auto_no_attacks_cpu4,"[""nnenum"",""data/vnncomp2026/cifar100_2024/1.0/onnx/CIFAR100_resnet_large.onnx"",""data/vnncomp2026/cifar100_2024/1.0/vnnlib/CIFAR100_resnet_large_prop_idx_1590_sidx_2858_eps_0.0039.vnnlib"",100.0,""auto_no_attacks_cpu4""]",
cifar100_2024,129,CIFAR100_resnet_large.onnx,CIFAR100_resnet_large_prop_idx_4110_sidx_6223_eps_0.0039.vnnlib,error,,ERROR,0,100.0,,1.1916419472545385,0,1.1916419472545385,0,0,,,not a FALSIFIED row,1,scratch/logs/fse2026/nnenum/cifar100_2024/00129_8b7f45bec834167d221a_ekjjwx9t.log,b18238f123ed6fab051ec94641b78a1ba2e307e7,"{""attack"": ""no adversarial attack implementation in this nnenum version; LP witness extraction retained"", ""cpus"": ""0-3"", ""deviations"": [""CPU affinity 0-3; BLAS/OpenMP=1; CUDA hidden"", ""observation-only hook exports Result.total_secs and cinput; watchdog T+20""], ""official"": ""nnenum CLI auto settings""}","[""CPU affinity 0-3; BLAS/OpenMP=1; CUDA hidden"", ""observation-only hook exports Result.total_secs and cinput; watchdog T+20""]",unsupported_op,"assert False, f""unsupported onnx op_type {op} in node {cur_node.name}""
AssertionError: unsupported onnx op_type Conv in node Conv_0
During handling of the above exception, another exception occurred:
AssertionError: Onnx model contains node with op BatchNormalization, which may not be a linear operation. Updated Settings.WHITELIST if you want to override this.",0.0,714.0,auto_no_attacks_cpu4,"[""nnenum"",""data/vnncomp2026/cifar100_2024/1.0/onnx/CIFAR100_resnet_large.onnx"",""data/vnncomp2026/cifar100_2024/1.0/vnnlib/CIFAR100_resnet_large_prop_idx_4110_sidx_6223_eps_0.0039.vnnlib"",100.0,""auto_no_attacks_cpu4""]",
cifar100_2024,130,CIFAR100_resnet_large.onnx,CIFAR100_resnet_large_prop_idx_335_sidx_5793_eps_0.0039.vnnlib,error,,ERROR,0,100.0,,1.190242175012827,0,1.190242175012827,0,0,,,not a FALSIFIED row,1,scratch/logs/fse2026/nnenum/cifar100_2024/00130_884b39f23c2431e7155a_xi2apjdi.log,b18238f123ed6fab051ec94641b78a1ba2e307e7,"{""attack"": ""no adversarial attack implementation in this nnenum version; LP witness extraction retained"", ""cpus"": ""0-3"", ""deviations"": [""CPU affinity 0-3; BLAS/OpenMP=1; CUDA hidden"", ""observation-only hook exports Result.total_secs and cinput; watchdog T+20""], ""official"": ""nnenum CLI auto settings""}","[""CPU affinity 0-3; BLAS/OpenMP=1; CUDA hidden"", ""observation-only hook exports Result.total_secs and cinput; watchdog T+20""]",unsupported_op,"assert False, f""unsupported onnx op_type {op} in node {cur_node.name}""
AssertionError: unsupported onnx op_type Conv in node Conv_0
During handling of the above exception, another exception occurred:
AssertionError: Onnx model contains node with op BatchNormalization, which may not be a linear operation. Updated Settings.WHITELIST if you want to override this.",0.0,724.0,auto_no_attacks_cpu4,"[""nnenum"",""data/vnncomp2026/cifar100_2024/1.0/onnx/CIFAR100_resnet_large.onnx"",""data/vnncomp2026/cifar100_2024/1.0/vnnlib/CIFAR100_resnet_large_prop_idx_335_sidx_5793_eps_0.0039.vnnlib"",100.0,""auto_no_attacks_cpu4""]",
cifar100_2024,131,CIFAR100_resnet_large.onnx,CIFAR100_resnet_large_prop_idx_2630_sidx_1753_eps_0.0039.vnnlib,error,,ERROR,0,100.0,,1.1386728063225746,0,1.1386728063225746,0,0,,,not a FALSIFIED row,1,scratch/logs/fse2026/nnenum/cifar100_2024/00131_1eae543295b33e1d7073_b6mae2yq.log,b18238f123ed6fab051ec94641b78a1ba2e307e7,"{""attack"": ""no adversarial attack implementation in this nnenum version; LP witness extraction retained"", ""cpus"": ""0-3"", ""deviations"": [""CPU affinity 0-3; BLAS/OpenMP=1; CUDA hidden"", ""observation-only hook exports Result.total_secs and cinput; watchdog T+20""], ""official"": ""nnenum CLI auto settings""}","[""CPU affinity 0-3; BLAS/OpenMP=1; CUDA hidden"", ""observation-only hook exports Result.total_secs and cinput; watchdog T+20""]",unsupported_op,"assert False, f""unsupported onnx op_type {op} in node {cur_node.name}""
AssertionError: unsupported onnx op_type Conv in node Conv_0
During handling of the above exception, another exception occurred:
AssertionError: Onnx model contains node with op BatchNormalization, which may not be a linear operation. Updated Settings.WHITELIST if you want to override this.",0.0,724.0,auto_no_attacks_cpu4,"[""nnenum"",""data/vnncomp2026/cifar100_2024/1.0/onnx/CIFAR100_resnet_large.onnx"",""data/vnncomp2026/cifar100_2024/1.0/vnnlib/CIFAR100_resnet_large_prop_idx_2630_sidx_1753_eps_0.0039.vnnlib"",100.0,""auto_no_attacks_cpu4""]",
cifar100_2024,132,CIFAR100_resnet_large.onnx,CIFAR100_resnet_large_prop_idx_6098_sidx_7270_eps_0.0039.vnnlib,error,,ERROR,0,100.0,,1.1934150196611881,0,1.1934150196611881,0,0,,,not a FALSIFIED row,1,scratch/logs/fse2026/nnenum/cifar100_2024/00132_cbfac8b6ca7ae4b7b997_vwame8th.log,b18238f123ed6fab051ec94641b78a1ba2e307e7,"{""attack"": ""no adversarial attack implementation in this nnenum version; LP witness extraction retained"", ""cpus"": ""0-3"", ""deviations"": [""CPU affinity 0-3; BLAS/OpenMP=1; CUDA hidden"", ""observation-only hook exports Result.total_secs and cinput; watchdog T+20""], ""official"": ""nnenum CLI auto settings""}","[""CPU affinity 0-3; BLAS/OpenMP=1; CUDA hidden"", ""observation-only hook exports Result.total_secs and cinput; watchdog T+20""]",unsupported_op,"assert False, f""unsupported onnx op_type {op} in node {cur_node.name}""
AssertionError: unsupported onnx op_type Conv in node Conv_0
During handling of the above exception, another exception occurred:
AssertionError: Onnx model contains node with op BatchNormalization, which may not be a linear operation. Updated Settings.WHITELIST if you want to override this.",0.0,34.0,auto_no_attacks_cpu4,"[""nnenum"",""data/vnncomp2026/cifar100_2024/1.0/onnx/CIFAR100_resnet_large.onnx"",""data/vnncomp2026/cifar100_2024/1.0/vnnlib/CIFAR100_resnet_large_prop_idx_6098_sidx_7270_eps_0.0039.vnnlib"",100.0,""auto_no_attacks_cpu4""]",
cifar100_2024,133,CIFAR100_resnet_large.onnx,CIFAR100_resnet_large_prop_idx_1515_sidx_7413_eps_0.0039.vnnlib,error,,ERROR,0,100.0,,1.1911078914999962,0,1.1911078914999962,0,0,,,not a FALSIFIED row,1,scratch/logs/fse2026/nnenum/cifar100_2024/00133_3f2d369b61b5f481ba73_6fn2agwo.log,b18238f123ed6fab051ec94641b78a1ba2e307e7,"{""attack"": ""no adversarial attack implementation in this nnenum version; LP witness extraction retained"", ""cpus"": ""0-3"", ""deviations"": [""CPU affinity 0-3; BLAS/OpenMP=1; CUDA hidden"", ""observation-only hook exports Result.total_secs and cinput; watchdog T+20""], ""official"": ""nnenum CLI auto settings""}","[""CPU affinity 0-3; BLAS/OpenMP=1; CUDA hidden"", ""observation-only hook exports Result.total_secs and cinput; watchdog T+20""]",unsupported_op,"assert False, f""unsupported onnx op_type {op} in node {cur_node.name}""
AssertionError: unsupported onnx op_type Conv in node Conv_0
During handling of the above exception, another exception occurred:
AssertionError: Onnx model contains node with op BatchNormalization, which may not be a linear operation. Updated Settings.WHITELIST if you want to override this.",0.0,72.0,auto_no_attacks_cpu4,"[""nnenum"",""data/vnncomp2026/cifar100_2024/1.0/onnx/CIFAR100_resnet_large.onnx"",""data/vnncomp2026/cifar100_2024/1.0/vnnlib/CIFAR100_resnet_large_prop_idx_1515_sidx_7413_eps_0.0039.vnnlib"",100.0,""auto_no_attacks_cpu4""]",
cifar100_2024,134,CIFAR100_resnet_large.onnx,CIFAR100_resnet_large_prop_idx_9277_sidx_8093_eps_0.0039.vnnlib,error,,ERROR,0,100.0,,1.1909304969012737,0,1.1909304969012737,0,0,,,not a FALSIFIED row,1,scratch/logs/fse2026/nnenum/cifar100_2024/00134_6845daa7a38184cbabcb_z0zavg3d.log,b18238f123ed6fab051ec94641b78a1ba2e307e7,"{""attack"": ""no adversarial attack implementation in this nnenum version; LP witness extraction retained"", ""cpus"": ""0-3"", ""deviations"": [""CPU affinity 0-3; BLAS/OpenMP=1; CUDA hidden"", ""observation-only hook exports Result.total_secs and cinput; watchdog T+20""], ""official"": ""nnenum CLI auto settings""}","[""CPU affinity 0-3; BLAS/OpenMP=1; CUDA hidden"", ""observation-only hook exports Result.total_secs and cinput; watchdog T+20""]",unsupported_op,"assert False, f""unsupported onnx op_type {op} in node {cur_node.name}""
AssertionError: unsupported onnx op_type Conv in node Conv_0
During handling of the above exception, another exception occurred:
AssertionError: Onnx model contains node with op BatchNormalization, which may not be a linear operation. Updated Settings.WHITELIST if you want to override this.",0.0,724.0,auto_no_attacks_cpu4,"[""nnenum"",""data/vnncomp2026/cifar100_2024/1.0/onnx/CIFAR100_resnet_large.onnx"",""data/vnncomp2026/cifar100_2024/1.0/vnnlib/CIFAR100_resnet_large_prop_idx_9277_sidx_8093_eps_0.0039.vnnlib"",100.0,""auto_no_attacks_cpu4""]",
cifar100_2024,135,CIFAR100_resnet_large.onnx,CIFAR100_resnet_large_prop_idx_7958_sidx_5322_eps_0.0039.vnnlib,error,,ERROR,0,100.0,,1.139374727383256,0,1.139374727383256,0,0,,,not a FALSIFIED row,1,scratch/logs/fse2026/nnenum/cifar100_2024/00135_62abf4809e3d27e6ee31_6oztrmtf.log,b18238f123ed6fab051ec94641b78a1ba2e307e7,"{""attack"": ""no adversarial attack implementation in this nnenum version; LP witness extraction retained"", ""cpus"": ""0-3"", ""deviations"": [""CPU affinity 0-3; BLAS/OpenMP=1; CUDA hidden"", ""observation-only hook exports Result.total_secs and cinput; watchdog T+20""], ""official"": ""nnenum CLI auto settings""}","[""CPU affinity 0-3; BLAS/OpenMP=1; CUDA hidden"", ""observation-only hook exports Result.total_secs and cinput; watchdog T+20""]",unsupported_op,"assert False, f""unsupported onnx op_type {op} in node {cur_node.name}""
AssertionError: unsupported onnx op_type Conv in node Conv_0
During handling of the above exception, another exception occurred:
AssertionError: Onnx model contains node with op BatchNormalization, which may not be a linear operation. Updated Settings.WHITELIST if you want to override this.",4.0,5406.0,auto_no_attacks_cpu4,"[""nnenum"",""data/vnncomp2026/cifar100_2024/1.0/onnx/CIFAR100_resnet_large.onnx"",""data/vnncomp2026/cifar100_2024/1.0/vnnlib/CIFAR100_resnet_large_prop_idx_7958_sidx_5322_eps_0.0039.vnnlib"",100.0,""auto_no_attacks_cpu4""]",
cifar100_2024,136,CIFAR100_resnet_large.onnx,CIFAR100_resnet_large_prop_idx_7827_sidx_3719_eps_0.0039.vnnlib,error,,ERROR,0,100.0,,1.1909884102642536,0,1.1909884102642536,0,0,,,not a FALSIFIED row,1,scratch/logs/fse2026/nnenum/cifar100_2024/00136_6a886f94fef4acb4cfd7_09b27w9i.log,b18238f123ed6fab051ec94641b78a1ba2e307e7,"{""attack"": ""no adversarial attack implementation in this nnenum version; LP witness extraction retained"", ""cpus"": ""0-3"", ""deviations"": [""CPU affinity 0-3; BLAS/OpenMP=1; CUDA hidden"", ""observation-only hook exports Result.total_secs and cinput; watchdog T+20""], ""official"": ""nnenum CLI auto settings""}","[""CPU affinity 0-3; BLAS/OpenMP=1; CUDA hidden"", ""observation-only hook exports Result.total_secs and cinput; watchdog T+20""]",unsupported_op,"assert False, f""unsupported onnx op_type {op} in node {cur_node.name}""
AssertionError: unsupported onnx op_type Conv in node Conv_0
During handling of the above exception, another exception occurred:
AssertionError: Onnx model contains node with op BatchNormalization, which may not be a linear operation. Updated Settings.WHITELIST if you want to override this.",81.0,7850.0,auto_no_attacks_cpu4,"[""nnenum"",""data/vnncomp2026/cifar100_2024/1.0/onnx/CIFAR100_resnet_large.onnx"",""data/vnncomp2026/cifar100_2024/1.0/vnnlib/CIFAR100_resnet_large_prop_idx_7827_sidx_3719_eps_0.0039.vnnlib"",100.0,""auto_no_attacks_cpu4""]",
cifar100_2024,137,CIFAR100_resnet_large.onnx,CIFAR100_resnet_large_prop_idx_8257_sidx_5574_eps_0.0039.vnnlib,error,,ERROR,0,100.0,,1.1907086353749037,0,1.1907086353749037,0,0,,,not a FALSIFIED row,1,scratch/logs/fse2026/nnenum/cifar100_2024/00137_dddb5801513960b8c611_okuunivs.log,b18238f123ed6fab051ec94641b78a1ba2e307e7,"{""attack"": ""no adversarial attack implementation in this nnenum version; LP witness extraction retained"", ""cpus"": ""0-3"", ""deviations"": [""CPU affinity 0-3; BLAS/OpenMP=1; CUDA hidden"", ""observation-only hook exports Result.total_secs and cinput; watchdog T+20""], ""official"": ""nnenum CLI auto settings""}","[""CPU affinity 0-3; BLAS/OpenMP=1; CUDA hidden"", ""observation-only hook exports Result.total_secs and cinput; watchdog T+20""]",unsupported_op,"assert False, f""unsupported onnx op_type {op} in node {cur_node.name}""
AssertionError: unsupported onnx op_type Conv in node Conv_0
During handling of the above exception, another exception occurred:
AssertionError: Onnx model contains node with op BatchNormalization, which may not be a linear operation. Updated Settings.WHITELIST if you want to override this.",81.0,1848.0,auto_no_attacks_cpu4,"[""nnenum"",""data/vnncomp2026/cifar100_2024/1.0/onnx/CIFAR100_resnet_large.onnx"",""data/vnncomp2026/cifar100_2024/1.0/vnnlib/CIFAR100_resnet_large_prop_idx_8257_sidx_5574_eps_0.0039.vnnlib"",100.0,""auto_no_attacks_cpu4""]",
cifar100_2024,138,CIFAR100_resnet_large.onnx,CIFAR100_resnet_large_prop_idx_6827_sidx_2613_eps_0.0039.vnnlib,error,,ERROR,0,100.0,,1.1898960378021002,0,1.1898960378021002,0,0,,,not a FALSIFIED row,1,scratch/logs/fse2026/nnenum/cifar100_2024/00138_faa4e4610a6e09619e98_wijylhmv.log,b18238f123ed6fab051ec94641b78a1ba2e307e7,"{""attack"": ""no adversarial attack implementation in this nnenum version; LP witness extraction retained"", ""cpus"": ""0-3"", ""deviations"": [""CPU affinity 0-3; BLAS/OpenMP=1; CUDA hidden"", ""observation-only hook exports Result.total_secs and cinput; watchdog T+20""], ""official"": ""nnenum CLI auto settings""}","[""CPU affinity 0-3; BLAS/OpenMP=1; CUDA hidden"", ""observation-only hook exports Result.total_secs and cinput; watchdog T+20""]",unsupported_op,"assert False, f""unsupported onnx op_type {op} in node {cur_node.name}""
AssertionError: unsupported onnx op_type Conv in node Conv_0
During handling of the above exception, another exception occurred:
AssertionError: Onnx model contains node with op BatchNormalization, which may not be a linear operation. Updated Settings.WHITELIST if you want to override this.",0.0,34.0,auto_no_attacks_cpu4,"[""nnenum"",""data/vnncomp2026/cifar100_2024/1.0/onnx/CIFAR100_resnet_large.onnx"",""data/vnncomp2026/cifar100_2024/1.0/vnnlib/CIFAR100_resnet_large_prop_idx_6827_sidx_2613_eps_0.0039.vnnlib"",100.0,""auto_no_attacks_cpu4""]",
cifar100_2024,139,CIFAR100_resnet_large.onnx,CIFAR100_resnet_large_prop_idx_8100_sidx_1807_eps_0.0039.vnnlib,error,,ERROR,0,100.0,,1.1903881281614304,0,1.1903881281614304,0,0,,,not a FALSIFIED row,1,scratch/logs/fse2026/nnenum/cifar100_2024/00139_17670a64e2386e5df280_awuq754t.log,b18238f123ed6fab051ec94641b78a1ba2e307e7,"{""attack"": ""no adversarial attack implementation in this nnenum version; LP witness extraction retained"", ""cpus"": ""0-3"", ""deviations"": [""CPU affinity 0-3; BLAS/OpenMP=1; CUDA hidden"", ""observation-only hook exports Result.total_secs and cinput; watchdog T+20""], ""official"": ""nnenum CLI auto settings""}","[""CPU affinity 0-3; BLAS/OpenMP=1; CUDA hidden"", ""observation-only hook exports Result.total_secs and cinput; watchdog T+20""]",unsupported_op,"assert False, f""unsupported onnx op_type {op} in node {cur_node.name}""
AssertionError: unsupported onnx op_type Conv in node Conv_0
During handling of the above exception, another exception occurred:
AssertionError: Onnx model contains node with op BatchNormalization, which may not be a linear operation. Updated Settings.WHITELIST if you want to override this.",0.0,37.0,auto_no_attacks_cpu4,"[""nnenum"",""data/vnncomp2026/cifar100_2024/1.0/onnx/CIFAR100_resnet_large.onnx"",""data/vnncomp2026/cifar100_2024/1.0/vnnlib/CIFAR100_resnet_large_prop_idx_8100_sidx_1807_eps_0.0039.vnnlib"",100.0,""auto_no_attacks_cpu4""]",
cifar100_2024,140,CIFAR100_resnet_large.onnx,CIFAR100_resnet_large_prop_idx_3188_sidx_7021_eps_0.0039.vnnlib,error,,ERROR,0,100.0,,1.1905946619808674,0,1.1905946619808674,0,0,,,not a FALSIFIED row,1,scratch/logs/fse2026/nnenum/cifar100_2024/00140_82308ebfcbad295d375a_mosv8qi9.log,b18238f123ed6fab051ec94641b78a1ba2e307e7,"{""attack"": ""no adversarial attack implementation in this nnenum version; LP witness extraction retained"", ""cpus"": ""0-3"", ""deviations"": [""CPU affinity 0-3; BLAS/OpenMP=1; CUDA hidden"", ""observation-only hook exports Result.total_secs and cinput; watchdog T+20""], ""official"": ""nnenum CLI auto settings""}","[""CPU affinity 0-3; BLAS/OpenMP=1; CUDA hidden"", ""observation-only hook exports Result.total_secs and cinput; watchdog T+20""]",unsupported_op,"assert False, f""unsupported onnx op_type {op} in node {cur_node.name}""
AssertionError: unsupported onnx op_type Conv in node Conv_0
During handling of the above exception, another exception occurred:
AssertionError: Onnx model contains node with op BatchNormalization, which may not be a linear operation. Updated Settings.WHITELIST if you want to override this.",0.0,716.0,auto_no_attacks_cpu4,"[""nnenum"",""data/vnncomp2026/cifar100_2024/1.0/onnx/CIFAR100_resnet_large.onnx"",""data/vnncomp2026/cifar100_2024/1.0/vnnlib/CIFAR100_resnet_large_prop_idx_3188_sidx_7021_eps_0.0039.vnnlib"",100.0,""auto_no_attacks_cpu4""]",
cifar100_2024,141,CIFAR100_resnet_large.onnx,CIFAR100_resnet_large_prop_idx_4279_sidx_5930_eps_0.0039.vnnlib,error,,ERROR,0,100.0,,1.1405193340033293,0,1.1405193340033293,0,0,,,not a FALSIFIED row,1,scratch/logs/fse2026/nnenum/cifar100_2024/00141_e0ce8fb30238f54027a3_m03_2i56.log,b18238f123ed6fab051ec94641b78a1ba2e307e7,"{""attack"": ""no adversarial attack implementation in this nnenum version; LP witness extraction retained"", ""cpus"": ""0-3"", ""deviations"": [""CPU affinity 0-3; BLAS/OpenMP=1; CUDA hidden"", ""observation-only hook exports Result.total_secs and cinput; watchdog T+20""], ""official"": ""nnenum CLI auto settings""}","[""CPU affinity 0-3; BLAS/OpenMP=1; CUDA hidden"", ""observation-only hook exports Result.total_secs and cinput; watchdog T+20""]",unsupported_op,"assert False, f""unsupported onnx op_type {op} in node {cur_node.name}""
AssertionError: unsupported onnx op_type Conv in node Conv_0
During handling of the above exception, another exception occurred:
AssertionError: Onnx model contains node with op BatchNormalization, which may not be a linear operation. Updated Settings.WHITELIST if you want to override this.",0.0,724.0,auto_no_attacks_cpu4,"[""nnenum"",""data/vnncomp2026/cifar100_2024/1.0/onnx/CIFAR100_resnet_large.onnx"",""data/vnncomp2026/cifar100_2024/1.0/vnnlib/CIFAR100_resnet_large_prop_idx_4279_sidx_5930_eps_0.0039.vnnlib"",100.0,""auto_no_attacks_cpu4""]",
cifar100_2024,142,CIFAR100_resnet_large.onnx,CIFAR100_resnet_large_prop_idx_7631_sidx_4119_eps_0.0039.vnnlib,error,,ERROR,0,100.0,,1.1428852193057537,0,1.1428852193057537,0,0,,,not a FALSIFIED row,1,scratch/logs/fse2026/nnenum/cifar100_2024/00142_48c668c0d25de0510153_dpoasi2v.log,b18238f123ed6fab051ec94641b78a1ba2e307e7,"{""attack"": ""no adversarial attack implementation in this nnenum version; LP witness extraction retained"", ""cpus"": ""0-3"", ""deviations"": [""CPU affinity 0-3; BLAS/OpenMP=1; CUDA hidden"", ""observation-only hook exports Result.total_secs and cinput; watchdog T+20""], ""official"": ""nnenum CLI auto settings""}","[""CPU affinity 0-3; BLAS/OpenMP=1; CUDA hidden"", ""observation-only hook exports Result.total_secs and cinput; watchdog T+20""]",unsupported_op,"assert False, f""unsupported onnx op_type {op} in node {cur_node.name}""
AssertionError: unsupported onnx op_type Conv in node Conv_0
During handling of the above exception, another exception occurred:
AssertionError: Onnx model contains node with op BatchNormalization, which may not be a linear operation. Updated Settings.WHITELIST if you want to override this.",0.0,34.0,auto_no_attacks_cpu4,"[""nnenum"",""data/vnncomp2026/cifar100_2024/1.0/onnx/CIFAR100_resnet_large.onnx"",""data/vnncomp2026/cifar100_2024/1.0/vnnlib/CIFAR100_resnet_large_prop_idx_7631_sidx_4119_eps_0.0039.vnnlib"",100.0,""auto_no_attacks_cpu4""]",
cifar100_2024,143,CIFAR100_resnet_large.onnx,CIFAR100_resnet_large_prop_idx_5586_sidx_80_eps_0.0039.vnnlib,error,,ERROR,0,100.0,,1.1399145387113094,0,1.1399145387113094,0,0,,,not a FALSIFIED row,1,scratch/logs/fse2026/nnenum/cifar100_2024/00143_241f372829f229ec7a7c_uwapyw_2.log,b18238f123ed6fab051ec94641b78a1ba2e307e7,"{""attack"": ""no adversarial attack implementation in this nnenum version; LP witness extraction retained"", ""cpus"": ""0-3"", ""deviations"": [""CPU affinity 0-3; BLAS/OpenMP=1; CUDA hidden"", ""observation-only hook exports Result.total_secs and cinput; watchdog T+20""], ""official"": ""nnenum CLI auto settings""}","[""CPU affinity 0-3; BLAS/OpenMP=1; CUDA hidden"", ""observation-only hook exports Result.total_secs and cinput; watchdog T+20""]",unsupported_op,"assert False, f""unsupported onnx op_type {op} in node {cur_node.name}""
AssertionError: unsupported onnx op_type Conv in node Conv_0
During handling of the above exception, another exception occurred:
AssertionError: Onnx model contains node with op BatchNormalization, which may not be a linear operation. Updated Settings.WHITELIST if you want to override this.",0.0,37.0,auto_no_attacks_cpu4,"[""nnenum"",""data/vnncomp2026/cifar100_2024/1.0/onnx/CIFAR100_resnet_large.onnx"",""data/vnncomp2026/cifar100_2024/1.0/vnnlib/CIFAR100_resnet_large_prop_idx_5586_sidx_80_eps_0.0039.vnnlib"",100.0,""auto_no_attacks_cpu4""]",
cifar100_2024,144,CIFAR100_resnet_large.onnx,CIFAR100_resnet_large_prop_idx_5454_sidx_5540_eps_0.0039.vnnlib,error,,ERROR,0,100.0,,1.189691161736846,0,1.189691161736846,0,0,,,not a FALSIFIED row,1,scratch/logs/fse2026/nnenum/cifar100_2024/00144_abcfbae4cecfd549547b_gbc35jv_.log,b18238f123ed6fab051ec94641b78a1ba2e307e7,"{""attack"": ""no adversarial attack implementation in this nnenum version; LP witness extraction retained"", ""cpus"": ""0-3"", ""deviations"": [""CPU affinity 0-3; BLAS/OpenMP=1; CUDA hidden"", ""observation-only hook exports Result.total_secs and cinput; watchdog T+20""], ""official"": ""nnenum CLI auto settings""}","[""CPU affinity 0-3; BLAS/OpenMP=1; CUDA hidden"", ""observation-only hook exports Result.total_secs and cinput; watchdog T+20""]",unsupported_op,"assert False, f""unsupported onnx op_type {op} in node {cur_node.name}""
AssertionError: unsupported onnx op_type Conv in node Conv_0
During handling of the above exception, another exception occurred:
AssertionError: Onnx model contains node with op BatchNormalization, which may not be a linear operation. Updated Settings.WHITELIST if you want to override this.",0.0,714.0,auto_no_attacks_cpu4,"[""nnenum"",""data/vnncomp2026/cifar100_2024/1.0/onnx/CIFAR100_resnet_large.onnx"",""data/vnncomp2026/cifar100_2024/1.0/vnnlib/CIFAR100_resnet_large_prop_idx_5454_sidx_5540_eps_0.0039.vnnlib"",100.0,""auto_no_attacks_cpu4""]",
cifar100_2024,145,CIFAR100_resnet_large.onnx,CIFAR100_resnet_large_prop_idx_9214_sidx_3473_eps_0.0039.vnnlib,error,,ERROR,0,100.0,,1.1941121760755777,0,1.1941121760755777,0,0,,,not a FALSIFIED row,1,scratch/logs/fse2026/nnenum/cifar100_2024/00145_3cfaedcc29c30728d320_vlfag5r9.log,b18238f123ed6fab051ec94641b78a1ba2e307e7,"{""attack"": ""no adversarial attack implementation in this nnenum version; LP witness extraction retained"", ""cpus"": ""0-3"", ""deviations"": [""CPU affinity 0-3; BLAS/OpenMP=1; CUDA hidden"", ""observation-only hook exports Result.total_secs and cinput; watchdog T+20""], ""official"": ""nnenum CLI auto settings""}","[""CPU affinity 0-3; BLAS/OpenMP=1; CUDA hidden"", ""observation-only hook exports Result.total_secs and cinput; watchdog T+20""]",unsupported_op,"assert False, f""unsupported onnx op_type {op} in node {cur_node.name}""
AssertionError: unsupported onnx op_type Conv in node Conv_0
During handling of the above exception, another exception occurred:
AssertionError: Onnx model contains node with op BatchNormalization, which may not be a linear operation. Updated Settings.WHITELIST if you want to override this.",2.0,822.0,auto_no_attacks_cpu4,"[""nnenum"",""data/vnncomp2026/cifar100_2024/1.0/onnx/CIFAR100_resnet_large.onnx"",""data/vnncomp2026/cifar100_2024/1.0/vnnlib/CIFAR100_resnet_large_prop_idx_9214_sidx_3473_eps_0.0039.vnnlib"",100.0,""auto_no_attacks_cpu4""]",
cifar100_2024,146,CIFAR100_resnet_large.onnx,CIFAR100_resnet_large_prop_idx_7141_sidx_7900_eps_0.0039.vnnlib,error,,ERROR,0,100.0,,1.1401609182357788,0,1.1401609182357788,0,0,,,not a FALSIFIED row,1,scratch/logs/fse2026/nnenum/cifar100_2024/00146_cf0178cb411e87a0896a_ay_8u6_n.log,b18238f123ed6fab051ec94641b78a1ba2e307e7,"{""attack"": ""no adversarial attack implementation in this nnenum version; LP witness extraction retained"", ""cpus"": ""0-3"", ""deviations"": [""CPU affinity 0-3; BLAS/OpenMP=1; CUDA hidden"", ""observation-only hook exports Result.total_secs and cinput; watchdog T+20""], ""official"": ""nnenum CLI auto settings""}","[""CPU affinity 0-3; BLAS/OpenMP=1; CUDA hidden"", ""observation-only hook exports Result.total_secs and cinput; watchdog T+20""]",unsupported_op,"assert False, f""unsupported onnx op_type {op} in node {cur_node.name}""
AssertionError: unsupported onnx op_type Conv in node Conv_0
During handling of the above exception, another exception occurred:
AssertionError: Onnx model contains node with op BatchNormalization, which may not be a linear operation. Updated Settings.WHITELIST if you want to override this.",2.0,6260.0,auto_no_attacks_cpu4,"[""nnenum"",""data/vnncomp2026/cifar100_2024/1.0/onnx/CIFAR100_resnet_large.onnx"",""data/vnncomp2026/cifar100_2024/1.0/vnnlib/CIFAR100_resnet_large_prop_idx_7141_sidx_7900_eps_0.0039.vnnlib"",100.0,""auto_no_attacks_cpu4""]",
cifar100_2024,147,CIFAR100_resnet_large.onnx,CIFAR100_resnet_large_prop_idx_2035_sidx_8795_eps_0.0039.vnnlib,error,,ERROR,0,100.0,,1.1899598259478807,0,1.1899598259478807,0,0,,,not a FALSIFIED row,1,scratch/logs/fse2026/nnenum/cifar100_2024/00147_cf6ec6d5be91ab42e566_8l_gv5g_.log,b18238f123ed6fab051ec94641b78a1ba2e307e7,"{""attack"": ""no adversarial attack implementation in this nnenum version; LP witness extraction retained"", ""cpus"": ""0-3"", ""deviations"": [""CPU affinity 0-3; BLAS/OpenMP=1; CUDA hidden"", ""observation-only hook exports Result.total_secs and cinput; watchdog T+20""], ""official"": ""nnenum CLI auto settings""}","[""CPU affinity 0-3; BLAS/OpenMP=1; CUDA hidden"", ""observation-only hook exports Result.total_secs and cinput; watchdog T+20""]",unsupported_op,"assert False, f""unsupported onnx op_type {op} in node {cur_node.name}""
AssertionError: unsupported onnx op_type Conv in node Conv_0
During handling of the above exception, another exception occurred:
AssertionError: Onnx model contains node with op BatchNormalization, which may not be a linear operation. Updated Settings.WHITELIST if you want to override this.",72.0,6262.0,auto_no_attacks_cpu4,"[""nnenum"",""data/vnncomp2026/cifar100_2024/1.0/onnx/CIFAR100_resnet_large.onnx"",""data/vnncomp2026/cifar100_2024/1.0/vnnlib/CIFAR100_resnet_large_prop_idx_2035_sidx_8795_eps_0.0039.vnnlib"",100.0,""auto_no_attacks_cpu4""]",
cifar100_2024,148,CIFAR100_resnet_large.onnx,CIFAR100_resnet_large_prop_idx_6591_sidx_1416_eps_0.0039.vnnlib,error,,ERROR,0,100.0,,1.1896286867558956,0,1.1896286867558956,0,0,,,not a FALSIFIED row,1,scratch/logs/fse2026/nnenum/cifar100_2024/00148_9ac430df079201ade33e_46nsabtc.log,b18238f123ed6fab051ec94641b78a1ba2e307e7,"{""attack"": ""no adversarial attack implementation in this nnenum version; LP witness extraction retained"", ""cpus"": ""0-3"", ""deviations"": [""CPU affinity 0-3; BLAS/OpenMP=1; CUDA hidden"", ""observation-only hook exports Result.total_secs and cinput; watchdog T+20""], ""official"": ""nnenum CLI auto settings""}","[""CPU affinity 0-3; BLAS/OpenMP=1; CUDA hidden"", ""observation-only hook exports Result.total_secs and cinput; watchdog T+20""]",unsupported_op,"assert False, f""unsupported onnx op_type {op} in node {cur_node.name}""
AssertionError: unsupported onnx op_type Conv in node Conv_0
During handling of the above exception, another exception occurred:
AssertionError: Onnx model contains node with op BatchNormalization, which may not be a linear operation. Updated Settings.WHITELIST if you want to override this.",2.0,2524.0,auto_no_attacks_cpu4,"[""nnenum"",""data/vnncomp2026/cifar100_2024/1.0/onnx/CIFAR100_resnet_large.onnx"",""data/vnncomp2026/cifar100_2024/1.0/vnnlib/CIFAR100_resnet_large_prop_idx_6591_sidx_1416_eps_0.0039.vnnlib"",100.0,""auto_no_attacks_cpu4""]",
cifar100_2024,149,CIFAR100_resnet_large.onnx,CIFAR100_resnet_large_prop_idx_2302_sidx_3657_eps_0.0039.vnnlib,error,,ERROR,0,100.0,,1.189543904736638,0,1.189543904736638,0,0,,,not a FALSIFIED row,1,scratch/logs/fse2026/nnenum/cifar100_2024/00149_c28971fd065409ff7e3f_pfd17xc6.log,b18238f123ed6fab051ec94641b78a1ba2e307e7,"{""attack"": ""no adversarial attack implementation in this nnenum version; LP witness extraction retained"", ""cpus"": ""0-3"", ""deviations"": [""CPU affinity 0-3; BLAS/OpenMP=1; CUDA hidden"", ""observation-only hook exports Result.total_secs and cinput; watchdog T+20""], ""official"": ""nnenum CLI auto settings""}","[""CPU affinity 0-3; BLAS/OpenMP=1; CUDA hidden"", ""observation-only hook exports Result.total_secs and cinput; watchdog T+20""]",unsupported_op,"assert False, f""unsupported onnx op_type {op} in node {cur_node.name}""
AssertionError: unsupported onnx op_type Conv in node Conv_0
During handling of the above exception, another exception occurred:
AssertionError: Onnx model contains node with op BatchNormalization, which may not be a linear operation. Updated Settings.WHITELIST if you want to override this.",10.0,5176.0,auto_no_attacks_cpu4,"[""nnenum"",""data/vnncomp2026/cifar100_2024/1.0/onnx/CIFAR100_resnet_large.onnx"",""data/vnncomp2026/cifar100_2024/1.0/vnnlib/CIFAR100_resnet_large_prop_idx_2302_sidx_3657_eps_0.0039.vnnlib"",100.0,""auto_no_attacks_cpu4""]",
cifar100_2024,150,CIFAR100_resnet_large.onnx,CIFAR100_resnet_large_prop_idx_7866_sidx_7980_eps_0.0039.vnnlib,error,,ERROR,0,100.0,,1.1895895954221487,0,1.1895895954221487,0,0,,,not a FALSIFIED row,1,scratch/logs/fse2026/nnenum/cifar100_2024/00150_d55eed24dab418536f78_a87lkx4x.log,b18238f123ed6fab051ec94641b78a1ba2e307e7,"{""attack"": ""no adversarial attack implementation in this nnenum version; LP witness extraction retained"", ""cpus"": ""0-3"", ""deviations"": [""CPU affinity 0-3; BLAS/OpenMP=1; CUDA hidden"", ""observation-only hook exports Result.total_secs and cinput; watchdog T+20""], ""official"": ""nnenum CLI auto settings""}","[""CPU affinity 0-3; BLAS/OpenMP=1; CUDA hidden"", ""observation-only hook exports Result.total_secs and cinput; watchdog T+20""]",unsupported_op,"assert False, f""unsupported onnx op_type {op} in node {cur_node.name}""
AssertionError: unsupported onnx op_type Conv in node Conv_0
During handling of the above exception, another exception occurred:
AssertionError: Onnx model contains node with op BatchNormalization, which may not be a linear operation. Updated Settings.WHITELIST if you want to override this.",65.0,10632.0,auto_no_attacks_cpu4,"[""nnenum"",""data/vnncomp2026/cifar100_2024/1.0/onnx/CIFAR100_resnet_large.onnx"",""data/vnncomp2026/cifar100_2024/1.0/vnnlib/CIFAR100_resnet_large_prop_idx_7866_sidx_7980_eps_0.0039.vnnlib"",100.0,""auto_no_attacks_cpu4""]",
cifar100_2024,151,CIFAR100_resnet_large.onnx,CIFAR100_resnet_large_prop_idx_6269_sidx_6873_eps_0.0039.vnnlib,error,,ERROR,0,100.0,,1.1885036155581474,0,1.1885036155581474,0,0,,,not a FALSIFIED row,1,scratch/logs/fse2026/nnenum/cifar100_2024/00151_915b8ccd96653b3e0e03_786zaasz.log,b18238f123ed6fab051ec94641b78a1ba2e307e7,"{""attack"": ""no adversarial attack implementation in this nnenum version; LP witness extraction retained"", ""cpus"": ""0-3"", ""deviations"": [""CPU affinity 0-3; BLAS/OpenMP=1; CUDA hidden"", ""observation-only hook exports Result.total_secs and cinput; watchdog T+20""], ""official"": ""nnenum CLI auto settings""}","[""CPU affinity 0-3; BLAS/OpenMP=1; CUDA hidden"", ""observation-only hook exports Result.total_secs and cinput; watchdog T+20""]",unsupported_op,"assert False, f""unsupported onnx op_type {op} in node {cur_node.name}""
AssertionError: unsupported onnx op_type Conv in node Conv_0
During handling of the above exception, another exception occurred:
AssertionError: Onnx model contains node with op BatchNormalization, which may not be a linear operation. Updated Settings.WHITELIST if you want to override this.",85.0,11414.0,auto_no_attacks_cpu4,"[""nnenum"",""data/vnncomp2026/cifar100_2024/1.0/onnx/CIFAR100_resnet_large.onnx"",""data/vnncomp2026/cifar100_2024/1.0/vnnlib/CIFAR100_resnet_large_prop_idx_6269_sidx_6873_eps_0.0039.vnnlib"",100.0,""auto_no_attacks_cpu4""]",
cifar100_2024,152,CIFAR100_resnet_large.onnx,CIFAR100_resnet_large_prop_idx_7836_sidx_6290_eps_0.0039.vnnlib,error,,ERROR,0,100.0,,1.1427667159587145,0,1.1427667159587145,0,0,,,not a FALSIFIED row,1,scratch/logs/fse2026/nnenum/cifar100_2024/00152_a3c7a2a11409b08afa73_ck6gs0ri.log,b18238f123ed6fab051ec94641b78a1ba2e307e7,"{""attack"": ""no adversarial attack implementation in this nnenum version; LP witness extraction retained"", ""cpus"": ""0-3"", ""deviations"": [""CPU affinity 0-3; BLAS/OpenMP=1; CUDA hidden"", ""observation-only hook exports Result.total_secs and cinput; watchdog T+20""], ""official"": ""nnenum CLI auto settings""}","[""CPU affinity 0-3; BLAS/OpenMP=1; CUDA hidden"", ""observation-only hook exports Result.total_secs and cinput; watchdog T+20""]",unsupported_op,"assert False, f""unsupported onnx op_type {op} in node {cur_node.name}""
AssertionError: unsupported onnx op_type Conv in node Conv_0
During handling of the above exception, another exception occurred:
AssertionError: Onnx model contains node with op BatchNormalization, which may not be a linear operation. Updated Settings.WHITELIST if you want to override this.",72.0,15432.0,auto_no_attacks_cpu4,"[""nnenum"",""data/vnncomp2026/cifar100_2024/1.0/onnx/CIFAR100_resnet_large.onnx"",""data/vnncomp2026/cifar100_2024/1.0/vnnlib/CIFAR100_resnet_large_prop_idx_7836_sidx_6290_eps_0.0039.vnnlib"",100.0,""auto_no_attacks_cpu4""]",
cifar100_2024,153,CIFAR100_resnet_large.onnx,CIFAR100_resnet_large_prop_idx_8439_sidx_7803_eps_0.0039.vnnlib,error,,ERROR,0,100.0,,1.2426732666790485,0,1.2426732666790485,0,0,,,not a FALSIFIED row,1,scratch/logs/fse2026/nnenum/cifar100_2024/00153_d5ea0bb0cf66534f4482_o0cmjkgx.log,b18238f123ed6fab051ec94641b78a1ba2e307e7,"{""attack"": ""no adversarial attack implementation in this nnenum version; LP witness extraction retained"", ""cpus"": ""0-3"", ""deviations"": [""CPU affinity 0-3; BLAS/OpenMP=1; CUDA hidden"", ""observation-only hook exports Result.total_secs and cinput; watchdog T+20""], ""official"": ""nnenum CLI auto settings""}","[""CPU affinity 0-3; BLAS/OpenMP=1; CUDA hidden"", ""observation-only hook exports Result.total_secs and cinput; watchdog T+20""]",unsupported_op,"assert False, f""unsupported onnx op_type {op} in node {cur_node.name}""
AssertionError: unsupported onnx op_type Conv in node Conv_0
During handling of the above exception, another exception occurred:
AssertionError: Onnx model contains node with op BatchNormalization, which may not be a linear operation. Updated Settings.WHITELIST if you want to override this.",69.0,17300.0,auto_no_attacks_cpu4,"[""nnenum"",""data/vnncomp2026/cifar100_2024/1.0/onnx/CIFAR100_resnet_large.onnx"",""data/vnncomp2026/cifar100_2024/1.0/vnnlib/CIFAR100_resnet_large_prop_idx_8439_sidx_7803_eps_0.0039.vnnlib"",100.0,""auto_no_attacks_cpu4""]",
cifar100_2024,154,CIFAR100_resnet_large.onnx,CIFAR100_resnet_large_prop_idx_8151_sidx_4251_eps_0.0039.vnnlib,error,,ERROR,0,100.0,,1.1909113675355911,0,1.1909113675355911,0,0,,,not a FALSIFIED row,1,scratch/logs/fse2026/nnenum/cifar100_2024/00154_d47983f38461aeacd312_1fj9ubzh.log,b18238f123ed6fab051ec94641b78a1ba2e307e7,"{""attack"": ""no adversarial attack implementation in this nnenum version; LP witness extraction retained"", ""cpus"": ""0-3"", ""deviations"": [""CPU affinity 0-3; BLAS/OpenMP=1; CUDA hidden"", ""observation-only hook exports Result.total_secs and cinput; watchdog T+20""], ""official"": ""nnenum CLI auto settings""}","[""CPU affinity 0-3; BLAS/OpenMP=1; CUDA hidden"", ""observation-only hook exports Result.total_secs and cinput; watchdog T+20""]",unsupported_op,"assert False, f""unsupported onnx op_type {op} in node {cur_node.name}""
AssertionError: unsupported onnx op_type Conv in node Conv_0
During handling of the above exception, another exception occurred:
AssertionError: Onnx model contains node with op BatchNormalization, which may not be a linear operation. Updated Settings.WHITELIST if you want to override this.",94.0,19124.0,auto_no_attacks_cpu4,"[""nnenum"",""data/vnncomp2026/cifar100_2024/1.0/onnx/CIFAR100_resnet_large.onnx"",""data/vnncomp2026/cifar100_2024/1.0/vnnlib/CIFAR100_resnet_large_prop_idx_8151_sidx_4251_eps_0.0039.vnnlib"",100.0,""auto_no_attacks_cpu4""]",
cifar100_2024,155,CIFAR100_resnet_large.onnx,CIFAR100_resnet_large_prop_idx_3583_sidx_611_eps_0.0039.vnnlib,error,,ERROR,0,100.0,,1.2411771714687347,0,1.2411771714687347,0,0,,,not a FALSIFIED row,1,scratch/logs/fse2026/nnenum/cifar100_2024/00155_26420cdead378affd3ec_jp66_srj.log,b18238f123ed6fab051ec94641b78a1ba2e307e7,"{""attack"": ""no adversarial attack implementation in this nnenum version; LP witness extraction retained"", ""cpus"": ""0-3"", ""deviations"": [""CPU affinity 0-3; BLAS/OpenMP=1; CUDA hidden"", ""observation-only hook exports Result.total_secs and cinput; watchdog T+20""], ""official"": ""nnenum CLI auto settings""}","[""CPU affinity 0-3; BLAS/OpenMP=1; CUDA hidden"", ""observation-only hook exports Result.total_secs and cinput; watchdog T+20""]",unsupported_op,"assert False, f""unsupported onnx op_type {op} in node {cur_node.name}""
AssertionError: unsupported onnx op_type Conv in node Conv_0
During handling of the above exception, another exception occurred:
AssertionError: Onnx model contains node with op BatchNormalization, which may not be a linear operation. Updated Settings.WHITELIST if you want to override this.",30.0,31648.0,auto_no_attacks_cpu4,"[""nnenum"",""data/vnncomp2026/cifar100_2024/1.0/onnx/CIFAR100_resnet_large.onnx"",""data/vnncomp2026/cifar100_2024/1.0/vnnlib/CIFAR100_resnet_large_prop_idx_3583_sidx_611_eps_0.0039.vnnlib"",100.0,""auto_no_attacks_cpu4""]",
cifar100_2024,156,CIFAR100_resnet_large.onnx,CIFAR100_resnet_large_prop_idx_4592_sidx_7177_eps_0.0039.vnnlib,error,,ERROR,0,100.0,,1.1435704827308655,0,1.1435704827308655,0,0,,,not a FALSIFIED row,1,scratch/logs/fse2026/nnenum/cifar100_2024/00156_8971e4064b46b338e628_6txnnidt.log,b18238f123ed6fab051ec94641b78a1ba2e307e7,"{""attack"": ""no adversarial attack implementation in this nnenum version; LP witness extraction retained"", ""cpus"": ""0-3"", ""deviations"": [""CPU affinity 0-3; BLAS/OpenMP=1; CUDA hidden"", ""observation-only hook exports Result.total_secs and cinput; watchdog T+20""], ""official"": ""nnenum CLI auto settings""}","[""CPU affinity 0-3; BLAS/OpenMP=1; CUDA hidden"", ""observation-only hook exports Result.total_secs and cinput; watchdog T+20""]",unsupported_op,"assert False, f""unsupported onnx op_type {op} in node {cur_node.name}""
AssertionError: unsupported onnx op_type Conv in node Conv_0
During handling of the above exception, another exception occurred:
AssertionError: Onnx model contains node with op BatchNormalization, which may not be a linear operation. Updated Settings.WHITELIST if you want to override this.",49.0,31648.0,auto_no_attacks_cpu4,"[""nnenum"",""data/vnncomp2026/cifar100_2024/1.0/onnx/CIFAR100_resnet_large.onnx"",""data/vnncomp2026/cifar100_2024/1.0/vnnlib/CIFAR100_resnet_large_prop_idx_4592_sidx_7177_eps_0.0039.vnnlib"",100.0,""auto_no_attacks_cpu4""]",
cifar100_2024,157,CIFAR100_resnet_large.onnx,CIFAR100_resnet_large_prop_idx_7037_sidx_7880_eps_0.0039.vnnlib,error,,ERROR,0,100.0,,1.1905191577970982,0,1.1905191577970982,0,0,,,not a FALSIFIED row,1,scratch/logs/fse2026/nnenum/cifar100_2024/00157_7f688504fd3e447bd207_76417cae.log,b18238f123ed6fab051ec94641b78a1ba2e307e7,"{""attack"": ""no adversarial attack implementation in this nnenum version; LP witness extraction retained"", ""cpus"": ""0-3"", ""deviations"": [""CPU affinity 0-3; BLAS/OpenMP=1; CUDA hidden"", ""observation-only hook exports Result.total_secs and cinput; watchdog T+20""], ""official"": ""nnenum CLI auto settings""}","[""CPU affinity 0-3; BLAS/OpenMP=1; CUDA hidden"", ""observation-only hook exports Result.total_secs and cinput; watchdog T+20""]",unsupported_op,"assert False, f""unsupported onnx op_type {op} in node {cur_node.name}""
AssertionError: unsupported onnx op_type Conv in node Conv_0
During handling of the above exception, another exception occurred:
AssertionError: Onnx model contains node with op BatchNormalization, which may not be a linear operation. Updated Settings.WHITELIST if you want to override this.",98.0,31648.0,auto_no_attacks_cpu4,"[""nnenum"",""data/vnncomp2026/cifar100_2024/1.0/onnx/CIFAR100_resnet_large.onnx"",""data/vnncomp2026/cifar100_2024/1.0/vnnlib/CIFAR100_resnet_large_prop_idx_7037_sidx_7880_eps_0.0039.vnnlib"",100.0,""auto_no_attacks_cpu4""]",
cifar100_2024,158,CIFAR100_resnet_large.onnx,CIFAR100_resnet_large_prop_idx_5425_sidx_3474_eps_0.0039.vnnlib,error,,ERROR,0,100.0,,1.1884911227971315,0,1.1884911227971315,0,0,,,not a FALSIFIED row,1,scratch/logs/fse2026/nnenum/cifar100_2024/00158_a1a19f2e2ee046022bb7_bebre3n0.log,b18238f123ed6fab051ec94641b78a1ba2e307e7,"{""attack"": ""no adversarial attack implementation in this nnenum version; LP witness extraction retained"", ""cpus"": ""0-3"", ""deviations"": [""CPU affinity 0-3; BLAS/OpenMP=1; CUDA hidden"", ""observation-only hook exports Result.total_secs and cinput; watchdog T+20""], ""official"": ""nnenum CLI auto settings""}","[""CPU affinity 0-3; BLAS/OpenMP=1; CUDA hidden"", ""observation-only hook exports Result.total_secs and cinput; watchdog T+20""]",unsupported_op,"assert False, f""unsupported onnx op_type {op} in node {cur_node.name}""
AssertionError: unsupported onnx op_type Conv in node Conv_0
During handling of the above exception, another exception occurred:
AssertionError: Onnx model contains node with op BatchNormalization, which may not be a linear operation. Updated Settings.WHITELIST if you want to override this.",95.0,36198.0,auto_no_attacks_cpu4,"[""nnenum"",""data/vnncomp2026/cifar100_2024/1.0/onnx/CIFAR100_resnet_large.onnx"",""data/vnncomp2026/cifar100_2024/1.0/vnnlib/CIFAR100_resnet_large_prop_idx_5425_sidx_3474_eps_0.0039.vnnlib"",100.0,""auto_no_attacks_cpu4""]",
cifar100_2024,159,CIFAR100_resnet_large.onnx,CIFAR100_resnet_large_prop_idx_9845_sidx_200_eps_0.0039.vnnlib,error,,ERROR,0,100.0,,1.1418215837329626,0,1.1418215837329626,0,0,,,not a FALSIFIED row,1,scratch/logs/fse2026/nnenum/cifar100_2024/00159_d992ea80f4c17a1444d7_uvsfztzs.log,b18238f123ed6fab051ec94641b78a1ba2e307e7,"{""attack"": ""no adversarial attack implementation in this nnenum version; LP witness extraction retained"", ""cpus"": ""0-3"", ""deviations"": [""CPU affinity 0-3; BLAS/OpenMP=1; CUDA hidden"", ""observation-only hook exports Result.total_secs and cinput; watchdog T+20""], ""official"": ""nnenum CLI auto settings""}","[""CPU affinity 0-3; BLAS/OpenMP=1; CUDA hidden"", ""observation-only hook exports Result.total_secs and cinput; watchdog T+20""]",unsupported_op,"assert False, f""unsupported onnx op_type {op} in node {cur_node.name}""
AssertionError: unsupported onnx op_type Conv in node Conv_0
During handling of the above exception, another exception occurred:
AssertionError: Onnx model contains node with op BatchNormalization, which may not be a linear operation. Updated Settings.WHITELIST if you want to override this.",97.0,36198.0,auto_no_attacks_cpu4,"[""nnenum"",""data/vnncomp2026/cifar100_2024/1.0/onnx/CIFAR100_resnet_large.onnx"",""data/vnncomp2026/cifar100_2024/1.0/vnnlib/CIFAR100_resnet_large_prop_idx_9845_sidx_200_eps_0.0039.vnnlib"",100.0,""auto_no_attacks_cpu4""]",
cifar100_2024,160,CIFAR100_resnet_large.onnx,CIFAR100_resnet_large_prop_idx_3000_sidx_6447_eps_0.0039.vnnlib,error,,ERROR,0,100.0,,1.1900085285305977,0,1.1900085285305977,0,0,,,not a FALSIFIED row,1,scratch/logs/fse2026/nnenum/cifar100_2024/00160_a7d155a88015393d46ac_9jb0fz7y.log,b18238f123ed6fab051ec94641b78a1ba2e307e7,"{""attack"": ""no adversarial attack implementation in this nnenum version; LP witness extraction retained"", ""cpus"": ""0-3"", ""deviations"": [""CPU affinity 0-3; BLAS/OpenMP=1; CUDA hidden"", ""observation-only hook exports Result.total_secs and cinput; watchdog T+20""], ""official"": ""nnenum CLI auto settings""}","[""CPU affinity 0-3; BLAS/OpenMP=1; CUDA hidden"", ""observation-only hook exports Result.total_secs and cinput; watchdog T+20""]",unsupported_op,"assert False, f""unsupported onnx op_type {op} in node {cur_node.name}""
AssertionError: unsupported onnx op_type Conv in node Conv_0
During handling of the above exception, another exception occurred:
AssertionError: Onnx model contains node with op BatchNormalization, which may not be a linear operation. Updated Settings.WHITELIST if you want to override this.",98.0,36198.0,auto_no_attacks_cpu4,"[""nnenum"",""data/vnncomp2026/cifar100_2024/1.0/onnx/CIFAR100_resnet_large.onnx"",""data/vnncomp2026/cifar100_2024/1.0/vnnlib/CIFAR100_resnet_large_prop_idx_3000_sidx_6447_eps_0.0039.vnnlib"",100.0,""auto_no_attacks_cpu4""]",
cifar100_2024,161,CIFAR100_resnet_large.onnx,CIFAR100_resnet_large_prop_idx_6280_sidx_9990_eps_0.0039.vnnlib,error,,ERROR,0,100.0,,1.1381499748677015,0,1.1381499748677015,0,0,,,not a FALSIFIED row,1,scratch/logs/fse2026/nnenum/cifar100_2024/00161_8f949a10c36d3f271959_xdz6b8ct.log,b18238f123ed6fab051ec94641b78a1ba2e307e7,"{""attack"": ""no adversarial attack implementation in this nnenum version; LP witness extraction retained"", ""cpus"": ""0-3"", ""deviations"": [""CPU affinity 0-3; BLAS/OpenMP=1; CUDA hidden"", ""observation-only hook exports Result.total_secs and cinput; watchdog T+20""], ""official"": ""nnenum CLI auto settings""}","[""CPU affinity 0-3; BLAS/OpenMP=1; CUDA hidden"", ""observation-only hook exports Result.total_secs and cinput; watchdog T+20""]",unsupported_op,"assert False, f""unsupported onnx op_type {op} in node {cur_node.name}""
AssertionError: unsupported onnx op_type Conv in node Conv_0
During handling of the above exception, another exception occurred:
AssertionError: Onnx model contains node with op BatchNormalization, which may not be a linear operation. Updated Settings.WHITELIST if you want to override this.",0.0,36198.0,auto_no_attacks_cpu4,"[""nnenum"",""data/vnncomp2026/cifar100_2024/1.0/onnx/CIFAR100_resnet_large.onnx"",""data/vnncomp2026/cifar100_2024/1.0/vnnlib/CIFAR100_resnet_large_prop_idx_6280_sidx_9990_eps_0.0039.vnnlib"",100.0,""auto_no_attacks_cpu4""]",
cifar100_2024,162,CIFAR100_resnet_large.onnx,CIFAR100_resnet_large_prop_idx_7120_sidx_5701_eps_0.0039.vnnlib,error,,ERROR,0,100.0,,1.1389636564999819,0,1.1389636564999819,0,0,,,not a FALSIFIED row,1,scratch/logs/fse2026/nnenum/cifar100_2024/00162_286cc8df471ca6631761_3jixr_5z.log,b18238f123ed6fab051ec94641b78a1ba2e307e7,"{""attack"": ""no adversarial attack implementation in this nnenum version; LP witness extraction retained"", ""cpus"": ""0-3"", ""deviations"": [""CPU affinity 0-3; BLAS/OpenMP=1; CUDA hidden"", ""observation-only hook exports Result.total_secs and cinput; watchdog T+20""], ""official"": ""nnenum CLI auto settings""}","[""CPU affinity 0-3; BLAS/OpenMP=1; CUDA hidden"", ""observation-only hook exports Result.total_secs and cinput; watchdog T+20""]",unsupported_op,"assert False, f""unsupported onnx op_type {op} in node {cur_node.name}""
AssertionError: unsupported onnx op_type Conv in node Conv_0
During handling of the above exception, another exception occurred:
AssertionError: Onnx model contains node with op BatchNormalization, which may not be a linear operation. Updated Settings.WHITELIST if you want to override this.",93.0,67898.0,auto_no_attacks_cpu4,"[""nnenum"",""data/vnncomp2026/cifar100_2024/1.0/onnx/CIFAR100_resnet_large.onnx"",""data/vnncomp2026/cifar100_2024/1.0/vnnlib/CIFAR100_resnet_large_prop_idx_7120_sidx_5701_eps_0.0039.vnnlib"",100.0,""auto_no_attacks_cpu4""]",
cifar100_2024,163,CIFAR100_resnet_large.onnx,CIFAR100_resnet_large_prop_idx_7974_sidx_1614_eps_0.0039.vnnlib,error,,ERROR,0,100.0,,1.140517795458436,0,1.140517795458436,0,0,,,not a FALSIFIED row,1,scratch/logs/fse2026/nnenum/cifar100_2024/00163_faf759cff14c09a2bade_80nifbj0.log,b18238f123ed6fab051ec94641b78a1ba2e307e7,"{""attack"": ""no adversarial attack implementation in this nnenum version; LP witness extraction retained"", ""cpus"": ""0-3"", ""deviations"": [""CPU affinity 0-3; BLAS/OpenMP=1; CUDA hidden"", ""observation-only hook exports Result.total_secs and cinput; watchdog T+20""], ""official"": ""nnenum CLI auto settings""}","[""CPU affinity 0-3; BLAS/OpenMP=1; CUDA hidden"", ""observation-only hook exports Result.total_secs and cinput; watchdog T+20""]",unsupported_op,"assert False, f""unsupported onnx op_type {op} in node {cur_node.name}""
AssertionError: unsupported onnx op_type Conv in node Conv_0
During handling of the above exception, another exception occurred:
AssertionError: Onnx model contains node with op BatchNormalization, which may not be a linear operation. Updated Settings.WHITELIST if you want to override this.",100.0,67898.0,auto_no_attacks_cpu4,"[""nnenum"",""data/vnncomp2026/cifar100_2024/1.0/onnx/CIFAR100_resnet_large.onnx"",""data/vnncomp2026/cifar100_2024/1.0/vnnlib/CIFAR100_resnet_large_prop_idx_7974_sidx_1614_eps_0.0039.vnnlib"",100.0,""auto_no_attacks_cpu4""]",
cifar100_2024,164,CIFAR100_resnet_large.onnx,CIFAR100_resnet_large_prop_idx_3991_sidx_8049_eps_0.0039.vnnlib,error,,ERROR,0,100.0,,1.1396474558860064,0,1.1396474558860064,0,0,,,not a FALSIFIED row,1,scratch/logs/fse2026/nnenum/cifar100_2024/00164_6fd90c35399392be1bcd_1e3cpnjy.log,b18238f123ed6fab051ec94641b78a1ba2e307e7,"{""attack"": ""no adversarial attack implementation in this nnenum version; LP witness extraction retained"", ""cpus"": ""0-3"", ""deviations"": [""CPU affinity 0-3; BLAS/OpenMP=1; CUDA hidden"", ""observation-only hook exports Result.total_secs and cinput; watchdog T+20""], ""official"": ""nnenum CLI auto settings""}","[""CPU affinity 0-3; BLAS/OpenMP=1; CUDA hidden"", ""observation-only hook exports Result.total_secs and cinput; watchdog T+20""]",unsupported_op,"assert False, f""unsupported onnx op_type {op} in node {cur_node.name}""
AssertionError: unsupported onnx op_type Conv in node Conv_0
During handling of the above exception, another exception occurred:
AssertionError: Onnx model contains node with op BatchNormalization, which may not be a linear operation. Updated Settings.WHITELIST if you want to override this.",98.0,67898.0,auto_no_attacks_cpu4,"[""nnenum"",""data/vnncomp2026/cifar100_2024/1.0/onnx/CIFAR100_resnet_large.onnx"",""data/vnncomp2026/cifar100_2024/1.0/vnnlib/CIFAR100_resnet_large_prop_idx_3991_sidx_8049_eps_0.0039.vnnlib"",100.0,""auto_no_attacks_cpu4""]",
cifar100_2024,165,CIFAR100_resnet_large.onnx,CIFAR100_resnet_large_prop_idx_6342_sidx_7196_eps_0.0039.vnnlib,error,,ERROR,0,100.0,,1.19320385530591,0,1.19320385530591,0,0,,,not a FALSIFIED row,1,scratch/logs/fse2026/nnenum/cifar100_2024/00165_a662e05a669484246d92_1pdct3ka.log,b18238f123ed6fab051ec94641b78a1ba2e307e7,"{""attack"": ""no adversarial attack implementation in this nnenum version; LP witness extraction retained"", ""cpus"": ""0-3"", ""deviations"": [""CPU affinity 0-3; BLAS/OpenMP=1; CUDA hidden"", ""observation-only hook exports Result.total_secs and cinput; watchdog T+20""], ""official"": ""nnenum CLI auto settings""}","[""CPU affinity 0-3; BLAS/OpenMP=1; CUDA hidden"", ""observation-only hook exports Result.total_secs and cinput; watchdog T+20""]",unsupported_op,"assert False, f""unsupported onnx op_type {op} in node {cur_node.name}""
AssertionError: unsupported onnx op_type Conv in node Conv_0
During handling of the above exception, another exception occurred:
AssertionError: Onnx model contains node with op BatchNormalization, which may not be a linear operation. Updated Settings.WHITELIST if you want to override this.",98.0,67898.0,auto_no_attacks_cpu4,"[""nnenum"",""data/vnncomp2026/cifar100_2024/1.0/onnx/CIFAR100_resnet_large.onnx"",""data/vnncomp2026/cifar100_2024/1.0/vnnlib/CIFAR100_resnet_large_prop_idx_6342_sidx_7196_eps_0.0039.vnnlib"",100.0,""auto_no_attacks_cpu4""]",
cifar100_2024,166,CIFAR100_resnet_large.onnx,CIFAR100_resnet_large_prop_idx_4322_sidx_9995_eps_0.0039.vnnlib,error,,ERROR,0,100.0,,1.19305270165205,0,1.19305270165205,0,0,,,not a FALSIFIED row,1,scratch/logs/fse2026/nnenum/cifar100_2024/00166_120411beb942730bb0d5_wjd4hjsg.log,b18238f123ed6fab051ec94641b78a1ba2e307e7,"{""attack"": ""no adversarial attack implementation in this nnenum version; LP witness extraction retained"", ""cpus"": ""0-3"", ""deviations"": [""CPU affinity 0-3; BLAS/OpenMP=1; CUDA hidden"", ""observation-only hook exports Result.total_secs and cinput; watchdog T+20""], ""official"": ""nnenum CLI auto settings""}","[""CPU affinity 0-3; BLAS/OpenMP=1; CUDA hidden"", ""observation-only hook exports Result.total_secs and cinput; watchdog T+20""]",unsupported_op,"assert False, f""unsupported onnx op_type {op} in node {cur_node.name}""
AssertionError: unsupported onnx op_type Conv in node Conv_0
During handling of the above exception, another exception occurred:
AssertionError: Onnx model contains node with op BatchNormalization, which may not be a linear operation. Updated Settings.WHITELIST if you want to override this.",99.0,67898.0,auto_no_attacks_cpu4,"[""nnenum"",""data/vnncomp2026/cifar100_2024/1.0/onnx/CIFAR100_resnet_large.onnx"",""data/vnncomp2026/cifar100_2024/1.0/vnnlib/CIFAR100_resnet_large_prop_idx_4322_sidx_9995_eps_0.0039.vnnlib"",100.0,""auto_no_attacks_cpu4""]",
cifar100_2024,167,CIFAR100_resnet_large.onnx,CIFAR100_resnet_large_prop_idx_845_sidx_3027_eps_0.0039.vnnlib,error,,ERROR,0,100.0,,1.1899914722889662,0,1.1899914722889662,0,0,,,not a FALSIFIED row,1,scratch/logs/fse2026/nnenum/cifar100_2024/00167_8bf3e2afaa185e8dbb55_5e4t_sjp.log,b18238f123ed6fab051ec94641b78a1ba2e307e7,"{""attack"": ""no adversarial attack implementation in this nnenum version; LP witness extraction retained"", ""cpus"": ""0-3"", ""deviations"": [""CPU affinity 0-3; BLAS/OpenMP=1; CUDA hidden"", ""observation-only hook exports Result.total_secs and cinput; watchdog T+20""], ""official"": ""nnenum CLI auto settings""}","[""CPU affinity 0-3; BLAS/OpenMP=1; CUDA hidden"", ""observation-only hook exports Result.total_secs and cinput; watchdog T+20""]",unsupported_op,"assert False, f""unsupported onnx op_type {op} in node {cur_node.name}""
AssertionError: unsupported onnx op_type Conv in node Conv_0
During handling of the above exception, another exception occurred:
AssertionError: Onnx model contains node with op BatchNormalization, which may not be a linear operation. Updated Settings.WHITELIST if you want to override this.",0.0,67898.0,auto_no_attacks_cpu4,"[""nnenum"",""data/vnncomp2026/cifar100_2024/1.0/onnx/CIFAR100_resnet_large.onnx"",""data/vnncomp2026/cifar100_2024/1.0/vnnlib/CIFAR100_resnet_large_prop_idx_845_sidx_3027_eps_0.0039.vnnlib"",100.0,""auto_no_attacks_cpu4""]",
cifar100_2024,168,CIFAR100_resnet_large.onnx,CIFAR100_resnet_large_prop_idx_815_sidx_1902_eps_0.0039.vnnlib,error,,ERROR,0,100.0,,1.188974680379033,0,1.188974680379033,0,0,,,not a FALSIFIED row,1,scratch/logs/fse2026/nnenum/cifar100_2024/00168_ecdd46bdbfdeb955135a_x0bjk_r5.log,b18238f123ed6fab051ec94641b78a1ba2e307e7,"{""attack"": ""no adversarial attack implementation in this nnenum version; LP witness extraction retained"", ""cpus"": ""0-3"", ""deviations"": [""CPU affinity 0-3; BLAS/OpenMP=1; CUDA hidden"", ""observation-only hook exports Result.total_secs and cinput; watchdog T+20""], ""official"": ""nnenum CLI auto settings""}","[""CPU affinity 0-3; BLAS/OpenMP=1; CUDA hidden"", ""observation-only hook exports Result.total_secs and cinput; watchdog T+20""]",unsupported_op,"assert False, f""unsupported onnx op_type {op} in node {cur_node.name}""
AssertionError: unsupported onnx op_type Conv in node Conv_0
During handling of the above exception, another exception occurred:
AssertionError: Onnx model contains node with op BatchNormalization, which may not be a linear operation. Updated Settings.WHITELIST if you want to override this.",0.0,67898.0,auto_no_attacks_cpu4,"[""nnenum"",""data/vnncomp2026/cifar100_2024/1.0/onnx/CIFAR100_resnet_large.onnx"",""data/vnncomp2026/cifar100_2024/1.0/vnnlib/CIFAR100_resnet_large_prop_idx_815_sidx_1902_eps_0.0039.vnnlib"",100.0,""auto_no_attacks_cpu4""]",
cifar100_2024,169,CIFAR100_resnet_large.onnx,CIFAR100_resnet_large_prop_idx_9417_sidx_5438_eps_0.0039.vnnlib,error,,ERROR,0,100.0,,1.1384622287005186,0,1.1384622287005186,0,0,,,not a FALSIFIED row,1,scratch/logs/fse2026/nnenum/cifar100_2024/00169_e5a458731e5a2e02f1fa_xnjtn_sy.log,b18238f123ed6fab051ec94641b78a1ba2e307e7,"{""attack"": ""no adversarial attack implementation in this nnenum version; LP witness extraction retained"", ""cpus"": ""0-3"", ""deviations"": [""CPU affinity 0-3; BLAS/OpenMP=1; CUDA hidden"", ""observation-only hook exports Result.total_secs and cinput; watchdog T+20""], ""official"": ""nnenum CLI auto settings""}","[""CPU affinity 0-3; BLAS/OpenMP=1; CUDA hidden"", ""observation-only hook exports Result.total_secs and cinput; watchdog T+20""]",unsupported_op,"assert False, f""unsupported onnx op_type {op} in node {cur_node.name}""
AssertionError: unsupported onnx op_type Conv in node Conv_0
During handling of the above exception, another exception occurred:
AssertionError: Onnx model contains node with op BatchNormalization, which may not be a linear operation. Updated Settings.WHITELIST if you want to override this.",93.0,67898.0,auto_no_attacks_cpu4,"[""nnenum"",""data/vnncomp2026/cifar100_2024/1.0/onnx/CIFAR100_resnet_large.onnx"",""data/vnncomp2026/cifar100_2024/1.0/vnnlib/CIFAR100_resnet_large_prop_idx_9417_sidx_5438_eps_0.0039.vnnlib"",100.0,""auto_no_attacks_cpu4""]",
cifar100_2024,170,CIFAR100_resnet_large.onnx,CIFAR100_resnet_large_prop_idx_3580_sidx_7034_eps_0.0039.vnnlib,error,,ERROR,0,100.0,,1.1390711273998022,0,1.1390711273998022,0,0,,,not a FALSIFIED row,1,scratch/logs/fse2026/nnenum/cifar100_2024/00170_2a60c34981a888c407c1_7ide3qbp.log,b18238f123ed6fab051ec94641b78a1ba2e307e7,"{""attack"": ""no adversarial attack implementation in this nnenum version; LP witness extraction retained"", ""cpus"": ""0-3"", ""deviations"": [""CPU affinity 0-3; BLAS/OpenMP=1; CUDA hidden"", ""observation-only hook exports Result.total_secs and cinput; watchdog T+20""], ""official"": ""nnenum CLI auto settings""}","[""CPU affinity 0-3; BLAS/OpenMP=1; CUDA hidden"", ""observation-only hook exports Result.total_secs and cinput; watchdog T+20""]",unsupported_op,"assert False, f""unsupported onnx op_type {op} in node {cur_node.name}""
AssertionError: unsupported onnx op_type Conv in node Conv_0
During handling of the above exception, another exception occurred:
AssertionError: Onnx model contains node with op BatchNormalization, which may not be a linear operation. Updated Settings.WHITELIST if you want to override this.",100.0,67898.0,auto_no_attacks_cpu4,"[""nnenum"",""data/vnncomp2026/cifar100_2024/1.0/onnx/CIFAR100_resnet_large.onnx"",""data/vnncomp2026/cifar100_2024/1.0/vnnlib/CIFAR100_resnet_large_prop_idx_3580_sidx_7034_eps_0.0039.vnnlib"",100.0,""auto_no_attacks_cpu4""]",
cifar100_2024,171,CIFAR100_resnet_large.onnx,CIFAR100_resnet_large_prop_idx_7034_sidx_4129_eps_0.0039.vnnlib,error,,ERROR,0,100.0,,1.1406149696558714,0,1.1406149696558714,0,0,,,not a FALSIFIED row,1,scratch/logs/fse2026/nnenum/cifar100_2024/00171_35aded586da4cfbb334c_ja76s55v.log,b18238f123ed6fab051ec94641b78a1ba2e307e7,"{""attack"": ""no adversarial attack implementation in this nnenum version; LP witness extraction retained"", ""cpus"": ""0-3"", ""deviations"": [""CPU affinity 0-3; BLAS/OpenMP=1; CUDA hidden"", ""observation-only hook exports Result.total_secs and cinput; watchdog T+20""], ""official"": ""nnenum CLI auto settings""}","[""CPU affinity 0-3; BLAS/OpenMP=1; CUDA hidden"", ""observation-only hook exports Result.total_secs and cinput; watchdog T+20""]",unsupported_op,"assert False, f""unsupported onnx op_type {op} in node {cur_node.name}""
AssertionError: unsupported onnx op_type Conv in node Conv_0
During handling of the above exception, another exception occurred:
AssertionError: Onnx model contains node with op BatchNormalization, which may not be a linear operation. Updated Settings.WHITELIST if you want to override this.",98.0,67898.0,auto_no_attacks_cpu4,"[""nnenum"",""data/vnncomp2026/cifar100_2024/1.0/onnx/CIFAR100_resnet_large.onnx"",""data/vnncomp2026/cifar100_2024/1.0/vnnlib/CIFAR100_resnet_large_prop_idx_7034_sidx_4129_eps_0.0039.vnnlib"",100.0,""auto_no_attacks_cpu4""]",
cifar100_2024,172,CIFAR100_resnet_large.onnx,CIFAR100_resnet_large_prop_idx_7104_sidx_9469_eps_0.0039.vnnlib,error,,ERROR,0,100.0,,1.1414829529821873,0,1.1414829529821873,0,0,,,not a FALSIFIED row,1,scratch/logs/fse2026/nnenum/cifar100_2024/00172_ffdbcf90679cd2d28381_52dptki9.log,b18238f123ed6fab051ec94641b78a1ba2e307e7,"{""attack"": ""no adversarial attack implementation in this nnenum version; LP witness extraction retained"", ""cpus"": ""0-3"", ""deviations"": [""CPU affinity 0-3; BLAS/OpenMP=1; CUDA hidden"", ""observation-only hook exports Result.total_secs and cinput; watchdog T+20""], ""official"": ""nnenum CLI auto settings""}","[""CPU affinity 0-3; BLAS/OpenMP=1; CUDA hidden"", ""observation-only hook exports Result.total_secs and cinput; watchdog T+20""]",unsupported_op,"assert False, f""unsupported onnx op_type {op} in node {cur_node.name}""
AssertionError: unsupported onnx op_type Conv in node Conv_0
During handling of the above exception, another exception occurred:
AssertionError: Onnx model contains node with op BatchNormalization, which may not be a linear operation. Updated Settings.WHITELIST if you want to override this.",99.0,67898.0,auto_no_attacks_cpu4,"[""nnenum"",""data/vnncomp2026/cifar100_2024/1.0/onnx/CIFAR100_resnet_large.onnx"",""data/vnncomp2026/cifar100_2024/1.0/vnnlib/CIFAR100_resnet_large_prop_idx_7104_sidx_9469_eps_0.0039.vnnlib"",100.0,""auto_no_attacks_cpu4""]",
cifar100_2024,173,CIFAR100_resnet_large.onnx,CIFAR100_resnet_large_prop_idx_6983_sidx_607_eps_0.0039.vnnlib,error,,ERROR,0,100.0,,1.140898771584034,0,1.140898771584034,0,0,,,not a FALSIFIED row,1,scratch/logs/fse2026/nnenum/cifar100_2024/00173_ce01766b697ea0b96630_4nig745h.log,b18238f123ed6fab051ec94641b78a1ba2e307e7,"{""attack"": ""no adversarial attack implementation in this nnenum version; LP witness extraction retained"", ""cpus"": ""0-3"", ""deviations"": [""CPU affinity 0-3; BLAS/OpenMP=1; CUDA hidden"", ""observation-only hook exports Result.total_secs and cinput; watchdog T+20""], ""official"": ""nnenum CLI auto settings""}","[""CPU affinity 0-3; BLAS/OpenMP=1; CUDA hidden"", ""observation-only hook exports Result.total_secs and cinput; watchdog T+20""]",unsupported_op,"assert False, f""unsupported onnx op_type {op} in node {cur_node.name}""
AssertionError: unsupported onnx op_type Conv in node Conv_0
During handling of the above exception, another exception occurred:
AssertionError: Onnx model contains node with op BatchNormalization, which may not be a linear operation. Updated Settings.WHITELIST if you want to override this.",10.0,67898.0,auto_no_attacks_cpu4,"[""nnenum"",""data/vnncomp2026/cifar100_2024/1.0/onnx/CIFAR100_resnet_large.onnx"",""data/vnncomp2026/cifar100_2024/1.0/vnnlib/CIFAR100_resnet_large_prop_idx_6983_sidx_607_eps_0.0039.vnnlib"",100.0,""auto_no_attacks_cpu4""]",
cifar100_2024,174,CIFAR100_resnet_large.onnx,CIFAR100_resnet_large_prop_idx_1105_sidx_9000_eps_0.0039.vnnlib,error,,ERROR,0,100.0,,1.1929758004844189,0,1.1929758004844189,0,0,,,not a FALSIFIED row,1,scratch/logs/fse2026/nnenum/cifar100_2024/00174_1acdb07db7d8763ec8b9_39bsswza.log,b18238f123ed6fab051ec94641b78a1ba2e307e7,"{""attack"": ""no adversarial attack implementation in this nnenum version; LP witness extraction retained"", ""cpus"": ""0-3"", ""deviations"": [""CPU affinity 0-3; BLAS/OpenMP=1; CUDA hidden"", ""observation-only hook exports Result.total_secs and cinput; watchdog T+20""], ""official"": ""nnenum CLI auto settings""}","[""CPU affinity 0-3; BLAS/OpenMP=1; CUDA hidden"", ""observation-only hook exports Result.total_secs and cinput; watchdog T+20""]",unsupported_op,"assert False, f""unsupported onnx op_type {op} in node {cur_node.name}""
AssertionError: unsupported onnx op_type Conv in node Conv_0
During handling of the above exception, another exception occurred:
AssertionError: Onnx model contains node with op BatchNormalization, which may not be a linear operation. Updated Settings.WHITELIST if you want to override this.",0.0,67898.0,auto_no_attacks_cpu4,"[""nnenum"",""data/vnncomp2026/cifar100_2024/1.0/onnx/CIFAR100_resnet_large.onnx"",""data/vnncomp2026/cifar100_2024/1.0/vnnlib/CIFAR100_resnet_large_prop_idx_1105_sidx_9000_eps_0.0039.vnnlib"",100.0,""auto_no_attacks_cpu4""]",
cifar100_2024,175,CIFAR100_resnet_large.onnx,CIFAR100_resnet_large_prop_idx_9204_sidx_137_eps_0.0039.vnnlib,error,,ERROR,0,100.0,,1.1906676404178143,0,1.1906676404178143,0,0,,,not a FALSIFIED row,1,scratch/logs/fse2026/nnenum/cifar100_2024/00175_1b48287eac2f3912cf2b_fv4w17za.log,b18238f123ed6fab051ec94641b78a1ba2e307e7,"{""attack"": ""no adversarial attack implementation in this nnenum version; LP witness extraction retained"", ""cpus"": ""0-3"", ""deviations"": [""CPU affinity 0-3; BLAS/OpenMP=1; CUDA hidden"", ""observation-only hook exports Result.total_secs and cinput; watchdog T+20""], ""official"": ""nnenum CLI auto settings""}","[""CPU affinity 0-3; BLAS/OpenMP=1; CUDA hidden"", ""observation-only hook exports Result.total_secs and cinput; watchdog T+20""]",unsupported_op,"assert False, f""unsupported onnx op_type {op} in node {cur_node.name}""
AssertionError: unsupported onnx op_type Conv in node Conv_0
During handling of the above exception, another exception occurred:
AssertionError: Onnx model contains node with op BatchNormalization, which may not be a linear operation. Updated Settings.WHITELIST if you want to override this.",0.0,67898.0,auto_no_attacks_cpu4,"[""nnenum"",""data/vnncomp2026/cifar100_2024/1.0/onnx/CIFAR100_resnet_large.onnx"",""data/vnncomp2026/cifar100_2024/1.0/vnnlib/CIFAR100_resnet_large_prop_idx_9204_sidx_137_eps_0.0039.vnnlib"",100.0,""auto_no_attacks_cpu4""]",
cifar100_2024,176,CIFAR100_resnet_large.onnx,CIFAR100_resnet_large_prop_idx_1812_sidx_7967_eps_0.0039.vnnlib,error,,ERROR,0,100.0,,1.1396715752780437,0,1.1396715752780437,0,0,,,not a FALSIFIED row,1,scratch/logs/fse2026/nnenum/cifar100_2024/00176_279f7fcea43d10fe98ce_cb3f46zz.log,b18238f123ed6fab051ec94641b78a1ba2e307e7,"{""attack"": ""no adversarial attack implementation in this nnenum version; LP witness extraction retained"", ""cpus"": ""0-3"", ""deviations"": [""CPU affinity 0-3; BLAS/OpenMP=1; CUDA hidden"", ""observation-only hook exports Result.total_secs and cinput; watchdog T+20""], ""official"": ""nnenum CLI auto settings""}","[""CPU affinity 0-3; BLAS/OpenMP=1; CUDA hidden"", ""observation-only hook exports Result.total_secs and cinput; watchdog T+20""]",unsupported_op,"assert False, f""unsupported onnx op_type {op} in node {cur_node.name}""
AssertionError: unsupported onnx op_type Conv in node Conv_0
During handling of the above exception, another exception occurred:
AssertionError: Onnx model contains node with op BatchNormalization, which may not be a linear operation. Updated Settings.WHITELIST if you want to override this.",100.0,67898.0,auto_no_attacks_cpu4,"[""nnenum"",""data/vnncomp2026/cifar100_2024/1.0/onnx/CIFAR100_resnet_large.onnx"",""data/vnncomp2026/cifar100_2024/1.0/vnnlib/CIFAR100_resnet_large_prop_idx_1812_sidx_7967_eps_0.0039.vnnlib"",100.0,""auto_no_attacks_cpu4""]",
cifar100_2024,177,CIFAR100_resnet_large.onnx,CIFAR100_resnet_large_prop_idx_4123_sidx_5371_eps_0.0039.vnnlib,error,,ERROR,0,100.0,,1.1383715718984604,0,1.1383715718984604,0,0,,,not a FALSIFIED row,1,scratch/logs/fse2026/nnenum/cifar100_2024/00177_292ba08d6e608ba148d5_q2wmq16h.log,b18238f123ed6fab051ec94641b78a1ba2e307e7,"{""attack"": ""no adversarial attack implementation in this nnenum version; LP witness extraction retained"", ""cpus"": ""0-3"", ""deviations"": [""CPU affinity 0-3; BLAS/OpenMP=1; CUDA hidden"", ""observation-only hook exports Result.total_secs and cinput; watchdog T+20""], ""official"": ""nnenum CLI auto settings""}","[""CPU affinity 0-3; BLAS/OpenMP=1; CUDA hidden"", ""observation-only hook exports Result.total_secs and cinput; watchdog T+20""]",unsupported_op,"assert False, f""unsupported onnx op_type {op} in node {cur_node.name}""
AssertionError: unsupported onnx op_type Conv in node Conv_0
During handling of the above exception, another exception occurred:
AssertionError: Onnx model contains node with op BatchNormalization, which may not be a linear operation. Updated Settings.WHITELIST if you want to override this.",27.0,67898.0,auto_no_attacks_cpu4,"[""nnenum"",""data/vnncomp2026/cifar100_2024/1.0/onnx/CIFAR100_resnet_large.onnx"",""data/vnncomp2026/cifar100_2024/1.0/vnnlib/CIFAR100_resnet_large_prop_idx_4123_sidx_5371_eps_0.0039.vnnlib"",100.0,""auto_no_attacks_cpu4""]",
cifar100_2024,178,CIFAR100_resnet_large.onnx,CIFAR100_resnet_large_prop_idx_6692_sidx_3605_eps_0.0039.vnnlib,error,,ERROR,0,100.0,,1.1425678879022598,0,1.1425678879022598,0,0,,,not a FALSIFIED row,1,scratch/logs/fse2026/nnenum/cifar100_2024/00178_8639bea004f93368c999_jm7qk1zt.log,b18238f123ed6fab051ec94641b78a1ba2e307e7,"{""attack"": ""no adversarial attack implementation in this nnenum version; LP witness extraction retained"", ""cpus"": ""0-3"", ""deviations"": [""CPU affinity 0-3; BLAS/OpenMP=1; CUDA hidden"", ""observation-only hook exports Result.total_secs and cinput; watchdog T+20""], ""official"": ""nnenum CLI auto settings""}","[""CPU affinity 0-3; BLAS/OpenMP=1; CUDA hidden"", ""observation-only hook exports Result.total_secs and cinput; watchdog T+20""]",unsupported_op,"assert False, f""unsupported onnx op_type {op} in node {cur_node.name}""
AssertionError: unsupported onnx op_type Conv in node Conv_0
During handling of the above exception, another exception occurred:
AssertionError: Onnx model contains node with op BatchNormalization, which may not be a linear operation. Updated Settings.WHITELIST if you want to override this.",98.0,67898.0,auto_no_attacks_cpu4,"[""nnenum"",""data/vnncomp2026/cifar100_2024/1.0/onnx/CIFAR100_resnet_large.onnx"",""data/vnncomp2026/cifar100_2024/1.0/vnnlib/CIFAR100_resnet_large_prop_idx_6692_sidx_3605_eps_0.0039.vnnlib"",100.0,""auto_no_attacks_cpu4""]",
cifar100_2024,179,CIFAR100_resnet_large.onnx,CIFAR100_resnet_large_prop_idx_2002_sidx_7461_eps_0.0039.vnnlib,error,,ERROR,0,100.0,,1.1903847623616457,0,1.1903847623616457,0,0,,,not a FALSIFIED row,1,scratch/logs/fse2026/nnenum/cifar100_2024/00179_0e4f82e605f1c52f456d_si_9ou74.log,b18238f123ed6fab051ec94641b78a1ba2e307e7,"{""attack"": ""no adversarial attack implementation in this nnenum version; LP witness extraction retained"", ""cpus"": ""0-3"", ""deviations"": [""CPU affinity 0-3; BLAS/OpenMP=1; CUDA hidden"", ""observation-only hook exports Result.total_secs and cinput; watchdog T+20""], ""official"": ""nnenum CLI auto settings""}","[""CPU affinity 0-3; BLAS/OpenMP=1; CUDA hidden"", ""observation-only hook exports Result.total_secs and cinput; watchdog T+20""]",unsupported_op,"assert False, f""unsupported onnx op_type {op} in node {cur_node.name}""
AssertionError: unsupported onnx op_type Conv in node Conv_0
During handling of the above exception, another exception occurred:
AssertionError: Onnx model contains node with op BatchNormalization, which may not be a linear operation. Updated Settings.WHITELIST if you want to override this.",98.0,67898.0,auto_no_attacks_cpu4,"[""nnenum"",""data/vnncomp2026/cifar100_2024/1.0/onnx/CIFAR100_resnet_large.onnx"",""data/vnncomp2026/cifar100_2024/1.0/vnnlib/CIFAR100_resnet_large_prop_idx_2002_sidx_7461_eps_0.0039.vnnlib"",100.0,""auto_no_attacks_cpu4""]",
cifar100_2024,180,CIFAR100_resnet_large.onnx,CIFAR100_resnet_large_prop_idx_1990_sidx_3901_eps_0.0039.vnnlib,error,,ERROR,0,100.0,,1.1416743956506252,0,1.1416743956506252,0,0,,,not a FALSIFIED row,1,scratch/logs/fse2026/nnenum/cifar100_2024/00180_d582731d38ca1e328cce_bjpj05iw.log,b18238f123ed6fab051ec94641b78a1ba2e307e7,"{""attack"": ""no adversarial attack implementation in this nnenum version; LP witness extraction retained"", ""cpus"": ""0-3"", ""deviations"": [""CPU affinity 0-3; BLAS/OpenMP=1; CUDA hidden"", ""observation-only hook exports Result.total_secs and cinput; watchdog T+20""], ""official"": ""nnenum CLI auto settings""}","[""CPU affinity 0-3; BLAS/OpenMP=1; CUDA hidden"", ""observation-only hook exports Result.total_secs and cinput; watchdog T+20""]",unsupported_op,"assert False, f""unsupported onnx op_type {op} in node {cur_node.name}""
AssertionError: unsupported onnx op_type Conv in node Conv_0
During handling of the above exception, another exception occurred:
AssertionError: Onnx model contains node with op BatchNormalization, which may not be a linear operation. Updated Settings.WHITELIST if you want to override this.",9.0,67898.0,auto_no_attacks_cpu4,"[""nnenum"",""data/vnncomp2026/cifar100_2024/1.0/onnx/CIFAR100_resnet_large.onnx"",""data/vnncomp2026/cifar100_2024/1.0/vnnlib/CIFAR100_resnet_large_prop_idx_1990_sidx_3901_eps_0.0039.vnnlib"",100.0,""auto_no_attacks_cpu4""]",
cifar100_2024,181,CIFAR100_resnet_large.onnx,CIFAR100_resnet_large_prop_idx_2021_sidx_2048_eps_0.0039.vnnlib,error,,ERROR,0,100.0,,1.1424823589622974,0,1.1424823589622974,0,0,,,not a FALSIFIED row,1,scratch/logs/fse2026/nnenum/cifar100_2024/00181_de4e9b2ab5aafea91a27_j2tidyrb.log,b18238f123ed6fab051ec94641b78a1ba2e307e7,"{""attack"": ""no adversarial attack implementation in this nnenum version; LP witness extraction retained"", ""cpus"": ""0-3"", ""deviations"": [""CPU affinity 0-3; BLAS/OpenMP=1; CUDA hidden"", ""observation-only hook exports Result.total_secs and cinput; watchdog T+20""], ""official"": ""nnenum CLI auto settings""}","[""CPU affinity 0-3; BLAS/OpenMP=1; CUDA hidden"", ""observation-only hook exports Result.total_secs and cinput; watchdog T+20""]",unsupported_op,"assert False, f""unsupported onnx op_type {op} in node {cur_node.name}""
AssertionError: unsupported onnx op_type Conv in node Conv_0
During handling of the above exception, another exception occurred:
AssertionError: Onnx model contains node with op BatchNormalization, which may not be a linear operation. Updated Settings.WHITELIST if you want to override this.",0.0,67898.0,auto_no_attacks_cpu4,"[""nnenum"",""data/vnncomp2026/cifar100_2024/1.0/onnx/CIFAR100_resnet_large.onnx"",""data/vnncomp2026/cifar100_2024/1.0/vnnlib/CIFAR100_resnet_large_prop_idx_2021_sidx_2048_eps_0.0039.vnnlib"",100.0,""auto_no_attacks_cpu4""]",
cifar100_2024,182,CIFAR100_resnet_large.onnx,CIFAR100_resnet_large_prop_idx_8896_sidx_2510_eps_0.0039.vnnlib,error,,ERROR,0,100.0,,1.1382379792630672,0,1.1382379792630672,0,0,,,not a FALSIFIED row,1,scratch/logs/fse2026/nnenum/cifar100_2024/00182_9ea0e6892937e06efcec_j0hg25_b.log,b18238f123ed6fab051ec94641b78a1ba2e307e7,"{""attack"": ""no adversarial attack implementation in this nnenum version; LP witness extraction retained"", ""cpus"": ""0-3"", ""deviations"": [""CPU affinity 0-3; BLAS/OpenMP=1; CUDA hidden"", ""observation-only hook exports Result.total_secs and cinput; watchdog T+20""], ""official"": ""nnenum CLI auto settings""}","[""CPU affinity 0-3; BLAS/OpenMP=1; CUDA hidden"", ""observation-only hook exports Result.total_secs and cinput; watchdog T+20""]",unsupported_op,"assert False, f""unsupported onnx op_type {op} in node {cur_node.name}""
AssertionError: unsupported onnx op_type Conv in node Conv_0
During handling of the above exception, another exception occurred:
AssertionError: Onnx model contains node with op BatchNormalization, which may not be a linear operation. Updated Settings.WHITELIST if you want to override this.",92.0,67898.0,auto_no_attacks_cpu4,"[""nnenum"",""data/vnncomp2026/cifar100_2024/1.0/onnx/CIFAR100_resnet_large.onnx"",""data/vnncomp2026/cifar100_2024/1.0/vnnlib/CIFAR100_resnet_large_prop_idx_8896_sidx_2510_eps_0.0039.vnnlib"",100.0,""auto_no_attacks_cpu4""]",
cifar100_2024,183,CIFAR100_resnet_large.onnx,CIFAR100_resnet_large_prop_idx_9227_sidx_31_eps_0.0039.vnnlib,error,,ERROR,0,100.0,,1.1925475634634495,0,1.1925475634634495,0,0,,,not a FALSIFIED row,1,scratch/logs/fse2026/nnenum/cifar100_2024/00183_16b582bf478d55ec5ea7_b1is97j9.log,b18238f123ed6fab051ec94641b78a1ba2e307e7,"{""attack"": ""no adversarial attack implementation in this nnenum version; LP witness extraction retained"", ""cpus"": ""0-3"", ""deviations"": [""CPU affinity 0-3; BLAS/OpenMP=1; CUDA hidden"", ""observation-only hook exports Result.total_secs and cinput; watchdog T+20""], ""official"": ""nnenum CLI auto settings""}","[""CPU affinity 0-3; BLAS/OpenMP=1; CUDA hidden"", ""observation-only hook exports Result.total_secs and cinput; watchdog T+20""]",unsupported_op,"assert False, f""unsupported onnx op_type {op} in node {cur_node.name}""
AssertionError: unsupported onnx op_type Conv in node Conv_0
During handling of the above exception, another exception occurred:
AssertionError: Onnx model contains node with op BatchNormalization, which may not be a linear operation. Updated Settings.WHITELIST if you want to override this.",100.0,67898.0,auto_no_attacks_cpu4,"[""nnenum"",""data/vnncomp2026/cifar100_2024/1.0/onnx/CIFAR100_resnet_large.onnx"",""data/vnncomp2026/cifar100_2024/1.0/vnnlib/CIFAR100_resnet_large_prop_idx_9227_sidx_31_eps_0.0039.vnnlib"",100.0,""auto_no_attacks_cpu4""]",
cifar100_2024,184,CIFAR100_resnet_large.onnx,CIFAR100_resnet_large_prop_idx_8452_sidx_3448_eps_0.0039.vnnlib,error,,ERROR,0,100.0,,1.247113535180688,0,1.247113535180688,0,0,,,not a FALSIFIED row,1,scratch/logs/fse2026/nnenum/cifar100_2024/00184_b07d7c01c5cc861c7c36__up_uex8.log,b18238f123ed6fab051ec94641b78a1ba2e307e7,"{""attack"": ""no adversarial attack implementation in this nnenum version; LP witness extraction retained"", ""cpus"": ""0-3"", ""deviations"": [""CPU affinity 0-3; BLAS/OpenMP=1; CUDA hidden"", ""observation-only hook exports Result.total_secs and cinput; watchdog T+20""], ""official"": ""nnenum CLI auto settings""}","[""CPU affinity 0-3; BLAS/OpenMP=1; CUDA hidden"", ""observation-only hook exports Result.total_secs and cinput; watchdog T+20""]",unsupported_op,"assert False, f""unsupported onnx op_type {op} in node {cur_node.name}""
AssertionError: unsupported onnx op_type Conv in node Conv_0
During handling of the above exception, another exception occurred:
AssertionError: Onnx model contains node with op BatchNormalization, which may not be a linear operation. Updated Settings.WHITELIST if you want to override this.",87.0,67898.0,auto_no_attacks_cpu4,"[""nnenum"",""data/vnncomp2026/cifar100_2024/1.0/onnx/CIFAR100_resnet_large.onnx"",""data/vnncomp2026/cifar100_2024/1.0/vnnlib/CIFAR100_resnet_large_prop_idx_8452_sidx_3448_eps_0.0039.vnnlib"",100.0,""auto_no_attacks_cpu4""]",
cifar100_2024,185,CIFAR100_resnet_large.onnx,CIFAR100_resnet_large_prop_idx_1397_sidx_345_eps_0.0039.vnnlib,error,,ERROR,0,100.0,,1.1419868860393763,0,1.1419868860393763,0,0,,,not a FALSIFIED row,1,scratch/logs/fse2026/nnenum/cifar100_2024/00185_96984c9ad48ecbf4c50f_rzjge54f.log,b18238f123ed6fab051ec94641b78a1ba2e307e7,"{""attack"": ""no adversarial attack implementation in this nnenum version; LP witness extraction retained"", ""cpus"": ""0-3"", ""deviations"": [""CPU affinity 0-3; BLAS/OpenMP=1; CUDA hidden"", ""observation-only hook exports Result.total_secs and cinput; watchdog T+20""], ""official"": ""nnenum CLI auto settings""}","[""CPU affinity 0-3; BLAS/OpenMP=1; CUDA hidden"", ""observation-only hook exports Result.total_secs and cinput; watchdog T+20""]",unsupported_op,"assert False, f""unsupported onnx op_type {op} in node {cur_node.name}""
AssertionError: unsupported onnx op_type Conv in node Conv_0
During handling of the above exception, another exception occurred:
AssertionError: Onnx model contains node with op BatchNormalization, which may not be a linear operation. Updated Settings.WHITELIST if you want to override this.",99.0,67898.0,auto_no_attacks_cpu4,"[""nnenum"",""data/vnncomp2026/cifar100_2024/1.0/onnx/CIFAR100_resnet_large.onnx"",""data/vnncomp2026/cifar100_2024/1.0/vnnlib/CIFAR100_resnet_large_prop_idx_1397_sidx_345_eps_0.0039.vnnlib"",100.0,""auto_no_attacks_cpu4""]",
cifar100_2024,186,CIFAR100_resnet_large.onnx,CIFAR100_resnet_large_prop_idx_7844_sidx_4140_eps_0.0039.vnnlib,error,,ERROR,0,100.0,,1.1927667949348688,0,1.1927667949348688,0,0,,,not a FALSIFIED row,1,scratch/logs/fse2026/nnenum/cifar100_2024/00186_1074316b1b64b3f34ad0_uwqzn50u.log,b18238f123ed6fab051ec94641b78a1ba2e307e7,"{""attack"": ""no adversarial attack implementation in this nnenum version; LP witness extraction retained"", ""cpus"": ""0-3"", ""deviations"": [""CPU affinity 0-3; BLAS/OpenMP=1; CUDA hidden"", ""observation-only hook exports Result.total_secs and cinput; watchdog T+20""], ""official"": ""nnenum CLI auto settings""}","[""CPU affinity 0-3; BLAS/OpenMP=1; CUDA hidden"", ""observation-only hook exports Result.total_secs and cinput; watchdog T+20""]",unsupported_op,"assert False, f""unsupported onnx op_type {op} in node {cur_node.name}""
AssertionError: unsupported onnx op_type Conv in node Conv_0
During handling of the above exception, another exception occurred:
AssertionError: Onnx model contains node with op BatchNormalization, which may not be a linear operation. Updated Settings.WHITELIST if you want to override this.",11.0,67898.0,auto_no_attacks_cpu4,"[""nnenum"",""data/vnncomp2026/cifar100_2024/1.0/onnx/CIFAR100_resnet_large.onnx"",""data/vnncomp2026/cifar100_2024/1.0/vnnlib/CIFAR100_resnet_large_prop_idx_7844_sidx_4140_eps_0.0039.vnnlib"",100.0,""auto_no_attacks_cpu4""]",
cifar100_2024,187,CIFAR100_resnet_large.onnx,CIFAR100_resnet_large_prop_idx_8359_sidx_9586_eps_0.0039.vnnlib,error,,ERROR,0,100.0,,1.1922477595508099,0,1.1922477595508099,0,0,,,not a FALSIFIED row,1,scratch/logs/fse2026/nnenum/cifar100_2024/00187_0878b1b7da13d4631c5b_fokb5vqb.log,b18238f123ed6fab051ec94641b78a1ba2e307e7,"{""attack"": ""no adversarial attack implementation in this nnenum version; LP witness extraction retained"", ""cpus"": ""0-3"", ""deviations"": [""CPU affinity 0-3; BLAS/OpenMP=1; CUDA hidden"", ""observation-only hook exports Result.total_secs and cinput; watchdog T+20""], ""official"": ""nnenum CLI auto settings""}","[""CPU affinity 0-3; BLAS/OpenMP=1; CUDA hidden"", ""observation-only hook exports Result.total_secs and cinput; watchdog T+20""]",unsupported_op,"assert False, f""unsupported onnx op_type {op} in node {cur_node.name}""
AssertionError: unsupported onnx op_type Conv in node Conv_0
During handling of the above exception, another exception occurred:
AssertionError: Onnx model contains node with op BatchNormalization, which may not be a linear operation. Updated Settings.WHITELIST if you want to override this.",0.0,67898.0,auto_no_attacks_cpu4,"[""nnenum"",""data/vnncomp2026/cifar100_2024/1.0/onnx/CIFAR100_resnet_large.onnx"",""data/vnncomp2026/cifar100_2024/1.0/vnnlib/CIFAR100_resnet_large_prop_idx_8359_sidx_9586_eps_0.0039.vnnlib"",100.0,""auto_no_attacks_cpu4""]",
cifar100_2024,188,CIFAR100_resnet_large.onnx,CIFAR100_resnet_large_prop_idx_5666_sidx_4801_eps_0.0039.vnnlib,error,,ERROR,0,100.0,,1.1390382908284664,0,1.1390382908284664,0,0,,,not a FALSIFIED row,1,scratch/logs/fse2026/nnenum/cifar100_2024/00188_8ef1767896d2b70d3d61_rf1sdz6z.log,b18238f123ed6fab051ec94641b78a1ba2e307e7,"{""attack"": ""no adversarial attack implementation in this nnenum version; LP witness extraction retained"", ""cpus"": ""0-3"", ""deviations"": [""CPU affinity 0-3; BLAS/OpenMP=1; CUDA hidden"", ""observation-only hook exports Result.total_secs and cinput; watchdog T+20""], ""official"": ""nnenum CLI auto settings""}","[""CPU affinity 0-3; BLAS/OpenMP=1; CUDA hidden"", ""observation-only hook exports Result.total_secs and cinput; watchdog T+20""]",unsupported_op,"assert False, f""unsupported onnx op_type {op} in node {cur_node.name}""
AssertionError: unsupported onnx op_type Conv in node Conv_0
During handling of the above exception, another exception occurred:
AssertionError: Onnx model contains node with op BatchNormalization, which may not be a linear operation. Updated Settings.WHITELIST if you want to override this.",1.0,67898.0,auto_no_attacks_cpu4,"[""nnenum"",""data/vnncomp2026/cifar100_2024/1.0/onnx/CIFAR100_resnet_large.onnx"",""data/vnncomp2026/cifar100_2024/1.0/vnnlib/CIFAR100_resnet_large_prop_idx_5666_sidx_4801_eps_0.0039.vnnlib"",100.0,""auto_no_attacks_cpu4""]",
cifar100_2024,189,CIFAR100_resnet_large.onnx,CIFAR100_resnet_large_prop_idx_4650_sidx_4378_eps_0.0039.vnnlib,error,,ERROR,0,100.0,,1.1888297479599714,0,1.1888297479599714,0,0,,,not a FALSIFIED row,1,scratch/logs/fse2026/nnenum/cifar100_2024/00189_899f0c88a53bc763709d__si1wv_y.log,b18238f123ed6fab051ec94641b78a1ba2e307e7,"{""attack"": ""no adversarial attack implementation in this nnenum version; LP witness extraction retained"", ""cpus"": ""0-3"", ""deviations"": [""CPU affinity 0-3; BLAS/OpenMP=1; CUDA hidden"", ""observation-only hook exports Result.total_secs and cinput; watchdog T+20""], ""official"": ""nnenum CLI auto settings""}","[""CPU affinity 0-3; BLAS/OpenMP=1; CUDA hidden"", ""observation-only hook exports Result.total_secs and cinput; watchdog T+20""]",unsupported_op,"assert False, f""unsupported onnx op_type {op} in node {cur_node.name}""
AssertionError: unsupported onnx op_type Conv in node Conv_0
During handling of the above exception, another exception occurred:
AssertionError: Onnx model contains node with op BatchNormalization, which may not be a linear operation. Updated Settings.WHITELIST if you want to override this.",100.0,67898.0,auto_no_attacks_cpu4,"[""nnenum"",""data/vnncomp2026/cifar100_2024/1.0/onnx/CIFAR100_resnet_large.onnx"",""data/vnncomp2026/cifar100_2024/1.0/vnnlib/CIFAR100_resnet_large_prop_idx_4650_sidx_4378_eps_0.0039.vnnlib"",100.0,""auto_no_attacks_cpu4""]",
cifar100_2024,190,CIFAR100_resnet_large.onnx,CIFAR100_resnet_large_prop_idx_2852_sidx_5192_eps_0.0039.vnnlib,error,,ERROR,0,100.0,,1.1388337649405003,0,1.1388337649405003,0,0,,,not a FALSIFIED row,1,scratch/logs/fse2026/nnenum/cifar100_2024/00190_07d53fabf79fc1e8d283_56vc0fdw.log,b18238f123ed6fab051ec94641b78a1ba2e307e7,"{""attack"": ""no adversarial attack implementation in this nnenum version; LP witness extraction retained"", ""cpus"": ""0-3"", ""deviations"": [""CPU affinity 0-3; BLAS/OpenMP=1; CUDA hidden"", ""observation-only hook exports Result.total_secs and cinput; watchdog T+20""], ""official"": ""nnenum CLI auto settings""}","[""CPU affinity 0-3; BLAS/OpenMP=1; CUDA hidden"", ""observation-only hook exports Result.total_secs and cinput; watchdog T+20""]",unsupported_op,"assert False, f""unsupported onnx op_type {op} in node {cur_node.name}""
AssertionError: unsupported onnx op_type Conv in node Conv_0
During handling of the above exception, another exception occurred:
AssertionError: Onnx model contains node with op BatchNormalization, which may not be a linear operation. Updated Settings.WHITELIST if you want to override this.",97.0,67898.0,auto_no_attacks_cpu4,"[""nnenum"",""data/vnncomp2026/cifar100_2024/1.0/onnx/CIFAR100_resnet_large.onnx"",""data/vnncomp2026/cifar100_2024/1.0/vnnlib/CIFAR100_resnet_large_prop_idx_2852_sidx_5192_eps_0.0039.vnnlib"",100.0,""auto_no_attacks_cpu4""]",
cifar100_2024,191,CIFAR100_resnet_large.onnx,CIFAR100_resnet_large_prop_idx_4251_sidx_1755_eps_0.0039.vnnlib,error,,ERROR,0,100.0,,1.1950107906013727,0,1.1950107906013727,0,0,,,not a FALSIFIED row,1,scratch/logs/fse2026/nnenum/cifar100_2024/00191_df2699ee7cd84da5740a_1k39v4i4.log,b18238f123ed6fab051ec94641b78a1ba2e307e7,"{""attack"": ""no adversarial attack implementation in this nnenum version; LP witness extraction retained"", ""cpus"": ""0-3"", ""deviations"": [""CPU affinity 0-3; BLAS/OpenMP=1; CUDA hidden"", ""observation-only hook exports Result.total_secs and cinput; watchdog T+20""], ""official"": ""nnenum CLI auto settings""}","[""CPU affinity 0-3; BLAS/OpenMP=1; CUDA hidden"", ""observation-only hook exports Result.total_secs and cinput; watchdog T+20""]",unsupported_op,"assert False, f""unsupported onnx op_type {op} in node {cur_node.name}""
AssertionError: unsupported onnx op_type Conv in node Conv_0
During handling of the above exception, another exception occurred:
AssertionError: Onnx model contains node with op BatchNormalization, which may not be a linear operation. Updated Settings.WHITELIST if you want to override this.",99.0,67898.0,auto_no_attacks_cpu4,"[""nnenum"",""data/vnncomp2026/cifar100_2024/1.0/onnx/CIFAR100_resnet_large.onnx"",""data/vnncomp2026/cifar100_2024/1.0/vnnlib/CIFAR100_resnet_large_prop_idx_4251_sidx_1755_eps_0.0039.vnnlib"",100.0,""auto_no_attacks_cpu4""]",
cifar100_2024,192,CIFAR100_resnet_large.onnx,CIFAR100_resnet_large_prop_idx_5773_sidx_7310_eps_0.0039.vnnlib,error,,ERROR,0,100.0,,1.193700609728694,0,1.193700609728694,0,0,,,not a FALSIFIED row,1,scratch/logs/fse2026/nnenum/cifar100_2024/00192_a59932b14998dc18fc5a_yvra4ggt.log,b18238f123ed6fab051ec94641b78a1ba2e307e7,"{""attack"": ""no adversarial attack implementation in this nnenum version; LP witness extraction retained"", ""cpus"": ""0-3"", ""deviations"": [""CPU affinity 0-3; BLAS/OpenMP=1; CUDA hidden"", ""observation-only hook exports Result.total_secs and cinput; watchdog T+20""], ""official"": ""nnenum CLI auto settings""}","[""CPU affinity 0-3; BLAS/OpenMP=1; CUDA hidden"", ""observation-only hook exports Result.total_secs and cinput; watchdog T+20""]",unsupported_op,"assert False, f""unsupported onnx op_type {op} in node {cur_node.name}""
AssertionError: unsupported onnx op_type Conv in node Conv_0
During handling of the above exception, another exception occurred:
AssertionError: Onnx model contains node with op BatchNormalization, which may not be a linear operation. Updated Settings.WHITELIST if you want to override this.",99.0,67898.0,auto_no_attacks_cpu4,"[""nnenum"",""data/vnncomp2026/cifar100_2024/1.0/onnx/CIFAR100_resnet_large.onnx"",""data/vnncomp2026/cifar100_2024/1.0/vnnlib/CIFAR100_resnet_large_prop_idx_5773_sidx_7310_eps_0.0039.vnnlib"",100.0,""auto_no_attacks_cpu4""]",
cifar100_2024,193,CIFAR100_resnet_large.onnx,CIFAR100_resnet_large_prop_idx_7291_sidx_1429_eps_0.0039.vnnlib,error,,ERROR,0,100.0,,1.240569842979312,0,1.240569842979312,0,0,,,not a FALSIFIED row,1,scratch/logs/fse2026/nnenum/cifar100_2024/00193_9ef3762153606d7281b2_lqda0moh.log,b18238f123ed6fab051ec94641b78a1ba2e307e7,"{""attack"": ""no adversarial attack implementation in this nnenum version; LP witness extraction retained"", ""cpus"": ""0-3"", ""deviations"": [""CPU affinity 0-3; BLAS/OpenMP=1; CUDA hidden"", ""observation-only hook exports Result.total_secs and cinput; watchdog T+20""], ""official"": ""nnenum CLI auto settings""}","[""CPU affinity 0-3; BLAS/OpenMP=1; CUDA hidden"", ""observation-only hook exports Result.total_secs and cinput; watchdog T+20""]",unsupported_op,"assert False, f""unsupported onnx op_type {op} in node {cur_node.name}""
AssertionError: unsupported onnx op_type Conv in node Conv_0
During handling of the above exception, another exception occurred:
AssertionError: Onnx model contains node with op BatchNormalization, which may not be a linear operation. Updated Settings.WHITELIST if you want to override this.",11.0,67898.0,auto_no_attacks_cpu4,"[""nnenum"",""data/vnncomp2026/cifar100_2024/1.0/onnx/CIFAR100_resnet_large.onnx"",""data/vnncomp2026/cifar100_2024/1.0/vnnlib/CIFAR100_resnet_large_prop_idx_7291_sidx_1429_eps_0.0039.vnnlib"",100.0,""auto_no_attacks_cpu4""]",
cifar100_2024,194,CIFAR100_resnet_large.onnx,CIFAR100_resnet_large_prop_idx_1589_sidx_1914_eps_0.0039.vnnlib,error,,ERROR,0,100.0,,1.192801920697093,0,1.192801920697093,0,0,,,not a FALSIFIED row,1,scratch/logs/fse2026/nnenum/cifar100_2024/00194_f16d7cf3741bcbca03c5_dejp5avk.log,b18238f123ed6fab051ec94641b78a1ba2e307e7,"{""attack"": ""no adversarial attack implementation in this nnenum version; LP witness extraction retained"", ""cpus"": ""0-3"", ""deviations"": [""CPU affinity 0-3; BLAS/OpenMP=1; CUDA hidden"", ""observation-only hook exports Result.total_secs and cinput; watchdog T+20""], ""official"": ""nnenum CLI auto settings""}","[""CPU affinity 0-3; BLAS/OpenMP=1; CUDA hidden"", ""observation-only hook exports Result.total_secs and cinput; watchdog T+20""]",unsupported_op,"assert False, f""unsupported onnx op_type {op} in node {cur_node.name}""
AssertionError: unsupported onnx op_type Conv in node Conv_0
During handling of the above exception, another exception occurred:
AssertionError: Onnx model contains node with op BatchNormalization, which may not be a linear operation. Updated Settings.WHITELIST if you want to override this.",0.0,67898.0,auto_no_attacks_cpu4,"[""nnenum"",""data/vnncomp2026/cifar100_2024/1.0/onnx/CIFAR100_resnet_large.onnx"",""data/vnncomp2026/cifar100_2024/1.0/vnnlib/CIFAR100_resnet_large_prop_idx_1589_sidx_1914_eps_0.0039.vnnlib"",100.0,""auto_no_attacks_cpu4""]",
cifar100_2024,195,CIFAR100_resnet_large.onnx,CIFAR100_resnet_large_prop_idx_7530_sidx_5775_eps_0.0039.vnnlib,error,,ERROR,0,100.0,,1.1405148711055517,0,1.1405148711055517,0,0,,,not a FALSIFIED row,1,scratch/logs/fse2026/nnenum/cifar100_2024/00195_0d1ec4dac04c1cb1b7ac_4wdb9tbi.log,b18238f123ed6fab051ec94641b78a1ba2e307e7,"{""attack"": ""no adversarial attack implementation in this nnenum version; LP witness extraction retained"", ""cpus"": ""0-3"", ""deviations"": [""CPU affinity 0-3; BLAS/OpenMP=1; CUDA hidden"", ""observation-only hook exports Result.total_secs and cinput; watchdog T+20""], ""official"": ""nnenum CLI auto settings""}","[""CPU affinity 0-3; BLAS/OpenMP=1; CUDA hidden"", ""observation-only hook exports Result.total_secs and cinput; watchdog T+20""]",unsupported_op,"assert False, f""unsupported onnx op_type {op} in node {cur_node.name}""
AssertionError: unsupported onnx op_type Conv in node Conv_0
During handling of the above exception, another exception occurred:
AssertionError: Onnx model contains node with op BatchNormalization, which may not be a linear operation. Updated Settings.WHITELIST if you want to override this.",0.0,67898.0,auto_no_attacks_cpu4,"[""nnenum"",""data/vnncomp2026/cifar100_2024/1.0/onnx/CIFAR100_resnet_large.onnx"",""data/vnncomp2026/cifar100_2024/1.0/vnnlib/CIFAR100_resnet_large_prop_idx_7530_sidx_5775_eps_0.0039.vnnlib"",100.0,""auto_no_attacks_cpu4""]",
cifar100_2024,196,CIFAR100_resnet_large.onnx,CIFAR100_resnet_large_prop_idx_2306_sidx_342_eps_0.0039.vnnlib,error,,ERROR,0,100.0,,1.138383211567998,0,1.138383211567998,0,0,,,not a FALSIFIED row,1,scratch/logs/fse2026/nnenum/cifar100_2024/00196_382ce37724b7ff54ad75_jv4gigoy.log,b18238f123ed6fab051ec94641b78a1ba2e307e7,"{""attack"": ""no adversarial attack implementation in this nnenum version; LP witness extraction retained"", ""cpus"": ""0-3"", ""deviations"": [""CPU affinity 0-3; BLAS/OpenMP=1; CUDA hidden"", ""observation-only hook exports Result.total_secs and cinput; watchdog T+20""], ""official"": ""nnenum CLI auto settings""}","[""CPU affinity 0-3; BLAS/OpenMP=1; CUDA hidden"", ""observation-only hook exports Result.total_secs and cinput; watchdog T+20""]",unsupported_op,"assert False, f""unsupported onnx op_type {op} in node {cur_node.name}""
AssertionError: unsupported onnx op_type Conv in node Conv_0
During handling of the above exception, another exception occurred:
AssertionError: Onnx model contains node with op BatchNormalization, which may not be a linear operation. Updated Settings.WHITELIST if you want to override this.",100.0,67898.0,auto_no_attacks_cpu4,"[""nnenum"",""data/vnncomp2026/cifar100_2024/1.0/onnx/CIFAR100_resnet_large.onnx"",""data/vnncomp2026/cifar100_2024/1.0/vnnlib/CIFAR100_resnet_large_prop_idx_2306_sidx_342_eps_0.0039.vnnlib"",100.0,""auto_no_attacks_cpu4""]",
cifar100_2024,197,CIFAR100_resnet_large.onnx,CIFAR100_resnet_large_prop_idx_7008_sidx_3994_eps_0.0039.vnnlib,error,,ERROR,0,100.0,,1.138110175728798,0,1.138110175728798,0,0,,,not a FALSIFIED row,1,scratch/logs/fse2026/nnenum/cifar100_2024/00197_33e88a2b85f92def0c17_z67xd7hg.log,b18238f123ed6fab051ec94641b78a1ba2e307e7,"{""attack"": ""no adversarial attack implementation in this nnenum version; LP witness extraction retained"", ""cpus"": ""0-3"", ""deviations"": [""CPU affinity 0-3; BLAS/OpenMP=1; CUDA hidden"", ""observation-only hook exports Result.total_secs and cinput; watchdog T+20""], ""official"": ""nnenum CLI auto settings""}","[""CPU affinity 0-3; BLAS/OpenMP=1; CUDA hidden"", ""observation-only hook exports Result.total_secs and cinput; watchdog T+20""]",unsupported_op,"assert False, f""unsupported onnx op_type {op} in node {cur_node.name}""
AssertionError: unsupported onnx op_type Conv in node Conv_0
During handling of the above exception, another exception occurred:
AssertionError: Onnx model contains node with op BatchNormalization, which may not be a linear operation. Updated Settings.WHITELIST if you want to override this.",100.0,67898.0,auto_no_attacks_cpu4,"[""nnenum"",""data/vnncomp2026/cifar100_2024/1.0/onnx/CIFAR100_resnet_large.onnx"",""data/vnncomp2026/cifar100_2024/1.0/vnnlib/CIFAR100_resnet_large_prop_idx_7008_sidx_3994_eps_0.0039.vnnlib"",100.0,""auto_no_attacks_cpu4""]",
cifar100_2024,198,CIFAR100_resnet_large.onnx,CIFAR100_resnet_large_prop_idx_6771_sidx_1674_eps_0.0039.vnnlib,error,,ERROR,0,100.0,,1.1387777924537659,0,1.1387777924537659,0,0,,,not a FALSIFIED row,1,scratch/logs/fse2026/nnenum/cifar100_2024/00198_48d49796516888e61ba1_y8xvbfr4.log,b18238f123ed6fab051ec94641b78a1ba2e307e7,"{""attack"": ""no adversarial attack implementation in this nnenum version; LP witness extraction retained"", ""cpus"": ""0-3"", ""deviations"": [""CPU affinity 0-3; BLAS/OpenMP=1; CUDA hidden"", ""observation-only hook exports Result.total_secs and cinput; watchdog T+20""], ""official"": ""nnenum CLI auto settings""}","[""CPU affinity 0-3; BLAS/OpenMP=1; CUDA hidden"", ""observation-only hook exports Result.total_secs and cinput; watchdog T+20""]",unsupported_op,"assert False, f""unsupported onnx op_type {op} in node {cur_node.name}""
AssertionError: unsupported onnx op_type Conv in node Conv_0
During handling of the above exception, another exception occurred:
AssertionError: Onnx model contains node with op BatchNormalization, which may not be a linear operation. Updated Settings.WHITELIST if you want to override this.",86.0,67898.0,auto_no_attacks_cpu4,"[""nnenum"",""data/vnncomp2026/cifar100_2024/1.0/onnx/CIFAR100_resnet_large.onnx"",""data/vnncomp2026/cifar100_2024/1.0/vnnlib/CIFAR100_resnet_large_prop_idx_6771_sidx_1674_eps_0.0039.vnnlib"",100.0,""auto_no_attacks_cpu4""]",
cifar100_2024,199,CIFAR100_resnet_large.onnx,CIFAR100_resnet_large_prop_idx_4848_sidx_7070_eps_0.0039.vnnlib,error,,ERROR,0,100.0,,1.1414214614778757,0,1.1414214614778757,0,0,,,not a FALSIFIED row,1,scratch/logs/fse2026/nnenum/cifar100_2024/00199_2cb56cce757fff71a435_z5ia22_7.log,b18238f123ed6fab051ec94641b78a1ba2e307e7,"{""attack"": ""no adversarial attack implementation in this nnenum version; LP witness extraction retained"", ""cpus"": ""0-3"", ""deviations"": [""CPU affinity 0-3; BLAS/OpenMP=1; CUDA hidden"", ""observation-only hook exports Result.total_secs and cinput; watchdog T+20""], ""official"": ""nnenum CLI auto settings""}","[""CPU affinity 0-3; BLAS/OpenMP=1; CUDA hidden"", ""observation-only hook exports Result.total_secs and cinput; watchdog T+20""]",unsupported_op,"assert False, f""unsupported onnx op_type {op} in node {cur_node.name}""
AssertionError: unsupported onnx op_type Conv in node Conv_0
During handling of the above exception, another exception occurred:
AssertionError: Onnx model contains node with op BatchNormalization, which may not be a linear operation. Updated Settings.WHITELIST if you want to override this.",99.0,67898.0,auto_no_attacks_cpu4,"[""nnenum"",""data/vnncomp2026/cifar100_2024/1.0/onnx/CIFAR100_resnet_large.onnx"",""data/vnncomp2026/cifar100_2024/1.0/vnnlib/CIFAR100_resnet_large_prop_idx_4848_sidx_7070_eps_0.0039.vnnlib"",100.0,""auto_no_attacks_cpu4""]",
