dataset,row,onnx,vnnlib,result,time_sec,status,solved,timeout_s,verification_s,wall_s,prep_s,process_wall_s,over_timeout,witness_n,witness_valid,witness_valid_1e6,witness_note,exit_code,log_path,tool_commit,config,deviations,error_class,error_detail,gpu_util_pct_before,gpu_mem_used_mib_before,variant,key,reused_from_row
cifar100_2024,0,CIFAR100_resnet_medium.onnx,CIFAR100_resnet_medium_prop_idx_4855_sidx_8006_eps_0.0039.vnnlib,timeout,105.01087403297424,TIMEOUT,0,100.0,105.01087403297424,109.36,4.972,114.4601982049644,1,0,,,not a FALSIFIED row,0,scratch/logs/fse2026/abcrown/cifar100_2024/00000_905210a9a120b25df591_dab7q8s5.log,6b8bbcfac1c01da1cabd240a87e4dce1a65f5a2b,"{""attack"": {""attack_off"": true, ""hook_replacements"": {}, ""overrides"": {""attack"": {""enable_mip_attack"": false, ""input_split_check_adv"": {""enabled"": ""false""}, ""pgd_order"": ""skip""}, ""bab"": {""attack"": {""enabled"": false}, ""branching"": {""input_split"": {""update_rhs_with_attack"": false}}}}}, ""biccos_applicable"": true, ""biccos_effective"": false, ""derived_path"": ""scratch/rq1_2026_tmp/baselines/abcrown/cifar100_2024/00000_905210a9a120b25df591_dab7q8s5/config.yaml"", ""deviations"": [""attack-off (user decision D20): all attack/falsification stages disabled, see config.attack.overrides"", ""float32: general.double_fp=false; solver.use_float64_in_last_iteration=false; stable_f32 interpreter""], ""mapping"": ""exact"", ""notes"": [], ""official"": ""exp_configs/vnncomp25/cifar100.yaml"", ""official_biccos"": false, ""official_pgd_order"": ""middle"", ""variant"": ""official""}","[""attack-off (user decision D20): all attack/falsification stages disabled, see config.attack.overrides"", ""float32: general.double_fp=false; solver.use_float64_in_last_iteration=false; stable_f32 interpreter""]",,,11.0,94850.0,official_attack_off_f32,"[""abcrown"",""data/vnncomp2026/cifar100_2024/1.0/onnx/CIFAR100_resnet_medium.onnx"",""data/vnncomp2026/cifar100_2024/1.0/vnnlib/CIFAR100_resnet_medium_prop_idx_4855_sidx_8006_eps_0.0039.vnnlib"",100.0,""official_attack_off_f32""]",
cifar100_2024,1,CIFAR100_resnet_medium.onnx,CIFAR100_resnet_medium_prop_idx_8420_sidx_4285_eps_0.0039.vnnlib,unsat,5.210504531860352,CERTIFIED,1,100.0,5.210504531860352,9.38,5.173,14.675545733422041,0,0,,,not a FALSIFIED row,0,scratch/logs/fse2026/abcrown/cifar100_2024/00001_ed74dfb8c65ce951ef36_2tktse8c.log,6b8bbcfac1c01da1cabd240a87e4dce1a65f5a2b,"{""attack"": {""attack_off"": true, ""hook_replacements"": {}, ""overrides"": {""attack"": {""enable_mip_attack"": false, ""input_split_check_adv"": {""enabled"": ""false""}, ""pgd_order"": ""skip""}, ""bab"": {""attack"": {""enabled"": false}, ""branching"": {""input_split"": {""update_rhs_with_attack"": false}}}}}, ""biccos_applicable"": true, ""biccos_effective"": false, ""derived_path"": ""scratch/rq1_2026_tmp/baselines/abcrown/cifar100_2024/00001_ed74dfb8c65ce951ef36_2tktse8c/config.yaml"", ""deviations"": [""attack-off (user decision D20): all attack/falsification stages disabled, see config.attack.overrides"", ""float32: general.double_fp=false; solver.use_float64_in_last_iteration=false; stable_f32 interpreter""], ""mapping"": ""exact"", ""notes"": [], ""official"": ""exp_configs/vnncomp25/cifar100.yaml"", ""official_biccos"": false, ""official_pgd_order"": ""middle"", ""variant"": ""official""}","[""attack-off (user decision D20): all attack/falsification stages disabled, see config.attack.overrides"", ""float32: general.double_fp=false; solver.use_float64_in_last_iteration=false; stable_f32 interpreter""]",,,0.0,34.0,official_attack_off_f32,"[""abcrown"",""data/vnncomp2026/cifar100_2024/1.0/onnx/CIFAR100_resnet_medium.onnx"",""data/vnncomp2026/cifar100_2024/1.0/vnnlib/CIFAR100_resnet_medium_prop_idx_8420_sidx_4285_eps_0.0039.vnnlib"",100.0,""official_attack_off_f32""]",
cifar100_2024,2,CIFAR100_resnet_medium.onnx,CIFAR100_resnet_medium_prop_idx_2267_sidx_8602_eps_0.0039.vnnlib,timeout,103.18324303627014,TIMEOUT,0,100.0,103.18324303627014,107.629,5.172,112.89742594026029,1,0,,,not a FALSIFIED row,0,scratch/logs/fse2026/abcrown/cifar100_2024/00002_fea524c4c0abf441e21b_nz0pif6y.log,6b8bbcfac1c01da1cabd240a87e4dce1a65f5a2b,"{""attack"": {""attack_off"": true, ""hook_replacements"": {}, ""overrides"": {""attack"": {""enable_mip_attack"": false, ""input_split_check_adv"": {""enabled"": ""false""}, ""pgd_order"": ""skip""}, ""bab"": {""attack"": {""enabled"": false}, ""branching"": {""input_split"": {""update_rhs_with_attack"": false}}}}}, ""biccos_applicable"": true, ""biccos_effective"": false, ""derived_path"": ""scratch/rq1_2026_tmp/baselines/abcrown/cifar100_2024/00002_fea524c4c0abf441e21b_nz0pif6y/config.yaml"", ""deviations"": [""attack-off (user decision D20): all attack/falsification stages disabled, see config.attack.overrides"", ""float32: general.double_fp=false; solver.use_float64_in_last_iteration=false; stable_f32 interpreter""], ""mapping"": ""exact"", ""notes"": [], ""official"": ""exp_configs/vnncomp25/cifar100.yaml"", ""official_biccos"": false, ""official_pgd_order"": ""middle"", ""variant"": ""official""}","[""attack-off (user decision D20): all attack/falsification stages disabled, see config.attack.overrides"", ""float32: general.double_fp=false; solver.use_float64_in_last_iteration=false; stable_f32 interpreter""]",,,0.0,34.0,official_attack_off_f32,"[""abcrown"",""data/vnncomp2026/cifar100_2024/1.0/onnx/CIFAR100_resnet_medium.onnx"",""data/vnncomp2026/cifar100_2024/1.0/vnnlib/CIFAR100_resnet_medium_prop_idx_2267_sidx_8602_eps_0.0039.vnnlib"",100.0,""official_attack_off_f32""]",
cifar100_2024,3,CIFAR100_resnet_medium.onnx,CIFAR100_resnet_medium_prop_idx_5316_sidx_6884_eps_0.0039.vnnlib,unsat,2.027283191680908,CERTIFIED,1,100.0,2.027283191680908,6.425,5.373,11.922175763174891,0,0,,,not a FALSIFIED row,0,scratch/logs/fse2026/abcrown/cifar100_2024/00003_2737ce5938a3289a1a9f_x1nnl9af.log,6b8bbcfac1c01da1cabd240a87e4dce1a65f5a2b,"{""attack"": {""attack_off"": true, ""hook_replacements"": {}, ""overrides"": {""attack"": {""enable_mip_attack"": false, ""input_split_check_adv"": {""enabled"": ""false""}, ""pgd_order"": ""skip""}, ""bab"": {""attack"": {""enabled"": false}, ""branching"": {""input_split"": {""update_rhs_with_attack"": false}}}}}, ""biccos_applicable"": true, ""biccos_effective"": false, ""derived_path"": ""scratch/rq1_2026_tmp/baselines/abcrown/cifar100_2024/00003_2737ce5938a3289a1a9f_x1nnl9af/config.yaml"", ""deviations"": [""attack-off (user decision D20): all attack/falsification stages disabled, see config.attack.overrides"", ""float32: general.double_fp=false; solver.use_float64_in_last_iteration=false; stable_f32 interpreter""], ""mapping"": ""exact"", ""notes"": [], ""official"": ""exp_configs/vnncomp25/cifar100.yaml"", ""official_biccos"": false, ""official_pgd_order"": ""middle"", ""variant"": ""official""}","[""attack-off (user decision D20): all attack/falsification stages disabled, see config.attack.overrides"", ""float32: general.double_fp=false; solver.use_float64_in_last_iteration=false; stable_f32 interpreter""]",,,0.0,34.0,official_attack_off_f32,"[""abcrown"",""data/vnncomp2026/cifar100_2024/1.0/onnx/CIFAR100_resnet_medium.onnx"",""data/vnncomp2026/cifar100_2024/1.0/vnnlib/CIFAR100_resnet_medium_prop_idx_5316_sidx_6884_eps_0.0039.vnnlib"",100.0,""official_attack_off_f32""]",
cifar100_2024,4,CIFAR100_resnet_medium.onnx,CIFAR100_resnet_medium_prop_idx_431_sidx_7821_eps_0.0039.vnnlib,unsat,3.522967576980591,CERTIFIED,1,100.0,3.522967576980591,10.241,5.624,15.992467824369669,0,0,,,not a FALSIFIED row,0,scratch/logs/fse2026/abcrown/cifar100_2024/00004_b5e5543bc1798a028647_o47qbgba.log,6b8bbcfac1c01da1cabd240a87e4dce1a65f5a2b,"{""attack"": {""attack_off"": true, ""hook_replacements"": {}, ""overrides"": {""attack"": {""enable_mip_attack"": false, ""input_split_check_adv"": {""enabled"": ""false""}, ""pgd_order"": ""skip""}, ""bab"": {""attack"": {""enabled"": false}, ""branching"": {""input_split"": {""update_rhs_with_attack"": false}}}}}, ""biccos_applicable"": true, ""biccos_effective"": false, ""derived_path"": ""scratch/rq1_2026_tmp/baselines/abcrown/cifar100_2024/00004_b5e5543bc1798a028647_o47qbgba/config.yaml"", ""deviations"": [""attack-off (user decision D20): all attack/falsification stages disabled, see config.attack.overrides"", ""float32: general.double_fp=false; solver.use_float64_in_last_iteration=false; stable_f32 interpreter""], ""mapping"": ""exact"", ""notes"": [], ""official"": ""exp_configs/vnncomp25/cifar100.yaml"", ""official_biccos"": false, ""official_pgd_order"": ""middle"", ""variant"": ""official""}","[""attack-off (user decision D20): all attack/falsification stages disabled, see config.attack.overrides"", ""float32: general.double_fp=false; solver.use_float64_in_last_iteration=false; stable_f32 interpreter""]",,,0.0,34.0,official_attack_off_f32,"[""abcrown"",""data/vnncomp2026/cifar100_2024/1.0/onnx/CIFAR100_resnet_medium.onnx"",""data/vnncomp2026/cifar100_2024/1.0/vnnlib/CIFAR100_resnet_medium_prop_idx_431_sidx_7821_eps_0.0039.vnnlib"",100.0,""official_attack_off_f32""]",
cifar100_2024,5,CIFAR100_resnet_medium.onnx,CIFAR100_resnet_medium_prop_idx_6919_sidx_325_eps_0.0039.vnnlib,timeout,106.72209358215332,TIMEOUT,0,100.0,106.72209358215332,111.485,5.976,117.57414685189724,1,0,,,not a FALSIFIED row,0,scratch/logs/fse2026/abcrown/cifar100_2024/00005_147201f498e620029d3c_ozqlfa21.log,6b8bbcfac1c01da1cabd240a87e4dce1a65f5a2b,"{""attack"": {""attack_off"": true, ""hook_replacements"": {}, ""overrides"": {""attack"": {""enable_mip_attack"": false, ""input_split_check_adv"": {""enabled"": ""false""}, ""pgd_order"": ""skip""}, ""bab"": {""attack"": {""enabled"": false}, ""branching"": {""input_split"": {""update_rhs_with_attack"": false}}}}}, ""biccos_applicable"": true, ""biccos_effective"": false, ""derived_path"": ""scratch/rq1_2026_tmp/baselines/abcrown/cifar100_2024/00005_147201f498e620029d3c_ozqlfa21/config.yaml"", ""deviations"": [""attack-off (user decision D20): all attack/falsification stages disabled, see config.attack.overrides"", ""float32: general.double_fp=false; solver.use_float64_in_last_iteration=false; stable_f32 interpreter""], ""mapping"": ""exact"", ""notes"": [], ""official"": ""exp_configs/vnncomp25/cifar100.yaml"", ""official_biccos"": false, ""official_pgd_order"": ""middle"", ""variant"": ""official""}","[""attack-off (user decision D20): all attack/falsification stages disabled, see config.attack.overrides"", ""float32: general.double_fp=false; solver.use_float64_in_last_iteration=false; stable_f32 interpreter""]",,,0.0,34.0,official_attack_off_f32,"[""abcrown"",""data/vnncomp2026/cifar100_2024/1.0/onnx/CIFAR100_resnet_medium.onnx"",""data/vnncomp2026/cifar100_2024/1.0/vnnlib/CIFAR100_resnet_medium_prop_idx_6919_sidx_325_eps_0.0039.vnnlib"",100.0,""official_attack_off_f32""]",
cifar100_2024,6,CIFAR100_resnet_medium.onnx,CIFAR100_resnet_medium_prop_idx_2714_sidx_3569_eps_0.0039.vnnlib,unsat,4.491315841674805,CERTIFIED,1,100.0,4.491315841674805,8.83,6.777,15.731442086398602,0,0,,,not a FALSIFIED row,0,scratch/logs/fse2026/abcrown/cifar100_2024/00006_ee7967ae14a0b3fd95f6_a7smmvxb.log,6b8bbcfac1c01da1cabd240a87e4dce1a65f5a2b,"{""attack"": {""attack_off"": true, ""hook_replacements"": {}, ""overrides"": {""attack"": {""enable_mip_attack"": false, ""input_split_check_adv"": {""enabled"": ""false""}, ""pgd_order"": ""skip""}, ""bab"": {""attack"": {""enabled"": false}, ""branching"": {""input_split"": {""update_rhs_with_attack"": false}}}}}, ""biccos_applicable"": true, ""biccos_effective"": false, ""derived_path"": ""scratch/rq1_2026_tmp/baselines/abcrown/cifar100_2024/00006_ee7967ae14a0b3fd95f6_a7smmvxb/config.yaml"", ""deviations"": [""attack-off (user decision D20): all attack/falsification stages disabled, see config.attack.overrides"", ""float32: general.double_fp=false; solver.use_float64_in_last_iteration=false; stable_f32 interpreter""], ""mapping"": ""exact"", ""notes"": [], ""official"": ""exp_configs/vnncomp25/cifar100.yaml"", ""official_biccos"": false, ""official_pgd_order"": ""middle"", ""variant"": ""official""}","[""attack-off (user decision D20): all attack/falsification stages disabled, see config.attack.overrides"", ""float32: general.double_fp=false; solver.use_float64_in_last_iteration=false; stable_f32 interpreter""]",,,0.0,34.0,official_attack_off_f32,"[""abcrown"",""data/vnncomp2026/cifar100_2024/1.0/onnx/CIFAR100_resnet_medium.onnx"",""data/vnncomp2026/cifar100_2024/1.0/vnnlib/CIFAR100_resnet_medium_prop_idx_2714_sidx_3569_eps_0.0039.vnnlib"",100.0,""official_attack_off_f32""]",
cifar100_2024,7,CIFAR100_resnet_medium.onnx,CIFAR100_resnet_medium_prop_idx_7770_sidx_5081_eps_0.0039.vnnlib,timeout,114.05625557899475,TIMEOUT,0,100.0,114.05625557899475,119.497,5.274,124.89390808343887,1,0,,,not a FALSIFIED row,0,scratch/logs/fse2026/abcrown/cifar100_2024/00007_b082c5a694f64e530186_66ms3b43.log,6b8bbcfac1c01da1cabd240a87e4dce1a65f5a2b,"{""attack"": {""attack_off"": true, ""hook_replacements"": {}, ""overrides"": {""attack"": {""enable_mip_attack"": false, ""input_split_check_adv"": {""enabled"": ""false""}, ""pgd_order"": ""skip""}, ""bab"": {""attack"": {""enabled"": false}, ""branching"": {""input_split"": {""update_rhs_with_attack"": false}}}}}, ""biccos_applicable"": true, ""biccos_effective"": false, ""derived_path"": ""scratch/rq1_2026_tmp/baselines/abcrown/cifar100_2024/00007_b082c5a694f64e530186_66ms3b43/config.yaml"", ""deviations"": [""attack-off (user decision D20): all attack/falsification stages disabled, see config.attack.overrides"", ""float32: general.double_fp=false; solver.use_float64_in_last_iteration=false; stable_f32 interpreter""], ""mapping"": ""exact"", ""notes"": [], ""official"": ""exp_configs/vnncomp25/cifar100.yaml"", ""official_biccos"": false, ""official_pgd_order"": ""middle"", ""variant"": ""official""}","[""attack-off (user decision D20): all attack/falsification stages disabled, see config.attack.overrides"", ""float32: general.double_fp=false; solver.use_float64_in_last_iteration=false; stable_f32 interpreter""]",,,0.0,34.0,official_attack_off_f32,"[""abcrown"",""data/vnncomp2026/cifar100_2024/1.0/onnx/CIFAR100_resnet_medium.onnx"",""data/vnncomp2026/cifar100_2024/1.0/vnnlib/CIFAR100_resnet_medium_prop_idx_7770_sidx_5081_eps_0.0039.vnnlib"",100.0,""official_attack_off_f32""]",
cifar100_2024,8,CIFAR100_resnet_medium.onnx,CIFAR100_resnet_medium_prop_idx_7218_sidx_5543_eps_0.0039.vnnlib,timeout,113.58525323867798,TIMEOUT,0,100.0,113.58525323867798,117.678,4.872,122.66193120740354,1,0,,,not a FALSIFIED row,0,scratch/logs/fse2026/abcrown/cifar100_2024/00008_33868a1a251fec054e92_bdbezvbn.log,6b8bbcfac1c01da1cabd240a87e4dce1a65f5a2b,"{""attack"": {""attack_off"": true, ""hook_replacements"": {}, ""overrides"": {""attack"": {""enable_mip_attack"": false, ""input_split_check_adv"": {""enabled"": ""false""}, ""pgd_order"": ""skip""}, ""bab"": {""attack"": {""enabled"": false}, ""branching"": {""input_split"": {""update_rhs_with_attack"": false}}}}}, ""biccos_applicable"": true, ""biccos_effective"": false, ""derived_path"": ""scratch/rq1_2026_tmp/baselines/abcrown/cifar100_2024/00008_33868a1a251fec054e92_bdbezvbn/config.yaml"", ""deviations"": [""attack-off (user decision D20): all attack/falsification stages disabled, see config.attack.overrides"", ""float32: general.double_fp=false; solver.use_float64_in_last_iteration=false; stable_f32 interpreter""], ""mapping"": ""exact"", ""notes"": [], ""official"": ""exp_configs/vnncomp25/cifar100.yaml"", ""official_biccos"": false, ""official_pgd_order"": ""middle"", ""variant"": ""official""}","[""attack-off (user decision D20): all attack/falsification stages disabled, see config.attack.overrides"", ""float32: general.double_fp=false; solver.use_float64_in_last_iteration=false; stable_f32 interpreter""]",,,0.0,11522.0,official_attack_off_f32,"[""abcrown"",""data/vnncomp2026/cifar100_2024/1.0/onnx/CIFAR100_resnet_medium.onnx"",""data/vnncomp2026/cifar100_2024/1.0/vnnlib/CIFAR100_resnet_medium_prop_idx_7218_sidx_5543_eps_0.0039.vnnlib"",100.0,""official_attack_off_f32""]",
cifar100_2024,9,CIFAR100_resnet_medium.onnx,CIFAR100_resnet_medium_prop_idx_2518_sidx_7304_eps_0.0039.vnnlib,timeout,102.0084023475647,TIMEOUT,0,100.0,102.0084023475647,106.107,4.771,110.9894847124815,1,0,,,not a FALSIFIED row,0,scratch/logs/fse2026/abcrown/cifar100_2024/00009_9890fc22bc5fa7af6f4e_4bxzaudh.log,6b8bbcfac1c01da1cabd240a87e4dce1a65f5a2b,"{""attack"": {""attack_off"": true, ""hook_replacements"": {}, ""overrides"": {""attack"": {""enable_mip_attack"": false, ""input_split_check_adv"": {""enabled"": ""false""}, ""pgd_order"": ""skip""}, ""bab"": {""attack"": {""enabled"": false}, ""branching"": {""input_split"": {""update_rhs_with_attack"": false}}}}}, ""biccos_applicable"": true, ""biccos_effective"": false, ""derived_path"": ""scratch/rq1_2026_tmp/baselines/abcrown/cifar100_2024/00009_9890fc22bc5fa7af6f4e_4bxzaudh/config.yaml"", ""deviations"": [""attack-off (user decision D20): all attack/falsification stages disabled, see config.attack.overrides"", ""float32: general.double_fp=false; solver.use_float64_in_last_iteration=false; stable_f32 interpreter""], ""mapping"": ""exact"", ""notes"": [], ""official"": ""exp_configs/vnncomp25/cifar100.yaml"", ""official_biccos"": false, ""official_pgd_order"": ""middle"", ""variant"": ""official""}","[""attack-off (user decision D20): all attack/falsification stages disabled, see config.attack.overrides"", ""float32: general.double_fp=false; solver.use_float64_in_last_iteration=false; stable_f32 interpreter""]",,,0.0,11526.0,official_attack_off_f32,"[""abcrown"",""data/vnncomp2026/cifar100_2024/1.0/onnx/CIFAR100_resnet_medium.onnx"",""data/vnncomp2026/cifar100_2024/1.0/vnnlib/CIFAR100_resnet_medium_prop_idx_2518_sidx_7304_eps_0.0039.vnnlib"",100.0,""official_attack_off_f32""]",
cifar100_2024,10,CIFAR100_resnet_medium.onnx,CIFAR100_resnet_medium_prop_idx_6983_sidx_607_eps_0.0039.vnnlib,unsat,3.558809280395508,CERTIFIED,1,100.0,3.558809280395508,7.429,4.772,12.319910395890474,0,0,,,not a FALSIFIED row,0,scratch/logs/fse2026/abcrown/cifar100_2024/00010_1c661a051a25d5bab86a_ebis5lcx.log,6b8bbcfac1c01da1cabd240a87e4dce1a65f5a2b,"{""attack"": {""attack_off"": true, ""hook_replacements"": {}, ""overrides"": {""attack"": {""enable_mip_attack"": false, ""input_split_check_adv"": {""enabled"": ""false""}, ""pgd_order"": ""skip""}, ""bab"": {""attack"": {""enabled"": false}, ""branching"": {""input_split"": {""update_rhs_with_attack"": false}}}}}, ""biccos_applicable"": true, ""biccos_effective"": false, ""derived_path"": ""scratch/rq1_2026_tmp/baselines/abcrown/cifar100_2024/00010_1c661a051a25d5bab86a_ebis5lcx/config.yaml"", ""deviations"": [""attack-off (user decision D20): all attack/falsification stages disabled, see config.attack.overrides"", ""float32: general.double_fp=false; solver.use_float64_in_last_iteration=false; stable_f32 interpreter""], ""mapping"": ""exact"", ""notes"": [], ""official"": ""exp_configs/vnncomp25/cifar100.yaml"", ""official_biccos"": false, ""official_pgd_order"": ""middle"", ""variant"": ""official""}","[""attack-off (user decision D20): all attack/falsification stages disabled, see config.attack.overrides"", ""float32: general.double_fp=false; solver.use_float64_in_last_iteration=false; stable_f32 interpreter""]",,,0.0,11526.0,official_attack_off_f32,"[""abcrown"",""data/vnncomp2026/cifar100_2024/1.0/onnx/CIFAR100_resnet_medium.onnx"",""data/vnncomp2026/cifar100_2024/1.0/vnnlib/CIFAR100_resnet_medium_prop_idx_6983_sidx_607_eps_0.0039.vnnlib"",100.0,""official_attack_off_f32""]",
cifar100_2024,11,CIFAR100_resnet_medium.onnx,CIFAR100_resnet_medium_prop_idx_7764_sidx_254_eps_0.0039.vnnlib,timeout,104.02498126029968,TIMEOUT,0,100.0,104.02498126029968,108.002,4.822,112.9439455177635,1,0,,,not a FALSIFIED row,0,scratch/logs/fse2026/abcrown/cifar100_2024/00011_3e7f26d41a3359f8dbad__459oiyc.log,6b8bbcfac1c01da1cabd240a87e4dce1a65f5a2b,"{""attack"": {""attack_off"": true, ""hook_replacements"": {}, ""overrides"": {""attack"": {""enable_mip_attack"": false, ""input_split_check_adv"": {""enabled"": ""false""}, ""pgd_order"": ""skip""}, ""bab"": {""attack"": {""enabled"": false}, ""branching"": {""input_split"": {""update_rhs_with_attack"": false}}}}}, ""biccos_applicable"": true, ""biccos_effective"": false, ""derived_path"": ""scratch/rq1_2026_tmp/baselines/abcrown/cifar100_2024/00011_3e7f26d41a3359f8dbad__459oiyc/config.yaml"", ""deviations"": [""attack-off (user decision D20): all attack/falsification stages disabled, see config.attack.overrides"", ""float32: general.double_fp=false; solver.use_float64_in_last_iteration=false; stable_f32 interpreter""], ""mapping"": ""exact"", ""notes"": [], ""official"": ""exp_configs/vnncomp25/cifar100.yaml"", ""official_biccos"": false, ""official_pgd_order"": ""middle"", ""variant"": ""official""}","[""attack-off (user decision D20): all attack/falsification stages disabled, see config.attack.overrides"", ""float32: general.double_fp=false; solver.use_float64_in_last_iteration=false; stable_f32 interpreter""]",,,0.0,11526.0,official_attack_off_f32,"[""abcrown"",""data/vnncomp2026/cifar100_2024/1.0/onnx/CIFAR100_resnet_medium.onnx"",""data/vnncomp2026/cifar100_2024/1.0/vnnlib/CIFAR100_resnet_medium_prop_idx_7764_sidx_254_eps_0.0039.vnnlib"",100.0,""official_attack_off_f32""]",
cifar100_2024,12,CIFAR100_resnet_medium.onnx,CIFAR100_resnet_medium_prop_idx_1728_sidx_3229_eps_0.0039.vnnlib,unsat,3.1222848892211914,CERTIFIED,1,100.0,3.1222848892211914,7.075,4.873,12.068045444786549,0,0,,,not a FALSIFIED row,0,scratch/logs/fse2026/abcrown/cifar100_2024/00012_b53b83eb556f6b766f84_5xtm_9oz.log,6b8bbcfac1c01da1cabd240a87e4dce1a65f5a2b,"{""attack"": {""attack_off"": true, ""hook_replacements"": {}, ""overrides"": {""attack"": {""enable_mip_attack"": false, ""input_split_check_adv"": {""enabled"": ""false""}, ""pgd_order"": ""skip""}, ""bab"": {""attack"": {""enabled"": false}, ""branching"": {""input_split"": {""update_rhs_with_attack"": false}}}}}, ""biccos_applicable"": true, ""biccos_effective"": false, ""derived_path"": ""scratch/rq1_2026_tmp/baselines/abcrown/cifar100_2024/00012_b53b83eb556f6b766f84_5xtm_9oz/config.yaml"", ""deviations"": [""attack-off (user decision D20): all attack/falsification stages disabled, see config.attack.overrides"", ""float32: general.double_fp=false; solver.use_float64_in_last_iteration=false; stable_f32 interpreter""], ""mapping"": ""exact"", ""notes"": [], ""official"": ""exp_configs/vnncomp25/cifar100.yaml"", ""official_biccos"": false, ""official_pgd_order"": ""middle"", ""variant"": ""official""}","[""attack-off (user decision D20): all attack/falsification stages disabled, see config.attack.overrides"", ""float32: general.double_fp=false; solver.use_float64_in_last_iteration=false; stable_f32 interpreter""]",,,0.0,11526.0,official_attack_off_f32,"[""abcrown"",""data/vnncomp2026/cifar100_2024/1.0/onnx/CIFAR100_resnet_medium.onnx"",""data/vnncomp2026/cifar100_2024/1.0/vnnlib/CIFAR100_resnet_medium_prop_idx_1728_sidx_3229_eps_0.0039.vnnlib"",100.0,""official_attack_off_f32""]",
cifar100_2024,13,CIFAR100_resnet_medium.onnx,CIFAR100_resnet_medium_prop_idx_4576_sidx_8179_eps_0.0039.vnnlib,timeout,105.8441948890686,TIMEOUT,0,100.0,105.8441948890686,109.964,4.872,114.96790147572756,1,0,,,not a FALSIFIED row,0,scratch/logs/fse2026/abcrown/cifar100_2024/00013_e5ec61755924d154f84c_ybltylk0.log,6b8bbcfac1c01da1cabd240a87e4dce1a65f5a2b,"{""attack"": {""attack_off"": true, ""hook_replacements"": {}, ""overrides"": {""attack"": {""enable_mip_attack"": false, ""input_split_check_adv"": {""enabled"": ""false""}, ""pgd_order"": ""skip""}, ""bab"": {""attack"": {""enabled"": false}, ""branching"": {""input_split"": {""update_rhs_with_attack"": false}}}}}, ""biccos_applicable"": true, ""biccos_effective"": false, ""derived_path"": ""scratch/rq1_2026_tmp/baselines/abcrown/cifar100_2024/00013_e5ec61755924d154f84c_ybltylk0/config.yaml"", ""deviations"": [""attack-off (user decision D20): all attack/falsification stages disabled, see config.attack.overrides"", ""float32: general.double_fp=false; solver.use_float64_in_last_iteration=false; stable_f32 interpreter""], ""mapping"": ""exact"", ""notes"": [], ""official"": ""exp_configs/vnncomp25/cifar100.yaml"", ""official_biccos"": false, ""official_pgd_order"": ""middle"", ""variant"": ""official""}","[""attack-off (user decision D20): all attack/falsification stages disabled, see config.attack.overrides"", ""float32: general.double_fp=false; solver.use_float64_in_last_iteration=false; stable_f32 interpreter""]",,,0.0,11526.0,official_attack_off_f32,"[""abcrown"",""data/vnncomp2026/cifar100_2024/1.0/onnx/CIFAR100_resnet_medium.onnx"",""data/vnncomp2026/cifar100_2024/1.0/vnnlib/CIFAR100_resnet_medium_prop_idx_4576_sidx_8179_eps_0.0039.vnnlib"",100.0,""official_attack_off_f32""]",
cifar100_2024,14,CIFAR100_resnet_medium.onnx,CIFAR100_resnet_medium_prop_idx_8117_sidx_3647_eps_0.0039.vnnlib,unsat,7.809060096740723,CERTIFIED,1,100.0,7.809060096740723,12.234,5.374,17.730109298601747,0,0,,,not a FALSIFIED row,0,scratch/logs/fse2026/abcrown/cifar100_2024/00014_8bac88594aea8ab0e31a_h_g3wxlh.log,6b8bbcfac1c01da1cabd240a87e4dce1a65f5a2b,"{""attack"": {""attack_off"": true, ""hook_replacements"": {}, ""overrides"": {""attack"": {""enable_mip_attack"": false, ""input_split_check_adv"": {""enabled"": ""false""}, ""pgd_order"": ""skip""}, ""bab"": {""attack"": {""enabled"": false}, ""branching"": {""input_split"": {""update_rhs_with_attack"": false}}}}}, ""biccos_applicable"": true, ""biccos_effective"": false, ""derived_path"": ""scratch/rq1_2026_tmp/baselines/abcrown/cifar100_2024/00014_8bac88594aea8ab0e31a_h_g3wxlh/config.yaml"", ""deviations"": [""attack-off (user decision D20): all attack/falsification stages disabled, see config.attack.overrides"", ""float32: general.double_fp=false; solver.use_float64_in_last_iteration=false; stable_f32 interpreter""], ""mapping"": ""exact"", ""notes"": [], ""official"": ""exp_configs/vnncomp25/cifar100.yaml"", ""official_biccos"": false, ""official_pgd_order"": ""middle"", ""variant"": ""official""}","[""attack-off (user decision D20): all attack/falsification stages disabled, see config.attack.overrides"", ""float32: general.double_fp=false; solver.use_float64_in_last_iteration=false; stable_f32 interpreter""]",,,72.0,22566.0,official_attack_off_f32,"[""abcrown"",""data/vnncomp2026/cifar100_2024/1.0/onnx/CIFAR100_resnet_medium.onnx"",""data/vnncomp2026/cifar100_2024/1.0/vnnlib/CIFAR100_resnet_medium_prop_idx_8117_sidx_3647_eps_0.0039.vnnlib"",100.0,""official_attack_off_f32""]",
cifar100_2024,15,CIFAR100_resnet_medium.onnx,CIFAR100_resnet_medium_prop_idx_1527_sidx_2130_eps_0.0039.vnnlib,timeout,112.04719972610474,TIMEOUT,0,100.0,112.04719972610474,116.361,5.072,121.54952478036284,1,0,,,not a FALSIFIED row,0,scratch/logs/fse2026/abcrown/cifar100_2024/00015_f691f07df6d698820303_a_xwzxf0.log,6b8bbcfac1c01da1cabd240a87e4dce1a65f5a2b,"{""attack"": {""attack_off"": true, ""hook_replacements"": {}, ""overrides"": {""attack"": {""enable_mip_attack"": false, ""input_split_check_adv"": {""enabled"": ""false""}, ""pgd_order"": ""skip""}, ""bab"": {""attack"": {""enabled"": false}, ""branching"": {""input_split"": {""update_rhs_with_attack"": false}}}}}, ""biccos_applicable"": true, ""biccos_effective"": false, ""derived_path"": ""scratch/rq1_2026_tmp/baselines/abcrown/cifar100_2024/00015_f691f07df6d698820303_a_xwzxf0/config.yaml"", ""deviations"": [""attack-off (user decision D20): all attack/falsification stages disabled, see config.attack.overrides"", ""float32: general.double_fp=false; solver.use_float64_in_last_iteration=false; stable_f32 interpreter""], ""mapping"": ""exact"", ""notes"": [], ""official"": ""exp_configs/vnncomp25/cifar100.yaml"", ""official_biccos"": false, ""official_pgd_order"": ""middle"", ""variant"": ""official""}","[""attack-off (user decision D20): all attack/falsification stages disabled, see config.attack.overrides"", ""float32: general.double_fp=false; solver.use_float64_in_last_iteration=false; stable_f32 interpreter""]",,,94.0,25728.0,official_attack_off_f32,"[""abcrown"",""data/vnncomp2026/cifar100_2024/1.0/onnx/CIFAR100_resnet_medium.onnx"",""data/vnncomp2026/cifar100_2024/1.0/vnnlib/CIFAR100_resnet_medium_prop_idx_1527_sidx_2130_eps_0.0039.vnnlib"",100.0,""official_attack_off_f32""]",
cifar100_2024,16,CIFAR100_resnet_medium.onnx,CIFAR100_resnet_medium_prop_idx_9726_sidx_4400_eps_0.0039.vnnlib,timeout,106.36828994750977,TIMEOUT,0,100.0,106.36828994750977,110.404,4.621,115.14189289696515,1,0,,,not a FALSIFIED row,0,scratch/logs/fse2026/abcrown/cifar100_2024/00016_521c0ef6657e3c0bf500_mtlvkckv.log,6b8bbcfac1c01da1cabd240a87e4dce1a65f5a2b,"{""attack"": {""attack_off"": true, ""hook_replacements"": {}, ""overrides"": {""attack"": {""enable_mip_attack"": false, ""input_split_check_adv"": {""enabled"": ""false""}, ""pgd_order"": ""skip""}, ""bab"": {""attack"": {""enabled"": false}, ""branching"": {""input_split"": {""update_rhs_with_attack"": false}}}}}, ""biccos_applicable"": true, ""biccos_effective"": false, ""derived_path"": ""scratch/rq1_2026_tmp/baselines/abcrown/cifar100_2024/00016_521c0ef6657e3c0bf500_mtlvkckv/config.yaml"", ""deviations"": [""attack-off (user decision D20): all attack/falsification stages disabled, see config.attack.overrides"", ""float32: general.double_fp=false; solver.use_float64_in_last_iteration=false; stable_f32 interpreter""], ""mapping"": ""exact"", ""notes"": [], ""official"": ""exp_configs/vnncomp25/cifar100.yaml"", ""official_biccos"": false, ""official_pgd_order"": ""middle"", ""variant"": ""official""}","[""attack-off (user decision D20): all attack/falsification stages disabled, see config.attack.overrides"", ""float32: general.double_fp=false; solver.use_float64_in_last_iteration=false; stable_f32 interpreter""]",,,0.0,11526.0,official_attack_off_f32,"[""abcrown"",""data/vnncomp2026/cifar100_2024/1.0/onnx/CIFAR100_resnet_medium.onnx"",""data/vnncomp2026/cifar100_2024/1.0/vnnlib/CIFAR100_resnet_medium_prop_idx_9726_sidx_4400_eps_0.0039.vnnlib"",100.0,""official_attack_off_f32""]",
cifar100_2024,17,CIFAR100_resnet_medium.onnx,CIFAR100_resnet_medium_prop_idx_1085_sidx_260_eps_0.0039.vnnlib,timeout,114.4235987663269,TIMEOUT,0,100.0,114.4235987663269,118.774,4.972,123.85208224318922,1,0,,,not a FALSIFIED row,0,scratch/logs/fse2026/abcrown/cifar100_2024/00017_9e62e0228474ebaefce6_vz2x5gl6.log,6b8bbcfac1c01da1cabd240a87e4dce1a65f5a2b,"{""attack"": {""attack_off"": true, ""hook_replacements"": {}, ""overrides"": {""attack"": {""enable_mip_attack"": false, ""input_split_check_adv"": {""enabled"": ""false""}, ""pgd_order"": ""skip""}, ""bab"": {""attack"": {""enabled"": false}, ""branching"": {""input_split"": {""update_rhs_with_attack"": false}}}}}, ""biccos_applicable"": true, ""biccos_effective"": false, ""derived_path"": ""scratch/rq1_2026_tmp/baselines/abcrown/cifar100_2024/00017_9e62e0228474ebaefce6_vz2x5gl6/config.yaml"", ""deviations"": [""attack-off (user decision D20): all attack/falsification stages disabled, see config.attack.overrides"", ""float32: general.double_fp=false; solver.use_float64_in_last_iteration=false; stable_f32 interpreter""], ""mapping"": ""exact"", ""notes"": [], ""official"": ""exp_configs/vnncomp25/cifar100.yaml"", ""official_biccos"": false, ""official_pgd_order"": ""middle"", ""variant"": ""official""}","[""attack-off (user decision D20): all attack/falsification stages disabled, see config.attack.overrides"", ""float32: general.double_fp=false; solver.use_float64_in_last_iteration=false; stable_f32 interpreter""]",,,35.0,20156.0,official_attack_off_f32,"[""abcrown"",""data/vnncomp2026/cifar100_2024/1.0/onnx/CIFAR100_resnet_medium.onnx"",""data/vnncomp2026/cifar100_2024/1.0/vnnlib/CIFAR100_resnet_medium_prop_idx_1085_sidx_260_eps_0.0039.vnnlib"",100.0,""official_attack_off_f32""]",
cifar100_2024,18,CIFAR100_resnet_medium.onnx,CIFAR100_resnet_medium_prop_idx_4921_sidx_3617_eps_0.0039.vnnlib,unsat,4.352728605270386,CERTIFIED,1,100.0,4.352728605270386,8.33,4.872,13.327694484964013,0,0,,,not a FALSIFIED row,0,scratch/logs/fse2026/abcrown/cifar100_2024/00018_d71621ff932c3149e035_h0y108ft.log,6b8bbcfac1c01da1cabd240a87e4dce1a65f5a2b,"{""attack"": {""attack_off"": true, ""hook_replacements"": {}, ""overrides"": {""attack"": {""enable_mip_attack"": false, ""input_split_check_adv"": {""enabled"": ""false""}, ""pgd_order"": ""skip""}, ""bab"": {""attack"": {""enabled"": false}, ""branching"": {""input_split"": {""update_rhs_with_attack"": false}}}}}, ""biccos_applicable"": true, ""biccos_effective"": false, ""derived_path"": ""scratch/rq1_2026_tmp/baselines/abcrown/cifar100_2024/00018_d71621ff932c3149e035_h0y108ft/config.yaml"", ""deviations"": [""attack-off (user decision D20): all attack/falsification stages disabled, see config.attack.overrides"", ""float32: general.double_fp=false; solver.use_float64_in_last_iteration=false; stable_f32 interpreter""], ""mapping"": ""exact"", ""notes"": [], ""official"": ""exp_configs/vnncomp25/cifar100.yaml"", ""official_biccos"": false, ""official_pgd_order"": ""middle"", ""variant"": ""official""}","[""attack-off (user decision D20): all attack/falsification stages disabled, see config.attack.overrides"", ""float32: general.double_fp=false; solver.use_float64_in_last_iteration=false; stable_f32 interpreter""]",,,0.0,34.0,official_attack_off_f32,"[""abcrown"",""data/vnncomp2026/cifar100_2024/1.0/onnx/CIFAR100_resnet_medium.onnx"",""data/vnncomp2026/cifar100_2024/1.0/vnnlib/CIFAR100_resnet_medium_prop_idx_4921_sidx_3617_eps_0.0039.vnnlib"",100.0,""official_attack_off_f32""]",
cifar100_2024,19,CIFAR100_resnet_medium.onnx,CIFAR100_resnet_medium_prop_idx_6636_sidx_9774_eps_0.0039.vnnlib,timeout,101.6963517665863,TIMEOUT,0,100.0,101.6963517665863,105.955,5.122,111.17826141230762,1,0,,,not a FALSIFIED row,0,scratch/logs/fse2026/abcrown/cifar100_2024/00019_769e3ccb4b8e419f988c_5jftl4sf.log,6b8bbcfac1c01da1cabd240a87e4dce1a65f5a2b,"{""attack"": {""attack_off"": true, ""hook_replacements"": {}, ""overrides"": {""attack"": {""enable_mip_attack"": false, ""input_split_check_adv"": {""enabled"": ""false""}, ""pgd_order"": ""skip""}, ""bab"": {""attack"": {""enabled"": false}, ""branching"": {""input_split"": {""update_rhs_with_attack"": false}}}}}, ""biccos_applicable"": true, ""biccos_effective"": false, ""derived_path"": ""scratch/rq1_2026_tmp/baselines/abcrown/cifar100_2024/00019_769e3ccb4b8e419f988c_5jftl4sf/config.yaml"", ""deviations"": [""attack-off (user decision D20): all attack/falsification stages disabled, see config.attack.overrides"", ""float32: general.double_fp=false; solver.use_float64_in_last_iteration=false; stable_f32 interpreter""], ""mapping"": ""exact"", ""notes"": [], ""official"": ""exp_configs/vnncomp25/cifar100.yaml"", ""official_biccos"": false, ""official_pgd_order"": ""middle"", ""variant"": ""official""}","[""attack-off (user decision D20): all attack/falsification stages disabled, see config.attack.overrides"", ""float32: general.double_fp=false; solver.use_float64_in_last_iteration=false; stable_f32 interpreter""]",,,83.0,3562.0,official_attack_off_f32,"[""abcrown"",""data/vnncomp2026/cifar100_2024/1.0/onnx/CIFAR100_resnet_medium.onnx"",""data/vnncomp2026/cifar100_2024/1.0/vnnlib/CIFAR100_resnet_medium_prop_idx_6636_sidx_9774_eps_0.0039.vnnlib"",100.0,""official_attack_off_f32""]",
cifar100_2024,20,CIFAR100_resnet_medium.onnx,CIFAR100_resnet_medium_prop_idx_7213_sidx_4604_eps_0.0039.vnnlib,timeout,100.40440130233765,TIMEOUT,0,100.0,100.40440130233765,104.999,5.023,110.16229460574687,1,0,,,not a FALSIFIED row,0,scratch/logs/fse2026/abcrown/cifar100_2024/00020_3694d7f9cdb9c3ff1503_grvp9a1k.log,6b8bbcfac1c01da1cabd240a87e4dce1a65f5a2b,"{""attack"": {""attack_off"": true, ""hook_replacements"": {}, ""overrides"": {""attack"": {""enable_mip_attack"": false, ""input_split_check_adv"": {""enabled"": ""false""}, ""pgd_order"": ""skip""}, ""bab"": {""attack"": {""enabled"": false}, ""branching"": {""input_split"": {""update_rhs_with_attack"": false}}}}}, ""biccos_applicable"": true, ""biccos_effective"": false, ""derived_path"": ""scratch/rq1_2026_tmp/baselines/abcrown/cifar100_2024/00020_3694d7f9cdb9c3ff1503_grvp9a1k/config.yaml"", ""deviations"": [""attack-off (user decision D20): all attack/falsification stages disabled, see config.attack.overrides"", ""float32: general.double_fp=false; solver.use_float64_in_last_iteration=false; stable_f32 interpreter""], ""mapping"": ""exact"", ""notes"": [], ""official"": ""exp_configs/vnncomp25/cifar100.yaml"", ""official_biccos"": false, ""official_pgd_order"": ""middle"", ""variant"": ""official""}","[""attack-off (user decision D20): all attack/falsification stages disabled, see config.attack.overrides"", ""float32: general.double_fp=false; solver.use_float64_in_last_iteration=false; stable_f32 interpreter""]",,,0.0,34.0,official_attack_off_f32,"[""abcrown"",""data/vnncomp2026/cifar100_2024/1.0/onnx/CIFAR100_resnet_medium.onnx"",""data/vnncomp2026/cifar100_2024/1.0/vnnlib/CIFAR100_resnet_medium_prop_idx_7213_sidx_4604_eps_0.0039.vnnlib"",100.0,""official_attack_off_f32""]",
cifar100_2024,21,CIFAR100_resnet_medium.onnx,CIFAR100_resnet_medium_prop_idx_7466_sidx_5057_eps_0.0039.vnnlib,unsat,6.863212585449219,CERTIFIED,1,100.0,6.863212585449219,11.488,12.004,23.60189682804048,0,0,,,not a FALSIFIED row,0,scratch/logs/fse2026/abcrown/cifar100_2024/00021_e620f237bd851a650cb3_x5wqd_at.log,6b8bbcfac1c01da1cabd240a87e4dce1a65f5a2b,"{""attack"": {""attack_off"": true, ""hook_replacements"": {}, ""overrides"": {""attack"": {""enable_mip_attack"": false, ""input_split_check_adv"": {""enabled"": ""false""}, ""pgd_order"": ""skip""}, ""bab"": {""attack"": {""enabled"": false}, ""branching"": {""input_split"": {""update_rhs_with_attack"": false}}}}}, ""biccos_applicable"": true, ""biccos_effective"": false, ""derived_path"": ""scratch/rq1_2026_tmp/baselines/abcrown/cifar100_2024/00021_e620f237bd851a650cb3_x5wqd_at/config.yaml"", ""deviations"": [""attack-off (user decision D20): all attack/falsification stages disabled, see config.attack.overrides"", ""float32: general.double_fp=false; solver.use_float64_in_last_iteration=false; stable_f32 interpreter""], ""mapping"": ""exact"", ""notes"": [], ""official"": ""exp_configs/vnncomp25/cifar100.yaml"", ""official_biccos"": false, ""official_pgd_order"": ""middle"", ""variant"": ""official""}","[""attack-off (user decision D20): all attack/falsification stages disabled, see config.attack.overrides"", ""float32: general.double_fp=false; solver.use_float64_in_last_iteration=false; stable_f32 interpreter""]",,,0.0,34.0,official_attack_off_f32,"[""abcrown"",""data/vnncomp2026/cifar100_2024/1.0/onnx/CIFAR100_resnet_medium.onnx"",""data/vnncomp2026/cifar100_2024/1.0/vnnlib/CIFAR100_resnet_medium_prop_idx_7466_sidx_5057_eps_0.0039.vnnlib"",100.0,""official_attack_off_f32""]",
cifar100_2024,22,CIFAR100_resnet_medium.onnx,CIFAR100_resnet_medium_prop_idx_1139_sidx_7939_eps_0.0039.vnnlib,unsat,3.842101812362671,CERTIFIED,1,100.0,3.842101812362671,18.399,5.122,23.632276885211468,0,0,,,not a FALSIFIED row,0,scratch/logs/fse2026/abcrown/cifar100_2024/00022_4da4bfc9e1625d4aeb70_957jv4qb.log,6b8bbcfac1c01da1cabd240a87e4dce1a65f5a2b,"{""attack"": {""attack_off"": true, ""hook_replacements"": {}, ""overrides"": {""attack"": {""enable_mip_attack"": false, ""input_split_check_adv"": {""enabled"": ""false""}, ""pgd_order"": ""skip""}, ""bab"": {""attack"": {""enabled"": false}, ""branching"": {""input_split"": {""update_rhs_with_attack"": false}}}}}, ""biccos_applicable"": true, ""biccos_effective"": false, ""derived_path"": ""scratch/rq1_2026_tmp/baselines/abcrown/cifar100_2024/00022_4da4bfc9e1625d4aeb70_957jv4qb/config.yaml"", ""deviations"": [""attack-off (user decision D20): all attack/falsification stages disabled, see config.attack.overrides"", ""float32: general.double_fp=false; solver.use_float64_in_last_iteration=false; stable_f32 interpreter""], ""mapping"": ""exact"", ""notes"": [], ""official"": ""exp_configs/vnncomp25/cifar100.yaml"", ""official_biccos"": false, ""official_pgd_order"": ""middle"", ""variant"": ""official""}","[""attack-off (user decision D20): all attack/falsification stages disabled, see config.attack.overrides"", ""float32: general.double_fp=false; solver.use_float64_in_last_iteration=false; stable_f32 interpreter""]",,,86.0,20082.0,official_attack_off_f32,"[""abcrown"",""data/vnncomp2026/cifar100_2024/1.0/onnx/CIFAR100_resnet_medium.onnx"",""data/vnncomp2026/cifar100_2024/1.0/vnnlib/CIFAR100_resnet_medium_prop_idx_1139_sidx_7939_eps_0.0039.vnnlib"",100.0,""official_attack_off_f32""]",
cifar100_2024,23,CIFAR100_resnet_medium.onnx,CIFAR100_resnet_medium_prop_idx_4644_sidx_2110_eps_0.0039.vnnlib,unsat,3.6075754165649414,CERTIFIED,1,100.0,3.6075754165649414,7.58,6.228,13.918024206534028,0,0,,,not a FALSIFIED row,0,scratch/logs/fse2026/abcrown/cifar100_2024/00023_c38ccee4e38d49320f20_py16hawu.log,6b8bbcfac1c01da1cabd240a87e4dce1a65f5a2b,"{""attack"": {""attack_off"": true, ""hook_replacements"": {}, ""overrides"": {""attack"": {""enable_mip_attack"": false, ""input_split_check_adv"": {""enabled"": ""false""}, ""pgd_order"": ""skip""}, ""bab"": {""attack"": {""enabled"": false}, ""branching"": {""input_split"": {""update_rhs_with_attack"": false}}}}}, ""biccos_applicable"": true, ""biccos_effective"": false, ""derived_path"": ""scratch/rq1_2026_tmp/baselines/abcrown/cifar100_2024/00023_c38ccee4e38d49320f20_py16hawu/config.yaml"", ""deviations"": [""attack-off (user decision D20): all attack/falsification stages disabled, see config.attack.overrides"", ""float32: general.double_fp=false; solver.use_float64_in_last_iteration=false; stable_f32 interpreter""], ""mapping"": ""exact"", ""notes"": [], ""official"": ""exp_configs/vnncomp25/cifar100.yaml"", ""official_biccos"": false, ""official_pgd_order"": ""middle"", ""variant"": ""official""}","[""attack-off (user decision D20): all attack/falsification stages disabled, see config.attack.overrides"", ""float32: general.double_fp=false; solver.use_float64_in_last_iteration=false; stable_f32 interpreter""]",,,37.0,20146.0,official_attack_off_f32,"[""abcrown"",""data/vnncomp2026/cifar100_2024/1.0/onnx/CIFAR100_resnet_medium.onnx"",""data/vnncomp2026/cifar100_2024/1.0/vnnlib/CIFAR100_resnet_medium_prop_idx_4644_sidx_2110_eps_0.0039.vnnlib"",100.0,""official_attack_off_f32""]",
cifar100_2024,24,CIFAR100_resnet_medium.onnx,CIFAR100_resnet_medium_prop_idx_3905_sidx_6786_eps_0.0039.vnnlib,timeout,101.67493343353271,TIMEOUT,0,100.0,101.67493343353271,105.799,4.922,110.83175452426076,1,0,,,not a FALSIFIED row,0,scratch/logs/fse2026/abcrown/cifar100_2024/00024_2253b7b6527f744370fd_rzcncg26.log,6b8bbcfac1c01da1cabd240a87e4dce1a65f5a2b,"{""attack"": {""attack_off"": true, ""hook_replacements"": {}, ""overrides"": {""attack"": {""enable_mip_attack"": false, ""input_split_check_adv"": {""enabled"": ""false""}, ""pgd_order"": ""skip""}, ""bab"": {""attack"": {""enabled"": false}, ""branching"": {""input_split"": {""update_rhs_with_attack"": false}}}}}, ""biccos_applicable"": true, ""biccos_effective"": false, ""derived_path"": ""scratch/rq1_2026_tmp/baselines/abcrown/cifar100_2024/00024_2253b7b6527f744370fd_rzcncg26/config.yaml"", ""deviations"": [""attack-off (user decision D20): all attack/falsification stages disabled, see config.attack.overrides"", ""float32: general.double_fp=false; solver.use_float64_in_last_iteration=false; stable_f32 interpreter""], ""mapping"": ""exact"", ""notes"": [], ""official"": ""exp_configs/vnncomp25/cifar100.yaml"", ""official_biccos"": false, ""official_pgd_order"": ""middle"", ""variant"": ""official""}","[""attack-off (user decision D20): all attack/falsification stages disabled, see config.attack.overrides"", ""float32: general.double_fp=false; solver.use_float64_in_last_iteration=false; stable_f32 interpreter""]",,,26.0,20146.0,official_attack_off_f32,"[""abcrown"",""data/vnncomp2026/cifar100_2024/1.0/onnx/CIFAR100_resnet_medium.onnx"",""data/vnncomp2026/cifar100_2024/1.0/vnnlib/CIFAR100_resnet_medium_prop_idx_3905_sidx_6786_eps_0.0039.vnnlib"",100.0,""official_attack_off_f32""]",
cifar100_2024,25,CIFAR100_resnet_medium.onnx,CIFAR100_resnet_medium_prop_idx_2409_sidx_9513_eps_0.0039.vnnlib,timeout,110.41553497314453,TIMEOUT,0,100.0,110.41553497314453,114.82,5.174,120.11352249607444,1,0,,,not a FALSIFIED row,0,scratch/logs/fse2026/abcrown/cifar100_2024/00025_90320cd4160a0a0ccbcb_2w__fd5y.log,6b8bbcfac1c01da1cabd240a87e4dce1a65f5a2b,"{""attack"": {""attack_off"": true, ""hook_replacements"": {}, ""overrides"": {""attack"": {""enable_mip_attack"": false, ""input_split_check_adv"": {""enabled"": ""false""}, ""pgd_order"": ""skip""}, ""bab"": {""attack"": {""enabled"": false}, ""branching"": {""input_split"": {""update_rhs_with_attack"": false}}}}}, ""biccos_applicable"": true, ""biccos_effective"": false, ""derived_path"": ""scratch/rq1_2026_tmp/baselines/abcrown/cifar100_2024/00025_90320cd4160a0a0ccbcb_2w__fd5y/config.yaml"", ""deviations"": [""attack-off (user decision D20): all attack/falsification stages disabled, see config.attack.overrides"", ""float32: general.double_fp=false; solver.use_float64_in_last_iteration=false; stable_f32 interpreter""], ""mapping"": ""exact"", ""notes"": [], ""official"": ""exp_configs/vnncomp25/cifar100.yaml"", ""official_biccos"": false, ""official_pgd_order"": ""middle"", ""variant"": ""official""}","[""attack-off (user decision D20): all attack/falsification stages disabled, see config.attack.overrides"", ""float32: general.double_fp=false; solver.use_float64_in_last_iteration=false; stable_f32 interpreter""]",,,71.0,17204.0,official_attack_off_f32,"[""abcrown"",""data/vnncomp2026/cifar100_2024/1.0/onnx/CIFAR100_resnet_medium.onnx"",""data/vnncomp2026/cifar100_2024/1.0/vnnlib/CIFAR100_resnet_medium_prop_idx_2409_sidx_9513_eps_0.0039.vnnlib"",100.0,""official_attack_off_f32""]",
cifar100_2024,26,CIFAR100_resnet_medium.onnx,CIFAR100_resnet_medium_prop_idx_8183_sidx_8618_eps_0.0039.vnnlib,unsat,7.084852933883667,CERTIFIED,1,100.0,7.084852933883667,11.584,5.022,16.731121689081192,0,0,,,not a FALSIFIED row,0,scratch/logs/fse2026/abcrown/cifar100_2024/00026_ffb019630c933641a7b9_2gwkcjpp.log,6b8bbcfac1c01da1cabd240a87e4dce1a65f5a2b,"{""attack"": {""attack_off"": true, ""hook_replacements"": {}, ""overrides"": {""attack"": {""enable_mip_attack"": false, ""input_split_check_adv"": {""enabled"": ""false""}, ""pgd_order"": ""skip""}, ""bab"": {""attack"": {""enabled"": false}, ""branching"": {""input_split"": {""update_rhs_with_attack"": false}}}}}, ""biccos_applicable"": true, ""biccos_effective"": false, ""derived_path"": ""scratch/rq1_2026_tmp/baselines/abcrown/cifar100_2024/00026_ffb019630c933641a7b9_2gwkcjpp/config.yaml"", ""deviations"": [""attack-off (user decision D20): all attack/falsification stages disabled, see config.attack.overrides"", ""float32: general.double_fp=false; solver.use_float64_in_last_iteration=false; stable_f32 interpreter""], ""mapping"": ""exact"", ""notes"": [], ""official"": ""exp_configs/vnncomp25/cifar100.yaml"", ""official_biccos"": false, ""official_pgd_order"": ""middle"", ""variant"": ""official""}","[""attack-off (user decision D20): all attack/falsification stages disabled, see config.attack.overrides"", ""float32: general.double_fp=false; solver.use_float64_in_last_iteration=false; stable_f32 interpreter""]",,,0.0,11526.0,official_attack_off_f32,"[""abcrown"",""data/vnncomp2026/cifar100_2024/1.0/onnx/CIFAR100_resnet_medium.onnx"",""data/vnncomp2026/cifar100_2024/1.0/vnnlib/CIFAR100_resnet_medium_prop_idx_8183_sidx_8618_eps_0.0039.vnnlib"",100.0,""official_attack_off_f32""]",
cifar100_2024,27,CIFAR100_resnet_medium.onnx,CIFAR100_resnet_medium_prop_idx_4829_sidx_7269_eps_0.0039.vnnlib,unsat,3.666898727416992,CERTIFIED,1,100.0,3.666898727416992,7.728,5.273,13.123853800818324,0,0,,,not a FALSIFIED row,0,scratch/logs/fse2026/abcrown/cifar100_2024/00027_697e0d2c46aa4955c989_lsr3zo4p.log,6b8bbcfac1c01da1cabd240a87e4dce1a65f5a2b,"{""attack"": {""attack_off"": true, ""hook_replacements"": {}, ""overrides"": {""attack"": {""enable_mip_attack"": false, ""input_split_check_adv"": {""enabled"": ""false""}, ""pgd_order"": ""skip""}, ""bab"": {""attack"": {""enabled"": false}, ""branching"": {""input_split"": {""update_rhs_with_attack"": false}}}}}, ""biccos_applicable"": true, ""biccos_effective"": false, ""derived_path"": ""scratch/rq1_2026_tmp/baselines/abcrown/cifar100_2024/00027_697e0d2c46aa4955c989_lsr3zo4p/config.yaml"", ""deviations"": [""attack-off (user decision D20): all attack/falsification stages disabled, see config.attack.overrides"", ""float32: general.double_fp=false; solver.use_float64_in_last_iteration=false; stable_f32 interpreter""], ""mapping"": ""exact"", ""notes"": [], ""official"": ""exp_configs/vnncomp25/cifar100.yaml"", ""official_biccos"": false, ""official_pgd_order"": ""middle"", ""variant"": ""official""}","[""attack-off (user decision D20): all attack/falsification stages disabled, see config.attack.overrides"", ""float32: general.double_fp=false; solver.use_float64_in_last_iteration=false; stable_f32 interpreter""]",,,87.0,31576.0,official_attack_off_f32,"[""abcrown"",""data/vnncomp2026/cifar100_2024/1.0/onnx/CIFAR100_resnet_medium.onnx"",""data/vnncomp2026/cifar100_2024/1.0/vnnlib/CIFAR100_resnet_medium_prop_idx_4829_sidx_7269_eps_0.0039.vnnlib"",100.0,""official_attack_off_f32""]",
cifar100_2024,28,CIFAR100_resnet_medium.onnx,CIFAR100_resnet_medium_prop_idx_7089_sidx_5353_eps_0.0039.vnnlib,unsat,2.0970141887664795,CERTIFIED,1,100.0,2.0970141887664795,6.175,5.173,11.462094256654382,0,0,,,not a FALSIFIED row,0,scratch/logs/fse2026/abcrown/cifar100_2024/00028_a0a79961321ef0cb05ce_6q1qgn8u.log,6b8bbcfac1c01da1cabd240a87e4dce1a65f5a2b,"{""attack"": {""attack_off"": true, ""hook_replacements"": {}, ""overrides"": {""attack"": {""enable_mip_attack"": false, ""input_split_check_adv"": {""enabled"": ""false""}, ""pgd_order"": ""skip""}, ""bab"": {""attack"": {""enabled"": false}, ""branching"": {""input_split"": {""update_rhs_with_attack"": false}}}}}, ""biccos_applicable"": true, ""biccos_effective"": false, ""derived_path"": ""scratch/rq1_2026_tmp/baselines/abcrown/cifar100_2024/00028_a0a79961321ef0cb05ce_6q1qgn8u/config.yaml"", ""deviations"": [""attack-off (user decision D20): all attack/falsification stages disabled, see config.attack.overrides"", ""float32: general.double_fp=false; solver.use_float64_in_last_iteration=false; stable_f32 interpreter""], ""mapping"": ""exact"", ""notes"": [], ""official"": ""exp_configs/vnncomp25/cifar100.yaml"", ""official_biccos"": false, ""official_pgd_order"": ""middle"", ""variant"": ""official""}","[""attack-off (user decision D20): all attack/falsification stages disabled, see config.attack.overrides"", ""float32: general.double_fp=false; solver.use_float64_in_last_iteration=false; stable_f32 interpreter""]",,,35.0,31658.0,official_attack_off_f32,"[""abcrown"",""data/vnncomp2026/cifar100_2024/1.0/onnx/CIFAR100_resnet_medium.onnx"",""data/vnncomp2026/cifar100_2024/1.0/vnnlib/CIFAR100_resnet_medium_prop_idx_7089_sidx_5353_eps_0.0039.vnnlib"",100.0,""official_attack_off_f32""]",
cifar100_2024,29,CIFAR100_resnet_medium.onnx,CIFAR100_resnet_medium_prop_idx_702_sidx_1022_eps_0.0039.vnnlib,timeout,107.50938701629639,TIMEOUT,0,100.0,107.50938701629639,111.765,5.073,116.96051177196205,1,0,,,not a FALSIFIED row,0,scratch/logs/fse2026/abcrown/cifar100_2024/00029_b6f011971ddaac61af16_yjss0s9o.log,6b8bbcfac1c01da1cabd240a87e4dce1a65f5a2b,"{""attack"": {""attack_off"": true, ""hook_replacements"": {}, ""overrides"": {""attack"": {""enable_mip_attack"": false, ""input_split_check_adv"": {""enabled"": ""false""}, ""pgd_order"": ""skip""}, ""bab"": {""attack"": {""enabled"": false}, ""branching"": {""input_split"": {""update_rhs_with_attack"": false}}}}}, ""biccos_applicable"": true, ""biccos_effective"": false, ""derived_path"": ""scratch/rq1_2026_tmp/baselines/abcrown/cifar100_2024/00029_b6f011971ddaac61af16_yjss0s9o/config.yaml"", ""deviations"": [""attack-off (user decision D20): all attack/falsification stages disabled, see config.attack.overrides"", ""float32: general.double_fp=false; solver.use_float64_in_last_iteration=false; stable_f32 interpreter""], ""mapping"": ""exact"", ""notes"": [], ""official"": ""exp_configs/vnncomp25/cifar100.yaml"", ""official_biccos"": false, ""official_pgd_order"": ""middle"", ""variant"": ""official""}","[""attack-off (user decision D20): all attack/falsification stages disabled, see config.attack.overrides"", ""float32: general.double_fp=false; solver.use_float64_in_last_iteration=false; stable_f32 interpreter""]",,,33.0,31658.0,official_attack_off_f32,"[""abcrown"",""data/vnncomp2026/cifar100_2024/1.0/onnx/CIFAR100_resnet_medium.onnx"",""data/vnncomp2026/cifar100_2024/1.0/vnnlib/CIFAR100_resnet_medium_prop_idx_702_sidx_1022_eps_0.0039.vnnlib"",100.0,""official_attack_off_f32""]",
cifar100_2024,30,CIFAR100_resnet_medium.onnx,CIFAR100_resnet_medium_prop_idx_4256_sidx_94_eps_0.0039.vnnlib,timeout,102.65708088874817,TIMEOUT,0,100.0,102.65708088874817,107.065,5.272,112.44533289410174,1,0,,,not a FALSIFIED row,0,scratch/logs/fse2026/abcrown/cifar100_2024/00030_7d1f764668d6441551a1_drjbk8dj.log,6b8bbcfac1c01da1cabd240a87e4dce1a65f5a2b,"{""attack"": {""attack_off"": true, ""hook_replacements"": {}, ""overrides"": {""attack"": {""enable_mip_attack"": false, ""input_split_check_adv"": {""enabled"": ""false""}, ""pgd_order"": ""skip""}, ""bab"": {""attack"": {""enabled"": false}, ""branching"": {""input_split"": {""update_rhs_with_attack"": false}}}}}, ""biccos_applicable"": true, ""biccos_effective"": false, ""derived_path"": ""scratch/rq1_2026_tmp/baselines/abcrown/cifar100_2024/00030_7d1f764668d6441551a1_drjbk8dj/config.yaml"", ""deviations"": [""attack-off (user decision D20): all attack/falsification stages disabled, see config.attack.overrides"", ""float32: general.double_fp=false; solver.use_float64_in_last_iteration=false; stable_f32 interpreter""], ""mapping"": ""exact"", ""notes"": [], ""official"": ""exp_configs/vnncomp25/cifar100.yaml"", ""official_biccos"": false, ""official_pgd_order"": ""middle"", ""variant"": ""official""}","[""attack-off (user decision D20): all attack/falsification stages disabled, see config.attack.overrides"", ""float32: general.double_fp=false; solver.use_float64_in_last_iteration=false; stable_f32 interpreter""]",,,86.0,34884.0,official_attack_off_f32,"[""abcrown"",""data/vnncomp2026/cifar100_2024/1.0/onnx/CIFAR100_resnet_medium.onnx"",""data/vnncomp2026/cifar100_2024/1.0/vnnlib/CIFAR100_resnet_medium_prop_idx_4256_sidx_94_eps_0.0039.vnnlib"",100.0,""official_attack_off_f32""]",
cifar100_2024,31,CIFAR100_resnet_medium.onnx,CIFAR100_resnet_medium_prop_idx_8114_sidx_3076_eps_0.0039.vnnlib,unsat,8.320906400680542,CERTIFIED,1,100.0,8.320906400680542,12.592,5.124,17.83400192670524,0,0,,,not a FALSIFIED row,0,scratch/logs/fse2026/abcrown/cifar100_2024/00031_cbd4a03e6fb17fa3c93f_ta3szxal.log,6b8bbcfac1c01da1cabd240a87e4dce1a65f5a2b,"{""attack"": {""attack_off"": true, ""hook_replacements"": {}, ""overrides"": {""attack"": {""enable_mip_attack"": false, ""input_split_check_adv"": {""enabled"": ""false""}, ""pgd_order"": ""skip""}, ""bab"": {""attack"": {""enabled"": false}, ""branching"": {""input_split"": {""update_rhs_with_attack"": false}}}}}, ""biccos_applicable"": true, ""biccos_effective"": false, ""derived_path"": ""scratch/rq1_2026_tmp/baselines/abcrown/cifar100_2024/00031_cbd4a03e6fb17fa3c93f_ta3szxal/config.yaml"", ""deviations"": [""attack-off (user decision D20): all attack/falsification stages disabled, see config.attack.overrides"", ""float32: general.double_fp=false; solver.use_float64_in_last_iteration=false; stable_f32 interpreter""], ""mapping"": ""exact"", ""notes"": [], ""official"": ""exp_configs/vnncomp25/cifar100.yaml"", ""official_biccos"": false, ""official_pgd_order"": ""middle"", ""variant"": ""official""}","[""attack-off (user decision D20): all attack/falsification stages disabled, see config.attack.overrides"", ""float32: general.double_fp=false; solver.use_float64_in_last_iteration=false; stable_f32 interpreter""]",,,0.0,11526.0,official_attack_off_f32,"[""abcrown"",""data/vnncomp2026/cifar100_2024/1.0/onnx/CIFAR100_resnet_medium.onnx"",""data/vnncomp2026/cifar100_2024/1.0/vnnlib/CIFAR100_resnet_medium_prop_idx_8114_sidx_3076_eps_0.0039.vnnlib"",100.0,""official_attack_off_f32""]",
cifar100_2024,32,CIFAR100_resnet_medium.onnx,CIFAR100_resnet_medium_prop_idx_8279_sidx_1266_eps_0.0039.vnnlib,timeout,107.39532375335693,TIMEOUT,0,100.0,107.39532375335693,111.564,5.072,116.75118783302605,1,0,,,not a FALSIFIED row,0,scratch/logs/fse2026/abcrown/cifar100_2024/00032_03d8dd6a7a6fc931ceac_qcyfzn6i.log,6b8bbcfac1c01da1cabd240a87e4dce1a65f5a2b,"{""attack"": {""attack_off"": true, ""hook_replacements"": {}, ""overrides"": {""attack"": {""enable_mip_attack"": false, ""input_split_check_adv"": {""enabled"": ""false""}, ""pgd_order"": ""skip""}, ""bab"": {""attack"": {""enabled"": false}, ""branching"": {""input_split"": {""update_rhs_with_attack"": false}}}}}, ""biccos_applicable"": true, ""biccos_effective"": false, ""derived_path"": ""scratch/rq1_2026_tmp/baselines/abcrown/cifar100_2024/00032_03d8dd6a7a6fc931ceac_qcyfzn6i/config.yaml"", ""deviations"": [""attack-off (user decision D20): all attack/falsification stages disabled, see config.attack.overrides"", ""float32: general.double_fp=false; solver.use_float64_in_last_iteration=false; stable_f32 interpreter""], ""mapping"": ""exact"", ""notes"": [], ""official"": ""exp_configs/vnncomp25/cifar100.yaml"", ""official_biccos"": false, ""official_pgd_order"": ""middle"", ""variant"": ""official""}","[""attack-off (user decision D20): all attack/falsification stages disabled, see config.attack.overrides"", ""float32: general.double_fp=false; solver.use_float64_in_last_iteration=false; stable_f32 interpreter""]",,,97.0,31576.0,official_attack_off_f32,"[""abcrown"",""data/vnncomp2026/cifar100_2024/1.0/onnx/CIFAR100_resnet_medium.onnx"",""data/vnncomp2026/cifar100_2024/1.0/vnnlib/CIFAR100_resnet_medium_prop_idx_8279_sidx_1266_eps_0.0039.vnnlib"",100.0,""official_attack_off_f32""]",
cifar100_2024,33,CIFAR100_resnet_medium.onnx,CIFAR100_resnet_medium_prop_idx_2304_sidx_7673_eps_0.0039.vnnlib,unsat,7.013138294219971,CERTIFIED,1,100.0,7.013138294219971,10.983,5.073,16.173722380772233,0,0,,,not a FALSIFIED row,0,scratch/logs/fse2026/abcrown/cifar100_2024/00033_2e75dd5068a503669167_6h452b7q.log,6b8bbcfac1c01da1cabd240a87e4dce1a65f5a2b,"{""attack"": {""attack_off"": true, ""hook_replacements"": {}, ""overrides"": {""attack"": {""enable_mip_attack"": false, ""input_split_check_adv"": {""enabled"": ""false""}, ""pgd_order"": ""skip""}, ""bab"": {""attack"": {""enabled"": false}, ""branching"": {""input_split"": {""update_rhs_with_attack"": false}}}}}, ""biccos_applicable"": true, ""biccos_effective"": false, ""derived_path"": ""scratch/rq1_2026_tmp/baselines/abcrown/cifar100_2024/00033_2e75dd5068a503669167_6h452b7q/config.yaml"", ""deviations"": [""attack-off (user decision D20): all attack/falsification stages disabled, see config.attack.overrides"", ""float32: general.double_fp=false; solver.use_float64_in_last_iteration=false; stable_f32 interpreter""], ""mapping"": ""exact"", ""notes"": [], ""official"": ""exp_configs/vnncomp25/cifar100.yaml"", ""official_biccos"": false, ""official_pgd_order"": ""middle"", ""variant"": ""official""}","[""attack-off (user decision D20): all attack/falsification stages disabled, see config.attack.overrides"", ""float32: general.double_fp=false; solver.use_float64_in_last_iteration=false; stable_f32 interpreter""]",,,0.0,11526.0,official_attack_off_f32,"[""abcrown"",""data/vnncomp2026/cifar100_2024/1.0/onnx/CIFAR100_resnet_medium.onnx"",""data/vnncomp2026/cifar100_2024/1.0/vnnlib/CIFAR100_resnet_medium_prop_idx_2304_sidx_7673_eps_0.0039.vnnlib"",100.0,""official_attack_off_f32""]",
cifar100_2024,34,CIFAR100_resnet_medium.onnx,CIFAR100_resnet_medium_prop_idx_8502_sidx_2893_eps_0.0039.vnnlib,unsat,30.123164892196655,CERTIFIED,1,100.0,30.123164892196655,34.134,4.872,39.115788616240025,0,0,,,not a FALSIFIED row,0,scratch/logs/fse2026/abcrown/cifar100_2024/00034_b6f9a0d8cbd51bbd7009_6_nr9h6_.log,6b8bbcfac1c01da1cabd240a87e4dce1a65f5a2b,"{""attack"": {""attack_off"": true, ""hook_replacements"": {}, ""overrides"": {""attack"": {""enable_mip_attack"": false, ""input_split_check_adv"": {""enabled"": ""false""}, ""pgd_order"": ""skip""}, ""bab"": {""attack"": {""enabled"": false}, ""branching"": {""input_split"": {""update_rhs_with_attack"": false}}}}}, ""biccos_applicable"": true, ""biccos_effective"": false, ""derived_path"": ""scratch/rq1_2026_tmp/baselines/abcrown/cifar100_2024/00034_b6f9a0d8cbd51bbd7009_6_nr9h6_/config.yaml"", ""deviations"": [""attack-off (user decision D20): all attack/falsification stages disabled, see config.attack.overrides"", ""float32: general.double_fp=false; solver.use_float64_in_last_iteration=false; stable_f32 interpreter""], ""mapping"": ""exact"", ""notes"": [], ""official"": ""exp_configs/vnncomp25/cifar100.yaml"", ""official_biccos"": false, ""official_pgd_order"": ""middle"", ""variant"": ""official""}","[""attack-off (user decision D20): all attack/falsification stages disabled, see config.attack.overrides"", ""float32: general.double_fp=false; solver.use_float64_in_last_iteration=false; stable_f32 interpreter""]",,,0.0,11526.0,official_attack_off_f32,"[""abcrown"",""data/vnncomp2026/cifar100_2024/1.0/onnx/CIFAR100_resnet_medium.onnx"",""data/vnncomp2026/cifar100_2024/1.0/vnnlib/CIFAR100_resnet_medium_prop_idx_8502_sidx_2893_eps_0.0039.vnnlib"",100.0,""official_attack_off_f32""]",
cifar100_2024,35,CIFAR100_resnet_medium.onnx,CIFAR100_resnet_medium_prop_idx_4275_sidx_5391_eps_0.0039.vnnlib,unsat,4.249229431152344,CERTIFIED,1,100.0,4.249229431152344,8.478,5.022,13.618958851322532,0,0,,,not a FALSIFIED row,0,scratch/logs/fse2026/abcrown/cifar100_2024/00035_2a4f7b2de45f7367cad4__j6qksht.log,6b8bbcfac1c01da1cabd240a87e4dce1a65f5a2b,"{""attack"": {""attack_off"": true, ""hook_replacements"": {}, ""overrides"": {""attack"": {""enable_mip_attack"": false, ""input_split_check_adv"": {""enabled"": ""false""}, ""pgd_order"": ""skip""}, ""bab"": {""attack"": {""enabled"": false}, ""branching"": {""input_split"": {""update_rhs_with_attack"": false}}}}}, ""biccos_applicable"": true, ""biccos_effective"": false, ""derived_path"": ""scratch/rq1_2026_tmp/baselines/abcrown/cifar100_2024/00035_2a4f7b2de45f7367cad4__j6qksht/config.yaml"", ""deviations"": [""attack-off (user decision D20): all attack/falsification stages disabled, see config.attack.overrides"", ""float32: general.double_fp=false; solver.use_float64_in_last_iteration=false; stable_f32 interpreter""], ""mapping"": ""exact"", ""notes"": [], ""official"": ""exp_configs/vnncomp25/cifar100.yaml"", ""official_biccos"": false, ""official_pgd_order"": ""middle"", ""variant"": ""official""}","[""attack-off (user decision D20): all attack/falsification stages disabled, see config.attack.overrides"", ""float32: general.double_fp=false; solver.use_float64_in_last_iteration=false; stable_f32 interpreter""]",,,48.0,17136.0,official_attack_off_f32,"[""abcrown"",""data/vnncomp2026/cifar100_2024/1.0/onnx/CIFAR100_resnet_medium.onnx"",""data/vnncomp2026/cifar100_2024/1.0/vnnlib/CIFAR100_resnet_medium_prop_idx_4275_sidx_5391_eps_0.0039.vnnlib"",100.0,""official_attack_off_f32""]",
cifar100_2024,36,CIFAR100_resnet_medium.onnx,CIFAR100_resnet_medium_prop_idx_5371_sidx_1200_eps_0.0039.vnnlib,unsat,21.869617700576782,CERTIFIED,1,100.0,21.869617700576782,26.159,5.173,31.448042828589678,0,0,,,not a FALSIFIED row,0,scratch/logs/fse2026/abcrown/cifar100_2024/00036_89e5b6a7e764f1503d87_ytsl6fba.log,6b8bbcfac1c01da1cabd240a87e4dce1a65f5a2b,"{""attack"": {""attack_off"": true, ""hook_replacements"": {}, ""overrides"": {""attack"": {""enable_mip_attack"": false, ""input_split_check_adv"": {""enabled"": ""false""}, ""pgd_order"": ""skip""}, ""bab"": {""attack"": {""enabled"": false}, ""branching"": {""input_split"": {""update_rhs_with_attack"": false}}}}}, ""biccos_applicable"": true, ""biccos_effective"": false, ""derived_path"": ""scratch/rq1_2026_tmp/baselines/abcrown/cifar100_2024/00036_89e5b6a7e764f1503d87_ytsl6fba/config.yaml"", ""deviations"": [""attack-off (user decision D20): all attack/falsification stages disabled, see config.attack.overrides"", ""float32: general.double_fp=false; solver.use_float64_in_last_iteration=false; stable_f32 interpreter""], ""mapping"": ""exact"", ""notes"": [], ""official"": ""exp_configs/vnncomp25/cifar100.yaml"", ""official_biccos"": false, ""official_pgd_order"": ""middle"", ""variant"": ""official""}","[""attack-off (user decision D20): all attack/falsification stages disabled, see config.attack.overrides"", ""float32: general.double_fp=false; solver.use_float64_in_last_iteration=false; stable_f32 interpreter""]",,,68.0,17232.0,official_attack_off_f32,"[""abcrown"",""data/vnncomp2026/cifar100_2024/1.0/onnx/CIFAR100_resnet_medium.onnx"",""data/vnncomp2026/cifar100_2024/1.0/vnnlib/CIFAR100_resnet_medium_prop_idx_5371_sidx_1200_eps_0.0039.vnnlib"",100.0,""official_attack_off_f32""]",
cifar100_2024,37,CIFAR100_resnet_medium.onnx,CIFAR100_resnet_medium_prop_idx_9585_sidx_4914_eps_0.0039.vnnlib,unsat,75.79950785636902,CERTIFIED,1,100.0,75.79950785636902,80.049,5.222,85.3867552485317,0,0,,,not a FALSIFIED row,0,scratch/logs/fse2026/abcrown/cifar100_2024/00037_e855a4c25237632be32f_ncb04xlw.log,6b8bbcfac1c01da1cabd240a87e4dce1a65f5a2b,"{""attack"": {""attack_off"": true, ""hook_replacements"": {}, ""overrides"": {""attack"": {""enable_mip_attack"": false, ""input_split_check_adv"": {""enabled"": ""false""}, ""pgd_order"": ""skip""}, ""bab"": {""attack"": {""enabled"": false}, ""branching"": {""input_split"": {""update_rhs_with_attack"": false}}}}}, ""biccos_applicable"": true, ""biccos_effective"": false, ""derived_path"": ""scratch/rq1_2026_tmp/baselines/abcrown/cifar100_2024/00037_e855a4c25237632be32f_ncb04xlw/config.yaml"", ""deviations"": [""attack-off (user decision D20): all attack/falsification stages disabled, see config.attack.overrides"", ""float32: general.double_fp=false; solver.use_float64_in_last_iteration=false; stable_f32 interpreter""], ""mapping"": ""exact"", ""notes"": [], ""official"": ""exp_configs/vnncomp25/cifar100.yaml"", ""official_biccos"": false, ""official_pgd_order"": ""middle"", ""variant"": ""official""}","[""attack-off (user decision D20): all attack/falsification stages disabled, see config.attack.overrides"", ""float32: general.double_fp=false; solver.use_float64_in_last_iteration=false; stable_f32 interpreter""]",,,94.0,24428.0,official_attack_off_f32,"[""abcrown"",""data/vnncomp2026/cifar100_2024/1.0/onnx/CIFAR100_resnet_medium.onnx"",""data/vnncomp2026/cifar100_2024/1.0/vnnlib/CIFAR100_resnet_medium_prop_idx_9585_sidx_4914_eps_0.0039.vnnlib"",100.0,""official_attack_off_f32""]",
cifar100_2024,38,CIFAR100_resnet_medium.onnx,CIFAR100_resnet_medium_prop_idx_1682_sidx_7308_eps_0.0039.vnnlib,timeout,105.54133248329163,TIMEOUT,0,100.0,105.54133248329163,110.031,5.024,115.1714940816164,1,0,,,not a FALSIFIED row,0,scratch/logs/fse2026/abcrown/cifar100_2024/00038_4ec912250fe96e95a28e_4zc4pi00.log,6b8bbcfac1c01da1cabd240a87e4dce1a65f5a2b,"{""attack"": {""attack_off"": true, ""hook_replacements"": {}, ""overrides"": {""attack"": {""enable_mip_attack"": false, ""input_split_check_adv"": {""enabled"": ""false""}, ""pgd_order"": ""skip""}, ""bab"": {""attack"": {""enabled"": false}, ""branching"": {""input_split"": {""update_rhs_with_attack"": false}}}}}, ""biccos_applicable"": true, ""biccos_effective"": false, ""derived_path"": ""scratch/rq1_2026_tmp/baselines/abcrown/cifar100_2024/00038_4ec912250fe96e95a28e_4zc4pi00/config.yaml"", ""deviations"": [""attack-off (user decision D20): all attack/falsification stages disabled, see config.attack.overrides"", ""float32: general.double_fp=false; solver.use_float64_in_last_iteration=false; stable_f32 interpreter""], ""mapping"": ""exact"", ""notes"": [], ""official"": ""exp_configs/vnncomp25/cifar100.yaml"", ""official_biccos"": false, ""official_pgd_order"": ""middle"", ""variant"": ""official""}","[""attack-off (user decision D20): all attack/falsification stages disabled, see config.attack.overrides"", ""float32: general.double_fp=false; solver.use_float64_in_last_iteration=false; stable_f32 interpreter""]",,,39.0,31636.0,official_attack_off_f32,"[""abcrown"",""data/vnncomp2026/cifar100_2024/1.0/onnx/CIFAR100_resnet_medium.onnx"",""data/vnncomp2026/cifar100_2024/1.0/vnnlib/CIFAR100_resnet_medium_prop_idx_1682_sidx_7308_eps_0.0039.vnnlib"",100.0,""official_attack_off_f32""]",
cifar100_2024,39,CIFAR100_resnet_medium.onnx,CIFAR100_resnet_medium_prop_idx_5955_sidx_1517_eps_0.0039.vnnlib,timeout,106.95657753944397,TIMEOUT,0,100.0,106.95657753944397,113.315,6.014,119.44805211015046,1,0,,,not a FALSIFIED row,0,scratch/logs/fse2026/abcrown/cifar100_2024/00039_a3fdd87e8601ce21fb5b_lic81wwz.log,6b8bbcfac1c01da1cabd240a87e4dce1a65f5a2b,"{""attack"": {""attack_off"": true, ""hook_replacements"": {}, ""overrides"": {""attack"": {""enable_mip_attack"": false, ""input_split_check_adv"": {""enabled"": ""false""}, ""pgd_order"": ""skip""}, ""bab"": {""attack"": {""enabled"": false}, ""branching"": {""input_split"": {""update_rhs_with_attack"": false}}}}}, ""biccos_applicable"": true, ""biccos_effective"": false, ""derived_path"": ""scratch/rq1_2026_tmp/baselines/abcrown/cifar100_2024/00039_a3fdd87e8601ce21fb5b_lic81wwz/config.yaml"", ""deviations"": [""attack-off (user decision D20): all attack/falsification stages disabled, see config.attack.overrides"", ""float32: general.double_fp=false; solver.use_float64_in_last_iteration=false; stable_f32 interpreter""], ""mapping"": ""exact"", ""notes"": [], ""official"": ""exp_configs/vnncomp25/cifar100.yaml"", ""official_biccos"": false, ""official_pgd_order"": ""middle"", ""variant"": ""official""}","[""attack-off (user decision D20): all attack/falsification stages disabled, see config.attack.overrides"", ""float32: general.double_fp=false; solver.use_float64_in_last_iteration=false; stable_f32 interpreter""]",,,0.0,11526.0,official_attack_off_f32,"[""abcrown"",""data/vnncomp2026/cifar100_2024/1.0/onnx/CIFAR100_resnet_medium.onnx"",""data/vnncomp2026/cifar100_2024/1.0/vnnlib/CIFAR100_resnet_medium_prop_idx_5955_sidx_1517_eps_0.0039.vnnlib"",100.0,""official_attack_off_f32""]",
cifar100_2024,40,CIFAR100_resnet_medium.onnx,CIFAR100_resnet_medium_prop_idx_1777_sidx_439_eps_0.0039.vnnlib,timeout,110.142254114151,TIMEOUT,0,100.0,110.142254114151,114.333,5.074,119.5038198903203,1,0,,,not a FALSIFIED row,0,scratch/logs/fse2026/abcrown/cifar100_2024/00040_035a263bf151a52ea660_2ss0ep_2.log,6b8bbcfac1c01da1cabd240a87e4dce1a65f5a2b,"{""attack"": {""attack_off"": true, ""hook_replacements"": {}, ""overrides"": {""attack"": {""enable_mip_attack"": false, ""input_split_check_adv"": {""enabled"": ""false""}, ""pgd_order"": ""skip""}, ""bab"": {""attack"": {""enabled"": false}, ""branching"": {""input_split"": {""update_rhs_with_attack"": false}}}}}, ""biccos_applicable"": true, ""biccos_effective"": false, ""derived_path"": ""scratch/rq1_2026_tmp/baselines/abcrown/cifar100_2024/00040_035a263bf151a52ea660_2ss0ep_2/config.yaml"", ""deviations"": [""attack-off (user decision D20): all attack/falsification stages disabled, see config.attack.overrides"", ""float32: general.double_fp=false; solver.use_float64_in_last_iteration=false; stable_f32 interpreter""], ""mapping"": ""exact"", ""notes"": [], ""official"": ""exp_configs/vnncomp25/cifar100.yaml"", ""official_biccos"": false, ""official_pgd_order"": ""middle"", ""variant"": ""official""}","[""attack-off (user decision D20): all attack/falsification stages disabled, see config.attack.overrides"", ""float32: general.double_fp=false; solver.use_float64_in_last_iteration=false; stable_f32 interpreter""]",,,0.0,11526.0,official_attack_off_f32,"[""abcrown"",""data/vnncomp2026/cifar100_2024/1.0/onnx/CIFAR100_resnet_medium.onnx"",""data/vnncomp2026/cifar100_2024/1.0/vnnlib/CIFAR100_resnet_medium_prop_idx_1777_sidx_439_eps_0.0039.vnnlib"",100.0,""official_attack_off_f32""]",
cifar100_2024,41,CIFAR100_resnet_medium.onnx,CIFAR100_resnet_medium_prop_idx_5523_sidx_8483_eps_0.0039.vnnlib,unsat,5.938020944595337,CERTIFIED,1,100.0,5.938020944595337,9.933,5.176,15.22171775996685,0,0,,,not a FALSIFIED row,0,scratch/logs/fse2026/abcrown/cifar100_2024/00041_1cd9ffb074bc6d09f201_pt0j8alk.log,6b8bbcfac1c01da1cabd240a87e4dce1a65f5a2b,"{""attack"": {""attack_off"": true, ""hook_replacements"": {}, ""overrides"": {""attack"": {""enable_mip_attack"": false, ""input_split_check_adv"": {""enabled"": ""false""}, ""pgd_order"": ""skip""}, ""bab"": {""attack"": {""enabled"": false}, ""branching"": {""input_split"": {""update_rhs_with_attack"": false}}}}}, ""biccos_applicable"": true, ""biccos_effective"": false, ""derived_path"": ""scratch/rq1_2026_tmp/baselines/abcrown/cifar100_2024/00041_1cd9ffb074bc6d09f201_pt0j8alk/config.yaml"", ""deviations"": [""attack-off (user decision D20): all attack/falsification stages disabled, see config.attack.overrides"", ""float32: general.double_fp=false; solver.use_float64_in_last_iteration=false; stable_f32 interpreter""], ""mapping"": ""exact"", ""notes"": [], ""official"": ""exp_configs/vnncomp25/cifar100.yaml"", ""official_biccos"": false, ""official_pgd_order"": ""middle"", ""variant"": ""official""}","[""attack-off (user decision D20): all attack/falsification stages disabled, see config.attack.overrides"", ""float32: general.double_fp=false; solver.use_float64_in_last_iteration=false; stable_f32 interpreter""]",,,0.0,11526.0,official_attack_off_f32,"[""abcrown"",""data/vnncomp2026/cifar100_2024/1.0/onnx/CIFAR100_resnet_medium.onnx"",""data/vnncomp2026/cifar100_2024/1.0/vnnlib/CIFAR100_resnet_medium_prop_idx_5523_sidx_8483_eps_0.0039.vnnlib"",100.0,""official_attack_off_f32""]",
cifar100_2024,42,CIFAR100_resnet_medium.onnx,CIFAR100_resnet_medium_prop_idx_1755_sidx_4411_eps_0.0039.vnnlib,unsat,52.344974994659424,CERTIFIED,1,100.0,52.344974994659424,56.313,5.072,61.49833759665489,0,0,,,not a FALSIFIED row,0,scratch/logs/fse2026/abcrown/cifar100_2024/00042_79dfe83c12cf45fb9291_8j3xd5yu.log,6b8bbcfac1c01da1cabd240a87e4dce1a65f5a2b,"{""attack"": {""attack_off"": true, ""hook_replacements"": {}, ""overrides"": {""attack"": {""enable_mip_attack"": false, ""input_split_check_adv"": {""enabled"": ""false""}, ""pgd_order"": ""skip""}, ""bab"": {""attack"": {""enabled"": false}, ""branching"": {""input_split"": {""update_rhs_with_attack"": false}}}}}, ""biccos_applicable"": true, ""biccos_effective"": false, ""derived_path"": ""scratch/rq1_2026_tmp/baselines/abcrown/cifar100_2024/00042_79dfe83c12cf45fb9291_8j3xd5yu/config.yaml"", ""deviations"": [""attack-off (user decision D20): all attack/falsification stages disabled, see config.attack.overrides"", ""float32: general.double_fp=false; solver.use_float64_in_last_iteration=false; stable_f32 interpreter""], ""mapping"": ""exact"", ""notes"": [], ""official"": ""exp_configs/vnncomp25/cifar100.yaml"", ""official_biccos"": false, ""official_pgd_order"": ""middle"", ""variant"": ""official""}","[""attack-off (user decision D20): all attack/falsification stages disabled, see config.attack.overrides"", ""float32: general.double_fp=false; solver.use_float64_in_last_iteration=false; stable_f32 interpreter""]",,,0.0,11526.0,official_attack_off_f32,"[""abcrown"",""data/vnncomp2026/cifar100_2024/1.0/onnx/CIFAR100_resnet_medium.onnx"",""data/vnncomp2026/cifar100_2024/1.0/vnnlib/CIFAR100_resnet_medium_prop_idx_1755_sidx_4411_eps_0.0039.vnnlib"",100.0,""official_attack_off_f32""]",
cifar100_2024,43,CIFAR100_resnet_medium.onnx,CIFAR100_resnet_medium_prop_idx_7027_sidx_7720_eps_0.0039.vnnlib,timeout,107.68595123291016,TIMEOUT,0,100.0,107.68595123291016,111.664,4.823,116.60655854456127,1,0,,,not a FALSIFIED row,0,scratch/logs/fse2026/abcrown/cifar100_2024/00043_76827e188cf5605c57c5_5a4zlhao.log,6b8bbcfac1c01da1cabd240a87e4dce1a65f5a2b,"{""attack"": {""attack_off"": true, ""hook_replacements"": {}, ""overrides"": {""attack"": {""enable_mip_attack"": false, ""input_split_check_adv"": {""enabled"": ""false""}, ""pgd_order"": ""skip""}, ""bab"": {""attack"": {""enabled"": false}, ""branching"": {""input_split"": {""update_rhs_with_attack"": false}}}}}, ""biccos_applicable"": true, ""biccos_effective"": false, ""derived_path"": ""scratch/rq1_2026_tmp/baselines/abcrown/cifar100_2024/00043_76827e188cf5605c57c5_5a4zlhao/config.yaml"", ""deviations"": [""attack-off (user decision D20): all attack/falsification stages disabled, see config.attack.overrides"", ""float32: general.double_fp=false; solver.use_float64_in_last_iteration=false; stable_f32 interpreter""], ""mapping"": ""exact"", ""notes"": [], ""official"": ""exp_configs/vnncomp25/cifar100.yaml"", ""official_biccos"": false, ""official_pgd_order"": ""middle"", ""variant"": ""official""}","[""attack-off (user decision D20): all attack/falsification stages disabled, see config.attack.overrides"", ""float32: general.double_fp=false; solver.use_float64_in_last_iteration=false; stable_f32 interpreter""]",,,0.0,11526.0,official_attack_off_f32,"[""abcrown"",""data/vnncomp2026/cifar100_2024/1.0/onnx/CIFAR100_resnet_medium.onnx"",""data/vnncomp2026/cifar100_2024/1.0/vnnlib/CIFAR100_resnet_medium_prop_idx_7027_sidx_7720_eps_0.0039.vnnlib"",100.0,""official_attack_off_f32""]",
cifar100_2024,44,CIFAR100_resnet_medium.onnx,CIFAR100_resnet_medium_prop_idx_5329_sidx_6773_eps_0.0039.vnnlib,timeout,108.27735924720764,TIMEOUT,0,100.0,108.27735924720764,112.429,4.722,117.25754852592945,1,0,,,not a FALSIFIED row,0,scratch/logs/fse2026/abcrown/cifar100_2024/00044_312a2db13d377a9f19fe_m_dj5zy6.log,6b8bbcfac1c01da1cabd240a87e4dce1a65f5a2b,"{""attack"": {""attack_off"": true, ""hook_replacements"": {}, ""overrides"": {""attack"": {""enable_mip_attack"": false, ""input_split_check_adv"": {""enabled"": ""false""}, ""pgd_order"": ""skip""}, ""bab"": {""attack"": {""enabled"": false}, ""branching"": {""input_split"": {""update_rhs_with_attack"": false}}}}}, ""biccos_applicable"": true, ""biccos_effective"": false, ""derived_path"": ""scratch/rq1_2026_tmp/baselines/abcrown/cifar100_2024/00044_312a2db13d377a9f19fe_m_dj5zy6/config.yaml"", ""deviations"": [""attack-off (user decision D20): all attack/falsification stages disabled, see config.attack.overrides"", ""float32: general.double_fp=false; solver.use_float64_in_last_iteration=false; stable_f32 interpreter""], ""mapping"": ""exact"", ""notes"": [], ""official"": ""exp_configs/vnncomp25/cifar100.yaml"", ""official_biccos"": false, ""official_pgd_order"": ""middle"", ""variant"": ""official""}","[""attack-off (user decision D20): all attack/falsification stages disabled, see config.attack.overrides"", ""float32: general.double_fp=false; solver.use_float64_in_last_iteration=false; stable_f32 interpreter""]",,,0.0,12206.0,official_attack_off_f32,"[""abcrown"",""data/vnncomp2026/cifar100_2024/1.0/onnx/CIFAR100_resnet_medium.onnx"",""data/vnncomp2026/cifar100_2024/1.0/vnnlib/CIFAR100_resnet_medium_prop_idx_5329_sidx_6773_eps_0.0039.vnnlib"",100.0,""official_attack_off_f32""]",
cifar100_2024,45,CIFAR100_resnet_medium.onnx,CIFAR100_resnet_medium_prop_idx_3269_sidx_6816_eps_0.0039.vnnlib,unsat,3.6179747581481934,CERTIFIED,1,100.0,3.6179747581481934,7.976,4.979,13.10301592387259,0,0,,,not a FALSIFIED row,0,scratch/logs/fse2026/abcrown/cifar100_2024/00045_fb3e87e4ab24499ef2d3_c5ws0ho2.log,6b8bbcfac1c01da1cabd240a87e4dce1a65f5a2b,"{""attack"": {""attack_off"": true, ""hook_replacements"": {}, ""overrides"": {""attack"": {""enable_mip_attack"": false, ""input_split_check_adv"": {""enabled"": ""false""}, ""pgd_order"": ""skip""}, ""bab"": {""attack"": {""enabled"": false}, ""branching"": {""input_split"": {""update_rhs_with_attack"": false}}}}}, ""biccos_applicable"": true, ""biccos_effective"": false, ""derived_path"": ""scratch/rq1_2026_tmp/baselines/abcrown/cifar100_2024/00045_fb3e87e4ab24499ef2d3_c5ws0ho2/config.yaml"", ""deviations"": [""attack-off (user decision D20): all attack/falsification stages disabled, see config.attack.overrides"", ""float32: general.double_fp=false; solver.use_float64_in_last_iteration=false; stable_f32 interpreter""], ""mapping"": ""exact"", ""notes"": [], ""official"": ""exp_configs/vnncomp25/cifar100.yaml"", ""official_biccos"": false, ""official_pgd_order"": ""middle"", ""variant"": ""official""}","[""attack-off (user decision D20): all attack/falsification stages disabled, see config.attack.overrides"", ""float32: general.double_fp=false; solver.use_float64_in_last_iteration=false; stable_f32 interpreter""]",,,0.0,11526.0,official_attack_off_f32,"[""abcrown"",""data/vnncomp2026/cifar100_2024/1.0/onnx/CIFAR100_resnet_medium.onnx"",""data/vnncomp2026/cifar100_2024/1.0/vnnlib/CIFAR100_resnet_medium_prop_idx_3269_sidx_6816_eps_0.0039.vnnlib"",100.0,""official_attack_off_f32""]",
cifar100_2024,46,CIFAR100_resnet_medium.onnx,CIFAR100_resnet_medium_prop_idx_2711_sidx_1466_eps_0.0039.vnnlib,unsat,4.6305460929870605,CERTIFIED,1,100.0,4.6305460929870605,8.838,6.251,15.22168899513781,0,0,,,not a FALSIFIED row,0,scratch/logs/fse2026/abcrown/cifar100_2024/00046_27c9e5e8d63fe0e85b91_q4f09ckf.log,6b8bbcfac1c01da1cabd240a87e4dce1a65f5a2b,"{""attack"": {""attack_off"": true, ""hook_replacements"": {}, ""overrides"": {""attack"": {""enable_mip_attack"": false, ""input_split_check_adv"": {""enabled"": ""false""}, ""pgd_order"": ""skip""}, ""bab"": {""attack"": {""enabled"": false}, ""branching"": {""input_split"": {""update_rhs_with_attack"": false}}}}}, ""biccos_applicable"": true, ""biccos_effective"": false, ""derived_path"": ""scratch/rq1_2026_tmp/baselines/abcrown/cifar100_2024/00046_27c9e5e8d63fe0e85b91_q4f09ckf/config.yaml"", ""deviations"": [""attack-off (user decision D20): all attack/falsification stages disabled, see config.attack.overrides"", ""float32: general.double_fp=false; solver.use_float64_in_last_iteration=false; stable_f32 interpreter""], ""mapping"": ""exact"", ""notes"": [], ""official"": ""exp_configs/vnncomp25/cifar100.yaml"", ""official_biccos"": false, ""official_pgd_order"": ""middle"", ""variant"": ""official""}","[""attack-off (user decision D20): all attack/falsification stages disabled, see config.attack.overrides"", ""float32: general.double_fp=false; solver.use_float64_in_last_iteration=false; stable_f32 interpreter""]",,,88.0,16854.0,official_attack_off_f32,"[""abcrown"",""data/vnncomp2026/cifar100_2024/1.0/onnx/CIFAR100_resnet_medium.onnx"",""data/vnncomp2026/cifar100_2024/1.0/vnnlib/CIFAR100_resnet_medium_prop_idx_2711_sidx_1466_eps_0.0039.vnnlib"",100.0,""official_attack_off_f32""]",
cifar100_2024,47,CIFAR100_resnet_medium.onnx,CIFAR100_resnet_medium_prop_idx_6108_sidx_3179_eps_0.0039.vnnlib,unsat,6.067187547683716,CERTIFIED,1,100.0,6.067187547683716,10.232,5.325,15.674551162868738,0,0,,,not a FALSIFIED row,0,scratch/logs/fse2026/abcrown/cifar100_2024/00047_f8742b51c1ef761974e3_dww6o0pu.log,6b8bbcfac1c01da1cabd240a87e4dce1a65f5a2b,"{""attack"": {""attack_off"": true, ""hook_replacements"": {}, ""overrides"": {""attack"": {""enable_mip_attack"": false, ""input_split_check_adv"": {""enabled"": ""false""}, ""pgd_order"": ""skip""}, ""bab"": {""attack"": {""enabled"": false}, ""branching"": {""input_split"": {""update_rhs_with_attack"": false}}}}}, ""biccos_applicable"": true, ""biccos_effective"": false, ""derived_path"": ""scratch/rq1_2026_tmp/baselines/abcrown/cifar100_2024/00047_f8742b51c1ef761974e3_dww6o0pu/config.yaml"", ""deviations"": [""attack-off (user decision D20): all attack/falsification stages disabled, see config.attack.overrides"", ""float32: general.double_fp=false; solver.use_float64_in_last_iteration=false; stable_f32 interpreter""], ""mapping"": ""exact"", ""notes"": [], ""official"": ""exp_configs/vnncomp25/cifar100.yaml"", ""official_biccos"": false, ""official_pgd_order"": ""middle"", ""variant"": ""official""}","[""attack-off (user decision D20): all attack/falsification stages disabled, see config.attack.overrides"", ""float32: general.double_fp=false; solver.use_float64_in_last_iteration=false; stable_f32 interpreter""]",,,77.0,17166.0,official_attack_off_f32,"[""abcrown"",""data/vnncomp2026/cifar100_2024/1.0/onnx/CIFAR100_resnet_medium.onnx"",""data/vnncomp2026/cifar100_2024/1.0/vnnlib/CIFAR100_resnet_medium_prop_idx_6108_sidx_3179_eps_0.0039.vnnlib"",100.0,""official_attack_off_f32""]",
cifar100_2024,48,CIFAR100_resnet_medium.onnx,CIFAR100_resnet_medium_prop_idx_3494_sidx_6936_eps_0.0039.vnnlib,unsat,27.529149532318115,CERTIFIED,1,100.0,27.529149532318115,32.021,5.072,37.21596226654947,0,0,,,not a FALSIFIED row,0,scratch/logs/fse2026/abcrown/cifar100_2024/00048_6852e2f6f4cff369fb7a_odgkbxq0.log,6b8bbcfac1c01da1cabd240a87e4dce1a65f5a2b,"{""attack"": {""attack_off"": true, ""hook_replacements"": {}, ""overrides"": {""attack"": {""enable_mip_attack"": false, ""input_split_check_adv"": {""enabled"": ""false""}, ""pgd_order"": ""skip""}, ""bab"": {""attack"": {""enabled"": false}, ""branching"": {""input_split"": {""update_rhs_with_attack"": false}}}}}, ""biccos_applicable"": true, ""biccos_effective"": false, ""derived_path"": ""scratch/rq1_2026_tmp/baselines/abcrown/cifar100_2024/00048_6852e2f6f4cff369fb7a_odgkbxq0/config.yaml"", ""deviations"": [""attack-off (user decision D20): all attack/falsification stages disabled, see config.attack.overrides"", ""float32: general.double_fp=false; solver.use_float64_in_last_iteration=false; stable_f32 interpreter""], ""mapping"": ""exact"", ""notes"": [], ""official"": ""exp_configs/vnncomp25/cifar100.yaml"", ""official_biccos"": false, ""official_pgd_order"": ""middle"", ""variant"": ""official""}","[""attack-off (user decision D20): all attack/falsification stages disabled, see config.attack.overrides"", ""float32: general.double_fp=false; solver.use_float64_in_last_iteration=false; stable_f32 interpreter""]",,,96.0,24716.0,official_attack_off_f32,"[""abcrown"",""data/vnncomp2026/cifar100_2024/1.0/onnx/CIFAR100_resnet_medium.onnx"",""data/vnncomp2026/cifar100_2024/1.0/vnnlib/CIFAR100_resnet_medium_prop_idx_3494_sidx_6936_eps_0.0039.vnnlib"",100.0,""official_attack_off_f32""]",
cifar100_2024,49,CIFAR100_resnet_medium.onnx,CIFAR100_resnet_medium_prop_idx_3351_sidx_3809_eps_0.0039.vnnlib,unsat,2.97560715675354,CERTIFIED,1,100.0,2.97560715675354,9.229,10.233,19.579977890476584,0,0,,,not a FALSIFIED row,0,scratch/logs/fse2026/abcrown/cifar100_2024/00049_4f222816c320391d0035_sxzt1pzo.log,6b8bbcfac1c01da1cabd240a87e4dce1a65f5a2b,"{""attack"": {""attack_off"": true, ""hook_replacements"": {}, ""overrides"": {""attack"": {""enable_mip_attack"": false, ""input_split_check_adv"": {""enabled"": ""false""}, ""pgd_order"": ""skip""}, ""bab"": {""attack"": {""enabled"": false}, ""branching"": {""input_split"": {""update_rhs_with_attack"": false}}}}}, ""biccos_applicable"": true, ""biccos_effective"": false, ""derived_path"": ""scratch/rq1_2026_tmp/baselines/abcrown/cifar100_2024/00049_4f222816c320391d0035_sxzt1pzo/config.yaml"", ""deviations"": [""attack-off (user decision D20): all attack/falsification stages disabled, see config.attack.overrides"", ""float32: general.double_fp=false; solver.use_float64_in_last_iteration=false; stable_f32 interpreter""], ""mapping"": ""exact"", ""notes"": [], ""official"": ""exp_configs/vnncomp25/cifar100.yaml"", ""official_biccos"": false, ""official_pgd_order"": ""middle"", ""variant"": ""official""}","[""attack-off (user decision D20): all attack/falsification stages disabled, see config.attack.overrides"", ""float32: general.double_fp=false; solver.use_float64_in_last_iteration=false; stable_f32 interpreter""]",,,97.0,31890.0,official_attack_off_f32,"[""abcrown"",""data/vnncomp2026/cifar100_2024/1.0/onnx/CIFAR100_resnet_medium.onnx"",""data/vnncomp2026/cifar100_2024/1.0/vnnlib/CIFAR100_resnet_medium_prop_idx_3351_sidx_3809_eps_0.0039.vnnlib"",100.0,""official_attack_off_f32""]",
cifar100_2024,50,CIFAR100_resnet_medium.onnx,CIFAR100_resnet_medium_prop_idx_148_sidx_3290_eps_0.0039.vnnlib,timeout,112.05957221984863,TIMEOUT,0,100.0,112.05957221984863,116.522,5.172,121.81421889178455,1,0,,,not a FALSIFIED row,0,scratch/logs/fse2026/abcrown/cifar100_2024/00050_9f3fb5c31881be7da874_w_bjcwj1.log,6b8bbcfac1c01da1cabd240a87e4dce1a65f5a2b,"{""attack"": {""attack_off"": true, ""hook_replacements"": {}, ""overrides"": {""attack"": {""enable_mip_attack"": false, ""input_split_check_adv"": {""enabled"": ""false""}, ""pgd_order"": ""skip""}, ""bab"": {""attack"": {""enabled"": false}, ""branching"": {""input_split"": {""update_rhs_with_attack"": false}}}}}, ""biccos_applicable"": true, ""biccos_effective"": false, ""derived_path"": ""scratch/rq1_2026_tmp/baselines/abcrown/cifar100_2024/00050_9f3fb5c31881be7da874_w_bjcwj1/config.yaml"", ""deviations"": [""attack-off (user decision D20): all attack/falsification stages disabled, see config.attack.overrides"", ""float32: general.double_fp=false; solver.use_float64_in_last_iteration=false; stable_f32 interpreter""], ""mapping"": ""exact"", ""notes"": [], ""official"": ""exp_configs/vnncomp25/cifar100.yaml"", ""official_biccos"": false, ""official_pgd_order"": ""middle"", ""variant"": ""official""}","[""attack-off (user decision D20): all attack/falsification stages disabled, see config.attack.overrides"", ""float32: general.double_fp=false; solver.use_float64_in_last_iteration=false; stable_f32 interpreter""]",,,89.0,33572.0,official_attack_off_f32,"[""abcrown"",""data/vnncomp2026/cifar100_2024/1.0/onnx/CIFAR100_resnet_medium.onnx"",""data/vnncomp2026/cifar100_2024/1.0/vnnlib/CIFAR100_resnet_medium_prop_idx_148_sidx_3290_eps_0.0039.vnnlib"",100.0,""official_attack_off_f32""]",
cifar100_2024,51,CIFAR100_resnet_medium.onnx,CIFAR100_resnet_medium_prop_idx_1762_sidx_2982_eps_0.0039.vnnlib,unsat,7.379653215408325,CERTIFIED,1,100.0,7.379653215408325,11.082,4.772,15.97237141057849,0,0,,,not a FALSIFIED row,0,scratch/logs/fse2026/abcrown/cifar100_2024/00051_199e907b5f540ebb681d_ussbukdj.log,6b8bbcfac1c01da1cabd240a87e4dce1a65f5a2b,"{""attack"": {""attack_off"": true, ""hook_replacements"": {}, ""overrides"": {""attack"": {""enable_mip_attack"": false, ""input_split_check_adv"": {""enabled"": ""false""}, ""pgd_order"": ""skip""}, ""bab"": {""attack"": {""enabled"": false}, ""branching"": {""input_split"": {""update_rhs_with_attack"": false}}}}}, ""biccos_applicable"": true, ""biccos_effective"": false, ""derived_path"": ""scratch/rq1_2026_tmp/baselines/abcrown/cifar100_2024/00051_199e907b5f540ebb681d_ussbukdj/config.yaml"", ""deviations"": [""attack-off (user decision D20): all attack/falsification stages disabled, see config.attack.overrides"", ""float32: general.double_fp=false; solver.use_float64_in_last_iteration=false; stable_f32 interpreter""], ""mapping"": ""exact"", ""notes"": [], ""official"": ""exp_configs/vnncomp25/cifar100.yaml"", ""official_biccos"": false, ""official_pgd_order"": ""middle"", ""variant"": ""official""}","[""attack-off (user decision D20): all attack/falsification stages disabled, see config.attack.overrides"", ""float32: general.double_fp=false; solver.use_float64_in_last_iteration=false; stable_f32 interpreter""]",,,0.0,12208.0,official_attack_off_f32,"[""abcrown"",""data/vnncomp2026/cifar100_2024/1.0/onnx/CIFAR100_resnet_medium.onnx"",""data/vnncomp2026/cifar100_2024/1.0/vnnlib/CIFAR100_resnet_medium_prop_idx_1762_sidx_2982_eps_0.0039.vnnlib"",100.0,""official_attack_off_f32""]",
cifar100_2024,52,CIFAR100_resnet_medium.onnx,CIFAR100_resnet_medium_prop_idx_6631_sidx_5931_eps_0.0039.vnnlib,unsat,1.7925984859466553,CERTIFIED,1,100.0,1.7925984859466553,5.473,4.571,10.162513943389058,0,0,,,not a FALSIFIED row,0,scratch/logs/fse2026/abcrown/cifar100_2024/00052_65c37606f6fe9cd3c8e9_ivknifw1.log,6b8bbcfac1c01da1cabd240a87e4dce1a65f5a2b,"{""attack"": {""attack_off"": true, ""hook_replacements"": {}, ""overrides"": {""attack"": {""enable_mip_attack"": false, ""input_split_check_adv"": {""enabled"": ""false""}, ""pgd_order"": ""skip""}, ""bab"": {""attack"": {""enabled"": false}, ""branching"": {""input_split"": {""update_rhs_with_attack"": false}}}}}, ""biccos_applicable"": true, ""biccos_effective"": false, ""derived_path"": ""scratch/rq1_2026_tmp/baselines/abcrown/cifar100_2024/00052_65c37606f6fe9cd3c8e9_ivknifw1/config.yaml"", ""deviations"": [""attack-off (user decision D20): all attack/falsification stages disabled, see config.attack.overrides"", ""float32: general.double_fp=false; solver.use_float64_in_last_iteration=false; stable_f32 interpreter""], ""mapping"": ""exact"", ""notes"": [], ""official"": ""exp_configs/vnncomp25/cifar100.yaml"", ""official_biccos"": false, ""official_pgd_order"": ""middle"", ""variant"": ""official""}","[""attack-off (user decision D20): all attack/falsification stages disabled, see config.attack.overrides"", ""float32: general.double_fp=false; solver.use_float64_in_last_iteration=false; stable_f32 interpreter""]",,,21.0,11526.0,official_attack_off_f32,"[""abcrown"",""data/vnncomp2026/cifar100_2024/1.0/onnx/CIFAR100_resnet_medium.onnx"",""data/vnncomp2026/cifar100_2024/1.0/vnnlib/CIFAR100_resnet_medium_prop_idx_6631_sidx_5931_eps_0.0039.vnnlib"",100.0,""official_attack_off_f32""]",
cifar100_2024,53,CIFAR100_resnet_medium.onnx,CIFAR100_resnet_medium_prop_idx_4259_sidx_275_eps_0.0039.vnnlib,timeout,101.33382225036621,TIMEOUT,0,100.0,101.33382225036621,105.368,4.772,110.25177748315036,1,0,,,not a FALSIFIED row,0,scratch/logs/fse2026/abcrown/cifar100_2024/00053_98631f87796ed69d8214_5ngf2p7_.log,6b8bbcfac1c01da1cabd240a87e4dce1a65f5a2b,"{""attack"": {""attack_off"": true, ""hook_replacements"": {}, ""overrides"": {""attack"": {""enable_mip_attack"": false, ""input_split_check_adv"": {""enabled"": ""false""}, ""pgd_order"": ""skip""}, ""bab"": {""attack"": {""enabled"": false}, ""branching"": {""input_split"": {""update_rhs_with_attack"": false}}}}}, ""biccos_applicable"": true, ""biccos_effective"": false, ""derived_path"": ""scratch/rq1_2026_tmp/baselines/abcrown/cifar100_2024/00053_98631f87796ed69d8214_5ngf2p7_/config.yaml"", ""deviations"": [""attack-off (user decision D20): all attack/falsification stages disabled, see config.attack.overrides"", ""float32: general.double_fp=false; solver.use_float64_in_last_iteration=false; stable_f32 interpreter""], ""mapping"": ""exact"", ""notes"": [], ""official"": ""exp_configs/vnncomp25/cifar100.yaml"", ""official_biccos"": false, ""official_pgd_order"": ""middle"", ""variant"": ""official""}","[""attack-off (user decision D20): all attack/falsification stages disabled, see config.attack.overrides"", ""float32: general.double_fp=false; solver.use_float64_in_last_iteration=false; stable_f32 interpreter""]",,,0.0,11560.0,official_attack_off_f32,"[""abcrown"",""data/vnncomp2026/cifar100_2024/1.0/onnx/CIFAR100_resnet_medium.onnx"",""data/vnncomp2026/cifar100_2024/1.0/vnnlib/CIFAR100_resnet_medium_prop_idx_4259_sidx_275_eps_0.0039.vnnlib"",100.0,""official_attack_off_f32""]",
cifar100_2024,54,CIFAR100_resnet_medium.onnx,CIFAR100_resnet_medium_prop_idx_2546_sidx_3292_eps_0.0039.vnnlib,unsat,3.3829710483551025,CERTIFIED,1,100.0,3.3829710483551025,7.127,4.672,11.9478320479393,0,0,,,not a FALSIFIED row,0,scratch/logs/fse2026/abcrown/cifar100_2024/00054_75746fcbeeddbf52fd5e_tmiak83t.log,6b8bbcfac1c01da1cabd240a87e4dce1a65f5a2b,"{""attack"": {""attack_off"": true, ""hook_replacements"": {}, ""overrides"": {""attack"": {""enable_mip_attack"": false, ""input_split_check_adv"": {""enabled"": ""false""}, ""pgd_order"": ""skip""}, ""bab"": {""attack"": {""enabled"": false}, ""branching"": {""input_split"": {""update_rhs_with_attack"": false}}}}}, ""biccos_applicable"": true, ""biccos_effective"": false, ""derived_path"": ""scratch/rq1_2026_tmp/baselines/abcrown/cifar100_2024/00054_75746fcbeeddbf52fd5e_tmiak83t/config.yaml"", ""deviations"": [""attack-off (user decision D20): all attack/falsification stages disabled, see config.attack.overrides"", ""float32: general.double_fp=false; solver.use_float64_in_last_iteration=false; stable_f32 interpreter""], ""mapping"": ""exact"", ""notes"": [], ""official"": ""exp_configs/vnncomp25/cifar100.yaml"", ""official_biccos"": false, ""official_pgd_order"": ""middle"", ""variant"": ""official""}","[""attack-off (user decision D20): all attack/falsification stages disabled, see config.attack.overrides"", ""float32: general.double_fp=false; solver.use_float64_in_last_iteration=false; stable_f32 interpreter""]",,,0.0,11526.0,official_attack_off_f32,"[""abcrown"",""data/vnncomp2026/cifar100_2024/1.0/onnx/CIFAR100_resnet_medium.onnx"",""data/vnncomp2026/cifar100_2024/1.0/vnnlib/CIFAR100_resnet_medium_prop_idx_2546_sidx_3292_eps_0.0039.vnnlib"",100.0,""official_attack_off_f32""]",
cifar100_2024,55,CIFAR100_resnet_medium.onnx,CIFAR100_resnet_medium_prop_idx_6528_sidx_5206_eps_0.0039.vnnlib,unsat,9.313376903533936,CERTIFIED,1,100.0,9.313376903533936,13.035,4.671,17.825321294367313,0,0,,,not a FALSIFIED row,0,scratch/logs/fse2026/abcrown/cifar100_2024/00055_1ed9b765d1d570c6162e_1yh4ru_o.log,6b8bbcfac1c01da1cabd240a87e4dce1a65f5a2b,"{""attack"": {""attack_off"": true, ""hook_replacements"": {}, ""overrides"": {""attack"": {""enable_mip_attack"": false, ""input_split_check_adv"": {""enabled"": ""false""}, ""pgd_order"": ""skip""}, ""bab"": {""attack"": {""enabled"": false}, ""branching"": {""input_split"": {""update_rhs_with_attack"": false}}}}}, ""biccos_applicable"": true, ""biccos_effective"": false, ""derived_path"": ""scratch/rq1_2026_tmp/baselines/abcrown/cifar100_2024/00055_1ed9b765d1d570c6162e_1yh4ru_o/config.yaml"", ""deviations"": [""attack-off (user decision D20): all attack/falsification stages disabled, see config.attack.overrides"", ""float32: general.double_fp=false; solver.use_float64_in_last_iteration=false; stable_f32 interpreter""], ""mapping"": ""exact"", ""notes"": [], ""official"": ""exp_configs/vnncomp25/cifar100.yaml"", ""official_biccos"": false, ""official_pgd_order"": ""middle"", ""variant"": ""official""}","[""attack-off (user decision D20): all attack/falsification stages disabled, see config.attack.overrides"", ""float32: general.double_fp=false; solver.use_float64_in_last_iteration=false; stable_f32 interpreter""]",,,0.0,11526.0,official_attack_off_f32,"[""abcrown"",""data/vnncomp2026/cifar100_2024/1.0/onnx/CIFAR100_resnet_medium.onnx"",""data/vnncomp2026/cifar100_2024/1.0/vnnlib/CIFAR100_resnet_medium_prop_idx_6528_sidx_5206_eps_0.0039.vnnlib"",100.0,""official_attack_off_f32""]",
cifar100_2024,56,CIFAR100_resnet_medium.onnx,CIFAR100_resnet_medium_prop_idx_1910_sidx_5960_eps_0.0039.vnnlib,timeout,100.19546103477478,TIMEOUT,0,100.0,100.19546103477478,104.12,4.671,108.88883765973151,1,0,,,not a FALSIFIED row,0,scratch/logs/fse2026/abcrown/cifar100_2024/00056_b19243b926984c3d8253_ykk3ywoz.log,6b8bbcfac1c01da1cabd240a87e4dce1a65f5a2b,"{""attack"": {""attack_off"": true, ""hook_replacements"": {}, ""overrides"": {""attack"": {""enable_mip_attack"": false, ""input_split_check_adv"": {""enabled"": ""false""}, ""pgd_order"": ""skip""}, ""bab"": {""attack"": {""enabled"": false}, ""branching"": {""input_split"": {""update_rhs_with_attack"": false}}}}}, ""biccos_applicable"": true, ""biccos_effective"": false, ""derived_path"": ""scratch/rq1_2026_tmp/baselines/abcrown/cifar100_2024/00056_b19243b926984c3d8253_ykk3ywoz/config.yaml"", ""deviations"": [""attack-off (user decision D20): all attack/falsification stages disabled, see config.attack.overrides"", ""float32: general.double_fp=false; solver.use_float64_in_last_iteration=false; stable_f32 interpreter""], ""mapping"": ""exact"", ""notes"": [], ""official"": ""exp_configs/vnncomp25/cifar100.yaml"", ""official_biccos"": false, ""official_pgd_order"": ""middle"", ""variant"": ""official""}","[""attack-off (user decision D20): all attack/falsification stages disabled, see config.attack.overrides"", ""float32: general.double_fp=false; solver.use_float64_in_last_iteration=false; stable_f32 interpreter""]",,,0.0,11526.0,official_attack_off_f32,"[""abcrown"",""data/vnncomp2026/cifar100_2024/1.0/onnx/CIFAR100_resnet_medium.onnx"",""data/vnncomp2026/cifar100_2024/1.0/vnnlib/CIFAR100_resnet_medium_prop_idx_1910_sidx_5960_eps_0.0039.vnnlib"",100.0,""official_attack_off_f32""]",
cifar100_2024,57,CIFAR100_resnet_medium.onnx,CIFAR100_resnet_medium_prop_idx_3890_sidx_8288_eps_0.0039.vnnlib,unsat,8.52156925201416,CERTIFIED,1,100.0,8.52156925201416,12.484,4.721,17.322890646755695,0,0,,,not a FALSIFIED row,0,scratch/logs/fse2026/abcrown/cifar100_2024/00057_b7e4e89c827f5b789be7_n_se67ql.log,6b8bbcfac1c01da1cabd240a87e4dce1a65f5a2b,"{""attack"": {""attack_off"": true, ""hook_replacements"": {}, ""overrides"": {""attack"": {""enable_mip_attack"": false, ""input_split_check_adv"": {""enabled"": ""false""}, ""pgd_order"": ""skip""}, ""bab"": {""attack"": {""enabled"": false}, ""branching"": {""input_split"": {""update_rhs_with_attack"": false}}}}}, ""biccos_applicable"": true, ""biccos_effective"": false, ""derived_path"": ""scratch/rq1_2026_tmp/baselines/abcrown/cifar100_2024/00057_b7e4e89c827f5b789be7_n_se67ql/config.yaml"", ""deviations"": [""attack-off (user decision D20): all attack/falsification stages disabled, see config.attack.overrides"", ""float32: general.double_fp=false; solver.use_float64_in_last_iteration=false; stable_f32 interpreter""], ""mapping"": ""exact"", ""notes"": [], ""official"": ""exp_configs/vnncomp25/cifar100.yaml"", ""official_biccos"": false, ""official_pgd_order"": ""middle"", ""variant"": ""official""}","[""attack-off (user decision D20): all attack/falsification stages disabled, see config.attack.overrides"", ""float32: general.double_fp=false; solver.use_float64_in_last_iteration=false; stable_f32 interpreter""]",,,37.0,13050.0,official_attack_off_f32,"[""abcrown"",""data/vnncomp2026/cifar100_2024/1.0/onnx/CIFAR100_resnet_medium.onnx"",""data/vnncomp2026/cifar100_2024/1.0/vnnlib/CIFAR100_resnet_medium_prop_idx_3890_sidx_8288_eps_0.0039.vnnlib"",100.0,""official_attack_off_f32""]",
cifar100_2024,58,CIFAR100_resnet_medium.onnx,CIFAR100_resnet_medium_prop_idx_4444_sidx_8929_eps_0.0039.vnnlib,unsat,3.265500545501709,CERTIFIED,1,100.0,3.265500545501709,7.075,4.621,11.819734059274197,0,0,,,not a FALSIFIED row,0,scratch/logs/fse2026/abcrown/cifar100_2024/00058_227b8224c27c3e8923d8_d5c0ytr6.log,6b8bbcfac1c01da1cabd240a87e4dce1a65f5a2b,"{""attack"": {""attack_off"": true, ""hook_replacements"": {}, ""overrides"": {""attack"": {""enable_mip_attack"": false, ""input_split_check_adv"": {""enabled"": ""false""}, ""pgd_order"": ""skip""}, ""bab"": {""attack"": {""enabled"": false}, ""branching"": {""input_split"": {""update_rhs_with_attack"": false}}}}}, ""biccos_applicable"": true, ""biccos_effective"": false, ""derived_path"": ""scratch/rq1_2026_tmp/baselines/abcrown/cifar100_2024/00058_227b8224c27c3e8923d8_d5c0ytr6/config.yaml"", ""deviations"": [""attack-off (user decision D20): all attack/falsification stages disabled, see config.attack.overrides"", ""float32: general.double_fp=false; solver.use_float64_in_last_iteration=false; stable_f32 interpreter""], ""mapping"": ""exact"", ""notes"": [], ""official"": ""exp_configs/vnncomp25/cifar100.yaml"", ""official_biccos"": false, ""official_pgd_order"": ""middle"", ""variant"": ""official""}","[""attack-off (user decision D20): all attack/falsification stages disabled, see config.attack.overrides"", ""float32: general.double_fp=false; solver.use_float64_in_last_iteration=false; stable_f32 interpreter""]",,,0.0,11526.0,official_attack_off_f32,"[""abcrown"",""data/vnncomp2026/cifar100_2024/1.0/onnx/CIFAR100_resnet_medium.onnx"",""data/vnncomp2026/cifar100_2024/1.0/vnnlib/CIFAR100_resnet_medium_prop_idx_4444_sidx_8929_eps_0.0039.vnnlib"",100.0,""official_attack_off_f32""]",
cifar100_2024,59,CIFAR100_resnet_medium.onnx,CIFAR100_resnet_medium_prop_idx_8833_sidx_1276_eps_0.0039.vnnlib,timeout,101.148264169693,TIMEOUT,0,100.0,101.148264169693,105.108,4.721,109.92450914531946,1,0,,,not a FALSIFIED row,0,scratch/logs/fse2026/abcrown/cifar100_2024/00059_bc0707116635fa0816a8_aosappr2.log,6b8bbcfac1c01da1cabd240a87e4dce1a65f5a2b,"{""attack"": {""attack_off"": true, ""hook_replacements"": {}, ""overrides"": {""attack"": {""enable_mip_attack"": false, ""input_split_check_adv"": {""enabled"": ""false""}, ""pgd_order"": ""skip""}, ""bab"": {""attack"": {""enabled"": false}, ""branching"": {""input_split"": {""update_rhs_with_attack"": false}}}}}, ""biccos_applicable"": true, ""biccos_effective"": false, ""derived_path"": ""scratch/rq1_2026_tmp/baselines/abcrown/cifar100_2024/00059_bc0707116635fa0816a8_aosappr2/config.yaml"", ""deviations"": [""attack-off (user decision D20): all attack/falsification stages disabled, see config.attack.overrides"", ""float32: general.double_fp=false; solver.use_float64_in_last_iteration=false; stable_f32 interpreter""], ""mapping"": ""exact"", ""notes"": [], ""official"": ""exp_configs/vnncomp25/cifar100.yaml"", ""official_biccos"": false, ""official_pgd_order"": ""middle"", ""variant"": ""official""}","[""attack-off (user decision D20): all attack/falsification stages disabled, see config.attack.overrides"", ""float32: general.double_fp=false; solver.use_float64_in_last_iteration=false; stable_f32 interpreter""]",,,0.0,11526.0,official_attack_off_f32,"[""abcrown"",""data/vnncomp2026/cifar100_2024/1.0/onnx/CIFAR100_resnet_medium.onnx"",""data/vnncomp2026/cifar100_2024/1.0/vnnlib/CIFAR100_resnet_medium_prop_idx_8833_sidx_1276_eps_0.0039.vnnlib"",100.0,""official_attack_off_f32""]",
cifar100_2024,60,CIFAR100_resnet_medium.onnx,CIFAR100_resnet_medium_prop_idx_1602_sidx_8694_eps_0.0039.vnnlib,unsat,2.2148520946502686,CERTIFIED,1,100.0,2.2148520946502686,6.275,5.023,11.418146824464202,0,0,,,not a FALSIFIED row,0,scratch/logs/fse2026/abcrown/cifar100_2024/00060_f7ed50079f260e432be3_6uycii62.log,6b8bbcfac1c01da1cabd240a87e4dce1a65f5a2b,"{""attack"": {""attack_off"": true, ""hook_replacements"": {}, ""overrides"": {""attack"": {""enable_mip_attack"": false, ""input_split_check_adv"": {""enabled"": ""false""}, ""pgd_order"": ""skip""}, ""bab"": {""attack"": {""enabled"": false}, ""branching"": {""input_split"": {""update_rhs_with_attack"": false}}}}}, ""biccos_applicable"": true, ""biccos_effective"": false, ""derived_path"": ""scratch/rq1_2026_tmp/baselines/abcrown/cifar100_2024/00060_f7ed50079f260e432be3_6uycii62/config.yaml"", ""deviations"": [""attack-off (user decision D20): all attack/falsification stages disabled, see config.attack.overrides"", ""float32: general.double_fp=false; solver.use_float64_in_last_iteration=false; stable_f32 interpreter""], ""mapping"": ""exact"", ""notes"": [], ""official"": ""exp_configs/vnncomp25/cifar100.yaml"", ""official_biccos"": false, ""official_pgd_order"": ""middle"", ""variant"": ""official""}","[""attack-off (user decision D20): all attack/falsification stages disabled, see config.attack.overrides"", ""float32: general.double_fp=false; solver.use_float64_in_last_iteration=false; stable_f32 interpreter""]",,,36.0,14906.0,official_attack_off_f32,"[""abcrown"",""data/vnncomp2026/cifar100_2024/1.0/onnx/CIFAR100_resnet_medium.onnx"",""data/vnncomp2026/cifar100_2024/1.0/vnnlib/CIFAR100_resnet_medium_prop_idx_1602_sidx_8694_eps_0.0039.vnnlib"",100.0,""official_attack_off_f32""]",
cifar100_2024,61,CIFAR100_resnet_medium.onnx,CIFAR100_resnet_medium_prop_idx_9101_sidx_2397_eps_0.0039.vnnlib,timeout,105.85847616195679,TIMEOUT,0,100.0,105.85847616195679,109.734,4.673,114.49829672463238,1,0,,,not a FALSIFIED row,0,scratch/logs/fse2026/abcrown/cifar100_2024/00061_46affbecb6edbbfd1207_4j_3gx_3.log,6b8bbcfac1c01da1cabd240a87e4dce1a65f5a2b,"{""attack"": {""attack_off"": true, ""hook_replacements"": {}, ""overrides"": {""attack"": {""enable_mip_attack"": false, ""input_split_check_adv"": {""enabled"": ""false""}, ""pgd_order"": ""skip""}, ""bab"": {""attack"": {""enabled"": false}, ""branching"": {""input_split"": {""update_rhs_with_attack"": false}}}}}, ""biccos_applicable"": true, ""biccos_effective"": false, ""derived_path"": ""scratch/rq1_2026_tmp/baselines/abcrown/cifar100_2024/00061_46affbecb6edbbfd1207_4j_3gx_3/config.yaml"", ""deviations"": [""attack-off (user decision D20): all attack/falsification stages disabled, see config.attack.overrides"", ""float32: general.double_fp=false; solver.use_float64_in_last_iteration=false; stable_f32 interpreter""], ""mapping"": ""exact"", ""notes"": [], ""official"": ""exp_configs/vnncomp25/cifar100.yaml"", ""official_biccos"": false, ""official_pgd_order"": ""middle"", ""variant"": ""official""}","[""attack-off (user decision D20): all attack/falsification stages disabled, see config.attack.overrides"", ""float32: general.double_fp=false; solver.use_float64_in_last_iteration=false; stable_f32 interpreter""]",,,0.0,11526.0,official_attack_off_f32,"[""abcrown"",""data/vnncomp2026/cifar100_2024/1.0/onnx/CIFAR100_resnet_medium.onnx"",""data/vnncomp2026/cifar100_2024/1.0/vnnlib/CIFAR100_resnet_medium_prop_idx_9101_sidx_2397_eps_0.0039.vnnlib"",100.0,""official_attack_off_f32""]",
cifar100_2024,62,CIFAR100_resnet_medium.onnx,CIFAR100_resnet_medium_prop_idx_8208_sidx_8378_eps_0.0039.vnnlib,unsat,4.670247793197632,CERTIFIED,1,100.0,4.670247793197632,8.377,4.722,13.216870829463005,0,0,,,not a FALSIFIED row,0,scratch/logs/fse2026/abcrown/cifar100_2024/00062_aade1cef9b1ced467d3e_zt8fd8x4.log,6b8bbcfac1c01da1cabd240a87e4dce1a65f5a2b,"{""attack"": {""attack_off"": true, ""hook_replacements"": {}, ""overrides"": {""attack"": {""enable_mip_attack"": false, ""input_split_check_adv"": {""enabled"": ""false""}, ""pgd_order"": ""skip""}, ""bab"": {""attack"": {""enabled"": false}, ""branching"": {""input_split"": {""update_rhs_with_attack"": false}}}}}, ""biccos_applicable"": true, ""biccos_effective"": false, ""derived_path"": ""scratch/rq1_2026_tmp/baselines/abcrown/cifar100_2024/00062_aade1cef9b1ced467d3e_zt8fd8x4/config.yaml"", ""deviations"": [""attack-off (user decision D20): all attack/falsification stages disabled, see config.attack.overrides"", ""float32: general.double_fp=false; solver.use_float64_in_last_iteration=false; stable_f32 interpreter""], ""mapping"": ""exact"", ""notes"": [], ""official"": ""exp_configs/vnncomp25/cifar100.yaml"", ""official_biccos"": false, ""official_pgd_order"": ""middle"", ""variant"": ""official""}","[""attack-off (user decision D20): all attack/falsification stages disabled, see config.attack.overrides"", ""float32: general.double_fp=false; solver.use_float64_in_last_iteration=false; stable_f32 interpreter""]",,,0.0,11526.0,official_attack_off_f32,"[""abcrown"",""data/vnncomp2026/cifar100_2024/1.0/onnx/CIFAR100_resnet_medium.onnx"",""data/vnncomp2026/cifar100_2024/1.0/vnnlib/CIFAR100_resnet_medium_prop_idx_8208_sidx_8378_eps_0.0039.vnnlib"",100.0,""official_attack_off_f32""]",
cifar100_2024,63,CIFAR100_resnet_medium.onnx,CIFAR100_resnet_medium_prop_idx_3805_sidx_6219_eps_0.0039.vnnlib,timeout,102.28948545455933,TIMEOUT,0,100.0,102.28948545455933,106.452,4.671,111.2300667539239,1,0,,,not a FALSIFIED row,0,scratch/logs/fse2026/abcrown/cifar100_2024/00063_107572cb066554b8066b_l1m_k03z.log,6b8bbcfac1c01da1cabd240a87e4dce1a65f5a2b,"{""attack"": {""attack_off"": true, ""hook_replacements"": {}, ""overrides"": {""attack"": {""enable_mip_attack"": false, ""input_split_check_adv"": {""enabled"": ""false""}, ""pgd_order"": ""skip""}, ""bab"": {""attack"": {""enabled"": false}, ""branching"": {""input_split"": {""update_rhs_with_attack"": false}}}}}, ""biccos_applicable"": true, ""biccos_effective"": false, ""derived_path"": ""scratch/rq1_2026_tmp/baselines/abcrown/cifar100_2024/00063_107572cb066554b8066b_l1m_k03z/config.yaml"", ""deviations"": [""attack-off (user decision D20): all attack/falsification stages disabled, see config.attack.overrides"", ""float32: general.double_fp=false; solver.use_float64_in_last_iteration=false; stable_f32 interpreter""], ""mapping"": ""exact"", ""notes"": [], ""official"": ""exp_configs/vnncomp25/cifar100.yaml"", ""official_biccos"": false, ""official_pgd_order"": ""middle"", ""variant"": ""official""}","[""attack-off (user decision D20): all attack/falsification stages disabled, see config.attack.overrides"", ""float32: general.double_fp=false; solver.use_float64_in_last_iteration=false; stable_f32 interpreter""]",,,0.0,12206.0,official_attack_off_f32,"[""abcrown"",""data/vnncomp2026/cifar100_2024/1.0/onnx/CIFAR100_resnet_medium.onnx"",""data/vnncomp2026/cifar100_2024/1.0/vnnlib/CIFAR100_resnet_medium_prop_idx_3805_sidx_6219_eps_0.0039.vnnlib"",100.0,""official_attack_off_f32""]",
cifar100_2024,64,CIFAR100_resnet_medium.onnx,CIFAR100_resnet_medium_prop_idx_7965_sidx_2482_eps_0.0039.vnnlib,unsat,4.1097800731658936,CERTIFIED,1,100.0,4.1097800731658936,8.179,5.023,13.321180468425155,0,0,,,not a FALSIFIED row,0,scratch/logs/fse2026/abcrown/cifar100_2024/00064_b9485c4b6c32048d44fa__v0fdk7e.log,6b8bbcfac1c01da1cabd240a87e4dce1a65f5a2b,"{""attack"": {""attack_off"": true, ""hook_replacements"": {}, ""overrides"": {""attack"": {""enable_mip_attack"": false, ""input_split_check_adv"": {""enabled"": ""false""}, ""pgd_order"": ""skip""}, ""bab"": {""attack"": {""enabled"": false}, ""branching"": {""input_split"": {""update_rhs_with_attack"": false}}}}}, ""biccos_applicable"": true, ""biccos_effective"": false, ""derived_path"": ""scratch/rq1_2026_tmp/baselines/abcrown/cifar100_2024/00064_b9485c4b6c32048d44fa__v0fdk7e/config.yaml"", ""deviations"": [""attack-off (user decision D20): all attack/falsification stages disabled, see config.attack.overrides"", ""float32: general.double_fp=false; solver.use_float64_in_last_iteration=false; stable_f32 interpreter""], ""mapping"": ""exact"", ""notes"": [], ""official"": ""exp_configs/vnncomp25/cifar100.yaml"", ""official_biccos"": false, ""official_pgd_order"": ""middle"", ""variant"": ""official""}","[""attack-off (user decision D20): all attack/falsification stages disabled, see config.attack.overrides"", ""float32: general.double_fp=false; solver.use_float64_in_last_iteration=false; stable_f32 interpreter""]",,,27.0,31656.0,official_attack_off_f32,"[""abcrown"",""data/vnncomp2026/cifar100_2024/1.0/onnx/CIFAR100_resnet_medium.onnx"",""data/vnncomp2026/cifar100_2024/1.0/vnnlib/CIFAR100_resnet_medium_prop_idx_7965_sidx_2482_eps_0.0039.vnnlib"",100.0,""official_attack_off_f32""]",
cifar100_2024,65,CIFAR100_resnet_medium.onnx,CIFAR100_resnet_medium_prop_idx_6030_sidx_7369_eps_0.0039.vnnlib,unsat,11.869446992874146,CERTIFIED,1,100.0,11.869446992874146,15.995,4.872,20.99201662838459,0,0,,,not a FALSIFIED row,0,scratch/logs/fse2026/abcrown/cifar100_2024/00065_5de824d213ed5cece039_ywtzwj3z.log,6b8bbcfac1c01da1cabd240a87e4dce1a65f5a2b,"{""attack"": {""attack_off"": true, ""hook_replacements"": {}, ""overrides"": {""attack"": {""enable_mip_attack"": false, ""input_split_check_adv"": {""enabled"": ""false""}, ""pgd_order"": ""skip""}, ""bab"": {""attack"": {""enabled"": false}, ""branching"": {""input_split"": {""update_rhs_with_attack"": false}}}}}, ""biccos_applicable"": true, ""biccos_effective"": false, ""derived_path"": ""scratch/rq1_2026_tmp/baselines/abcrown/cifar100_2024/00065_5de824d213ed5cece039_ywtzwj3z/config.yaml"", ""deviations"": [""attack-off (user decision D20): all attack/falsification stages disabled, see config.attack.overrides"", ""float32: general.double_fp=false; solver.use_float64_in_last_iteration=false; stable_f32 interpreter""], ""mapping"": ""exact"", ""notes"": [], ""official"": ""exp_configs/vnncomp25/cifar100.yaml"", ""official_biccos"": false, ""official_pgd_order"": ""middle"", ""variant"": ""official""}","[""attack-off (user decision D20): all attack/falsification stages disabled, see config.attack.overrides"", ""float32: general.double_fp=false; solver.use_float64_in_last_iteration=false; stable_f32 interpreter""]",,,29.0,31658.0,official_attack_off_f32,"[""abcrown"",""data/vnncomp2026/cifar100_2024/1.0/onnx/CIFAR100_resnet_medium.onnx"",""data/vnncomp2026/cifar100_2024/1.0/vnnlib/CIFAR100_resnet_medium_prop_idx_6030_sidx_7369_eps_0.0039.vnnlib"",100.0,""official_attack_off_f32""]",
cifar100_2024,66,CIFAR100_resnet_medium.onnx,CIFAR100_resnet_medium_prop_idx_5123_sidx_9175_eps_0.0039.vnnlib,unsat,46.711769580841064,CERTIFIED,1,100.0,46.711769580841064,50.61,5.073,55.807346468791366,0,0,,,not a FALSIFIED row,0,scratch/logs/fse2026/abcrown/cifar100_2024/00066_8591116b2655986e19e8_ituv2k8m.log,6b8bbcfac1c01da1cabd240a87e4dce1a65f5a2b,"{""attack"": {""attack_off"": true, ""hook_replacements"": {}, ""overrides"": {""attack"": {""enable_mip_attack"": false, ""input_split_check_adv"": {""enabled"": ""false""}, ""pgd_order"": ""skip""}, ""bab"": {""attack"": {""enabled"": false}, ""branching"": {""input_split"": {""update_rhs_with_attack"": false}}}}}, ""biccos_applicable"": true, ""biccos_effective"": false, ""derived_path"": ""scratch/rq1_2026_tmp/baselines/abcrown/cifar100_2024/00066_8591116b2655986e19e8_ituv2k8m/config.yaml"", ""deviations"": [""attack-off (user decision D20): all attack/falsification stages disabled, see config.attack.overrides"", ""float32: general.double_fp=false; solver.use_float64_in_last_iteration=false; stable_f32 interpreter""], ""mapping"": ""exact"", ""notes"": [], ""official"": ""exp_configs/vnncomp25/cifar100.yaml"", ""official_biccos"": false, ""official_pgd_order"": ""middle"", ""variant"": ""official""}","[""attack-off (user decision D20): all attack/falsification stages disabled, see config.attack.overrides"", ""float32: general.double_fp=false; solver.use_float64_in_last_iteration=false; stable_f32 interpreter""]",,,14.0,11526.0,official_attack_off_f32,"[""abcrown"",""data/vnncomp2026/cifar100_2024/1.0/onnx/CIFAR100_resnet_medium.onnx"",""data/vnncomp2026/cifar100_2024/1.0/vnnlib/CIFAR100_resnet_medium_prop_idx_5123_sidx_9175_eps_0.0039.vnnlib"",100.0,""official_attack_off_f32""]",
cifar100_2024,67,CIFAR100_resnet_medium.onnx,CIFAR100_resnet_medium_prop_idx_6047_sidx_2202_eps_0.0039.vnnlib,unsat,4.467644691467285,CERTIFIED,1,100.0,4.467644691467285,8.277,4.822,13.210964960977435,0,0,,,not a FALSIFIED row,0,scratch/logs/fse2026/abcrown/cifar100_2024/00067_1b88f5e38ea050d60307_ed272nu0.log,6b8bbcfac1c01da1cabd240a87e4dce1a65f5a2b,"{""attack"": {""attack_off"": true, ""hook_replacements"": {}, ""overrides"": {""attack"": {""enable_mip_attack"": false, ""input_split_check_adv"": {""enabled"": ""false""}, ""pgd_order"": ""skip""}, ""bab"": {""attack"": {""enabled"": false}, ""branching"": {""input_split"": {""update_rhs_with_attack"": false}}}}}, ""biccos_applicable"": true, ""biccos_effective"": false, ""derived_path"": ""scratch/rq1_2026_tmp/baselines/abcrown/cifar100_2024/00067_1b88f5e38ea050d60307_ed272nu0/config.yaml"", ""deviations"": [""attack-off (user decision D20): all attack/falsification stages disabled, see config.attack.overrides"", ""float32: general.double_fp=false; solver.use_float64_in_last_iteration=false; stable_f32 interpreter""], ""mapping"": ""exact"", ""notes"": [], ""official"": ""exp_configs/vnncomp25/cifar100.yaml"", ""official_biccos"": false, ""official_pgd_order"": ""middle"", ""variant"": ""official""}","[""attack-off (user decision D20): all attack/falsification stages disabled, see config.attack.overrides"", ""float32: general.double_fp=false; solver.use_float64_in_last_iteration=false; stable_f32 interpreter""]",,,0.0,11526.0,official_attack_off_f32,"[""abcrown"",""data/vnncomp2026/cifar100_2024/1.0/onnx/CIFAR100_resnet_medium.onnx"",""data/vnncomp2026/cifar100_2024/1.0/vnnlib/CIFAR100_resnet_medium_prop_idx_6047_sidx_2202_eps_0.0039.vnnlib"",100.0,""official_attack_off_f32""]",
cifar100_2024,68,CIFAR100_resnet_medium.onnx,CIFAR100_resnet_medium_prop_idx_8594_sidx_5815_eps_0.0039.vnnlib,timeout,101.7703046798706,TIMEOUT,0,100.0,101.7703046798706,105.713,4.772,110.61699422262609,1,0,,,not a FALSIFIED row,0,scratch/logs/fse2026/abcrown/cifar100_2024/00068_ee7fa6eb38f47472cdee_k9urzt6v.log,6b8bbcfac1c01da1cabd240a87e4dce1a65f5a2b,"{""attack"": {""attack_off"": true, ""hook_replacements"": {}, ""overrides"": {""attack"": {""enable_mip_attack"": false, ""input_split_check_adv"": {""enabled"": ""false""}, ""pgd_order"": ""skip""}, ""bab"": {""attack"": {""enabled"": false}, ""branching"": {""input_split"": {""update_rhs_with_attack"": false}}}}}, ""biccos_applicable"": true, ""biccos_effective"": false, ""derived_path"": ""scratch/rq1_2026_tmp/baselines/abcrown/cifar100_2024/00068_ee7fa6eb38f47472cdee_k9urzt6v/config.yaml"", ""deviations"": [""attack-off (user decision D20): all attack/falsification stages disabled, see config.attack.overrides"", ""float32: general.double_fp=false; solver.use_float64_in_last_iteration=false; stable_f32 interpreter""], ""mapping"": ""exact"", ""notes"": [], ""official"": ""exp_configs/vnncomp25/cifar100.yaml"", ""official_biccos"": false, ""official_pgd_order"": ""middle"", ""variant"": ""official""}","[""attack-off (user decision D20): all attack/falsification stages disabled, see config.attack.overrides"", ""float32: general.double_fp=false; solver.use_float64_in_last_iteration=false; stable_f32 interpreter""]",,,1.0,12548.0,official_attack_off_f32,"[""abcrown"",""data/vnncomp2026/cifar100_2024/1.0/onnx/CIFAR100_resnet_medium.onnx"",""data/vnncomp2026/cifar100_2024/1.0/vnnlib/CIFAR100_resnet_medium_prop_idx_8594_sidx_5815_eps_0.0039.vnnlib"",100.0,""official_attack_off_f32""]",
cifar100_2024,69,CIFAR100_resnet_medium.onnx,CIFAR100_resnet_medium_prop_idx_1761_sidx_3933_eps_0.0039.vnnlib,unsat,8.425034761428833,CERTIFIED,1,100.0,8.425034761428833,12.285,4.671,17.07595994323492,0,0,,,not a FALSIFIED row,0,scratch/logs/fse2026/abcrown/cifar100_2024/00069_1c1ca1b7318cea2c8d06_36zje63s.log,6b8bbcfac1c01da1cabd240a87e4dce1a65f5a2b,"{""attack"": {""attack_off"": true, ""hook_replacements"": {}, ""overrides"": {""attack"": {""enable_mip_attack"": false, ""input_split_check_adv"": {""enabled"": ""false""}, ""pgd_order"": ""skip""}, ""bab"": {""attack"": {""enabled"": false}, ""branching"": {""input_split"": {""update_rhs_with_attack"": false}}}}}, ""biccos_applicable"": true, ""biccos_effective"": false, ""derived_path"": ""scratch/rq1_2026_tmp/baselines/abcrown/cifar100_2024/00069_1c1ca1b7318cea2c8d06_36zje63s/config.yaml"", ""deviations"": [""attack-off (user decision D20): all attack/falsification stages disabled, see config.attack.overrides"", ""float32: general.double_fp=false; solver.use_float64_in_last_iteration=false; stable_f32 interpreter""], ""mapping"": ""exact"", ""notes"": [], ""official"": ""exp_configs/vnncomp25/cifar100.yaml"", ""official_biccos"": false, ""official_pgd_order"": ""middle"", ""variant"": ""official""}","[""attack-off (user decision D20): all attack/falsification stages disabled, see config.attack.overrides"", ""float32: general.double_fp=false; solver.use_float64_in_last_iteration=false; stable_f32 interpreter""]",,,0.0,12204.0,official_attack_off_f32,"[""abcrown"",""data/vnncomp2026/cifar100_2024/1.0/onnx/CIFAR100_resnet_medium.onnx"",""data/vnncomp2026/cifar100_2024/1.0/vnnlib/CIFAR100_resnet_medium_prop_idx_1761_sidx_3933_eps_0.0039.vnnlib"",100.0,""official_attack_off_f32""]",
cifar100_2024,70,CIFAR100_resnet_medium.onnx,CIFAR100_resnet_medium_prop_idx_143_sidx_8839_eps_0.0039.vnnlib,timeout,112.09064030647278,TIMEOUT,0,100.0,112.09064030647278,116.008,4.822,120.95447982102633,1,0,,,not a FALSIFIED row,0,scratch/logs/fse2026/abcrown/cifar100_2024/00070_1bab4e32d0fec79a2b1f_x8mm2nul.log,6b8bbcfac1c01da1cabd240a87e4dce1a65f5a2b,"{""attack"": {""attack_off"": true, ""hook_replacements"": {}, ""overrides"": {""attack"": {""enable_mip_attack"": false, ""input_split_check_adv"": {""enabled"": ""false""}, ""pgd_order"": ""skip""}, ""bab"": {""attack"": {""enabled"": false}, ""branching"": {""input_split"": {""update_rhs_with_attack"": false}}}}}, ""biccos_applicable"": true, ""biccos_effective"": false, ""derived_path"": ""scratch/rq1_2026_tmp/baselines/abcrown/cifar100_2024/00070_1bab4e32d0fec79a2b1f_x8mm2nul/config.yaml"", ""deviations"": [""attack-off (user decision D20): all attack/falsification stages disabled, see config.attack.overrides"", ""float32: general.double_fp=false; solver.use_float64_in_last_iteration=false; stable_f32 interpreter""], ""mapping"": ""exact"", ""notes"": [], ""official"": ""exp_configs/vnncomp25/cifar100.yaml"", ""official_biccos"": false, ""official_pgd_order"": ""middle"", ""variant"": ""official""}","[""attack-off (user decision D20): all attack/falsification stages disabled, see config.attack.overrides"", ""float32: general.double_fp=false; solver.use_float64_in_last_iteration=false; stable_f32 interpreter""]",,,53.0,12884.0,official_attack_off_f32,"[""abcrown"",""data/vnncomp2026/cifar100_2024/1.0/onnx/CIFAR100_resnet_medium.onnx"",""data/vnncomp2026/cifar100_2024/1.0/vnnlib/CIFAR100_resnet_medium_prop_idx_143_sidx_8839_eps_0.0039.vnnlib"",100.0,""official_attack_off_f32""]",
cifar100_2024,71,CIFAR100_resnet_medium.onnx,CIFAR100_resnet_medium_prop_idx_9872_sidx_9280_eps_0.0039.vnnlib,unsat,3.277005672454834,CERTIFIED,1,100.0,3.277005672454834,7.076,4.821,12.010472800582647,0,0,,,not a FALSIFIED row,0,scratch/logs/fse2026/abcrown/cifar100_2024/00071_9e8933e7102bb614367e_qi44zwve.log,6b8bbcfac1c01da1cabd240a87e4dce1a65f5a2b,"{""attack"": {""attack_off"": true, ""hook_replacements"": {}, ""overrides"": {""attack"": {""enable_mip_attack"": false, ""input_split_check_adv"": {""enabled"": ""false""}, ""pgd_order"": ""skip""}, ""bab"": {""attack"": {""enabled"": false}, ""branching"": {""input_split"": {""update_rhs_with_attack"": false}}}}}, ""biccos_applicable"": true, ""biccos_effective"": false, ""derived_path"": ""scratch/rq1_2026_tmp/baselines/abcrown/cifar100_2024/00071_9e8933e7102bb614367e_qi44zwve/config.yaml"", ""deviations"": [""attack-off (user decision D20): all attack/falsification stages disabled, see config.attack.overrides"", ""float32: general.double_fp=false; solver.use_float64_in_last_iteration=false; stable_f32 interpreter""], ""mapping"": ""exact"", ""notes"": [], ""official"": ""exp_configs/vnncomp25/cifar100.yaml"", ""official_biccos"": false, ""official_pgd_order"": ""middle"", ""variant"": ""official""}","[""attack-off (user decision D20): all attack/falsification stages disabled, see config.attack.overrides"", ""float32: general.double_fp=false; solver.use_float64_in_last_iteration=false; stable_f32 interpreter""]",,,72.0,11526.0,official_attack_off_f32,"[""abcrown"",""data/vnncomp2026/cifar100_2024/1.0/onnx/CIFAR100_resnet_medium.onnx"",""data/vnncomp2026/cifar100_2024/1.0/vnnlib/CIFAR100_resnet_medium_prop_idx_9872_sidx_9280_eps_0.0039.vnnlib"",100.0,""official_attack_off_f32""]",
cifar100_2024,72,CIFAR100_resnet_medium.onnx,CIFAR100_resnet_medium_prop_idx_6970_sidx_2728_eps_0.0039.vnnlib,unsat,3.2108752727508545,CERTIFIED,1,100.0,3.2108752727508545,6.977,4.722,11.817607587203383,0,0,,,not a FALSIFIED row,0,scratch/logs/fse2026/abcrown/cifar100_2024/00072_989466012cc6e6fcd703_f07n5ilu.log,6b8bbcfac1c01da1cabd240a87e4dce1a65f5a2b,"{""attack"": {""attack_off"": true, ""hook_replacements"": {}, ""overrides"": {""attack"": {""enable_mip_attack"": false, ""input_split_check_adv"": {""enabled"": ""false""}, ""pgd_order"": ""skip""}, ""bab"": {""attack"": {""enabled"": false}, ""branching"": {""input_split"": {""update_rhs_with_attack"": false}}}}}, ""biccos_applicable"": true, ""biccos_effective"": false, ""derived_path"": ""scratch/rq1_2026_tmp/baselines/abcrown/cifar100_2024/00072_989466012cc6e6fcd703_f07n5ilu/config.yaml"", ""deviations"": [""attack-off (user decision D20): all attack/falsification stages disabled, see config.attack.overrides"", ""float32: general.double_fp=false; solver.use_float64_in_last_iteration=false; stable_f32 interpreter""], ""mapping"": ""exact"", ""notes"": [], ""official"": ""exp_configs/vnncomp25/cifar100.yaml"", ""official_biccos"": false, ""official_pgd_order"": ""middle"", ""variant"": ""official""}","[""attack-off (user decision D20): all attack/falsification stages disabled, see config.attack.overrides"", ""float32: general.double_fp=false; solver.use_float64_in_last_iteration=false; stable_f32 interpreter""]",,,2.0,11526.0,official_attack_off_f32,"[""abcrown"",""data/vnncomp2026/cifar100_2024/1.0/onnx/CIFAR100_resnet_medium.onnx"",""data/vnncomp2026/cifar100_2024/1.0/vnnlib/CIFAR100_resnet_medium_prop_idx_6970_sidx_2728_eps_0.0039.vnnlib"",100.0,""official_attack_off_f32""]",
cifar100_2024,73,CIFAR100_resnet_medium.onnx,CIFAR100_resnet_medium_prop_idx_8101_sidx_2821_eps_0.0039.vnnlib,unsat,3.0437238216400146,CERTIFIED,1,100.0,3.0437238216400146,6.725,4.571,11.416405230760574,0,0,,,not a FALSIFIED row,0,scratch/logs/fse2026/abcrown/cifar100_2024/00073_f027b26534f4e5d2dcd5_3lz16l85.log,6b8bbcfac1c01da1cabd240a87e4dce1a65f5a2b,"{""attack"": {""attack_off"": true, ""hook_replacements"": {}, ""overrides"": {""attack"": {""enable_mip_attack"": false, ""input_split_check_adv"": {""enabled"": ""false""}, ""pgd_order"": ""skip""}, ""bab"": {""attack"": {""enabled"": false}, ""branching"": {""input_split"": {""update_rhs_with_attack"": false}}}}}, ""biccos_applicable"": true, ""biccos_effective"": false, ""derived_path"": ""scratch/rq1_2026_tmp/baselines/abcrown/cifar100_2024/00073_f027b26534f4e5d2dcd5_3lz16l85/config.yaml"", ""deviations"": [""attack-off (user decision D20): all attack/falsification stages disabled, see config.attack.overrides"", ""float32: general.double_fp=false; solver.use_float64_in_last_iteration=false; stable_f32 interpreter""], ""mapping"": ""exact"", ""notes"": [], ""official"": ""exp_configs/vnncomp25/cifar100.yaml"", ""official_biccos"": false, ""official_pgd_order"": ""middle"", ""variant"": ""official""}","[""attack-off (user decision D20): all attack/falsification stages disabled, see config.attack.overrides"", ""float32: general.double_fp=false; solver.use_float64_in_last_iteration=false; stable_f32 interpreter""]",,,10.0,11526.0,official_attack_off_f32,"[""abcrown"",""data/vnncomp2026/cifar100_2024/1.0/onnx/CIFAR100_resnet_medium.onnx"",""data/vnncomp2026/cifar100_2024/1.0/vnnlib/CIFAR100_resnet_medium_prop_idx_8101_sidx_2821_eps_0.0039.vnnlib"",100.0,""official_attack_off_f32""]",
cifar100_2024,74,CIFAR100_resnet_medium.onnx,CIFAR100_resnet_medium_prop_idx_3291_sidx_5013_eps_0.0039.vnnlib,unsat,2.9788925647735596,CERTIFIED,1,100.0,2.9788925647735596,6.774,4.624,11.51550479233265,0,0,,,not a FALSIFIED row,0,scratch/logs/fse2026/abcrown/cifar100_2024/00074_978b068adc7cdc4a0a89_j2ymw_iw.log,6b8bbcfac1c01da1cabd240a87e4dce1a65f5a2b,"{""attack"": {""attack_off"": true, ""hook_replacements"": {}, ""overrides"": {""attack"": {""enable_mip_attack"": false, ""input_split_check_adv"": {""enabled"": ""false""}, ""pgd_order"": ""skip""}, ""bab"": {""attack"": {""enabled"": false}, ""branching"": {""input_split"": {""update_rhs_with_attack"": false}}}}}, ""biccos_applicable"": true, ""biccos_effective"": false, ""derived_path"": ""scratch/rq1_2026_tmp/baselines/abcrown/cifar100_2024/00074_978b068adc7cdc4a0a89_j2ymw_iw/config.yaml"", ""deviations"": [""attack-off (user decision D20): all attack/falsification stages disabled, see config.attack.overrides"", ""float32: general.double_fp=false; solver.use_float64_in_last_iteration=false; stable_f32 interpreter""], ""mapping"": ""exact"", ""notes"": [], ""official"": ""exp_configs/vnncomp25/cifar100.yaml"", ""official_biccos"": false, ""official_pgd_order"": ""middle"", ""variant"": ""official""}","[""attack-off (user decision D20): all attack/falsification stages disabled, see config.attack.overrides"", ""float32: general.double_fp=false; solver.use_float64_in_last_iteration=false; stable_f32 interpreter""]",,,0.0,11526.0,official_attack_off_f32,"[""abcrown"",""data/vnncomp2026/cifar100_2024/1.0/onnx/CIFAR100_resnet_medium.onnx"",""data/vnncomp2026/cifar100_2024/1.0/vnnlib/CIFAR100_resnet_medium_prop_idx_3291_sidx_5013_eps_0.0039.vnnlib"",100.0,""official_attack_off_f32""]",
cifar100_2024,75,CIFAR100_resnet_medium.onnx,CIFAR100_resnet_medium_prop_idx_6583_sidx_8860_eps_0.0039.vnnlib,unsat,12.484070301055908,CERTIFIED,1,100.0,12.484070301055908,16.241,4.571,20.933091500774026,0,0,,,not a FALSIFIED row,0,scratch/logs/fse2026/abcrown/cifar100_2024/00075_689ec822341b4898c47a_zsn_vj29.log,6b8bbcfac1c01da1cabd240a87e4dce1a65f5a2b,"{""attack"": {""attack_off"": true, ""hook_replacements"": {}, ""overrides"": {""attack"": {""enable_mip_attack"": false, ""input_split_check_adv"": {""enabled"": ""false""}, ""pgd_order"": ""skip""}, ""bab"": {""attack"": {""enabled"": false}, ""branching"": {""input_split"": {""update_rhs_with_attack"": false}}}}}, ""biccos_applicable"": true, ""biccos_effective"": false, ""derived_path"": ""scratch/rq1_2026_tmp/baselines/abcrown/cifar100_2024/00075_689ec822341b4898c47a_zsn_vj29/config.yaml"", ""deviations"": [""attack-off (user decision D20): all attack/falsification stages disabled, see config.attack.overrides"", ""float32: general.double_fp=false; solver.use_float64_in_last_iteration=false; stable_f32 interpreter""], ""mapping"": ""exact"", ""notes"": [], ""official"": ""exp_configs/vnncomp25/cifar100.yaml"", ""official_biccos"": false, ""official_pgd_order"": ""middle"", ""variant"": ""official""}","[""attack-off (user decision D20): all attack/falsification stages disabled, see config.attack.overrides"", ""float32: general.double_fp=false; solver.use_float64_in_last_iteration=false; stable_f32 interpreter""]",,,9.0,11526.0,official_attack_off_f32,"[""abcrown"",""data/vnncomp2026/cifar100_2024/1.0/onnx/CIFAR100_resnet_medium.onnx"",""data/vnncomp2026/cifar100_2024/1.0/vnnlib/CIFAR100_resnet_medium_prop_idx_6583_sidx_8860_eps_0.0039.vnnlib"",100.0,""official_attack_off_f32""]",
cifar100_2024,76,CIFAR100_resnet_medium.onnx,CIFAR100_resnet_medium_prop_idx_4141_sidx_5393_eps_0.0039.vnnlib,timeout,109.71248650550842,TIMEOUT,0,100.0,109.71248650550842,113.745,4.621,118.49200792424381,1,0,,,not a FALSIFIED row,0,scratch/logs/fse2026/abcrown/cifar100_2024/00076_e473cff9229a76432316_0ugmtcai.log,6b8bbcfac1c01da1cabd240a87e4dce1a65f5a2b,"{""attack"": {""attack_off"": true, ""hook_replacements"": {}, ""overrides"": {""attack"": {""enable_mip_attack"": false, ""input_split_check_adv"": {""enabled"": ""false""}, ""pgd_order"": ""skip""}, ""bab"": {""attack"": {""enabled"": false}, ""branching"": {""input_split"": {""update_rhs_with_attack"": false}}}}}, ""biccos_applicable"": true, ""biccos_effective"": false, ""derived_path"": ""scratch/rq1_2026_tmp/baselines/abcrown/cifar100_2024/00076_e473cff9229a76432316_0ugmtcai/config.yaml"", ""deviations"": [""attack-off (user decision D20): all attack/falsification stages disabled, see config.attack.overrides"", ""float32: general.double_fp=false; solver.use_float64_in_last_iteration=false; stable_f32 interpreter""], ""mapping"": ""exact"", ""notes"": [], ""official"": ""exp_configs/vnncomp25/cifar100.yaml"", ""official_biccos"": false, ""official_pgd_order"": ""middle"", ""variant"": ""official""}","[""attack-off (user decision D20): all attack/falsification stages disabled, see config.attack.overrides"", ""float32: general.double_fp=false; solver.use_float64_in_last_iteration=false; stable_f32 interpreter""]",,,18.0,11526.0,official_attack_off_f32,"[""abcrown"",""data/vnncomp2026/cifar100_2024/1.0/onnx/CIFAR100_resnet_medium.onnx"",""data/vnncomp2026/cifar100_2024/1.0/vnnlib/CIFAR100_resnet_medium_prop_idx_4141_sidx_5393_eps_0.0039.vnnlib"",100.0,""official_attack_off_f32""]",
cifar100_2024,77,CIFAR100_resnet_medium.onnx,CIFAR100_resnet_medium_prop_idx_2921_sidx_3619_eps_0.0039.vnnlib,unsat,16.31244993209839,CERTIFIED,1,100.0,16.31244993209839,20.255,4.822,25.190984236076474,0,0,,,not a FALSIFIED row,0,scratch/logs/fse2026/abcrown/cifar100_2024/00077_1f59e8d517e04bd3e205_0ikd8qgi.log,6b8bbcfac1c01da1cabd240a87e4dce1a65f5a2b,"{""attack"": {""attack_off"": true, ""hook_replacements"": {}, ""overrides"": {""attack"": {""enable_mip_attack"": false, ""input_split_check_adv"": {""enabled"": ""false""}, ""pgd_order"": ""skip""}, ""bab"": {""attack"": {""enabled"": false}, ""branching"": {""input_split"": {""update_rhs_with_attack"": false}}}}}, ""biccos_applicable"": true, ""biccos_effective"": false, ""derived_path"": ""scratch/rq1_2026_tmp/baselines/abcrown/cifar100_2024/00077_1f59e8d517e04bd3e205_0ikd8qgi/config.yaml"", ""deviations"": [""attack-off (user decision D20): all attack/falsification stages disabled, see config.attack.overrides"", ""float32: general.double_fp=false; solver.use_float64_in_last_iteration=false; stable_f32 interpreter""], ""mapping"": ""exact"", ""notes"": [], ""official"": ""exp_configs/vnncomp25/cifar100.yaml"", ""official_biccos"": false, ""official_pgd_order"": ""middle"", ""variant"": ""official""}","[""attack-off (user decision D20): all attack/falsification stages disabled, see config.attack.overrides"", ""float32: general.double_fp=false; solver.use_float64_in_last_iteration=false; stable_f32 interpreter""]",,,0.0,11526.0,official_attack_off_f32,"[""abcrown"",""data/vnncomp2026/cifar100_2024/1.0/onnx/CIFAR100_resnet_medium.onnx"",""data/vnncomp2026/cifar100_2024/1.0/vnnlib/CIFAR100_resnet_medium_prop_idx_2921_sidx_3619_eps_0.0039.vnnlib"",100.0,""official_attack_off_f32""]",
cifar100_2024,78,CIFAR100_resnet_medium.onnx,CIFAR100_resnet_medium_prop_idx_955_sidx_7389_eps_0.0039.vnnlib,timeout,100.65589308738708,TIMEOUT,0,100.0,100.65589308738708,104.535,4.521,109.17823180742562,1,0,,,not a FALSIFIED row,0,scratch/logs/fse2026/abcrown/cifar100_2024/00078_a1dfba3f9ebebdc62a06_0tfddyl7.log,6b8bbcfac1c01da1cabd240a87e4dce1a65f5a2b,"{""attack"": {""attack_off"": true, ""hook_replacements"": {}, ""overrides"": {""attack"": {""enable_mip_attack"": false, ""input_split_check_adv"": {""enabled"": ""false""}, ""pgd_order"": ""skip""}, ""bab"": {""attack"": {""enabled"": false}, ""branching"": {""input_split"": {""update_rhs_with_attack"": false}}}}}, ""biccos_applicable"": true, ""biccos_effective"": false, ""derived_path"": ""scratch/rq1_2026_tmp/baselines/abcrown/cifar100_2024/00078_a1dfba3f9ebebdc62a06_0tfddyl7/config.yaml"", ""deviations"": [""attack-off (user decision D20): all attack/falsification stages disabled, see config.attack.overrides"", ""float32: general.double_fp=false; solver.use_float64_in_last_iteration=false; stable_f32 interpreter""], ""mapping"": ""exact"", ""notes"": [], ""official"": ""exp_configs/vnncomp25/cifar100.yaml"", ""official_biccos"": false, ""official_pgd_order"": ""middle"", ""variant"": ""official""}","[""attack-off (user decision D20): all attack/falsification stages disabled, see config.attack.overrides"", ""float32: general.double_fp=false; solver.use_float64_in_last_iteration=false; stable_f32 interpreter""]",,,0.0,11526.0,official_attack_off_f32,"[""abcrown"",""data/vnncomp2026/cifar100_2024/1.0/onnx/CIFAR100_resnet_medium.onnx"",""data/vnncomp2026/cifar100_2024/1.0/vnnlib/CIFAR100_resnet_medium_prop_idx_955_sidx_7389_eps_0.0039.vnnlib"",100.0,""official_attack_off_f32""]",
cifar100_2024,79,CIFAR100_resnet_medium.onnx,CIFAR100_resnet_medium_prop_idx_4164_sidx_3458_eps_0.0039.vnnlib,unsat,52.961209297180176,CERTIFIED,1,100.0,52.961209297180176,56.958,4.571,61.66457326710224,0,0,,,not a FALSIFIED row,0,scratch/logs/fse2026/abcrown/cifar100_2024/00079_5536b0d3bf2cf59adf15_3f1gm9n0.log,6b8bbcfac1c01da1cabd240a87e4dce1a65f5a2b,"{""attack"": {""attack_off"": true, ""hook_replacements"": {}, ""overrides"": {""attack"": {""enable_mip_attack"": false, ""input_split_check_adv"": {""enabled"": ""false""}, ""pgd_order"": ""skip""}, ""bab"": {""attack"": {""enabled"": false}, ""branching"": {""input_split"": {""update_rhs_with_attack"": false}}}}}, ""biccos_applicable"": true, ""biccos_effective"": false, ""derived_path"": ""scratch/rq1_2026_tmp/baselines/abcrown/cifar100_2024/00079_5536b0d3bf2cf59adf15_3f1gm9n0/config.yaml"", ""deviations"": [""attack-off (user decision D20): all attack/falsification stages disabled, see config.attack.overrides"", ""float32: general.double_fp=false; solver.use_float64_in_last_iteration=false; stable_f32 interpreter""], ""mapping"": ""exact"", ""notes"": [], ""official"": ""exp_configs/vnncomp25/cifar100.yaml"", ""official_biccos"": false, ""official_pgd_order"": ""middle"", ""variant"": ""official""}","[""attack-off (user decision D20): all attack/falsification stages disabled, see config.attack.overrides"", ""float32: general.double_fp=false; solver.use_float64_in_last_iteration=false; stable_f32 interpreter""]",,,0.0,11526.0,official_attack_off_f32,"[""abcrown"",""data/vnncomp2026/cifar100_2024/1.0/onnx/CIFAR100_resnet_medium.onnx"",""data/vnncomp2026/cifar100_2024/1.0/vnnlib/CIFAR100_resnet_medium_prop_idx_4164_sidx_3458_eps_0.0039.vnnlib"",100.0,""official_attack_off_f32""]",
cifar100_2024,80,CIFAR100_resnet_medium.onnx,CIFAR100_resnet_medium_prop_idx_4731_sidx_3010_eps_0.0039.vnnlib,timeout,103.70736169815063,TIMEOUT,0,100.0,103.70736169815063,107.713,4.721,112.54974117688835,1,0,,,not a FALSIFIED row,0,scratch/logs/fse2026/abcrown/cifar100_2024/00080_f28c1f78485e077a7cf5_htrhtoex.log,6b8bbcfac1c01da1cabd240a87e4dce1a65f5a2b,"{""attack"": {""attack_off"": true, ""hook_replacements"": {}, ""overrides"": {""attack"": {""enable_mip_attack"": false, ""input_split_check_adv"": {""enabled"": ""false""}, ""pgd_order"": ""skip""}, ""bab"": {""attack"": {""enabled"": false}, ""branching"": {""input_split"": {""update_rhs_with_attack"": false}}}}}, ""biccos_applicable"": true, ""biccos_effective"": false, ""derived_path"": ""scratch/rq1_2026_tmp/baselines/abcrown/cifar100_2024/00080_f28c1f78485e077a7cf5_htrhtoex/config.yaml"", ""deviations"": [""attack-off (user decision D20): all attack/falsification stages disabled, see config.attack.overrides"", ""float32: general.double_fp=false; solver.use_float64_in_last_iteration=false; stable_f32 interpreter""], ""mapping"": ""exact"", ""notes"": [], ""official"": ""exp_configs/vnncomp25/cifar100.yaml"", ""official_biccos"": false, ""official_pgd_order"": ""middle"", ""variant"": ""official""}","[""attack-off (user decision D20): all attack/falsification stages disabled, see config.attack.overrides"", ""float32: general.double_fp=false; solver.use_float64_in_last_iteration=false; stable_f32 interpreter""]",,,0.0,11526.0,official_attack_off_f32,"[""abcrown"",""data/vnncomp2026/cifar100_2024/1.0/onnx/CIFAR100_resnet_medium.onnx"",""data/vnncomp2026/cifar100_2024/1.0/vnnlib/CIFAR100_resnet_medium_prop_idx_4731_sidx_3010_eps_0.0039.vnnlib"",100.0,""official_attack_off_f32""]",
cifar100_2024,81,CIFAR100_resnet_medium.onnx,CIFAR100_resnet_medium_prop_idx_3883_sidx_8369_eps_0.0039.vnnlib,unsat,13.121936798095703,CERTIFIED,1,100.0,13.121936798095703,16.996,4.721,21.835791889578104,0,0,,,not a FALSIFIED row,0,scratch/logs/fse2026/abcrown/cifar100_2024/00081_a8824c6b86fa04fd39e4_wtaru2pp.log,6b8bbcfac1c01da1cabd240a87e4dce1a65f5a2b,"{""attack"": {""attack_off"": true, ""hook_replacements"": {}, ""overrides"": {""attack"": {""enable_mip_attack"": false, ""input_split_check_adv"": {""enabled"": ""false""}, ""pgd_order"": ""skip""}, ""bab"": {""attack"": {""enabled"": false}, ""branching"": {""input_split"": {""update_rhs_with_attack"": false}}}}}, ""biccos_applicable"": true, ""biccos_effective"": false, ""derived_path"": ""scratch/rq1_2026_tmp/baselines/abcrown/cifar100_2024/00081_a8824c6b86fa04fd39e4_wtaru2pp/config.yaml"", ""deviations"": [""attack-off (user decision D20): all attack/falsification stages disabled, see config.attack.overrides"", ""float32: general.double_fp=false; solver.use_float64_in_last_iteration=false; stable_f32 interpreter""], ""mapping"": ""exact"", ""notes"": [], ""official"": ""exp_configs/vnncomp25/cifar100.yaml"", ""official_biccos"": false, ""official_pgd_order"": ""middle"", ""variant"": ""official""}","[""attack-off (user decision D20): all attack/falsification stages disabled, see config.attack.overrides"", ""float32: general.double_fp=false; solver.use_float64_in_last_iteration=false; stable_f32 interpreter""]",,,0.0,11526.0,official_attack_off_f32,"[""abcrown"",""data/vnncomp2026/cifar100_2024/1.0/onnx/CIFAR100_resnet_medium.onnx"",""data/vnncomp2026/cifar100_2024/1.0/vnnlib/CIFAR100_resnet_medium_prop_idx_3883_sidx_8369_eps_0.0039.vnnlib"",100.0,""official_attack_off_f32""]",
cifar100_2024,82,CIFAR100_resnet_medium.onnx,CIFAR100_resnet_medium_prop_idx_8188_sidx_1723_eps_0.0039.vnnlib,unsat,4.000203847885132,CERTIFIED,1,100.0,4.000203847885132,7.931,4.521,12.57005481608212,0,0,,,not a FALSIFIED row,0,scratch/logs/fse2026/abcrown/cifar100_2024/00082_46cebe3dbdc510098d11_5wdcx8ey.log,6b8bbcfac1c01da1cabd240a87e4dce1a65f5a2b,"{""attack"": {""attack_off"": true, ""hook_replacements"": {}, ""overrides"": {""attack"": {""enable_mip_attack"": false, ""input_split_check_adv"": {""enabled"": ""false""}, ""pgd_order"": ""skip""}, ""bab"": {""attack"": {""enabled"": false}, ""branching"": {""input_split"": {""update_rhs_with_attack"": false}}}}}, ""biccos_applicable"": true, ""biccos_effective"": false, ""derived_path"": ""scratch/rq1_2026_tmp/baselines/abcrown/cifar100_2024/00082_46cebe3dbdc510098d11_5wdcx8ey/config.yaml"", ""deviations"": [""attack-off (user decision D20): all attack/falsification stages disabled, see config.attack.overrides"", ""float32: general.double_fp=false; solver.use_float64_in_last_iteration=false; stable_f32 interpreter""], ""mapping"": ""exact"", ""notes"": [], ""official"": ""exp_configs/vnncomp25/cifar100.yaml"", ""official_biccos"": false, ""official_pgd_order"": ""middle"", ""variant"": ""official""}","[""attack-off (user decision D20): all attack/falsification stages disabled, see config.attack.overrides"", ""float32: general.double_fp=false; solver.use_float64_in_last_iteration=false; stable_f32 interpreter""]",,,0.0,11526.0,official_attack_off_f32,"[""abcrown"",""data/vnncomp2026/cifar100_2024/1.0/onnx/CIFAR100_resnet_medium.onnx"",""data/vnncomp2026/cifar100_2024/1.0/vnnlib/CIFAR100_resnet_medium_prop_idx_8188_sidx_1723_eps_0.0039.vnnlib"",100.0,""official_attack_off_f32""]",
cifar100_2024,83,CIFAR100_resnet_medium.onnx,CIFAR100_resnet_medium_prop_idx_2991_sidx_2524_eps_0.0039.vnnlib,timeout,101.7474946975708,TIMEOUT,0,100.0,101.7474946975708,105.696,4.723,110.54445264302194,1,0,,,not a FALSIFIED row,0,scratch/logs/fse2026/abcrown/cifar100_2024/00083_c82ab3bb88e6a3761e49_w4i98_8y.log,6b8bbcfac1c01da1cabd240a87e4dce1a65f5a2b,"{""attack"": {""attack_off"": true, ""hook_replacements"": {}, ""overrides"": {""attack"": {""enable_mip_attack"": false, ""input_split_check_adv"": {""enabled"": ""false""}, ""pgd_order"": ""skip""}, ""bab"": {""attack"": {""enabled"": false}, ""branching"": {""input_split"": {""update_rhs_with_attack"": false}}}}}, ""biccos_applicable"": true, ""biccos_effective"": false, ""derived_path"": ""scratch/rq1_2026_tmp/baselines/abcrown/cifar100_2024/00083_c82ab3bb88e6a3761e49_w4i98_8y/config.yaml"", ""deviations"": [""attack-off (user decision D20): all attack/falsification stages disabled, see config.attack.overrides"", ""float32: general.double_fp=false; solver.use_float64_in_last_iteration=false; stable_f32 interpreter""], ""mapping"": ""exact"", ""notes"": [], ""official"": ""exp_configs/vnncomp25/cifar100.yaml"", ""official_biccos"": false, ""official_pgd_order"": ""middle"", ""variant"": ""official""}","[""attack-off (user decision D20): all attack/falsification stages disabled, see config.attack.overrides"", ""float32: general.double_fp=false; solver.use_float64_in_last_iteration=false; stable_f32 interpreter""]",,,0.0,11526.0,official_attack_off_f32,"[""abcrown"",""data/vnncomp2026/cifar100_2024/1.0/onnx/CIFAR100_resnet_medium.onnx"",""data/vnncomp2026/cifar100_2024/1.0/vnnlib/CIFAR100_resnet_medium_prop_idx_2991_sidx_2524_eps_0.0039.vnnlib"",100.0,""official_attack_off_f32""]",
cifar100_2024,84,CIFAR100_resnet_medium.onnx,CIFAR100_resnet_medium_prop_idx_546_sidx_9422_eps_0.0039.vnnlib,unsat,2.045220375061035,CERTIFIED,1,100.0,2.045220375061035,6.124,4.722,10.966518426313996,0,0,,,not a FALSIFIED row,0,scratch/logs/fse2026/abcrown/cifar100_2024/00084_0c41d774ee0679c3536a_2mlxzne7.log,6b8bbcfac1c01da1cabd240a87e4dce1a65f5a2b,"{""attack"": {""attack_off"": true, ""hook_replacements"": {}, ""overrides"": {""attack"": {""enable_mip_attack"": false, ""input_split_check_adv"": {""enabled"": ""false""}, ""pgd_order"": ""skip""}, ""bab"": {""attack"": {""enabled"": false}, ""branching"": {""input_split"": {""update_rhs_with_attack"": false}}}}}, ""biccos_applicable"": true, ""biccos_effective"": false, ""derived_path"": ""scratch/rq1_2026_tmp/baselines/abcrown/cifar100_2024/00084_0c41d774ee0679c3536a_2mlxzne7/config.yaml"", ""deviations"": [""attack-off (user decision D20): all attack/falsification stages disabled, see config.attack.overrides"", ""float32: general.double_fp=false; solver.use_float64_in_last_iteration=false; stable_f32 interpreter""], ""mapping"": ""exact"", ""notes"": [], ""official"": ""exp_configs/vnncomp25/cifar100.yaml"", ""official_biccos"": false, ""official_pgd_order"": ""middle"", ""variant"": ""official""}","[""attack-off (user decision D20): all attack/falsification stages disabled, see config.attack.overrides"", ""float32: general.double_fp=false; solver.use_float64_in_last_iteration=false; stable_f32 interpreter""]",,,0.0,18512.0,official_attack_off_f32,"[""abcrown"",""data/vnncomp2026/cifar100_2024/1.0/onnx/CIFAR100_resnet_medium.onnx"",""data/vnncomp2026/cifar100_2024/1.0/vnnlib/CIFAR100_resnet_medium_prop_idx_546_sidx_9422_eps_0.0039.vnnlib"",100.0,""official_attack_off_f32""]",
cifar100_2024,85,CIFAR100_resnet_medium.onnx,CIFAR100_resnet_medium_prop_idx_8134_sidx_6598_eps_0.0039.vnnlib,timeout,109.69550085067749,TIMEOUT,0,100.0,109.69550085067749,113.657,4.721,118.49929992482066,1,0,,,not a FALSIFIED row,0,scratch/logs/fse2026/abcrown/cifar100_2024/00085_96478b105435b56c2900_xhfbhewe.log,6b8bbcfac1c01da1cabd240a87e4dce1a65f5a2b,"{""attack"": {""attack_off"": true, ""hook_replacements"": {}, ""overrides"": {""attack"": {""enable_mip_attack"": false, ""input_split_check_adv"": {""enabled"": ""false""}, ""pgd_order"": ""skip""}, ""bab"": {""attack"": {""enabled"": false}, ""branching"": {""input_split"": {""update_rhs_with_attack"": false}}}}}, ""biccos_applicable"": true, ""biccos_effective"": false, ""derived_path"": ""scratch/rq1_2026_tmp/baselines/abcrown/cifar100_2024/00085_96478b105435b56c2900_xhfbhewe/config.yaml"", ""deviations"": [""attack-off (user decision D20): all attack/falsification stages disabled, see config.attack.overrides"", ""float32: general.double_fp=false; solver.use_float64_in_last_iteration=false; stable_f32 interpreter""], ""mapping"": ""exact"", ""notes"": [], ""official"": ""exp_configs/vnncomp25/cifar100.yaml"", ""official_biccos"": false, ""official_pgd_order"": ""middle"", ""variant"": ""official""}","[""attack-off (user decision D20): all attack/falsification stages disabled, see config.attack.overrides"", ""float32: general.double_fp=false; solver.use_float64_in_last_iteration=false; stable_f32 interpreter""]",,,14.0,18548.0,official_attack_off_f32,"[""abcrown"",""data/vnncomp2026/cifar100_2024/1.0/onnx/CIFAR100_resnet_medium.onnx"",""data/vnncomp2026/cifar100_2024/1.0/vnnlib/CIFAR100_resnet_medium_prop_idx_8134_sidx_6598_eps_0.0039.vnnlib"",100.0,""official_attack_off_f32""]",
cifar100_2024,86,CIFAR100_resnet_medium.onnx,CIFAR100_resnet_medium_prop_idx_4470_sidx_4218_eps_0.0039.vnnlib,unsat,3.5619943141937256,CERTIFIED,1,100.0,3.5619943141937256,7.325,4.571,12.00955868512392,0,0,,,not a FALSIFIED row,0,scratch/logs/fse2026/abcrown/cifar100_2024/00086_06ddd1cefa39568ae260_jpehcua6.log,6b8bbcfac1c01da1cabd240a87e4dce1a65f5a2b,"{""attack"": {""attack_off"": true, ""hook_replacements"": {}, ""overrides"": {""attack"": {""enable_mip_attack"": false, ""input_split_check_adv"": {""enabled"": ""false""}, ""pgd_order"": ""skip""}, ""bab"": {""attack"": {""enabled"": false}, ""branching"": {""input_split"": {""update_rhs_with_attack"": false}}}}}, ""biccos_applicable"": true, ""biccos_effective"": false, ""derived_path"": ""scratch/rq1_2026_tmp/baselines/abcrown/cifar100_2024/00086_06ddd1cefa39568ae260_jpehcua6/config.yaml"", ""deviations"": [""attack-off (user decision D20): all attack/falsification stages disabled, see config.attack.overrides"", ""float32: general.double_fp=false; solver.use_float64_in_last_iteration=false; stable_f32 interpreter""], ""mapping"": ""exact"", ""notes"": [], ""official"": ""exp_configs/vnncomp25/cifar100.yaml"", ""official_biccos"": false, ""official_pgd_order"": ""middle"", ""variant"": ""official""}","[""attack-off (user decision D20): all attack/falsification stages disabled, see config.attack.overrides"", ""float32: general.double_fp=false; solver.use_float64_in_last_iteration=false; stable_f32 interpreter""]",,,0.0,11526.0,official_attack_off_f32,"[""abcrown"",""data/vnncomp2026/cifar100_2024/1.0/onnx/CIFAR100_resnet_medium.onnx"",""data/vnncomp2026/cifar100_2024/1.0/vnnlib/CIFAR100_resnet_medium_prop_idx_4470_sidx_4218_eps_0.0039.vnnlib"",100.0,""official_attack_off_f32""]",
cifar100_2024,87,CIFAR100_resnet_medium.onnx,CIFAR100_resnet_medium_prop_idx_7500_sidx_40_eps_0.0039.vnnlib,unsat,3.644761085510254,CERTIFIED,1,100.0,3.644761085510254,7.425,4.571,12.113540841266513,0,0,,,not a FALSIFIED row,0,scratch/logs/fse2026/abcrown/cifar100_2024/00087_e237b66b3ac6d77fee07_fe9_eb2c.log,6b8bbcfac1c01da1cabd240a87e4dce1a65f5a2b,"{""attack"": {""attack_off"": true, ""hook_replacements"": {}, ""overrides"": {""attack"": {""enable_mip_attack"": false, ""input_split_check_adv"": {""enabled"": ""false""}, ""pgd_order"": ""skip""}, ""bab"": {""attack"": {""enabled"": false}, ""branching"": {""input_split"": {""update_rhs_with_attack"": false}}}}}, ""biccos_applicable"": true, ""biccos_effective"": false, ""derived_path"": ""scratch/rq1_2026_tmp/baselines/abcrown/cifar100_2024/00087_e237b66b3ac6d77fee07_fe9_eb2c/config.yaml"", ""deviations"": [""attack-off (user decision D20): all attack/falsification stages disabled, see config.attack.overrides"", ""float32: general.double_fp=false; solver.use_float64_in_last_iteration=false; stable_f32 interpreter""], ""mapping"": ""exact"", ""notes"": [], ""official"": ""exp_configs/vnncomp25/cifar100.yaml"", ""official_biccos"": false, ""official_pgd_order"": ""middle"", ""variant"": ""official""}","[""attack-off (user decision D20): all attack/falsification stages disabled, see config.attack.overrides"", ""float32: general.double_fp=false; solver.use_float64_in_last_iteration=false; stable_f32 interpreter""]",,,6.0,11526.0,official_attack_off_f32,"[""abcrown"",""data/vnncomp2026/cifar100_2024/1.0/onnx/CIFAR100_resnet_medium.onnx"",""data/vnncomp2026/cifar100_2024/1.0/vnnlib/CIFAR100_resnet_medium_prop_idx_7500_sidx_40_eps_0.0039.vnnlib"",100.0,""official_attack_off_f32""]",
cifar100_2024,88,CIFAR100_resnet_medium.onnx,CIFAR100_resnet_medium_prop_idx_8629_sidx_338_eps_0.0039.vnnlib,unsat,3.094024896621704,CERTIFIED,1,100.0,3.094024896621704,6.825,4.671,11.614054156467319,0,0,,,not a FALSIFIED row,0,scratch/logs/fse2026/abcrown/cifar100_2024/00088_c72bad10c432de6db08d__3yvqwkj.log,6b8bbcfac1c01da1cabd240a87e4dce1a65f5a2b,"{""attack"": {""attack_off"": true, ""hook_replacements"": {}, ""overrides"": {""attack"": {""enable_mip_attack"": false, ""input_split_check_adv"": {""enabled"": ""false""}, ""pgd_order"": ""skip""}, ""bab"": {""attack"": {""enabled"": false}, ""branching"": {""input_split"": {""update_rhs_with_attack"": false}}}}}, ""biccos_applicable"": true, ""biccos_effective"": false, ""derived_path"": ""scratch/rq1_2026_tmp/baselines/abcrown/cifar100_2024/00088_c72bad10c432de6db08d__3yvqwkj/config.yaml"", ""deviations"": [""attack-off (user decision D20): all attack/falsification stages disabled, see config.attack.overrides"", ""float32: general.double_fp=false; solver.use_float64_in_last_iteration=false; stable_f32 interpreter""], ""mapping"": ""exact"", ""notes"": [], ""official"": ""exp_configs/vnncomp25/cifar100.yaml"", ""official_biccos"": false, ""official_pgd_order"": ""middle"", ""variant"": ""official""}","[""attack-off (user decision D20): all attack/falsification stages disabled, see config.attack.overrides"", ""float32: general.double_fp=false; solver.use_float64_in_last_iteration=false; stable_f32 interpreter""]",,,0.0,11526.0,official_attack_off_f32,"[""abcrown"",""data/vnncomp2026/cifar100_2024/1.0/onnx/CIFAR100_resnet_medium.onnx"",""data/vnncomp2026/cifar100_2024/1.0/vnnlib/CIFAR100_resnet_medium_prop_idx_8629_sidx_338_eps_0.0039.vnnlib"",100.0,""official_attack_off_f32""]",
cifar100_2024,89,CIFAR100_resnet_medium.onnx,CIFAR100_resnet_medium_prop_idx_9655_sidx_5296_eps_0.0039.vnnlib,unsat,3.0140511989593506,CERTIFIED,1,100.0,3.0140511989593506,6.674,4.571,11.36235648393631,0,0,,,not a FALSIFIED row,0,scratch/logs/fse2026/abcrown/cifar100_2024/00089_71890e17b6d6978253ec_ihmjk1cr.log,6b8bbcfac1c01da1cabd240a87e4dce1a65f5a2b,"{""attack"": {""attack_off"": true, ""hook_replacements"": {}, ""overrides"": {""attack"": {""enable_mip_attack"": false, ""input_split_check_adv"": {""enabled"": ""false""}, ""pgd_order"": ""skip""}, ""bab"": {""attack"": {""enabled"": false}, ""branching"": {""input_split"": {""update_rhs_with_attack"": false}}}}}, ""biccos_applicable"": true, ""biccos_effective"": false, ""derived_path"": ""scratch/rq1_2026_tmp/baselines/abcrown/cifar100_2024/00089_71890e17b6d6978253ec_ihmjk1cr/config.yaml"", ""deviations"": [""attack-off (user decision D20): all attack/falsification stages disabled, see config.attack.overrides"", ""float32: general.double_fp=false; solver.use_float64_in_last_iteration=false; stable_f32 interpreter""], ""mapping"": ""exact"", ""notes"": [], ""official"": ""exp_configs/vnncomp25/cifar100.yaml"", ""official_biccos"": false, ""official_pgd_order"": ""middle"", ""variant"": ""official""}","[""attack-off (user decision D20): all attack/falsification stages disabled, see config.attack.overrides"", ""float32: general.double_fp=false; solver.use_float64_in_last_iteration=false; stable_f32 interpreter""]",,,0.0,11526.0,official_attack_off_f32,"[""abcrown"",""data/vnncomp2026/cifar100_2024/1.0/onnx/CIFAR100_resnet_medium.onnx"",""data/vnncomp2026/cifar100_2024/1.0/vnnlib/CIFAR100_resnet_medium_prop_idx_9655_sidx_5296_eps_0.0039.vnnlib"",100.0,""official_attack_off_f32""]",
cifar100_2024,90,CIFAR100_resnet_medium.onnx,CIFAR100_resnet_medium_prop_idx_7202_sidx_1740_eps_0.0039.vnnlib,unsat,3.0112314224243164,CERTIFIED,1,100.0,3.0112314224243164,6.775,4.622,11.516950296238065,0,0,,,not a FALSIFIED row,0,scratch/logs/fse2026/abcrown/cifar100_2024/00090_f510a6f140fc6c384c48_cb4yb4be.log,6b8bbcfac1c01da1cabd240a87e4dce1a65f5a2b,"{""attack"": {""attack_off"": true, ""hook_replacements"": {}, ""overrides"": {""attack"": {""enable_mip_attack"": false, ""input_split_check_adv"": {""enabled"": ""false""}, ""pgd_order"": ""skip""}, ""bab"": {""attack"": {""enabled"": false}, ""branching"": {""input_split"": {""update_rhs_with_attack"": false}}}}}, ""biccos_applicable"": true, ""biccos_effective"": false, ""derived_path"": ""scratch/rq1_2026_tmp/baselines/abcrown/cifar100_2024/00090_f510a6f140fc6c384c48_cb4yb4be/config.yaml"", ""deviations"": [""attack-off (user decision D20): all attack/falsification stages disabled, see config.attack.overrides"", ""float32: general.double_fp=false; solver.use_float64_in_last_iteration=false; stable_f32 interpreter""], ""mapping"": ""exact"", ""notes"": [], ""official"": ""exp_configs/vnncomp25/cifar100.yaml"", ""official_biccos"": false, ""official_pgd_order"": ""middle"", ""variant"": ""official""}","[""attack-off (user decision D20): all attack/falsification stages disabled, see config.attack.overrides"", ""float32: general.double_fp=false; solver.use_float64_in_last_iteration=false; stable_f32 interpreter""]",,,2.0,11526.0,official_attack_off_f32,"[""abcrown"",""data/vnncomp2026/cifar100_2024/1.0/onnx/CIFAR100_resnet_medium.onnx"",""data/vnncomp2026/cifar100_2024/1.0/vnnlib/CIFAR100_resnet_medium_prop_idx_7202_sidx_1740_eps_0.0039.vnnlib"",100.0,""official_attack_off_f32""]",
cifar100_2024,91,CIFAR100_resnet_medium.onnx,CIFAR100_resnet_medium_prop_idx_8366_sidx_3983_eps_0.0039.vnnlib,unsat,3.312053918838501,CERTIFIED,1,100.0,3.312053918838501,7.276,4.721,12.117105020210147,0,0,,,not a FALSIFIED row,0,scratch/logs/fse2026/abcrown/cifar100_2024/00091_1ae7d537ecaf8dc4516d_fma8fqwc.log,6b8bbcfac1c01da1cabd240a87e4dce1a65f5a2b,"{""attack"": {""attack_off"": true, ""hook_replacements"": {}, ""overrides"": {""attack"": {""enable_mip_attack"": false, ""input_split_check_adv"": {""enabled"": ""false""}, ""pgd_order"": ""skip""}, ""bab"": {""attack"": {""enabled"": false}, ""branching"": {""input_split"": {""update_rhs_with_attack"": false}}}}}, ""biccos_applicable"": true, ""biccos_effective"": false, ""derived_path"": ""scratch/rq1_2026_tmp/baselines/abcrown/cifar100_2024/00091_1ae7d537ecaf8dc4516d_fma8fqwc/config.yaml"", ""deviations"": [""attack-off (user decision D20): all attack/falsification stages disabled, see config.attack.overrides"", ""float32: general.double_fp=false; solver.use_float64_in_last_iteration=false; stable_f32 interpreter""], ""mapping"": ""exact"", ""notes"": [], ""official"": ""exp_configs/vnncomp25/cifar100.yaml"", ""official_biccos"": false, ""official_pgd_order"": ""middle"", ""variant"": ""official""}","[""attack-off (user decision D20): all attack/falsification stages disabled, see config.attack.overrides"", ""float32: general.double_fp=false; solver.use_float64_in_last_iteration=false; stable_f32 interpreter""]",,,0.0,11526.0,official_attack_off_f32,"[""abcrown"",""data/vnncomp2026/cifar100_2024/1.0/onnx/CIFAR100_resnet_medium.onnx"",""data/vnncomp2026/cifar100_2024/1.0/vnnlib/CIFAR100_resnet_medium_prop_idx_8366_sidx_3983_eps_0.0039.vnnlib"",100.0,""official_attack_off_f32""]",
cifar100_2024,92,CIFAR100_resnet_medium.onnx,CIFAR100_resnet_medium_prop_idx_5382_sidx_4518_eps_0.0039.vnnlib,timeout,104.38831877708435,TIMEOUT,0,100.0,104.38831877708435,108.596,4.771,113.48950172401965,1,0,,,not a FALSIFIED row,0,scratch/logs/fse2026/abcrown/cifar100_2024/00092_c48de5224b07e6c04a43_cpv6dduj.log,6b8bbcfac1c01da1cabd240a87e4dce1a65f5a2b,"{""attack"": {""attack_off"": true, ""hook_replacements"": {}, ""overrides"": {""attack"": {""enable_mip_attack"": false, ""input_split_check_adv"": {""enabled"": ""false""}, ""pgd_order"": ""skip""}, ""bab"": {""attack"": {""enabled"": false}, ""branching"": {""input_split"": {""update_rhs_with_attack"": false}}}}}, ""biccos_applicable"": true, ""biccos_effective"": false, ""derived_path"": ""scratch/rq1_2026_tmp/baselines/abcrown/cifar100_2024/00092_c48de5224b07e6c04a43_cpv6dduj/config.yaml"", ""deviations"": [""attack-off (user decision D20): all attack/falsification stages disabled, see config.attack.overrides"", ""float32: general.double_fp=false; solver.use_float64_in_last_iteration=false; stable_f32 interpreter""], ""mapping"": ""exact"", ""notes"": [], ""official"": ""exp_configs/vnncomp25/cifar100.yaml"", ""official_biccos"": false, ""official_pgd_order"": ""middle"", ""variant"": ""official""}","[""attack-off (user decision D20): all attack/falsification stages disabled, see config.attack.overrides"", ""float32: general.double_fp=false; solver.use_float64_in_last_iteration=false; stable_f32 interpreter""]",,,0.0,11526.0,official_attack_off_f32,"[""abcrown"",""data/vnncomp2026/cifar100_2024/1.0/onnx/CIFAR100_resnet_medium.onnx"",""data/vnncomp2026/cifar100_2024/1.0/vnnlib/CIFAR100_resnet_medium_prop_idx_5382_sidx_4518_eps_0.0039.vnnlib"",100.0,""official_attack_off_f32""]",
cifar100_2024,93,CIFAR100_resnet_medium.onnx,CIFAR100_resnet_medium_prop_idx_2525_sidx_2978_eps_0.0039.vnnlib,unsat,3.455535888671875,CERTIFIED,1,100.0,3.455535888671875,7.526,4.872,12.51983804255724,0,0,,,not a FALSIFIED row,0,scratch/logs/fse2026/abcrown/cifar100_2024/00093_7d1e35a109b0d5c871c2_0fmjafzm.log,6b8bbcfac1c01da1cabd240a87e4dce1a65f5a2b,"{""attack"": {""attack_off"": true, ""hook_replacements"": {}, ""overrides"": {""attack"": {""enable_mip_attack"": false, ""input_split_check_adv"": {""enabled"": ""false""}, ""pgd_order"": ""skip""}, ""bab"": {""attack"": {""enabled"": false}, ""branching"": {""input_split"": {""update_rhs_with_attack"": false}}}}}, ""biccos_applicable"": true, ""biccos_effective"": false, ""derived_path"": ""scratch/rq1_2026_tmp/baselines/abcrown/cifar100_2024/00093_7d1e35a109b0d5c871c2_0fmjafzm/config.yaml"", ""deviations"": [""attack-off (user decision D20): all attack/falsification stages disabled, see config.attack.overrides"", ""float32: general.double_fp=false; solver.use_float64_in_last_iteration=false; stable_f32 interpreter""], ""mapping"": ""exact"", ""notes"": [], ""official"": ""exp_configs/vnncomp25/cifar100.yaml"", ""official_biccos"": false, ""official_pgd_order"": ""middle"", ""variant"": ""official""}","[""attack-off (user decision D20): all attack/falsification stages disabled, see config.attack.overrides"", ""float32: general.double_fp=false; solver.use_float64_in_last_iteration=false; stable_f32 interpreter""]",,,0.0,11526.0,official_attack_off_f32,"[""abcrown"",""data/vnncomp2026/cifar100_2024/1.0/onnx/CIFAR100_resnet_medium.onnx"",""data/vnncomp2026/cifar100_2024/1.0/vnnlib/CIFAR100_resnet_medium_prop_idx_2525_sidx_2978_eps_0.0039.vnnlib"",100.0,""official_attack_off_f32""]",
cifar100_2024,94,CIFAR100_resnet_medium.onnx,CIFAR100_resnet_medium_prop_idx_7914_sidx_5010_eps_0.0039.vnnlib,unsat,73.28349208831787,CERTIFIED,1,100.0,73.28349208831787,77.243,4.975,82.33799299038947,0,0,,,not a FALSIFIED row,0,scratch/logs/fse2026/abcrown/cifar100_2024/00094_b711a860dc407de9bd6d_dkb04c3m.log,6b8bbcfac1c01da1cabd240a87e4dce1a65f5a2b,"{""attack"": {""attack_off"": true, ""hook_replacements"": {}, ""overrides"": {""attack"": {""enable_mip_attack"": false, ""input_split_check_adv"": {""enabled"": ""false""}, ""pgd_order"": ""skip""}, ""bab"": {""attack"": {""enabled"": false}, ""branching"": {""input_split"": {""update_rhs_with_attack"": false}}}}}, ""biccos_applicable"": true, ""biccos_effective"": false, ""derived_path"": ""scratch/rq1_2026_tmp/baselines/abcrown/cifar100_2024/00094_b711a860dc407de9bd6d_dkb04c3m/config.yaml"", ""deviations"": [""attack-off (user decision D20): all attack/falsification stages disabled, see config.attack.overrides"", ""float32: general.double_fp=false; solver.use_float64_in_last_iteration=false; stable_f32 interpreter""], ""mapping"": ""exact"", ""notes"": [], ""official"": ""exp_configs/vnncomp25/cifar100.yaml"", ""official_biccos"": false, ""official_pgd_order"": ""middle"", ""variant"": ""official""}","[""attack-off (user decision D20): all attack/falsification stages disabled, see config.attack.overrides"", ""float32: general.double_fp=false; solver.use_float64_in_last_iteration=false; stable_f32 interpreter""]",,,0.0,11526.0,official_attack_off_f32,"[""abcrown"",""data/vnncomp2026/cifar100_2024/1.0/onnx/CIFAR100_resnet_medium.onnx"",""data/vnncomp2026/cifar100_2024/1.0/vnnlib/CIFAR100_resnet_medium_prop_idx_7914_sidx_5010_eps_0.0039.vnnlib"",100.0,""official_attack_off_f32""]",
cifar100_2024,95,CIFAR100_resnet_medium.onnx,CIFAR100_resnet_medium_prop_idx_6578_sidx_4058_eps_0.0039.vnnlib,timeout,100.25273275375366,TIMEOUT,0,100.0,100.25273275375366,104.142,4.721,108.97919897176325,1,0,,,not a FALSIFIED row,0,scratch/logs/fse2026/abcrown/cifar100_2024/00095_c72d55e71ce316cc06d2_bkbn16yt.log,6b8bbcfac1c01da1cabd240a87e4dce1a65f5a2b,"{""attack"": {""attack_off"": true, ""hook_replacements"": {}, ""overrides"": {""attack"": {""enable_mip_attack"": false, ""input_split_check_adv"": {""enabled"": ""false""}, ""pgd_order"": ""skip""}, ""bab"": {""attack"": {""enabled"": false}, ""branching"": {""input_split"": {""update_rhs_with_attack"": false}}}}}, ""biccos_applicable"": true, ""biccos_effective"": false, ""derived_path"": ""scratch/rq1_2026_tmp/baselines/abcrown/cifar100_2024/00095_c72d55e71ce316cc06d2_bkbn16yt/config.yaml"", ""deviations"": [""attack-off (user decision D20): all attack/falsification stages disabled, see config.attack.overrides"", ""float32: general.double_fp=false; solver.use_float64_in_last_iteration=false; stable_f32 interpreter""], ""mapping"": ""exact"", ""notes"": [], ""official"": ""exp_configs/vnncomp25/cifar100.yaml"", ""official_biccos"": false, ""official_pgd_order"": ""middle"", ""variant"": ""official""}","[""attack-off (user decision D20): all attack/falsification stages disabled, see config.attack.overrides"", ""float32: general.double_fp=false; solver.use_float64_in_last_iteration=false; stable_f32 interpreter""]",,,6.0,12390.0,official_attack_off_f32,"[""abcrown"",""data/vnncomp2026/cifar100_2024/1.0/onnx/CIFAR100_resnet_medium.onnx"",""data/vnncomp2026/cifar100_2024/1.0/vnnlib/CIFAR100_resnet_medium_prop_idx_6578_sidx_4058_eps_0.0039.vnnlib"",100.0,""official_attack_off_f32""]",
cifar100_2024,96,CIFAR100_resnet_medium.onnx,CIFAR100_resnet_medium_prop_idx_6448_sidx_4171_eps_0.0039.vnnlib,unsat,6.238771677017212,CERTIFIED,1,100.0,6.238771677017212,10.182,4.721,15.02185521274805,0,0,,,not a FALSIFIED row,0,scratch/logs/fse2026/abcrown/cifar100_2024/00096_9d5c26731e8636be7739_qmvw_mit.log,6b8bbcfac1c01da1cabd240a87e4dce1a65f5a2b,"{""attack"": {""attack_off"": true, ""hook_replacements"": {}, ""overrides"": {""attack"": {""enable_mip_attack"": false, ""input_split_check_adv"": {""enabled"": ""false""}, ""pgd_order"": ""skip""}, ""bab"": {""attack"": {""enabled"": false}, ""branching"": {""input_split"": {""update_rhs_with_attack"": false}}}}}, ""biccos_applicable"": true, ""biccos_effective"": false, ""derived_path"": ""scratch/rq1_2026_tmp/baselines/abcrown/cifar100_2024/00096_9d5c26731e8636be7739_qmvw_mit/config.yaml"", ""deviations"": [""attack-off (user decision D20): all attack/falsification stages disabled, see config.attack.overrides"", ""float32: general.double_fp=false; solver.use_float64_in_last_iteration=false; stable_f32 interpreter""], ""mapping"": ""exact"", ""notes"": [], ""official"": ""exp_configs/vnncomp25/cifar100.yaml"", ""official_biccos"": false, ""official_pgd_order"": ""middle"", ""variant"": ""official""}","[""attack-off (user decision D20): all attack/falsification stages disabled, see config.attack.overrides"", ""float32: general.double_fp=false; solver.use_float64_in_last_iteration=false; stable_f32 interpreter""]",,,3.0,11526.0,official_attack_off_f32,"[""abcrown"",""data/vnncomp2026/cifar100_2024/1.0/onnx/CIFAR100_resnet_medium.onnx"",""data/vnncomp2026/cifar100_2024/1.0/vnnlib/CIFAR100_resnet_medium_prop_idx_6448_sidx_4171_eps_0.0039.vnnlib"",100.0,""official_attack_off_f32""]",
cifar100_2024,97,CIFAR100_resnet_medium.onnx,CIFAR100_resnet_medium_prop_idx_3731_sidx_4544_eps_0.0039.vnnlib,timeout,109.60005021095276,TIMEOUT,0,100.0,109.60005021095276,113.51,4.972,118.60523127391934,1,0,,,not a FALSIFIED row,0,scratch/logs/fse2026/abcrown/cifar100_2024/00097_9f25cae1484fcc57c133_51evj8dd.log,6b8bbcfac1c01da1cabd240a87e4dce1a65f5a2b,"{""attack"": {""attack_off"": true, ""hook_replacements"": {}, ""overrides"": {""attack"": {""enable_mip_attack"": false, ""input_split_check_adv"": {""enabled"": ""false""}, ""pgd_order"": ""skip""}, ""bab"": {""attack"": {""enabled"": false}, ""branching"": {""input_split"": {""update_rhs_with_attack"": false}}}}}, ""biccos_applicable"": true, ""biccos_effective"": false, ""derived_path"": ""scratch/rq1_2026_tmp/baselines/abcrown/cifar100_2024/00097_9f25cae1484fcc57c133_51evj8dd/config.yaml"", ""deviations"": [""attack-off (user decision D20): all attack/falsification stages disabled, see config.attack.overrides"", ""float32: general.double_fp=false; solver.use_float64_in_last_iteration=false; stable_f32 interpreter""], ""mapping"": ""exact"", ""notes"": [], ""official"": ""exp_configs/vnncomp25/cifar100.yaml"", ""official_biccos"": false, ""official_pgd_order"": ""middle"", ""variant"": ""official""}","[""attack-off (user decision D20): all attack/falsification stages disabled, see config.attack.overrides"", ""float32: general.double_fp=false; solver.use_float64_in_last_iteration=false; stable_f32 interpreter""]",,,0.0,12204.0,official_attack_off_f32,"[""abcrown"",""data/vnncomp2026/cifar100_2024/1.0/onnx/CIFAR100_resnet_medium.onnx"",""data/vnncomp2026/cifar100_2024/1.0/vnnlib/CIFAR100_resnet_medium_prop_idx_3731_sidx_4544_eps_0.0039.vnnlib"",100.0,""official_attack_off_f32""]",
cifar100_2024,98,CIFAR100_resnet_medium.onnx,CIFAR100_resnet_medium_prop_idx_1798_sidx_1061_eps_0.0039.vnnlib,unsat,4.328606605529785,CERTIFIED,1,100.0,4.328606605529785,8.127,4.621,12.868059251457453,0,0,,,not a FALSIFIED row,0,scratch/logs/fse2026/abcrown/cifar100_2024/00098_313dc22f1a13bcfcb66d_hufiqmom.log,6b8bbcfac1c01da1cabd240a87e4dce1a65f5a2b,"{""attack"": {""attack_off"": true, ""hook_replacements"": {}, ""overrides"": {""attack"": {""enable_mip_attack"": false, ""input_split_check_adv"": {""enabled"": ""false""}, ""pgd_order"": ""skip""}, ""bab"": {""attack"": {""enabled"": false}, ""branching"": {""input_split"": {""update_rhs_with_attack"": false}}}}}, ""biccos_applicable"": true, ""biccos_effective"": false, ""derived_path"": ""scratch/rq1_2026_tmp/baselines/abcrown/cifar100_2024/00098_313dc22f1a13bcfcb66d_hufiqmom/config.yaml"", ""deviations"": [""attack-off (user decision D20): all attack/falsification stages disabled, see config.attack.overrides"", ""float32: general.double_fp=false; solver.use_float64_in_last_iteration=false; stable_f32 interpreter""], ""mapping"": ""exact"", ""notes"": [], ""official"": ""exp_configs/vnncomp25/cifar100.yaml"", ""official_biccos"": false, ""official_pgd_order"": ""middle"", ""variant"": ""official""}","[""attack-off (user decision D20): all attack/falsification stages disabled, see config.attack.overrides"", ""float32: general.double_fp=false; solver.use_float64_in_last_iteration=false; stable_f32 interpreter""]",,,12.0,12408.0,official_attack_off_f32,"[""abcrown"",""data/vnncomp2026/cifar100_2024/1.0/onnx/CIFAR100_resnet_medium.onnx"",""data/vnncomp2026/cifar100_2024/1.0/vnnlib/CIFAR100_resnet_medium_prop_idx_1798_sidx_1061_eps_0.0039.vnnlib"",100.0,""official_attack_off_f32""]",
cifar100_2024,99,CIFAR100_resnet_medium.onnx,CIFAR100_resnet_medium_prop_idx_2037_sidx_8492_eps_0.0039.vnnlib,unsat,3.271404981613159,CERTIFIED,1,100.0,3.271404981613159,7.176,4.721,12.018160438165069,0,0,,,not a FALSIFIED row,0,scratch/logs/fse2026/abcrown/cifar100_2024/00099_4e4f96c7e86317eb69b7_d9elr1rd.log,6b8bbcfac1c01da1cabd240a87e4dce1a65f5a2b,"{""attack"": {""attack_off"": true, ""hook_replacements"": {}, ""overrides"": {""attack"": {""enable_mip_attack"": false, ""input_split_check_adv"": {""enabled"": ""false""}, ""pgd_order"": ""skip""}, ""bab"": {""attack"": {""enabled"": false}, ""branching"": {""input_split"": {""update_rhs_with_attack"": false}}}}}, ""biccos_applicable"": true, ""biccos_effective"": false, ""derived_path"": ""scratch/rq1_2026_tmp/baselines/abcrown/cifar100_2024/00099_4e4f96c7e86317eb69b7_d9elr1rd/config.yaml"", ""deviations"": [""attack-off (user decision D20): all attack/falsification stages disabled, see config.attack.overrides"", ""float32: general.double_fp=false; solver.use_float64_in_last_iteration=false; stable_f32 interpreter""], ""mapping"": ""exact"", ""notes"": [], ""official"": ""exp_configs/vnncomp25/cifar100.yaml"", ""official_biccos"": false, ""official_pgd_order"": ""middle"", ""variant"": ""official""}","[""attack-off (user decision D20): all attack/falsification stages disabled, see config.attack.overrides"", ""float32: general.double_fp=false; solver.use_float64_in_last_iteration=false; stable_f32 interpreter""]",,,11.0,12832.0,official_attack_off_f32,"[""abcrown"",""data/vnncomp2026/cifar100_2024/1.0/onnx/CIFAR100_resnet_medium.onnx"",""data/vnncomp2026/cifar100_2024/1.0/vnnlib/CIFAR100_resnet_medium_prop_idx_2037_sidx_8492_eps_0.0039.vnnlib"",100.0,""official_attack_off_f32""]",
cifar100_2024,100,CIFAR100_resnet_large.onnx,CIFAR100_resnet_large_prop_idx_7397_sidx_9274_eps_0.0039.vnnlib,unsat,3.9292051792144775,CERTIFIED,1,100.0,3.9292051792144775,7.827,5.072,13.019561879336834,0,0,,,not a FALSIFIED row,0,scratch/logs/fse2026/abcrown/cifar100_2024/00100_41ae1c821516230a5872_1uwxdqvc.log,6b8bbcfac1c01da1cabd240a87e4dce1a65f5a2b,"{""attack"": {""attack_off"": true, ""hook_replacements"": {}, ""overrides"": {""attack"": {""enable_mip_attack"": false, ""input_split_check_adv"": {""enabled"": ""false""}, ""pgd_order"": ""skip""}, ""bab"": {""attack"": {""enabled"": false}, ""branching"": {""input_split"": {""update_rhs_with_attack"": false}}}}}, ""biccos_applicable"": true, ""biccos_effective"": false, ""derived_path"": ""scratch/rq1_2026_tmp/baselines/abcrown/cifar100_2024/00100_41ae1c821516230a5872_1uwxdqvc/config.yaml"", ""deviations"": [""attack-off (user decision D20): all attack/falsification stages disabled, see config.attack.overrides"", ""float32: general.double_fp=false; solver.use_float64_in_last_iteration=false; stable_f32 interpreter""], ""mapping"": ""exact"", ""notes"": [], ""official"": ""exp_configs/vnncomp25/cifar100.yaml"", ""official_biccos"": false, ""official_pgd_order"": ""middle"", ""variant"": ""official""}","[""attack-off (user decision D20): all attack/falsification stages disabled, see config.attack.overrides"", ""float32: general.double_fp=false; solver.use_float64_in_last_iteration=false; stable_f32 interpreter""]",,,7.0,12400.0,official_attack_off_f32,"[""abcrown"",""data/vnncomp2026/cifar100_2024/1.0/onnx/CIFAR100_resnet_large.onnx"",""data/vnncomp2026/cifar100_2024/1.0/vnnlib/CIFAR100_resnet_large_prop_idx_7397_sidx_9274_eps_0.0039.vnnlib"",100.0,""official_attack_off_f32""]",
cifar100_2024,101,CIFAR100_resnet_large.onnx,CIFAR100_resnet_large_prop_idx_9084_sidx_6195_eps_0.0039.vnnlib,unsat,1.850071668624878,CERTIFIED,1,100.0,1.850071668624878,5.523,5.272,10.91473146341741,0,0,,,not a FALSIFIED row,0,scratch/logs/fse2026/abcrown/cifar100_2024/00101_77337e76b6780dc0a3f3_n_kntyma.log,6b8bbcfac1c01da1cabd240a87e4dce1a65f5a2b,"{""attack"": {""attack_off"": true, ""hook_replacements"": {}, ""overrides"": {""attack"": {""enable_mip_attack"": false, ""input_split_check_adv"": {""enabled"": ""false""}, ""pgd_order"": ""skip""}, ""bab"": {""attack"": {""enabled"": false}, ""branching"": {""input_split"": {""update_rhs_with_attack"": false}}}}}, ""biccos_applicable"": true, ""biccos_effective"": false, ""derived_path"": ""scratch/rq1_2026_tmp/baselines/abcrown/cifar100_2024/00101_77337e76b6780dc0a3f3_n_kntyma/config.yaml"", ""deviations"": [""attack-off (user decision D20): all attack/falsification stages disabled, see config.attack.overrides"", ""float32: general.double_fp=false; solver.use_float64_in_last_iteration=false; stable_f32 interpreter""], ""mapping"": ""exact"", ""notes"": [], ""official"": ""exp_configs/vnncomp25/cifar100.yaml"", ""official_biccos"": false, ""official_pgd_order"": ""middle"", ""variant"": ""official""}","[""attack-off (user decision D20): all attack/falsification stages disabled, see config.attack.overrides"", ""float32: general.double_fp=false; solver.use_float64_in_last_iteration=false; stable_f32 interpreter""]",,,14.0,12214.0,official_attack_off_f32,"[""abcrown"",""data/vnncomp2026/cifar100_2024/1.0/onnx/CIFAR100_resnet_large.onnx"",""data/vnncomp2026/cifar100_2024/1.0/vnnlib/CIFAR100_resnet_large_prop_idx_9084_sidx_6195_eps_0.0039.vnnlib"",100.0,""official_attack_off_f32""]",
cifar100_2024,102,CIFAR100_resnet_large.onnx,CIFAR100_resnet_large_prop_idx_415_sidx_6188_eps_0.0039.vnnlib,unsat,13.10240125656128,CERTIFIED,1,100.0,13.10240125656128,16.891,4.821,21.833944581449032,0,0,,,not a FALSIFIED row,0,scratch/logs/fse2026/abcrown/cifar100_2024/00102_773d9820363613790c89_r61qbxg6.log,6b8bbcfac1c01da1cabd240a87e4dce1a65f5a2b,"{""attack"": {""attack_off"": true, ""hook_replacements"": {}, ""overrides"": {""attack"": {""enable_mip_attack"": false, ""input_split_check_adv"": {""enabled"": ""false""}, ""pgd_order"": ""skip""}, ""bab"": {""attack"": {""enabled"": false}, ""branching"": {""input_split"": {""update_rhs_with_attack"": false}}}}}, ""biccos_applicable"": true, ""biccos_effective"": false, ""derived_path"": ""scratch/rq1_2026_tmp/baselines/abcrown/cifar100_2024/00102_773d9820363613790c89_r61qbxg6/config.yaml"", ""deviations"": [""attack-off (user decision D20): all attack/falsification stages disabled, see config.attack.overrides"", ""float32: general.double_fp=false; solver.use_float64_in_last_iteration=false; stable_f32 interpreter""], ""mapping"": ""exact"", ""notes"": [], ""official"": ""exp_configs/vnncomp25/cifar100.yaml"", ""official_biccos"": false, ""official_pgd_order"": ""middle"", ""variant"": ""official""}","[""attack-off (user decision D20): all attack/falsification stages disabled, see config.attack.overrides"", ""float32: general.double_fp=false; solver.use_float64_in_last_iteration=false; stable_f32 interpreter""]",,,77.0,11526.0,official_attack_off_f32,"[""abcrown"",""data/vnncomp2026/cifar100_2024/1.0/onnx/CIFAR100_resnet_large.onnx"",""data/vnncomp2026/cifar100_2024/1.0/vnnlib/CIFAR100_resnet_large_prop_idx_415_sidx_6188_eps_0.0039.vnnlib"",100.0,""official_attack_off_f32""]",
cifar100_2024,103,CIFAR100_resnet_large.onnx,CIFAR100_resnet_large_prop_idx_2441_sidx_6205_eps_0.0039.vnnlib,timeout,104.89363980293274,TIMEOUT,0,100.0,104.89363980293274,109.212,4.821,114.15052399970591,1,0,,,not a FALSIFIED row,0,scratch/logs/fse2026/abcrown/cifar100_2024/00103_9890b3677ab332861225_eeza6vzw.log,6b8bbcfac1c01da1cabd240a87e4dce1a65f5a2b,"{""attack"": {""attack_off"": true, ""hook_replacements"": {}, ""overrides"": {""attack"": {""enable_mip_attack"": false, ""input_split_check_adv"": {""enabled"": ""false""}, ""pgd_order"": ""skip""}, ""bab"": {""attack"": {""enabled"": false}, ""branching"": {""input_split"": {""update_rhs_with_attack"": false}}}}}, ""biccos_applicable"": true, ""biccos_effective"": false, ""derived_path"": ""scratch/rq1_2026_tmp/baselines/abcrown/cifar100_2024/00103_9890b3677ab332861225_eeza6vzw/config.yaml"", ""deviations"": [""attack-off (user decision D20): all attack/falsification stages disabled, see config.attack.overrides"", ""float32: general.double_fp=false; solver.use_float64_in_last_iteration=false; stable_f32 interpreter""], ""mapping"": ""exact"", ""notes"": [], ""official"": ""exp_configs/vnncomp25/cifar100.yaml"", ""official_biccos"": false, ""official_pgd_order"": ""middle"", ""variant"": ""official""}","[""attack-off (user decision D20): all attack/falsification stages disabled, see config.attack.overrides"", ""float32: general.double_fp=false; solver.use_float64_in_last_iteration=false; stable_f32 interpreter""]",,,53.0,12900.0,official_attack_off_f32,"[""abcrown"",""data/vnncomp2026/cifar100_2024/1.0/onnx/CIFAR100_resnet_large.onnx"",""data/vnncomp2026/cifar100_2024/1.0/vnnlib/CIFAR100_resnet_large_prop_idx_2441_sidx_6205_eps_0.0039.vnnlib"",100.0,""official_attack_off_f32""]",
cifar100_2024,104,CIFAR100_resnet_large.onnx,CIFAR100_resnet_large_prop_idx_518_sidx_9236_eps_0.0039.vnnlib,timeout,106.05108284950256,TIMEOUT,0,100.0,106.05108284950256,110.162,4.873,115.15851237997413,1,0,,,not a FALSIFIED row,0,scratch/logs/fse2026/abcrown/cifar100_2024/00104_06f90c90c518e521269a_4e75n8nu.log,6b8bbcfac1c01da1cabd240a87e4dce1a65f5a2b,"{""attack"": {""attack_off"": true, ""hook_replacements"": {}, ""overrides"": {""attack"": {""enable_mip_attack"": false, ""input_split_check_adv"": {""enabled"": ""false""}, ""pgd_order"": ""skip""}, ""bab"": {""attack"": {""enabled"": false}, ""branching"": {""input_split"": {""update_rhs_with_attack"": false}}}}}, ""biccos_applicable"": true, ""biccos_effective"": false, ""derived_path"": ""scratch/rq1_2026_tmp/baselines/abcrown/cifar100_2024/00104_06f90c90c518e521269a_4e75n8nu/config.yaml"", ""deviations"": [""attack-off (user decision D20): all attack/falsification stages disabled, see config.attack.overrides"", ""float32: general.double_fp=false; solver.use_float64_in_last_iteration=false; stable_f32 interpreter""], ""mapping"": ""exact"", ""notes"": [], ""official"": ""exp_configs/vnncomp25/cifar100.yaml"", ""official_biccos"": false, ""official_pgd_order"": ""middle"", ""variant"": ""official""}","[""attack-off (user decision D20): all attack/falsification stages disabled, see config.attack.overrides"", ""float32: general.double_fp=false; solver.use_float64_in_last_iteration=false; stable_f32 interpreter""]",,,92.0,56.0,official_attack_off_f32,"[""abcrown"",""data/vnncomp2026/cifar100_2024/1.0/onnx/CIFAR100_resnet_large.onnx"",""data/vnncomp2026/cifar100_2024/1.0/vnnlib/CIFAR100_resnet_large_prop_idx_518_sidx_9236_eps_0.0039.vnnlib"",100.0,""official_attack_off_f32""]",
cifar100_2024,105,CIFAR100_resnet_large.onnx,CIFAR100_resnet_large_prop_idx_426_sidx_9266_eps_0.0039.vnnlib,timeout,101.86560392379761,TIMEOUT,0,100.0,101.86560392379761,105.91,4.972,111.00073252804577,1,0,,,not a FALSIFIED row,0,scratch/logs/fse2026/abcrown/cifar100_2024/00105_1d375a383dcfc5cc6473_fifl0r95.log,6b8bbcfac1c01da1cabd240a87e4dce1a65f5a2b,"{""attack"": {""attack_off"": true, ""hook_replacements"": {}, ""overrides"": {""attack"": {""enable_mip_attack"": false, ""input_split_check_adv"": {""enabled"": ""false""}, ""pgd_order"": ""skip""}, ""bab"": {""attack"": {""enabled"": false}, ""branching"": {""input_split"": {""update_rhs_with_attack"": false}}}}}, ""biccos_applicable"": true, ""biccos_effective"": false, ""derived_path"": ""scratch/rq1_2026_tmp/baselines/abcrown/cifar100_2024/00105_1d375a383dcfc5cc6473_fifl0r95/config.yaml"", ""deviations"": [""attack-off (user decision D20): all attack/falsification stages disabled, see config.attack.overrides"", ""float32: general.double_fp=false; solver.use_float64_in_last_iteration=false; stable_f32 interpreter""], ""mapping"": ""exact"", ""notes"": [], ""official"": ""exp_configs/vnncomp25/cifar100.yaml"", ""official_biccos"": false, ""official_pgd_order"": ""middle"", ""variant"": ""official""}","[""attack-off (user decision D20): all attack/falsification stages disabled, see config.attack.overrides"", ""float32: general.double_fp=false; solver.use_float64_in_last_iteration=false; stable_f32 interpreter""]",,,1.0,724.0,official_attack_off_f32,"[""abcrown"",""data/vnncomp2026/cifar100_2024/1.0/onnx/CIFAR100_resnet_large.onnx"",""data/vnncomp2026/cifar100_2024/1.0/vnnlib/CIFAR100_resnet_large_prop_idx_426_sidx_9266_eps_0.0039.vnnlib"",100.0,""official_attack_off_f32""]",
cifar100_2024,106,CIFAR100_resnet_large.onnx,CIFAR100_resnet_large_prop_idx_1372_sidx_9800_eps_0.0039.vnnlib,timeout,101.98198342323303,TIMEOUT,0,100.0,101.98198342323303,106.452,4.872,111.44753240421414,1,0,,,not a FALSIFIED row,0,scratch/logs/fse2026/abcrown/cifar100_2024/00106_4d13a561649fe49efa91_rma_xlz8.log,6b8bbcfac1c01da1cabd240a87e4dce1a65f5a2b,"{""attack"": {""attack_off"": true, ""hook_replacements"": {}, ""overrides"": {""attack"": {""enable_mip_attack"": false, ""input_split_check_adv"": {""enabled"": ""false""}, ""pgd_order"": ""skip""}, ""bab"": {""attack"": {""enabled"": false}, ""branching"": {""input_split"": {""update_rhs_with_attack"": false}}}}}, ""biccos_applicable"": true, ""biccos_effective"": false, ""derived_path"": ""scratch/rq1_2026_tmp/baselines/abcrown/cifar100_2024/00106_4d13a561649fe49efa91_rma_xlz8/config.yaml"", ""deviations"": [""attack-off (user decision D20): all attack/falsification stages disabled, see config.attack.overrides"", ""float32: general.double_fp=false; solver.use_float64_in_last_iteration=false; stable_f32 interpreter""], ""mapping"": ""exact"", ""notes"": [], ""official"": ""exp_configs/vnncomp25/cifar100.yaml"", ""official_biccos"": false, ""official_pgd_order"": ""middle"", ""variant"": ""official""}","[""attack-off (user decision D20): all attack/falsification stages disabled, see config.attack.overrides"", ""float32: general.double_fp=false; solver.use_float64_in_last_iteration=false; stable_f32 interpreter""]",,,0.0,37.0,official_attack_off_f32,"[""abcrown"",""data/vnncomp2026/cifar100_2024/1.0/onnx/CIFAR100_resnet_large.onnx"",""data/vnncomp2026/cifar100_2024/1.0/vnnlib/CIFAR100_resnet_large_prop_idx_1372_sidx_9800_eps_0.0039.vnnlib"",100.0,""official_attack_off_f32""]",
cifar100_2024,107,CIFAR100_resnet_large.onnx,CIFAR100_resnet_large_prop_idx_8650_sidx_4818_eps_0.0039.vnnlib,unsat,4.03744649887085,CERTIFIED,1,100.0,4.03744649887085,11.785,5.823,17.729541206732392,0,0,,,not a FALSIFIED row,0,scratch/logs/fse2026/abcrown/cifar100_2024/00107_da1fe2e6fcf0a50caa01__f4xf10z.log,6b8bbcfac1c01da1cabd240a87e4dce1a65f5a2b,"{""attack"": {""attack_off"": true, ""hook_replacements"": {}, ""overrides"": {""attack"": {""enable_mip_attack"": false, ""input_split_check_adv"": {""enabled"": ""false""}, ""pgd_order"": ""skip""}, ""bab"": {""attack"": {""enabled"": false}, ""branching"": {""input_split"": {""update_rhs_with_attack"": false}}}}}, ""biccos_applicable"": true, ""biccos_effective"": false, ""derived_path"": ""scratch/rq1_2026_tmp/baselines/abcrown/cifar100_2024/00107_da1fe2e6fcf0a50caa01__f4xf10z/config.yaml"", ""deviations"": [""attack-off (user decision D20): all attack/falsification stages disabled, see config.attack.overrides"", ""float32: general.double_fp=false; solver.use_float64_in_last_iteration=false; stable_f32 interpreter""], ""mapping"": ""exact"", ""notes"": [], ""official"": ""exp_configs/vnncomp25/cifar100.yaml"", ""official_biccos"": false, ""official_pgd_order"": ""middle"", ""variant"": ""official""}","[""attack-off (user decision D20): all attack/falsification stages disabled, see config.attack.overrides"", ""float32: general.double_fp=false; solver.use_float64_in_last_iteration=false; stable_f32 interpreter""]",,,0.0,34.0,official_attack_off_f32,"[""abcrown"",""data/vnncomp2026/cifar100_2024/1.0/onnx/CIFAR100_resnet_large.onnx"",""data/vnncomp2026/cifar100_2024/1.0/vnnlib/CIFAR100_resnet_large_prop_idx_8650_sidx_4818_eps_0.0039.vnnlib"",100.0,""official_attack_off_f32""]",
cifar100_2024,108,CIFAR100_resnet_large.onnx,CIFAR100_resnet_large_prop_idx_1323_sidx_3225_eps_0.0039.vnnlib,unsat,3.7926666736602783,CERTIFIED,1,100.0,3.7926666736602783,12.038,5.176,17.34021543711424,0,0,,,not a FALSIFIED row,0,scratch/logs/fse2026/abcrown/cifar100_2024/00108_0bf42edea2b493041a2f_xmfqob4a.log,6b8bbcfac1c01da1cabd240a87e4dce1a65f5a2b,"{""attack"": {""attack_off"": true, ""hook_replacements"": {}, ""overrides"": {""attack"": {""enable_mip_attack"": false, ""input_split_check_adv"": {""enabled"": ""false""}, ""pgd_order"": ""skip""}, ""bab"": {""attack"": {""enabled"": false}, ""branching"": {""input_split"": {""update_rhs_with_attack"": false}}}}}, ""biccos_applicable"": true, ""biccos_effective"": false, ""derived_path"": ""scratch/rq1_2026_tmp/baselines/abcrown/cifar100_2024/00108_0bf42edea2b493041a2f_xmfqob4a/config.yaml"", ""deviations"": [""attack-off (user decision D20): all attack/falsification stages disabled, see config.attack.overrides"", ""float32: general.double_fp=false; solver.use_float64_in_last_iteration=false; stable_f32 interpreter""], ""mapping"": ""exact"", ""notes"": [], ""official"": ""exp_configs/vnncomp25/cifar100.yaml"", ""official_biccos"": false, ""official_pgd_order"": ""middle"", ""variant"": ""official""}","[""attack-off (user decision D20): all attack/falsification stages disabled, see config.attack.overrides"", ""float32: general.double_fp=false; solver.use_float64_in_last_iteration=false; stable_f32 interpreter""]",,,0.0,37.0,official_attack_off_f32,"[""abcrown"",""data/vnncomp2026/cifar100_2024/1.0/onnx/CIFAR100_resnet_large.onnx"",""data/vnncomp2026/cifar100_2024/1.0/vnnlib/CIFAR100_resnet_large_prop_idx_1323_sidx_3225_eps_0.0039.vnnlib"",100.0,""official_attack_off_f32""]",
cifar100_2024,109,CIFAR100_resnet_large.onnx,CIFAR100_resnet_large_prop_idx_6945_sidx_8937_eps_0.0039.vnnlib,unsat,3.932842254638672,CERTIFIED,1,100.0,3.932842254638672,8.981,17.496,26.598375463858247,0,0,,,not a FALSIFIED row,0,scratch/logs/fse2026/abcrown/cifar100_2024/00109_067c34b5e64388eb32ef_omefdswf.log,6b8bbcfac1c01da1cabd240a87e4dce1a65f5a2b,"{""attack"": {""attack_off"": true, ""hook_replacements"": {}, ""overrides"": {""attack"": {""enable_mip_attack"": false, ""input_split_check_adv"": {""enabled"": ""false""}, ""pgd_order"": ""skip""}, ""bab"": {""attack"": {""enabled"": false}, ""branching"": {""input_split"": {""update_rhs_with_attack"": false}}}}}, ""biccos_applicable"": true, ""biccos_effective"": false, ""derived_path"": ""scratch/rq1_2026_tmp/baselines/abcrown/cifar100_2024/00109_067c34b5e64388eb32ef_omefdswf/config.yaml"", ""deviations"": [""attack-off (user decision D20): all attack/falsification stages disabled, see config.attack.overrides"", ""float32: general.double_fp=false; solver.use_float64_in_last_iteration=false; stable_f32 interpreter""], ""mapping"": ""exact"", ""notes"": [], ""official"": ""exp_configs/vnncomp25/cifar100.yaml"", ""official_biccos"": false, ""official_pgd_order"": ""middle"", ""variant"": ""official""}","[""attack-off (user decision D20): all attack/falsification stages disabled, see config.attack.overrides"", ""float32: general.double_fp=false; solver.use_float64_in_last_iteration=false; stable_f32 interpreter""]",,,0.0,34.0,official_attack_off_f32,"[""abcrown"",""data/vnncomp2026/cifar100_2024/1.0/onnx/CIFAR100_resnet_large.onnx"",""data/vnncomp2026/cifar100_2024/1.0/vnnlib/CIFAR100_resnet_large_prop_idx_6945_sidx_8937_eps_0.0039.vnnlib"",100.0,""official_attack_off_f32""]",
cifar100_2024,110,CIFAR100_resnet_large.onnx,CIFAR100_resnet_large_prop_idx_675_sidx_3209_eps_0.0039.vnnlib,unsat,1.7400405406951904,CERTIFIED,1,100.0,1.7400405406951904,5.623,4.923,10.665823318064213,0,0,,,not a FALSIFIED row,0,scratch/logs/fse2026/abcrown/cifar100_2024/00110_c7a8c69fe4e34e2aba33_dppvbxfr.log,6b8bbcfac1c01da1cabd240a87e4dce1a65f5a2b,"{""attack"": {""attack_off"": true, ""hook_replacements"": {}, ""overrides"": {""attack"": {""enable_mip_attack"": false, ""input_split_check_adv"": {""enabled"": ""false""}, ""pgd_order"": ""skip""}, ""bab"": {""attack"": {""enabled"": false}, ""branching"": {""input_split"": {""update_rhs_with_attack"": false}}}}}, ""biccos_applicable"": true, ""biccos_effective"": false, ""derived_path"": ""scratch/rq1_2026_tmp/baselines/abcrown/cifar100_2024/00110_c7a8c69fe4e34e2aba33_dppvbxfr/config.yaml"", ""deviations"": [""attack-off (user decision D20): all attack/falsification stages disabled, see config.attack.overrides"", ""float32: general.double_fp=false; solver.use_float64_in_last_iteration=false; stable_f32 interpreter""], ""mapping"": ""exact"", ""notes"": [], ""official"": ""exp_configs/vnncomp25/cifar100.yaml"", ""official_biccos"": false, ""official_pgd_order"": ""middle"", ""variant"": ""official""}","[""attack-off (user decision D20): all attack/falsification stages disabled, see config.attack.overrides"", ""float32: general.double_fp=false; solver.use_float64_in_last_iteration=false; stable_f32 interpreter""]",,,0.0,724.0,official_attack_off_f32,"[""abcrown"",""data/vnncomp2026/cifar100_2024/1.0/onnx/CIFAR100_resnet_large.onnx"",""data/vnncomp2026/cifar100_2024/1.0/vnnlib/CIFAR100_resnet_large_prop_idx_675_sidx_3209_eps_0.0039.vnnlib"",100.0,""official_attack_off_f32""]",
cifar100_2024,111,CIFAR100_resnet_large.onnx,CIFAR100_resnet_large_prop_idx_1507_sidx_157_eps_0.0039.vnnlib,unsat,1.9492464065551758,CERTIFIED,1,100.0,1.9492464065551758,5.824,4.972,10.914962865412235,0,0,,,not a FALSIFIED row,0,scratch/logs/fse2026/abcrown/cifar100_2024/00111_ddda7e0be121e9eb37ee_rimarpq6.log,6b8bbcfac1c01da1cabd240a87e4dce1a65f5a2b,"{""attack"": {""attack_off"": true, ""hook_replacements"": {}, ""overrides"": {""attack"": {""enable_mip_attack"": false, ""input_split_check_adv"": {""enabled"": ""false""}, ""pgd_order"": ""skip""}, ""bab"": {""attack"": {""enabled"": false}, ""branching"": {""input_split"": {""update_rhs_with_attack"": false}}}}}, ""biccos_applicable"": true, ""biccos_effective"": false, ""derived_path"": ""scratch/rq1_2026_tmp/baselines/abcrown/cifar100_2024/00111_ddda7e0be121e9eb37ee_rimarpq6/config.yaml"", ""deviations"": [""attack-off (user decision D20): all attack/falsification stages disabled, see config.attack.overrides"", ""float32: general.double_fp=false; solver.use_float64_in_last_iteration=false; stable_f32 interpreter""], ""mapping"": ""exact"", ""notes"": [], ""official"": ""exp_configs/vnncomp25/cifar100.yaml"", ""official_biccos"": false, ""official_pgd_order"": ""middle"", ""variant"": ""official""}","[""attack-off (user decision D20): all attack/falsification stages disabled, see config.attack.overrides"", ""float32: general.double_fp=false; solver.use_float64_in_last_iteration=false; stable_f32 interpreter""]",,,0.0,34.0,official_attack_off_f32,"[""abcrown"",""data/vnncomp2026/cifar100_2024/1.0/onnx/CIFAR100_resnet_large.onnx"",""data/vnncomp2026/cifar100_2024/1.0/vnnlib/CIFAR100_resnet_large_prop_idx_1507_sidx_157_eps_0.0039.vnnlib"",100.0,""official_attack_off_f32""]",
cifar100_2024,112,CIFAR100_resnet_large.onnx,CIFAR100_resnet_large_prop_idx_9273_sidx_1655_eps_0.0039.vnnlib,timeout,107.96798968315125,TIMEOUT,0,100.0,107.96798968315125,112.135,4.972,117.23626254871488,1,0,,,not a FALSIFIED row,0,scratch/logs/fse2026/abcrown/cifar100_2024/00112_daee6ea4ad4115c13ce2_3ih1n9ba.log,6b8bbcfac1c01da1cabd240a87e4dce1a65f5a2b,"{""attack"": {""attack_off"": true, ""hook_replacements"": {}, ""overrides"": {""attack"": {""enable_mip_attack"": false, ""input_split_check_adv"": {""enabled"": ""false""}, ""pgd_order"": ""skip""}, ""bab"": {""attack"": {""enabled"": false}, ""branching"": {""input_split"": {""update_rhs_with_attack"": false}}}}}, ""biccos_applicable"": true, ""biccos_effective"": false, ""derived_path"": ""scratch/rq1_2026_tmp/baselines/abcrown/cifar100_2024/00112_daee6ea4ad4115c13ce2_3ih1n9ba/config.yaml"", ""deviations"": [""attack-off (user decision D20): all attack/falsification stages disabled, see config.attack.overrides"", ""float32: general.double_fp=false; solver.use_float64_in_last_iteration=false; stable_f32 interpreter""], ""mapping"": ""exact"", ""notes"": [], ""official"": ""exp_configs/vnncomp25/cifar100.yaml"", ""official_biccos"": false, ""official_pgd_order"": ""middle"", ""variant"": ""official""}","[""attack-off (user decision D20): all attack/falsification stages disabled, see config.attack.overrides"", ""float32: general.double_fp=false; solver.use_float64_in_last_iteration=false; stable_f32 interpreter""]",,,0.0,724.0,official_attack_off_f32,"[""abcrown"",""data/vnncomp2026/cifar100_2024/1.0/onnx/CIFAR100_resnet_large.onnx"",""data/vnncomp2026/cifar100_2024/1.0/vnnlib/CIFAR100_resnet_large_prop_idx_9273_sidx_1655_eps_0.0039.vnnlib"",100.0,""official_attack_off_f32""]",
cifar100_2024,113,CIFAR100_resnet_large.onnx,CIFAR100_resnet_large_prop_idx_191_sidx_5326_eps_0.0039.vnnlib,timeout,100.67735433578491,TIMEOUT,0,100.0,100.67735433578491,105.257,4.972,110.3501862064004,1,0,,,not a FALSIFIED row,0,scratch/logs/fse2026/abcrown/cifar100_2024/00113_6ed8ce8b59bb3b0eb34e_pkb3ftkr.log,6b8bbcfac1c01da1cabd240a87e4dce1a65f5a2b,"{""attack"": {""attack_off"": true, ""hook_replacements"": {}, ""overrides"": {""attack"": {""enable_mip_attack"": false, ""input_split_check_adv"": {""enabled"": ""false""}, ""pgd_order"": ""skip""}, ""bab"": {""attack"": {""enabled"": false}, ""branching"": {""input_split"": {""update_rhs_with_attack"": false}}}}}, ""biccos_applicable"": true, ""biccos_effective"": false, ""derived_path"": ""scratch/rq1_2026_tmp/baselines/abcrown/cifar100_2024/00113_6ed8ce8b59bb3b0eb34e_pkb3ftkr/config.yaml"", ""deviations"": [""attack-off (user decision D20): all attack/falsification stages disabled, see config.attack.overrides"", ""float32: general.double_fp=false; solver.use_float64_in_last_iteration=false; stable_f32 interpreter""], ""mapping"": ""exact"", ""notes"": [], ""official"": ""exp_configs/vnncomp25/cifar100.yaml"", ""official_biccos"": false, ""official_pgd_order"": ""middle"", ""variant"": ""official""}","[""attack-off (user decision D20): all attack/falsification stages disabled, see config.attack.overrides"", ""float32: general.double_fp=false; solver.use_float64_in_last_iteration=false; stable_f32 interpreter""]",,,23.0,730.0,official_attack_off_f32,"[""abcrown"",""data/vnncomp2026/cifar100_2024/1.0/onnx/CIFAR100_resnet_large.onnx"",""data/vnncomp2026/cifar100_2024/1.0/vnnlib/CIFAR100_resnet_large_prop_idx_191_sidx_5326_eps_0.0039.vnnlib"",100.0,""official_attack_off_f32""]",
cifar100_2024,114,CIFAR100_resnet_large.onnx,CIFAR100_resnet_large_prop_idx_9330_sidx_2275_eps_0.0039.vnnlib,timeout,108.1005175113678,TIMEOUT,0,100.0,108.1005175113678,112.581,5.925,118.62516516260803,1,0,,,not a FALSIFIED row,0,scratch/logs/fse2026/abcrown/cifar100_2024/00114_41c7eeba8d6cb8bc2a08_bqh4i6tw.log,6b8bbcfac1c01da1cabd240a87e4dce1a65f5a2b,"{""attack"": {""attack_off"": true, ""hook_replacements"": {}, ""overrides"": {""attack"": {""enable_mip_attack"": false, ""input_split_check_adv"": {""enabled"": ""false""}, ""pgd_order"": ""skip""}, ""bab"": {""attack"": {""enabled"": false}, ""branching"": {""input_split"": {""update_rhs_with_attack"": false}}}}}, ""biccos_applicable"": true, ""biccos_effective"": false, ""derived_path"": ""scratch/rq1_2026_tmp/baselines/abcrown/cifar100_2024/00114_41c7eeba8d6cb8bc2a08_bqh4i6tw/config.yaml"", ""deviations"": [""attack-off (user decision D20): all attack/falsification stages disabled, see config.attack.overrides"", ""float32: general.double_fp=false; solver.use_float64_in_last_iteration=false; stable_f32 interpreter""], ""mapping"": ""exact"", ""notes"": [], ""official"": ""exp_configs/vnncomp25/cifar100.yaml"", ""official_biccos"": false, ""official_pgd_order"": ""middle"", ""variant"": ""official""}","[""attack-off (user decision D20): all attack/falsification stages disabled, see config.attack.overrides"", ""float32: general.double_fp=false; solver.use_float64_in_last_iteration=false; stable_f32 interpreter""]",,,96.0,6290.0,official_attack_off_f32,"[""abcrown"",""data/vnncomp2026/cifar100_2024/1.0/onnx/CIFAR100_resnet_large.onnx"",""data/vnncomp2026/cifar100_2024/1.0/vnnlib/CIFAR100_resnet_large_prop_idx_9330_sidx_2275_eps_0.0039.vnnlib"",100.0,""official_attack_off_f32""]",
cifar100_2024,115,CIFAR100_resnet_large.onnx,CIFAR100_resnet_large_prop_idx_8463_sidx_5538_eps_0.0039.vnnlib,unsat,6.461329221725464,CERTIFIED,1,100.0,6.461329221725464,10.685,5.222,16.02758322842419,0,0,,,not a FALSIFIED row,0,scratch/logs/fse2026/abcrown/cifar100_2024/00115_b45341cabbdbcebad3bd_0dxim10j.log,6b8bbcfac1c01da1cabd240a87e4dce1a65f5a2b,"{""attack"": {""attack_off"": true, ""hook_replacements"": {}, ""overrides"": {""attack"": {""enable_mip_attack"": false, ""input_split_check_adv"": {""enabled"": ""false""}, ""pgd_order"": ""skip""}, ""bab"": {""attack"": {""enabled"": false}, ""branching"": {""input_split"": {""update_rhs_with_attack"": false}}}}}, ""biccos_applicable"": true, ""biccos_effective"": false, ""derived_path"": ""scratch/rq1_2026_tmp/baselines/abcrown/cifar100_2024/00115_b45341cabbdbcebad3bd_0dxim10j/config.yaml"", ""deviations"": [""attack-off (user decision D20): all attack/falsification stages disabled, see config.attack.overrides"", ""float32: general.double_fp=false; solver.use_float64_in_last_iteration=false; stable_f32 interpreter""], ""mapping"": ""exact"", ""notes"": [], ""official"": ""exp_configs/vnncomp25/cifar100.yaml"", ""official_biccos"": false, ""official_pgd_order"": ""middle"", ""variant"": ""official""}","[""attack-off (user decision D20): all attack/falsification stages disabled, see config.attack.overrides"", ""float32: general.double_fp=false; solver.use_float64_in_last_iteration=false; stable_f32 interpreter""]",,,56.0,12756.0,official_attack_off_f32,"[""abcrown"",""data/vnncomp2026/cifar100_2024/1.0/onnx/CIFAR100_resnet_large.onnx"",""data/vnncomp2026/cifar100_2024/1.0/vnnlib/CIFAR100_resnet_large_prop_idx_8463_sidx_5538_eps_0.0039.vnnlib"",100.0,""official_attack_off_f32""]",
cifar100_2024,116,CIFAR100_resnet_large.onnx,CIFAR100_resnet_large_prop_idx_2491_sidx_7263_eps_0.0039.vnnlib,timeout,103.23581552505493,TIMEOUT,0,100.0,103.23581552505493,107.53,4.923,112.56785771250725,1,0,,,not a FALSIFIED row,0,scratch/logs/fse2026/abcrown/cifar100_2024/00116_8349a70eea345c9e58cf_xn0sejrh.log,6b8bbcfac1c01da1cabd240a87e4dce1a65f5a2b,"{""attack"": {""attack_off"": true, ""hook_replacements"": {}, ""overrides"": {""attack"": {""enable_mip_attack"": false, ""input_split_check_adv"": {""enabled"": ""false""}, ""pgd_order"": ""skip""}, ""bab"": {""attack"": {""enabled"": false}, ""branching"": {""input_split"": {""update_rhs_with_attack"": false}}}}}, ""biccos_applicable"": true, ""biccos_effective"": false, ""derived_path"": ""scratch/rq1_2026_tmp/baselines/abcrown/cifar100_2024/00116_8349a70eea345c9e58cf_xn0sejrh/config.yaml"", ""deviations"": [""attack-off (user decision D20): all attack/falsification stages disabled, see config.attack.overrides"", ""float32: general.double_fp=false; solver.use_float64_in_last_iteration=false; stable_f32 interpreter""], ""mapping"": ""exact"", ""notes"": [], ""official"": ""exp_configs/vnncomp25/cifar100.yaml"", ""official_biccos"": false, ""official_pgd_order"": ""middle"", ""variant"": ""official""}","[""attack-off (user decision D20): all attack/falsification stages disabled, see config.attack.overrides"", ""float32: general.double_fp=false; solver.use_float64_in_last_iteration=false; stable_f32 interpreter""]",,,25.0,12212.0,official_attack_off_f32,"[""abcrown"",""data/vnncomp2026/cifar100_2024/1.0/onnx/CIFAR100_resnet_large.onnx"",""data/vnncomp2026/cifar100_2024/1.0/vnnlib/CIFAR100_resnet_large_prop_idx_2491_sidx_7263_eps_0.0039.vnnlib"",100.0,""official_attack_off_f32""]",
cifar100_2024,117,CIFAR100_resnet_large.onnx,CIFAR100_resnet_large_prop_idx_8799_sidx_6095_eps_0.0039.vnnlib,unsat,7.278350591659546,CERTIFIED,1,100.0,7.278350591659546,11.084,4.923,16.126823149621487,0,0,,,not a FALSIFIED row,0,scratch/logs/fse2026/abcrown/cifar100_2024/00117_d1a755b42bdd47fffa2d_4jxinzst.log,6b8bbcfac1c01da1cabd240a87e4dce1a65f5a2b,"{""attack"": {""attack_off"": true, ""hook_replacements"": {}, ""overrides"": {""attack"": {""enable_mip_attack"": false, ""input_split_check_adv"": {""enabled"": ""false""}, ""pgd_order"": ""skip""}, ""bab"": {""attack"": {""enabled"": false}, ""branching"": {""input_split"": {""update_rhs_with_attack"": false}}}}}, ""biccos_applicable"": true, ""biccos_effective"": false, ""derived_path"": ""scratch/rq1_2026_tmp/baselines/abcrown/cifar100_2024/00117_d1a755b42bdd47fffa2d_4jxinzst/config.yaml"", ""deviations"": [""attack-off (user decision D20): all attack/falsification stages disabled, see config.attack.overrides"", ""float32: general.double_fp=false; solver.use_float64_in_last_iteration=false; stable_f32 interpreter""], ""mapping"": ""exact"", ""notes"": [], ""official"": ""exp_configs/vnncomp25/cifar100.yaml"", ""official_biccos"": false, ""official_pgd_order"": ""middle"", ""variant"": ""official""}","[""attack-off (user decision D20): all attack/falsification stages disabled, see config.attack.overrides"", ""float32: general.double_fp=false; solver.use_float64_in_last_iteration=false; stable_f32 interpreter""]",,,12.0,12246.0,official_attack_off_f32,"[""abcrown"",""data/vnncomp2026/cifar100_2024/1.0/onnx/CIFAR100_resnet_large.onnx"",""data/vnncomp2026/cifar100_2024/1.0/vnnlib/CIFAR100_resnet_large_prop_idx_8799_sidx_6095_eps_0.0039.vnnlib"",100.0,""official_attack_off_f32""]",
cifar100_2024,118,CIFAR100_resnet_large.onnx,CIFAR100_resnet_large_prop_idx_1215_sidx_6563_eps_0.0039.vnnlib,unsat,4.115675210952759,CERTIFIED,1,100.0,4.115675210952759,7.878,4.872,12.86746926791966,0,0,,,not a FALSIFIED row,0,scratch/logs/fse2026/abcrown/cifar100_2024/00118_73764b8afa8561048002_88lbqo4y.log,6b8bbcfac1c01da1cabd240a87e4dce1a65f5a2b,"{""attack"": {""attack_off"": true, ""hook_replacements"": {}, ""overrides"": {""attack"": {""enable_mip_attack"": false, ""input_split_check_adv"": {""enabled"": ""false""}, ""pgd_order"": ""skip""}, ""bab"": {""attack"": {""enabled"": false}, ""branching"": {""input_split"": {""update_rhs_with_attack"": false}}}}}, ""biccos_applicable"": true, ""biccos_effective"": false, ""derived_path"": ""scratch/rq1_2026_tmp/baselines/abcrown/cifar100_2024/00118_73764b8afa8561048002_88lbqo4y/config.yaml"", ""deviations"": [""attack-off (user decision D20): all attack/falsification stages disabled, see config.attack.overrides"", ""float32: general.double_fp=false; solver.use_float64_in_last_iteration=false; stable_f32 interpreter""], ""mapping"": ""exact"", ""notes"": [], ""official"": ""exp_configs/vnncomp25/cifar100.yaml"", ""official_biccos"": false, ""official_pgd_order"": ""middle"", ""variant"": ""official""}","[""attack-off (user decision D20): all attack/falsification stages disabled, see config.attack.overrides"", ""float32: general.double_fp=false; solver.use_float64_in_last_iteration=false; stable_f32 interpreter""]",,,3.0,12208.0,official_attack_off_f32,"[""abcrown"",""data/vnncomp2026/cifar100_2024/1.0/onnx/CIFAR100_resnet_large.onnx"",""data/vnncomp2026/cifar100_2024/1.0/vnnlib/CIFAR100_resnet_large_prop_idx_1215_sidx_6563_eps_0.0039.vnnlib"",100.0,""official_attack_off_f32""]",
cifar100_2024,119,CIFAR100_resnet_large.onnx,CIFAR100_resnet_large_prop_idx_4757_sidx_803_eps_0.0039.vnnlib,unsat,4.860939025878906,CERTIFIED,1,100.0,4.860939025878906,8.78,4.874,13.777181960642338,0,0,,,not a FALSIFIED row,0,scratch/logs/fse2026/abcrown/cifar100_2024/00119_44d16235e1a9c951bbba_6hkwsam0.log,6b8bbcfac1c01da1cabd240a87e4dce1a65f5a2b,"{""attack"": {""attack_off"": true, ""hook_replacements"": {}, ""overrides"": {""attack"": {""enable_mip_attack"": false, ""input_split_check_adv"": {""enabled"": ""false""}, ""pgd_order"": ""skip""}, ""bab"": {""attack"": {""enabled"": false}, ""branching"": {""input_split"": {""update_rhs_with_attack"": false}}}}}, ""biccos_applicable"": true, ""biccos_effective"": false, ""derived_path"": ""scratch/rq1_2026_tmp/baselines/abcrown/cifar100_2024/00119_44d16235e1a9c951bbba_6hkwsam0/config.yaml"", ""deviations"": [""attack-off (user decision D20): all attack/falsification stages disabled, see config.attack.overrides"", ""float32: general.double_fp=false; solver.use_float64_in_last_iteration=false; stable_f32 interpreter""], ""mapping"": ""exact"", ""notes"": [], ""official"": ""exp_configs/vnncomp25/cifar100.yaml"", ""official_biccos"": false, ""official_pgd_order"": ""middle"", ""variant"": ""official""}","[""attack-off (user decision D20): all attack/falsification stages disabled, see config.attack.overrides"", ""float32: general.double_fp=false; solver.use_float64_in_last_iteration=false; stable_f32 interpreter""]",,,1.0,12218.0,official_attack_off_f32,"[""abcrown"",""data/vnncomp2026/cifar100_2024/1.0/onnx/CIFAR100_resnet_large.onnx"",""data/vnncomp2026/cifar100_2024/1.0/vnnlib/CIFAR100_resnet_large_prop_idx_4757_sidx_803_eps_0.0039.vnnlib"",100.0,""official_attack_off_f32""]",
cifar100_2024,120,CIFAR100_resnet_large.onnx,CIFAR100_resnet_large_prop_idx_7553_sidx_145_eps_0.0039.vnnlib,timeout,100.84538531303406,TIMEOUT,0,100.0,100.84538531303406,105.008,5.023,110.1504092849791,1,0,,,not a FALSIFIED row,0,scratch/logs/fse2026/abcrown/cifar100_2024/00120_9ebbadbe1dd1fd635786_ocqa5f3y.log,6b8bbcfac1c01da1cabd240a87e4dce1a65f5a2b,"{""attack"": {""attack_off"": true, ""hook_replacements"": {}, ""overrides"": {""attack"": {""enable_mip_attack"": false, ""input_split_check_adv"": {""enabled"": ""false""}, ""pgd_order"": ""skip""}, ""bab"": {""attack"": {""enabled"": false}, ""branching"": {""input_split"": {""update_rhs_with_attack"": false}}}}}, ""biccos_applicable"": true, ""biccos_effective"": false, ""derived_path"": ""scratch/rq1_2026_tmp/baselines/abcrown/cifar100_2024/00120_9ebbadbe1dd1fd635786_ocqa5f3y/config.yaml"", ""deviations"": [""attack-off (user decision D20): all attack/falsification stages disabled, see config.attack.overrides"", ""float32: general.double_fp=false; solver.use_float64_in_last_iteration=false; stable_f32 interpreter""], ""mapping"": ""exact"", ""notes"": [], ""official"": ""exp_configs/vnncomp25/cifar100.yaml"", ""official_biccos"": false, ""official_pgd_order"": ""middle"", ""variant"": ""official""}","[""attack-off (user decision D20): all attack/falsification stages disabled, see config.attack.overrides"", ""float32: general.double_fp=false; solver.use_float64_in_last_iteration=false; stable_f32 interpreter""]",,,9.0,12488.0,official_attack_off_f32,"[""abcrown"",""data/vnncomp2026/cifar100_2024/1.0/onnx/CIFAR100_resnet_large.onnx"",""data/vnncomp2026/cifar100_2024/1.0/vnnlib/CIFAR100_resnet_large_prop_idx_7553_sidx_145_eps_0.0039.vnnlib"",100.0,""official_attack_off_f32""]",
cifar100_2024,121,CIFAR100_resnet_large.onnx,CIFAR100_resnet_large_prop_idx_8155_sidx_7520_eps_0.0039.vnnlib,unsat,10.304807662963867,CERTIFIED,1,100.0,10.304807662963867,14.088,4.922,19.123099219053984,0,0,,,not a FALSIFIED row,0,scratch/logs/fse2026/abcrown/cifar100_2024/00121_9c78b94b7ed3e14ab95d_4j_xtr1t.log,6b8bbcfac1c01da1cabd240a87e4dce1a65f5a2b,"{""attack"": {""attack_off"": true, ""hook_replacements"": {}, ""overrides"": {""attack"": {""enable_mip_attack"": false, ""input_split_check_adv"": {""enabled"": ""false""}, ""pgd_order"": ""skip""}, ""bab"": {""attack"": {""enabled"": false}, ""branching"": {""input_split"": {""update_rhs_with_attack"": false}}}}}, ""biccos_applicable"": true, ""biccos_effective"": false, ""derived_path"": ""scratch/rq1_2026_tmp/baselines/abcrown/cifar100_2024/00121_9c78b94b7ed3e14ab95d_4j_xtr1t/config.yaml"", ""deviations"": [""attack-off (user decision D20): all attack/falsification stages disabled, see config.attack.overrides"", ""float32: general.double_fp=false; solver.use_float64_in_last_iteration=false; stable_f32 interpreter""], ""mapping"": ""exact"", ""notes"": [], ""official"": ""exp_configs/vnncomp25/cifar100.yaml"", ""official_biccos"": false, ""official_pgd_order"": ""middle"", ""variant"": ""official""}","[""attack-off (user decision D20): all attack/falsification stages disabled, see config.attack.overrides"", ""float32: general.double_fp=false; solver.use_float64_in_last_iteration=false; stable_f32 interpreter""]",,,0.0,11552.0,official_attack_off_f32,"[""abcrown"",""data/vnncomp2026/cifar100_2024/1.0/onnx/CIFAR100_resnet_large.onnx"",""data/vnncomp2026/cifar100_2024/1.0/vnnlib/CIFAR100_resnet_large_prop_idx_8155_sidx_7520_eps_0.0039.vnnlib"",100.0,""official_attack_off_f32""]",
cifar100_2024,122,CIFAR100_resnet_large.onnx,CIFAR100_resnet_large_prop_idx_4877_sidx_1033_eps_0.0039.vnnlib,unsat,4.0809760093688965,CERTIFIED,1,100.0,4.0809760093688965,7.777,4.822,12.717054199427366,0,0,,,not a FALSIFIED row,0,scratch/logs/fse2026/abcrown/cifar100_2024/00122_eed0b283d49421d716ea_3luzb85t.log,6b8bbcfac1c01da1cabd240a87e4dce1a65f5a2b,"{""attack"": {""attack_off"": true, ""hook_replacements"": {}, ""overrides"": {""attack"": {""enable_mip_attack"": false, ""input_split_check_adv"": {""enabled"": ""false""}, ""pgd_order"": ""skip""}, ""bab"": {""attack"": {""enabled"": false}, ""branching"": {""input_split"": {""update_rhs_with_attack"": false}}}}}, ""biccos_applicable"": true, ""biccos_effective"": false, ""derived_path"": ""scratch/rq1_2026_tmp/baselines/abcrown/cifar100_2024/00122_eed0b283d49421d716ea_3luzb85t/config.yaml"", ""deviations"": [""attack-off (user decision D20): all attack/falsification stages disabled, see config.attack.overrides"", ""float32: general.double_fp=false; solver.use_float64_in_last_iteration=false; stable_f32 interpreter""], ""mapping"": ""exact"", ""notes"": [], ""official"": ""exp_configs/vnncomp25/cifar100.yaml"", ""official_biccos"": false, ""official_pgd_order"": ""middle"", ""variant"": ""official""}","[""attack-off (user decision D20): all attack/falsification stages disabled, see config.attack.overrides"", ""float32: general.double_fp=false; solver.use_float64_in_last_iteration=false; stable_f32 interpreter""]",,,3.0,12218.0,official_attack_off_f32,"[""abcrown"",""data/vnncomp2026/cifar100_2024/1.0/onnx/CIFAR100_resnet_large.onnx"",""data/vnncomp2026/cifar100_2024/1.0/vnnlib/CIFAR100_resnet_large_prop_idx_4877_sidx_1033_eps_0.0039.vnnlib"",100.0,""official_attack_off_f32""]",
cifar100_2024,123,CIFAR100_resnet_large.onnx,CIFAR100_resnet_large_prop_idx_3002_sidx_6304_eps_0.0039.vnnlib,unsat,3.8141276836395264,CERTIFIED,1,100.0,3.8141276836395264,7.477,4.722,12.310159655287862,0,0,,,not a FALSIFIED row,0,scratch/logs/fse2026/abcrown/cifar100_2024/00123_cb9e2b60d575cada6629_x624guln.log,6b8bbcfac1c01da1cabd240a87e4dce1a65f5a2b,"{""attack"": {""attack_off"": true, ""hook_replacements"": {}, ""overrides"": {""attack"": {""enable_mip_attack"": false, ""input_split_check_adv"": {""enabled"": ""false""}, ""pgd_order"": ""skip""}, ""bab"": {""attack"": {""enabled"": false}, ""branching"": {""input_split"": {""update_rhs_with_attack"": false}}}}}, ""biccos_applicable"": true, ""biccos_effective"": false, ""derived_path"": ""scratch/rq1_2026_tmp/baselines/abcrown/cifar100_2024/00123_cb9e2b60d575cada6629_x624guln/config.yaml"", ""deviations"": [""attack-off (user decision D20): all attack/falsification stages disabled, see config.attack.overrides"", ""float32: general.double_fp=false; solver.use_float64_in_last_iteration=false; stable_f32 interpreter""], ""mapping"": ""exact"", ""notes"": [], ""official"": ""exp_configs/vnncomp25/cifar100.yaml"", ""official_biccos"": false, ""official_pgd_order"": ""middle"", ""variant"": ""official""}","[""attack-off (user decision D20): all attack/falsification stages disabled, see config.attack.overrides"", ""float32: general.double_fp=false; solver.use_float64_in_last_iteration=false; stable_f32 interpreter""]",,,0.0,11526.0,official_attack_off_f32,"[""abcrown"",""data/vnncomp2026/cifar100_2024/1.0/onnx/CIFAR100_resnet_large.onnx"",""data/vnncomp2026/cifar100_2024/1.0/vnnlib/CIFAR100_resnet_large_prop_idx_3002_sidx_6304_eps_0.0039.vnnlib"",100.0,""official_attack_off_f32""]",
cifar100_2024,124,CIFAR100_resnet_large.onnx,CIFAR100_resnet_large_prop_idx_768_sidx_2735_eps_0.0039.vnnlib,timeout,104.3827588558197,TIMEOUT,0,100.0,104.3827588558197,108.568,4.822,113.50330142490566,1,0,,,not a FALSIFIED row,0,scratch/logs/fse2026/abcrown/cifar100_2024/00124_a70c71f28fcd0a93265b__ws1q1g4.log,6b8bbcfac1c01da1cabd240a87e4dce1a65f5a2b,"{""attack"": {""attack_off"": true, ""hook_replacements"": {}, ""overrides"": {""attack"": {""enable_mip_attack"": false, ""input_split_check_adv"": {""enabled"": ""false""}, ""pgd_order"": ""skip""}, ""bab"": {""attack"": {""enabled"": false}, ""branching"": {""input_split"": {""update_rhs_with_attack"": false}}}}}, ""biccos_applicable"": true, ""biccos_effective"": false, ""derived_path"": ""scratch/rq1_2026_tmp/baselines/abcrown/cifar100_2024/00124_a70c71f28fcd0a93265b__ws1q1g4/config.yaml"", ""deviations"": [""attack-off (user decision D20): all attack/falsification stages disabled, see config.attack.overrides"", ""float32: general.double_fp=false; solver.use_float64_in_last_iteration=false; stable_f32 interpreter""], ""mapping"": ""exact"", ""notes"": [], ""official"": ""exp_configs/vnncomp25/cifar100.yaml"", ""official_biccos"": false, ""official_pgd_order"": ""middle"", ""variant"": ""official""}","[""attack-off (user decision D20): all attack/falsification stages disabled, see config.attack.overrides"", ""float32: general.double_fp=false; solver.use_float64_in_last_iteration=false; stable_f32 interpreter""]",,,0.0,11526.0,official_attack_off_f32,"[""abcrown"",""data/vnncomp2026/cifar100_2024/1.0/onnx/CIFAR100_resnet_large.onnx"",""data/vnncomp2026/cifar100_2024/1.0/vnnlib/CIFAR100_resnet_large_prop_idx_768_sidx_2735_eps_0.0039.vnnlib"",100.0,""official_attack_off_f32""]",
cifar100_2024,125,CIFAR100_resnet_large.onnx,CIFAR100_resnet_large_prop_idx_6730_sidx_7777_eps_0.0039.vnnlib,timeout,109.03335690498352,TIMEOUT,0,100.0,109.03335690498352,113.244,4.772,118.12614712491632,1,0,,,not a FALSIFIED row,0,scratch/logs/fse2026/abcrown/cifar100_2024/00125_46142d2b4c05da4fc5b6_px3_c83a.log,6b8bbcfac1c01da1cabd240a87e4dce1a65f5a2b,"{""attack"": {""attack_off"": true, ""hook_replacements"": {}, ""overrides"": {""attack"": {""enable_mip_attack"": false, ""input_split_check_adv"": {""enabled"": ""false""}, ""pgd_order"": ""skip""}, ""bab"": {""attack"": {""enabled"": false}, ""branching"": {""input_split"": {""update_rhs_with_attack"": false}}}}}, ""biccos_applicable"": true, ""biccos_effective"": false, ""derived_path"": ""scratch/rq1_2026_tmp/baselines/abcrown/cifar100_2024/00125_46142d2b4c05da4fc5b6_px3_c83a/config.yaml"", ""deviations"": [""attack-off (user decision D20): all attack/falsification stages disabled, see config.attack.overrides"", ""float32: general.double_fp=false; solver.use_float64_in_last_iteration=false; stable_f32 interpreter""], ""mapping"": ""exact"", ""notes"": [], ""official"": ""exp_configs/vnncomp25/cifar100.yaml"", ""official_biccos"": false, ""official_pgd_order"": ""middle"", ""variant"": ""official""}","[""attack-off (user decision D20): all attack/falsification stages disabled, see config.attack.overrides"", ""float32: general.double_fp=false; solver.use_float64_in_last_iteration=false; stable_f32 interpreter""]",,,74.0,11526.0,official_attack_off_f32,"[""abcrown"",""data/vnncomp2026/cifar100_2024/1.0/onnx/CIFAR100_resnet_large.onnx"",""data/vnncomp2026/cifar100_2024/1.0/vnnlib/CIFAR100_resnet_large_prop_idx_6730_sidx_7777_eps_0.0039.vnnlib"",100.0,""official_attack_off_f32""]",
cifar100_2024,126,CIFAR100_resnet_large.onnx,CIFAR100_resnet_large_prop_idx_6820_sidx_4213_eps_0.0039.vnnlib,timeout,103.00546836853027,TIMEOUT,0,100.0,103.00546836853027,107.251,4.922,112.30495072156191,1,0,,,not a FALSIFIED row,0,scratch/logs/fse2026/abcrown/cifar100_2024/00126_533bb201f2e81f10a0a8_chqb7m63.log,6b8bbcfac1c01da1cabd240a87e4dce1a65f5a2b,"{""attack"": {""attack_off"": true, ""hook_replacements"": {}, ""overrides"": {""attack"": {""enable_mip_attack"": false, ""input_split_check_adv"": {""enabled"": ""false""}, ""pgd_order"": ""skip""}, ""bab"": {""attack"": {""enabled"": false}, ""branching"": {""input_split"": {""update_rhs_with_attack"": false}}}}}, ""biccos_applicable"": true, ""biccos_effective"": false, ""derived_path"": ""scratch/rq1_2026_tmp/baselines/abcrown/cifar100_2024/00126_533bb201f2e81f10a0a8_chqb7m63/config.yaml"", ""deviations"": [""attack-off (user decision D20): all attack/falsification stages disabled, see config.attack.overrides"", ""float32: general.double_fp=false; solver.use_float64_in_last_iteration=false; stable_f32 interpreter""], ""mapping"": ""exact"", ""notes"": [], ""official"": ""exp_configs/vnncomp25/cifar100.yaml"", ""official_biccos"": false, ""official_pgd_order"": ""middle"", ""variant"": ""official""}","[""attack-off (user decision D20): all attack/falsification stages disabled, see config.attack.overrides"", ""float32: general.double_fp=false; solver.use_float64_in_last_iteration=false; stable_f32 interpreter""]",,,0.0,11526.0,official_attack_off_f32,"[""abcrown"",""data/vnncomp2026/cifar100_2024/1.0/onnx/CIFAR100_resnet_large.onnx"",""data/vnncomp2026/cifar100_2024/1.0/vnnlib/CIFAR100_resnet_large_prop_idx_6820_sidx_4213_eps_0.0039.vnnlib"",100.0,""official_attack_off_f32""]",
cifar100_2024,127,CIFAR100_resnet_large.onnx,CIFAR100_resnet_large_prop_idx_8715_sidx_9282_eps_0.0039.vnnlib,timeout,104.87808442115784,TIMEOUT,0,100.0,104.87808442115784,109.649,5.817,115.60087427683175,1,0,,,not a FALSIFIED row,0,scratch/logs/fse2026/abcrown/cifar100_2024/00127_e248e574f787f3da39d3_ce0l8rfn.log,6b8bbcfac1c01da1cabd240a87e4dce1a65f5a2b,"{""attack"": {""attack_off"": true, ""hook_replacements"": {}, ""overrides"": {""attack"": {""enable_mip_attack"": false, ""input_split_check_adv"": {""enabled"": ""false""}, ""pgd_order"": ""skip""}, ""bab"": {""attack"": {""enabled"": false}, ""branching"": {""input_split"": {""update_rhs_with_attack"": false}}}}}, ""biccos_applicable"": true, ""biccos_effective"": false, ""derived_path"": ""scratch/rq1_2026_tmp/baselines/abcrown/cifar100_2024/00127_e248e574f787f3da39d3_ce0l8rfn/config.yaml"", ""deviations"": [""attack-off (user decision D20): all attack/falsification stages disabled, see config.attack.overrides"", ""float32: general.double_fp=false; solver.use_float64_in_last_iteration=false; stable_f32 interpreter""], ""mapping"": ""exact"", ""notes"": [], ""official"": ""exp_configs/vnncomp25/cifar100.yaml"", ""official_biccos"": false, ""official_pgd_order"": ""middle"", ""variant"": ""official""}","[""attack-off (user decision D20): all attack/falsification stages disabled, see config.attack.overrides"", ""float32: general.double_fp=false; solver.use_float64_in_last_iteration=false; stable_f32 interpreter""]",,,0.0,11526.0,official_attack_off_f32,"[""abcrown"",""data/vnncomp2026/cifar100_2024/1.0/onnx/CIFAR100_resnet_large.onnx"",""data/vnncomp2026/cifar100_2024/1.0/vnnlib/CIFAR100_resnet_large_prop_idx_8715_sidx_9282_eps_0.0039.vnnlib"",100.0,""official_attack_off_f32""]",
cifar100_2024,128,CIFAR100_resnet_large.onnx,CIFAR100_resnet_large_prop_idx_1590_sidx_2858_eps_0.0039.vnnlib,unsat,4.2578325271606445,CERTIFIED,1,100.0,4.2578325271606445,7.877,4.722,12.718626441434026,0,0,,,not a FALSIFIED row,0,scratch/logs/fse2026/abcrown/cifar100_2024/00128_a72f2841db93a07ab2bd_6pa32jnc.log,6b8bbcfac1c01da1cabd240a87e4dce1a65f5a2b,"{""attack"": {""attack_off"": true, ""hook_replacements"": {}, ""overrides"": {""attack"": {""enable_mip_attack"": false, ""input_split_check_adv"": {""enabled"": ""false""}, ""pgd_order"": ""skip""}, ""bab"": {""attack"": {""enabled"": false}, ""branching"": {""input_split"": {""update_rhs_with_attack"": false}}}}}, ""biccos_applicable"": true, ""biccos_effective"": false, ""derived_path"": ""scratch/rq1_2026_tmp/baselines/abcrown/cifar100_2024/00128_a72f2841db93a07ab2bd_6pa32jnc/config.yaml"", ""deviations"": [""attack-off (user decision D20): all attack/falsification stages disabled, see config.attack.overrides"", ""float32: general.double_fp=false; solver.use_float64_in_last_iteration=false; stable_f32 interpreter""], ""mapping"": ""exact"", ""notes"": [], ""official"": ""exp_configs/vnncomp25/cifar100.yaml"", ""official_biccos"": false, ""official_pgd_order"": ""middle"", ""variant"": ""official""}","[""attack-off (user decision D20): all attack/falsification stages disabled, see config.attack.overrides"", ""float32: general.double_fp=false; solver.use_float64_in_last_iteration=false; stable_f32 interpreter""]",,,0.0,11526.0,official_attack_off_f32,"[""abcrown"",""data/vnncomp2026/cifar100_2024/1.0/onnx/CIFAR100_resnet_large.onnx"",""data/vnncomp2026/cifar100_2024/1.0/vnnlib/CIFAR100_resnet_large_prop_idx_1590_sidx_2858_eps_0.0039.vnnlib"",100.0,""official_attack_off_f32""]",
cifar100_2024,129,CIFAR100_resnet_large.onnx,CIFAR100_resnet_large_prop_idx_4110_sidx_6223_eps_0.0039.vnnlib,timeout,102.53940391540527,TIMEOUT,0,100.0,102.53940391540527,106.601,4.722,111.43661972694099,1,0,,,not a FALSIFIED row,0,scratch/logs/fse2026/abcrown/cifar100_2024/00129_51285ff9df2744603417_dq_pdpd3.log,6b8bbcfac1c01da1cabd240a87e4dce1a65f5a2b,"{""attack"": {""attack_off"": true, ""hook_replacements"": {}, ""overrides"": {""attack"": {""enable_mip_attack"": false, ""input_split_check_adv"": {""enabled"": ""false""}, ""pgd_order"": ""skip""}, ""bab"": {""attack"": {""enabled"": false}, ""branching"": {""input_split"": {""update_rhs_with_attack"": false}}}}}, ""biccos_applicable"": true, ""biccos_effective"": false, ""derived_path"": ""scratch/rq1_2026_tmp/baselines/abcrown/cifar100_2024/00129_51285ff9df2744603417_dq_pdpd3/config.yaml"", ""deviations"": [""attack-off (user decision D20): all attack/falsification stages disabled, see config.attack.overrides"", ""float32: general.double_fp=false; solver.use_float64_in_last_iteration=false; stable_f32 interpreter""], ""mapping"": ""exact"", ""notes"": [], ""official"": ""exp_configs/vnncomp25/cifar100.yaml"", ""official_biccos"": false, ""official_pgd_order"": ""middle"", ""variant"": ""official""}","[""attack-off (user decision D20): all attack/falsification stages disabled, see config.attack.overrides"", ""float32: general.double_fp=false; solver.use_float64_in_last_iteration=false; stable_f32 interpreter""]",,,28.0,11526.0,official_attack_off_f32,"[""abcrown"",""data/vnncomp2026/cifar100_2024/1.0/onnx/CIFAR100_resnet_large.onnx"",""data/vnncomp2026/cifar100_2024/1.0/vnnlib/CIFAR100_resnet_large_prop_idx_4110_sidx_6223_eps_0.0039.vnnlib"",100.0,""official_attack_off_f32""]",
cifar100_2024,130,CIFAR100_resnet_large.onnx,CIFAR100_resnet_large_prop_idx_335_sidx_5793_eps_0.0039.vnnlib,unsat,3.7792861461639404,CERTIFIED,1,100.0,3.7792861461639404,7.476,4.772,12.36350417137146,0,0,,,not a FALSIFIED row,0,scratch/logs/fse2026/abcrown/cifar100_2024/00130_2ca86a57c09d26d82e2a_6f9zke8l.log,6b8bbcfac1c01da1cabd240a87e4dce1a65f5a2b,"{""attack"": {""attack_off"": true, ""hook_replacements"": {}, ""overrides"": {""attack"": {""enable_mip_attack"": false, ""input_split_check_adv"": {""enabled"": ""false""}, ""pgd_order"": ""skip""}, ""bab"": {""attack"": {""enabled"": false}, ""branching"": {""input_split"": {""update_rhs_with_attack"": false}}}}}, ""biccos_applicable"": true, ""biccos_effective"": false, ""derived_path"": ""scratch/rq1_2026_tmp/baselines/abcrown/cifar100_2024/00130_2ca86a57c09d26d82e2a_6f9zke8l/config.yaml"", ""deviations"": [""attack-off (user decision D20): all attack/falsification stages disabled, see config.attack.overrides"", ""float32: general.double_fp=false; solver.use_float64_in_last_iteration=false; stable_f32 interpreter""], ""mapping"": ""exact"", ""notes"": [], ""official"": ""exp_configs/vnncomp25/cifar100.yaml"", ""official_biccos"": false, ""official_pgd_order"": ""middle"", ""variant"": ""official""}","[""attack-off (user decision D20): all attack/falsification stages disabled, see config.attack.overrides"", ""float32: general.double_fp=false; solver.use_float64_in_last_iteration=false; stable_f32 interpreter""]",,,0.0,34.0,official_attack_off_f32,"[""abcrown"",""data/vnncomp2026/cifar100_2024/1.0/onnx/CIFAR100_resnet_large.onnx"",""data/vnncomp2026/cifar100_2024/1.0/vnnlib/CIFAR100_resnet_large_prop_idx_335_sidx_5793_eps_0.0039.vnnlib"",100.0,""official_attack_off_f32""]",
cifar100_2024,131,CIFAR100_resnet_large.onnx,CIFAR100_resnet_large_prop_idx_2630_sidx_1753_eps_0.0039.vnnlib,timeout,100.41216111183167,TIMEOUT,0,100.0,100.41216111183167,104.797,4.822,109.73456681333482,1,0,,,not a FALSIFIED row,0,scratch/logs/fse2026/abcrown/cifar100_2024/00131_a392be7e9b1b69981b13_b_1646q1.log,6b8bbcfac1c01da1cabd240a87e4dce1a65f5a2b,"{""attack"": {""attack_off"": true, ""hook_replacements"": {}, ""overrides"": {""attack"": {""enable_mip_attack"": false, ""input_split_check_adv"": {""enabled"": ""false""}, ""pgd_order"": ""skip""}, ""bab"": {""attack"": {""enabled"": false}, ""branching"": {""input_split"": {""update_rhs_with_attack"": false}}}}}, ""biccos_applicable"": true, ""biccos_effective"": false, ""derived_path"": ""scratch/rq1_2026_tmp/baselines/abcrown/cifar100_2024/00131_a392be7e9b1b69981b13_b_1646q1/config.yaml"", ""deviations"": [""attack-off (user decision D20): all attack/falsification stages disabled, see config.attack.overrides"", ""float32: general.double_fp=false; solver.use_float64_in_last_iteration=false; stable_f32 interpreter""], ""mapping"": ""exact"", ""notes"": [], ""official"": ""exp_configs/vnncomp25/cifar100.yaml"", ""official_biccos"": false, ""official_pgd_order"": ""middle"", ""variant"": ""official""}","[""attack-off (user decision D20): all attack/falsification stages disabled, see config.attack.overrides"", ""float32: general.double_fp=false; solver.use_float64_in_last_iteration=false; stable_f32 interpreter""]",,,1.0,34.0,official_attack_off_f32,"[""abcrown"",""data/vnncomp2026/cifar100_2024/1.0/onnx/CIFAR100_resnet_large.onnx"",""data/vnncomp2026/cifar100_2024/1.0/vnnlib/CIFAR100_resnet_large_prop_idx_2630_sidx_1753_eps_0.0039.vnnlib"",100.0,""official_attack_off_f32""]",
cifar100_2024,132,CIFAR100_resnet_large.onnx,CIFAR100_resnet_large_prop_idx_6098_sidx_7270_eps_0.0039.vnnlib,timeout,103.46170496940613,TIMEOUT,0,100.0,103.46170496940613,107.644,4.821,112.58206951990724,1,0,,,not a FALSIFIED row,0,scratch/logs/fse2026/abcrown/cifar100_2024/00132_db233a74593fd6cb300a_9ymu6r2x.log,6b8bbcfac1c01da1cabd240a87e4dce1a65f5a2b,"{""attack"": {""attack_off"": true, ""hook_replacements"": {}, ""overrides"": {""attack"": {""enable_mip_attack"": false, ""input_split_check_adv"": {""enabled"": ""false""}, ""pgd_order"": ""skip""}, ""bab"": {""attack"": {""enabled"": false}, ""branching"": {""input_split"": {""update_rhs_with_attack"": false}}}}}, ""biccos_applicable"": true, ""biccos_effective"": false, ""derived_path"": ""scratch/rq1_2026_tmp/baselines/abcrown/cifar100_2024/00132_db233a74593fd6cb300a_9ymu6r2x/config.yaml"", ""deviations"": [""attack-off (user decision D20): all attack/falsification stages disabled, see config.attack.overrides"", ""float32: general.double_fp=false; solver.use_float64_in_last_iteration=false; stable_f32 interpreter""], ""mapping"": ""exact"", ""notes"": [], ""official"": ""exp_configs/vnncomp25/cifar100.yaml"", ""official_biccos"": false, ""official_pgd_order"": ""middle"", ""variant"": ""official""}","[""attack-off (user decision D20): all attack/falsification stages disabled, see config.attack.overrides"", ""float32: general.double_fp=false; solver.use_float64_in_last_iteration=false; stable_f32 interpreter""]",,,0.0,34.0,official_attack_off_f32,"[""abcrown"",""data/vnncomp2026/cifar100_2024/1.0/onnx/CIFAR100_resnet_large.onnx"",""data/vnncomp2026/cifar100_2024/1.0/vnnlib/CIFAR100_resnet_large_prop_idx_6098_sidx_7270_eps_0.0039.vnnlib"",100.0,""official_attack_off_f32""]",
cifar100_2024,133,CIFAR100_resnet_large.onnx,CIFAR100_resnet_large_prop_idx_1515_sidx_7413_eps_0.0039.vnnlib,timeout,102.1312985420227,TIMEOUT,0,100.0,102.1312985420227,106.295,4.771,111.18363490886986,1,0,,,not a FALSIFIED row,0,scratch/logs/fse2026/abcrown/cifar100_2024/00133_6c1136ec508b3b823142_691bd9e5.log,6b8bbcfac1c01da1cabd240a87e4dce1a65f5a2b,"{""attack"": {""attack_off"": true, ""hook_replacements"": {}, ""overrides"": {""attack"": {""enable_mip_attack"": false, ""input_split_check_adv"": {""enabled"": ""false""}, ""pgd_order"": ""skip""}, ""bab"": {""attack"": {""enabled"": false}, ""branching"": {""input_split"": {""update_rhs_with_attack"": false}}}}}, ""biccos_applicable"": true, ""biccos_effective"": false, ""derived_path"": ""scratch/rq1_2026_tmp/baselines/abcrown/cifar100_2024/00133_6c1136ec508b3b823142_691bd9e5/config.yaml"", ""deviations"": [""attack-off (user decision D20): all attack/falsification stages disabled, see config.attack.overrides"", ""float32: general.double_fp=false; solver.use_float64_in_last_iteration=false; stable_f32 interpreter""], ""mapping"": ""exact"", ""notes"": [], ""official"": ""exp_configs/vnncomp25/cifar100.yaml"", ""official_biccos"": false, ""official_pgd_order"": ""middle"", ""variant"": ""official""}","[""attack-off (user decision D20): all attack/falsification stages disabled, see config.attack.overrides"", ""float32: general.double_fp=false; solver.use_float64_in_last_iteration=false; stable_f32 interpreter""]",,,0.0,34.0,official_attack_off_f32,"[""abcrown"",""data/vnncomp2026/cifar100_2024/1.0/onnx/CIFAR100_resnet_large.onnx"",""data/vnncomp2026/cifar100_2024/1.0/vnnlib/CIFAR100_resnet_large_prop_idx_1515_sidx_7413_eps_0.0039.vnnlib"",100.0,""official_attack_off_f32""]",
cifar100_2024,134,CIFAR100_resnet_large.onnx,CIFAR100_resnet_large_prop_idx_9277_sidx_8093_eps_0.0039.vnnlib,unsat,1.4462306499481201,CERTIFIED,1,100.0,1.4462306499481201,5.172,4.872,10.156084511429071,0,0,,,not a FALSIFIED row,0,scratch/logs/fse2026/abcrown/cifar100_2024/00134_d08d0163517bc1f76c8b_b957mvic.log,6b8bbcfac1c01da1cabd240a87e4dce1a65f5a2b,"{""attack"": {""attack_off"": true, ""hook_replacements"": {}, ""overrides"": {""attack"": {""enable_mip_attack"": false, ""input_split_check_adv"": {""enabled"": ""false""}, ""pgd_order"": ""skip""}, ""bab"": {""attack"": {""enabled"": false}, ""branching"": {""input_split"": {""update_rhs_with_attack"": false}}}}}, ""biccos_applicable"": true, ""biccos_effective"": false, ""derived_path"": ""scratch/rq1_2026_tmp/baselines/abcrown/cifar100_2024/00134_d08d0163517bc1f76c8b_b957mvic/config.yaml"", ""deviations"": [""attack-off (user decision D20): all attack/falsification stages disabled, see config.attack.overrides"", ""float32: general.double_fp=false; solver.use_float64_in_last_iteration=false; stable_f32 interpreter""], ""mapping"": ""exact"", ""notes"": [], ""official"": ""exp_configs/vnncomp25/cifar100.yaml"", ""official_biccos"": false, ""official_pgd_order"": ""middle"", ""variant"": ""official""}","[""attack-off (user decision D20): all attack/falsification stages disabled, see config.attack.overrides"", ""float32: general.double_fp=false; solver.use_float64_in_last_iteration=false; stable_f32 interpreter""]",,,0.0,34.0,official_attack_off_f32,"[""abcrown"",""data/vnncomp2026/cifar100_2024/1.0/onnx/CIFAR100_resnet_large.onnx"",""data/vnncomp2026/cifar100_2024/1.0/vnnlib/CIFAR100_resnet_large_prop_idx_9277_sidx_8093_eps_0.0039.vnnlib"",100.0,""official_attack_off_f32""]",
cifar100_2024,135,CIFAR100_resnet_large.onnx,CIFAR100_resnet_large_prop_idx_7958_sidx_5322_eps_0.0039.vnnlib,timeout,109.42113852500916,TIMEOUT,0,100.0,109.42113852500916,113.762,4.772,118.64709117263556,1,0,,,not a FALSIFIED row,0,scratch/logs/fse2026/abcrown/cifar100_2024/00135_b360a3aa34f6b468949f_3qspseyp.log,6b8bbcfac1c01da1cabd240a87e4dce1a65f5a2b,"{""attack"": {""attack_off"": true, ""hook_replacements"": {}, ""overrides"": {""attack"": {""enable_mip_attack"": false, ""input_split_check_adv"": {""enabled"": ""false""}, ""pgd_order"": ""skip""}, ""bab"": {""attack"": {""enabled"": false}, ""branching"": {""input_split"": {""update_rhs_with_attack"": false}}}}}, ""biccos_applicable"": true, ""biccos_effective"": false, ""derived_path"": ""scratch/rq1_2026_tmp/baselines/abcrown/cifar100_2024/00135_b360a3aa34f6b468949f_3qspseyp/config.yaml"", ""deviations"": [""attack-off (user decision D20): all attack/falsification stages disabled, see config.attack.overrides"", ""float32: general.double_fp=false; solver.use_float64_in_last_iteration=false; stable_f32 interpreter""], ""mapping"": ""exact"", ""notes"": [], ""official"": ""exp_configs/vnncomp25/cifar100.yaml"", ""official_biccos"": false, ""official_pgd_order"": ""middle"", ""variant"": ""official""}","[""attack-off (user decision D20): all attack/falsification stages disabled, see config.attack.overrides"", ""float32: general.double_fp=false; solver.use_float64_in_last_iteration=false; stable_f32 interpreter""]",,,0.0,34.0,official_attack_off_f32,"[""abcrown"",""data/vnncomp2026/cifar100_2024/1.0/onnx/CIFAR100_resnet_large.onnx"",""data/vnncomp2026/cifar100_2024/1.0/vnnlib/CIFAR100_resnet_large_prop_idx_7958_sidx_5322_eps_0.0039.vnnlib"",100.0,""official_attack_off_f32""]",
cifar100_2024,136,CIFAR100_resnet_large.onnx,CIFAR100_resnet_large_prop_idx_7827_sidx_3719_eps_0.0039.vnnlib,unsat,3.6254804134368896,CERTIFIED,1,100.0,3.6254804134368896,7.426,4.872,12.414506765082479,0,0,,,not a FALSIFIED row,0,scratch/logs/fse2026/abcrown/cifar100_2024/00136_c9f74b2900156c3cdeda_2gjs0b6l.log,6b8bbcfac1c01da1cabd240a87e4dce1a65f5a2b,"{""attack"": {""attack_off"": true, ""hook_replacements"": {}, ""overrides"": {""attack"": {""enable_mip_attack"": false, ""input_split_check_adv"": {""enabled"": ""false""}, ""pgd_order"": ""skip""}, ""bab"": {""attack"": {""enabled"": false}, ""branching"": {""input_split"": {""update_rhs_with_attack"": false}}}}}, ""biccos_applicable"": true, ""biccos_effective"": false, ""derived_path"": ""scratch/rq1_2026_tmp/baselines/abcrown/cifar100_2024/00136_c9f74b2900156c3cdeda_2gjs0b6l/config.yaml"", ""deviations"": [""attack-off (user decision D20): all attack/falsification stages disabled, see config.attack.overrides"", ""float32: general.double_fp=false; solver.use_float64_in_last_iteration=false; stable_f32 interpreter""], ""mapping"": ""exact"", ""notes"": [], ""official"": ""exp_configs/vnncomp25/cifar100.yaml"", ""official_biccos"": false, ""official_pgd_order"": ""middle"", ""variant"": ""official""}","[""attack-off (user decision D20): all attack/falsification stages disabled, see config.attack.overrides"", ""float32: general.double_fp=false; solver.use_float64_in_last_iteration=false; stable_f32 interpreter""]",,,0.0,34.0,official_attack_off_f32,"[""abcrown"",""data/vnncomp2026/cifar100_2024/1.0/onnx/CIFAR100_resnet_large.onnx"",""data/vnncomp2026/cifar100_2024/1.0/vnnlib/CIFAR100_resnet_large_prop_idx_7827_sidx_3719_eps_0.0039.vnnlib"",100.0,""official_attack_off_f32""]",
cifar100_2024,137,CIFAR100_resnet_large.onnx,CIFAR100_resnet_large_prop_idx_8257_sidx_5574_eps_0.0039.vnnlib,unsat,2.449467658996582,CERTIFIED,1,100.0,2.449467658996582,6.224,4.824,11.162625664845109,0,0,,,not a FALSIFIED row,0,scratch/logs/fse2026/abcrown/cifar100_2024/00137_6ca88efac45fc2f10872_c0a76jqy.log,6b8bbcfac1c01da1cabd240a87e4dce1a65f5a2b,"{""attack"": {""attack_off"": true, ""hook_replacements"": {}, ""overrides"": {""attack"": {""enable_mip_attack"": false, ""input_split_check_adv"": {""enabled"": ""false""}, ""pgd_order"": ""skip""}, ""bab"": {""attack"": {""enabled"": false}, ""branching"": {""input_split"": {""update_rhs_with_attack"": false}}}}}, ""biccos_applicable"": true, ""biccos_effective"": false, ""derived_path"": ""scratch/rq1_2026_tmp/baselines/abcrown/cifar100_2024/00137_6ca88efac45fc2f10872_c0a76jqy/config.yaml"", ""deviations"": [""attack-off (user decision D20): all attack/falsification stages disabled, see config.attack.overrides"", ""float32: general.double_fp=false; solver.use_float64_in_last_iteration=false; stable_f32 interpreter""], ""mapping"": ""exact"", ""notes"": [], ""official"": ""exp_configs/vnncomp25/cifar100.yaml"", ""official_biccos"": false, ""official_pgd_order"": ""middle"", ""variant"": ""official""}","[""attack-off (user decision D20): all attack/falsification stages disabled, see config.attack.overrides"", ""float32: general.double_fp=false; solver.use_float64_in_last_iteration=false; stable_f32 interpreter""]",,,0.0,34.0,official_attack_off_f32,"[""abcrown"",""data/vnncomp2026/cifar100_2024/1.0/onnx/CIFAR100_resnet_large.onnx"",""data/vnncomp2026/cifar100_2024/1.0/vnnlib/CIFAR100_resnet_large_prop_idx_8257_sidx_5574_eps_0.0039.vnnlib"",100.0,""official_attack_off_f32""]",
cifar100_2024,138,CIFAR100_resnet_large.onnx,CIFAR100_resnet_large_prop_idx_6827_sidx_2613_eps_0.0039.vnnlib,unsat,3.7379953861236572,CERTIFIED,1,100.0,3.7379953861236572,7.477,4.772,12.36538302525878,0,0,,,not a FALSIFIED row,0,scratch/logs/fse2026/abcrown/cifar100_2024/00138_67a872f8e2eacfb8e2de_2aw6kch1.log,6b8bbcfac1c01da1cabd240a87e4dce1a65f5a2b,"{""attack"": {""attack_off"": true, ""hook_replacements"": {}, ""overrides"": {""attack"": {""enable_mip_attack"": false, ""input_split_check_adv"": {""enabled"": ""false""}, ""pgd_order"": ""skip""}, ""bab"": {""attack"": {""enabled"": false}, ""branching"": {""input_split"": {""update_rhs_with_attack"": false}}}}}, ""biccos_applicable"": true, ""biccos_effective"": false, ""derived_path"": ""scratch/rq1_2026_tmp/baselines/abcrown/cifar100_2024/00138_67a872f8e2eacfb8e2de_2aw6kch1/config.yaml"", ""deviations"": [""attack-off (user decision D20): all attack/falsification stages disabled, see config.attack.overrides"", ""float32: general.double_fp=false; solver.use_float64_in_last_iteration=false; stable_f32 interpreter""], ""mapping"": ""exact"", ""notes"": [], ""official"": ""exp_configs/vnncomp25/cifar100.yaml"", ""official_biccos"": false, ""official_pgd_order"": ""middle"", ""variant"": ""official""}","[""attack-off (user decision D20): all attack/falsification stages disabled, see config.attack.overrides"", ""float32: general.double_fp=false; solver.use_float64_in_last_iteration=false; stable_f32 interpreter""]",,,12.0,34.0,official_attack_off_f32,"[""abcrown"",""data/vnncomp2026/cifar100_2024/1.0/onnx/CIFAR100_resnet_large.onnx"",""data/vnncomp2026/cifar100_2024/1.0/vnnlib/CIFAR100_resnet_large_prop_idx_6827_sidx_2613_eps_0.0039.vnnlib"",100.0,""official_attack_off_f32""]",
cifar100_2024,139,CIFAR100_resnet_large.onnx,CIFAR100_resnet_large_prop_idx_8100_sidx_1807_eps_0.0039.vnnlib,timeout,100.96626472473145,TIMEOUT,0,100.0,100.96626472473145,105.306,4.822,110.24127443321049,1,0,,,not a FALSIFIED row,0,scratch/logs/fse2026/abcrown/cifar100_2024/00139_9ab24ccc453c75ab938b_thiwf3kk.log,6b8bbcfac1c01da1cabd240a87e4dce1a65f5a2b,"{""attack"": {""attack_off"": true, ""hook_replacements"": {}, ""overrides"": {""attack"": {""enable_mip_attack"": false, ""input_split_check_adv"": {""enabled"": ""false""}, ""pgd_order"": ""skip""}, ""bab"": {""attack"": {""enabled"": false}, ""branching"": {""input_split"": {""update_rhs_with_attack"": false}}}}}, ""biccos_applicable"": true, ""biccos_effective"": false, ""derived_path"": ""scratch/rq1_2026_tmp/baselines/abcrown/cifar100_2024/00139_9ab24ccc453c75ab938b_thiwf3kk/config.yaml"", ""deviations"": [""attack-off (user decision D20): all attack/falsification stages disabled, see config.attack.overrides"", ""float32: general.double_fp=false; solver.use_float64_in_last_iteration=false; stable_f32 interpreter""], ""mapping"": ""exact"", ""notes"": [], ""official"": ""exp_configs/vnncomp25/cifar100.yaml"", ""official_biccos"": false, ""official_pgd_order"": ""middle"", ""variant"": ""official""}","[""attack-off (user decision D20): all attack/falsification stages disabled, see config.attack.overrides"", ""float32: general.double_fp=false; solver.use_float64_in_last_iteration=false; stable_f32 interpreter""]",,,0.0,34.0,official_attack_off_f32,"[""abcrown"",""data/vnncomp2026/cifar100_2024/1.0/onnx/CIFAR100_resnet_large.onnx"",""data/vnncomp2026/cifar100_2024/1.0/vnnlib/CIFAR100_resnet_large_prop_idx_8100_sidx_1807_eps_0.0039.vnnlib"",100.0,""official_attack_off_f32""]",
cifar100_2024,140,CIFAR100_resnet_large.onnx,CIFAR100_resnet_large_prop_idx_3188_sidx_7021_eps_0.0039.vnnlib,unsat,4.286288499832153,CERTIFIED,1,100.0,4.286288499832153,8.128,5.079,13.321208730340004,0,0,,,not a FALSIFIED row,0,scratch/logs/fse2026/abcrown/cifar100_2024/00140_536c7c6d561c801a231d_s5sx7jl1.log,6b8bbcfac1c01da1cabd240a87e4dce1a65f5a2b,"{""attack"": {""attack_off"": true, ""hook_replacements"": {}, ""overrides"": {""attack"": {""enable_mip_attack"": false, ""input_split_check_adv"": {""enabled"": ""false""}, ""pgd_order"": ""skip""}, ""bab"": {""attack"": {""enabled"": false}, ""branching"": {""input_split"": {""update_rhs_with_attack"": false}}}}}, ""biccos_applicable"": true, ""biccos_effective"": false, ""derived_path"": ""scratch/rq1_2026_tmp/baselines/abcrown/cifar100_2024/00140_536c7c6d561c801a231d_s5sx7jl1/config.yaml"", ""deviations"": [""attack-off (user decision D20): all attack/falsification stages disabled, see config.attack.overrides"", ""float32: general.double_fp=false; solver.use_float64_in_last_iteration=false; stable_f32 interpreter""], ""mapping"": ""exact"", ""notes"": [], ""official"": ""exp_configs/vnncomp25/cifar100.yaml"", ""official_biccos"": false, ""official_pgd_order"": ""middle"", ""variant"": ""official""}","[""attack-off (user decision D20): all attack/falsification stages disabled, see config.attack.overrides"", ""float32: general.double_fp=false; solver.use_float64_in_last_iteration=false; stable_f32 interpreter""]",,,0.0,34.0,official_attack_off_f32,"[""abcrown"",""data/vnncomp2026/cifar100_2024/1.0/onnx/CIFAR100_resnet_large.onnx"",""data/vnncomp2026/cifar100_2024/1.0/vnnlib/CIFAR100_resnet_large_prop_idx_3188_sidx_7021_eps_0.0039.vnnlib"",100.0,""official_attack_off_f32""]",
cifar100_2024,141,CIFAR100_resnet_large.onnx,CIFAR100_resnet_large_prop_idx_4279_sidx_5930_eps_0.0039.vnnlib,timeout,103.82760405540466,TIMEOUT,0,100.0,103.82760405540466,108.208,5.175,113.49686608836055,1,0,,,not a FALSIFIED row,0,scratch/logs/fse2026/abcrown/cifar100_2024/00141_67ed9cdc1a604e184beb_f9asjmt8.log,6b8bbcfac1c01da1cabd240a87e4dce1a65f5a2b,"{""attack"": {""attack_off"": true, ""hook_replacements"": {}, ""overrides"": {""attack"": {""enable_mip_attack"": false, ""input_split_check_adv"": {""enabled"": ""false""}, ""pgd_order"": ""skip""}, ""bab"": {""attack"": {""enabled"": false}, ""branching"": {""input_split"": {""update_rhs_with_attack"": false}}}}}, ""biccos_applicable"": true, ""biccos_effective"": false, ""derived_path"": ""scratch/rq1_2026_tmp/baselines/abcrown/cifar100_2024/00141_67ed9cdc1a604e184beb_f9asjmt8/config.yaml"", ""deviations"": [""attack-off (user decision D20): all attack/falsification stages disabled, see config.attack.overrides"", ""float32: general.double_fp=false; solver.use_float64_in_last_iteration=false; stable_f32 interpreter""], ""mapping"": ""exact"", ""notes"": [], ""official"": ""exp_configs/vnncomp25/cifar100.yaml"", ""official_biccos"": false, ""official_pgd_order"": ""middle"", ""variant"": ""official""}","[""attack-off (user decision D20): all attack/falsification stages disabled, see config.attack.overrides"", ""float32: general.double_fp=false; solver.use_float64_in_last_iteration=false; stable_f32 interpreter""]",,,0.0,34.0,official_attack_off_f32,"[""abcrown"",""data/vnncomp2026/cifar100_2024/1.0/onnx/CIFAR100_resnet_large.onnx"",""data/vnncomp2026/cifar100_2024/1.0/vnnlib/CIFAR100_resnet_large_prop_idx_4279_sidx_5930_eps_0.0039.vnnlib"",100.0,""official_attack_off_f32""]",
cifar100_2024,142,CIFAR100_resnet_large.onnx,CIFAR100_resnet_large_prop_idx_7631_sidx_4119_eps_0.0039.vnnlib,unsat,1.6703379154205322,CERTIFIED,1,100.0,1.6703379154205322,5.625,5.024,10.766864718869328,0,0,,,not a FALSIFIED row,0,scratch/logs/fse2026/abcrown/cifar100_2024/00142_0a24a40c2cc7194306b1_bf3lqexv.log,6b8bbcfac1c01da1cabd240a87e4dce1a65f5a2b,"{""attack"": {""attack_off"": true, ""hook_replacements"": {}, ""overrides"": {""attack"": {""enable_mip_attack"": false, ""input_split_check_adv"": {""enabled"": ""false""}, ""pgd_order"": ""skip""}, ""bab"": {""attack"": {""enabled"": false}, ""branching"": {""input_split"": {""update_rhs_with_attack"": false}}}}}, ""biccos_applicable"": true, ""biccos_effective"": false, ""derived_path"": ""scratch/rq1_2026_tmp/baselines/abcrown/cifar100_2024/00142_0a24a40c2cc7194306b1_bf3lqexv/config.yaml"", ""deviations"": [""attack-off (user decision D20): all attack/falsification stages disabled, see config.attack.overrides"", ""float32: general.double_fp=false; solver.use_float64_in_last_iteration=false; stable_f32 interpreter""], ""mapping"": ""exact"", ""notes"": [], ""official"": ""exp_configs/vnncomp25/cifar100.yaml"", ""official_biccos"": false, ""official_pgd_order"": ""middle"", ""variant"": ""official""}","[""attack-off (user decision D20): all attack/falsification stages disabled, see config.attack.overrides"", ""float32: general.double_fp=false; solver.use_float64_in_last_iteration=false; stable_f32 interpreter""]",,,0.0,34.0,official_attack_off_f32,"[""abcrown"",""data/vnncomp2026/cifar100_2024/1.0/onnx/CIFAR100_resnet_large.onnx"",""data/vnncomp2026/cifar100_2024/1.0/vnnlib/CIFAR100_resnet_large_prop_idx_7631_sidx_4119_eps_0.0039.vnnlib"",100.0,""official_attack_off_f32""]",
cifar100_2024,143,CIFAR100_resnet_large.onnx,CIFAR100_resnet_large_prop_idx_5586_sidx_80_eps_0.0039.vnnlib,unsat,3.944916248321533,CERTIFIED,1,100.0,3.944916248321533,7.878,5.023,13.024154108017683,0,0,,,not a FALSIFIED row,0,scratch/logs/fse2026/abcrown/cifar100_2024/00143_5187be5c6e92cd1dc89f_2h8j7kim.log,6b8bbcfac1c01da1cabd240a87e4dce1a65f5a2b,"{""attack"": {""attack_off"": true, ""hook_replacements"": {}, ""overrides"": {""attack"": {""enable_mip_attack"": false, ""input_split_check_adv"": {""enabled"": ""false""}, ""pgd_order"": ""skip""}, ""bab"": {""attack"": {""enabled"": false}, ""branching"": {""input_split"": {""update_rhs_with_attack"": false}}}}}, ""biccos_applicable"": true, ""biccos_effective"": false, ""derived_path"": ""scratch/rq1_2026_tmp/baselines/abcrown/cifar100_2024/00143_5187be5c6e92cd1dc89f_2h8j7kim/config.yaml"", ""deviations"": [""attack-off (user decision D20): all attack/falsification stages disabled, see config.attack.overrides"", ""float32: general.double_fp=false; solver.use_float64_in_last_iteration=false; stable_f32 interpreter""], ""mapping"": ""exact"", ""notes"": [], ""official"": ""exp_configs/vnncomp25/cifar100.yaml"", ""official_biccos"": false, ""official_pgd_order"": ""middle"", ""variant"": ""official""}","[""attack-off (user decision D20): all attack/falsification stages disabled, see config.attack.overrides"", ""float32: general.double_fp=false; solver.use_float64_in_last_iteration=false; stable_f32 interpreter""]",,,0.0,34.0,official_attack_off_f32,"[""abcrown"",""data/vnncomp2026/cifar100_2024/1.0/onnx/CIFAR100_resnet_large.onnx"",""data/vnncomp2026/cifar100_2024/1.0/vnnlib/CIFAR100_resnet_large_prop_idx_5586_sidx_80_eps_0.0039.vnnlib"",100.0,""official_attack_off_f32""]",
cifar100_2024,144,CIFAR100_resnet_large.onnx,CIFAR100_resnet_large_prop_idx_5454_sidx_5540_eps_0.0039.vnnlib,timeout,100.71212339401245,TIMEOUT,0,100.0,100.71212339401245,104.883,5.025,110.04243186861277,1,0,,,not a FALSIFIED row,0,scratch/logs/fse2026/abcrown/cifar100_2024/00144_d4ff32a5459d4f3b767b_etkniuvb.log,6b8bbcfac1c01da1cabd240a87e4dce1a65f5a2b,"{""attack"": {""attack_off"": true, ""hook_replacements"": {}, ""overrides"": {""attack"": {""enable_mip_attack"": false, ""input_split_check_adv"": {""enabled"": ""false""}, ""pgd_order"": ""skip""}, ""bab"": {""attack"": {""enabled"": false}, ""branching"": {""input_split"": {""update_rhs_with_attack"": false}}}}}, ""biccos_applicable"": true, ""biccos_effective"": false, ""derived_path"": ""scratch/rq1_2026_tmp/baselines/abcrown/cifar100_2024/00144_d4ff32a5459d4f3b767b_etkniuvb/config.yaml"", ""deviations"": [""attack-off (user decision D20): all attack/falsification stages disabled, see config.attack.overrides"", ""float32: general.double_fp=false; solver.use_float64_in_last_iteration=false; stable_f32 interpreter""], ""mapping"": ""exact"", ""notes"": [], ""official"": ""exp_configs/vnncomp25/cifar100.yaml"", ""official_biccos"": false, ""official_pgd_order"": ""middle"", ""variant"": ""official""}","[""attack-off (user decision D20): all attack/falsification stages disabled, see config.attack.overrides"", ""float32: general.double_fp=false; solver.use_float64_in_last_iteration=false; stable_f32 interpreter""]",,,0.0,34.0,official_attack_off_f32,"[""abcrown"",""data/vnncomp2026/cifar100_2024/1.0/onnx/CIFAR100_resnet_large.onnx"",""data/vnncomp2026/cifar100_2024/1.0/vnnlib/CIFAR100_resnet_large_prop_idx_5454_sidx_5540_eps_0.0039.vnnlib"",100.0,""official_attack_off_f32""]",
cifar100_2024,145,CIFAR100_resnet_large.onnx,CIFAR100_resnet_large_prop_idx_9214_sidx_3473_eps_0.0039.vnnlib,timeout,100.89396119117737,TIMEOUT,0,100.0,100.89396119117737,104.915,4.774,109.81971604377031,1,0,,,not a FALSIFIED row,0,scratch/logs/fse2026/abcrown/cifar100_2024/00145_c4074fa29474d3e2f4ff__pqnyi8i.log,6b8bbcfac1c01da1cabd240a87e4dce1a65f5a2b,"{""attack"": {""attack_off"": true, ""hook_replacements"": {}, ""overrides"": {""attack"": {""enable_mip_attack"": false, ""input_split_check_adv"": {""enabled"": ""false""}, ""pgd_order"": ""skip""}, ""bab"": {""attack"": {""enabled"": false}, ""branching"": {""input_split"": {""update_rhs_with_attack"": false}}}}}, ""biccos_applicable"": true, ""biccos_effective"": false, ""derived_path"": ""scratch/rq1_2026_tmp/baselines/abcrown/cifar100_2024/00145_c4074fa29474d3e2f4ff__pqnyi8i/config.yaml"", ""deviations"": [""attack-off (user decision D20): all attack/falsification stages disabled, see config.attack.overrides"", ""float32: general.double_fp=false; solver.use_float64_in_last_iteration=false; stable_f32 interpreter""], ""mapping"": ""exact"", ""notes"": [], ""official"": ""exp_configs/vnncomp25/cifar100.yaml"", ""official_biccos"": false, ""official_pgd_order"": ""middle"", ""variant"": ""official""}","[""attack-off (user decision D20): all attack/falsification stages disabled, see config.attack.overrides"", ""float32: general.double_fp=false; solver.use_float64_in_last_iteration=false; stable_f32 interpreter""]",,,0.0,34.0,official_attack_off_f32,"[""abcrown"",""data/vnncomp2026/cifar100_2024/1.0/onnx/CIFAR100_resnet_large.onnx"",""data/vnncomp2026/cifar100_2024/1.0/vnnlib/CIFAR100_resnet_large_prop_idx_9214_sidx_3473_eps_0.0039.vnnlib"",100.0,""official_attack_off_f32""]",
cifar100_2024,146,CIFAR100_resnet_large.onnx,CIFAR100_resnet_large_prop_idx_7141_sidx_7900_eps_0.0039.vnnlib,unsat,1.9548640251159668,CERTIFIED,1,100.0,1.9548640251159668,5.725,4.722,10.565234553068876,0,0,,,not a FALSIFIED row,0,scratch/logs/fse2026/abcrown/cifar100_2024/00146_d93015045f3be93a75be_2oork8iy.log,6b8bbcfac1c01da1cabd240a87e4dce1a65f5a2b,"{""attack"": {""attack_off"": true, ""hook_replacements"": {}, ""overrides"": {""attack"": {""enable_mip_attack"": false, ""input_split_check_adv"": {""enabled"": ""false""}, ""pgd_order"": ""skip""}, ""bab"": {""attack"": {""enabled"": false}, ""branching"": {""input_split"": {""update_rhs_with_attack"": false}}}}}, ""biccos_applicable"": true, ""biccos_effective"": false, ""derived_path"": ""scratch/rq1_2026_tmp/baselines/abcrown/cifar100_2024/00146_d93015045f3be93a75be_2oork8iy/config.yaml"", ""deviations"": [""attack-off (user decision D20): all attack/falsification stages disabled, see config.attack.overrides"", ""float32: general.double_fp=false; solver.use_float64_in_last_iteration=false; stable_f32 interpreter""], ""mapping"": ""exact"", ""notes"": [], ""official"": ""exp_configs/vnncomp25/cifar100.yaml"", ""official_biccos"": false, ""official_pgd_order"": ""middle"", ""variant"": ""official""}","[""attack-off (user decision D20): all attack/falsification stages disabled, see config.attack.overrides"", ""float32: general.double_fp=false; solver.use_float64_in_last_iteration=false; stable_f32 interpreter""]",,,0.0,34.0,official_attack_off_f32,"[""abcrown"",""data/vnncomp2026/cifar100_2024/1.0/onnx/CIFAR100_resnet_large.onnx"",""data/vnncomp2026/cifar100_2024/1.0/vnnlib/CIFAR100_resnet_large_prop_idx_7141_sidx_7900_eps_0.0039.vnnlib"",100.0,""official_attack_off_f32""]",
cifar100_2024,147,CIFAR100_resnet_large.onnx,CIFAR100_resnet_large_prop_idx_2035_sidx_8795_eps_0.0039.vnnlib,unsat,1.9715163707733154,CERTIFIED,1,100.0,1.9715163707733154,5.876,5.026,11.016986144706607,0,0,,,not a FALSIFIED row,0,scratch/logs/fse2026/abcrown/cifar100_2024/00147_c0d9bb6fffc8451c27e5_xcq0bath.log,6b8bbcfac1c01da1cabd240a87e4dce1a65f5a2b,"{""attack"": {""attack_off"": true, ""hook_replacements"": {}, ""overrides"": {""attack"": {""enable_mip_attack"": false, ""input_split_check_adv"": {""enabled"": ""false""}, ""pgd_order"": ""skip""}, ""bab"": {""attack"": {""enabled"": false}, ""branching"": {""input_split"": {""update_rhs_with_attack"": false}}}}}, ""biccos_applicable"": true, ""biccos_effective"": false, ""derived_path"": ""scratch/rq1_2026_tmp/baselines/abcrown/cifar100_2024/00147_c0d9bb6fffc8451c27e5_xcq0bath/config.yaml"", ""deviations"": [""attack-off (user decision D20): all attack/falsification stages disabled, see config.attack.overrides"", ""float32: general.double_fp=false; solver.use_float64_in_last_iteration=false; stable_f32 interpreter""], ""mapping"": ""exact"", ""notes"": [], ""official"": ""exp_configs/vnncomp25/cifar100.yaml"", ""official_biccos"": false, ""official_pgd_order"": ""middle"", ""variant"": ""official""}","[""attack-off (user decision D20): all attack/falsification stages disabled, see config.attack.overrides"", ""float32: general.double_fp=false; solver.use_float64_in_last_iteration=false; stable_f32 interpreter""]",,,15.0,34.0,official_attack_off_f32,"[""abcrown"",""data/vnncomp2026/cifar100_2024/1.0/onnx/CIFAR100_resnet_large.onnx"",""data/vnncomp2026/cifar100_2024/1.0/vnnlib/CIFAR100_resnet_large_prop_idx_2035_sidx_8795_eps_0.0039.vnnlib"",100.0,""official_attack_off_f32""]",
cifar100_2024,148,CIFAR100_resnet_large.onnx,CIFAR100_resnet_large_prop_idx_6591_sidx_1416_eps_0.0039.vnnlib,unsat,1.8065853118896484,CERTIFIED,1,100.0,1.8065853118896484,5.623,4.872,10.615477722138166,0,0,,,not a FALSIFIED row,0,scratch/logs/fse2026/abcrown/cifar100_2024/00148_d98fd6d41bbb7f7c2ebd_ec8t97ew.log,6b8bbcfac1c01da1cabd240a87e4dce1a65f5a2b,"{""attack"": {""attack_off"": true, ""hook_replacements"": {}, ""overrides"": {""attack"": {""enable_mip_attack"": false, ""input_split_check_adv"": {""enabled"": ""false""}, ""pgd_order"": ""skip""}, ""bab"": {""attack"": {""enabled"": false}, ""branching"": {""input_split"": {""update_rhs_with_attack"": false}}}}}, ""biccos_applicable"": true, ""biccos_effective"": false, ""derived_path"": ""scratch/rq1_2026_tmp/baselines/abcrown/cifar100_2024/00148_d98fd6d41bbb7f7c2ebd_ec8t97ew/config.yaml"", ""deviations"": [""attack-off (user decision D20): all attack/falsification stages disabled, see config.attack.overrides"", ""float32: general.double_fp=false; solver.use_float64_in_last_iteration=false; stable_f32 interpreter""], ""mapping"": ""exact"", ""notes"": [], ""official"": ""exp_configs/vnncomp25/cifar100.yaml"", ""official_biccos"": false, ""official_pgd_order"": ""middle"", ""variant"": ""official""}","[""attack-off (user decision D20): all attack/falsification stages disabled, see config.attack.overrides"", ""float32: general.double_fp=false; solver.use_float64_in_last_iteration=false; stable_f32 interpreter""]",,,0.0,34.0,official_attack_off_f32,"[""abcrown"",""data/vnncomp2026/cifar100_2024/1.0/onnx/CIFAR100_resnet_large.onnx"",""data/vnncomp2026/cifar100_2024/1.0/vnnlib/CIFAR100_resnet_large_prop_idx_6591_sidx_1416_eps_0.0039.vnnlib"",100.0,""official_attack_off_f32""]",
cifar100_2024,149,CIFAR100_resnet_large.onnx,CIFAR100_resnet_large_prop_idx_2302_sidx_3657_eps_0.0039.vnnlib,unsat,1.931854009628296,CERTIFIED,1,100.0,1.931854009628296,5.725,4.874,10.716120973229408,0,0,,,not a FALSIFIED row,0,scratch/logs/fse2026/abcrown/cifar100_2024/00149_e1b483a86388d10e6d85_mvaudihd.log,6b8bbcfac1c01da1cabd240a87e4dce1a65f5a2b,"{""attack"": {""attack_off"": true, ""hook_replacements"": {}, ""overrides"": {""attack"": {""enable_mip_attack"": false, ""input_split_check_adv"": {""enabled"": ""false""}, ""pgd_order"": ""skip""}, ""bab"": {""attack"": {""enabled"": false}, ""branching"": {""input_split"": {""update_rhs_with_attack"": false}}}}}, ""biccos_applicable"": true, ""biccos_effective"": false, ""derived_path"": ""scratch/rq1_2026_tmp/baselines/abcrown/cifar100_2024/00149_e1b483a86388d10e6d85_mvaudihd/config.yaml"", ""deviations"": [""attack-off (user decision D20): all attack/falsification stages disabled, see config.attack.overrides"", ""float32: general.double_fp=false; solver.use_float64_in_last_iteration=false; stable_f32 interpreter""], ""mapping"": ""exact"", ""notes"": [], ""official"": ""exp_configs/vnncomp25/cifar100.yaml"", ""official_biccos"": false, ""official_pgd_order"": ""middle"", ""variant"": ""official""}","[""attack-off (user decision D20): all attack/falsification stages disabled, see config.attack.overrides"", ""float32: general.double_fp=false; solver.use_float64_in_last_iteration=false; stable_f32 interpreter""]",,,0.0,34.0,official_attack_off_f32,"[""abcrown"",""data/vnncomp2026/cifar100_2024/1.0/onnx/CIFAR100_resnet_large.onnx"",""data/vnncomp2026/cifar100_2024/1.0/vnnlib/CIFAR100_resnet_large_prop_idx_2302_sidx_3657_eps_0.0039.vnnlib"",100.0,""official_attack_off_f32""]",
cifar100_2024,150,CIFAR100_resnet_large.onnx,CIFAR100_resnet_large_prop_idx_7866_sidx_7980_eps_0.0039.vnnlib,timeout,100.79916739463806,TIMEOUT,0,100.0,100.79916739463806,104.749,4.822,109.70359215512872,1,0,,,not a FALSIFIED row,0,scratch/logs/fse2026/abcrown/cifar100_2024/00150_88abfd299a6e892eda8b_sunaf5dc.log,6b8bbcfac1c01da1cabd240a87e4dce1a65f5a2b,"{""attack"": {""attack_off"": true, ""hook_replacements"": {}, ""overrides"": {""attack"": {""enable_mip_attack"": false, ""input_split_check_adv"": {""enabled"": ""false""}, ""pgd_order"": ""skip""}, ""bab"": {""attack"": {""enabled"": false}, ""branching"": {""input_split"": {""update_rhs_with_attack"": false}}}}}, ""biccos_applicable"": true, ""biccos_effective"": false, ""derived_path"": ""scratch/rq1_2026_tmp/baselines/abcrown/cifar100_2024/00150_88abfd299a6e892eda8b_sunaf5dc/config.yaml"", ""deviations"": [""attack-off (user decision D20): all attack/falsification stages disabled, see config.attack.overrides"", ""float32: general.double_fp=false; solver.use_float64_in_last_iteration=false; stable_f32 interpreter""], ""mapping"": ""exact"", ""notes"": [], ""official"": ""exp_configs/vnncomp25/cifar100.yaml"", ""official_biccos"": false, ""official_pgd_order"": ""middle"", ""variant"": ""official""}","[""attack-off (user decision D20): all attack/falsification stages disabled, see config.attack.overrides"", ""float32: general.double_fp=false; solver.use_float64_in_last_iteration=false; stable_f32 interpreter""]",,,0.0,34.0,official_attack_off_f32,"[""abcrown"",""data/vnncomp2026/cifar100_2024/1.0/onnx/CIFAR100_resnet_large.onnx"",""data/vnncomp2026/cifar100_2024/1.0/vnnlib/CIFAR100_resnet_large_prop_idx_7866_sidx_7980_eps_0.0039.vnnlib"",100.0,""official_attack_off_f32""]",
cifar100_2024,151,CIFAR100_resnet_large.onnx,CIFAR100_resnet_large_prop_idx_6269_sidx_6873_eps_0.0039.vnnlib,unsat,4.274080514907837,CERTIFIED,1,100.0,4.274080514907837,8.228,5.274,13.619436940178275,0,0,,,not a FALSIFIED row,0,scratch/logs/fse2026/abcrown/cifar100_2024/00151_d6a5fffef9d8fa26abbd_50hcqfrj.log,6b8bbcfac1c01da1cabd240a87e4dce1a65f5a2b,"{""attack"": {""attack_off"": true, ""hook_replacements"": {}, ""overrides"": {""attack"": {""enable_mip_attack"": false, ""input_split_check_adv"": {""enabled"": ""false""}, ""pgd_order"": ""skip""}, ""bab"": {""attack"": {""enabled"": false}, ""branching"": {""input_split"": {""update_rhs_with_attack"": false}}}}}, ""biccos_applicable"": true, ""biccos_effective"": false, ""derived_path"": ""scratch/rq1_2026_tmp/baselines/abcrown/cifar100_2024/00151_d6a5fffef9d8fa26abbd_50hcqfrj/config.yaml"", ""deviations"": [""attack-off (user decision D20): all attack/falsification stages disabled, see config.attack.overrides"", ""float32: general.double_fp=false; solver.use_float64_in_last_iteration=false; stable_f32 interpreter""], ""mapping"": ""exact"", ""notes"": [], ""official"": ""exp_configs/vnncomp25/cifar100.yaml"", ""official_biccos"": false, ""official_pgd_order"": ""middle"", ""variant"": ""official""}","[""attack-off (user decision D20): all attack/falsification stages disabled, see config.attack.overrides"", ""float32: general.double_fp=false; solver.use_float64_in_last_iteration=false; stable_f32 interpreter""]",,,0.0,34.0,official_attack_off_f32,"[""abcrown"",""data/vnncomp2026/cifar100_2024/1.0/onnx/CIFAR100_resnet_large.onnx"",""data/vnncomp2026/cifar100_2024/1.0/vnnlib/CIFAR100_resnet_large_prop_idx_6269_sidx_6873_eps_0.0039.vnnlib"",100.0,""official_attack_off_f32""]",
cifar100_2024,152,CIFAR100_resnet_large.onnx,CIFAR100_resnet_large_prop_idx_7836_sidx_6290_eps_0.0039.vnnlib,timeout,101.08023810386658,TIMEOUT,0,100.0,101.08023810386658,105.008,4.873,110.00318286940455,1,0,,,not a FALSIFIED row,0,scratch/logs/fse2026/abcrown/cifar100_2024/00152_71c0c80d8013f79877ef_w6zdrgg7.log,6b8bbcfac1c01da1cabd240a87e4dce1a65f5a2b,"{""attack"": {""attack_off"": true, ""hook_replacements"": {}, ""overrides"": {""attack"": {""enable_mip_attack"": false, ""input_split_check_adv"": {""enabled"": ""false""}, ""pgd_order"": ""skip""}, ""bab"": {""attack"": {""enabled"": false}, ""branching"": {""input_split"": {""update_rhs_with_attack"": false}}}}}, ""biccos_applicable"": true, ""biccos_effective"": false, ""derived_path"": ""scratch/rq1_2026_tmp/baselines/abcrown/cifar100_2024/00152_71c0c80d8013f79877ef_w6zdrgg7/config.yaml"", ""deviations"": [""attack-off (user decision D20): all attack/falsification stages disabled, see config.attack.overrides"", ""float32: general.double_fp=false; solver.use_float64_in_last_iteration=false; stable_f32 interpreter""], ""mapping"": ""exact"", ""notes"": [], ""official"": ""exp_configs/vnncomp25/cifar100.yaml"", ""official_biccos"": false, ""official_pgd_order"": ""middle"", ""variant"": ""official""}","[""attack-off (user decision D20): all attack/falsification stages disabled, see config.attack.overrides"", ""float32: general.double_fp=false; solver.use_float64_in_last_iteration=false; stable_f32 interpreter""]",,,7.0,34.0,official_attack_off_f32,"[""abcrown"",""data/vnncomp2026/cifar100_2024/1.0/onnx/CIFAR100_resnet_large.onnx"",""data/vnncomp2026/cifar100_2024/1.0/vnnlib/CIFAR100_resnet_large_prop_idx_7836_sidx_6290_eps_0.0039.vnnlib"",100.0,""official_attack_off_f32""]",
cifar100_2024,153,CIFAR100_resnet_large.onnx,CIFAR100_resnet_large_prop_idx_8439_sidx_7803_eps_0.0039.vnnlib,unsat,8.59105920791626,CERTIFIED,1,100.0,8.59105920791626,12.236,4.774,17.1277997456491,0,0,,,not a FALSIFIED row,0,scratch/logs/fse2026/abcrown/cifar100_2024/00153_8bf52844537857dcf455_gvog0yrr.log,6b8bbcfac1c01da1cabd240a87e4dce1a65f5a2b,"{""attack"": {""attack_off"": true, ""hook_replacements"": {}, ""overrides"": {""attack"": {""enable_mip_attack"": false, ""input_split_check_adv"": {""enabled"": ""false""}, ""pgd_order"": ""skip""}, ""bab"": {""attack"": {""enabled"": false}, ""branching"": {""input_split"": {""update_rhs_with_attack"": false}}}}}, ""biccos_applicable"": true, ""biccos_effective"": false, ""derived_path"": ""scratch/rq1_2026_tmp/baselines/abcrown/cifar100_2024/00153_8bf52844537857dcf455_gvog0yrr/config.yaml"", ""deviations"": [""attack-off (user decision D20): all attack/falsification stages disabled, see config.attack.overrides"", ""float32: general.double_fp=false; solver.use_float64_in_last_iteration=false; stable_f32 interpreter""], ""mapping"": ""exact"", ""notes"": [], ""official"": ""exp_configs/vnncomp25/cifar100.yaml"", ""official_biccos"": false, ""official_pgd_order"": ""middle"", ""variant"": ""official""}","[""attack-off (user decision D20): all attack/falsification stages disabled, see config.attack.overrides"", ""float32: general.double_fp=false; solver.use_float64_in_last_iteration=false; stable_f32 interpreter""]",,,76.0,34.0,official_attack_off_f32,"[""abcrown"",""data/vnncomp2026/cifar100_2024/1.0/onnx/CIFAR100_resnet_large.onnx"",""data/vnncomp2026/cifar100_2024/1.0/vnnlib/CIFAR100_resnet_large_prop_idx_8439_sidx_7803_eps_0.0039.vnnlib"",100.0,""official_attack_off_f32""]",
cifar100_2024,154,CIFAR100_resnet_large.onnx,CIFAR100_resnet_large_prop_idx_8151_sidx_4251_eps_0.0039.vnnlib,timeout,100.72433042526245,TIMEOUT,0,100.0,100.72433042526245,104.758,4.972,109.85031061992049,1,0,,,not a FALSIFIED row,0,scratch/logs/fse2026/abcrown/cifar100_2024/00154_b31c90bd24d115d93102_1jui3av4.log,6b8bbcfac1c01da1cabd240a87e4dce1a65f5a2b,"{""attack"": {""attack_off"": true, ""hook_replacements"": {}, ""overrides"": {""attack"": {""enable_mip_attack"": false, ""input_split_check_adv"": {""enabled"": ""false""}, ""pgd_order"": ""skip""}, ""bab"": {""attack"": {""enabled"": false}, ""branching"": {""input_split"": {""update_rhs_with_attack"": false}}}}}, ""biccos_applicable"": true, ""biccos_effective"": false, ""derived_path"": ""scratch/rq1_2026_tmp/baselines/abcrown/cifar100_2024/00154_b31c90bd24d115d93102_1jui3av4/config.yaml"", ""deviations"": [""attack-off (user decision D20): all attack/falsification stages disabled, see config.attack.overrides"", ""float32: general.double_fp=false; solver.use_float64_in_last_iteration=false; stable_f32 interpreter""], ""mapping"": ""exact"", ""notes"": [], ""official"": ""exp_configs/vnncomp25/cifar100.yaml"", ""official_biccos"": false, ""official_pgd_order"": ""middle"", ""variant"": ""official""}","[""attack-off (user decision D20): all attack/falsification stages disabled, see config.attack.overrides"", ""float32: general.double_fp=false; solver.use_float64_in_last_iteration=false; stable_f32 interpreter""]",,,0.0,34.0,official_attack_off_f32,"[""abcrown"",""data/vnncomp2026/cifar100_2024/1.0/onnx/CIFAR100_resnet_large.onnx"",""data/vnncomp2026/cifar100_2024/1.0/vnnlib/CIFAR100_resnet_large_prop_idx_8151_sidx_4251_eps_0.0039.vnnlib"",100.0,""official_attack_off_f32""]",
cifar100_2024,155,CIFAR100_resnet_large.onnx,CIFAR100_resnet_large_prop_idx_3583_sidx_611_eps_0.0039.vnnlib,unsat,3.5714423656463623,CERTIFIED,1,100.0,3.5714423656463623,7.327,4.872,12.321119567379355,0,0,,,not a FALSIFIED row,0,scratch/logs/fse2026/abcrown/cifar100_2024/00155_176745e5882922d4e1bf_2ipk6ikw.log,6b8bbcfac1c01da1cabd240a87e4dce1a65f5a2b,"{""attack"": {""attack_off"": true, ""hook_replacements"": {}, ""overrides"": {""attack"": {""enable_mip_attack"": false, ""input_split_check_adv"": {""enabled"": ""false""}, ""pgd_order"": ""skip""}, ""bab"": {""attack"": {""enabled"": false}, ""branching"": {""input_split"": {""update_rhs_with_attack"": false}}}}}, ""biccos_applicable"": true, ""biccos_effective"": false, ""derived_path"": ""scratch/rq1_2026_tmp/baselines/abcrown/cifar100_2024/00155_176745e5882922d4e1bf_2ipk6ikw/config.yaml"", ""deviations"": [""attack-off (user decision D20): all attack/falsification stages disabled, see config.attack.overrides"", ""float32: general.double_fp=false; solver.use_float64_in_last_iteration=false; stable_f32 interpreter""], ""mapping"": ""exact"", ""notes"": [], ""official"": ""exp_configs/vnncomp25/cifar100.yaml"", ""official_biccos"": false, ""official_pgd_order"": ""middle"", ""variant"": ""official""}","[""attack-off (user decision D20): all attack/falsification stages disabled, see config.attack.overrides"", ""float32: general.double_fp=false; solver.use_float64_in_last_iteration=false; stable_f32 interpreter""]",,,100.0,34.0,official_attack_off_f32,"[""abcrown"",""data/vnncomp2026/cifar100_2024/1.0/onnx/CIFAR100_resnet_large.onnx"",""data/vnncomp2026/cifar100_2024/1.0/vnnlib/CIFAR100_resnet_large_prop_idx_3583_sidx_611_eps_0.0039.vnnlib"",100.0,""official_attack_off_f32""]",
cifar100_2024,156,CIFAR100_resnet_large.onnx,CIFAR100_resnet_large_prop_idx_4592_sidx_7177_eps_0.0039.vnnlib,unsat,3.782982587814331,CERTIFIED,1,100.0,3.782982587814331,7.477,4.822,12.418991141021252,0,0,,,not a FALSIFIED row,0,scratch/logs/fse2026/abcrown/cifar100_2024/00156_24cd2dce0f2b1fdb51a6_ogaad855.log,6b8bbcfac1c01da1cabd240a87e4dce1a65f5a2b,"{""attack"": {""attack_off"": true, ""hook_replacements"": {}, ""overrides"": {""attack"": {""enable_mip_attack"": false, ""input_split_check_adv"": {""enabled"": ""false""}, ""pgd_order"": ""skip""}, ""bab"": {""attack"": {""enabled"": false}, ""branching"": {""input_split"": {""update_rhs_with_attack"": false}}}}}, ""biccos_applicable"": true, ""biccos_effective"": false, ""derived_path"": ""scratch/rq1_2026_tmp/baselines/abcrown/cifar100_2024/00156_24cd2dce0f2b1fdb51a6_ogaad855/config.yaml"", ""deviations"": [""attack-off (user decision D20): all attack/falsification stages disabled, see config.attack.overrides"", ""float32: general.double_fp=false; solver.use_float64_in_last_iteration=false; stable_f32 interpreter""], ""mapping"": ""exact"", ""notes"": [], ""official"": ""exp_configs/vnncomp25/cifar100.yaml"", ""official_biccos"": false, ""official_pgd_order"": ""middle"", ""variant"": ""official""}","[""attack-off (user decision D20): all attack/falsification stages disabled, see config.attack.overrides"", ""float32: general.double_fp=false; solver.use_float64_in_last_iteration=false; stable_f32 interpreter""]",,,0.0,34.0,official_attack_off_f32,"[""abcrown"",""data/vnncomp2026/cifar100_2024/1.0/onnx/CIFAR100_resnet_large.onnx"",""data/vnncomp2026/cifar100_2024/1.0/vnnlib/CIFAR100_resnet_large_prop_idx_4592_sidx_7177_eps_0.0039.vnnlib"",100.0,""official_attack_off_f32""]",
cifar100_2024,157,CIFAR100_resnet_large.onnx,CIFAR100_resnet_large_prop_idx_7037_sidx_7880_eps_0.0039.vnnlib,unsat,1.6729514598846436,CERTIFIED,1,100.0,1.6729514598846436,5.323,4.771,10.265115033835173,0,0,,,not a FALSIFIED row,0,scratch/logs/fse2026/abcrown/cifar100_2024/00157_72abab11bef301839445_n_yiahkg.log,6b8bbcfac1c01da1cabd240a87e4dce1a65f5a2b,"{""attack"": {""attack_off"": true, ""hook_replacements"": {}, ""overrides"": {""attack"": {""enable_mip_attack"": false, ""input_split_check_adv"": {""enabled"": ""false""}, ""pgd_order"": ""skip""}, ""bab"": {""attack"": {""enabled"": false}, ""branching"": {""input_split"": {""update_rhs_with_attack"": false}}}}}, ""biccos_applicable"": true, ""biccos_effective"": false, ""derived_path"": ""scratch/rq1_2026_tmp/baselines/abcrown/cifar100_2024/00157_72abab11bef301839445_n_yiahkg/config.yaml"", ""deviations"": [""attack-off (user decision D20): all attack/falsification stages disabled, see config.attack.overrides"", ""float32: general.double_fp=false; solver.use_float64_in_last_iteration=false; stable_f32 interpreter""], ""mapping"": ""exact"", ""notes"": [], ""official"": ""exp_configs/vnncomp25/cifar100.yaml"", ""official_biccos"": false, ""official_pgd_order"": ""middle"", ""variant"": ""official""}","[""attack-off (user decision D20): all attack/falsification stages disabled, see config.attack.overrides"", ""float32: general.double_fp=false; solver.use_float64_in_last_iteration=false; stable_f32 interpreter""]",,,10.0,34.0,official_attack_off_f32,"[""abcrown"",""data/vnncomp2026/cifar100_2024/1.0/onnx/CIFAR100_resnet_large.onnx"",""data/vnncomp2026/cifar100_2024/1.0/vnnlib/CIFAR100_resnet_large_prop_idx_7037_sidx_7880_eps_0.0039.vnnlib"",100.0,""official_attack_off_f32""]",
cifar100_2024,158,CIFAR100_resnet_large.onnx,CIFAR100_resnet_large_prop_idx_5425_sidx_3474_eps_0.0039.vnnlib,timeout,106.6659004688263,TIMEOUT,0,100.0,106.6659004688263,110.766,4.772,115.66912736743689,1,0,,,not a FALSIFIED row,0,scratch/logs/fse2026/abcrown/cifar100_2024/00158_fb8ac1e655d7d5eb665e_59f7utv0.log,6b8bbcfac1c01da1cabd240a87e4dce1a65f5a2b,"{""attack"": {""attack_off"": true, ""hook_replacements"": {}, ""overrides"": {""attack"": {""enable_mip_attack"": false, ""input_split_check_adv"": {""enabled"": ""false""}, ""pgd_order"": ""skip""}, ""bab"": {""attack"": {""enabled"": false}, ""branching"": {""input_split"": {""update_rhs_with_attack"": false}}}}}, ""biccos_applicable"": true, ""biccos_effective"": false, ""derived_path"": ""scratch/rq1_2026_tmp/baselines/abcrown/cifar100_2024/00158_fb8ac1e655d7d5eb665e_59f7utv0/config.yaml"", ""deviations"": [""attack-off (user decision D20): all attack/falsification stages disabled, see config.attack.overrides"", ""float32: general.double_fp=false; solver.use_float64_in_last_iteration=false; stable_f32 interpreter""], ""mapping"": ""exact"", ""notes"": [], ""official"": ""exp_configs/vnncomp25/cifar100.yaml"", ""official_biccos"": false, ""official_pgd_order"": ""middle"", ""variant"": ""official""}","[""attack-off (user decision D20): all attack/falsification stages disabled, see config.attack.overrides"", ""float32: general.double_fp=false; solver.use_float64_in_last_iteration=false; stable_f32 interpreter""]",,,0.0,34.0,official_attack_off_f32,"[""abcrown"",""data/vnncomp2026/cifar100_2024/1.0/onnx/CIFAR100_resnet_large.onnx"",""data/vnncomp2026/cifar100_2024/1.0/vnnlib/CIFAR100_resnet_large_prop_idx_5425_sidx_3474_eps_0.0039.vnnlib"",100.0,""official_attack_off_f32""]",
cifar100_2024,159,CIFAR100_resnet_large.onnx,CIFAR100_resnet_large_prop_idx_9845_sidx_200_eps_0.0039.vnnlib,timeout,105.04774904251099,TIMEOUT,0,100.0,105.04774904251099,109.214,4.822,114.16762459464371,1,0,,,not a FALSIFIED row,0,scratch/logs/fse2026/abcrown/cifar100_2024/00159_dc0978a1b1b9354d2268_aj6npwjq.log,6b8bbcfac1c01da1cabd240a87e4dce1a65f5a2b,"{""attack"": {""attack_off"": true, ""hook_replacements"": {}, ""overrides"": {""attack"": {""enable_mip_attack"": false, ""input_split_check_adv"": {""enabled"": ""false""}, ""pgd_order"": ""skip""}, ""bab"": {""attack"": {""enabled"": false}, ""branching"": {""input_split"": {""update_rhs_with_attack"": false}}}}}, ""biccos_applicable"": true, ""biccos_effective"": false, ""derived_path"": ""scratch/rq1_2026_tmp/baselines/abcrown/cifar100_2024/00159_dc0978a1b1b9354d2268_aj6npwjq/config.yaml"", ""deviations"": [""attack-off (user decision D20): all attack/falsification stages disabled, see config.attack.overrides"", ""float32: general.double_fp=false; solver.use_float64_in_last_iteration=false; stable_f32 interpreter""], ""mapping"": ""exact"", ""notes"": [], ""official"": ""exp_configs/vnncomp25/cifar100.yaml"", ""official_biccos"": false, ""official_pgd_order"": ""middle"", ""variant"": ""official""}","[""attack-off (user decision D20): all attack/falsification stages disabled, see config.attack.overrides"", ""float32: general.double_fp=false; solver.use_float64_in_last_iteration=false; stable_f32 interpreter""]",,,0.0,34.0,official_attack_off_f32,"[""abcrown"",""data/vnncomp2026/cifar100_2024/1.0/onnx/CIFAR100_resnet_large.onnx"",""data/vnncomp2026/cifar100_2024/1.0/vnnlib/CIFAR100_resnet_large_prop_idx_9845_sidx_200_eps_0.0039.vnnlib"",100.0,""official_attack_off_f32""]",
cifar100_2024,160,CIFAR100_resnet_large.onnx,CIFAR100_resnet_large_prop_idx_3000_sidx_6447_eps_0.0039.vnnlib,unsat,3.6491966247558594,CERTIFIED,1,100.0,3.6491966247558594,7.378,4.773,12.263576591387391,0,0,,,not a FALSIFIED row,0,scratch/logs/fse2026/abcrown/cifar100_2024/00160_547cc9b0ba032d5a2f38_mcjt4ov7.log,6b8bbcfac1c01da1cabd240a87e4dce1a65f5a2b,"{""attack"": {""attack_off"": true, ""hook_replacements"": {}, ""overrides"": {""attack"": {""enable_mip_attack"": false, ""input_split_check_adv"": {""enabled"": ""false""}, ""pgd_order"": ""skip""}, ""bab"": {""attack"": {""enabled"": false}, ""branching"": {""input_split"": {""update_rhs_with_attack"": false}}}}}, ""biccos_applicable"": true, ""biccos_effective"": false, ""derived_path"": ""scratch/rq1_2026_tmp/baselines/abcrown/cifar100_2024/00160_547cc9b0ba032d5a2f38_mcjt4ov7/config.yaml"", ""deviations"": [""attack-off (user decision D20): all attack/falsification stages disabled, see config.attack.overrides"", ""float32: general.double_fp=false; solver.use_float64_in_last_iteration=false; stable_f32 interpreter""], ""mapping"": ""exact"", ""notes"": [], ""official"": ""exp_configs/vnncomp25/cifar100.yaml"", ""official_biccos"": false, ""official_pgd_order"": ""middle"", ""variant"": ""official""}","[""attack-off (user decision D20): all attack/falsification stages disabled, see config.attack.overrides"", ""float32: general.double_fp=false; solver.use_float64_in_last_iteration=false; stable_f32 interpreter""]",,,33.0,34.0,official_attack_off_f32,"[""abcrown"",""data/vnncomp2026/cifar100_2024/1.0/onnx/CIFAR100_resnet_large.onnx"",""data/vnncomp2026/cifar100_2024/1.0/vnnlib/CIFAR100_resnet_large_prop_idx_3000_sidx_6447_eps_0.0039.vnnlib"",100.0,""official_attack_off_f32""]",
cifar100_2024,161,CIFAR100_resnet_large.onnx,CIFAR100_resnet_large_prop_idx_6280_sidx_9990_eps_0.0039.vnnlib,unsat,3.5297632217407227,CERTIFIED,1,100.0,3.5297632217407227,7.327,4.772,12.217243699356914,0,0,,,not a FALSIFIED row,0,scratch/logs/fse2026/abcrown/cifar100_2024/00161_98798b1f1fc23ffd9fa3_al8sgn3e.log,6b8bbcfac1c01da1cabd240a87e4dce1a65f5a2b,"{""attack"": {""attack_off"": true, ""hook_replacements"": {}, ""overrides"": {""attack"": {""enable_mip_attack"": false, ""input_split_check_adv"": {""enabled"": ""false""}, ""pgd_order"": ""skip""}, ""bab"": {""attack"": {""enabled"": false}, ""branching"": {""input_split"": {""update_rhs_with_attack"": false}}}}}, ""biccos_applicable"": true, ""biccos_effective"": false, ""derived_path"": ""scratch/rq1_2026_tmp/baselines/abcrown/cifar100_2024/00161_98798b1f1fc23ffd9fa3_al8sgn3e/config.yaml"", ""deviations"": [""attack-off (user decision D20): all attack/falsification stages disabled, see config.attack.overrides"", ""float32: general.double_fp=false; solver.use_float64_in_last_iteration=false; stable_f32 interpreter""], ""mapping"": ""exact"", ""notes"": [], ""official"": ""exp_configs/vnncomp25/cifar100.yaml"", ""official_biccos"": false, ""official_pgd_order"": ""middle"", ""variant"": ""official""}","[""attack-off (user decision D20): all attack/falsification stages disabled, see config.attack.overrides"", ""float32: general.double_fp=false; solver.use_float64_in_last_iteration=false; stable_f32 interpreter""]",,,0.0,34.0,official_attack_off_f32,"[""abcrown"",""data/vnncomp2026/cifar100_2024/1.0/onnx/CIFAR100_resnet_large.onnx"",""data/vnncomp2026/cifar100_2024/1.0/vnnlib/CIFAR100_resnet_large_prop_idx_6280_sidx_9990_eps_0.0039.vnnlib"",100.0,""official_attack_off_f32""]",
cifar100_2024,162,CIFAR100_resnet_large.onnx,CIFAR100_resnet_large_prop_idx_7120_sidx_5701_eps_0.0039.vnnlib,unsat,3.744889974594116,CERTIFIED,1,100.0,3.744889974594116,7.427,4.722,12.266350826248527,0,0,,,not a FALSIFIED row,0,scratch/logs/fse2026/abcrown/cifar100_2024/00162_28e355b9e631165dd723_kh06081f.log,6b8bbcfac1c01da1cabd240a87e4dce1a65f5a2b,"{""attack"": {""attack_off"": true, ""hook_replacements"": {}, ""overrides"": {""attack"": {""enable_mip_attack"": false, ""input_split_check_adv"": {""enabled"": ""false""}, ""pgd_order"": ""skip""}, ""bab"": {""attack"": {""enabled"": false}, ""branching"": {""input_split"": {""update_rhs_with_attack"": false}}}}}, ""biccos_applicable"": true, ""biccos_effective"": false, ""derived_path"": ""scratch/rq1_2026_tmp/baselines/abcrown/cifar100_2024/00162_28e355b9e631165dd723_kh06081f/config.yaml"", ""deviations"": [""attack-off (user decision D20): all attack/falsification stages disabled, see config.attack.overrides"", ""float32: general.double_fp=false; solver.use_float64_in_last_iteration=false; stable_f32 interpreter""], ""mapping"": ""exact"", ""notes"": [], ""official"": ""exp_configs/vnncomp25/cifar100.yaml"", ""official_biccos"": false, ""official_pgd_order"": ""middle"", ""variant"": ""official""}","[""attack-off (user decision D20): all attack/falsification stages disabled, see config.attack.overrides"", ""float32: general.double_fp=false; solver.use_float64_in_last_iteration=false; stable_f32 interpreter""]",,,0.0,34.0,official_attack_off_f32,"[""abcrown"",""data/vnncomp2026/cifar100_2024/1.0/onnx/CIFAR100_resnet_large.onnx"",""data/vnncomp2026/cifar100_2024/1.0/vnnlib/CIFAR100_resnet_large_prop_idx_7120_sidx_5701_eps_0.0039.vnnlib"",100.0,""official_attack_off_f32""]",
cifar100_2024,163,CIFAR100_resnet_large.onnx,CIFAR100_resnet_large_prop_idx_7974_sidx_1614_eps_0.0039.vnnlib,timeout,104.00211334228516,TIMEOUT,0,100.0,104.00211334228516,108.111,4.722,112.95316140539944,1,0,,,not a FALSIFIED row,0,scratch/logs/fse2026/abcrown/cifar100_2024/00163_dd6b26cb68e89f27583e_8lmldr1l.log,6b8bbcfac1c01da1cabd240a87e4dce1a65f5a2b,"{""attack"": {""attack_off"": true, ""hook_replacements"": {}, ""overrides"": {""attack"": {""enable_mip_attack"": false, ""input_split_check_adv"": {""enabled"": ""false""}, ""pgd_order"": ""skip""}, ""bab"": {""attack"": {""enabled"": false}, ""branching"": {""input_split"": {""update_rhs_with_attack"": false}}}}}, ""biccos_applicable"": true, ""biccos_effective"": false, ""derived_path"": ""scratch/rq1_2026_tmp/baselines/abcrown/cifar100_2024/00163_dd6b26cb68e89f27583e_8lmldr1l/config.yaml"", ""deviations"": [""attack-off (user decision D20): all attack/falsification stages disabled, see config.attack.overrides"", ""float32: general.double_fp=false; solver.use_float64_in_last_iteration=false; stable_f32 interpreter""], ""mapping"": ""exact"", ""notes"": [], ""official"": ""exp_configs/vnncomp25/cifar100.yaml"", ""official_biccos"": false, ""official_pgd_order"": ""middle"", ""variant"": ""official""}","[""attack-off (user decision D20): all attack/falsification stages disabled, see config.attack.overrides"", ""float32: general.double_fp=false; solver.use_float64_in_last_iteration=false; stable_f32 interpreter""]",,,0.0,34.0,official_attack_off_f32,"[""abcrown"",""data/vnncomp2026/cifar100_2024/1.0/onnx/CIFAR100_resnet_large.onnx"",""data/vnncomp2026/cifar100_2024/1.0/vnnlib/CIFAR100_resnet_large_prop_idx_7974_sidx_1614_eps_0.0039.vnnlib"",100.0,""official_attack_off_f32""]",
cifar100_2024,164,CIFAR100_resnet_large.onnx,CIFAR100_resnet_large_prop_idx_3991_sidx_8049_eps_0.0039.vnnlib,unsat,1.8265392780303955,CERTIFIED,1,100.0,1.8265392780303955,5.474,4.721,10.312683045864105,0,0,,,not a FALSIFIED row,0,scratch/logs/fse2026/abcrown/cifar100_2024/00164_89bca319a15b4f48e92d_09pjdkeg.log,6b8bbcfac1c01da1cabd240a87e4dce1a65f5a2b,"{""attack"": {""attack_off"": true, ""hook_replacements"": {}, ""overrides"": {""attack"": {""enable_mip_attack"": false, ""input_split_check_adv"": {""enabled"": ""false""}, ""pgd_order"": ""skip""}, ""bab"": {""attack"": {""enabled"": false}, ""branching"": {""input_split"": {""update_rhs_with_attack"": false}}}}}, ""biccos_applicable"": true, ""biccos_effective"": false, ""derived_path"": ""scratch/rq1_2026_tmp/baselines/abcrown/cifar100_2024/00164_89bca319a15b4f48e92d_09pjdkeg/config.yaml"", ""deviations"": [""attack-off (user decision D20): all attack/falsification stages disabled, see config.attack.overrides"", ""float32: general.double_fp=false; solver.use_float64_in_last_iteration=false; stable_f32 interpreter""], ""mapping"": ""exact"", ""notes"": [], ""official"": ""exp_configs/vnncomp25/cifar100.yaml"", ""official_biccos"": false, ""official_pgd_order"": ""middle"", ""variant"": ""official""}","[""attack-off (user decision D20): all attack/falsification stages disabled, see config.attack.overrides"", ""float32: general.double_fp=false; solver.use_float64_in_last_iteration=false; stable_f32 interpreter""]",,,0.0,34.0,official_attack_off_f32,"[""abcrown"",""data/vnncomp2026/cifar100_2024/1.0/onnx/CIFAR100_resnet_large.onnx"",""data/vnncomp2026/cifar100_2024/1.0/vnnlib/CIFAR100_resnet_large_prop_idx_3991_sidx_8049_eps_0.0039.vnnlib"",100.0,""official_attack_off_f32""]",
cifar100_2024,165,CIFAR100_resnet_large.onnx,CIFAR100_resnet_large_prop_idx_6342_sidx_7196_eps_0.0039.vnnlib,timeout,101.13581562042236,TIMEOUT,0,100.0,101.13581562042236,105.203,4.672,109.99794729799032,1,0,,,not a FALSIFIED row,0,scratch/logs/fse2026/abcrown/cifar100_2024/00165_8273ecee751e1c660346_p8dn2qzn.log,6b8bbcfac1c01da1cabd240a87e4dce1a65f5a2b,"{""attack"": {""attack_off"": true, ""hook_replacements"": {}, ""overrides"": {""attack"": {""enable_mip_attack"": false, ""input_split_check_adv"": {""enabled"": ""false""}, ""pgd_order"": ""skip""}, ""bab"": {""attack"": {""enabled"": false}, ""branching"": {""input_split"": {""update_rhs_with_attack"": false}}}}}, ""biccos_applicable"": true, ""biccos_effective"": false, ""derived_path"": ""scratch/rq1_2026_tmp/baselines/abcrown/cifar100_2024/00165_8273ecee751e1c660346_p8dn2qzn/config.yaml"", ""deviations"": [""attack-off (user decision D20): all attack/falsification stages disabled, see config.attack.overrides"", ""float32: general.double_fp=false; solver.use_float64_in_last_iteration=false; stable_f32 interpreter""], ""mapping"": ""exact"", ""notes"": [], ""official"": ""exp_configs/vnncomp25/cifar100.yaml"", ""official_biccos"": false, ""official_pgd_order"": ""middle"", ""variant"": ""official""}","[""attack-off (user decision D20): all attack/falsification stages disabled, see config.attack.overrides"", ""float32: general.double_fp=false; solver.use_float64_in_last_iteration=false; stable_f32 interpreter""]",,,0.0,34.0,official_attack_off_f32,"[""abcrown"",""data/vnncomp2026/cifar100_2024/1.0/onnx/CIFAR100_resnet_large.onnx"",""data/vnncomp2026/cifar100_2024/1.0/vnnlib/CIFAR100_resnet_large_prop_idx_6342_sidx_7196_eps_0.0039.vnnlib"",100.0,""official_attack_off_f32""]",
cifar100_2024,166,CIFAR100_resnet_large.onnx,CIFAR100_resnet_large_prop_idx_4322_sidx_9995_eps_0.0039.vnnlib,timeout,101.87186312675476,TIMEOUT,0,100.0,101.87186312675476,105.804,4.722,110.64050845429301,1,0,,,not a FALSIFIED row,0,scratch/logs/fse2026/abcrown/cifar100_2024/00166_d0b3cc671b0588b9667f_r7vdqbbm.log,6b8bbcfac1c01da1cabd240a87e4dce1a65f5a2b,"{""attack"": {""attack_off"": true, ""hook_replacements"": {}, ""overrides"": {""attack"": {""enable_mip_attack"": false, ""input_split_check_adv"": {""enabled"": ""false""}, ""pgd_order"": ""skip""}, ""bab"": {""attack"": {""enabled"": false}, ""branching"": {""input_split"": {""update_rhs_with_attack"": false}}}}}, ""biccos_applicable"": true, ""biccos_effective"": false, ""derived_path"": ""scratch/rq1_2026_tmp/baselines/abcrown/cifar100_2024/00166_d0b3cc671b0588b9667f_r7vdqbbm/config.yaml"", ""deviations"": [""attack-off (user decision D20): all attack/falsification stages disabled, see config.attack.overrides"", ""float32: general.double_fp=false; solver.use_float64_in_last_iteration=false; stable_f32 interpreter""], ""mapping"": ""exact"", ""notes"": [], ""official"": ""exp_configs/vnncomp25/cifar100.yaml"", ""official_biccos"": false, ""official_pgd_order"": ""middle"", ""variant"": ""official""}","[""attack-off (user decision D20): all attack/falsification stages disabled, see config.attack.overrides"", ""float32: general.double_fp=false; solver.use_float64_in_last_iteration=false; stable_f32 interpreter""]",,,0.0,34.0,official_attack_off_f32,"[""abcrown"",""data/vnncomp2026/cifar100_2024/1.0/onnx/CIFAR100_resnet_large.onnx"",""data/vnncomp2026/cifar100_2024/1.0/vnnlib/CIFAR100_resnet_large_prop_idx_4322_sidx_9995_eps_0.0039.vnnlib"",100.0,""official_attack_off_f32""]",
cifar100_2024,167,CIFAR100_resnet_large.onnx,CIFAR100_resnet_large_prop_idx_845_sidx_3027_eps_0.0039.vnnlib,unsat,3.644700527191162,CERTIFIED,1,100.0,3.644700527191162,7.276,4.622,12.016045408323407,0,0,,,not a FALSIFIED row,0,scratch/logs/fse2026/abcrown/cifar100_2024/00167_c240943dd568d3b2c257__7w4d87b.log,6b8bbcfac1c01da1cabd240a87e4dce1a65f5a2b,"{""attack"": {""attack_off"": true, ""hook_replacements"": {}, ""overrides"": {""attack"": {""enable_mip_attack"": false, ""input_split_check_adv"": {""enabled"": ""false""}, ""pgd_order"": ""skip""}, ""bab"": {""attack"": {""enabled"": false}, ""branching"": {""input_split"": {""update_rhs_with_attack"": false}}}}}, ""biccos_applicable"": true, ""biccos_effective"": false, ""derived_path"": ""scratch/rq1_2026_tmp/baselines/abcrown/cifar100_2024/00167_c240943dd568d3b2c257__7w4d87b/config.yaml"", ""deviations"": [""attack-off (user decision D20): all attack/falsification stages disabled, see config.attack.overrides"", ""float32: general.double_fp=false; solver.use_float64_in_last_iteration=false; stable_f32 interpreter""], ""mapping"": ""exact"", ""notes"": [], ""official"": ""exp_configs/vnncomp25/cifar100.yaml"", ""official_biccos"": false, ""official_pgd_order"": ""middle"", ""variant"": ""official""}","[""attack-off (user decision D20): all attack/falsification stages disabled, see config.attack.overrides"", ""float32: general.double_fp=false; solver.use_float64_in_last_iteration=false; stable_f32 interpreter""]",,,0.0,34.0,official_attack_off_f32,"[""abcrown"",""data/vnncomp2026/cifar100_2024/1.0/onnx/CIFAR100_resnet_large.onnx"",""data/vnncomp2026/cifar100_2024/1.0/vnnlib/CIFAR100_resnet_large_prop_idx_845_sidx_3027_eps_0.0039.vnnlib"",100.0,""official_attack_off_f32""]",
cifar100_2024,168,CIFAR100_resnet_large.onnx,CIFAR100_resnet_large_prop_idx_815_sidx_1902_eps_0.0039.vnnlib,unsat,1.6626124382019043,CERTIFIED,1,100.0,1.6626124382019043,5.323,4.672,10.112299686297774,0,0,,,not a FALSIFIED row,0,scratch/logs/fse2026/abcrown/cifar100_2024/00168_d46255e9e534538fbcf8_bbk2ojwp.log,6b8bbcfac1c01da1cabd240a87e4dce1a65f5a2b,"{""attack"": {""attack_off"": true, ""hook_replacements"": {}, ""overrides"": {""attack"": {""enable_mip_attack"": false, ""input_split_check_adv"": {""enabled"": ""false""}, ""pgd_order"": ""skip""}, ""bab"": {""attack"": {""enabled"": false}, ""branching"": {""input_split"": {""update_rhs_with_attack"": false}}}}}, ""biccos_applicable"": true, ""biccos_effective"": false, ""derived_path"": ""scratch/rq1_2026_tmp/baselines/abcrown/cifar100_2024/00168_d46255e9e534538fbcf8_bbk2ojwp/config.yaml"", ""deviations"": [""attack-off (user decision D20): all attack/falsification stages disabled, see config.attack.overrides"", ""float32: general.double_fp=false; solver.use_float64_in_last_iteration=false; stable_f32 interpreter""], ""mapping"": ""exact"", ""notes"": [], ""official"": ""exp_configs/vnncomp25/cifar100.yaml"", ""official_biccos"": false, ""official_pgd_order"": ""middle"", ""variant"": ""official""}","[""attack-off (user decision D20): all attack/falsification stages disabled, see config.attack.overrides"", ""float32: general.double_fp=false; solver.use_float64_in_last_iteration=false; stable_f32 interpreter""]",,,0.0,34.0,official_attack_off_f32,"[""abcrown"",""data/vnncomp2026/cifar100_2024/1.0/onnx/CIFAR100_resnet_large.onnx"",""data/vnncomp2026/cifar100_2024/1.0/vnnlib/CIFAR100_resnet_large_prop_idx_815_sidx_1902_eps_0.0039.vnnlib"",100.0,""official_attack_off_f32""]",
cifar100_2024,169,CIFAR100_resnet_large.onnx,CIFAR100_resnet_large_prop_idx_9417_sidx_5438_eps_0.0039.vnnlib,timeout,101.67728352546692,TIMEOUT,0,100.0,101.67728352546692,105.507,4.672,110.28705613315105,1,0,,,not a FALSIFIED row,0,scratch/logs/fse2026/abcrown/cifar100_2024/00169_3178dc8278fb7f8e5dc0_wu7y4a8b.log,6b8bbcfac1c01da1cabd240a87e4dce1a65f5a2b,"{""attack"": {""attack_off"": true, ""hook_replacements"": {}, ""overrides"": {""attack"": {""enable_mip_attack"": false, ""input_split_check_adv"": {""enabled"": ""false""}, ""pgd_order"": ""skip""}, ""bab"": {""attack"": {""enabled"": false}, ""branching"": {""input_split"": {""update_rhs_with_attack"": false}}}}}, ""biccos_applicable"": true, ""biccos_effective"": false, ""derived_path"": ""scratch/rq1_2026_tmp/baselines/abcrown/cifar100_2024/00169_3178dc8278fb7f8e5dc0_wu7y4a8b/config.yaml"", ""deviations"": [""attack-off (user decision D20): all attack/falsification stages disabled, see config.attack.overrides"", ""float32: general.double_fp=false; solver.use_float64_in_last_iteration=false; stable_f32 interpreter""], ""mapping"": ""exact"", ""notes"": [], ""official"": ""exp_configs/vnncomp25/cifar100.yaml"", ""official_biccos"": false, ""official_pgd_order"": ""middle"", ""variant"": ""official""}","[""attack-off (user decision D20): all attack/falsification stages disabled, see config.attack.overrides"", ""float32: general.double_fp=false; solver.use_float64_in_last_iteration=false; stable_f32 interpreter""]",,,0.0,34.0,official_attack_off_f32,"[""abcrown"",""data/vnncomp2026/cifar100_2024/1.0/onnx/CIFAR100_resnet_large.onnx"",""data/vnncomp2026/cifar100_2024/1.0/vnnlib/CIFAR100_resnet_large_prop_idx_9417_sidx_5438_eps_0.0039.vnnlib"",100.0,""official_attack_off_f32""]",
cifar100_2024,170,CIFAR100_resnet_large.onnx,CIFAR100_resnet_large_prop_idx_3580_sidx_7034_eps_0.0039.vnnlib,unsat,3.492867946624756,CERTIFIED,1,100.0,3.492867946624756,7.227,4.672,12.007125115022063,0,0,,,not a FALSIFIED row,0,scratch/logs/fse2026/abcrown/cifar100_2024/00170_0b3fcbf7484749335023_yokcp0o8.log,6b8bbcfac1c01da1cabd240a87e4dce1a65f5a2b,"{""attack"": {""attack_off"": true, ""hook_replacements"": {}, ""overrides"": {""attack"": {""enable_mip_attack"": false, ""input_split_check_adv"": {""enabled"": ""false""}, ""pgd_order"": ""skip""}, ""bab"": {""attack"": {""enabled"": false}, ""branching"": {""input_split"": {""update_rhs_with_attack"": false}}}}}, ""biccos_applicable"": true, ""biccos_effective"": false, ""derived_path"": ""scratch/rq1_2026_tmp/baselines/abcrown/cifar100_2024/00170_0b3fcbf7484749335023_yokcp0o8/config.yaml"", ""deviations"": [""attack-off (user decision D20): all attack/falsification stages disabled, see config.attack.overrides"", ""float32: general.double_fp=false; solver.use_float64_in_last_iteration=false; stable_f32 interpreter""], ""mapping"": ""exact"", ""notes"": [], ""official"": ""exp_configs/vnncomp25/cifar100.yaml"", ""official_biccos"": false, ""official_pgd_order"": ""middle"", ""variant"": ""official""}","[""attack-off (user decision D20): all attack/falsification stages disabled, see config.attack.overrides"", ""float32: general.double_fp=false; solver.use_float64_in_last_iteration=false; stable_f32 interpreter""]",,,0.0,34.0,official_attack_off_f32,"[""abcrown"",""data/vnncomp2026/cifar100_2024/1.0/onnx/CIFAR100_resnet_large.onnx"",""data/vnncomp2026/cifar100_2024/1.0/vnnlib/CIFAR100_resnet_large_prop_idx_3580_sidx_7034_eps_0.0039.vnnlib"",100.0,""official_attack_off_f32""]",
cifar100_2024,171,CIFAR100_resnet_large.onnx,CIFAR100_resnet_large_prop_idx_7034_sidx_4129_eps_0.0039.vnnlib,unsat,4.557375431060791,CERTIFIED,1,100.0,4.557375431060791,8.285,4.672,13.068741228431463,0,0,,,not a FALSIFIED row,0,scratch/logs/fse2026/abcrown/cifar100_2024/00171_bb4f625c6981372057ee_ci9745g3.log,6b8bbcfac1c01da1cabd240a87e4dce1a65f5a2b,"{""attack"": {""attack_off"": true, ""hook_replacements"": {}, ""overrides"": {""attack"": {""enable_mip_attack"": false, ""input_split_check_adv"": {""enabled"": ""false""}, ""pgd_order"": ""skip""}, ""bab"": {""attack"": {""enabled"": false}, ""branching"": {""input_split"": {""update_rhs_with_attack"": false}}}}}, ""biccos_applicable"": true, ""biccos_effective"": false, ""derived_path"": ""scratch/rq1_2026_tmp/baselines/abcrown/cifar100_2024/00171_bb4f625c6981372057ee_ci9745g3/config.yaml"", ""deviations"": [""attack-off (user decision D20): all attack/falsification stages disabled, see config.attack.overrides"", ""float32: general.double_fp=false; solver.use_float64_in_last_iteration=false; stable_f32 interpreter""], ""mapping"": ""exact"", ""notes"": [], ""official"": ""exp_configs/vnncomp25/cifar100.yaml"", ""official_biccos"": false, ""official_pgd_order"": ""middle"", ""variant"": ""official""}","[""attack-off (user decision D20): all attack/falsification stages disabled, see config.attack.overrides"", ""float32: general.double_fp=false; solver.use_float64_in_last_iteration=false; stable_f32 interpreter""]",,,0.0,34.0,official_attack_off_f32,"[""abcrown"",""data/vnncomp2026/cifar100_2024/1.0/onnx/CIFAR100_resnet_large.onnx"",""data/vnncomp2026/cifar100_2024/1.0/vnnlib/CIFAR100_resnet_large_prop_idx_7034_sidx_4129_eps_0.0039.vnnlib"",100.0,""official_attack_off_f32""]",
cifar100_2024,172,CIFAR100_resnet_large.onnx,CIFAR100_resnet_large_prop_idx_7104_sidx_9469_eps_0.0039.vnnlib,unsat,4.428988933563232,CERTIFIED,1,100.0,4.428988933563232,8.128,4.672,12.91761332564056,0,0,,,not a FALSIFIED row,0,scratch/logs/fse2026/abcrown/cifar100_2024/00172_a85a8a047e37dd21b97b_2qje403b.log,6b8bbcfac1c01da1cabd240a87e4dce1a65f5a2b,"{""attack"": {""attack_off"": true, ""hook_replacements"": {}, ""overrides"": {""attack"": {""enable_mip_attack"": false, ""input_split_check_adv"": {""enabled"": ""false""}, ""pgd_order"": ""skip""}, ""bab"": {""attack"": {""enabled"": false}, ""branching"": {""input_split"": {""update_rhs_with_attack"": false}}}}}, ""biccos_applicable"": true, ""biccos_effective"": false, ""derived_path"": ""scratch/rq1_2026_tmp/baselines/abcrown/cifar100_2024/00172_a85a8a047e37dd21b97b_2qje403b/config.yaml"", ""deviations"": [""attack-off (user decision D20): all attack/falsification stages disabled, see config.attack.overrides"", ""float32: general.double_fp=false; solver.use_float64_in_last_iteration=false; stable_f32 interpreter""], ""mapping"": ""exact"", ""notes"": [], ""official"": ""exp_configs/vnncomp25/cifar100.yaml"", ""official_biccos"": false, ""official_pgd_order"": ""middle"", ""variant"": ""official""}","[""attack-off (user decision D20): all attack/falsification stages disabled, see config.attack.overrides"", ""float32: general.double_fp=false; solver.use_float64_in_last_iteration=false; stable_f32 interpreter""]",,,0.0,34.0,official_attack_off_f32,"[""abcrown"",""data/vnncomp2026/cifar100_2024/1.0/onnx/CIFAR100_resnet_large.onnx"",""data/vnncomp2026/cifar100_2024/1.0/vnnlib/CIFAR100_resnet_large_prop_idx_7104_sidx_9469_eps_0.0039.vnnlib"",100.0,""official_attack_off_f32""]",
cifar100_2024,173,CIFAR100_resnet_large.onnx,CIFAR100_resnet_large_prop_idx_6983_sidx_607_eps_0.0039.vnnlib,timeout,103.14838933944702,TIMEOUT,0,100.0,103.14838933944702,107.205,4.721,112.04227268509567,1,0,,,not a FALSIFIED row,0,scratch/logs/fse2026/abcrown/cifar100_2024/00173_8a236e81272a7409cd02_ixao_6s8.log,6b8bbcfac1c01da1cabd240a87e4dce1a65f5a2b,"{""attack"": {""attack_off"": true, ""hook_replacements"": {}, ""overrides"": {""attack"": {""enable_mip_attack"": false, ""input_split_check_adv"": {""enabled"": ""false""}, ""pgd_order"": ""skip""}, ""bab"": {""attack"": {""enabled"": false}, ""branching"": {""input_split"": {""update_rhs_with_attack"": false}}}}}, ""biccos_applicable"": true, ""biccos_effective"": false, ""derived_path"": ""scratch/rq1_2026_tmp/baselines/abcrown/cifar100_2024/00173_8a236e81272a7409cd02_ixao_6s8/config.yaml"", ""deviations"": [""attack-off (user decision D20): all attack/falsification stages disabled, see config.attack.overrides"", ""float32: general.double_fp=false; solver.use_float64_in_last_iteration=false; stable_f32 interpreter""], ""mapping"": ""exact"", ""notes"": [], ""official"": ""exp_configs/vnncomp25/cifar100.yaml"", ""official_biccos"": false, ""official_pgd_order"": ""middle"", ""variant"": ""official""}","[""attack-off (user decision D20): all attack/falsification stages disabled, see config.attack.overrides"", ""float32: general.double_fp=false; solver.use_float64_in_last_iteration=false; stable_f32 interpreter""]",,,0.0,34.0,official_attack_off_f32,"[""abcrown"",""data/vnncomp2026/cifar100_2024/1.0/onnx/CIFAR100_resnet_large.onnx"",""data/vnncomp2026/cifar100_2024/1.0/vnnlib/CIFAR100_resnet_large_prop_idx_6983_sidx_607_eps_0.0039.vnnlib"",100.0,""official_attack_off_f32""]",
cifar100_2024,174,CIFAR100_resnet_large.onnx,CIFAR100_resnet_large_prop_idx_1105_sidx_9000_eps_0.0039.vnnlib,timeout,102.36947917938232,TIMEOUT,0,100.0,102.36947917938232,106.403,4.672,111.19667363539338,1,0,,,not a FALSIFIED row,0,scratch/logs/fse2026/abcrown/cifar100_2024/00174_07f6265e8cd100bc26b0_p2_3d7sp.log,6b8bbcfac1c01da1cabd240a87e4dce1a65f5a2b,"{""attack"": {""attack_off"": true, ""hook_replacements"": {}, ""overrides"": {""attack"": {""enable_mip_attack"": false, ""input_split_check_adv"": {""enabled"": ""false""}, ""pgd_order"": ""skip""}, ""bab"": {""attack"": {""enabled"": false}, ""branching"": {""input_split"": {""update_rhs_with_attack"": false}}}}}, ""biccos_applicable"": true, ""biccos_effective"": false, ""derived_path"": ""scratch/rq1_2026_tmp/baselines/abcrown/cifar100_2024/00174_07f6265e8cd100bc26b0_p2_3d7sp/config.yaml"", ""deviations"": [""attack-off (user decision D20): all attack/falsification stages disabled, see config.attack.overrides"", ""float32: general.double_fp=false; solver.use_float64_in_last_iteration=false; stable_f32 interpreter""], ""mapping"": ""exact"", ""notes"": [], ""official"": ""exp_configs/vnncomp25/cifar100.yaml"", ""official_biccos"": false, ""official_pgd_order"": ""middle"", ""variant"": ""official""}","[""attack-off (user decision D20): all attack/falsification stages disabled, see config.attack.overrides"", ""float32: general.double_fp=false; solver.use_float64_in_last_iteration=false; stable_f32 interpreter""]",,,0.0,34.0,official_attack_off_f32,"[""abcrown"",""data/vnncomp2026/cifar100_2024/1.0/onnx/CIFAR100_resnet_large.onnx"",""data/vnncomp2026/cifar100_2024/1.0/vnnlib/CIFAR100_resnet_large_prop_idx_1105_sidx_9000_eps_0.0039.vnnlib"",100.0,""official_attack_off_f32""]",
cifar100_2024,175,CIFAR100_resnet_large.onnx,CIFAR100_resnet_large_prop_idx_9204_sidx_137_eps_0.0039.vnnlib,timeout,106.12496089935303,TIMEOUT,0,100.0,106.12496089935303,109.963,4.723,114.80912001244724,1,0,,,not a FALSIFIED row,0,scratch/logs/fse2026/abcrown/cifar100_2024/00175_873350215bfc04febbd3_mtl2fp21.log,6b8bbcfac1c01da1cabd240a87e4dce1a65f5a2b,"{""attack"": {""attack_off"": true, ""hook_replacements"": {}, ""overrides"": {""attack"": {""enable_mip_attack"": false, ""input_split_check_adv"": {""enabled"": ""false""}, ""pgd_order"": ""skip""}, ""bab"": {""attack"": {""enabled"": false}, ""branching"": {""input_split"": {""update_rhs_with_attack"": false}}}}}, ""biccos_applicable"": true, ""biccos_effective"": false, ""derived_path"": ""scratch/rq1_2026_tmp/baselines/abcrown/cifar100_2024/00175_873350215bfc04febbd3_mtl2fp21/config.yaml"", ""deviations"": [""attack-off (user decision D20): all attack/falsification stages disabled, see config.attack.overrides"", ""float32: general.double_fp=false; solver.use_float64_in_last_iteration=false; stable_f32 interpreter""], ""mapping"": ""exact"", ""notes"": [], ""official"": ""exp_configs/vnncomp25/cifar100.yaml"", ""official_biccos"": false, ""official_pgd_order"": ""middle"", ""variant"": ""official""}","[""attack-off (user decision D20): all attack/falsification stages disabled, see config.attack.overrides"", ""float32: general.double_fp=false; solver.use_float64_in_last_iteration=false; stable_f32 interpreter""]",,,0.0,34.0,official_attack_off_f32,"[""abcrown"",""data/vnncomp2026/cifar100_2024/1.0/onnx/CIFAR100_resnet_large.onnx"",""data/vnncomp2026/cifar100_2024/1.0/vnnlib/CIFAR100_resnet_large_prop_idx_9204_sidx_137_eps_0.0039.vnnlib"",100.0,""official_attack_off_f32""]",
cifar100_2024,176,CIFAR100_resnet_large.onnx,CIFAR100_resnet_large_prop_idx_1812_sidx_7967_eps_0.0039.vnnlib,unsat,3.7149720191955566,CERTIFIED,1,100.0,3.7149720191955566,7.477,4.676,12.260970192030072,0,0,,,not a FALSIFIED row,0,scratch/logs/fse2026/abcrown/cifar100_2024/00176_164c6b98178b686a93b6_f_insmj4.log,6b8bbcfac1c01da1cabd240a87e4dce1a65f5a2b,"{""attack"": {""attack_off"": true, ""hook_replacements"": {}, ""overrides"": {""attack"": {""enable_mip_attack"": false, ""input_split_check_adv"": {""enabled"": ""false""}, ""pgd_order"": ""skip""}, ""bab"": {""attack"": {""enabled"": false}, ""branching"": {""input_split"": {""update_rhs_with_attack"": false}}}}}, ""biccos_applicable"": true, ""biccos_effective"": false, ""derived_path"": ""scratch/rq1_2026_tmp/baselines/abcrown/cifar100_2024/00176_164c6b98178b686a93b6_f_insmj4/config.yaml"", ""deviations"": [""attack-off (user decision D20): all attack/falsification stages disabled, see config.attack.overrides"", ""float32: general.double_fp=false; solver.use_float64_in_last_iteration=false; stable_f32 interpreter""], ""mapping"": ""exact"", ""notes"": [], ""official"": ""exp_configs/vnncomp25/cifar100.yaml"", ""official_biccos"": false, ""official_pgd_order"": ""middle"", ""variant"": ""official""}","[""attack-off (user decision D20): all attack/falsification stages disabled, see config.attack.overrides"", ""float32: general.double_fp=false; solver.use_float64_in_last_iteration=false; stable_f32 interpreter""]",,,0.0,34.0,official_attack_off_f32,"[""abcrown"",""data/vnncomp2026/cifar100_2024/1.0/onnx/CIFAR100_resnet_large.onnx"",""data/vnncomp2026/cifar100_2024/1.0/vnnlib/CIFAR100_resnet_large_prop_idx_1812_sidx_7967_eps_0.0039.vnnlib"",100.0,""official_attack_off_f32""]",
cifar100_2024,177,CIFAR100_resnet_large.onnx,CIFAR100_resnet_large_prop_idx_4123_sidx_5371_eps_0.0039.vnnlib,unsat,5.664936065673828,CERTIFIED,1,100.0,5.664936065673828,9.33,4.672,14.121327141299844,0,0,,,not a FALSIFIED row,0,scratch/logs/fse2026/abcrown/cifar100_2024/00177_627d44311788c39b588e_fca757pd.log,6b8bbcfac1c01da1cabd240a87e4dce1a65f5a2b,"{""attack"": {""attack_off"": true, ""hook_replacements"": {}, ""overrides"": {""attack"": {""enable_mip_attack"": false, ""input_split_check_adv"": {""enabled"": ""false""}, ""pgd_order"": ""skip""}, ""bab"": {""attack"": {""enabled"": false}, ""branching"": {""input_split"": {""update_rhs_with_attack"": false}}}}}, ""biccos_applicable"": true, ""biccos_effective"": false, ""derived_path"": ""scratch/rq1_2026_tmp/baselines/abcrown/cifar100_2024/00177_627d44311788c39b588e_fca757pd/config.yaml"", ""deviations"": [""attack-off (user decision D20): all attack/falsification stages disabled, see config.attack.overrides"", ""float32: general.double_fp=false; solver.use_float64_in_last_iteration=false; stable_f32 interpreter""], ""mapping"": ""exact"", ""notes"": [], ""official"": ""exp_configs/vnncomp25/cifar100.yaml"", ""official_biccos"": false, ""official_pgd_order"": ""middle"", ""variant"": ""official""}","[""attack-off (user decision D20): all attack/falsification stages disabled, see config.attack.overrides"", ""float32: general.double_fp=false; solver.use_float64_in_last_iteration=false; stable_f32 interpreter""]",,,0.0,34.0,official_attack_off_f32,"[""abcrown"",""data/vnncomp2026/cifar100_2024/1.0/onnx/CIFAR100_resnet_large.onnx"",""data/vnncomp2026/cifar100_2024/1.0/vnnlib/CIFAR100_resnet_large_prop_idx_4123_sidx_5371_eps_0.0039.vnnlib"",100.0,""official_attack_off_f32""]",
cifar100_2024,178,CIFAR100_resnet_large.onnx,CIFAR100_resnet_large_prop_idx_6692_sidx_3605_eps_0.0039.vnnlib,unsat,4.283725738525391,CERTIFIED,1,100.0,4.283725738525391,7.978,4.721,12.810510190203786,0,0,,,not a FALSIFIED row,0,scratch/logs/fse2026/abcrown/cifar100_2024/00178_24630404b7b6bf4ca00f_cs9hy4p9.log,6b8bbcfac1c01da1cabd240a87e4dce1a65f5a2b,"{""attack"": {""attack_off"": true, ""hook_replacements"": {}, ""overrides"": {""attack"": {""enable_mip_attack"": false, ""input_split_check_adv"": {""enabled"": ""false""}, ""pgd_order"": ""skip""}, ""bab"": {""attack"": {""enabled"": false}, ""branching"": {""input_split"": {""update_rhs_with_attack"": false}}}}}, ""biccos_applicable"": true, ""biccos_effective"": false, ""derived_path"": ""scratch/rq1_2026_tmp/baselines/abcrown/cifar100_2024/00178_24630404b7b6bf4ca00f_cs9hy4p9/config.yaml"", ""deviations"": [""attack-off (user decision D20): all attack/falsification stages disabled, see config.attack.overrides"", ""float32: general.double_fp=false; solver.use_float64_in_last_iteration=false; stable_f32 interpreter""], ""mapping"": ""exact"", ""notes"": [], ""official"": ""exp_configs/vnncomp25/cifar100.yaml"", ""official_biccos"": false, ""official_pgd_order"": ""middle"", ""variant"": ""official""}","[""attack-off (user decision D20): all attack/falsification stages disabled, see config.attack.overrides"", ""float32: general.double_fp=false; solver.use_float64_in_last_iteration=false; stable_f32 interpreter""]",,,0.0,34.0,official_attack_off_f32,"[""abcrown"",""data/vnncomp2026/cifar100_2024/1.0/onnx/CIFAR100_resnet_large.onnx"",""data/vnncomp2026/cifar100_2024/1.0/vnnlib/CIFAR100_resnet_large_prop_idx_6692_sidx_3605_eps_0.0039.vnnlib"",100.0,""official_attack_off_f32""]",
cifar100_2024,179,CIFAR100_resnet_large.onnx,CIFAR100_resnet_large_prop_idx_2002_sidx_7461_eps_0.0039.vnnlib,unsat,3.90191912651062,CERTIFIED,1,100.0,3.90191912651062,7.577,4.672,12.356389312073588,0,0,,,not a FALSIFIED row,0,scratch/logs/fse2026/abcrown/cifar100_2024/00179_fe6acdb7d57672f05e3e_w6grym3_.log,6b8bbcfac1c01da1cabd240a87e4dce1a65f5a2b,"{""attack"": {""attack_off"": true, ""hook_replacements"": {}, ""overrides"": {""attack"": {""enable_mip_attack"": false, ""input_split_check_adv"": {""enabled"": ""false""}, ""pgd_order"": ""skip""}, ""bab"": {""attack"": {""enabled"": false}, ""branching"": {""input_split"": {""update_rhs_with_attack"": false}}}}}, ""biccos_applicable"": true, ""biccos_effective"": false, ""derived_path"": ""scratch/rq1_2026_tmp/baselines/abcrown/cifar100_2024/00179_fe6acdb7d57672f05e3e_w6grym3_/config.yaml"", ""deviations"": [""attack-off (user decision D20): all attack/falsification stages disabled, see config.attack.overrides"", ""float32: general.double_fp=false; solver.use_float64_in_last_iteration=false; stable_f32 interpreter""], ""mapping"": ""exact"", ""notes"": [], ""official"": ""exp_configs/vnncomp25/cifar100.yaml"", ""official_biccos"": false, ""official_pgd_order"": ""middle"", ""variant"": ""official""}","[""attack-off (user decision D20): all attack/falsification stages disabled, see config.attack.overrides"", ""float32: general.double_fp=false; solver.use_float64_in_last_iteration=false; stable_f32 interpreter""]",,,0.0,34.0,official_attack_off_f32,"[""abcrown"",""data/vnncomp2026/cifar100_2024/1.0/onnx/CIFAR100_resnet_large.onnx"",""data/vnncomp2026/cifar100_2024/1.0/vnnlib/CIFAR100_resnet_large_prop_idx_2002_sidx_7461_eps_0.0039.vnnlib"",100.0,""official_attack_off_f32""]",
cifar100_2024,180,CIFAR100_resnet_large.onnx,CIFAR100_resnet_large_prop_idx_1990_sidx_3901_eps_0.0039.vnnlib,unsat,3.8946807384490967,CERTIFIED,1,100.0,3.8946807384490967,7.527,4.671,12.316022276878357,0,0,,,not a FALSIFIED row,0,scratch/logs/fse2026/abcrown/cifar100_2024/00180_fa16d7f1a5d583acd058_1p4lqcyv.log,6b8bbcfac1c01da1cabd240a87e4dce1a65f5a2b,"{""attack"": {""attack_off"": true, ""hook_replacements"": {}, ""overrides"": {""attack"": {""enable_mip_attack"": false, ""input_split_check_adv"": {""enabled"": ""false""}, ""pgd_order"": ""skip""}, ""bab"": {""attack"": {""enabled"": false}, ""branching"": {""input_split"": {""update_rhs_with_attack"": false}}}}}, ""biccos_applicable"": true, ""biccos_effective"": false, ""derived_path"": ""scratch/rq1_2026_tmp/baselines/abcrown/cifar100_2024/00180_fa16d7f1a5d583acd058_1p4lqcyv/config.yaml"", ""deviations"": [""attack-off (user decision D20): all attack/falsification stages disabled, see config.attack.overrides"", ""float32: general.double_fp=false; solver.use_float64_in_last_iteration=false; stable_f32 interpreter""], ""mapping"": ""exact"", ""notes"": [], ""official"": ""exp_configs/vnncomp25/cifar100.yaml"", ""official_biccos"": false, ""official_pgd_order"": ""middle"", ""variant"": ""official""}","[""attack-off (user decision D20): all attack/falsification stages disabled, see config.attack.overrides"", ""float32: general.double_fp=false; solver.use_float64_in_last_iteration=false; stable_f32 interpreter""]",,,0.0,34.0,official_attack_off_f32,"[""abcrown"",""data/vnncomp2026/cifar100_2024/1.0/onnx/CIFAR100_resnet_large.onnx"",""data/vnncomp2026/cifar100_2024/1.0/vnnlib/CIFAR100_resnet_large_prop_idx_1990_sidx_3901_eps_0.0039.vnnlib"",100.0,""official_attack_off_f32""]",
cifar100_2024,181,CIFAR100_resnet_large.onnx,CIFAR100_resnet_large_prop_idx_2021_sidx_2048_eps_0.0039.vnnlib,unsat,4.119040012359619,CERTIFIED,1,100.0,4.119040012359619,7.727,4.673,12.51516105979681,0,0,,,not a FALSIFIED row,0,scratch/logs/fse2026/abcrown/cifar100_2024/00181_76a5eb5bb00861b9837e_fa2bomhs.log,6b8bbcfac1c01da1cabd240a87e4dce1a65f5a2b,"{""attack"": {""attack_off"": true, ""hook_replacements"": {}, ""overrides"": {""attack"": {""enable_mip_attack"": false, ""input_split_check_adv"": {""enabled"": ""false""}, ""pgd_order"": ""skip""}, ""bab"": {""attack"": {""enabled"": false}, ""branching"": {""input_split"": {""update_rhs_with_attack"": false}}}}}, ""biccos_applicable"": true, ""biccos_effective"": false, ""derived_path"": ""scratch/rq1_2026_tmp/baselines/abcrown/cifar100_2024/00181_76a5eb5bb00861b9837e_fa2bomhs/config.yaml"", ""deviations"": [""attack-off (user decision D20): all attack/falsification stages disabled, see config.attack.overrides"", ""float32: general.double_fp=false; solver.use_float64_in_last_iteration=false; stable_f32 interpreter""], ""mapping"": ""exact"", ""notes"": [], ""official"": ""exp_configs/vnncomp25/cifar100.yaml"", ""official_biccos"": false, ""official_pgd_order"": ""middle"", ""variant"": ""official""}","[""attack-off (user decision D20): all attack/falsification stages disabled, see config.attack.overrides"", ""float32: general.double_fp=false; solver.use_float64_in_last_iteration=false; stable_f32 interpreter""]",,,0.0,34.0,official_attack_off_f32,"[""abcrown"",""data/vnncomp2026/cifar100_2024/1.0/onnx/CIFAR100_resnet_large.onnx"",""data/vnncomp2026/cifar100_2024/1.0/vnnlib/CIFAR100_resnet_large_prop_idx_2021_sidx_2048_eps_0.0039.vnnlib"",100.0,""official_attack_off_f32""]",
cifar100_2024,182,CIFAR100_resnet_large.onnx,CIFAR100_resnet_large_prop_idx_8896_sidx_2510_eps_0.0039.vnnlib,unsat,3.5903947353363037,CERTIFIED,1,100.0,3.5903947353363037,7.326,4.672,12.107520563527942,0,0,,,not a FALSIFIED row,0,scratch/logs/fse2026/abcrown/cifar100_2024/00182_a05301836c857690dbeb_pn9wntgd.log,6b8bbcfac1c01da1cabd240a87e4dce1a65f5a2b,"{""attack"": {""attack_off"": true, ""hook_replacements"": {}, ""overrides"": {""attack"": {""enable_mip_attack"": false, ""input_split_check_adv"": {""enabled"": ""false""}, ""pgd_order"": ""skip""}, ""bab"": {""attack"": {""enabled"": false}, ""branching"": {""input_split"": {""update_rhs_with_attack"": false}}}}}, ""biccos_applicable"": true, ""biccos_effective"": false, ""derived_path"": ""scratch/rq1_2026_tmp/baselines/abcrown/cifar100_2024/00182_a05301836c857690dbeb_pn9wntgd/config.yaml"", ""deviations"": [""attack-off (user decision D20): all attack/falsification stages disabled, see config.attack.overrides"", ""float32: general.double_fp=false; solver.use_float64_in_last_iteration=false; stable_f32 interpreter""], ""mapping"": ""exact"", ""notes"": [], ""official"": ""exp_configs/vnncomp25/cifar100.yaml"", ""official_biccos"": false, ""official_pgd_order"": ""middle"", ""variant"": ""official""}","[""attack-off (user decision D20): all attack/falsification stages disabled, see config.attack.overrides"", ""float32: general.double_fp=false; solver.use_float64_in_last_iteration=false; stable_f32 interpreter""]",,,1.0,34.0,official_attack_off_f32,"[""abcrown"",""data/vnncomp2026/cifar100_2024/1.0/onnx/CIFAR100_resnet_large.onnx"",""data/vnncomp2026/cifar100_2024/1.0/vnnlib/CIFAR100_resnet_large_prop_idx_8896_sidx_2510_eps_0.0039.vnnlib"",100.0,""official_attack_off_f32""]",
cifar100_2024,183,CIFAR100_resnet_large.onnx,CIFAR100_resnet_large_prop_idx_9227_sidx_31_eps_0.0039.vnnlib,unsat,1.8466136455535889,CERTIFIED,1,100.0,1.8466136455535889,5.574,4.722,10.412810482084751,0,0,,,not a FALSIFIED row,0,scratch/logs/fse2026/abcrown/cifar100_2024/00183_cb8fba9a903ad9fde85a_za0jinsb.log,6b8bbcfac1c01da1cabd240a87e4dce1a65f5a2b,"{""attack"": {""attack_off"": true, ""hook_replacements"": {}, ""overrides"": {""attack"": {""enable_mip_attack"": false, ""input_split_check_adv"": {""enabled"": ""false""}, ""pgd_order"": ""skip""}, ""bab"": {""attack"": {""enabled"": false}, ""branching"": {""input_split"": {""update_rhs_with_attack"": false}}}}}, ""biccos_applicable"": true, ""biccos_effective"": false, ""derived_path"": ""scratch/rq1_2026_tmp/baselines/abcrown/cifar100_2024/00183_cb8fba9a903ad9fde85a_za0jinsb/config.yaml"", ""deviations"": [""attack-off (user decision D20): all attack/falsification stages disabled, see config.attack.overrides"", ""float32: general.double_fp=false; solver.use_float64_in_last_iteration=false; stable_f32 interpreter""], ""mapping"": ""exact"", ""notes"": [], ""official"": ""exp_configs/vnncomp25/cifar100.yaml"", ""official_biccos"": false, ""official_pgd_order"": ""middle"", ""variant"": ""official""}","[""attack-off (user decision D20): all attack/falsification stages disabled, see config.attack.overrides"", ""float32: general.double_fp=false; solver.use_float64_in_last_iteration=false; stable_f32 interpreter""]",,,12.0,34.0,official_attack_off_f32,"[""abcrown"",""data/vnncomp2026/cifar100_2024/1.0/onnx/CIFAR100_resnet_large.onnx"",""data/vnncomp2026/cifar100_2024/1.0/vnnlib/CIFAR100_resnet_large_prop_idx_9227_sidx_31_eps_0.0039.vnnlib"",100.0,""official_attack_off_f32""]",
cifar100_2024,184,CIFAR100_resnet_large.onnx,CIFAR100_resnet_large_prop_idx_8452_sidx_3448_eps_0.0039.vnnlib,timeout,101.39094996452332,TIMEOUT,0,100.0,101.39094996452332,105.35,4.773,110.24164345674217,1,0,,,not a FALSIFIED row,0,scratch/logs/fse2026/abcrown/cifar100_2024/00184_29ff2056b2a4242f964d_jh_adwto.log,6b8bbcfac1c01da1cabd240a87e4dce1a65f5a2b,"{""attack"": {""attack_off"": true, ""hook_replacements"": {}, ""overrides"": {""attack"": {""enable_mip_attack"": false, ""input_split_check_adv"": {""enabled"": ""false""}, ""pgd_order"": ""skip""}, ""bab"": {""attack"": {""enabled"": false}, ""branching"": {""input_split"": {""update_rhs_with_attack"": false}}}}}, ""biccos_applicable"": true, ""biccos_effective"": false, ""derived_path"": ""scratch/rq1_2026_tmp/baselines/abcrown/cifar100_2024/00184_29ff2056b2a4242f964d_jh_adwto/config.yaml"", ""deviations"": [""attack-off (user decision D20): all attack/falsification stages disabled, see config.attack.overrides"", ""float32: general.double_fp=false; solver.use_float64_in_last_iteration=false; stable_f32 interpreter""], ""mapping"": ""exact"", ""notes"": [], ""official"": ""exp_configs/vnncomp25/cifar100.yaml"", ""official_biccos"": false, ""official_pgd_order"": ""middle"", ""variant"": ""official""}","[""attack-off (user decision D20): all attack/falsification stages disabled, see config.attack.overrides"", ""float32: general.double_fp=false; solver.use_float64_in_last_iteration=false; stable_f32 interpreter""]",,,0.0,34.0,official_attack_off_f32,"[""abcrown"",""data/vnncomp2026/cifar100_2024/1.0/onnx/CIFAR100_resnet_large.onnx"",""data/vnncomp2026/cifar100_2024/1.0/vnnlib/CIFAR100_resnet_large_prop_idx_8452_sidx_3448_eps_0.0039.vnnlib"",100.0,""official_attack_off_f32""]",
cifar100_2024,185,CIFAR100_resnet_large.onnx,CIFAR100_resnet_large_prop_idx_1397_sidx_345_eps_0.0039.vnnlib,timeout,105.08308744430542,TIMEOUT,0,100.0,105.08308744430542,109.161,4.672,113.94318563491106,1,0,,,not a FALSIFIED row,0,scratch/logs/fse2026/abcrown/cifar100_2024/00185_5ac4a38d812cb78ab52c_l4qgi3gr.log,6b8bbcfac1c01da1cabd240a87e4dce1a65f5a2b,"{""attack"": {""attack_off"": true, ""hook_replacements"": {}, ""overrides"": {""attack"": {""enable_mip_attack"": false, ""input_split_check_adv"": {""enabled"": ""false""}, ""pgd_order"": ""skip""}, ""bab"": {""attack"": {""enabled"": false}, ""branching"": {""input_split"": {""update_rhs_with_attack"": false}}}}}, ""biccos_applicable"": true, ""biccos_effective"": false, ""derived_path"": ""scratch/rq1_2026_tmp/baselines/abcrown/cifar100_2024/00185_5ac4a38d812cb78ab52c_l4qgi3gr/config.yaml"", ""deviations"": [""attack-off (user decision D20): all attack/falsification stages disabled, see config.attack.overrides"", ""float32: general.double_fp=false; solver.use_float64_in_last_iteration=false; stable_f32 interpreter""], ""mapping"": ""exact"", ""notes"": [], ""official"": ""exp_configs/vnncomp25/cifar100.yaml"", ""official_biccos"": false, ""official_pgd_order"": ""middle"", ""variant"": ""official""}","[""attack-off (user decision D20): all attack/falsification stages disabled, see config.attack.overrides"", ""float32: general.double_fp=false; solver.use_float64_in_last_iteration=false; stable_f32 interpreter""]",,,0.0,34.0,official_attack_off_f32,"[""abcrown"",""data/vnncomp2026/cifar100_2024/1.0/onnx/CIFAR100_resnet_large.onnx"",""data/vnncomp2026/cifar100_2024/1.0/vnnlib/CIFAR100_resnet_large_prop_idx_1397_sidx_345_eps_0.0039.vnnlib"",100.0,""official_attack_off_f32""]",
cifar100_2024,186,CIFAR100_resnet_large.onnx,CIFAR100_resnet_large_prop_idx_7844_sidx_4140_eps_0.0039.vnnlib,unsat,4.218016624450684,CERTIFIED,1,100.0,4.218016624450684,7.877,4.672,12.657872883602977,0,0,,,not a FALSIFIED row,0,scratch/logs/fse2026/abcrown/cifar100_2024/00186_9dada2b7f24dbcc3d167_0fcvnz1y.log,6b8bbcfac1c01da1cabd240a87e4dce1a65f5a2b,"{""attack"": {""attack_off"": true, ""hook_replacements"": {}, ""overrides"": {""attack"": {""enable_mip_attack"": false, ""input_split_check_adv"": {""enabled"": ""false""}, ""pgd_order"": ""skip""}, ""bab"": {""attack"": {""enabled"": false}, ""branching"": {""input_split"": {""update_rhs_with_attack"": false}}}}}, ""biccos_applicable"": true, ""biccos_effective"": false, ""derived_path"": ""scratch/rq1_2026_tmp/baselines/abcrown/cifar100_2024/00186_9dada2b7f24dbcc3d167_0fcvnz1y/config.yaml"", ""deviations"": [""attack-off (user decision D20): all attack/falsification stages disabled, see config.attack.overrides"", ""float32: general.double_fp=false; solver.use_float64_in_last_iteration=false; stable_f32 interpreter""], ""mapping"": ""exact"", ""notes"": [], ""official"": ""exp_configs/vnncomp25/cifar100.yaml"", ""official_biccos"": false, ""official_pgd_order"": ""middle"", ""variant"": ""official""}","[""attack-off (user decision D20): all attack/falsification stages disabled, see config.attack.overrides"", ""float32: general.double_fp=false; solver.use_float64_in_last_iteration=false; stable_f32 interpreter""]",,,0.0,34.0,official_attack_off_f32,"[""abcrown"",""data/vnncomp2026/cifar100_2024/1.0/onnx/CIFAR100_resnet_large.onnx"",""data/vnncomp2026/cifar100_2024/1.0/vnnlib/CIFAR100_resnet_large_prop_idx_7844_sidx_4140_eps_0.0039.vnnlib"",100.0,""official_attack_off_f32""]",
cifar100_2024,187,CIFAR100_resnet_large.onnx,CIFAR100_resnet_large_prop_idx_8359_sidx_9586_eps_0.0039.vnnlib,timeout,100.60591793060303,TIMEOUT,0,100.0,100.60591793060303,104.85,4.672,109.63929185457528,1,0,,,not a FALSIFIED row,0,scratch/logs/fse2026/abcrown/cifar100_2024/00187_f39d23189c5259eab5f6_9fx8q7a5.log,6b8bbcfac1c01da1cabd240a87e4dce1a65f5a2b,"{""attack"": {""attack_off"": true, ""hook_replacements"": {}, ""overrides"": {""attack"": {""enable_mip_attack"": false, ""input_split_check_adv"": {""enabled"": ""false""}, ""pgd_order"": ""skip""}, ""bab"": {""attack"": {""enabled"": false}, ""branching"": {""input_split"": {""update_rhs_with_attack"": false}}}}}, ""biccos_applicable"": true, ""biccos_effective"": false, ""derived_path"": ""scratch/rq1_2026_tmp/baselines/abcrown/cifar100_2024/00187_f39d23189c5259eab5f6_9fx8q7a5/config.yaml"", ""deviations"": [""attack-off (user decision D20): all attack/falsification stages disabled, see config.attack.overrides"", ""float32: general.double_fp=false; solver.use_float64_in_last_iteration=false; stable_f32 interpreter""], ""mapping"": ""exact"", ""notes"": [], ""official"": ""exp_configs/vnncomp25/cifar100.yaml"", ""official_biccos"": false, ""official_pgd_order"": ""middle"", ""variant"": ""official""}","[""attack-off (user decision D20): all attack/falsification stages disabled, see config.attack.overrides"", ""float32: general.double_fp=false; solver.use_float64_in_last_iteration=false; stable_f32 interpreter""]",,,0.0,34.0,official_attack_off_f32,"[""abcrown"",""data/vnncomp2026/cifar100_2024/1.0/onnx/CIFAR100_resnet_large.onnx"",""data/vnncomp2026/cifar100_2024/1.0/vnnlib/CIFAR100_resnet_large_prop_idx_8359_sidx_9586_eps_0.0039.vnnlib"",100.0,""official_attack_off_f32""]",
cifar100_2024,188,CIFAR100_resnet_large.onnx,CIFAR100_resnet_large_prop_idx_5666_sidx_4801_eps_0.0039.vnnlib,unsat,1.7916233539581299,CERTIFIED,1,100.0,1.7916233539581299,5.423,4.672,10.212137162685394,0,0,,,not a FALSIFIED row,0,scratch/logs/fse2026/abcrown/cifar100_2024/00188_72cff7a60896726abff8_ncni57t8.log,6b8bbcfac1c01da1cabd240a87e4dce1a65f5a2b,"{""attack"": {""attack_off"": true, ""hook_replacements"": {}, ""overrides"": {""attack"": {""enable_mip_attack"": false, ""input_split_check_adv"": {""enabled"": ""false""}, ""pgd_order"": ""skip""}, ""bab"": {""attack"": {""enabled"": false}, ""branching"": {""input_split"": {""update_rhs_with_attack"": false}}}}}, ""biccos_applicable"": true, ""biccos_effective"": false, ""derived_path"": ""scratch/rq1_2026_tmp/baselines/abcrown/cifar100_2024/00188_72cff7a60896726abff8_ncni57t8/config.yaml"", ""deviations"": [""attack-off (user decision D20): all attack/falsification stages disabled, see config.attack.overrides"", ""float32: general.double_fp=false; solver.use_float64_in_last_iteration=false; stable_f32 interpreter""], ""mapping"": ""exact"", ""notes"": [], ""official"": ""exp_configs/vnncomp25/cifar100.yaml"", ""official_biccos"": false, ""official_pgd_order"": ""middle"", ""variant"": ""official""}","[""attack-off (user decision D20): all attack/falsification stages disabled, see config.attack.overrides"", ""float32: general.double_fp=false; solver.use_float64_in_last_iteration=false; stable_f32 interpreter""]",,,0.0,34.0,official_attack_off_f32,"[""abcrown"",""data/vnncomp2026/cifar100_2024/1.0/onnx/CIFAR100_resnet_large.onnx"",""data/vnncomp2026/cifar100_2024/1.0/vnnlib/CIFAR100_resnet_large_prop_idx_5666_sidx_4801_eps_0.0039.vnnlib"",100.0,""official_attack_off_f32""]",
cifar100_2024,189,CIFAR100_resnet_large.onnx,CIFAR100_resnet_large_prop_idx_4650_sidx_4378_eps_0.0039.vnnlib,unsat,8.740315675735474,CERTIFIED,1,100.0,8.740315675735474,12.437,4.722,17.27598635852337,0,0,,,not a FALSIFIED row,0,scratch/logs/fse2026/abcrown/cifar100_2024/00189_4643b7d40808ee59e7e8_o4xbtt7a.log,6b8bbcfac1c01da1cabd240a87e4dce1a65f5a2b,"{""attack"": {""attack_off"": true, ""hook_replacements"": {}, ""overrides"": {""attack"": {""enable_mip_attack"": false, ""input_split_check_adv"": {""enabled"": ""false""}, ""pgd_order"": ""skip""}, ""bab"": {""attack"": {""enabled"": false}, ""branching"": {""input_split"": {""update_rhs_with_attack"": false}}}}}, ""biccos_applicable"": true, ""biccos_effective"": false, ""derived_path"": ""scratch/rq1_2026_tmp/baselines/abcrown/cifar100_2024/00189_4643b7d40808ee59e7e8_o4xbtt7a/config.yaml"", ""deviations"": [""attack-off (user decision D20): all attack/falsification stages disabled, see config.attack.overrides"", ""float32: general.double_fp=false; solver.use_float64_in_last_iteration=false; stable_f32 interpreter""], ""mapping"": ""exact"", ""notes"": [], ""official"": ""exp_configs/vnncomp25/cifar100.yaml"", ""official_biccos"": false, ""official_pgd_order"": ""middle"", ""variant"": ""official""}","[""attack-off (user decision D20): all attack/falsification stages disabled, see config.attack.overrides"", ""float32: general.double_fp=false; solver.use_float64_in_last_iteration=false; stable_f32 interpreter""]",,,0.0,34.0,official_attack_off_f32,"[""abcrown"",""data/vnncomp2026/cifar100_2024/1.0/onnx/CIFAR100_resnet_large.onnx"",""data/vnncomp2026/cifar100_2024/1.0/vnnlib/CIFAR100_resnet_large_prop_idx_4650_sidx_4378_eps_0.0039.vnnlib"",100.0,""official_attack_off_f32""]",
cifar100_2024,190,CIFAR100_resnet_large.onnx,CIFAR100_resnet_large_prop_idx_2852_sidx_5192_eps_0.0039.vnnlib,unsat,3.82509183883667,CERTIFIED,1,100.0,3.82509183883667,7.427,4.722,12.265844404697418,0,0,,,not a FALSIFIED row,0,scratch/logs/fse2026/abcrown/cifar100_2024/00190_43b50b9547eb46d814aa_bupoav_z.log,6b8bbcfac1c01da1cabd240a87e4dce1a65f5a2b,"{""attack"": {""attack_off"": true, ""hook_replacements"": {}, ""overrides"": {""attack"": {""enable_mip_attack"": false, ""input_split_check_adv"": {""enabled"": ""false""}, ""pgd_order"": ""skip""}, ""bab"": {""attack"": {""enabled"": false}, ""branching"": {""input_split"": {""update_rhs_with_attack"": false}}}}}, ""biccos_applicable"": true, ""biccos_effective"": false, ""derived_path"": ""scratch/rq1_2026_tmp/baselines/abcrown/cifar100_2024/00190_43b50b9547eb46d814aa_bupoav_z/config.yaml"", ""deviations"": [""attack-off (user decision D20): all attack/falsification stages disabled, see config.attack.overrides"", ""float32: general.double_fp=false; solver.use_float64_in_last_iteration=false; stable_f32 interpreter""], ""mapping"": ""exact"", ""notes"": [], ""official"": ""exp_configs/vnncomp25/cifar100.yaml"", ""official_biccos"": false, ""official_pgd_order"": ""middle"", ""variant"": ""official""}","[""attack-off (user decision D20): all attack/falsification stages disabled, see config.attack.overrides"", ""float32: general.double_fp=false; solver.use_float64_in_last_iteration=false; stable_f32 interpreter""]",,,0.0,34.0,official_attack_off_f32,"[""abcrown"",""data/vnncomp2026/cifar100_2024/1.0/onnx/CIFAR100_resnet_large.onnx"",""data/vnncomp2026/cifar100_2024/1.0/vnnlib/CIFAR100_resnet_large_prop_idx_2852_sidx_5192_eps_0.0039.vnnlib"",100.0,""official_attack_off_f32""]",
cifar100_2024,191,CIFAR100_resnet_large.onnx,CIFAR100_resnet_large_prop_idx_4251_sidx_1755_eps_0.0039.vnnlib,timeout,103.46077489852905,TIMEOUT,0,100.0,103.46077489852905,107.562,4.772,112.44740828312933,1,0,,,not a FALSIFIED row,0,scratch/logs/fse2026/abcrown/cifar100_2024/00191_a94385c6fdfc0ec42899_yr702oe_.log,6b8bbcfac1c01da1cabd240a87e4dce1a65f5a2b,"{""attack"": {""attack_off"": true, ""hook_replacements"": {}, ""overrides"": {""attack"": {""enable_mip_attack"": false, ""input_split_check_adv"": {""enabled"": ""false""}, ""pgd_order"": ""skip""}, ""bab"": {""attack"": {""enabled"": false}, ""branching"": {""input_split"": {""update_rhs_with_attack"": false}}}}}, ""biccos_applicable"": true, ""biccos_effective"": false, ""derived_path"": ""scratch/rq1_2026_tmp/baselines/abcrown/cifar100_2024/00191_a94385c6fdfc0ec42899_yr702oe_/config.yaml"", ""deviations"": [""attack-off (user decision D20): all attack/falsification stages disabled, see config.attack.overrides"", ""float32: general.double_fp=false; solver.use_float64_in_last_iteration=false; stable_f32 interpreter""], ""mapping"": ""exact"", ""notes"": [], ""official"": ""exp_configs/vnncomp25/cifar100.yaml"", ""official_biccos"": false, ""official_pgd_order"": ""middle"", ""variant"": ""official""}","[""attack-off (user decision D20): all attack/falsification stages disabled, see config.attack.overrides"", ""float32: general.double_fp=false; solver.use_float64_in_last_iteration=false; stable_f32 interpreter""]",,,3.0,34.0,official_attack_off_f32,"[""abcrown"",""data/vnncomp2026/cifar100_2024/1.0/onnx/CIFAR100_resnet_large.onnx"",""data/vnncomp2026/cifar100_2024/1.0/vnnlib/CIFAR100_resnet_large_prop_idx_4251_sidx_1755_eps_0.0039.vnnlib"",100.0,""official_attack_off_f32""]",
cifar100_2024,192,CIFAR100_resnet_large.onnx,CIFAR100_resnet_large_prop_idx_5773_sidx_7310_eps_0.0039.vnnlib,unsat,4.666125535964966,CERTIFIED,1,100.0,4.666125535964966,8.228,4.672,13.017732497304678,0,0,,,not a FALSIFIED row,0,scratch/logs/fse2026/abcrown/cifar100_2024/00192_b4e3d739a958eacbcbc8_f32tmq0x.log,6b8bbcfac1c01da1cabd240a87e4dce1a65f5a2b,"{""attack"": {""attack_off"": true, ""hook_replacements"": {}, ""overrides"": {""attack"": {""enable_mip_attack"": false, ""input_split_check_adv"": {""enabled"": ""false""}, ""pgd_order"": ""skip""}, ""bab"": {""attack"": {""enabled"": false}, ""branching"": {""input_split"": {""update_rhs_with_attack"": false}}}}}, ""biccos_applicable"": true, ""biccos_effective"": false, ""derived_path"": ""scratch/rq1_2026_tmp/baselines/abcrown/cifar100_2024/00192_b4e3d739a958eacbcbc8_f32tmq0x/config.yaml"", ""deviations"": [""attack-off (user decision D20): all attack/falsification stages disabled, see config.attack.overrides"", ""float32: general.double_fp=false; solver.use_float64_in_last_iteration=false; stable_f32 interpreter""], ""mapping"": ""exact"", ""notes"": [], ""official"": ""exp_configs/vnncomp25/cifar100.yaml"", ""official_biccos"": false, ""official_pgd_order"": ""middle"", ""variant"": ""official""}","[""attack-off (user decision D20): all attack/falsification stages disabled, see config.attack.overrides"", ""float32: general.double_fp=false; solver.use_float64_in_last_iteration=false; stable_f32 interpreter""]",,,0.0,34.0,official_attack_off_f32,"[""abcrown"",""data/vnncomp2026/cifar100_2024/1.0/onnx/CIFAR100_resnet_large.onnx"",""data/vnncomp2026/cifar100_2024/1.0/vnnlib/CIFAR100_resnet_large_prop_idx_5773_sidx_7310_eps_0.0039.vnnlib"",100.0,""official_attack_off_f32""]",
cifar100_2024,193,CIFAR100_resnet_large.onnx,CIFAR100_resnet_large_prop_idx_7291_sidx_1429_eps_0.0039.vnnlib,unsat,3.7621450424194336,CERTIFIED,1,100.0,3.7621450424194336,7.477,4.721,12.315652634948492,0,0,,,not a FALSIFIED row,0,scratch/logs/fse2026/abcrown/cifar100_2024/00193_7294825e2981f1de9c42_c_ipruxb.log,6b8bbcfac1c01da1cabd240a87e4dce1a65f5a2b,"{""attack"": {""attack_off"": true, ""hook_replacements"": {}, ""overrides"": {""attack"": {""enable_mip_attack"": false, ""input_split_check_adv"": {""enabled"": ""false""}, ""pgd_order"": ""skip""}, ""bab"": {""attack"": {""enabled"": false}, ""branching"": {""input_split"": {""update_rhs_with_attack"": false}}}}}, ""biccos_applicable"": true, ""biccos_effective"": false, ""derived_path"": ""scratch/rq1_2026_tmp/baselines/abcrown/cifar100_2024/00193_7294825e2981f1de9c42_c_ipruxb/config.yaml"", ""deviations"": [""attack-off (user decision D20): all attack/falsification stages disabled, see config.attack.overrides"", ""float32: general.double_fp=false; solver.use_float64_in_last_iteration=false; stable_f32 interpreter""], ""mapping"": ""exact"", ""notes"": [], ""official"": ""exp_configs/vnncomp25/cifar100.yaml"", ""official_biccos"": false, ""official_pgd_order"": ""middle"", ""variant"": ""official""}","[""attack-off (user decision D20): all attack/falsification stages disabled, see config.attack.overrides"", ""float32: general.double_fp=false; solver.use_float64_in_last_iteration=false; stable_f32 interpreter""]",,,0.0,34.0,official_attack_off_f32,"[""abcrown"",""data/vnncomp2026/cifar100_2024/1.0/onnx/CIFAR100_resnet_large.onnx"",""data/vnncomp2026/cifar100_2024/1.0/vnnlib/CIFAR100_resnet_large_prop_idx_7291_sidx_1429_eps_0.0039.vnnlib"",100.0,""official_attack_off_f32""]",
cifar100_2024,194,CIFAR100_resnet_large.onnx,CIFAR100_resnet_large_prop_idx_1589_sidx_1914_eps_0.0039.vnnlib,unsat,3.6965205669403076,CERTIFIED,1,100.0,3.6965205669403076,7.376,4.772,12.25727366283536,0,0,,,not a FALSIFIED row,0,scratch/logs/fse2026/abcrown/cifar100_2024/00194_fd7f9eaf32039fe09fd4_7fa0jns6.log,6b8bbcfac1c01da1cabd240a87e4dce1a65f5a2b,"{""attack"": {""attack_off"": true, ""hook_replacements"": {}, ""overrides"": {""attack"": {""enable_mip_attack"": false, ""input_split_check_adv"": {""enabled"": ""false""}, ""pgd_order"": ""skip""}, ""bab"": {""attack"": {""enabled"": false}, ""branching"": {""input_split"": {""update_rhs_with_attack"": false}}}}}, ""biccos_applicable"": true, ""biccos_effective"": false, ""derived_path"": ""scratch/rq1_2026_tmp/baselines/abcrown/cifar100_2024/00194_fd7f9eaf32039fe09fd4_7fa0jns6/config.yaml"", ""deviations"": [""attack-off (user decision D20): all attack/falsification stages disabled, see config.attack.overrides"", ""float32: general.double_fp=false; solver.use_float64_in_last_iteration=false; stable_f32 interpreter""], ""mapping"": ""exact"", ""notes"": [], ""official"": ""exp_configs/vnncomp25/cifar100.yaml"", ""official_biccos"": false, ""official_pgd_order"": ""middle"", ""variant"": ""official""}","[""attack-off (user decision D20): all attack/falsification stages disabled, see config.attack.overrides"", ""float32: general.double_fp=false; solver.use_float64_in_last_iteration=false; stable_f32 interpreter""]",,,10.0,34.0,official_attack_off_f32,"[""abcrown"",""data/vnncomp2026/cifar100_2024/1.0/onnx/CIFAR100_resnet_large.onnx"",""data/vnncomp2026/cifar100_2024/1.0/vnnlib/CIFAR100_resnet_large_prop_idx_1589_sidx_1914_eps_0.0039.vnnlib"",100.0,""official_attack_off_f32""]",
cifar100_2024,195,CIFAR100_resnet_large.onnx,CIFAR100_resnet_large_prop_idx_7530_sidx_5775_eps_0.0039.vnnlib,unsat,4.647289514541626,CERTIFIED,1,100.0,4.647289514541626,8.328,4.672,13.117206765338778,0,0,,,not a FALSIFIED row,0,scratch/logs/fse2026/abcrown/cifar100_2024/00195_e608c5a53b274e2607cc_urtvt8oe.log,6b8bbcfac1c01da1cabd240a87e4dce1a65f5a2b,"{""attack"": {""attack_off"": true, ""hook_replacements"": {}, ""overrides"": {""attack"": {""enable_mip_attack"": false, ""input_split_check_adv"": {""enabled"": ""false""}, ""pgd_order"": ""skip""}, ""bab"": {""attack"": {""enabled"": false}, ""branching"": {""input_split"": {""update_rhs_with_attack"": false}}}}}, ""biccos_applicable"": true, ""biccos_effective"": false, ""derived_path"": ""scratch/rq1_2026_tmp/baselines/abcrown/cifar100_2024/00195_e608c5a53b274e2607cc_urtvt8oe/config.yaml"", ""deviations"": [""attack-off (user decision D20): all attack/falsification stages disabled, see config.attack.overrides"", ""float32: general.double_fp=false; solver.use_float64_in_last_iteration=false; stable_f32 interpreter""], ""mapping"": ""exact"", ""notes"": [], ""official"": ""exp_configs/vnncomp25/cifar100.yaml"", ""official_biccos"": false, ""official_pgd_order"": ""middle"", ""variant"": ""official""}","[""attack-off (user decision D20): all attack/falsification stages disabled, see config.attack.overrides"", ""float32: general.double_fp=false; solver.use_float64_in_last_iteration=false; stable_f32 interpreter""]",,,0.0,34.0,official_attack_off_f32,"[""abcrown"",""data/vnncomp2026/cifar100_2024/1.0/onnx/CIFAR100_resnet_large.onnx"",""data/vnncomp2026/cifar100_2024/1.0/vnnlib/CIFAR100_resnet_large_prop_idx_7530_sidx_5775_eps_0.0039.vnnlib"",100.0,""official_attack_off_f32""]",
cifar100_2024,196,CIFAR100_resnet_large.onnx,CIFAR100_resnet_large_prop_idx_2306_sidx_342_eps_0.0039.vnnlib,unsat,5.218692064285278,CERTIFIED,1,100.0,5.218692064285278,8.879,4.622,13.611987063661218,0,0,,,not a FALSIFIED row,0,scratch/logs/fse2026/abcrown/cifar100_2024/00196_bc9de6fdbfa2b446fdae_qq_woedn.log,6b8bbcfac1c01da1cabd240a87e4dce1a65f5a2b,"{""attack"": {""attack_off"": true, ""hook_replacements"": {}, ""overrides"": {""attack"": {""enable_mip_attack"": false, ""input_split_check_adv"": {""enabled"": ""false""}, ""pgd_order"": ""skip""}, ""bab"": {""attack"": {""enabled"": false}, ""branching"": {""input_split"": {""update_rhs_with_attack"": false}}}}}, ""biccos_applicable"": true, ""biccos_effective"": false, ""derived_path"": ""scratch/rq1_2026_tmp/baselines/abcrown/cifar100_2024/00196_bc9de6fdbfa2b446fdae_qq_woedn/config.yaml"", ""deviations"": [""attack-off (user decision D20): all attack/falsification stages disabled, see config.attack.overrides"", ""float32: general.double_fp=false; solver.use_float64_in_last_iteration=false; stable_f32 interpreter""], ""mapping"": ""exact"", ""notes"": [], ""official"": ""exp_configs/vnncomp25/cifar100.yaml"", ""official_biccos"": false, ""official_pgd_order"": ""middle"", ""variant"": ""official""}","[""attack-off (user decision D20): all attack/falsification stages disabled, see config.attack.overrides"", ""float32: general.double_fp=false; solver.use_float64_in_last_iteration=false; stable_f32 interpreter""]",,,0.0,34.0,official_attack_off_f32,"[""abcrown"",""data/vnncomp2026/cifar100_2024/1.0/onnx/CIFAR100_resnet_large.onnx"",""data/vnncomp2026/cifar100_2024/1.0/vnnlib/CIFAR100_resnet_large_prop_idx_2306_sidx_342_eps_0.0039.vnnlib"",100.0,""official_attack_off_f32""]",
cifar100_2024,197,CIFAR100_resnet_large.onnx,CIFAR100_resnet_large_prop_idx_7008_sidx_3994_eps_0.0039.vnnlib,timeout,102.84412121772766,TIMEOUT,0,100.0,102.84412121772766,106.803,4.772,111.70193132571876,1,0,,,not a FALSIFIED row,0,scratch/logs/fse2026/abcrown/cifar100_2024/00197_e9d47a9ae24f9d8e2ebf_vt0hwj2w.log,6b8bbcfac1c01da1cabd240a87e4dce1a65f5a2b,"{""attack"": {""attack_off"": true, ""hook_replacements"": {}, ""overrides"": {""attack"": {""enable_mip_attack"": false, ""input_split_check_adv"": {""enabled"": ""false""}, ""pgd_order"": ""skip""}, ""bab"": {""attack"": {""enabled"": false}, ""branching"": {""input_split"": {""update_rhs_with_attack"": false}}}}}, ""biccos_applicable"": true, ""biccos_effective"": false, ""derived_path"": ""scratch/rq1_2026_tmp/baselines/abcrown/cifar100_2024/00197_e9d47a9ae24f9d8e2ebf_vt0hwj2w/config.yaml"", ""deviations"": [""attack-off (user decision D20): all attack/falsification stages disabled, see config.attack.overrides"", ""float32: general.double_fp=false; solver.use_float64_in_last_iteration=false; stable_f32 interpreter""], ""mapping"": ""exact"", ""notes"": [], ""official"": ""exp_configs/vnncomp25/cifar100.yaml"", ""official_biccos"": false, ""official_pgd_order"": ""middle"", ""variant"": ""official""}","[""attack-off (user decision D20): all attack/falsification stages disabled, see config.attack.overrides"", ""float32: general.double_fp=false; solver.use_float64_in_last_iteration=false; stable_f32 interpreter""]",,,4.0,34.0,official_attack_off_f32,"[""abcrown"",""data/vnncomp2026/cifar100_2024/1.0/onnx/CIFAR100_resnet_large.onnx"",""data/vnncomp2026/cifar100_2024/1.0/vnnlib/CIFAR100_resnet_large_prop_idx_7008_sidx_3994_eps_0.0039.vnnlib"",100.0,""official_attack_off_f32""]",
cifar100_2024,198,CIFAR100_resnet_large.onnx,CIFAR100_resnet_large_prop_idx_6771_sidx_1674_eps_0.0039.vnnlib,timeout,102.30901050567627,TIMEOUT,0,100.0,102.30901050567627,106.457,4.722,111.29117181710899,1,0,,,not a FALSIFIED row,0,scratch/logs/fse2026/abcrown/cifar100_2024/00198_d399fffd103ba8e43729__o2yo3yj.log,6b8bbcfac1c01da1cabd240a87e4dce1a65f5a2b,"{""attack"": {""attack_off"": true, ""hook_replacements"": {}, ""overrides"": {""attack"": {""enable_mip_attack"": false, ""input_split_check_adv"": {""enabled"": ""false""}, ""pgd_order"": ""skip""}, ""bab"": {""attack"": {""enabled"": false}, ""branching"": {""input_split"": {""update_rhs_with_attack"": false}}}}}, ""biccos_applicable"": true, ""biccos_effective"": false, ""derived_path"": ""scratch/rq1_2026_tmp/baselines/abcrown/cifar100_2024/00198_d399fffd103ba8e43729__o2yo3yj/config.yaml"", ""deviations"": [""attack-off (user decision D20): all attack/falsification stages disabled, see config.attack.overrides"", ""float32: general.double_fp=false; solver.use_float64_in_last_iteration=false; stable_f32 interpreter""], ""mapping"": ""exact"", ""notes"": [], ""official"": ""exp_configs/vnncomp25/cifar100.yaml"", ""official_biccos"": false, ""official_pgd_order"": ""middle"", ""variant"": ""official""}","[""attack-off (user decision D20): all attack/falsification stages disabled, see config.attack.overrides"", ""float32: general.double_fp=false; solver.use_float64_in_last_iteration=false; stable_f32 interpreter""]",,,0.0,34.0,official_attack_off_f32,"[""abcrown"",""data/vnncomp2026/cifar100_2024/1.0/onnx/CIFAR100_resnet_large.onnx"",""data/vnncomp2026/cifar100_2024/1.0/vnnlib/CIFAR100_resnet_large_prop_idx_6771_sidx_1674_eps_0.0039.vnnlib"",100.0,""official_attack_off_f32""]",
cifar100_2024,199,CIFAR100_resnet_large.onnx,CIFAR100_resnet_large_prop_idx_4848_sidx_7070_eps_0.0039.vnnlib,timeout,104.90597105026245,TIMEOUT,0,100.0,104.90597105026245,108.96,4.672,113.75474103912711,1,0,,,not a FALSIFIED row,0,scratch/logs/fse2026/abcrown/cifar100_2024/00199_42c9203e7688a7ff69a4_av0fiokb.log,6b8bbcfac1c01da1cabd240a87e4dce1a65f5a2b,"{""attack"": {""attack_off"": true, ""hook_replacements"": {}, ""overrides"": {""attack"": {""enable_mip_attack"": false, ""input_split_check_adv"": {""enabled"": ""false""}, ""pgd_order"": ""skip""}, ""bab"": {""attack"": {""enabled"": false}, ""branching"": {""input_split"": {""update_rhs_with_attack"": false}}}}}, ""biccos_applicable"": true, ""biccos_effective"": false, ""derived_path"": ""scratch/rq1_2026_tmp/baselines/abcrown/cifar100_2024/00199_42c9203e7688a7ff69a4_av0fiokb/config.yaml"", ""deviations"": [""attack-off (user decision D20): all attack/falsification stages disabled, see config.attack.overrides"", ""float32: general.double_fp=false; solver.use_float64_in_last_iteration=false; stable_f32 interpreter""], ""mapping"": ""exact"", ""notes"": [], ""official"": ""exp_configs/vnncomp25/cifar100.yaml"", ""official_biccos"": false, ""official_pgd_order"": ""middle"", ""variant"": ""official""}","[""attack-off (user decision D20): all attack/falsification stages disabled, see config.attack.overrides"", ""float32: general.double_fp=false; solver.use_float64_in_last_iteration=false; stable_f32 interpreter""]",,,0.0,34.0,official_attack_off_f32,"[""abcrown"",""data/vnncomp2026/cifar100_2024/1.0/onnx/CIFAR100_resnet_large.onnx"",""data/vnncomp2026/cifar100_2024/1.0/vnnlib/CIFAR100_resnet_large_prop_idx_4848_sidx_7070_eps_0.0039.vnnlib"",100.0,""official_attack_off_f32""]",
