dataset,row,onnx,vnnlib,result,time_sec,status,solved,timeout_s,verification_s,wall_s,prep_s,process_wall_s,over_timeout,witness_n,witness_valid,witness_valid_1e6,witness_note,exit_code,log_path,tool_commit,config,deviations,error_class,error_detail,gpu_util_pct_before,gpu_mem_used_mib_before,variant,key,reused_from_row
tinyimagenet_2024,0,TinyImageNet_resnet_medium.onnx,TinyImageNet_resnet_medium_prop_idx_736_sidx_8938_eps_0.0039.vnnlib,unsat,5.45154881477356,CERTIFIED,1,100.0,5.45154881477356,11.283,15.891,27.300179701298475,0,0,,,not a FALSIFIED row,0,scratch/logs/fse2026/abcrown/tinyimagenet_2024/00000_d240aee0e60638eaa09c_5oz2ny7k.log,6b8bbcfac1c01da1cabd240a87e4dce1a65f5a2b,"{""attack"": {""attack_off"": true, ""hook_replacements"": {}, ""overrides"": {""attack"": {""enable_mip_attack"": false, ""input_split_check_adv"": {""enabled"": ""false""}, ""pgd_order"": ""skip""}, ""bab"": {""attack"": {""enabled"": false}, ""branching"": {""input_split"": {""update_rhs_with_attack"": false}}}}}, ""biccos_applicable"": true, ""biccos_effective"": false, ""derived_path"": ""scratch/rq1_2026_tmp/baselines/abcrown/tinyimagenet_2024/00000_d240aee0e60638eaa09c_5oz2ny7k/config.yaml"", ""deviations"": [""attack-off (user decision D20): all attack/falsification stages disabled, see config.attack.overrides"", ""float32: general.double_fp=false; solver.use_float64_in_last_iteration=false; stable_f32 interpreter""], ""mapping"": ""exact"", ""notes"": [], ""official"": ""exp_configs/vnncomp25/tinyimagenet.yaml"", ""official_biccos"": false, ""official_pgd_order"": ""middle"", ""variant"": ""official""}","[""attack-off (user decision D20): all attack/falsification stages disabled, see config.attack.overrides"", ""float32: general.double_fp=false; solver.use_float64_in_last_iteration=false; stable_f32 interpreter""]",,,8.0,724.0,official_attack_off_f32,"[""abcrown"",""data/vnncomp2026/tinyimagenet_2024/1.0/onnx/TinyImageNet_resnet_medium.onnx"",""data/vnncomp2026/tinyimagenet_2024/1.0/vnnlib/TinyImageNet_resnet_medium_prop_idx_736_sidx_8938_eps_0.0039.vnnlib"",100.0,""official_attack_off_f32""]",
tinyimagenet_2024,1,TinyImageNet_resnet_medium.onnx,TinyImageNet_resnet_medium_prop_idx_5158_sidx_5118_eps_0.0039.vnnlib,timeout,104.43955373764038,TIMEOUT,0,100.0,104.43955373764038,108.409,7.426,115.94375495612621,1,0,,,not a FALSIFIED row,0,scratch/logs/fse2026/abcrown/tinyimagenet_2024/00001_e208698bd6ae2cf5f94d_jtjy3rmf.log,6b8bbcfac1c01da1cabd240a87e4dce1a65f5a2b,"{""attack"": {""attack_off"": true, ""hook_replacements"": {}, ""overrides"": {""attack"": {""enable_mip_attack"": false, ""input_split_check_adv"": {""enabled"": ""false""}, ""pgd_order"": ""skip""}, ""bab"": {""attack"": {""enabled"": false}, ""branching"": {""input_split"": {""update_rhs_with_attack"": false}}}}}, ""biccos_applicable"": true, ""biccos_effective"": false, ""derived_path"": ""scratch/rq1_2026_tmp/baselines/abcrown/tinyimagenet_2024/00001_e208698bd6ae2cf5f94d_jtjy3rmf/config.yaml"", ""deviations"": [""attack-off (user decision D20): all attack/falsification stages disabled, see config.attack.overrides"", ""float32: general.double_fp=false; solver.use_float64_in_last_iteration=false; stable_f32 interpreter""], ""mapping"": ""exact"", ""notes"": [], ""official"": ""exp_configs/vnncomp25/tinyimagenet.yaml"", ""official_biccos"": false, ""official_pgd_order"": ""middle"", ""variant"": ""official""}","[""attack-off (user decision D20): all attack/falsification stages disabled, see config.attack.overrides"", ""float32: general.double_fp=false; solver.use_float64_in_last_iteration=false; stable_f32 interpreter""]",,,91.0,30522.0,official_attack_off_f32,"[""abcrown"",""data/vnncomp2026/tinyimagenet_2024/1.0/onnx/TinyImageNet_resnet_medium.onnx"",""data/vnncomp2026/tinyimagenet_2024/1.0/vnnlib/TinyImageNet_resnet_medium_prop_idx_5158_sidx_5118_eps_0.0039.vnnlib"",100.0,""official_attack_off_f32""]",
tinyimagenet_2024,2,TinyImageNet_resnet_medium.onnx,TinyImageNet_resnet_medium_prop_idx_4109_sidx_3134_eps_0.0039.vnnlib,unsat,6.704959392547607,CERTIFIED,1,100.0,6.704959392547607,10.835,8.128,19.07296691648662,0,0,,,not a FALSIFIED row,0,scratch/logs/fse2026/abcrown/tinyimagenet_2024/00002_8f3523bcd3925e88165a_708qpc_t.log,6b8bbcfac1c01da1cabd240a87e4dce1a65f5a2b,"{""attack"": {""attack_off"": true, ""hook_replacements"": {}, ""overrides"": {""attack"": {""enable_mip_attack"": false, ""input_split_check_adv"": {""enabled"": ""false""}, ""pgd_order"": ""skip""}, ""bab"": {""attack"": {""enabled"": false}, ""branching"": {""input_split"": {""update_rhs_with_attack"": false}}}}}, ""biccos_applicable"": true, ""biccos_effective"": false, ""derived_path"": ""scratch/rq1_2026_tmp/baselines/abcrown/tinyimagenet_2024/00002_8f3523bcd3925e88165a_708qpc_t/config.yaml"", ""deviations"": [""attack-off (user decision D20): all attack/falsification stages disabled, see config.attack.overrides"", ""float32: general.double_fp=false; solver.use_float64_in_last_iteration=false; stable_f32 interpreter""], ""mapping"": ""exact"", ""notes"": [], ""official"": ""exp_configs/vnncomp25/tinyimagenet.yaml"", ""official_biccos"": false, ""official_pgd_order"": ""middle"", ""variant"": ""official""}","[""attack-off (user decision D20): all attack/falsification stages disabled, see config.attack.overrides"", ""float32: general.double_fp=false; solver.use_float64_in_last_iteration=false; stable_f32 interpreter""]",,,49.0,4840.0,official_attack_off_f32,"[""abcrown"",""data/vnncomp2026/tinyimagenet_2024/1.0/onnx/TinyImageNet_resnet_medium.onnx"",""data/vnncomp2026/tinyimagenet_2024/1.0/vnnlib/TinyImageNet_resnet_medium_prop_idx_4109_sidx_3134_eps_0.0039.vnnlib"",100.0,""official_attack_off_f32""]",
tinyimagenet_2024,3,TinyImageNet_resnet_medium.onnx,TinyImageNet_resnet_medium_prop_idx_4435_sidx_3452_eps_0.0039.vnnlib,unsat,57.174076080322266,CERTIFIED,1,100.0,57.174076080322266,61.337,8.278,69.72882950305939,0,0,,,not a FALSIFIED row,0,scratch/logs/fse2026/abcrown/tinyimagenet_2024/00003_9b412449b969dc00ec2e_wd8oh8ch.log,6b8bbcfac1c01da1cabd240a87e4dce1a65f5a2b,"{""attack"": {""attack_off"": true, ""hook_replacements"": {}, ""overrides"": {""attack"": {""enable_mip_attack"": false, ""input_split_check_adv"": {""enabled"": ""false""}, ""pgd_order"": ""skip""}, ""bab"": {""attack"": {""enabled"": false}, ""branching"": {""input_split"": {""update_rhs_with_attack"": false}}}}}, ""biccos_applicable"": true, ""biccos_effective"": false, ""derived_path"": ""scratch/rq1_2026_tmp/baselines/abcrown/tinyimagenet_2024/00003_9b412449b969dc00ec2e_wd8oh8ch/config.yaml"", ""deviations"": [""attack-off (user decision D20): all attack/falsification stages disabled, see config.attack.overrides"", ""float32: general.double_fp=false; solver.use_float64_in_last_iteration=false; stable_f32 interpreter""], ""mapping"": ""exact"", ""notes"": [], ""official"": ""exp_configs/vnncomp25/tinyimagenet.yaml"", ""official_biccos"": false, ""official_pgd_order"": ""middle"", ""variant"": ""official""}","[""attack-off (user decision D20): all attack/falsification stages disabled, see config.attack.overrides"", ""float32: general.double_fp=false; solver.use_float64_in_last_iteration=false; stable_f32 interpreter""]",,,0.0,724.0,official_attack_off_f32,"[""abcrown"",""data/vnncomp2026/tinyimagenet_2024/1.0/onnx/TinyImageNet_resnet_medium.onnx"",""data/vnncomp2026/tinyimagenet_2024/1.0/vnnlib/TinyImageNet_resnet_medium_prop_idx_4435_sidx_3452_eps_0.0039.vnnlib"",100.0,""official_attack_off_f32""]",
tinyimagenet_2024,4,TinyImageNet_resnet_medium.onnx,TinyImageNet_resnet_medium_prop_idx_2448_sidx_6943_eps_0.0039.vnnlib,unsat,9.739958763122559,CERTIFIED,1,100.0,9.739958763122559,13.736,7.676,21.53530309163034,0,0,,,not a FALSIFIED row,0,scratch/logs/fse2026/abcrown/tinyimagenet_2024/00004_4e4c66b85ae5a291d908_nkck2i5g.log,6b8bbcfac1c01da1cabd240a87e4dce1a65f5a2b,"{""attack"": {""attack_off"": true, ""hook_replacements"": {}, ""overrides"": {""attack"": {""enable_mip_attack"": false, ""input_split_check_adv"": {""enabled"": ""false""}, ""pgd_order"": ""skip""}, ""bab"": {""attack"": {""enabled"": false}, ""branching"": {""input_split"": {""update_rhs_with_attack"": false}}}}}, ""biccos_applicable"": true, ""biccos_effective"": false, ""derived_path"": ""scratch/rq1_2026_tmp/baselines/abcrown/tinyimagenet_2024/00004_4e4c66b85ae5a291d908_nkck2i5g/config.yaml"", ""deviations"": [""attack-off (user decision D20): all attack/falsification stages disabled, see config.attack.overrides"", ""float32: general.double_fp=false; solver.use_float64_in_last_iteration=false; stable_f32 interpreter""], ""mapping"": ""exact"", ""notes"": [], ""official"": ""exp_configs/vnncomp25/tinyimagenet.yaml"", ""official_biccos"": false, ""official_pgd_order"": ""middle"", ""variant"": ""official""}","[""attack-off (user decision D20): all attack/falsification stages disabled, see config.attack.overrides"", ""float32: general.double_fp=false; solver.use_float64_in_last_iteration=false; stable_f32 interpreter""]",,,3.0,34.0,official_attack_off_f32,"[""abcrown"",""data/vnncomp2026/tinyimagenet_2024/1.0/onnx/TinyImageNet_resnet_medium.onnx"",""data/vnncomp2026/tinyimagenet_2024/1.0/vnnlib/TinyImageNet_resnet_medium_prop_idx_2448_sidx_6943_eps_0.0039.vnnlib"",100.0,""official_attack_off_f32""]",
tinyimagenet_2024,5,TinyImageNet_resnet_medium.onnx,TinyImageNet_resnet_medium_prop_idx_4409_sidx_8244_eps_0.0039.vnnlib,unsat,5.967736482620239,CERTIFIED,1,100.0,5.967736482620239,10.234,7.726,18.083749992772937,0,0,,,not a FALSIFIED row,0,scratch/logs/fse2026/abcrown/tinyimagenet_2024/00005_f2f8bca00f28997b975d_05ffxrpv.log,6b8bbcfac1c01da1cabd240a87e4dce1a65f5a2b,"{""attack"": {""attack_off"": true, ""hook_replacements"": {}, ""overrides"": {""attack"": {""enable_mip_attack"": false, ""input_split_check_adv"": {""enabled"": ""false""}, ""pgd_order"": ""skip""}, ""bab"": {""attack"": {""enabled"": false}, ""branching"": {""input_split"": {""update_rhs_with_attack"": false}}}}}, ""biccos_applicable"": true, ""biccos_effective"": false, ""derived_path"": ""scratch/rq1_2026_tmp/baselines/abcrown/tinyimagenet_2024/00005_f2f8bca00f28997b975d_05ffxrpv/config.yaml"", ""deviations"": [""attack-off (user decision D20): all attack/falsification stages disabled, see config.attack.overrides"", ""float32: general.double_fp=false; solver.use_float64_in_last_iteration=false; stable_f32 interpreter""], ""mapping"": ""exact"", ""notes"": [], ""official"": ""exp_configs/vnncomp25/tinyimagenet.yaml"", ""official_biccos"": false, ""official_pgd_order"": ""middle"", ""variant"": ""official""}","[""attack-off (user decision D20): all attack/falsification stages disabled, see config.attack.overrides"", ""float32: general.double_fp=false; solver.use_float64_in_last_iteration=false; stable_f32 interpreter""]",,,0.0,34.0,official_attack_off_f32,"[""abcrown"",""data/vnncomp2026/tinyimagenet_2024/1.0/onnx/TinyImageNet_resnet_medium.onnx"",""data/vnncomp2026/tinyimagenet_2024/1.0/vnnlib/TinyImageNet_resnet_medium_prop_idx_4409_sidx_8244_eps_0.0039.vnnlib"",100.0,""official_attack_off_f32""]",
tinyimagenet_2024,6,TinyImageNet_resnet_medium.onnx,TinyImageNet_resnet_medium_prop_idx_6958_sidx_1414_eps_0.0039.vnnlib,unsat,5.903129816055298,CERTIFIED,1,100.0,5.903129816055298,9.631,7.377,17.122649431228638,0,0,,,not a FALSIFIED row,0,scratch/logs/fse2026/abcrown/tinyimagenet_2024/00006_3431548358961848467d_zsab3r1e.log,6b8bbcfac1c01da1cabd240a87e4dce1a65f5a2b,"{""attack"": {""attack_off"": true, ""hook_replacements"": {}, ""overrides"": {""attack"": {""enable_mip_attack"": false, ""input_split_check_adv"": {""enabled"": ""false""}, ""pgd_order"": ""skip""}, ""bab"": {""attack"": {""enabled"": false}, ""branching"": {""input_split"": {""update_rhs_with_attack"": false}}}}}, ""biccos_applicable"": true, ""biccos_effective"": false, ""derived_path"": ""scratch/rq1_2026_tmp/baselines/abcrown/tinyimagenet_2024/00006_3431548358961848467d_zsab3r1e/config.yaml"", ""deviations"": [""attack-off (user decision D20): all attack/falsification stages disabled, see config.attack.overrides"", ""float32: general.double_fp=false; solver.use_float64_in_last_iteration=false; stable_f32 interpreter""], ""mapping"": ""exact"", ""notes"": [], ""official"": ""exp_configs/vnncomp25/tinyimagenet.yaml"", ""official_biccos"": false, ""official_pgd_order"": ""middle"", ""variant"": ""official""}","[""attack-off (user decision D20): all attack/falsification stages disabled, see config.attack.overrides"", ""float32: general.double_fp=false; solver.use_float64_in_last_iteration=false; stable_f32 interpreter""]",,,0.0,34.0,official_attack_off_f32,"[""abcrown"",""data/vnncomp2026/tinyimagenet_2024/1.0/onnx/TinyImageNet_resnet_medium.onnx"",""data/vnncomp2026/tinyimagenet_2024/1.0/vnnlib/TinyImageNet_resnet_medium_prop_idx_6958_sidx_1414_eps_0.0039.vnnlib"",100.0,""official_attack_off_f32""]",
tinyimagenet_2024,7,TinyImageNet_resnet_medium.onnx,TinyImageNet_resnet_medium_prop_idx_253_sidx_4834_eps_0.0039.vnnlib,timeout,101.61678647994995,TIMEOUT,0,100.0,101.61678647994995,106.156,7.777,114.06317844614387,1,0,,,not a FALSIFIED row,0,scratch/logs/fse2026/abcrown/tinyimagenet_2024/00007_7d53c98716904981dd6f_56q53u9s.log,6b8bbcfac1c01da1cabd240a87e4dce1a65f5a2b,"{""attack"": {""attack_off"": true, ""hook_replacements"": {}, ""overrides"": {""attack"": {""enable_mip_attack"": false, ""input_split_check_adv"": {""enabled"": ""false""}, ""pgd_order"": ""skip""}, ""bab"": {""attack"": {""enabled"": false}, ""branching"": {""input_split"": {""update_rhs_with_attack"": false}}}}}, ""biccos_applicable"": true, ""biccos_effective"": false, ""derived_path"": ""scratch/rq1_2026_tmp/baselines/abcrown/tinyimagenet_2024/00007_7d53c98716904981dd6f_56q53u9s/config.yaml"", ""deviations"": [""attack-off (user decision D20): all attack/falsification stages disabled, see config.attack.overrides"", ""float32: general.double_fp=false; solver.use_float64_in_last_iteration=false; stable_f32 interpreter""], ""mapping"": ""exact"", ""notes"": [], ""official"": ""exp_configs/vnncomp25/tinyimagenet.yaml"", ""official_biccos"": false, ""official_pgd_order"": ""middle"", ""variant"": ""official""}","[""attack-off (user decision D20): all attack/falsification stages disabled, see config.attack.overrides"", ""float32: general.double_fp=false; solver.use_float64_in_last_iteration=false; stable_f32 interpreter""]",,,0.0,34.0,official_attack_off_f32,"[""abcrown"",""data/vnncomp2026/tinyimagenet_2024/1.0/onnx/TinyImageNet_resnet_medium.onnx"",""data/vnncomp2026/tinyimagenet_2024/1.0/vnnlib/TinyImageNet_resnet_medium_prop_idx_253_sidx_4834_eps_0.0039.vnnlib"",100.0,""official_attack_off_f32""]",
tinyimagenet_2024,8,TinyImageNet_resnet_medium.onnx,TinyImageNet_resnet_medium_prop_idx_4438_sidx_6486_eps_0.0039.vnnlib,unsat,2.6161720752716064,CERTIFIED,1,100.0,2.6161720752716064,6.676,7.728,14.520155550912023,0,0,,,not a FALSIFIED row,0,scratch/logs/fse2026/abcrown/tinyimagenet_2024/00008_21eae09115aa0eaf0d7f_262vlkig.log,6b8bbcfac1c01da1cabd240a87e4dce1a65f5a2b,"{""attack"": {""attack_off"": true, ""hook_replacements"": {}, ""overrides"": {""attack"": {""enable_mip_attack"": false, ""input_split_check_adv"": {""enabled"": ""false""}, ""pgd_order"": ""skip""}, ""bab"": {""attack"": {""enabled"": false}, ""branching"": {""input_split"": {""update_rhs_with_attack"": false}}}}}, ""biccos_applicable"": true, ""biccos_effective"": false, ""derived_path"": ""scratch/rq1_2026_tmp/baselines/abcrown/tinyimagenet_2024/00008_21eae09115aa0eaf0d7f_262vlkig/config.yaml"", ""deviations"": [""attack-off (user decision D20): all attack/falsification stages disabled, see config.attack.overrides"", ""float32: general.double_fp=false; solver.use_float64_in_last_iteration=false; stable_f32 interpreter""], ""mapping"": ""exact"", ""notes"": [], ""official"": ""exp_configs/vnncomp25/tinyimagenet.yaml"", ""official_biccos"": false, ""official_pgd_order"": ""middle"", ""variant"": ""official""}","[""attack-off (user decision D20): all attack/falsification stages disabled, see config.attack.overrides"", ""float32: general.double_fp=false; solver.use_float64_in_last_iteration=false; stable_f32 interpreter""]",,,96.0,26812.0,official_attack_off_f32,"[""abcrown"",""data/vnncomp2026/tinyimagenet_2024/1.0/onnx/TinyImageNet_resnet_medium.onnx"",""data/vnncomp2026/tinyimagenet_2024/1.0/vnnlib/TinyImageNet_resnet_medium_prop_idx_4438_sidx_6486_eps_0.0039.vnnlib"",100.0,""official_attack_off_f32""]",
tinyimagenet_2024,9,TinyImageNet_resnet_medium.onnx,TinyImageNet_resnet_medium_prop_idx_8472_sidx_7499_eps_0.0039.vnnlib,unsat,6.9254066944122314,CERTIFIED,1,100.0,6.9254066944122314,10.882,7.526,18.524490874260664,0,0,,,not a FALSIFIED row,0,scratch/logs/fse2026/abcrown/tinyimagenet_2024/00009_80ac174998c05d4b54f4_4kkl0104.log,6b8bbcfac1c01da1cabd240a87e4dce1a65f5a2b,"{""attack"": {""attack_off"": true, ""hook_replacements"": {}, ""overrides"": {""attack"": {""enable_mip_attack"": false, ""input_split_check_adv"": {""enabled"": ""false""}, ""pgd_order"": ""skip""}, ""bab"": {""attack"": {""enabled"": false}, ""branching"": {""input_split"": {""update_rhs_with_attack"": false}}}}}, ""biccos_applicable"": true, ""biccos_effective"": false, ""derived_path"": ""scratch/rq1_2026_tmp/baselines/abcrown/tinyimagenet_2024/00009_80ac174998c05d4b54f4_4kkl0104/config.yaml"", ""deviations"": [""attack-off (user decision D20): all attack/falsification stages disabled, see config.attack.overrides"", ""float32: general.double_fp=false; solver.use_float64_in_last_iteration=false; stable_f32 interpreter""], ""mapping"": ""exact"", ""notes"": [], ""official"": ""exp_configs/vnncomp25/tinyimagenet.yaml"", ""official_biccos"": false, ""official_pgd_order"": ""middle"", ""variant"": ""official""}","[""attack-off (user decision D20): all attack/falsification stages disabled, see config.attack.overrides"", ""float32: general.double_fp=false; solver.use_float64_in_last_iteration=false; stable_f32 interpreter""]",,,99.0,4212.0,official_attack_off_f32,"[""abcrown"",""data/vnncomp2026/tinyimagenet_2024/1.0/onnx/TinyImageNet_resnet_medium.onnx"",""data/vnncomp2026/tinyimagenet_2024/1.0/vnnlib/TinyImageNet_resnet_medium_prop_idx_8472_sidx_7499_eps_0.0039.vnnlib"",100.0,""official_attack_off_f32""]",
tinyimagenet_2024,10,TinyImageNet_resnet_medium.onnx,TinyImageNet_resnet_medium_prop_idx_1637_sidx_1879_eps_0.0039.vnnlib,unsat,21.29695963859558,CERTIFIED,1,100.0,21.29695963859558,25.616,7.779,33.50228300690651,0,0,,,not a FALSIFIED row,0,scratch/logs/fse2026/abcrown/tinyimagenet_2024/00010_6d797f71748b91d784ae_o1h_wswz.log,6b8bbcfac1c01da1cabd240a87e4dce1a65f5a2b,"{""attack"": {""attack_off"": true, ""hook_replacements"": {}, ""overrides"": {""attack"": {""enable_mip_attack"": false, ""input_split_check_adv"": {""enabled"": ""false""}, ""pgd_order"": ""skip""}, ""bab"": {""attack"": {""enabled"": false}, ""branching"": {""input_split"": {""update_rhs_with_attack"": false}}}}}, ""biccos_applicable"": true, ""biccos_effective"": false, ""derived_path"": ""scratch/rq1_2026_tmp/baselines/abcrown/tinyimagenet_2024/00010_6d797f71748b91d784ae_o1h_wswz/config.yaml"", ""deviations"": [""attack-off (user decision D20): all attack/falsification stages disabled, see config.attack.overrides"", ""float32: general.double_fp=false; solver.use_float64_in_last_iteration=false; stable_f32 interpreter""], ""mapping"": ""exact"", ""notes"": [], ""official"": ""exp_configs/vnncomp25/tinyimagenet.yaml"", ""official_biccos"": false, ""official_pgd_order"": ""middle"", ""variant"": ""official""}","[""attack-off (user decision D20): all attack/falsification stages disabled, see config.attack.overrides"", ""float32: general.double_fp=false; solver.use_float64_in_last_iteration=false; stable_f32 interpreter""]",,,80.0,62207.0,official_attack_off_f32,"[""abcrown"",""data/vnncomp2026/tinyimagenet_2024/1.0/onnx/TinyImageNet_resnet_medium.onnx"",""data/vnncomp2026/tinyimagenet_2024/1.0/vnnlib/TinyImageNet_resnet_medium_prop_idx_1637_sidx_1879_eps_0.0039.vnnlib"",100.0,""official_attack_off_f32""]",
tinyimagenet_2024,11,TinyImageNet_resnet_medium.onnx,TinyImageNet_resnet_medium_prop_idx_4668_sidx_7285_eps_0.0039.vnnlib,unsat,5.448291063308716,CERTIFIED,1,100.0,5.448291063308716,9.23,7.377,16.712398851290345,0,0,,,not a FALSIFIED row,0,scratch/logs/fse2026/abcrown/tinyimagenet_2024/00011_cc6cca5ea1bd21ddeb71_8gzkci3p.log,6b8bbcfac1c01da1cabd240a87e4dce1a65f5a2b,"{""attack"": {""attack_off"": true, ""hook_replacements"": {}, ""overrides"": {""attack"": {""enable_mip_attack"": false, ""input_split_check_adv"": {""enabled"": ""false""}, ""pgd_order"": ""skip""}, ""bab"": {""attack"": {""enabled"": false}, ""branching"": {""input_split"": {""update_rhs_with_attack"": false}}}}}, ""biccos_applicable"": true, ""biccos_effective"": false, ""derived_path"": ""scratch/rq1_2026_tmp/baselines/abcrown/tinyimagenet_2024/00011_cc6cca5ea1bd21ddeb71_8gzkci3p/config.yaml"", ""deviations"": [""attack-off (user decision D20): all attack/falsification stages disabled, see config.attack.overrides"", ""float32: general.double_fp=false; solver.use_float64_in_last_iteration=false; stable_f32 interpreter""], ""mapping"": ""exact"", ""notes"": [], ""official"": ""exp_configs/vnncomp25/tinyimagenet.yaml"", ""official_biccos"": false, ""official_pgd_order"": ""middle"", ""variant"": ""official""}","[""attack-off (user decision D20): all attack/falsification stages disabled, see config.attack.overrides"", ""float32: general.double_fp=false; solver.use_float64_in_last_iteration=false; stable_f32 interpreter""]",,,21.0,3958.0,official_attack_off_f32,"[""abcrown"",""data/vnncomp2026/tinyimagenet_2024/1.0/onnx/TinyImageNet_resnet_medium.onnx"",""data/vnncomp2026/tinyimagenet_2024/1.0/vnnlib/TinyImageNet_resnet_medium_prop_idx_4668_sidx_7285_eps_0.0039.vnnlib"",100.0,""official_attack_off_f32""]",
tinyimagenet_2024,12,TinyImageNet_resnet_medium.onnx,TinyImageNet_resnet_medium_prop_idx_5676_sidx_9851_eps_0.0039.vnnlib,unsat,2.99796724319458,CERTIFIED,1,100.0,2.99796724319458,7.227,7.979,15.320431012660265,0,0,,,not a FALSIFIED row,0,scratch/logs/fse2026/abcrown/tinyimagenet_2024/00012_7b1ebfb1b8b34626c3bb_1or25ts0.log,6b8bbcfac1c01da1cabd240a87e4dce1a65f5a2b,"{""attack"": {""attack_off"": true, ""hook_replacements"": {}, ""overrides"": {""attack"": {""enable_mip_attack"": false, ""input_split_check_adv"": {""enabled"": ""false""}, ""pgd_order"": ""skip""}, ""bab"": {""attack"": {""enabled"": false}, ""branching"": {""input_split"": {""update_rhs_with_attack"": false}}}}}, ""biccos_applicable"": true, ""biccos_effective"": false, ""derived_path"": ""scratch/rq1_2026_tmp/baselines/abcrown/tinyimagenet_2024/00012_7b1ebfb1b8b34626c3bb_1or25ts0/config.yaml"", ""deviations"": [""attack-off (user decision D20): all attack/falsification stages disabled, see config.attack.overrides"", ""float32: general.double_fp=false; solver.use_float64_in_last_iteration=false; stable_f32 interpreter""], ""mapping"": ""exact"", ""notes"": [], ""official"": ""exp_configs/vnncomp25/tinyimagenet.yaml"", ""official_biccos"": false, ""official_pgd_order"": ""middle"", ""variant"": ""official""}","[""attack-off (user decision D20): all attack/falsification stages disabled, see config.attack.overrides"", ""float32: general.double_fp=false; solver.use_float64_in_last_iteration=false; stable_f32 interpreter""]",,,100.0,67550.0,official_attack_off_f32,"[""abcrown"",""data/vnncomp2026/tinyimagenet_2024/1.0/onnx/TinyImageNet_resnet_medium.onnx"",""data/vnncomp2026/tinyimagenet_2024/1.0/vnnlib/TinyImageNet_resnet_medium_prop_idx_5676_sidx_9851_eps_0.0039.vnnlib"",100.0,""official_attack_off_f32""]",
tinyimagenet_2024,13,TinyImageNet_resnet_medium.onnx,TinyImageNet_resnet_medium_prop_idx_1058_sidx_5209_eps_0.0039.vnnlib,unsat,8.319870471954346,CERTIFIED,1,100.0,8.319870471954346,12.286,7.277,19.676698688417673,0,0,,,not a FALSIFIED row,0,scratch/logs/fse2026/abcrown/tinyimagenet_2024/00013_16432e2fb8ea240dfeeb_mr3fpijj.log,6b8bbcfac1c01da1cabd240a87e4dce1a65f5a2b,"{""attack"": {""attack_off"": true, ""hook_replacements"": {}, ""overrides"": {""attack"": {""enable_mip_attack"": false, ""input_split_check_adv"": {""enabled"": ""false""}, ""pgd_order"": ""skip""}, ""bab"": {""attack"": {""enabled"": false}, ""branching"": {""input_split"": {""update_rhs_with_attack"": false}}}}}, ""biccos_applicable"": true, ""biccos_effective"": false, ""derived_path"": ""scratch/rq1_2026_tmp/baselines/abcrown/tinyimagenet_2024/00013_16432e2fb8ea240dfeeb_mr3fpijj/config.yaml"", ""deviations"": [""attack-off (user decision D20): all attack/falsification stages disabled, see config.attack.overrides"", ""float32: general.double_fp=false; solver.use_float64_in_last_iteration=false; stable_f32 interpreter""], ""mapping"": ""exact"", ""notes"": [], ""official"": ""exp_configs/vnncomp25/tinyimagenet.yaml"", ""official_biccos"": false, ""official_pgd_order"": ""middle"", ""variant"": ""official""}","[""attack-off (user decision D20): all attack/falsification stages disabled, see config.attack.overrides"", ""float32: general.double_fp=false; solver.use_float64_in_last_iteration=false; stable_f32 interpreter""]",,,34.0,4040.0,official_attack_off_f32,"[""abcrown"",""data/vnncomp2026/tinyimagenet_2024/1.0/onnx/TinyImageNet_resnet_medium.onnx"",""data/vnncomp2026/tinyimagenet_2024/1.0/vnnlib/TinyImageNet_resnet_medium_prop_idx_1058_sidx_5209_eps_0.0039.vnnlib"",100.0,""official_attack_off_f32""]",
tinyimagenet_2024,14,TinyImageNet_resnet_medium.onnx,TinyImageNet_resnet_medium_prop_idx_6868_sidx_5814_eps_0.0039.vnnlib,memout,,ERROR,0,100.0,,27.374,7.927,35.407747223973274,0,0,,,not a FALSIFIED row,-6,scratch/logs/fse2026/abcrown/tinyimagenet_2024/00014_150d763eeea964eebda3_fuci050f.log,6b8bbcfac1c01da1cabd240a87e4dce1a65f5a2b,"{""attack"": {""attack_off"": true, ""hook_replacements"": {}, ""overrides"": {""attack"": {""enable_mip_attack"": false, ""input_split_check_adv"": {""enabled"": ""false""}, ""pgd_order"": ""skip""}, ""bab"": {""attack"": {""enabled"": false}, ""branching"": {""input_split"": {""update_rhs_with_attack"": false}}}}}, ""biccos_applicable"": true, ""biccos_effective"": false, ""derived_path"": ""scratch/rq1_2026_tmp/baselines/abcrown/tinyimagenet_2024/00014_150d763eeea964eebda3_fuci050f/config.yaml"", ""deviations"": [""attack-off (user decision D20): all attack/falsification stages disabled, see config.attack.overrides"", ""float32: general.double_fp=false; solver.use_float64_in_last_iteration=false; stable_f32 interpreter""], ""mapping"": ""exact"", ""notes"": [], ""official"": ""exp_configs/vnncomp25/tinyimagenet.yaml"", ""official_biccos"": false, ""official_pgd_order"": ""middle"", ""variant"": ""official""}","[""attack-off (user decision D20): all attack/falsification stages disabled, see config.attack.overrides"", ""float32: general.double_fp=false; solver.use_float64_in_last_iteration=false; stable_f32 interpreter"", ""official CROWN crash retry; missing first-attempt tool clock means unscored (accounted wall+retry time retained separately)""]",memout,"RuntimeError: The following operation failed in the TorchScript interpreter.
RuntimeError: CUDA out of memory. Tried to allocate 12.00 MiB. GPU 0 has a total capacity of 94.95 GiB of which 11.50 MiB is free. Process 2128567 has 11.21 GiB memory in use. Process 1727351 has 80.54 GiB memory in use. Process 1745686 has 760.00 MiB memory in use. Including non-PyTorch memory, this process has 2.37 GiB memory in use. Of the allocated memory 1.67 GiB is allocated by PyTorch, and 44.49 MiB is reserved by PyTorch but unallocated. If reserved but unallocated memory is large try setting PYTORCH_CUDA_ALLOC_CONF=expandable_segments:True to avoid fragmentation.  See documentation for Memory Management  (https://pytorch.org/docs/stable/notes/cuda.html#environment-variables)
torch.AcceleratorError: CUDA error: unspecified launch failure
CUDA kernel errors might be asynchronously reported at some other API call, so the stacktrace below might be incorrect.
terminate called after throwing an instance of 'c10::Error'
what():  CUDA driver error: unspecified launch failure
Exception raised from ~FusedKernelCUDA at /pytorch/torch/csrc/jit/codegen/fuser/cuda/fused_kernel.cpp:242 (most recent call first):
frame #0: c10::Error::Error(c10::SourceLocation, std::__cxx11::basic_string<char, std::char_traits<char>, std::allocator<char> >) + 0x80 (0x706c2e8d9eb0 in ~/miniconda3/envs/abcrown_stable/lib/python3.11/site-packages/torch/lib/libc10.so)",89.0,94781.0,official_attack_off_f32,"[""abcrown"",""data/vnncomp2026/tinyimagenet_2024/1.0/onnx/TinyImageNet_resnet_medium.onnx"",""data/vnncomp2026/tinyimagenet_2024/1.0/vnnlib/TinyImageNet_resnet_medium_prop_idx_6868_sidx_5814_eps_0.0039.vnnlib"",100.0,""official_attack_off_f32""]",
tinyimagenet_2024,15,TinyImageNet_resnet_medium.onnx,TinyImageNet_resnet_medium_prop_idx_3082_sidx_2546_eps_0.0039.vnnlib,unsat,4.637972831726074,CERTIFIED,1,100.0,4.637972831726074,8.327,7.627,16.07008022814989,0,0,,,not a FALSIFIED row,0,scratch/logs/fse2026/abcrown/tinyimagenet_2024/00015_7a08d67df5df2057cf18_c789tbgu.log,6b8bbcfac1c01da1cabd240a87e4dce1a65f5a2b,"{""attack"": {""attack_off"": true, ""hook_replacements"": {}, ""overrides"": {""attack"": {""enable_mip_attack"": false, ""input_split_check_adv"": {""enabled"": ""false""}, ""pgd_order"": ""skip""}, ""bab"": {""attack"": {""enabled"": false}, ""branching"": {""input_split"": {""update_rhs_with_attack"": false}}}}}, ""biccos_applicable"": true, ""biccos_effective"": false, ""derived_path"": ""scratch/rq1_2026_tmp/baselines/abcrown/tinyimagenet_2024/00015_7a08d67df5df2057cf18_c789tbgu/config.yaml"", ""deviations"": [""attack-off (user decision D20): all attack/falsification stages disabled, see config.attack.overrides"", ""float32: general.double_fp=false; solver.use_float64_in_last_iteration=false; stable_f32 interpreter""], ""mapping"": ""exact"", ""notes"": [], ""official"": ""exp_configs/vnncomp25/tinyimagenet.yaml"", ""official_biccos"": false, ""official_pgd_order"": ""middle"", ""variant"": ""official""}","[""attack-off (user decision D20): all attack/falsification stages disabled, see config.attack.overrides"", ""float32: general.double_fp=false; solver.use_float64_in_last_iteration=false; stable_f32 interpreter""]",,,0.0,3444.0,official_attack_off_f32,"[""abcrown"",""data/vnncomp2026/tinyimagenet_2024/1.0/onnx/TinyImageNet_resnet_medium.onnx"",""data/vnncomp2026/tinyimagenet_2024/1.0/vnnlib/TinyImageNet_resnet_medium_prop_idx_3082_sidx_2546_eps_0.0039.vnnlib"",100.0,""official_attack_off_f32""]",
tinyimagenet_2024,16,TinyImageNet_resnet_medium.onnx,TinyImageNet_resnet_medium_prop_idx_6077_sidx_9485_eps_0.0039.vnnlib,unsat,9.930636405944824,CERTIFIED,1,100.0,9.930636405944824,14.238,8.078,22.436265140771866,0,0,,,not a FALSIFIED row,0,scratch/logs/fse2026/abcrown/tinyimagenet_2024/00016_af22a7a2b7ce898103cc_oxxq7clm.log,6b8bbcfac1c01da1cabd240a87e4dce1a65f5a2b,"{""attack"": {""attack_off"": true, ""hook_replacements"": {}, ""overrides"": {""attack"": {""enable_mip_attack"": false, ""input_split_check_adv"": {""enabled"": ""false""}, ""pgd_order"": ""skip""}, ""bab"": {""attack"": {""enabled"": false}, ""branching"": {""input_split"": {""update_rhs_with_attack"": false}}}}}, ""biccos_applicable"": true, ""biccos_effective"": false, ""derived_path"": ""scratch/rq1_2026_tmp/baselines/abcrown/tinyimagenet_2024/00016_af22a7a2b7ce898103cc_oxxq7clm/config.yaml"", ""deviations"": [""attack-off (user decision D20): all attack/falsification stages disabled, see config.attack.overrides"", ""float32: general.double_fp=false; solver.use_float64_in_last_iteration=false; stable_f32 interpreter""], ""mapping"": ""exact"", ""notes"": [], ""official"": ""exp_configs/vnncomp25/tinyimagenet.yaml"", ""official_biccos"": false, ""official_pgd_order"": ""middle"", ""variant"": ""official""}","[""attack-off (user decision D20): all attack/falsification stages disabled, see config.attack.overrides"", ""float32: general.double_fp=false; solver.use_float64_in_last_iteration=false; stable_f32 interpreter""]",,,85.0,9862.0,official_attack_off_f32,"[""abcrown"",""data/vnncomp2026/tinyimagenet_2024/1.0/onnx/TinyImageNet_resnet_medium.onnx"",""data/vnncomp2026/tinyimagenet_2024/1.0/vnnlib/TinyImageNet_resnet_medium_prop_idx_6077_sidx_9485_eps_0.0039.vnnlib"",100.0,""official_attack_off_f32""]",
tinyimagenet_2024,17,TinyImageNet_resnet_medium.onnx,TinyImageNet_resnet_medium_prop_idx_6623_sidx_4316_eps_0.0039.vnnlib,unsat,35.25450372695923,CERTIFIED,1,100.0,35.25450372695923,39.293,8.278,47.69568580761552,0,0,,,not a FALSIFIED row,0,scratch/logs/fse2026/abcrown/tinyimagenet_2024/00017_1a2dc26c61d16f7acbfe_15mz_bll.log,6b8bbcfac1c01da1cabd240a87e4dce1a65f5a2b,"{""attack"": {""attack_off"": true, ""hook_replacements"": {}, ""overrides"": {""attack"": {""enable_mip_attack"": false, ""input_split_check_adv"": {""enabled"": ""false""}, ""pgd_order"": ""skip""}, ""bab"": {""attack"": {""enabled"": false}, ""branching"": {""input_split"": {""update_rhs_with_attack"": false}}}}}, ""biccos_applicable"": true, ""biccos_effective"": false, ""derived_path"": ""scratch/rq1_2026_tmp/baselines/abcrown/tinyimagenet_2024/00017_1a2dc26c61d16f7acbfe_15mz_bll/config.yaml"", ""deviations"": [""attack-off (user decision D20): all attack/falsification stages disabled, see config.attack.overrides"", ""float32: general.double_fp=false; solver.use_float64_in_last_iteration=false; stable_f32 interpreter""], ""mapping"": ""exact"", ""notes"": [], ""official"": ""exp_configs/vnncomp25/tinyimagenet.yaml"", ""official_biccos"": false, ""official_pgd_order"": ""middle"", ""variant"": ""official""}","[""attack-off (user decision D20): all attack/falsification stages disabled, see config.attack.overrides"", ""float32: general.double_fp=false; solver.use_float64_in_last_iteration=false; stable_f32 interpreter""]",,,0.0,37.0,official_attack_off_f32,"[""abcrown"",""data/vnncomp2026/tinyimagenet_2024/1.0/onnx/TinyImageNet_resnet_medium.onnx"",""data/vnncomp2026/tinyimagenet_2024/1.0/vnnlib/TinyImageNet_resnet_medium_prop_idx_6623_sidx_4316_eps_0.0039.vnnlib"",100.0,""official_attack_off_f32""]",
tinyimagenet_2024,18,TinyImageNet_resnet_medium.onnx,TinyImageNet_resnet_medium_prop_idx_2384_sidx_9868_eps_0.0039.vnnlib,timeout,105.11112809181213,TIMEOUT,0,100.0,105.11112809181213,109.503,4.326,113.95484401658177,1,0,,,not a FALSIFIED row,0,scratch/logs/fse2026/abcrown/tinyimagenet_2024/00018_a7913cd7395ee9e2cdf4_a0w1odeo.log,6b8bbcfac1c01da1cabd240a87e4dce1a65f5a2b,"{""attack"": {""attack_off"": true, ""hook_replacements"": {}, ""overrides"": {""attack"": {""enable_mip_attack"": false, ""input_split_check_adv"": {""enabled"": ""false""}, ""pgd_order"": ""skip""}, ""bab"": {""attack"": {""enabled"": false}, ""branching"": {""input_split"": {""update_rhs_with_attack"": false}}}}}, ""biccos_applicable"": true, ""biccos_effective"": false, ""derived_path"": ""scratch/rq1_2026_tmp/baselines/abcrown/tinyimagenet_2024/00018_a7913cd7395ee9e2cdf4_a0w1odeo/config.yaml"", ""deviations"": [""attack-off (user decision D20): all attack/falsification stages disabled, see config.attack.overrides"", ""float32: general.double_fp=false; solver.use_float64_in_last_iteration=false; stable_f32 interpreter""], ""mapping"": ""exact"", ""notes"": [], ""official"": ""exp_configs/vnncomp25/tinyimagenet.yaml"", ""official_biccos"": false, ""official_pgd_order"": ""middle"", ""variant"": ""official""}","[""attack-off (user decision D20): all attack/falsification stages disabled, see config.attack.overrides"", ""float32: general.double_fp=false; solver.use_float64_in_last_iteration=false; stable_f32 interpreter""]",,,0.0,34.0,official_attack_off_f32,"[""abcrown"",""data/vnncomp2026/tinyimagenet_2024/1.0/onnx/TinyImageNet_resnet_medium.onnx"",""data/vnncomp2026/tinyimagenet_2024/1.0/vnnlib/TinyImageNet_resnet_medium_prop_idx_2384_sidx_9868_eps_0.0039.vnnlib"",100.0,""official_attack_off_f32""]",
tinyimagenet_2024,19,TinyImageNet_resnet_medium.onnx,TinyImageNet_resnet_medium_prop_idx_5440_sidx_1808_eps_0.0039.vnnlib,unsat,12.457489967346191,CERTIFIED,1,100.0,12.457489967346191,16.644,8.028,24.78452750481665,0,0,,,not a FALSIFIED row,0,scratch/logs/fse2026/abcrown/tinyimagenet_2024/00019_b226674c05a5563086f1_kzd9sive.log,6b8bbcfac1c01da1cabd240a87e4dce1a65f5a2b,"{""attack"": {""attack_off"": true, ""hook_replacements"": {}, ""overrides"": {""attack"": {""enable_mip_attack"": false, ""input_split_check_adv"": {""enabled"": ""false""}, ""pgd_order"": ""skip""}, ""bab"": {""attack"": {""enabled"": false}, ""branching"": {""input_split"": {""update_rhs_with_attack"": false}}}}}, ""biccos_applicable"": true, ""biccos_effective"": false, ""derived_path"": ""scratch/rq1_2026_tmp/baselines/abcrown/tinyimagenet_2024/00019_b226674c05a5563086f1_kzd9sive/config.yaml"", ""deviations"": [""attack-off (user decision D20): all attack/falsification stages disabled, see config.attack.overrides"", ""float32: general.double_fp=false; solver.use_float64_in_last_iteration=false; stable_f32 interpreter""], ""mapping"": ""exact"", ""notes"": [], ""official"": ""exp_configs/vnncomp25/tinyimagenet.yaml"", ""official_biccos"": false, ""official_pgd_order"": ""middle"", ""variant"": ""official""}","[""attack-off (user decision D20): all attack/falsification stages disabled, see config.attack.overrides"", ""float32: general.double_fp=false; solver.use_float64_in_last_iteration=false; stable_f32 interpreter""]",,,56.0,12104.0,official_attack_off_f32,"[""abcrown"",""data/vnncomp2026/tinyimagenet_2024/1.0/onnx/TinyImageNet_resnet_medium.onnx"",""data/vnncomp2026/tinyimagenet_2024/1.0/vnnlib/TinyImageNet_resnet_medium_prop_idx_5440_sidx_1808_eps_0.0039.vnnlib"",100.0,""official_attack_off_f32""]",
tinyimagenet_2024,20,TinyImageNet_resnet_medium.onnx,TinyImageNet_resnet_medium_prop_idx_2493_sidx_4209_eps_0.0039.vnnlib,timeout,101.00374412536621,TIMEOUT,0,100.0,101.00374412536621,105.78,8.278,114.18673362769186,1,0,,,not a FALSIFIED row,0,scratch/logs/fse2026/abcrown/tinyimagenet_2024/00020_e0100fb38d1f36a239b4_k_x2qli5.log,6b8bbcfac1c01da1cabd240a87e4dce1a65f5a2b,"{""attack"": {""attack_off"": true, ""hook_replacements"": {}, ""overrides"": {""attack"": {""enable_mip_attack"": false, ""input_split_check_adv"": {""enabled"": ""false""}, ""pgd_order"": ""skip""}, ""bab"": {""attack"": {""enabled"": false}, ""branching"": {""input_split"": {""update_rhs_with_attack"": false}}}}}, ""biccos_applicable"": true, ""biccos_effective"": false, ""derived_path"": ""scratch/rq1_2026_tmp/baselines/abcrown/tinyimagenet_2024/00020_e0100fb38d1f36a239b4_k_x2qli5/config.yaml"", ""deviations"": [""attack-off (user decision D20): all attack/falsification stages disabled, see config.attack.overrides"", ""float32: general.double_fp=false; solver.use_float64_in_last_iteration=false; stable_f32 interpreter""], ""mapping"": ""exact"", ""notes"": [], ""official"": ""exp_configs/vnncomp25/tinyimagenet.yaml"", ""official_biccos"": false, ""official_pgd_order"": ""middle"", ""variant"": ""official""}","[""attack-off (user decision D20): all attack/falsification stages disabled, see config.attack.overrides"", ""float32: general.double_fp=false; solver.use_float64_in_last_iteration=false; stable_f32 interpreter""]",,,0.0,37.0,official_attack_off_f32,"[""abcrown"",""data/vnncomp2026/tinyimagenet_2024/1.0/onnx/TinyImageNet_resnet_medium.onnx"",""data/vnncomp2026/tinyimagenet_2024/1.0/vnnlib/TinyImageNet_resnet_medium_prop_idx_2493_sidx_4209_eps_0.0039.vnnlib"",100.0,""official_attack_off_f32""]",
tinyimagenet_2024,21,TinyImageNet_resnet_medium.onnx,TinyImageNet_resnet_medium_prop_idx_5941_sidx_401_eps_0.0039.vnnlib,timeout,106.04667973518372,TIMEOUT,0,100.0,106.04667973518372,110.055,7.326,117.4847865998745,1,0,,,not a FALSIFIED row,0,scratch/logs/fse2026/abcrown/tinyimagenet_2024/00021_79234141ead104a1a211_87ig2p1g.log,6b8bbcfac1c01da1cabd240a87e4dce1a65f5a2b,"{""attack"": {""attack_off"": true, ""hook_replacements"": {}, ""overrides"": {""attack"": {""enable_mip_attack"": false, ""input_split_check_adv"": {""enabled"": ""false""}, ""pgd_order"": ""skip""}, ""bab"": {""attack"": {""enabled"": false}, ""branching"": {""input_split"": {""update_rhs_with_attack"": false}}}}}, ""biccos_applicable"": true, ""biccos_effective"": false, ""derived_path"": ""scratch/rq1_2026_tmp/baselines/abcrown/tinyimagenet_2024/00021_79234141ead104a1a211_87ig2p1g/config.yaml"", ""deviations"": [""attack-off (user decision D20): all attack/falsification stages disabled, see config.attack.overrides"", ""float32: general.double_fp=false; solver.use_float64_in_last_iteration=false; stable_f32 interpreter""], ""mapping"": ""exact"", ""notes"": [], ""official"": ""exp_configs/vnncomp25/tinyimagenet.yaml"", ""official_biccos"": false, ""official_pgd_order"": ""middle"", ""variant"": ""official""}","[""attack-off (user decision D20): all attack/falsification stages disabled, see config.attack.overrides"", ""float32: general.double_fp=false; solver.use_float64_in_last_iteration=false; stable_f32 interpreter""]",,,34.0,4702.0,official_attack_off_f32,"[""abcrown"",""data/vnncomp2026/tinyimagenet_2024/1.0/onnx/TinyImageNet_resnet_medium.onnx"",""data/vnncomp2026/tinyimagenet_2024/1.0/vnnlib/TinyImageNet_resnet_medium_prop_idx_5941_sidx_401_eps_0.0039.vnnlib"",100.0,""official_attack_off_f32""]",
tinyimagenet_2024,22,TinyImageNet_resnet_medium.onnx,TinyImageNet_resnet_medium_prop_idx_2002_sidx_7461_eps_0.0039.vnnlib,unsat,7.130546808242798,CERTIFIED,1,100.0,7.130546808242798,10.983,7.426,18.523374311625957,0,0,,,not a FALSIFIED row,0,scratch/logs/fse2026/abcrown/tinyimagenet_2024/00022_e9d1c954e1af69341bc7__qff3mih.log,6b8bbcfac1c01da1cabd240a87e4dce1a65f5a2b,"{""attack"": {""attack_off"": true, ""hook_replacements"": {}, ""overrides"": {""attack"": {""enable_mip_attack"": false, ""input_split_check_adv"": {""enabled"": ""false""}, ""pgd_order"": ""skip""}, ""bab"": {""attack"": {""enabled"": false}, ""branching"": {""input_split"": {""update_rhs_with_attack"": false}}}}}, ""biccos_applicable"": true, ""biccos_effective"": false, ""derived_path"": ""scratch/rq1_2026_tmp/baselines/abcrown/tinyimagenet_2024/00022_e9d1c954e1af69341bc7__qff3mih/config.yaml"", ""deviations"": [""attack-off (user decision D20): all attack/falsification stages disabled, see config.attack.overrides"", ""float32: general.double_fp=false; solver.use_float64_in_last_iteration=false; stable_f32 interpreter""], ""mapping"": ""exact"", ""notes"": [], ""official"": ""exp_configs/vnncomp25/tinyimagenet.yaml"", ""official_biccos"": false, ""official_pgd_order"": ""middle"", ""variant"": ""official""}","[""attack-off (user decision D20): all attack/falsification stages disabled, see config.attack.overrides"", ""float32: general.double_fp=false; solver.use_float64_in_last_iteration=false; stable_f32 interpreter""]",,,44.0,5096.0,official_attack_off_f32,"[""abcrown"",""data/vnncomp2026/tinyimagenet_2024/1.0/onnx/TinyImageNet_resnet_medium.onnx"",""data/vnncomp2026/tinyimagenet_2024/1.0/vnnlib/TinyImageNet_resnet_medium_prop_idx_2002_sidx_7461_eps_0.0039.vnnlib"",100.0,""official_attack_off_f32""]",
tinyimagenet_2024,23,TinyImageNet_resnet_medium.onnx,TinyImageNet_resnet_medium_prop_idx_9945_sidx_2117_eps_0.0039.vnnlib,unsat,3.59309720993042,CERTIFIED,1,100.0,3.59309720993042,7.277,7.577,14.970481419935822,0,0,,,not a FALSIFIED row,0,scratch/logs/fse2026/abcrown/tinyimagenet_2024/00023_c6b3d38237f48152ffe6_1f9jmq0r.log,6b8bbcfac1c01da1cabd240a87e4dce1a65f5a2b,"{""attack"": {""attack_off"": true, ""hook_replacements"": {}, ""overrides"": {""attack"": {""enable_mip_attack"": false, ""input_split_check_adv"": {""enabled"": ""false""}, ""pgd_order"": ""skip""}, ""bab"": {""attack"": {""enabled"": false}, ""branching"": {""input_split"": {""update_rhs_with_attack"": false}}}}}, ""biccos_applicable"": true, ""biccos_effective"": false, ""derived_path"": ""scratch/rq1_2026_tmp/baselines/abcrown/tinyimagenet_2024/00023_c6b3d38237f48152ffe6_1f9jmq0r/config.yaml"", ""deviations"": [""attack-off (user decision D20): all attack/falsification stages disabled, see config.attack.overrides"", ""float32: general.double_fp=false; solver.use_float64_in_last_iteration=false; stable_f32 interpreter""], ""mapping"": ""exact"", ""notes"": [], ""official"": ""exp_configs/vnncomp25/tinyimagenet.yaml"", ""official_biccos"": false, ""official_pgd_order"": ""middle"", ""variant"": ""official""}","[""attack-off (user decision D20): all attack/falsification stages disabled, see config.attack.overrides"", ""float32: general.double_fp=false; solver.use_float64_in_last_iteration=false; stable_f32 interpreter""]",,,89.0,3744.0,official_attack_off_f32,"[""abcrown"",""data/vnncomp2026/tinyimagenet_2024/1.0/onnx/TinyImageNet_resnet_medium.onnx"",""data/vnncomp2026/tinyimagenet_2024/1.0/vnnlib/TinyImageNet_resnet_medium_prop_idx_9945_sidx_2117_eps_0.0039.vnnlib"",100.0,""official_attack_off_f32""]",
tinyimagenet_2024,24,TinyImageNet_resnet_medium.onnx,TinyImageNet_resnet_medium_prop_idx_5234_sidx_7711_eps_0.0039.vnnlib,unsat,4.152634382247925,CERTIFIED,1,100.0,4.152634382247925,8.227,8.28,16.626743754372,0,0,,,not a FALSIFIED row,0,scratch/logs/fse2026/abcrown/tinyimagenet_2024/00024_107abfdd893d1cc1bfa0_gf_wm64z.log,6b8bbcfac1c01da1cabd240a87e4dce1a65f5a2b,"{""attack"": {""attack_off"": true, ""hook_replacements"": {}, ""overrides"": {""attack"": {""enable_mip_attack"": false, ""input_split_check_adv"": {""enabled"": ""false""}, ""pgd_order"": ""skip""}, ""bab"": {""attack"": {""enabled"": false}, ""branching"": {""input_split"": {""update_rhs_with_attack"": false}}}}}, ""biccos_applicable"": true, ""biccos_effective"": false, ""derived_path"": ""scratch/rq1_2026_tmp/baselines/abcrown/tinyimagenet_2024/00024_107abfdd893d1cc1bfa0_gf_wm64z/config.yaml"", ""deviations"": [""attack-off (user decision D20): all attack/falsification stages disabled, see config.attack.overrides"", ""float32: general.double_fp=false; solver.use_float64_in_last_iteration=false; stable_f32 interpreter""], ""mapping"": ""exact"", ""notes"": [], ""official"": ""exp_configs/vnncomp25/tinyimagenet.yaml"", ""official_biccos"": false, ""official_pgd_order"": ""middle"", ""variant"": ""official""}","[""attack-off (user decision D20): all attack/falsification stages disabled, see config.attack.overrides"", ""float32: general.double_fp=false; solver.use_float64_in_last_iteration=false; stable_f32 interpreter""]",,,22.0,37.0,official_attack_off_f32,"[""abcrown"",""data/vnncomp2026/tinyimagenet_2024/1.0/onnx/TinyImageNet_resnet_medium.onnx"",""data/vnncomp2026/tinyimagenet_2024/1.0/vnnlib/TinyImageNet_resnet_medium_prop_idx_5234_sidx_7711_eps_0.0039.vnnlib"",100.0,""official_attack_off_f32""]",
tinyimagenet_2024,25,TinyImageNet_resnet_medium.onnx,TinyImageNet_resnet_medium_prop_idx_4431_sidx_3429_eps_0.0039.vnnlib,unsat,5.476847171783447,CERTIFIED,1,100.0,5.476847171783447,9.23,7.678,17.01315674558282,0,0,,,not a FALSIFIED row,0,scratch/logs/fse2026/abcrown/tinyimagenet_2024/00025_47c5fdec5e9314aa0b66_whl1ijif.log,6b8bbcfac1c01da1cabd240a87e4dce1a65f5a2b,"{""attack"": {""attack_off"": true, ""hook_replacements"": {}, ""overrides"": {""attack"": {""enable_mip_attack"": false, ""input_split_check_adv"": {""enabled"": ""false""}, ""pgd_order"": ""skip""}, ""bab"": {""attack"": {""enabled"": false}, ""branching"": {""input_split"": {""update_rhs_with_attack"": false}}}}}, ""biccos_applicable"": true, ""biccos_effective"": false, ""derived_path"": ""scratch/rq1_2026_tmp/baselines/abcrown/tinyimagenet_2024/00025_47c5fdec5e9314aa0b66_whl1ijif/config.yaml"", ""deviations"": [""attack-off (user decision D20): all attack/falsification stages disabled, see config.attack.overrides"", ""float32: general.double_fp=false; solver.use_float64_in_last_iteration=false; stable_f32 interpreter""], ""mapping"": ""exact"", ""notes"": [], ""official"": ""exp_configs/vnncomp25/tinyimagenet.yaml"", ""official_biccos"": false, ""official_pgd_order"": ""middle"", ""variant"": ""official""}","[""attack-off (user decision D20): all attack/falsification stages disabled, see config.attack.overrides"", ""float32: general.double_fp=false; solver.use_float64_in_last_iteration=false; stable_f32 interpreter""]",,,98.0,4412.0,official_attack_off_f32,"[""abcrown"",""data/vnncomp2026/tinyimagenet_2024/1.0/onnx/TinyImageNet_resnet_medium.onnx"",""data/vnncomp2026/tinyimagenet_2024/1.0/vnnlib/TinyImageNet_resnet_medium_prop_idx_4431_sidx_3429_eps_0.0039.vnnlib"",100.0,""official_attack_off_f32""]",
tinyimagenet_2024,26,TinyImageNet_resnet_medium.onnx,TinyImageNet_resnet_medium_prop_idx_2936_sidx_7810_eps_0.0039.vnnlib,unsat,24.219197988510132,CERTIFIED,1,100.0,24.219197988510132,28.06,7.729,35.89904239214957,0,0,,,not a FALSIFIED row,0,scratch/logs/fse2026/abcrown/tinyimagenet_2024/00026_6b9d323082ae60cfe35b_qcwsjkdu.log,6b8bbcfac1c01da1cabd240a87e4dce1a65f5a2b,"{""attack"": {""attack_off"": true, ""hook_replacements"": {}, ""overrides"": {""attack"": {""enable_mip_attack"": false, ""input_split_check_adv"": {""enabled"": ""false""}, ""pgd_order"": ""skip""}, ""bab"": {""attack"": {""enabled"": false}, ""branching"": {""input_split"": {""update_rhs_with_attack"": false}}}}}, ""biccos_applicable"": true, ""biccos_effective"": false, ""derived_path"": ""scratch/rq1_2026_tmp/baselines/abcrown/tinyimagenet_2024/00026_6b9d323082ae60cfe35b_qcwsjkdu/config.yaml"", ""deviations"": [""attack-off (user decision D20): all attack/falsification stages disabled, see config.attack.overrides"", ""float32: general.double_fp=false; solver.use_float64_in_last_iteration=false; stable_f32 interpreter""], ""mapping"": ""exact"", ""notes"": [], ""official"": ""exp_configs/vnncomp25/tinyimagenet.yaml"", ""official_biccos"": false, ""official_pgd_order"": ""middle"", ""variant"": ""official""}","[""attack-off (user decision D20): all attack/falsification stages disabled, see config.attack.overrides"", ""float32: general.double_fp=false; solver.use_float64_in_last_iteration=false; stable_f32 interpreter""]",,,81.0,5304.0,official_attack_off_f32,"[""abcrown"",""data/vnncomp2026/tinyimagenet_2024/1.0/onnx/TinyImageNet_resnet_medium.onnx"",""data/vnncomp2026/tinyimagenet_2024/1.0/vnnlib/TinyImageNet_resnet_medium_prop_idx_2936_sidx_7810_eps_0.0039.vnnlib"",100.0,""official_attack_off_f32""]",
tinyimagenet_2024,27,TinyImageNet_resnet_medium.onnx,TinyImageNet_resnet_medium_prop_idx_4535_sidx_3722_eps_0.0039.vnnlib,unsat,8.07127046585083,CERTIFIED,1,100.0,8.07127046585083,11.836,7.426,19.370905090123415,0,0,,,not a FALSIFIED row,0,scratch/logs/fse2026/abcrown/tinyimagenet_2024/00027_f9d9c812f537a5a8c301_74nkb06s.log,6b8bbcfac1c01da1cabd240a87e4dce1a65f5a2b,"{""attack"": {""attack_off"": true, ""hook_replacements"": {}, ""overrides"": {""attack"": {""enable_mip_attack"": false, ""input_split_check_adv"": {""enabled"": ""false""}, ""pgd_order"": ""skip""}, ""bab"": {""attack"": {""enabled"": false}, ""branching"": {""input_split"": {""update_rhs_with_attack"": false}}}}}, ""biccos_applicable"": true, ""biccos_effective"": false, ""derived_path"": ""scratch/rq1_2026_tmp/baselines/abcrown/tinyimagenet_2024/00027_f9d9c812f537a5a8c301_74nkb06s/config.yaml"", ""deviations"": [""attack-off (user decision D20): all attack/falsification stages disabled, see config.attack.overrides"", ""float32: general.double_fp=false; solver.use_float64_in_last_iteration=false; stable_f32 interpreter""], ""mapping"": ""exact"", ""notes"": [], ""official"": ""exp_configs/vnncomp25/tinyimagenet.yaml"", ""official_biccos"": false, ""official_pgd_order"": ""middle"", ""variant"": ""official""}","[""attack-off (user decision D20): all attack/falsification stages disabled, see config.attack.overrides"", ""float32: general.double_fp=false; solver.use_float64_in_last_iteration=false; stable_f32 interpreter""]",,,46.0,31512.0,official_attack_off_f32,"[""abcrown"",""data/vnncomp2026/tinyimagenet_2024/1.0/onnx/TinyImageNet_resnet_medium.onnx"",""data/vnncomp2026/tinyimagenet_2024/1.0/vnnlib/TinyImageNet_resnet_medium_prop_idx_4535_sidx_3722_eps_0.0039.vnnlib"",100.0,""official_attack_off_f32""]",
tinyimagenet_2024,28,TinyImageNet_resnet_medium.onnx,TinyImageNet_resnet_medium_prop_idx_842_sidx_3836_eps_0.0039.vnnlib,unsat,7.058404445648193,CERTIFIED,1,100.0,7.058404445648193,11.283,8.028,19.42841387167573,0,0,,,not a FALSIFIED row,0,scratch/logs/fse2026/abcrown/tinyimagenet_2024/00028_cbb0dcde2f5551147955_0tnkhe7_.log,6b8bbcfac1c01da1cabd240a87e4dce1a65f5a2b,"{""attack"": {""attack_off"": true, ""hook_replacements"": {}, ""overrides"": {""attack"": {""enable_mip_attack"": false, ""input_split_check_adv"": {""enabled"": ""false""}, ""pgd_order"": ""skip""}, ""bab"": {""attack"": {""enabled"": false}, ""branching"": {""input_split"": {""update_rhs_with_attack"": false}}}}}, ""biccos_applicable"": true, ""biccos_effective"": false, ""derived_path"": ""scratch/rq1_2026_tmp/baselines/abcrown/tinyimagenet_2024/00028_cbb0dcde2f5551147955_0tnkhe7_/config.yaml"", ""deviations"": [""attack-off (user decision D20): all attack/falsification stages disabled, see config.attack.overrides"", ""float32: general.double_fp=false; solver.use_float64_in_last_iteration=false; stable_f32 interpreter""], ""mapping"": ""exact"", ""notes"": [], ""official"": ""exp_configs/vnncomp25/tinyimagenet.yaml"", ""official_biccos"": false, ""official_pgd_order"": ""middle"", ""variant"": ""official""}","[""attack-off (user decision D20): all attack/falsification stages disabled, see config.attack.overrides"", ""float32: general.double_fp=false; solver.use_float64_in_last_iteration=false; stable_f32 interpreter""]",,,1.0,34.0,official_attack_off_f32,"[""abcrown"",""data/vnncomp2026/tinyimagenet_2024/1.0/onnx/TinyImageNet_resnet_medium.onnx"",""data/vnncomp2026/tinyimagenet_2024/1.0/vnnlib/TinyImageNet_resnet_medium_prop_idx_842_sidx_3836_eps_0.0039.vnnlib"",100.0,""official_attack_off_f32""]",
tinyimagenet_2024,29,TinyImageNet_resnet_medium.onnx,TinyImageNet_resnet_medium_prop_idx_5743_sidx_6569_eps_0.0039.vnnlib,unsat,5.7360241413116455,CERTIFIED,1,100.0,5.7360241413116455,9.981,7.627,17.722139984369278,0,0,,,not a FALSIFIED row,0,scratch/logs/fse2026/abcrown/tinyimagenet_2024/00029_1c59d3851933848e6baf_a70mtt1k.log,6b8bbcfac1c01da1cabd240a87e4dce1a65f5a2b,"{""attack"": {""attack_off"": true, ""hook_replacements"": {}, ""overrides"": {""attack"": {""enable_mip_attack"": false, ""input_split_check_adv"": {""enabled"": ""false""}, ""pgd_order"": ""skip""}, ""bab"": {""attack"": {""enabled"": false}, ""branching"": {""input_split"": {""update_rhs_with_attack"": false}}}}}, ""biccos_applicable"": true, ""biccos_effective"": false, ""derived_path"": ""scratch/rq1_2026_tmp/baselines/abcrown/tinyimagenet_2024/00029_1c59d3851933848e6baf_a70mtt1k/config.yaml"", ""deviations"": [""attack-off (user decision D20): all attack/falsification stages disabled, see config.attack.overrides"", ""float32: general.double_fp=false; solver.use_float64_in_last_iteration=false; stable_f32 interpreter""], ""mapping"": ""exact"", ""notes"": [], ""official"": ""exp_configs/vnncomp25/tinyimagenet.yaml"", ""official_biccos"": false, ""official_pgd_order"": ""middle"", ""variant"": ""official""}","[""attack-off (user decision D20): all attack/falsification stages disabled, see config.attack.overrides"", ""float32: general.double_fp=false; solver.use_float64_in_last_iteration=false; stable_f32 interpreter""]",,,95.0,16968.0,official_attack_off_f32,"[""abcrown"",""data/vnncomp2026/tinyimagenet_2024/1.0/onnx/TinyImageNet_resnet_medium.onnx"",""data/vnncomp2026/tinyimagenet_2024/1.0/vnnlib/TinyImageNet_resnet_medium_prop_idx_5743_sidx_6569_eps_0.0039.vnnlib"",100.0,""official_attack_off_f32""]",
tinyimagenet_2024,30,TinyImageNet_resnet_medium.onnx,TinyImageNet_resnet_medium_prop_idx_8288_sidx_307_eps_0.0039.vnnlib,timeout,113.1405839920044,TIMEOUT,0,100.0,113.1405839920044,117.292,7.877,125.2940131817013,1,0,,,not a FALSIFIED row,0,scratch/logs/fse2026/abcrown/tinyimagenet_2024/00030_818d59384ad48022f212_6et2tm7b.log,6b8bbcfac1c01da1cabd240a87e4dce1a65f5a2b,"{""attack"": {""attack_off"": true, ""hook_replacements"": {}, ""overrides"": {""attack"": {""enable_mip_attack"": false, ""input_split_check_adv"": {""enabled"": ""false""}, ""pgd_order"": ""skip""}, ""bab"": {""attack"": {""enabled"": false}, ""branching"": {""input_split"": {""update_rhs_with_attack"": false}}}}}, ""biccos_applicable"": true, ""biccos_effective"": false, ""derived_path"": ""scratch/rq1_2026_tmp/baselines/abcrown/tinyimagenet_2024/00030_818d59384ad48022f212_6et2tm7b/config.yaml"", ""deviations"": [""attack-off (user decision D20): all attack/falsification stages disabled, see config.attack.overrides"", ""float32: general.double_fp=false; solver.use_float64_in_last_iteration=false; stable_f32 interpreter""], ""mapping"": ""exact"", ""notes"": [], ""official"": ""exp_configs/vnncomp25/tinyimagenet.yaml"", ""official_biccos"": false, ""official_pgd_order"": ""middle"", ""variant"": ""official""}","[""attack-off (user decision D20): all attack/falsification stages disabled, see config.attack.overrides"", ""float32: general.double_fp=false; solver.use_float64_in_last_iteration=false; stable_f32 interpreter""]",,,98.0,31602.0,official_attack_off_f32,"[""abcrown"",""data/vnncomp2026/tinyimagenet_2024/1.0/onnx/TinyImageNet_resnet_medium.onnx"",""data/vnncomp2026/tinyimagenet_2024/1.0/vnnlib/TinyImageNet_resnet_medium_prop_idx_8288_sidx_307_eps_0.0039.vnnlib"",100.0,""official_attack_off_f32""]",
tinyimagenet_2024,31,TinyImageNet_resnet_medium.onnx,TinyImageNet_resnet_medium_prop_idx_3448_sidx_1601_eps_0.0039.vnnlib,timeout,104.51367497444153,TIMEOUT,0,100.0,104.51367497444153,108.525,7.978,116.60910685919225,1,0,,,not a FALSIFIED row,0,scratch/logs/fse2026/abcrown/tinyimagenet_2024/00031_820c490b78165ce735c3_w5vw_oc0.log,6b8bbcfac1c01da1cabd240a87e4dce1a65f5a2b,"{""attack"": {""attack_off"": true, ""hook_replacements"": {}, ""overrides"": {""attack"": {""enable_mip_attack"": false, ""input_split_check_adv"": {""enabled"": ""false""}, ""pgd_order"": ""skip""}, ""bab"": {""attack"": {""enabled"": false}, ""branching"": {""input_split"": {""update_rhs_with_attack"": false}}}}}, ""biccos_applicable"": true, ""biccos_effective"": false, ""derived_path"": ""scratch/rq1_2026_tmp/baselines/abcrown/tinyimagenet_2024/00031_820c490b78165ce735c3_w5vw_oc0/config.yaml"", ""deviations"": [""attack-off (user decision D20): all attack/falsification stages disabled, see config.attack.overrides"", ""float32: general.double_fp=false; solver.use_float64_in_last_iteration=false; stable_f32 interpreter""], ""mapping"": ""exact"", ""notes"": [], ""official"": ""exp_configs/vnncomp25/tinyimagenet.yaml"", ""official_biccos"": false, ""official_pgd_order"": ""middle"", ""variant"": ""official""}","[""attack-off (user decision D20): all attack/falsification stages disabled, see config.attack.overrides"", ""float32: general.double_fp=false; solver.use_float64_in_last_iteration=false; stable_f32 interpreter""]",,,74.0,2336.0,official_attack_off_f32,"[""abcrown"",""data/vnncomp2026/tinyimagenet_2024/1.0/onnx/TinyImageNet_resnet_medium.onnx"",""data/vnncomp2026/tinyimagenet_2024/1.0/vnnlib/TinyImageNet_resnet_medium_prop_idx_3448_sidx_1601_eps_0.0039.vnnlib"",100.0,""official_attack_off_f32""]",
tinyimagenet_2024,32,TinyImageNet_resnet_medium.onnx,TinyImageNet_resnet_medium_prop_idx_327_sidx_2412_eps_0.0039.vnnlib,unsat,4.482546329498291,CERTIFIED,1,100.0,4.482546329498291,8.127,7.376,15.619938861578703,0,0,,,not a FALSIFIED row,0,scratch/logs/fse2026/abcrown/tinyimagenet_2024/00032_ead587efbf222804bd51_7zv2ivol.log,6b8bbcfac1c01da1cabd240a87e4dce1a65f5a2b,"{""attack"": {""attack_off"": true, ""hook_replacements"": {}, ""overrides"": {""attack"": {""enable_mip_attack"": false, ""input_split_check_adv"": {""enabled"": ""false""}, ""pgd_order"": ""skip""}, ""bab"": {""attack"": {""enabled"": false}, ""branching"": {""input_split"": {""update_rhs_with_attack"": false}}}}}, ""biccos_applicable"": true, ""biccos_effective"": false, ""derived_path"": ""scratch/rq1_2026_tmp/baselines/abcrown/tinyimagenet_2024/00032_ead587efbf222804bd51_7zv2ivol/config.yaml"", ""deviations"": [""attack-off (user decision D20): all attack/falsification stages disabled, see config.attack.overrides"", ""float32: general.double_fp=false; solver.use_float64_in_last_iteration=false; stable_f32 interpreter""], ""mapping"": ""exact"", ""notes"": [], ""official"": ""exp_configs/vnncomp25/tinyimagenet.yaml"", ""official_biccos"": false, ""official_pgd_order"": ""middle"", ""variant"": ""official""}","[""attack-off (user decision D20): all attack/falsification stages disabled, see config.attack.overrides"", ""float32: general.double_fp=false; solver.use_float64_in_last_iteration=false; stable_f32 interpreter""]",,,96.0,3868.0,official_attack_off_f32,"[""abcrown"",""data/vnncomp2026/tinyimagenet_2024/1.0/onnx/TinyImageNet_resnet_medium.onnx"",""data/vnncomp2026/tinyimagenet_2024/1.0/vnnlib/TinyImageNet_resnet_medium_prop_idx_327_sidx_2412_eps_0.0039.vnnlib"",100.0,""official_attack_off_f32""]",
tinyimagenet_2024,33,TinyImageNet_resnet_medium.onnx,TinyImageNet_resnet_medium_prop_idx_5759_sidx_3074_eps_0.0039.vnnlib,unsat,5.881798028945923,CERTIFIED,1,100.0,5.881798028945923,9.931,7.677,17.72306828200817,0,0,,,not a FALSIFIED row,0,scratch/logs/fse2026/abcrown/tinyimagenet_2024/00033_c724f1b817234fd03ee4_7mer2gh9.log,6b8bbcfac1c01da1cabd240a87e4dce1a65f5a2b,"{""attack"": {""attack_off"": true, ""hook_replacements"": {}, ""overrides"": {""attack"": {""enable_mip_attack"": false, ""input_split_check_adv"": {""enabled"": ""false""}, ""pgd_order"": ""skip""}, ""bab"": {""attack"": {""enabled"": false}, ""branching"": {""input_split"": {""update_rhs_with_attack"": false}}}}}, ""biccos_applicable"": true, ""biccos_effective"": false, ""derived_path"": ""scratch/rq1_2026_tmp/baselines/abcrown/tinyimagenet_2024/00033_c724f1b817234fd03ee4_7mer2gh9/config.yaml"", ""deviations"": [""attack-off (user decision D20): all attack/falsification stages disabled, see config.attack.overrides"", ""float32: general.double_fp=false; solver.use_float64_in_last_iteration=false; stable_f32 interpreter""], ""mapping"": ""exact"", ""notes"": [], ""official"": ""exp_configs/vnncomp25/tinyimagenet.yaml"", ""official_biccos"": false, ""official_pgd_order"": ""middle"", ""variant"": ""official""}","[""attack-off (user decision D20): all attack/falsification stages disabled, see config.attack.overrides"", ""float32: general.double_fp=false; solver.use_float64_in_last_iteration=false; stable_f32 interpreter""]",,,58.0,33694.0,official_attack_off_f32,"[""abcrown"",""data/vnncomp2026/tinyimagenet_2024/1.0/onnx/TinyImageNet_resnet_medium.onnx"",""data/vnncomp2026/tinyimagenet_2024/1.0/vnnlib/TinyImageNet_resnet_medium_prop_idx_5759_sidx_3074_eps_0.0039.vnnlib"",100.0,""official_attack_off_f32""]",
tinyimagenet_2024,34,TinyImageNet_resnet_medium.onnx,TinyImageNet_resnet_medium_prop_idx_5982_sidx_4177_eps_0.0039.vnnlib,timeout,118.69487524032593,TIMEOUT,0,100.0,118.69487524032593,122.932,7.977,131.01728344522417,1,0,,,not a FALSIFIED row,0,scratch/logs/fse2026/abcrown/tinyimagenet_2024/00034_0a207ecdeedfb63d3349_3xd6li_x.log,6b8bbcfac1c01da1cabd240a87e4dce1a65f5a2b,"{""attack"": {""attack_off"": true, ""hook_replacements"": {}, ""overrides"": {""attack"": {""enable_mip_attack"": false, ""input_split_check_adv"": {""enabled"": ""false""}, ""pgd_order"": ""skip""}, ""bab"": {""attack"": {""enabled"": false}, ""branching"": {""input_split"": {""update_rhs_with_attack"": false}}}}}, ""biccos_applicable"": true, ""biccos_effective"": false, ""derived_path"": ""scratch/rq1_2026_tmp/baselines/abcrown/tinyimagenet_2024/00034_0a207ecdeedfb63d3349_3xd6li_x/config.yaml"", ""deviations"": [""attack-off (user decision D20): all attack/falsification stages disabled, see config.attack.overrides"", ""float32: general.double_fp=false; solver.use_float64_in_last_iteration=false; stable_f32 interpreter""], ""mapping"": ""exact"", ""notes"": [], ""official"": ""exp_configs/vnncomp25/tinyimagenet.yaml"", ""official_biccos"": false, ""official_pgd_order"": ""middle"", ""variant"": ""official""}","[""attack-off (user decision D20): all attack/falsification stages disabled, see config.attack.overrides"", ""float32: general.double_fp=false; solver.use_float64_in_last_iteration=false; stable_f32 interpreter""]",,,97.0,13378.0,official_attack_off_f32,"[""abcrown"",""data/vnncomp2026/tinyimagenet_2024/1.0/onnx/TinyImageNet_resnet_medium.onnx"",""data/vnncomp2026/tinyimagenet_2024/1.0/vnnlib/TinyImageNet_resnet_medium_prop_idx_5982_sidx_4177_eps_0.0039.vnnlib"",100.0,""official_attack_off_f32""]",
tinyimagenet_2024,35,TinyImageNet_resnet_medium.onnx,TinyImageNet_resnet_medium_prop_idx_4010_sidx_793_eps_0.0039.vnnlib,timeout,103.86304450035095,TIMEOUT,0,100.0,103.86304450035095,108.205,7.927,116.24130550585687,1,0,,,not a FALSIFIED row,0,scratch/logs/fse2026/abcrown/tinyimagenet_2024/00035_12eb54bc9e738a9d0efa_co9d7s2s.log,6b8bbcfac1c01da1cabd240a87e4dce1a65f5a2b,"{""attack"": {""attack_off"": true, ""hook_replacements"": {}, ""overrides"": {""attack"": {""enable_mip_attack"": false, ""input_split_check_adv"": {""enabled"": ""false""}, ""pgd_order"": ""skip""}, ""bab"": {""attack"": {""enabled"": false}, ""branching"": {""input_split"": {""update_rhs_with_attack"": false}}}}}, ""biccos_applicable"": true, ""biccos_effective"": false, ""derived_path"": ""scratch/rq1_2026_tmp/baselines/abcrown/tinyimagenet_2024/00035_12eb54bc9e738a9d0efa_co9d7s2s/config.yaml"", ""deviations"": [""attack-off (user decision D20): all attack/falsification stages disabled, see config.attack.overrides"", ""float32: general.double_fp=false; solver.use_float64_in_last_iteration=false; stable_f32 interpreter""], ""mapping"": ""exact"", ""notes"": [], ""official"": ""exp_configs/vnncomp25/tinyimagenet.yaml"", ""official_biccos"": false, ""official_pgd_order"": ""middle"", ""variant"": ""official""}","[""attack-off (user decision D20): all attack/falsification stages disabled, see config.attack.overrides"", ""float32: general.double_fp=false; solver.use_float64_in_last_iteration=false; stable_f32 interpreter""]",,,92.0,15520.0,official_attack_off_f32,"[""abcrown"",""data/vnncomp2026/tinyimagenet_2024/1.0/onnx/TinyImageNet_resnet_medium.onnx"",""data/vnncomp2026/tinyimagenet_2024/1.0/vnnlib/TinyImageNet_resnet_medium_prop_idx_4010_sidx_793_eps_0.0039.vnnlib"",100.0,""official_attack_off_f32""]",
tinyimagenet_2024,36,TinyImageNet_resnet_medium.onnx,TinyImageNet_resnet_medium_prop_idx_6285_sidx_1839_eps_0.0039.vnnlib,timeout,108.55320930480957,TIMEOUT,0,100.0,108.55320930480957,112.838,7.231,120.19173539616168,1,0,,,not a FALSIFIED row,0,scratch/logs/fse2026/abcrown/tinyimagenet_2024/00036_0688699cfdc6529f842e_8gb24ulr.log,6b8bbcfac1c01da1cabd240a87e4dce1a65f5a2b,"{""attack"": {""attack_off"": true, ""hook_replacements"": {}, ""overrides"": {""attack"": {""enable_mip_attack"": false, ""input_split_check_adv"": {""enabled"": ""false""}, ""pgd_order"": ""skip""}, ""bab"": {""attack"": {""enabled"": false}, ""branching"": {""input_split"": {""update_rhs_with_attack"": false}}}}}, ""biccos_applicable"": true, ""biccos_effective"": false, ""derived_path"": ""scratch/rq1_2026_tmp/baselines/abcrown/tinyimagenet_2024/00036_0688699cfdc6529f842e_8gb24ulr/config.yaml"", ""deviations"": [""attack-off (user decision D20): all attack/falsification stages disabled, see config.attack.overrides"", ""float32: general.double_fp=false; solver.use_float64_in_last_iteration=false; stable_f32 interpreter""], ""mapping"": ""exact"", ""notes"": [], ""official"": ""exp_configs/vnncomp25/tinyimagenet.yaml"", ""official_biccos"": false, ""official_pgd_order"": ""middle"", ""variant"": ""official""}","[""attack-off (user decision D20): all attack/falsification stages disabled, see config.attack.overrides"", ""float32: general.double_fp=false; solver.use_float64_in_last_iteration=false; stable_f32 interpreter""]",,,91.0,4196.0,official_attack_off_f32,"[""abcrown"",""data/vnncomp2026/tinyimagenet_2024/1.0/onnx/TinyImageNet_resnet_medium.onnx"",""data/vnncomp2026/tinyimagenet_2024/1.0/vnnlib/TinyImageNet_resnet_medium_prop_idx_6285_sidx_1839_eps_0.0039.vnnlib"",100.0,""official_attack_off_f32""]",
tinyimagenet_2024,37,TinyImageNet_resnet_medium.onnx,TinyImageNet_resnet_medium_prop_idx_1514_sidx_2541_eps_0.0039.vnnlib,unsat,3.2595551013946533,CERTIFIED,1,100.0,3.2595551013946533,7.527,7.63,15.26655206270516,0,0,,,not a FALSIFIED row,0,scratch/logs/fse2026/abcrown/tinyimagenet_2024/00037_a892d670f0e3ea98c7de_z1shy0sl.log,6b8bbcfac1c01da1cabd240a87e4dce1a65f5a2b,"{""attack"": {""attack_off"": true, ""hook_replacements"": {}, ""overrides"": {""attack"": {""enable_mip_attack"": false, ""input_split_check_adv"": {""enabled"": ""false""}, ""pgd_order"": ""skip""}, ""bab"": {""attack"": {""enabled"": false}, ""branching"": {""input_split"": {""update_rhs_with_attack"": false}}}}}, ""biccos_applicable"": true, ""biccos_effective"": false, ""derived_path"": ""scratch/rq1_2026_tmp/baselines/abcrown/tinyimagenet_2024/00037_a892d670f0e3ea98c7de_z1shy0sl/config.yaml"", ""deviations"": [""attack-off (user decision D20): all attack/falsification stages disabled, see config.attack.overrides"", ""float32: general.double_fp=false; solver.use_float64_in_last_iteration=false; stable_f32 interpreter""], ""mapping"": ""exact"", ""notes"": [], ""official"": ""exp_configs/vnncomp25/tinyimagenet.yaml"", ""official_biccos"": false, ""official_pgd_order"": ""middle"", ""variant"": ""official""}","[""attack-off (user decision D20): all attack/falsification stages disabled, see config.attack.overrides"", ""float32: general.double_fp=false; solver.use_float64_in_last_iteration=false; stable_f32 interpreter""]",,,31.0,746.0,official_attack_off_f32,"[""abcrown"",""data/vnncomp2026/tinyimagenet_2024/1.0/onnx/TinyImageNet_resnet_medium.onnx"",""data/vnncomp2026/tinyimagenet_2024/1.0/vnnlib/TinyImageNet_resnet_medium_prop_idx_1514_sidx_2541_eps_0.0039.vnnlib"",100.0,""official_attack_off_f32""]",
tinyimagenet_2024,38,TinyImageNet_resnet_medium.onnx,TinyImageNet_resnet_medium_prop_idx_5421_sidx_558_eps_0.0039.vnnlib,unsat,4.970301151275635,CERTIFIED,1,100.0,4.970301151275635,8.929,7.427,16.471431570127606,0,0,,,not a FALSIFIED row,0,scratch/logs/fse2026/abcrown/tinyimagenet_2024/00038_d7ff53997521b59b3511_llxzjxrq.log,6b8bbcfac1c01da1cabd240a87e4dce1a65f5a2b,"{""attack"": {""attack_off"": true, ""hook_replacements"": {}, ""overrides"": {""attack"": {""enable_mip_attack"": false, ""input_split_check_adv"": {""enabled"": ""false""}, ""pgd_order"": ""skip""}, ""bab"": {""attack"": {""enabled"": false}, ""branching"": {""input_split"": {""update_rhs_with_attack"": false}}}}}, ""biccos_applicable"": true, ""biccos_effective"": false, ""derived_path"": ""scratch/rq1_2026_tmp/baselines/abcrown/tinyimagenet_2024/00038_d7ff53997521b59b3511_llxzjxrq/config.yaml"", ""deviations"": [""attack-off (user decision D20): all attack/falsification stages disabled, see config.attack.overrides"", ""float32: general.double_fp=false; solver.use_float64_in_last_iteration=false; stable_f32 interpreter""], ""mapping"": ""exact"", ""notes"": [], ""official"": ""exp_configs/vnncomp25/tinyimagenet.yaml"", ""official_biccos"": false, ""official_pgd_order"": ""middle"", ""variant"": ""official""}","[""attack-off (user decision D20): all attack/falsification stages disabled, see config.attack.overrides"", ""float32: general.double_fp=false; solver.use_float64_in_last_iteration=false; stable_f32 interpreter""]",,,92.0,10798.0,official_attack_off_f32,"[""abcrown"",""data/vnncomp2026/tinyimagenet_2024/1.0/onnx/TinyImageNet_resnet_medium.onnx"",""data/vnncomp2026/tinyimagenet_2024/1.0/vnnlib/TinyImageNet_resnet_medium_prop_idx_5421_sidx_558_eps_0.0039.vnnlib"",100.0,""official_attack_off_f32""]",
tinyimagenet_2024,39,TinyImageNet_resnet_medium.onnx,TinyImageNet_resnet_medium_prop_idx_1417_sidx_8632_eps_0.0039.vnnlib,unsat,13.434568643569946,CERTIFIED,1,100.0,13.434568643569946,17.645,7.877,25.639134911820292,0,0,,,not a FALSIFIED row,0,scratch/logs/fse2026/abcrown/tinyimagenet_2024/00039_4793055ec0daf06bc895_o83yo8q_.log,6b8bbcfac1c01da1cabd240a87e4dce1a65f5a2b,"{""attack"": {""attack_off"": true, ""hook_replacements"": {}, ""overrides"": {""attack"": {""enable_mip_attack"": false, ""input_split_check_adv"": {""enabled"": ""false""}, ""pgd_order"": ""skip""}, ""bab"": {""attack"": {""enabled"": false}, ""branching"": {""input_split"": {""update_rhs_with_attack"": false}}}}}, ""biccos_applicable"": true, ""biccos_effective"": false, ""derived_path"": ""scratch/rq1_2026_tmp/baselines/abcrown/tinyimagenet_2024/00039_4793055ec0daf06bc895_o83yo8q_/config.yaml"", ""deviations"": [""attack-off (user decision D20): all attack/falsification stages disabled, see config.attack.overrides"", ""float32: general.double_fp=false; solver.use_float64_in_last_iteration=false; stable_f32 interpreter""], ""mapping"": ""exact"", ""notes"": [], ""official"": ""exp_configs/vnncomp25/tinyimagenet.yaml"", ""official_biccos"": false, ""official_pgd_order"": ""middle"", ""variant"": ""official""}","[""attack-off (user decision D20): all attack/falsification stages disabled, see config.attack.overrides"", ""float32: general.double_fp=false; solver.use_float64_in_last_iteration=false; stable_f32 interpreter""]",,,87.0,30372.0,official_attack_off_f32,"[""abcrown"",""data/vnncomp2026/tinyimagenet_2024/1.0/onnx/TinyImageNet_resnet_medium.onnx"",""data/vnncomp2026/tinyimagenet_2024/1.0/vnnlib/TinyImageNet_resnet_medium_prop_idx_1417_sidx_8632_eps_0.0039.vnnlib"",100.0,""official_attack_off_f32""]",
tinyimagenet_2024,40,TinyImageNet_resnet_medium.onnx,TinyImageNet_resnet_medium_prop_idx_4463_sidx_4146_eps_0.0039.vnnlib,timeout,111.8689661026001,TIMEOUT,0,100.0,111.8689661026001,115.786,7.778,123.6747837625444,1,0,,,not a FALSIFIED row,0,scratch/logs/fse2026/abcrown/tinyimagenet_2024/00040_b53c82e4464e430b69be_aodbqsfn.log,6b8bbcfac1c01da1cabd240a87e4dce1a65f5a2b,"{""attack"": {""attack_off"": true, ""hook_replacements"": {}, ""overrides"": {""attack"": {""enable_mip_attack"": false, ""input_split_check_adv"": {""enabled"": ""false""}, ""pgd_order"": ""skip""}, ""bab"": {""attack"": {""enabled"": false}, ""branching"": {""input_split"": {""update_rhs_with_attack"": false}}}}}, ""biccos_applicable"": true, ""biccos_effective"": false, ""derived_path"": ""scratch/rq1_2026_tmp/baselines/abcrown/tinyimagenet_2024/00040_b53c82e4464e430b69be_aodbqsfn/config.yaml"", ""deviations"": [""attack-off (user decision D20): all attack/falsification stages disabled, see config.attack.overrides"", ""float32: general.double_fp=false; solver.use_float64_in_last_iteration=false; stable_f32 interpreter""], ""mapping"": ""exact"", ""notes"": [], ""official"": ""exp_configs/vnncomp25/tinyimagenet.yaml"", ""official_biccos"": false, ""official_pgd_order"": ""middle"", ""variant"": ""official""}","[""attack-off (user decision D20): all attack/falsification stages disabled, see config.attack.overrides"", ""float32: general.double_fp=false; solver.use_float64_in_last_iteration=false; stable_f32 interpreter""]",,,97.0,21616.0,official_attack_off_f32,"[""abcrown"",""data/vnncomp2026/tinyimagenet_2024/1.0/onnx/TinyImageNet_resnet_medium.onnx"",""data/vnncomp2026/tinyimagenet_2024/1.0/vnnlib/TinyImageNet_resnet_medium_prop_idx_4463_sidx_4146_eps_0.0039.vnnlib"",100.0,""official_attack_off_f32""]",
tinyimagenet_2024,41,TinyImageNet_resnet_medium.onnx,TinyImageNet_resnet_medium_prop_idx_2678_sidx_799_eps_0.0039.vnnlib,timeout,106.81508994102478,TIMEOUT,0,100.0,106.81508994102478,110.964,7.677,118.74842226319015,1,0,,,not a FALSIFIED row,0,scratch/logs/fse2026/abcrown/tinyimagenet_2024/00041_906cdb72e7c45e1f9edf_6j2ny0q9.log,6b8bbcfac1c01da1cabd240a87e4dce1a65f5a2b,"{""attack"": {""attack_off"": true, ""hook_replacements"": {}, ""overrides"": {""attack"": {""enable_mip_attack"": false, ""input_split_check_adv"": {""enabled"": ""false""}, ""pgd_order"": ""skip""}, ""bab"": {""attack"": {""enabled"": false}, ""branching"": {""input_split"": {""update_rhs_with_attack"": false}}}}}, ""biccos_applicable"": true, ""biccos_effective"": false, ""derived_path"": ""scratch/rq1_2026_tmp/baselines/abcrown/tinyimagenet_2024/00041_906cdb72e7c45e1f9edf_6j2ny0q9/config.yaml"", ""deviations"": [""attack-off (user decision D20): all attack/falsification stages disabled, see config.attack.overrides"", ""float32: general.double_fp=false; solver.use_float64_in_last_iteration=false; stable_f32 interpreter""], ""mapping"": ""exact"", ""notes"": [], ""official"": ""exp_configs/vnncomp25/tinyimagenet.yaml"", ""official_biccos"": false, ""official_pgd_order"": ""middle"", ""variant"": ""official""}","[""attack-off (user decision D20): all attack/falsification stages disabled, see config.attack.overrides"", ""float32: general.double_fp=false; solver.use_float64_in_last_iteration=false; stable_f32 interpreter""]",,,96.0,18368.0,official_attack_off_f32,"[""abcrown"",""data/vnncomp2026/tinyimagenet_2024/1.0/onnx/TinyImageNet_resnet_medium.onnx"",""data/vnncomp2026/tinyimagenet_2024/1.0/vnnlib/TinyImageNet_resnet_medium_prop_idx_2678_sidx_799_eps_0.0039.vnnlib"",100.0,""official_attack_off_f32""]",
tinyimagenet_2024,42,TinyImageNet_resnet_medium.onnx,TinyImageNet_resnet_medium_prop_idx_8444_sidx_2478_eps_0.0039.vnnlib,timeout,106.11090612411499,TIMEOUT,0,100.0,106.11090612411499,110.646,8.228,118.99224579334259,1,0,,,not a FALSIFIED row,0,scratch/logs/fse2026/abcrown/tinyimagenet_2024/00042_2fba4140f636a4f795e2_6ucjkvo6.log,6b8bbcfac1c01da1cabd240a87e4dce1a65f5a2b,"{""attack"": {""attack_off"": true, ""hook_replacements"": {}, ""overrides"": {""attack"": {""enable_mip_attack"": false, ""input_split_check_adv"": {""enabled"": ""false""}, ""pgd_order"": ""skip""}, ""bab"": {""attack"": {""enabled"": false}, ""branching"": {""input_split"": {""update_rhs_with_attack"": false}}}}}, ""biccos_applicable"": true, ""biccos_effective"": false, ""derived_path"": ""scratch/rq1_2026_tmp/baselines/abcrown/tinyimagenet_2024/00042_2fba4140f636a4f795e2_6ucjkvo6/config.yaml"", ""deviations"": [""attack-off (user decision D20): all attack/falsification stages disabled, see config.attack.overrides"", ""float32: general.double_fp=false; solver.use_float64_in_last_iteration=false; stable_f32 interpreter""], ""mapping"": ""exact"", ""notes"": [], ""official"": ""exp_configs/vnncomp25/tinyimagenet.yaml"", ""official_biccos"": false, ""official_pgd_order"": ""middle"", ""variant"": ""official""}","[""attack-off (user decision D20): all attack/falsification stages disabled, see config.attack.overrides"", ""float32: general.double_fp=false; solver.use_float64_in_last_iteration=false; stable_f32 interpreter""]",,,0.0,724.0,official_attack_off_f32,"[""abcrown"",""data/vnncomp2026/tinyimagenet_2024/1.0/onnx/TinyImageNet_resnet_medium.onnx"",""data/vnncomp2026/tinyimagenet_2024/1.0/vnnlib/TinyImageNet_resnet_medium_prop_idx_8444_sidx_2478_eps_0.0039.vnnlib"",100.0,""official_attack_off_f32""]",
tinyimagenet_2024,43,TinyImageNet_resnet_medium.onnx,TinyImageNet_resnet_medium_prop_idx_9483_sidx_7908_eps_0.0039.vnnlib,unsat,4.739392518997192,CERTIFIED,1,100.0,4.739392518997192,8.629,7.426,16.16334525682032,0,0,,,not a FALSIFIED row,0,scratch/logs/fse2026/abcrown/tinyimagenet_2024/00043_161630eef0ccc068ac09_cce7_cbb.log,6b8bbcfac1c01da1cabd240a87e4dce1a65f5a2b,"{""attack"": {""attack_off"": true, ""hook_replacements"": {}, ""overrides"": {""attack"": {""enable_mip_attack"": false, ""input_split_check_adv"": {""enabled"": ""false""}, ""pgd_order"": ""skip""}, ""bab"": {""attack"": {""enabled"": false}, ""branching"": {""input_split"": {""update_rhs_with_attack"": false}}}}}, ""biccos_applicable"": true, ""biccos_effective"": false, ""derived_path"": ""scratch/rq1_2026_tmp/baselines/abcrown/tinyimagenet_2024/00043_161630eef0ccc068ac09_cce7_cbb/config.yaml"", ""deviations"": [""attack-off (user decision D20): all attack/falsification stages disabled, see config.attack.overrides"", ""float32: general.double_fp=false; solver.use_float64_in_last_iteration=false; stable_f32 interpreter""], ""mapping"": ""exact"", ""notes"": [], ""official"": ""exp_configs/vnncomp25/tinyimagenet.yaml"", ""official_biccos"": false, ""official_pgd_order"": ""middle"", ""variant"": ""official""}","[""attack-off (user decision D20): all attack/falsification stages disabled, see config.attack.overrides"", ""float32: general.double_fp=false; solver.use_float64_in_last_iteration=false; stable_f32 interpreter""]",,,92.0,10012.0,official_attack_off_f32,"[""abcrown"",""data/vnncomp2026/tinyimagenet_2024/1.0/onnx/TinyImageNet_resnet_medium.onnx"",""data/vnncomp2026/tinyimagenet_2024/1.0/vnnlib/TinyImageNet_resnet_medium_prop_idx_9483_sidx_7908_eps_0.0039.vnnlib"",100.0,""official_attack_off_f32""]",
tinyimagenet_2024,44,TinyImageNet_resnet_medium.onnx,TinyImageNet_resnet_medium_prop_idx_1754_sidx_9786_eps_0.0039.vnnlib,timeout,101.78304648399353,TIMEOUT,0,100.0,101.78304648399353,105.951,7.326,113.38422298431396,1,0,,,not a FALSIFIED row,0,scratch/logs/fse2026/abcrown/tinyimagenet_2024/00044_aa617c8b5f08a2893bbb_3spb7w19.log,6b8bbcfac1c01da1cabd240a87e4dce1a65f5a2b,"{""attack"": {""attack_off"": true, ""hook_replacements"": {}, ""overrides"": {""attack"": {""enable_mip_attack"": false, ""input_split_check_adv"": {""enabled"": ""false""}, ""pgd_order"": ""skip""}, ""bab"": {""attack"": {""enabled"": false}, ""branching"": {""input_split"": {""update_rhs_with_attack"": false}}}}}, ""biccos_applicable"": true, ""biccos_effective"": false, ""derived_path"": ""scratch/rq1_2026_tmp/baselines/abcrown/tinyimagenet_2024/00044_aa617c8b5f08a2893bbb_3spb7w19/config.yaml"", ""deviations"": [""attack-off (user decision D20): all attack/falsification stages disabled, see config.attack.overrides"", ""float32: general.double_fp=false; solver.use_float64_in_last_iteration=false; stable_f32 interpreter""], ""mapping"": ""exact"", ""notes"": [], ""official"": ""exp_configs/vnncomp25/tinyimagenet.yaml"", ""official_biccos"": false, ""official_pgd_order"": ""middle"", ""variant"": ""official""}","[""attack-off (user decision D20): all attack/falsification stages disabled, see config.attack.overrides"", ""float32: general.double_fp=false; solver.use_float64_in_last_iteration=false; stable_f32 interpreter""]",,,32.0,30718.0,official_attack_off_f32,"[""abcrown"",""data/vnncomp2026/tinyimagenet_2024/1.0/onnx/TinyImageNet_resnet_medium.onnx"",""data/vnncomp2026/tinyimagenet_2024/1.0/vnnlib/TinyImageNet_resnet_medium_prop_idx_1754_sidx_9786_eps_0.0039.vnnlib"",100.0,""official_attack_off_f32""]",
tinyimagenet_2024,45,TinyImageNet_resnet_medium.onnx,TinyImageNet_resnet_medium_prop_idx_3306_sidx_8440_eps_0.0039.vnnlib,unsat,7.669526100158691,CERTIFIED,1,100.0,7.669526100158691,11.708,8.027,19.83310702070594,0,0,,,not a FALSIFIED row,0,scratch/logs/fse2026/abcrown/tinyimagenet_2024/00045_3c6d58ad1b4aefb63645_c2a8iki8.log,6b8bbcfac1c01da1cabd240a87e4dce1a65f5a2b,"{""attack"": {""attack_off"": true, ""hook_replacements"": {}, ""overrides"": {""attack"": {""enable_mip_attack"": false, ""input_split_check_adv"": {""enabled"": ""false""}, ""pgd_order"": ""skip""}, ""bab"": {""attack"": {""enabled"": false}, ""branching"": {""input_split"": {""update_rhs_with_attack"": false}}}}}, ""biccos_applicable"": true, ""biccos_effective"": false, ""derived_path"": ""scratch/rq1_2026_tmp/baselines/abcrown/tinyimagenet_2024/00045_3c6d58ad1b4aefb63645_c2a8iki8/config.yaml"", ""deviations"": [""attack-off (user decision D20): all attack/falsification stages disabled, see config.attack.overrides"", ""float32: general.double_fp=false; solver.use_float64_in_last_iteration=false; stable_f32 interpreter""], ""mapping"": ""exact"", ""notes"": [], ""official"": ""exp_configs/vnncomp25/tinyimagenet.yaml"", ""official_biccos"": false, ""official_pgd_order"": ""middle"", ""variant"": ""official""}","[""attack-off (user decision D20): all attack/falsification stages disabled, see config.attack.overrides"", ""float32: general.double_fp=false; solver.use_float64_in_last_iteration=false; stable_f32 interpreter""]",,,2.0,724.0,official_attack_off_f32,"[""abcrown"",""data/vnncomp2026/tinyimagenet_2024/1.0/onnx/TinyImageNet_resnet_medium.onnx"",""data/vnncomp2026/tinyimagenet_2024/1.0/vnnlib/TinyImageNet_resnet_medium_prop_idx_3306_sidx_8440_eps_0.0039.vnnlib"",100.0,""official_attack_off_f32""]",
tinyimagenet_2024,46,TinyImageNet_resnet_medium.onnx,TinyImageNet_resnet_medium_prop_idx_7816_sidx_6053_eps_0.0039.vnnlib,timeout,107.36481833457947,TIMEOUT,0,100.0,107.36481833457947,111.759,8.03,119.9012705758214,1,0,,,not a FALSIFIED row,0,scratch/logs/fse2026/abcrown/tinyimagenet_2024/00046_cedc97db0dd0b4ffd6d2_atich6qr.log,6b8bbcfac1c01da1cabd240a87e4dce1a65f5a2b,"{""attack"": {""attack_off"": true, ""hook_replacements"": {}, ""overrides"": {""attack"": {""enable_mip_attack"": false, ""input_split_check_adv"": {""enabled"": ""false""}, ""pgd_order"": ""skip""}, ""bab"": {""attack"": {""enabled"": false}, ""branching"": {""input_split"": {""update_rhs_with_attack"": false}}}}}, ""biccos_applicable"": true, ""biccos_effective"": false, ""derived_path"": ""scratch/rq1_2026_tmp/baselines/abcrown/tinyimagenet_2024/00046_cedc97db0dd0b4ffd6d2_atich6qr/config.yaml"", ""deviations"": [""attack-off (user decision D20): all attack/falsification stages disabled, see config.attack.overrides"", ""float32: general.double_fp=false; solver.use_float64_in_last_iteration=false; stable_f32 interpreter""], ""mapping"": ""exact"", ""notes"": [], ""official"": ""exp_configs/vnncomp25/tinyimagenet.yaml"", ""official_biccos"": false, ""official_pgd_order"": ""middle"", ""variant"": ""official""}","[""attack-off (user decision D20): all attack/falsification stages disabled, see config.attack.overrides"", ""float32: general.double_fp=false; solver.use_float64_in_last_iteration=false; stable_f32 interpreter""]",,,100.0,80439.0,official_attack_off_f32,"[""abcrown"",""data/vnncomp2026/tinyimagenet_2024/1.0/onnx/TinyImageNet_resnet_medium.onnx"",""data/vnncomp2026/tinyimagenet_2024/1.0/vnnlib/TinyImageNet_resnet_medium_prop_idx_7816_sidx_6053_eps_0.0039.vnnlib"",100.0,""official_attack_off_f32""]",
tinyimagenet_2024,47,TinyImageNet_resnet_medium.onnx,TinyImageNet_resnet_medium_prop_idx_5773_sidx_7310_eps_0.0039.vnnlib,unsat,11.170695543289185,CERTIFIED,1,100.0,11.170695543289185,15.39,8.078,23.59029644355178,0,0,,,not a FALSIFIED row,0,scratch/logs/fse2026/abcrown/tinyimagenet_2024/00047_c10f3a6203538ca1cec6_ihdf7xsn.log,6b8bbcfac1c01da1cabd240a87e4dce1a65f5a2b,"{""attack"": {""attack_off"": true, ""hook_replacements"": {}, ""overrides"": {""attack"": {""enable_mip_attack"": false, ""input_split_check_adv"": {""enabled"": ""false""}, ""pgd_order"": ""skip""}, ""bab"": {""attack"": {""enabled"": false}, ""branching"": {""input_split"": {""update_rhs_with_attack"": false}}}}}, ""biccos_applicable"": true, ""biccos_effective"": false, ""derived_path"": ""scratch/rq1_2026_tmp/baselines/abcrown/tinyimagenet_2024/00047_c10f3a6203538ca1cec6_ihdf7xsn/config.yaml"", ""deviations"": [""attack-off (user decision D20): all attack/falsification stages disabled, see config.attack.overrides"", ""float32: general.double_fp=false; solver.use_float64_in_last_iteration=false; stable_f32 interpreter""], ""mapping"": ""exact"", ""notes"": [], ""official"": ""exp_configs/vnncomp25/tinyimagenet.yaml"", ""official_biccos"": false, ""official_pgd_order"": ""middle"", ""variant"": ""official""}","[""attack-off (user decision D20): all attack/falsification stages disabled, see config.attack.overrides"", ""float32: general.double_fp=false; solver.use_float64_in_last_iteration=false; stable_f32 interpreter""]",,,1.0,716.0,official_attack_off_f32,"[""abcrown"",""data/vnncomp2026/tinyimagenet_2024/1.0/onnx/TinyImageNet_resnet_medium.onnx"",""data/vnncomp2026/tinyimagenet_2024/1.0/vnnlib/TinyImageNet_resnet_medium_prop_idx_5773_sidx_7310_eps_0.0039.vnnlib"",100.0,""official_attack_off_f32""]",
tinyimagenet_2024,48,TinyImageNet_resnet_medium.onnx,TinyImageNet_resnet_medium_prop_idx_9374_sidx_3808_eps_0.0039.vnnlib,unsat,22.493842840194702,CERTIFIED,1,100.0,22.493842840194702,26.16,7.276,33.60376863926649,0,0,,,not a FALSIFIED row,0,scratch/logs/fse2026/abcrown/tinyimagenet_2024/00048_0c7b41814b0b938ccaa6_jkbniyu3.log,6b8bbcfac1c01da1cabd240a87e4dce1a65f5a2b,"{""attack"": {""attack_off"": true, ""hook_replacements"": {}, ""overrides"": {""attack"": {""enable_mip_attack"": false, ""input_split_check_adv"": {""enabled"": ""false""}, ""pgd_order"": ""skip""}, ""bab"": {""attack"": {""enabled"": false}, ""branching"": {""input_split"": {""update_rhs_with_attack"": false}}}}}, ""biccos_applicable"": true, ""biccos_effective"": false, ""derived_path"": ""scratch/rq1_2026_tmp/baselines/abcrown/tinyimagenet_2024/00048_0c7b41814b0b938ccaa6_jkbniyu3/config.yaml"", ""deviations"": [""attack-off (user decision D20): all attack/falsification stages disabled, see config.attack.overrides"", ""float32: general.double_fp=false; solver.use_float64_in_last_iteration=false; stable_f32 interpreter""], ""mapping"": ""exact"", ""notes"": [], ""official"": ""exp_configs/vnncomp25/tinyimagenet.yaml"", ""official_biccos"": false, ""official_pgd_order"": ""middle"", ""variant"": ""official""}","[""attack-off (user decision D20): all attack/falsification stages disabled, see config.attack.overrides"", ""float32: general.double_fp=false; solver.use_float64_in_last_iteration=false; stable_f32 interpreter""]",,,0.0,34.0,official_attack_off_f32,"[""abcrown"",""data/vnncomp2026/tinyimagenet_2024/1.0/onnx/TinyImageNet_resnet_medium.onnx"",""data/vnncomp2026/tinyimagenet_2024/1.0/vnnlib/TinyImageNet_resnet_medium_prop_idx_9374_sidx_3808_eps_0.0039.vnnlib"",100.0,""official_attack_off_f32""]",
tinyimagenet_2024,49,TinyImageNet_resnet_medium.onnx,TinyImageNet_resnet_medium_prop_idx_6564_sidx_5832_eps_0.0039.vnnlib,timeout,107.92823338508606,TIMEOUT,0,100.0,107.92823338508606,111.661,7.176,118.96413996443152,1,0,,,not a FALSIFIED row,0,scratch/logs/fse2026/abcrown/tinyimagenet_2024/00049_1b0703a748b3e31ede3d_zijxx8o_.log,6b8bbcfac1c01da1cabd240a87e4dce1a65f5a2b,"{""attack"": {""attack_off"": true, ""hook_replacements"": {}, ""overrides"": {""attack"": {""enable_mip_attack"": false, ""input_split_check_adv"": {""enabled"": ""false""}, ""pgd_order"": ""skip""}, ""bab"": {""attack"": {""enabled"": false}, ""branching"": {""input_split"": {""update_rhs_with_attack"": false}}}}}, ""biccos_applicable"": true, ""biccos_effective"": false, ""derived_path"": ""scratch/rq1_2026_tmp/baselines/abcrown/tinyimagenet_2024/00049_1b0703a748b3e31ede3d_zijxx8o_/config.yaml"", ""deviations"": [""attack-off (user decision D20): all attack/falsification stages disabled, see config.attack.overrides"", ""float32: general.double_fp=false; solver.use_float64_in_last_iteration=false; stable_f32 interpreter""], ""mapping"": ""exact"", ""notes"": [], ""official"": ""exp_configs/vnncomp25/tinyimagenet.yaml"", ""official_biccos"": false, ""official_pgd_order"": ""middle"", ""variant"": ""official""}","[""attack-off (user decision D20): all attack/falsification stages disabled, see config.attack.overrides"", ""float32: general.double_fp=false; solver.use_float64_in_last_iteration=false; stable_f32 interpreter""]",,,0.0,11526.0,official_attack_off_f32,"[""abcrown"",""data/vnncomp2026/tinyimagenet_2024/1.0/onnx/TinyImageNet_resnet_medium.onnx"",""data/vnncomp2026/tinyimagenet_2024/1.0/vnnlib/TinyImageNet_resnet_medium_prop_idx_6564_sidx_5832_eps_0.0039.vnnlib"",100.0,""official_attack_off_f32""]",
tinyimagenet_2024,50,TinyImageNet_resnet_medium.onnx,TinyImageNet_resnet_medium_prop_idx_4439_sidx_8451_eps_0.0039.vnnlib,timeout,101.67598700523376,TIMEOUT,0,100.0,101.67598700523376,106.15,7.977,114.25871574319899,1,0,,,not a FALSIFIED row,0,scratch/logs/fse2026/abcrown/tinyimagenet_2024/00050_3069628da183c5728fd3_gzkfu5xz.log,6b8bbcfac1c01da1cabd240a87e4dce1a65f5a2b,"{""attack"": {""attack_off"": true, ""hook_replacements"": {}, ""overrides"": {""attack"": {""enable_mip_attack"": false, ""input_split_check_adv"": {""enabled"": ""false""}, ""pgd_order"": ""skip""}, ""bab"": {""attack"": {""enabled"": false}, ""branching"": {""input_split"": {""update_rhs_with_attack"": false}}}}}, ""biccos_applicable"": true, ""biccos_effective"": false, ""derived_path"": ""scratch/rq1_2026_tmp/baselines/abcrown/tinyimagenet_2024/00050_3069628da183c5728fd3_gzkfu5xz/config.yaml"", ""deviations"": [""attack-off (user decision D20): all attack/falsification stages disabled, see config.attack.overrides"", ""float32: general.double_fp=false; solver.use_float64_in_last_iteration=false; stable_f32 interpreter""], ""mapping"": ""exact"", ""notes"": [], ""official"": ""exp_configs/vnncomp25/tinyimagenet.yaml"", ""official_biccos"": false, ""official_pgd_order"": ""middle"", ""variant"": ""official""}","[""attack-off (user decision D20): all attack/falsification stages disabled, see config.attack.overrides"", ""float32: general.double_fp=false; solver.use_float64_in_last_iteration=false; stable_f32 interpreter""]",,,0.0,37.0,official_attack_off_f32,"[""abcrown"",""data/vnncomp2026/tinyimagenet_2024/1.0/onnx/TinyImageNet_resnet_medium.onnx"",""data/vnncomp2026/tinyimagenet_2024/1.0/vnnlib/TinyImageNet_resnet_medium_prop_idx_4439_sidx_8451_eps_0.0039.vnnlib"",100.0,""official_attack_off_f32""]",
tinyimagenet_2024,51,TinyImageNet_resnet_medium.onnx,TinyImageNet_resnet_medium_prop_idx_3725_sidx_4714_eps_0.0039.vnnlib,timeout,104.8543803691864,TIMEOUT,0,100.0,104.8543803691864,109.297,7.827,117.23866158165038,1,0,,,not a FALSIFIED row,0,scratch/logs/fse2026/abcrown/tinyimagenet_2024/00051_e253538ded4142abc650_4_d_jt88.log,6b8bbcfac1c01da1cabd240a87e4dce1a65f5a2b,"{""attack"": {""attack_off"": true, ""hook_replacements"": {}, ""overrides"": {""attack"": {""enable_mip_attack"": false, ""input_split_check_adv"": {""enabled"": ""false""}, ""pgd_order"": ""skip""}, ""bab"": {""attack"": {""enabled"": false}, ""branching"": {""input_split"": {""update_rhs_with_attack"": false}}}}}, ""biccos_applicable"": true, ""biccos_effective"": false, ""derived_path"": ""scratch/rq1_2026_tmp/baselines/abcrown/tinyimagenet_2024/00051_e253538ded4142abc650_4_d_jt88/config.yaml"", ""deviations"": [""attack-off (user decision D20): all attack/falsification stages disabled, see config.attack.overrides"", ""float32: general.double_fp=false; solver.use_float64_in_last_iteration=false; stable_f32 interpreter""], ""mapping"": ""exact"", ""notes"": [], ""official"": ""exp_configs/vnncomp25/tinyimagenet.yaml"", ""official_biccos"": false, ""official_pgd_order"": ""middle"", ""variant"": ""official""}","[""attack-off (user decision D20): all attack/falsification stages disabled, see config.attack.overrides"", ""float32: general.double_fp=false; solver.use_float64_in_last_iteration=false; stable_f32 interpreter""]",,,96.0,16126.0,official_attack_off_f32,"[""abcrown"",""data/vnncomp2026/tinyimagenet_2024/1.0/onnx/TinyImageNet_resnet_medium.onnx"",""data/vnncomp2026/tinyimagenet_2024/1.0/vnnlib/TinyImageNet_resnet_medium_prop_idx_3725_sidx_4714_eps_0.0039.vnnlib"",100.0,""official_attack_off_f32""]",
tinyimagenet_2024,52,TinyImageNet_resnet_medium.onnx,TinyImageNet_resnet_medium_prop_idx_1861_sidx_7975_eps_0.0039.vnnlib,timeout,109.95302224159241,TIMEOUT,0,100.0,109.95302224159241,114.209,7.677,121.99651282466948,1,0,,,not a FALSIFIED row,0,scratch/logs/fse2026/abcrown/tinyimagenet_2024/00052_426a481236bed2eaa628_2sn_5fmi.log,6b8bbcfac1c01da1cabd240a87e4dce1a65f5a2b,"{""attack"": {""attack_off"": true, ""hook_replacements"": {}, ""overrides"": {""attack"": {""enable_mip_attack"": false, ""input_split_check_adv"": {""enabled"": ""false""}, ""pgd_order"": ""skip""}, ""bab"": {""attack"": {""enabled"": false}, ""branching"": {""input_split"": {""update_rhs_with_attack"": false}}}}}, ""biccos_applicable"": true, ""biccos_effective"": false, ""derived_path"": ""scratch/rq1_2026_tmp/baselines/abcrown/tinyimagenet_2024/00052_426a481236bed2eaa628_2sn_5fmi/config.yaml"", ""deviations"": [""attack-off (user decision D20): all attack/falsification stages disabled, see config.attack.overrides"", ""float32: general.double_fp=false; solver.use_float64_in_last_iteration=false; stable_f32 interpreter""], ""mapping"": ""exact"", ""notes"": [], ""official"": ""exp_configs/vnncomp25/tinyimagenet.yaml"", ""official_biccos"": false, ""official_pgd_order"": ""middle"", ""variant"": ""official""}","[""attack-off (user decision D20): all attack/falsification stages disabled, see config.attack.overrides"", ""float32: general.double_fp=false; solver.use_float64_in_last_iteration=false; stable_f32 interpreter""]",,,97.0,40931.0,official_attack_off_f32,"[""abcrown"",""data/vnncomp2026/tinyimagenet_2024/1.0/onnx/TinyImageNet_resnet_medium.onnx"",""data/vnncomp2026/tinyimagenet_2024/1.0/vnnlib/TinyImageNet_resnet_medium_prop_idx_1861_sidx_7975_eps_0.0039.vnnlib"",100.0,""official_attack_off_f32""]",
tinyimagenet_2024,53,TinyImageNet_resnet_medium.onnx,TinyImageNet_resnet_medium_prop_idx_1126_sidx_4974_eps_0.0039.vnnlib,unsat,3.878211736679077,CERTIFIED,1,100.0,3.878211736679077,7.53,7.527,15.17212663590908,0,0,,,not a FALSIFIED row,0,scratch/logs/fse2026/abcrown/tinyimagenet_2024/00053_f74e344989386d797dde_1t9xusad.log,6b8bbcfac1c01da1cabd240a87e4dce1a65f5a2b,"{""attack"": {""attack_off"": true, ""hook_replacements"": {}, ""overrides"": {""attack"": {""enable_mip_attack"": false, ""input_split_check_adv"": {""enabled"": ""false""}, ""pgd_order"": ""skip""}, ""bab"": {""attack"": {""enabled"": false}, ""branching"": {""input_split"": {""update_rhs_with_attack"": false}}}}}, ""biccos_applicable"": true, ""biccos_effective"": false, ""derived_path"": ""scratch/rq1_2026_tmp/baselines/abcrown/tinyimagenet_2024/00053_f74e344989386d797dde_1t9xusad/config.yaml"", ""deviations"": [""attack-off (user decision D20): all attack/falsification stages disabled, see config.attack.overrides"", ""float32: general.double_fp=false; solver.use_float64_in_last_iteration=false; stable_f32 interpreter""], ""mapping"": ""exact"", ""notes"": [], ""official"": ""exp_configs/vnncomp25/tinyimagenet.yaml"", ""official_biccos"": false, ""official_pgd_order"": ""middle"", ""variant"": ""official""}","[""attack-off (user decision D20): all attack/falsification stages disabled, see config.attack.overrides"", ""float32: general.double_fp=false; solver.use_float64_in_last_iteration=false; stable_f32 interpreter""]",,,14.0,802.0,official_attack_off_f32,"[""abcrown"",""data/vnncomp2026/tinyimagenet_2024/1.0/onnx/TinyImageNet_resnet_medium.onnx"",""data/vnncomp2026/tinyimagenet_2024/1.0/vnnlib/TinyImageNet_resnet_medium_prop_idx_1126_sidx_4974_eps_0.0039.vnnlib"",100.0,""official_attack_off_f32""]",
tinyimagenet_2024,54,TinyImageNet_resnet_medium.onnx,TinyImageNet_resnet_medium_prop_idx_3558_sidx_7280_eps_0.0039.vnnlib,unsat,8.477018356323242,CERTIFIED,1,100.0,8.477018356323242,12.736,7.927,20.777471762150526,0,0,,,not a FALSIFIED row,0,scratch/logs/fse2026/abcrown/tinyimagenet_2024/00054_4e3d2ff527f8055d77c8_z15d5j02.log,6b8bbcfac1c01da1cabd240a87e4dce1a65f5a2b,"{""attack"": {""attack_off"": true, ""hook_replacements"": {}, ""overrides"": {""attack"": {""enable_mip_attack"": false, ""input_split_check_adv"": {""enabled"": ""false""}, ""pgd_order"": ""skip""}, ""bab"": {""attack"": {""enabled"": false}, ""branching"": {""input_split"": {""update_rhs_with_attack"": false}}}}}, ""biccos_applicable"": true, ""biccos_effective"": false, ""derived_path"": ""scratch/rq1_2026_tmp/baselines/abcrown/tinyimagenet_2024/00054_4e3d2ff527f8055d77c8_z15d5j02/config.yaml"", ""deviations"": [""attack-off (user decision D20): all attack/falsification stages disabled, see config.attack.overrides"", ""float32: general.double_fp=false; solver.use_float64_in_last_iteration=false; stable_f32 interpreter""], ""mapping"": ""exact"", ""notes"": [], ""official"": ""exp_configs/vnncomp25/tinyimagenet.yaml"", ""official_biccos"": false, ""official_pgd_order"": ""middle"", ""variant"": ""official""}","[""attack-off (user decision D20): all attack/falsification stages disabled, see config.attack.overrides"", ""float32: general.double_fp=false; solver.use_float64_in_last_iteration=false; stable_f32 interpreter""]",,,89.0,32412.0,official_attack_off_f32,"[""abcrown"",""data/vnncomp2026/tinyimagenet_2024/1.0/onnx/TinyImageNet_resnet_medium.onnx"",""data/vnncomp2026/tinyimagenet_2024/1.0/vnnlib/TinyImageNet_resnet_medium_prop_idx_3558_sidx_7280_eps_0.0039.vnnlib"",100.0,""official_attack_off_f32""]",
tinyimagenet_2024,55,TinyImageNet_resnet_medium.onnx,TinyImageNet_resnet_medium_prop_idx_4863_sidx_3184_eps_0.0039.vnnlib,timeout,111.43047523498535,TIMEOUT,0,100.0,111.43047523498535,115.519,7.677,123.29341544955969,1,0,,,not a FALSIFIED row,0,scratch/logs/fse2026/abcrown/tinyimagenet_2024/00055_abf0a9a9daf3f1c2d139_spvho6hi.log,6b8bbcfac1c01da1cabd240a87e4dce1a65f5a2b,"{""attack"": {""attack_off"": true, ""hook_replacements"": {}, ""overrides"": {""attack"": {""enable_mip_attack"": false, ""input_split_check_adv"": {""enabled"": ""false""}, ""pgd_order"": ""skip""}, ""bab"": {""attack"": {""enabled"": false}, ""branching"": {""input_split"": {""update_rhs_with_attack"": false}}}}}, ""biccos_applicable"": true, ""biccos_effective"": false, ""derived_path"": ""scratch/rq1_2026_tmp/baselines/abcrown/tinyimagenet_2024/00055_abf0a9a9daf3f1c2d139_spvho6hi/config.yaml"", ""deviations"": [""attack-off (user decision D20): all attack/falsification stages disabled, see config.attack.overrides"", ""float32: general.double_fp=false; solver.use_float64_in_last_iteration=false; stable_f32 interpreter""], ""mapping"": ""exact"", ""notes"": [], ""official"": ""exp_configs/vnncomp25/tinyimagenet.yaml"", ""official_biccos"": false, ""official_pgd_order"": ""middle"", ""variant"": ""official""}","[""attack-off (user decision D20): all attack/falsification stages disabled, see config.attack.overrides"", ""float32: general.double_fp=false; solver.use_float64_in_last_iteration=false; stable_f32 interpreter""]",,,98.0,30464.0,official_attack_off_f32,"[""abcrown"",""data/vnncomp2026/tinyimagenet_2024/1.0/onnx/TinyImageNet_resnet_medium.onnx"",""data/vnncomp2026/tinyimagenet_2024/1.0/vnnlib/TinyImageNet_resnet_medium_prop_idx_4863_sidx_3184_eps_0.0039.vnnlib"",100.0,""official_attack_off_f32""]",
tinyimagenet_2024,56,TinyImageNet_resnet_medium.onnx,TinyImageNet_resnet_medium_prop_idx_8768_sidx_4770_eps_0.0039.vnnlib,timeout,115.91350674629211,TIMEOUT,0,100.0,115.91350674629211,119.943,7.877,127.91219971515238,1,0,,,not a FALSIFIED row,0,scratch/logs/fse2026/abcrown/tinyimagenet_2024/00056_406adc57f56ff80b143f_jl5fe503.log,6b8bbcfac1c01da1cabd240a87e4dce1a65f5a2b,"{""attack"": {""attack_off"": true, ""hook_replacements"": {}, ""overrides"": {""attack"": {""enable_mip_attack"": false, ""input_split_check_adv"": {""enabled"": ""false""}, ""pgd_order"": ""skip""}, ""bab"": {""attack"": {""enabled"": false}, ""branching"": {""input_split"": {""update_rhs_with_attack"": false}}}}}, ""biccos_applicable"": true, ""biccos_effective"": false, ""derived_path"": ""scratch/rq1_2026_tmp/baselines/abcrown/tinyimagenet_2024/00056_406adc57f56ff80b143f_jl5fe503/config.yaml"", ""deviations"": [""attack-off (user decision D20): all attack/falsification stages disabled, see config.attack.overrides"", ""float32: general.double_fp=false; solver.use_float64_in_last_iteration=false; stable_f32 interpreter""], ""mapping"": ""exact"", ""notes"": [], ""official"": ""exp_configs/vnncomp25/tinyimagenet.yaml"", ""official_biccos"": false, ""official_pgd_order"": ""middle"", ""variant"": ""official""}","[""attack-off (user decision D20): all attack/falsification stages disabled, see config.attack.overrides"", ""float32: general.double_fp=false; solver.use_float64_in_last_iteration=false; stable_f32 interpreter""]",,,0.0,3768.0,official_attack_off_f32,"[""abcrown"",""data/vnncomp2026/tinyimagenet_2024/1.0/onnx/TinyImageNet_resnet_medium.onnx"",""data/vnncomp2026/tinyimagenet_2024/1.0/vnnlib/TinyImageNet_resnet_medium_prop_idx_8768_sidx_4770_eps_0.0039.vnnlib"",100.0,""official_attack_off_f32""]",
tinyimagenet_2024,57,TinyImageNet_resnet_medium.onnx,TinyImageNet_resnet_medium_prop_idx_931_sidx_2617_eps_0.0039.vnnlib,timeout,104.42364978790283,TIMEOUT,0,100.0,104.42364978790283,108.754,7.527,116.3864409737289,1,0,,,not a FALSIFIED row,0,scratch/logs/fse2026/abcrown/tinyimagenet_2024/00057_dce938e80309ef406785_gsh_4lce.log,6b8bbcfac1c01da1cabd240a87e4dce1a65f5a2b,"{""attack"": {""attack_off"": true, ""hook_replacements"": {}, ""overrides"": {""attack"": {""enable_mip_attack"": false, ""input_split_check_adv"": {""enabled"": ""false""}, ""pgd_order"": ""skip""}, ""bab"": {""attack"": {""enabled"": false}, ""branching"": {""input_split"": {""update_rhs_with_attack"": false}}}}}, ""biccos_applicable"": true, ""biccos_effective"": false, ""derived_path"": ""scratch/rq1_2026_tmp/baselines/abcrown/tinyimagenet_2024/00057_dce938e80309ef406785_gsh_4lce/config.yaml"", ""deviations"": [""attack-off (user decision D20): all attack/falsification stages disabled, see config.attack.overrides"", ""float32: general.double_fp=false; solver.use_float64_in_last_iteration=false; stable_f32 interpreter""], ""mapping"": ""exact"", ""notes"": [], ""official"": ""exp_configs/vnncomp25/tinyimagenet.yaml"", ""official_biccos"": false, ""official_pgd_order"": ""middle"", ""variant"": ""official""}","[""attack-off (user decision D20): all attack/falsification stages disabled, see config.attack.overrides"", ""float32: general.double_fp=false; solver.use_float64_in_last_iteration=false; stable_f32 interpreter""]",,,98.0,4376.0,official_attack_off_f32,"[""abcrown"",""data/vnncomp2026/tinyimagenet_2024/1.0/onnx/TinyImageNet_resnet_medium.onnx"",""data/vnncomp2026/tinyimagenet_2024/1.0/vnnlib/TinyImageNet_resnet_medium_prop_idx_931_sidx_2617_eps_0.0039.vnnlib"",100.0,""official_attack_off_f32""]",
tinyimagenet_2024,58,TinyImageNet_resnet_medium.onnx,TinyImageNet_resnet_medium_prop_idx_9061_sidx_6826_eps_0.0039.vnnlib,timeout,104.39018058776855,TIMEOUT,0,100.0,104.39018058776855,108.558,7.834,116.51177806966007,1,0,,,not a FALSIFIED row,0,scratch/logs/fse2026/abcrown/tinyimagenet_2024/00058_9a9438a4db037833df48_oo3ruymt.log,6b8bbcfac1c01da1cabd240a87e4dce1a65f5a2b,"{""attack"": {""attack_off"": true, ""hook_replacements"": {}, ""overrides"": {""attack"": {""enable_mip_attack"": false, ""input_split_check_adv"": {""enabled"": ""false""}, ""pgd_order"": ""skip""}, ""bab"": {""attack"": {""enabled"": false}, ""branching"": {""input_split"": {""update_rhs_with_attack"": false}}}}}, ""biccos_applicable"": true, ""biccos_effective"": false, ""derived_path"": ""scratch/rq1_2026_tmp/baselines/abcrown/tinyimagenet_2024/00058_9a9438a4db037833df48_oo3ruymt/config.yaml"", ""deviations"": [""attack-off (user decision D20): all attack/falsification stages disabled, see config.attack.overrides"", ""float32: general.double_fp=false; solver.use_float64_in_last_iteration=false; stable_f32 interpreter""], ""mapping"": ""exact"", ""notes"": [], ""official"": ""exp_configs/vnncomp25/tinyimagenet.yaml"", ""official_biccos"": false, ""official_pgd_order"": ""middle"", ""variant"": ""official""}","[""attack-off (user decision D20): all attack/falsification stages disabled, see config.attack.overrides"", ""float32: general.double_fp=false; solver.use_float64_in_last_iteration=false; stable_f32 interpreter""]",,,0.0,34.0,official_attack_off_f32,"[""abcrown"",""data/vnncomp2026/tinyimagenet_2024/1.0/onnx/TinyImageNet_resnet_medium.onnx"",""data/vnncomp2026/tinyimagenet_2024/1.0/vnnlib/TinyImageNet_resnet_medium_prop_idx_9061_sidx_6826_eps_0.0039.vnnlib"",100.0,""official_attack_off_f32""]",
tinyimagenet_2024,59,TinyImageNet_resnet_medium.onnx,TinyImageNet_resnet_medium_prop_idx_647_sidx_9608_eps_0.0039.vnnlib,unsat,4.022188186645508,CERTIFIED,1,100.0,4.022188186645508,8.278,7.978,16.37388054281473,0,0,,,not a FALSIFIED row,0,scratch/logs/fse2026/abcrown/tinyimagenet_2024/00059_9a0bb899400fffea01ba_qofm3m0w.log,6b8bbcfac1c01da1cabd240a87e4dce1a65f5a2b,"{""attack"": {""attack_off"": true, ""hook_replacements"": {}, ""overrides"": {""attack"": {""enable_mip_attack"": false, ""input_split_check_adv"": {""enabled"": ""false""}, ""pgd_order"": ""skip""}, ""bab"": {""attack"": {""enabled"": false}, ""branching"": {""input_split"": {""update_rhs_with_attack"": false}}}}}, ""biccos_applicable"": true, ""biccos_effective"": false, ""derived_path"": ""scratch/rq1_2026_tmp/baselines/abcrown/tinyimagenet_2024/00059_9a0bb899400fffea01ba_qofm3m0w/config.yaml"", ""deviations"": [""attack-off (user decision D20): all attack/falsification stages disabled, see config.attack.overrides"", ""float32: general.double_fp=false; solver.use_float64_in_last_iteration=false; stable_f32 interpreter""], ""mapping"": ""exact"", ""notes"": [], ""official"": ""exp_configs/vnncomp25/tinyimagenet.yaml"", ""official_biccos"": false, ""official_pgd_order"": ""middle"", ""variant"": ""official""}","[""attack-off (user decision D20): all attack/falsification stages disabled, see config.attack.overrides"", ""float32: general.double_fp=false; solver.use_float64_in_last_iteration=false; stable_f32 interpreter""]",,,100.0,39200.0,official_attack_off_f32,"[""abcrown"",""data/vnncomp2026/tinyimagenet_2024/1.0/onnx/TinyImageNet_resnet_medium.onnx"",""data/vnncomp2026/tinyimagenet_2024/1.0/vnnlib/TinyImageNet_resnet_medium_prop_idx_647_sidx_9608_eps_0.0039.vnnlib"",100.0,""official_attack_off_f32""]",
tinyimagenet_2024,60,TinyImageNet_resnet_medium.onnx,TinyImageNet_resnet_medium_prop_idx_2571_sidx_6607_eps_0.0039.vnnlib,unsat,24.2239089012146,CERTIFIED,1,100.0,24.2239089012146,28.211,4.471,32.80877475999296,0,0,,,not a FALSIFIED row,0,scratch/logs/fse2026/abcrown/tinyimagenet_2024/00060_f6d14058d19a34f828ff_s22xk3we.log,6b8bbcfac1c01da1cabd240a87e4dce1a65f5a2b,"{""attack"": {""attack_off"": true, ""hook_replacements"": {}, ""overrides"": {""attack"": {""enable_mip_attack"": false, ""input_split_check_adv"": {""enabled"": ""false""}, ""pgd_order"": ""skip""}, ""bab"": {""attack"": {""enabled"": false}, ""branching"": {""input_split"": {""update_rhs_with_attack"": false}}}}}, ""biccos_applicable"": true, ""biccos_effective"": false, ""derived_path"": ""scratch/rq1_2026_tmp/baselines/abcrown/tinyimagenet_2024/00060_f6d14058d19a34f828ff_s22xk3we/config.yaml"", ""deviations"": [""attack-off (user decision D20): all attack/falsification stages disabled, see config.attack.overrides"", ""float32: general.double_fp=false; solver.use_float64_in_last_iteration=false; stable_f32 interpreter""], ""mapping"": ""exact"", ""notes"": [], ""official"": ""exp_configs/vnncomp25/tinyimagenet.yaml"", ""official_biccos"": false, ""official_pgd_order"": ""middle"", ""variant"": ""official""}","[""attack-off (user decision D20): all attack/falsification stages disabled, see config.attack.overrides"", ""float32: general.double_fp=false; solver.use_float64_in_last_iteration=false; stable_f32 interpreter""]",,,0.0,37.0,official_attack_off_f32,"[""abcrown"",""data/vnncomp2026/tinyimagenet_2024/1.0/onnx/TinyImageNet_resnet_medium.onnx"",""data/vnncomp2026/tinyimagenet_2024/1.0/vnnlib/TinyImageNet_resnet_medium_prop_idx_2571_sidx_6607_eps_0.0039.vnnlib"",100.0,""official_attack_off_f32""]",
tinyimagenet_2024,61,TinyImageNet_resnet_medium.onnx,TinyImageNet_resnet_medium_prop_idx_4592_sidx_7177_eps_0.0039.vnnlib,unsat,1.632544994354248,CERTIFIED,1,100.0,1.632544994354248,5.925,8.129,14.16398836299777,0,0,,,not a FALSIFIED row,0,scratch/logs/fse2026/abcrown/tinyimagenet_2024/00061_1df1d0e5767156dc0d4b_r8b4denp.log,6b8bbcfac1c01da1cabd240a87e4dce1a65f5a2b,"{""attack"": {""attack_off"": true, ""hook_replacements"": {}, ""overrides"": {""attack"": {""enable_mip_attack"": false, ""input_split_check_adv"": {""enabled"": ""false""}, ""pgd_order"": ""skip""}, ""bab"": {""attack"": {""enabled"": false}, ""branching"": {""input_split"": {""update_rhs_with_attack"": false}}}}}, ""biccos_applicable"": true, ""biccos_effective"": false, ""derived_path"": ""scratch/rq1_2026_tmp/baselines/abcrown/tinyimagenet_2024/00061_1df1d0e5767156dc0d4b_r8b4denp/config.yaml"", ""deviations"": [""attack-off (user decision D20): all attack/falsification stages disabled, see config.attack.overrides"", ""float32: general.double_fp=false; solver.use_float64_in_last_iteration=false; stable_f32 interpreter""], ""mapping"": ""exact"", ""notes"": [], ""official"": ""exp_configs/vnncomp25/tinyimagenet.yaml"", ""official_biccos"": false, ""official_pgd_order"": ""middle"", ""variant"": ""official""}","[""attack-off (user decision D20): all attack/falsification stages disabled, see config.attack.overrides"", ""float32: general.double_fp=false; solver.use_float64_in_last_iteration=false; stable_f32 interpreter""]",,,100.0,67550.0,official_attack_off_f32,"[""abcrown"",""data/vnncomp2026/tinyimagenet_2024/1.0/onnx/TinyImageNet_resnet_medium.onnx"",""data/vnncomp2026/tinyimagenet_2024/1.0/vnnlib/TinyImageNet_resnet_medium_prop_idx_4592_sidx_7177_eps_0.0039.vnnlib"",100.0,""official_attack_off_f32""]",
tinyimagenet_2024,62,TinyImageNet_resnet_medium.onnx,TinyImageNet_resnet_medium_prop_idx_9762_sidx_9367_eps_0.0039.vnnlib,unsat,9.02112364768982,CERTIFIED,1,100.0,9.02112364768982,13.336,8.127,21.582489892840385,0,0,,,not a FALSIFIED row,0,scratch/logs/fse2026/abcrown/tinyimagenet_2024/00062_23f6adcf085082b37d43_ymt84pt9.log,6b8bbcfac1c01da1cabd240a87e4dce1a65f5a2b,"{""attack"": {""attack_off"": true, ""hook_replacements"": {}, ""overrides"": {""attack"": {""enable_mip_attack"": false, ""input_split_check_adv"": {""enabled"": ""false""}, ""pgd_order"": ""skip""}, ""bab"": {""attack"": {""enabled"": false}, ""branching"": {""input_split"": {""update_rhs_with_attack"": false}}}}}, ""biccos_applicable"": true, ""biccos_effective"": false, ""derived_path"": ""scratch/rq1_2026_tmp/baselines/abcrown/tinyimagenet_2024/00062_23f6adcf085082b37d43_ymt84pt9/config.yaml"", ""deviations"": [""attack-off (user decision D20): all attack/falsification stages disabled, see config.attack.overrides"", ""float32: general.double_fp=false; solver.use_float64_in_last_iteration=false; stable_f32 interpreter""], ""mapping"": ""exact"", ""notes"": [], ""official"": ""exp_configs/vnncomp25/tinyimagenet.yaml"", ""official_biccos"": false, ""official_pgd_order"": ""middle"", ""variant"": ""official""}","[""attack-off (user decision D20): all attack/falsification stages disabled, see config.attack.overrides"", ""float32: general.double_fp=false; solver.use_float64_in_last_iteration=false; stable_f32 interpreter""]",,,93.0,11632.0,official_attack_off_f32,"[""abcrown"",""data/vnncomp2026/tinyimagenet_2024/1.0/onnx/TinyImageNet_resnet_medium.onnx"",""data/vnncomp2026/tinyimagenet_2024/1.0/vnnlib/TinyImageNet_resnet_medium_prop_idx_9762_sidx_9367_eps_0.0039.vnnlib"",100.0,""official_attack_off_f32""]",
tinyimagenet_2024,63,TinyImageNet_resnet_medium.onnx,TinyImageNet_resnet_medium_prop_idx_6402_sidx_6736_eps_0.0039.vnnlib,timeout,102.96502470970154,TIMEOUT,0,100.0,102.96502470970154,107.481,8.227,115.8131660670042,1,0,,,not a FALSIFIED row,0,scratch/logs/fse2026/abcrown/tinyimagenet_2024/00063_b6399be261bcb0489b35_t1kd90pc.log,6b8bbcfac1c01da1cabd240a87e4dce1a65f5a2b,"{""attack"": {""attack_off"": true, ""hook_replacements"": {}, ""overrides"": {""attack"": {""enable_mip_attack"": false, ""input_split_check_adv"": {""enabled"": ""false""}, ""pgd_order"": ""skip""}, ""bab"": {""attack"": {""enabled"": false}, ""branching"": {""input_split"": {""update_rhs_with_attack"": false}}}}}, ""biccos_applicable"": true, ""biccos_effective"": false, ""derived_path"": ""scratch/rq1_2026_tmp/baselines/abcrown/tinyimagenet_2024/00063_b6399be261bcb0489b35_t1kd90pc/config.yaml"", ""deviations"": [""attack-off (user decision D20): all attack/falsification stages disabled, see config.attack.overrides"", ""float32: general.double_fp=false; solver.use_float64_in_last_iteration=false; stable_f32 interpreter""], ""mapping"": ""exact"", ""notes"": [], ""official"": ""exp_configs/vnncomp25/tinyimagenet.yaml"", ""official_biccos"": false, ""official_pgd_order"": ""middle"", ""variant"": ""official""}","[""attack-off (user decision D20): all attack/falsification stages disabled, see config.attack.overrides"", ""float32: general.double_fp=false; solver.use_float64_in_last_iteration=false; stable_f32 interpreter""]",,,0.0,34.0,official_attack_off_f32,"[""abcrown"",""data/vnncomp2026/tinyimagenet_2024/1.0/onnx/TinyImageNet_resnet_medium.onnx"",""data/vnncomp2026/tinyimagenet_2024/1.0/vnnlib/TinyImageNet_resnet_medium_prop_idx_6402_sidx_6736_eps_0.0039.vnnlib"",100.0,""official_attack_off_f32""]",
tinyimagenet_2024,64,TinyImageNet_resnet_medium.onnx,TinyImageNet_resnet_medium_prop_idx_3543_sidx_5527_eps_0.0039.vnnlib,timeout,105.36020255088806,TIMEOUT,0,100.0,105.36020255088806,109.271,9.002,118.38658418692648,1,0,,,not a FALSIFIED row,0,scratch/logs/fse2026/abcrown/tinyimagenet_2024/00064_1543a42e037f6c5e3236_az5xvybn.log,6b8bbcfac1c01da1cabd240a87e4dce1a65f5a2b,"{""attack"": {""attack_off"": true, ""hook_replacements"": {}, ""overrides"": {""attack"": {""enable_mip_attack"": false, ""input_split_check_adv"": {""enabled"": ""false""}, ""pgd_order"": ""skip""}, ""bab"": {""attack"": {""enabled"": false}, ""branching"": {""input_split"": {""update_rhs_with_attack"": false}}}}}, ""biccos_applicable"": true, ""biccos_effective"": false, ""derived_path"": ""scratch/rq1_2026_tmp/baselines/abcrown/tinyimagenet_2024/00064_1543a42e037f6c5e3236_az5xvybn/config.yaml"", ""deviations"": [""attack-off (user decision D20): all attack/falsification stages disabled, see config.attack.overrides"", ""float32: general.double_fp=false; solver.use_float64_in_last_iteration=false; stable_f32 interpreter""], ""mapping"": ""exact"", ""notes"": [], ""official"": ""exp_configs/vnncomp25/tinyimagenet.yaml"", ""official_biccos"": false, ""official_pgd_order"": ""middle"", ""variant"": ""official""}","[""attack-off (user decision D20): all attack/falsification stages disabled, see config.attack.overrides"", ""float32: general.double_fp=false; solver.use_float64_in_last_iteration=false; stable_f32 interpreter""]",,,89.0,11526.0,official_attack_off_f32,"[""abcrown"",""data/vnncomp2026/tinyimagenet_2024/1.0/onnx/TinyImageNet_resnet_medium.onnx"",""data/vnncomp2026/tinyimagenet_2024/1.0/vnnlib/TinyImageNet_resnet_medium_prop_idx_3543_sidx_5527_eps_0.0039.vnnlib"",100.0,""official_attack_off_f32""]",
tinyimagenet_2024,65,TinyImageNet_resnet_medium.onnx,TinyImageNet_resnet_medium_prop_idx_4284_sidx_4364_eps_0.0039.vnnlib,unsat,1.9739916324615479,CERTIFIED,1,100.0,1.9739916324615479,5.925,8.181,14.21433817408979,0,0,,,not a FALSIFIED row,0,scratch/logs/fse2026/abcrown/tinyimagenet_2024/00065_2077e01f5388316604a8_kf268fma.log,6b8bbcfac1c01da1cabd240a87e4dce1a65f5a2b,"{""attack"": {""attack_off"": true, ""hook_replacements"": {}, ""overrides"": {""attack"": {""enable_mip_attack"": false, ""input_split_check_adv"": {""enabled"": ""false""}, ""pgd_order"": ""skip""}, ""bab"": {""attack"": {""enabled"": false}, ""branching"": {""input_split"": {""update_rhs_with_attack"": false}}}}}, ""biccos_applicable"": true, ""biccos_effective"": false, ""derived_path"": ""scratch/rq1_2026_tmp/baselines/abcrown/tinyimagenet_2024/00065_2077e01f5388316604a8_kf268fma/config.yaml"", ""deviations"": [""attack-off (user decision D20): all attack/falsification stages disabled, see config.attack.overrides"", ""float32: general.double_fp=false; solver.use_float64_in_last_iteration=false; stable_f32 interpreter""], ""mapping"": ""exact"", ""notes"": [], ""official"": ""exp_configs/vnncomp25/tinyimagenet.yaml"", ""official_biccos"": false, ""official_pgd_order"": ""middle"", ""variant"": ""official""}","[""attack-off (user decision D20): all attack/falsification stages disabled, see config.attack.overrides"", ""float32: general.double_fp=false; solver.use_float64_in_last_iteration=false; stable_f32 interpreter""]",,,22.0,26006.0,official_attack_off_f32,"[""abcrown"",""data/vnncomp2026/tinyimagenet_2024/1.0/onnx/TinyImageNet_resnet_medium.onnx"",""data/vnncomp2026/tinyimagenet_2024/1.0/vnnlib/TinyImageNet_resnet_medium_prop_idx_4284_sidx_4364_eps_0.0039.vnnlib"",100.0,""official_attack_off_f32""]",
tinyimagenet_2024,66,TinyImageNet_resnet_medium.onnx,TinyImageNet_resnet_medium_prop_idx_84_sidx_6303_eps_0.0039.vnnlib,unsat,5.920174837112427,CERTIFIED,1,100.0,5.920174837112427,9.831,8.028,17.97583533078432,0,0,,,not a FALSIFIED row,0,scratch/logs/fse2026/abcrown/tinyimagenet_2024/00066_457db9ccebd119db97c4_uzoc_9xy.log,6b8bbcfac1c01da1cabd240a87e4dce1a65f5a2b,"{""attack"": {""attack_off"": true, ""hook_replacements"": {}, ""overrides"": {""attack"": {""enable_mip_attack"": false, ""input_split_check_adv"": {""enabled"": ""false""}, ""pgd_order"": ""skip""}, ""bab"": {""attack"": {""enabled"": false}, ""branching"": {""input_split"": {""update_rhs_with_attack"": false}}}}}, ""biccos_applicable"": true, ""biccos_effective"": false, ""derived_path"": ""scratch/rq1_2026_tmp/baselines/abcrown/tinyimagenet_2024/00066_457db9ccebd119db97c4_uzoc_9xy/config.yaml"", ""deviations"": [""attack-off (user decision D20): all attack/falsification stages disabled, see config.attack.overrides"", ""float32: general.double_fp=false; solver.use_float64_in_last_iteration=false; stable_f32 interpreter""], ""mapping"": ""exact"", ""notes"": [], ""official"": ""exp_configs/vnncomp25/tinyimagenet.yaml"", ""official_biccos"": false, ""official_pgd_order"": ""middle"", ""variant"": ""official""}","[""attack-off (user decision D20): all attack/falsification stages disabled, see config.attack.overrides"", ""float32: general.double_fp=false; solver.use_float64_in_last_iteration=false; stable_f32 interpreter""]",,,0.0,37.0,official_attack_off_f32,"[""abcrown"",""data/vnncomp2026/tinyimagenet_2024/1.0/onnx/TinyImageNet_resnet_medium.onnx"",""data/vnncomp2026/tinyimagenet_2024/1.0/vnnlib/TinyImageNet_resnet_medium_prop_idx_84_sidx_6303_eps_0.0039.vnnlib"",100.0,""official_attack_off_f32""]",
tinyimagenet_2024,67,TinyImageNet_resnet_medium.onnx,TinyImageNet_resnet_medium_prop_idx_2042_sidx_5377_eps_0.0039.vnnlib,unsat,2.020983934402466,CERTIFIED,1,100.0,2.020983934402466,6.025,7.279,13.419903934001923,0,0,,,not a FALSIFIED row,0,scratch/logs/fse2026/abcrown/tinyimagenet_2024/00067_83a613afd1a080261c84_jc5ixf3k.log,6b8bbcfac1c01da1cabd240a87e4dce1a65f5a2b,"{""attack"": {""attack_off"": true, ""hook_replacements"": {}, ""overrides"": {""attack"": {""enable_mip_attack"": false, ""input_split_check_adv"": {""enabled"": ""false""}, ""pgd_order"": ""skip""}, ""bab"": {""attack"": {""enabled"": false}, ""branching"": {""input_split"": {""update_rhs_with_attack"": false}}}}}, ""biccos_applicable"": true, ""biccos_effective"": false, ""derived_path"": ""scratch/rq1_2026_tmp/baselines/abcrown/tinyimagenet_2024/00067_83a613afd1a080261c84_jc5ixf3k/config.yaml"", ""deviations"": [""attack-off (user decision D20): all attack/falsification stages disabled, see config.attack.overrides"", ""float32: general.double_fp=false; solver.use_float64_in_last_iteration=false; stable_f32 interpreter""], ""mapping"": ""exact"", ""notes"": [], ""official"": ""exp_configs/vnncomp25/tinyimagenet.yaml"", ""official_biccos"": false, ""official_pgd_order"": ""middle"", ""variant"": ""official""}","[""attack-off (user decision D20): all attack/falsification stages disabled, see config.attack.overrides"", ""float32: general.double_fp=false; solver.use_float64_in_last_iteration=false; stable_f32 interpreter""]",,,29.0,16630.0,official_attack_off_f32,"[""abcrown"",""data/vnncomp2026/tinyimagenet_2024/1.0/onnx/TinyImageNet_resnet_medium.onnx"",""data/vnncomp2026/tinyimagenet_2024/1.0/vnnlib/TinyImageNet_resnet_medium_prop_idx_2042_sidx_5377_eps_0.0039.vnnlib"",100.0,""official_attack_off_f32""]",
tinyimagenet_2024,68,TinyImageNet_resnet_medium.onnx,TinyImageNet_resnet_medium_prop_idx_1247_sidx_5409_eps_0.0039.vnnlib,unsat,10.06513237953186,CERTIFIED,1,100.0,10.06513237953186,14.288,8.127,22.53823351301253,0,0,,,not a FALSIFIED row,0,scratch/logs/fse2026/abcrown/tinyimagenet_2024/00068_c0b73b1ef5d92c58f933_cb0se969.log,6b8bbcfac1c01da1cabd240a87e4dce1a65f5a2b,"{""attack"": {""attack_off"": true, ""hook_replacements"": {}, ""overrides"": {""attack"": {""enable_mip_attack"": false, ""input_split_check_adv"": {""enabled"": ""false""}, ""pgd_order"": ""skip""}, ""bab"": {""attack"": {""enabled"": false}, ""branching"": {""input_split"": {""update_rhs_with_attack"": false}}}}}, ""biccos_applicable"": true, ""biccos_effective"": false, ""derived_path"": ""scratch/rq1_2026_tmp/baselines/abcrown/tinyimagenet_2024/00068_c0b73b1ef5d92c58f933_cb0se969/config.yaml"", ""deviations"": [""attack-off (user decision D20): all attack/falsification stages disabled, see config.attack.overrides"", ""float32: general.double_fp=false; solver.use_float64_in_last_iteration=false; stable_f32 interpreter""], ""mapping"": ""exact"", ""notes"": [], ""official"": ""exp_configs/vnncomp25/tinyimagenet.yaml"", ""official_biccos"": false, ""official_pgd_order"": ""middle"", ""variant"": ""official""}","[""attack-off (user decision D20): all attack/falsification stages disabled, see config.attack.overrides"", ""float32: general.double_fp=false; solver.use_float64_in_last_iteration=false; stable_f32 interpreter""]",,,0.0,37.0,official_attack_off_f32,"[""abcrown"",""data/vnncomp2026/tinyimagenet_2024/1.0/onnx/TinyImageNet_resnet_medium.onnx"",""data/vnncomp2026/tinyimagenet_2024/1.0/vnnlib/TinyImageNet_resnet_medium_prop_idx_1247_sidx_5409_eps_0.0039.vnnlib"",100.0,""official_attack_off_f32""]",
tinyimagenet_2024,69,TinyImageNet_resnet_medium.onnx,TinyImageNet_resnet_medium_prop_idx_1513_sidx_3461_eps_0.0039.vnnlib,timeout,100.99731492996216,TIMEOUT,0,100.0,100.99731492996216,105.399,7.882,113.39113110490143,1,0,,,not a FALSIFIED row,0,scratch/logs/fse2026/abcrown/tinyimagenet_2024/00069_4039ea5bbaea62aa42ad__kydqah4.log,6b8bbcfac1c01da1cabd240a87e4dce1a65f5a2b,"{""attack"": {""attack_off"": true, ""hook_replacements"": {}, ""overrides"": {""attack"": {""enable_mip_attack"": false, ""input_split_check_adv"": {""enabled"": ""false""}, ""pgd_order"": ""skip""}, ""bab"": {""attack"": {""enabled"": false}, ""branching"": {""input_split"": {""update_rhs_with_attack"": false}}}}}, ""biccos_applicable"": true, ""biccos_effective"": false, ""derived_path"": ""scratch/rq1_2026_tmp/baselines/abcrown/tinyimagenet_2024/00069_4039ea5bbaea62aa42ad__kydqah4/config.yaml"", ""deviations"": [""attack-off (user decision D20): all attack/falsification stages disabled, see config.attack.overrides"", ""float32: general.double_fp=false; solver.use_float64_in_last_iteration=false; stable_f32 interpreter""], ""mapping"": ""exact"", ""notes"": [], ""official"": ""exp_configs/vnncomp25/tinyimagenet.yaml"", ""official_biccos"": false, ""official_pgd_order"": ""middle"", ""variant"": ""official""}","[""attack-off (user decision D20): all attack/falsification stages disabled, see config.attack.overrides"", ""float32: general.double_fp=false; solver.use_float64_in_last_iteration=false; stable_f32 interpreter""]",,,84.0,5578.0,official_attack_off_f32,"[""abcrown"",""data/vnncomp2026/tinyimagenet_2024/1.0/onnx/TinyImageNet_resnet_medium.onnx"",""data/vnncomp2026/tinyimagenet_2024/1.0/vnnlib/TinyImageNet_resnet_medium_prop_idx_1513_sidx_3461_eps_0.0039.vnnlib"",100.0,""official_attack_off_f32""]",
tinyimagenet_2024,70,TinyImageNet_resnet_medium.onnx,TinyImageNet_resnet_medium_prop_idx_7261_sidx_1162_eps_0.0039.vnnlib,unsat,2.98769211769104,CERTIFIED,1,100.0,2.98769211769104,7.327,8.078,15.522547949105501,0,0,,,not a FALSIFIED row,0,scratch/logs/fse2026/abcrown/tinyimagenet_2024/00070_484b4521085e22d3fe5f_7i18j6qv.log,6b8bbcfac1c01da1cabd240a87e4dce1a65f5a2b,"{""attack"": {""attack_off"": true, ""hook_replacements"": {}, ""overrides"": {""attack"": {""enable_mip_attack"": false, ""input_split_check_adv"": {""enabled"": ""false""}, ""pgd_order"": ""skip""}, ""bab"": {""attack"": {""enabled"": false}, ""branching"": {""input_split"": {""update_rhs_with_attack"": false}}}}}, ""biccos_applicable"": true, ""biccos_effective"": false, ""derived_path"": ""scratch/rq1_2026_tmp/baselines/abcrown/tinyimagenet_2024/00070_484b4521085e22d3fe5f_7i18j6qv/config.yaml"", ""deviations"": [""attack-off (user decision D20): all attack/falsification stages disabled, see config.attack.overrides"", ""float32: general.double_fp=false; solver.use_float64_in_last_iteration=false; stable_f32 interpreter""], ""mapping"": ""exact"", ""notes"": [], ""official"": ""exp_configs/vnncomp25/tinyimagenet.yaml"", ""official_biccos"": false, ""official_pgd_order"": ""middle"", ""variant"": ""official""}","[""attack-off (user decision D20): all attack/falsification stages disabled, see config.attack.overrides"", ""float32: general.double_fp=false; solver.use_float64_in_last_iteration=false; stable_f32 interpreter""]",,,100.0,87950.0,official_attack_off_f32,"[""abcrown"",""data/vnncomp2026/tinyimagenet_2024/1.0/onnx/TinyImageNet_resnet_medium.onnx"",""data/vnncomp2026/tinyimagenet_2024/1.0/vnnlib/TinyImageNet_resnet_medium_prop_idx_7261_sidx_1162_eps_0.0039.vnnlib"",100.0,""official_attack_off_f32""]",
tinyimagenet_2024,71,TinyImageNet_resnet_medium.onnx,TinyImageNet_resnet_medium_prop_idx_1285_sidx_7564_eps_0.0039.vnnlib,unsat,2.0654549598693848,CERTIFIED,1,100.0,2.0654549598693848,5.925,7.478,13.519198229536414,0,0,,,not a FALSIFIED row,0,scratch/logs/fse2026/abcrown/tinyimagenet_2024/00071_56b2ba3cd2a72b67853c_plwrpveb.log,6b8bbcfac1c01da1cabd240a87e4dce1a65f5a2b,"{""attack"": {""attack_off"": true, ""hook_replacements"": {}, ""overrides"": {""attack"": {""enable_mip_attack"": false, ""input_split_check_adv"": {""enabled"": ""false""}, ""pgd_order"": ""skip""}, ""bab"": {""attack"": {""enabled"": false}, ""branching"": {""input_split"": {""update_rhs_with_attack"": false}}}}}, ""biccos_applicable"": true, ""biccos_effective"": false, ""derived_path"": ""scratch/rq1_2026_tmp/baselines/abcrown/tinyimagenet_2024/00071_56b2ba3cd2a72b67853c_plwrpveb/config.yaml"", ""deviations"": [""attack-off (user decision D20): all attack/falsification stages disabled, see config.attack.overrides"", ""float32: general.double_fp=false; solver.use_float64_in_last_iteration=false; stable_f32 interpreter""], ""mapping"": ""exact"", ""notes"": [], ""official"": ""exp_configs/vnncomp25/tinyimagenet.yaml"", ""official_biccos"": false, ""official_pgd_order"": ""middle"", ""variant"": ""official""}","[""attack-off (user decision D20): all attack/falsification stages disabled, see config.attack.overrides"", ""float32: general.double_fp=false; solver.use_float64_in_last_iteration=false; stable_f32 interpreter""]",,,96.0,11896.0,official_attack_off_f32,"[""abcrown"",""data/vnncomp2026/tinyimagenet_2024/1.0/onnx/TinyImageNet_resnet_medium.onnx"",""data/vnncomp2026/tinyimagenet_2024/1.0/vnnlib/TinyImageNet_resnet_medium_prop_idx_1285_sidx_7564_eps_0.0039.vnnlib"",100.0,""official_attack_off_f32""]",
tinyimagenet_2024,72,TinyImageNet_resnet_medium.onnx,TinyImageNet_resnet_medium_prop_idx_8470_sidx_565_eps_0.0039.vnnlib,unsat,4.656849145889282,CERTIFIED,1,100.0,4.656849145889282,8.379,7.628,16.166025104001164,0,0,,,not a FALSIFIED row,0,scratch/logs/fse2026/abcrown/tinyimagenet_2024/00072_ebbb31ff1fd78b33bc5e_v927lx8n.log,6b8bbcfac1c01da1cabd240a87e4dce1a65f5a2b,"{""attack"": {""attack_off"": true, ""hook_replacements"": {}, ""overrides"": {""attack"": {""enable_mip_attack"": false, ""input_split_check_adv"": {""enabled"": ""false""}, ""pgd_order"": ""skip""}, ""bab"": {""attack"": {""enabled"": false}, ""branching"": {""input_split"": {""update_rhs_with_attack"": false}}}}}, ""biccos_applicable"": true, ""biccos_effective"": false, ""derived_path"": ""scratch/rq1_2026_tmp/baselines/abcrown/tinyimagenet_2024/00072_ebbb31ff1fd78b33bc5e_v927lx8n/config.yaml"", ""deviations"": [""attack-off (user decision D20): all attack/falsification stages disabled, see config.attack.overrides"", ""float32: general.double_fp=false; solver.use_float64_in_last_iteration=false; stable_f32 interpreter""], ""mapping"": ""exact"", ""notes"": [], ""official"": ""exp_configs/vnncomp25/tinyimagenet.yaml"", ""official_biccos"": false, ""official_pgd_order"": ""middle"", ""variant"": ""official""}","[""attack-off (user decision D20): all attack/falsification stages disabled, see config.attack.overrides"", ""float32: general.double_fp=false; solver.use_float64_in_last_iteration=false; stable_f32 interpreter""]",,,34.0,624.0,official_attack_off_f32,"[""abcrown"",""data/vnncomp2026/tinyimagenet_2024/1.0/onnx/TinyImageNet_resnet_medium.onnx"",""data/vnncomp2026/tinyimagenet_2024/1.0/vnnlib/TinyImageNet_resnet_medium_prop_idx_8470_sidx_565_eps_0.0039.vnnlib"",100.0,""official_attack_off_f32""]",
tinyimagenet_2024,73,TinyImageNet_resnet_medium.onnx,TinyImageNet_resnet_medium_prop_idx_4513_sidx_5588_eps_0.0039.vnnlib,unsat,7.001966238021851,CERTIFIED,1,100.0,7.001966238021851,11.033,7.529,18.66908304207027,0,0,,,not a FALSIFIED row,0,scratch/logs/fse2026/abcrown/tinyimagenet_2024/00073_a2b3214ef0283e7bd60d_avevb7e8.log,6b8bbcfac1c01da1cabd240a87e4dce1a65f5a2b,"{""attack"": {""attack_off"": true, ""hook_replacements"": {}, ""overrides"": {""attack"": {""enable_mip_attack"": false, ""input_split_check_adv"": {""enabled"": ""false""}, ""pgd_order"": ""skip""}, ""bab"": {""attack"": {""enabled"": false}, ""branching"": {""input_split"": {""update_rhs_with_attack"": false}}}}}, ""biccos_applicable"": true, ""biccos_effective"": false, ""derived_path"": ""scratch/rq1_2026_tmp/baselines/abcrown/tinyimagenet_2024/00073_a2b3214ef0283e7bd60d_avevb7e8/config.yaml"", ""deviations"": [""attack-off (user decision D20): all attack/falsification stages disabled, see config.attack.overrides"", ""float32: general.double_fp=false; solver.use_float64_in_last_iteration=false; stable_f32 interpreter""], ""mapping"": ""exact"", ""notes"": [], ""official"": ""exp_configs/vnncomp25/tinyimagenet.yaml"", ""official_biccos"": false, ""official_pgd_order"": ""middle"", ""variant"": ""official""}","[""attack-off (user decision D20): all attack/falsification stages disabled, see config.attack.overrides"", ""float32: general.double_fp=false; solver.use_float64_in_last_iteration=false; stable_f32 interpreter""]",,,94.0,30302.0,official_attack_off_f32,"[""abcrown"",""data/vnncomp2026/tinyimagenet_2024/1.0/onnx/TinyImageNet_resnet_medium.onnx"",""data/vnncomp2026/tinyimagenet_2024/1.0/vnnlib/TinyImageNet_resnet_medium_prop_idx_4513_sidx_5588_eps_0.0039.vnnlib"",100.0,""official_attack_off_f32""]",
tinyimagenet_2024,74,TinyImageNet_resnet_medium.onnx,TinyImageNet_resnet_medium_prop_idx_1924_sidx_6759_eps_0.0039.vnnlib,unsat,6.289503812789917,CERTIFIED,1,100.0,6.289503812789917,10.281,7.63,18.02507091872394,0,0,,,not a FALSIFIED row,0,scratch/logs/fse2026/abcrown/tinyimagenet_2024/00074_8da2323b4c6b68e9079d_9wpem5r5.log,6b8bbcfac1c01da1cabd240a87e4dce1a65f5a2b,"{""attack"": {""attack_off"": true, ""hook_replacements"": {}, ""overrides"": {""attack"": {""enable_mip_attack"": false, ""input_split_check_adv"": {""enabled"": ""false""}, ""pgd_order"": ""skip""}, ""bab"": {""attack"": {""enabled"": false}, ""branching"": {""input_split"": {""update_rhs_with_attack"": false}}}}}, ""biccos_applicable"": true, ""biccos_effective"": false, ""derived_path"": ""scratch/rq1_2026_tmp/baselines/abcrown/tinyimagenet_2024/00074_8da2323b4c6b68e9079d_9wpem5r5/config.yaml"", ""deviations"": [""attack-off (user decision D20): all attack/falsification stages disabled, see config.attack.overrides"", ""float32: general.double_fp=false; solver.use_float64_in_last_iteration=false; stable_f32 interpreter""], ""mapping"": ""exact"", ""notes"": [], ""official"": ""exp_configs/vnncomp25/tinyimagenet.yaml"", ""official_biccos"": false, ""official_pgd_order"": ""middle"", ""variant"": ""official""}","[""attack-off (user decision D20): all attack/falsification stages disabled, see config.attack.overrides"", ""float32: general.double_fp=false; solver.use_float64_in_last_iteration=false; stable_f32 interpreter""]",,,96.0,3444.0,official_attack_off_f32,"[""abcrown"",""data/vnncomp2026/tinyimagenet_2024/1.0/onnx/TinyImageNet_resnet_medium.onnx"",""data/vnncomp2026/tinyimagenet_2024/1.0/vnnlib/TinyImageNet_resnet_medium_prop_idx_1924_sidx_6759_eps_0.0039.vnnlib"",100.0,""official_attack_off_f32""]",
tinyimagenet_2024,75,TinyImageNet_resnet_medium.onnx,TinyImageNet_resnet_medium_prop_idx_5999_sidx_7879_eps_0.0039.vnnlib,unsat,1.7746329307556152,CERTIFIED,1,100.0,1.7746329307556152,5.575,7.477,13.1676494628191,0,0,,,not a FALSIFIED row,0,scratch/logs/fse2026/abcrown/tinyimagenet_2024/00075_d43cab6a4fc9c8de5049_63ldyf79.log,6b8bbcfac1c01da1cabd240a87e4dce1a65f5a2b,"{""attack"": {""attack_off"": true, ""hook_replacements"": {}, ""overrides"": {""attack"": {""enable_mip_attack"": false, ""input_split_check_adv"": {""enabled"": ""false""}, ""pgd_order"": ""skip""}, ""bab"": {""attack"": {""enabled"": false}, ""branching"": {""input_split"": {""update_rhs_with_attack"": false}}}}}, ""biccos_applicable"": true, ""biccos_effective"": false, ""derived_path"": ""scratch/rq1_2026_tmp/baselines/abcrown/tinyimagenet_2024/00075_d43cab6a4fc9c8de5049_63ldyf79/config.yaml"", ""deviations"": [""attack-off (user decision D20): all attack/falsification stages disabled, see config.attack.overrides"", ""float32: general.double_fp=false; solver.use_float64_in_last_iteration=false; stable_f32 interpreter""], ""mapping"": ""exact"", ""notes"": [], ""official"": ""exp_configs/vnncomp25/tinyimagenet.yaml"", ""official_biccos"": false, ""official_pgd_order"": ""middle"", ""variant"": ""official""}","[""attack-off (user decision D20): all attack/falsification stages disabled, see config.attack.overrides"", ""float32: general.double_fp=false; solver.use_float64_in_last_iteration=false; stable_f32 interpreter""]",,,100.0,39200.0,official_attack_off_f32,"[""abcrown"",""data/vnncomp2026/tinyimagenet_2024/1.0/onnx/TinyImageNet_resnet_medium.onnx"",""data/vnncomp2026/tinyimagenet_2024/1.0/vnnlib/TinyImageNet_resnet_medium_prop_idx_5999_sidx_7879_eps_0.0039.vnnlib"",100.0,""official_attack_off_f32""]",
tinyimagenet_2024,76,TinyImageNet_resnet_medium.onnx,TinyImageNet_resnet_medium_prop_idx_9396_sidx_3885_eps_0.0039.vnnlib,unsat,6.487655401229858,CERTIFIED,1,100.0,6.487655401229858,10.532,7.526,18.174659587442875,0,0,,,not a FALSIFIED row,0,scratch/logs/fse2026/abcrown/tinyimagenet_2024/00076_b6601485e5ac9c706d10_4zwpqg36.log,6b8bbcfac1c01da1cabd240a87e4dce1a65f5a2b,"{""attack"": {""attack_off"": true, ""hook_replacements"": {}, ""overrides"": {""attack"": {""enable_mip_attack"": false, ""input_split_check_adv"": {""enabled"": ""false""}, ""pgd_order"": ""skip""}, ""bab"": {""attack"": {""enabled"": false}, ""branching"": {""input_split"": {""update_rhs_with_attack"": false}}}}}, ""biccos_applicable"": true, ""biccos_effective"": false, ""derived_path"": ""scratch/rq1_2026_tmp/baselines/abcrown/tinyimagenet_2024/00076_b6601485e5ac9c706d10_4zwpqg36/config.yaml"", ""deviations"": [""attack-off (user decision D20): all attack/falsification stages disabled, see config.attack.overrides"", ""float32: general.double_fp=false; solver.use_float64_in_last_iteration=false; stable_f32 interpreter""], ""mapping"": ""exact"", ""notes"": [], ""official"": ""exp_configs/vnncomp25/tinyimagenet.yaml"", ""official_biccos"": false, ""official_pgd_order"": ""middle"", ""variant"": ""official""}","[""attack-off (user decision D20): all attack/falsification stages disabled, see config.attack.overrides"", ""float32: general.double_fp=false; solver.use_float64_in_last_iteration=false; stable_f32 interpreter""]",,,70.0,25520.0,official_attack_off_f32,"[""abcrown"",""data/vnncomp2026/tinyimagenet_2024/1.0/onnx/TinyImageNet_resnet_medium.onnx"",""data/vnncomp2026/tinyimagenet_2024/1.0/vnnlib/TinyImageNet_resnet_medium_prop_idx_9396_sidx_3885_eps_0.0039.vnnlib"",100.0,""official_attack_off_f32""]",
tinyimagenet_2024,77,TinyImageNet_resnet_medium.onnx,TinyImageNet_resnet_medium_prop_idx_5634_sidx_9441_eps_0.0039.vnnlib,unsat,2.9765820503234863,CERTIFIED,1,100.0,2.9765820503234863,6.626,7.78,14.52034842595458,0,0,,,not a FALSIFIED row,0,scratch/logs/fse2026/abcrown/tinyimagenet_2024/00077_46bb493a4f364ef4be24_zvfi5gzc.log,6b8bbcfac1c01da1cabd240a87e4dce1a65f5a2b,"{""attack"": {""attack_off"": true, ""hook_replacements"": {}, ""overrides"": {""attack"": {""enable_mip_attack"": false, ""input_split_check_adv"": {""enabled"": ""false""}, ""pgd_order"": ""skip""}, ""bab"": {""attack"": {""enabled"": false}, ""branching"": {""input_split"": {""update_rhs_with_attack"": false}}}}}, ""biccos_applicable"": true, ""biccos_effective"": false, ""derived_path"": ""scratch/rq1_2026_tmp/baselines/abcrown/tinyimagenet_2024/00077_46bb493a4f364ef4be24_zvfi5gzc/config.yaml"", ""deviations"": [""attack-off (user decision D20): all attack/falsification stages disabled, see config.attack.overrides"", ""float32: general.double_fp=false; solver.use_float64_in_last_iteration=false; stable_f32 interpreter""], ""mapping"": ""exact"", ""notes"": [], ""official"": ""exp_configs/vnncomp25/tinyimagenet.yaml"", ""official_biccos"": false, ""official_pgd_order"": ""middle"", ""variant"": ""official""}","[""attack-off (user decision D20): all attack/falsification stages disabled, see config.attack.overrides"", ""float32: general.double_fp=false; solver.use_float64_in_last_iteration=false; stable_f32 interpreter""]",,,66.0,10526.0,official_attack_off_f32,"[""abcrown"",""data/vnncomp2026/tinyimagenet_2024/1.0/onnx/TinyImageNet_resnet_medium.onnx"",""data/vnncomp2026/tinyimagenet_2024/1.0/vnnlib/TinyImageNet_resnet_medium_prop_idx_5634_sidx_9441_eps_0.0039.vnnlib"",100.0,""official_attack_off_f32""]",
tinyimagenet_2024,78,TinyImageNet_resnet_medium.onnx,TinyImageNet_resnet_medium_prop_idx_7196_sidx_2293_eps_0.0039.vnnlib,unsat,5.737199544906616,CERTIFIED,1,100.0,5.737199544906616,9.731,7.479,17.324949007481337,0,0,,,not a FALSIFIED row,0,scratch/logs/fse2026/abcrown/tinyimagenet_2024/00078_c6efe4a16dd82d790f6f_nyfrr17i.log,6b8bbcfac1c01da1cabd240a87e4dce1a65f5a2b,"{""attack"": {""attack_off"": true, ""hook_replacements"": {}, ""overrides"": {""attack"": {""enable_mip_attack"": false, ""input_split_check_adv"": {""enabled"": ""false""}, ""pgd_order"": ""skip""}, ""bab"": {""attack"": {""enabled"": false}, ""branching"": {""input_split"": {""update_rhs_with_attack"": false}}}}}, ""biccos_applicable"": true, ""biccos_effective"": false, ""derived_path"": ""scratch/rq1_2026_tmp/baselines/abcrown/tinyimagenet_2024/00078_c6efe4a16dd82d790f6f_nyfrr17i/config.yaml"", ""deviations"": [""attack-off (user decision D20): all attack/falsification stages disabled, see config.attack.overrides"", ""float32: general.double_fp=false; solver.use_float64_in_last_iteration=false; stable_f32 interpreter""], ""mapping"": ""exact"", ""notes"": [], ""official"": ""exp_configs/vnncomp25/tinyimagenet.yaml"", ""official_biccos"": false, ""official_pgd_order"": ""middle"", ""variant"": ""official""}","[""attack-off (user decision D20): all attack/falsification stages disabled, see config.attack.overrides"", ""float32: general.double_fp=false; solver.use_float64_in_last_iteration=false; stable_f32 interpreter""]",,,95.0,3852.0,official_attack_off_f32,"[""abcrown"",""data/vnncomp2026/tinyimagenet_2024/1.0/onnx/TinyImageNet_resnet_medium.onnx"",""data/vnncomp2026/tinyimagenet_2024/1.0/vnnlib/TinyImageNet_resnet_medium_prop_idx_7196_sidx_2293_eps_0.0039.vnnlib"",100.0,""official_attack_off_f32""]",
tinyimagenet_2024,79,TinyImageNet_resnet_medium.onnx,TinyImageNet_resnet_medium_prop_idx_6112_sidx_1602_eps_0.0039.vnnlib,unsat,6.406386852264404,CERTIFIED,1,100.0,6.406386852264404,10.632,7.476,18.22249531187117,0,0,,,not a FALSIFIED row,0,scratch/logs/fse2026/abcrown/tinyimagenet_2024/00079_b321362ab313240a3b64__8raa2nc.log,6b8bbcfac1c01da1cabd240a87e4dce1a65f5a2b,"{""attack"": {""attack_off"": true, ""hook_replacements"": {}, ""overrides"": {""attack"": {""enable_mip_attack"": false, ""input_split_check_adv"": {""enabled"": ""false""}, ""pgd_order"": ""skip""}, ""bab"": {""attack"": {""enabled"": false}, ""branching"": {""input_split"": {""update_rhs_with_attack"": false}}}}}, ""biccos_applicable"": true, ""biccos_effective"": false, ""derived_path"": ""scratch/rq1_2026_tmp/baselines/abcrown/tinyimagenet_2024/00079_b321362ab313240a3b64__8raa2nc/config.yaml"", ""deviations"": [""attack-off (user decision D20): all attack/falsification stages disabled, see config.attack.overrides"", ""float32: general.double_fp=false; solver.use_float64_in_last_iteration=false; stable_f32 interpreter""], ""mapping"": ""exact"", ""notes"": [], ""official"": ""exp_configs/vnncomp25/tinyimagenet.yaml"", ""official_biccos"": false, ""official_pgd_order"": ""middle"", ""variant"": ""official""}","[""attack-off (user decision D20): all attack/falsification stages disabled, see config.attack.overrides"", ""float32: general.double_fp=false; solver.use_float64_in_last_iteration=false; stable_f32 interpreter""]",,,88.0,23922.0,official_attack_off_f32,"[""abcrown"",""data/vnncomp2026/tinyimagenet_2024/1.0/onnx/TinyImageNet_resnet_medium.onnx"",""data/vnncomp2026/tinyimagenet_2024/1.0/vnnlib/TinyImageNet_resnet_medium_prop_idx_6112_sidx_1602_eps_0.0039.vnnlib"",100.0,""official_attack_off_f32""]",
tinyimagenet_2024,80,TinyImageNet_resnet_medium.onnx,TinyImageNet_resnet_medium_prop_idx_1057_sidx_5198_eps_0.0039.vnnlib,timeout,104.61500883102417,TIMEOUT,0,100.0,104.61500883102417,108.605,7.326,116.04462729766965,1,0,,,not a FALSIFIED row,0,scratch/logs/fse2026/abcrown/tinyimagenet_2024/00080_b6bb28fb37683ca2a9fd__svz9x2h.log,6b8bbcfac1c01da1cabd240a87e4dce1a65f5a2b,"{""attack"": {""attack_off"": true, ""hook_replacements"": {}, ""overrides"": {""attack"": {""enable_mip_attack"": false, ""input_split_check_adv"": {""enabled"": ""false""}, ""pgd_order"": ""skip""}, ""bab"": {""attack"": {""enabled"": false}, ""branching"": {""input_split"": {""update_rhs_with_attack"": false}}}}}, ""biccos_applicable"": true, ""biccos_effective"": false, ""derived_path"": ""scratch/rq1_2026_tmp/baselines/abcrown/tinyimagenet_2024/00080_b6bb28fb37683ca2a9fd__svz9x2h/config.yaml"", ""deviations"": [""attack-off (user decision D20): all attack/falsification stages disabled, see config.attack.overrides"", ""float32: general.double_fp=false; solver.use_float64_in_last_iteration=false; stable_f32 interpreter""], ""mapping"": ""exact"", ""notes"": [], ""official"": ""exp_configs/vnncomp25/tinyimagenet.yaml"", ""official_biccos"": false, ""official_pgd_order"": ""middle"", ""variant"": ""official""}","[""attack-off (user decision D20): all attack/falsification stages disabled, see config.attack.overrides"", ""float32: general.double_fp=false; solver.use_float64_in_last_iteration=false; stable_f32 interpreter""]",,,47.0,3860.0,official_attack_off_f32,"[""abcrown"",""data/vnncomp2026/tinyimagenet_2024/1.0/onnx/TinyImageNet_resnet_medium.onnx"",""data/vnncomp2026/tinyimagenet_2024/1.0/vnnlib/TinyImageNet_resnet_medium_prop_idx_1057_sidx_5198_eps_0.0039.vnnlib"",100.0,""official_attack_off_f32""]",
tinyimagenet_2024,81,TinyImageNet_resnet_medium.onnx,TinyImageNet_resnet_medium_prop_idx_9803_sidx_5555_eps_0.0039.vnnlib,unsat,2.0045642852783203,CERTIFIED,1,100.0,2.0045642852783203,5.875,7.731,13.728918375447392,0,0,,,not a FALSIFIED row,0,scratch/logs/fse2026/abcrown/tinyimagenet_2024/00081_46aba53ebbc1c8d12659_khr2of2p.log,6b8bbcfac1c01da1cabd240a87e4dce1a65f5a2b,"{""attack"": {""attack_off"": true, ""hook_replacements"": {}, ""overrides"": {""attack"": {""enable_mip_attack"": false, ""input_split_check_adv"": {""enabled"": ""false""}, ""pgd_order"": ""skip""}, ""bab"": {""attack"": {""enabled"": false}, ""branching"": {""input_split"": {""update_rhs_with_attack"": false}}}}}, ""biccos_applicable"": true, ""biccos_effective"": false, ""derived_path"": ""scratch/rq1_2026_tmp/baselines/abcrown/tinyimagenet_2024/00081_46aba53ebbc1c8d12659_khr2of2p/config.yaml"", ""deviations"": [""attack-off (user decision D20): all attack/falsification stages disabled, see config.attack.overrides"", ""float32: general.double_fp=false; solver.use_float64_in_last_iteration=false; stable_f32 interpreter""], ""mapping"": ""exact"", ""notes"": [], ""official"": ""exp_configs/vnncomp25/tinyimagenet.yaml"", ""official_biccos"": false, ""official_pgd_order"": ""middle"", ""variant"": ""official""}","[""attack-off (user decision D20): all attack/falsification stages disabled, see config.attack.overrides"", ""float32: general.double_fp=false; solver.use_float64_in_last_iteration=false; stable_f32 interpreter""]",,,100.0,67550.0,official_attack_off_f32,"[""abcrown"",""data/vnncomp2026/tinyimagenet_2024/1.0/onnx/TinyImageNet_resnet_medium.onnx"",""data/vnncomp2026/tinyimagenet_2024/1.0/vnnlib/TinyImageNet_resnet_medium_prop_idx_9803_sidx_5555_eps_0.0039.vnnlib"",100.0,""official_attack_off_f32""]",
tinyimagenet_2024,82,TinyImageNet_resnet_medium.onnx,TinyImageNet_resnet_medium_prop_idx_6641_sidx_4574_eps_0.0039.vnnlib,unsat,4.794536590576172,CERTIFIED,1,100.0,4.794536590576172,8.529,7.326,15.961848871782422,0,0,,,not a FALSIFIED row,0,scratch/logs/fse2026/abcrown/tinyimagenet_2024/00082_6c75862db406e087194d_tmg3fk5c.log,6b8bbcfac1c01da1cabd240a87e4dce1a65f5a2b,"{""attack"": {""attack_off"": true, ""hook_replacements"": {}, ""overrides"": {""attack"": {""enable_mip_attack"": false, ""input_split_check_adv"": {""enabled"": ""false""}, ""pgd_order"": ""skip""}, ""bab"": {""attack"": {""enabled"": false}, ""branching"": {""input_split"": {""update_rhs_with_attack"": false}}}}}, ""biccos_applicable"": true, ""biccos_effective"": false, ""derived_path"": ""scratch/rq1_2026_tmp/baselines/abcrown/tinyimagenet_2024/00082_6c75862db406e087194d_tmg3fk5c/config.yaml"", ""deviations"": [""attack-off (user decision D20): all attack/falsification stages disabled, see config.attack.overrides"", ""float32: general.double_fp=false; solver.use_float64_in_last_iteration=false; stable_f32 interpreter""], ""mapping"": ""exact"", ""notes"": [], ""official"": ""exp_configs/vnncomp25/tinyimagenet.yaml"", ""official_biccos"": false, ""official_pgd_order"": ""middle"", ""variant"": ""official""}","[""attack-off (user decision D20): all attack/falsification stages disabled, see config.attack.overrides"", ""float32: general.double_fp=false; solver.use_float64_in_last_iteration=false; stable_f32 interpreter""]",,,50.0,3976.0,official_attack_off_f32,"[""abcrown"",""data/vnncomp2026/tinyimagenet_2024/1.0/onnx/TinyImageNet_resnet_medium.onnx"",""data/vnncomp2026/tinyimagenet_2024/1.0/vnnlib/TinyImageNet_resnet_medium_prop_idx_6641_sidx_4574_eps_0.0039.vnnlib"",100.0,""official_attack_off_f32""]",
tinyimagenet_2024,83,TinyImageNet_resnet_medium.onnx,TinyImageNet_resnet_medium_prop_idx_6230_sidx_8544_eps_0.0039.vnnlib,unsat,7.0545737743377686,CERTIFIED,1,100.0,7.0545737743377686,11.233,8.128,19.483441438525915,0,0,,,not a FALSIFIED row,0,scratch/logs/fse2026/abcrown/tinyimagenet_2024/00083_a9a05ef6f7230ca78df0_7wgon3mh.log,6b8bbcfac1c01da1cabd240a87e4dce1a65f5a2b,"{""attack"": {""attack_off"": true, ""hook_replacements"": {}, ""overrides"": {""attack"": {""enable_mip_attack"": false, ""input_split_check_adv"": {""enabled"": ""false""}, ""pgd_order"": ""skip""}, ""bab"": {""attack"": {""enabled"": false}, ""branching"": {""input_split"": {""update_rhs_with_attack"": false}}}}}, ""biccos_applicable"": true, ""biccos_effective"": false, ""derived_path"": ""scratch/rq1_2026_tmp/baselines/abcrown/tinyimagenet_2024/00083_a9a05ef6f7230ca78df0_7wgon3mh/config.yaml"", ""deviations"": [""attack-off (user decision D20): all attack/falsification stages disabled, see config.attack.overrides"", ""float32: general.double_fp=false; solver.use_float64_in_last_iteration=false; stable_f32 interpreter""], ""mapping"": ""exact"", ""notes"": [], ""official"": ""exp_configs/vnncomp25/tinyimagenet.yaml"", ""official_biccos"": false, ""official_pgd_order"": ""middle"", ""variant"": ""official""}","[""attack-off (user decision D20): all attack/falsification stages disabled, see config.attack.overrides"", ""float32: general.double_fp=false; solver.use_float64_in_last_iteration=false; stable_f32 interpreter""]",,,1.0,716.0,official_attack_off_f32,"[""abcrown"",""data/vnncomp2026/tinyimagenet_2024/1.0/onnx/TinyImageNet_resnet_medium.onnx"",""data/vnncomp2026/tinyimagenet_2024/1.0/vnnlib/TinyImageNet_resnet_medium_prop_idx_6230_sidx_8544_eps_0.0039.vnnlib"",100.0,""official_attack_off_f32""]",
tinyimagenet_2024,84,TinyImageNet_resnet_medium.onnx,TinyImageNet_resnet_medium_prop_idx_4419_sidx_4147_eps_0.0039.vnnlib,unsat,0.7738890647888184,CERTIFIED,1,100.0,0.7738890647888184,4.873,7.528,12.512147726491094,0,0,,,not a FALSIFIED row,0,scratch/logs/fse2026/abcrown/tinyimagenet_2024/00084_56b8eabef158387325cc_u_b8n_s5.log,6b8bbcfac1c01da1cabd240a87e4dce1a65f5a2b,"{""attack"": {""attack_off"": true, ""hook_replacements"": {}, ""overrides"": {""attack"": {""enable_mip_attack"": false, ""input_split_check_adv"": {""enabled"": ""false""}, ""pgd_order"": ""skip""}, ""bab"": {""attack"": {""enabled"": false}, ""branching"": {""input_split"": {""update_rhs_with_attack"": false}}}}}, ""biccos_applicable"": true, ""biccos_effective"": false, ""derived_path"": ""scratch/rq1_2026_tmp/baselines/abcrown/tinyimagenet_2024/00084_56b8eabef158387325cc_u_b8n_s5/config.yaml"", ""deviations"": [""attack-off (user decision D20): all attack/falsification stages disabled, see config.attack.overrides"", ""float32: general.double_fp=false; solver.use_float64_in_last_iteration=false; stable_f32 interpreter""], ""mapping"": ""exact"", ""notes"": [], ""official"": ""exp_configs/vnncomp25/tinyimagenet.yaml"", ""official_biccos"": false, ""official_pgd_order"": ""middle"", ""variant"": ""official""}","[""attack-off (user decision D20): all attack/falsification stages disabled, see config.attack.overrides"", ""float32: general.double_fp=false; solver.use_float64_in_last_iteration=false; stable_f32 interpreter""]",,,0.0,640.0,official_attack_off_f32,"[""abcrown"",""data/vnncomp2026/tinyimagenet_2024/1.0/onnx/TinyImageNet_resnet_medium.onnx"",""data/vnncomp2026/tinyimagenet_2024/1.0/vnnlib/TinyImageNet_resnet_medium_prop_idx_4419_sidx_4147_eps_0.0039.vnnlib"",100.0,""official_attack_off_f32""]",
tinyimagenet_2024,85,TinyImageNet_resnet_medium.onnx,TinyImageNet_resnet_medium_prop_idx_1134_sidx_5880_eps_0.0039.vnnlib,unsat,6.7766735553741455,CERTIFIED,1,100.0,6.7766735553741455,10.432,7.478,18.02361129783094,0,0,,,not a FALSIFIED row,0,scratch/logs/fse2026/abcrown/tinyimagenet_2024/00085_3963f586362f67c34d0f_i8a43l4r.log,6b8bbcfac1c01da1cabd240a87e4dce1a65f5a2b,"{""attack"": {""attack_off"": true, ""hook_replacements"": {}, ""overrides"": {""attack"": {""enable_mip_attack"": false, ""input_split_check_adv"": {""enabled"": ""false""}, ""pgd_order"": ""skip""}, ""bab"": {""attack"": {""enabled"": false}, ""branching"": {""input_split"": {""update_rhs_with_attack"": false}}}}}, ""biccos_applicable"": true, ""biccos_effective"": false, ""derived_path"": ""scratch/rq1_2026_tmp/baselines/abcrown/tinyimagenet_2024/00085_3963f586362f67c34d0f_i8a43l4r/config.yaml"", ""deviations"": [""attack-off (user decision D20): all attack/falsification stages disabled, see config.attack.overrides"", ""float32: general.double_fp=false; solver.use_float64_in_last_iteration=false; stable_f32 interpreter""], ""mapping"": ""exact"", ""notes"": [], ""official"": ""exp_configs/vnncomp25/tinyimagenet.yaml"", ""official_biccos"": false, ""official_pgd_order"": ""middle"", ""variant"": ""official""}","[""attack-off (user decision D20): all attack/falsification stages disabled, see config.attack.overrides"", ""float32: general.double_fp=false; solver.use_float64_in_last_iteration=false; stable_f32 interpreter""]",,,0.0,37.0,official_attack_off_f32,"[""abcrown"",""data/vnncomp2026/tinyimagenet_2024/1.0/onnx/TinyImageNet_resnet_medium.onnx"",""data/vnncomp2026/tinyimagenet_2024/1.0/vnnlib/TinyImageNet_resnet_medium_prop_idx_1134_sidx_5880_eps_0.0039.vnnlib"",100.0,""official_attack_off_f32""]",
tinyimagenet_2024,86,TinyImageNet_resnet_medium.onnx,TinyImageNet_resnet_medium_prop_idx_9364_sidx_2000_eps_0.0039.vnnlib,timeout,101.12275338172913,TIMEOUT,0,100.0,101.12275338172913,105.254,7.577,112.93776200339198,1,0,,,not a FALSIFIED row,0,scratch/logs/fse2026/abcrown/tinyimagenet_2024/00086_6a0fa3c3040cf4079b10_ta0p06_p.log,6b8bbcfac1c01da1cabd240a87e4dce1a65f5a2b,"{""attack"": {""attack_off"": true, ""hook_replacements"": {}, ""overrides"": {""attack"": {""enable_mip_attack"": false, ""input_split_check_adv"": {""enabled"": ""false""}, ""pgd_order"": ""skip""}, ""bab"": {""attack"": {""enabled"": false}, ""branching"": {""input_split"": {""update_rhs_with_attack"": false}}}}}, ""biccos_applicable"": true, ""biccos_effective"": false, ""derived_path"": ""scratch/rq1_2026_tmp/baselines/abcrown/tinyimagenet_2024/00086_6a0fa3c3040cf4079b10_ta0p06_p/config.yaml"", ""deviations"": [""attack-off (user decision D20): all attack/falsification stages disabled, see config.attack.overrides"", ""float32: general.double_fp=false; solver.use_float64_in_last_iteration=false; stable_f32 interpreter""], ""mapping"": ""exact"", ""notes"": [], ""official"": ""exp_configs/vnncomp25/tinyimagenet.yaml"", ""official_biccos"": false, ""official_pgd_order"": ""middle"", ""variant"": ""official""}","[""attack-off (user decision D20): all attack/falsification stages disabled, see config.attack.overrides"", ""float32: general.double_fp=false; solver.use_float64_in_last_iteration=false; stable_f32 interpreter""]",,,74.0,31884.0,official_attack_off_f32,"[""abcrown"",""data/vnncomp2026/tinyimagenet_2024/1.0/onnx/TinyImageNet_resnet_medium.onnx"",""data/vnncomp2026/tinyimagenet_2024/1.0/vnnlib/TinyImageNet_resnet_medium_prop_idx_9364_sidx_2000_eps_0.0039.vnnlib"",100.0,""official_attack_off_f32""]",
tinyimagenet_2024,87,TinyImageNet_resnet_medium.onnx,TinyImageNet_resnet_medium_prop_idx_939_sidx_5683_eps_0.0039.vnnlib,unsat,0.7544779777526855,CERTIFIED,1,100.0,0.7544779777526855,4.674,7.578,12.371463971212506,0,0,,,not a FALSIFIED row,0,scratch/logs/fse2026/abcrown/tinyimagenet_2024/00087_708942dfe98536f42f08_8uulonx2.log,6b8bbcfac1c01da1cabd240a87e4dce1a65f5a2b,"{""attack"": {""attack_off"": true, ""hook_replacements"": {}, ""overrides"": {""attack"": {""enable_mip_attack"": false, ""input_split_check_adv"": {""enabled"": ""false""}, ""pgd_order"": ""skip""}, ""bab"": {""attack"": {""enabled"": false}, ""branching"": {""input_split"": {""update_rhs_with_attack"": false}}}}}, ""biccos_applicable"": true, ""biccos_effective"": false, ""derived_path"": ""scratch/rq1_2026_tmp/baselines/abcrown/tinyimagenet_2024/00087_708942dfe98536f42f08_8uulonx2/config.yaml"", ""deviations"": [""attack-off (user decision D20): all attack/falsification stages disabled, see config.attack.overrides"", ""float32: general.double_fp=false; solver.use_float64_in_last_iteration=false; stable_f32 interpreter""], ""mapping"": ""exact"", ""notes"": [], ""official"": ""exp_configs/vnncomp25/tinyimagenet.yaml"", ""official_biccos"": false, ""official_pgd_order"": ""middle"", ""variant"": ""official""}","[""attack-off (user decision D20): all attack/falsification stages disabled, see config.attack.overrides"", ""float32: general.double_fp=false; solver.use_float64_in_last_iteration=false; stable_f32 interpreter""]",,,97.0,10636.0,official_attack_off_f32,"[""abcrown"",""data/vnncomp2026/tinyimagenet_2024/1.0/onnx/TinyImageNet_resnet_medium.onnx"",""data/vnncomp2026/tinyimagenet_2024/1.0/vnnlib/TinyImageNet_resnet_medium_prop_idx_939_sidx_5683_eps_0.0039.vnnlib"",100.0,""official_attack_off_f32""]",
tinyimagenet_2024,88,TinyImageNet_resnet_medium.onnx,TinyImageNet_resnet_medium_prop_idx_3417_sidx_7200_eps_0.0039.vnnlib,timeout,106.77672004699707,TIMEOUT,0,100.0,106.77672004699707,110.759,7.426,118.29373747855425,1,0,,,not a FALSIFIED row,0,scratch/logs/fse2026/abcrown/tinyimagenet_2024/00088_460a1b39627f5bf1c787_3migtxkq.log,6b8bbcfac1c01da1cabd240a87e4dce1a65f5a2b,"{""attack"": {""attack_off"": true, ""hook_replacements"": {}, ""overrides"": {""attack"": {""enable_mip_attack"": false, ""input_split_check_adv"": {""enabled"": ""false""}, ""pgd_order"": ""skip""}, ""bab"": {""attack"": {""enabled"": false}, ""branching"": {""input_split"": {""update_rhs_with_attack"": false}}}}}, ""biccos_applicable"": true, ""biccos_effective"": false, ""derived_path"": ""scratch/rq1_2026_tmp/baselines/abcrown/tinyimagenet_2024/00088_460a1b39627f5bf1c787_3migtxkq/config.yaml"", ""deviations"": [""attack-off (user decision D20): all attack/falsification stages disabled, see config.attack.overrides"", ""float32: general.double_fp=false; solver.use_float64_in_last_iteration=false; stable_f32 interpreter""], ""mapping"": ""exact"", ""notes"": [], ""official"": ""exp_configs/vnncomp25/tinyimagenet.yaml"", ""official_biccos"": false, ""official_pgd_order"": ""middle"", ""variant"": ""official""}","[""attack-off (user decision D20): all attack/falsification stages disabled, see config.attack.overrides"", ""float32: general.double_fp=false; solver.use_float64_in_last_iteration=false; stable_f32 interpreter""]",,,49.0,4006.0,official_attack_off_f32,"[""abcrown"",""data/vnncomp2026/tinyimagenet_2024/1.0/onnx/TinyImageNet_resnet_medium.onnx"",""data/vnncomp2026/tinyimagenet_2024/1.0/vnnlib/TinyImageNet_resnet_medium_prop_idx_3417_sidx_7200_eps_0.0039.vnnlib"",100.0,""official_attack_off_f32""]",
tinyimagenet_2024,89,TinyImageNet_resnet_medium.onnx,TinyImageNet_resnet_medium_prop_idx_9653_sidx_4967_eps_0.0039.vnnlib,unsat,6.980504751205444,CERTIFIED,1,100.0,6.980504751205444,10.933,7.978,19.027461029589176,0,0,,,not a FALSIFIED row,0,scratch/logs/fse2026/abcrown/tinyimagenet_2024/00089_6e581e90e14c8b346cbf_nrgn1ywr.log,6b8bbcfac1c01da1cabd240a87e4dce1a65f5a2b,"{""attack"": {""attack_off"": true, ""hook_replacements"": {}, ""overrides"": {""attack"": {""enable_mip_attack"": false, ""input_split_check_adv"": {""enabled"": ""false""}, ""pgd_order"": ""skip""}, ""bab"": {""attack"": {""enabled"": false}, ""branching"": {""input_split"": {""update_rhs_with_attack"": false}}}}}, ""biccos_applicable"": true, ""biccos_effective"": false, ""derived_path"": ""scratch/rq1_2026_tmp/baselines/abcrown/tinyimagenet_2024/00089_6e581e90e14c8b346cbf_nrgn1ywr/config.yaml"", ""deviations"": [""attack-off (user decision D20): all attack/falsification stages disabled, see config.attack.overrides"", ""float32: general.double_fp=false; solver.use_float64_in_last_iteration=false; stable_f32 interpreter""], ""mapping"": ""exact"", ""notes"": [], ""official"": ""exp_configs/vnncomp25/tinyimagenet.yaml"", ""official_biccos"": false, ""official_pgd_order"": ""middle"", ""variant"": ""official""}","[""attack-off (user decision D20): all attack/falsification stages disabled, see config.attack.overrides"", ""float32: general.double_fp=false; solver.use_float64_in_last_iteration=false; stable_f32 interpreter""]",,,21.0,37.0,official_attack_off_f32,"[""abcrown"",""data/vnncomp2026/tinyimagenet_2024/1.0/onnx/TinyImageNet_resnet_medium.onnx"",""data/vnncomp2026/tinyimagenet_2024/1.0/vnnlib/TinyImageNet_resnet_medium_prop_idx_9653_sidx_4967_eps_0.0039.vnnlib"",100.0,""official_attack_off_f32""]",
tinyimagenet_2024,90,TinyImageNet_resnet_medium.onnx,TinyImageNet_resnet_medium_prop_idx_3944_sidx_3039_eps_0.0039.vnnlib,timeout,110.46780967712402,TIMEOUT,0,100.0,110.46780967712402,114.52,7.426,122.04312567412853,1,0,,,not a FALSIFIED row,0,scratch/logs/fse2026/abcrown/tinyimagenet_2024/00090_a0f9f47a5466147ff0f0_g7w06uwf.log,6b8bbcfac1c01da1cabd240a87e4dce1a65f5a2b,"{""attack"": {""attack_off"": true, ""hook_replacements"": {}, ""overrides"": {""attack"": {""enable_mip_attack"": false, ""input_split_check_adv"": {""enabled"": ""false""}, ""pgd_order"": ""skip""}, ""bab"": {""attack"": {""enabled"": false}, ""branching"": {""input_split"": {""update_rhs_with_attack"": false}}}}}, ""biccos_applicable"": true, ""biccos_effective"": false, ""derived_path"": ""scratch/rq1_2026_tmp/baselines/abcrown/tinyimagenet_2024/00090_a0f9f47a5466147ff0f0_g7w06uwf/config.yaml"", ""deviations"": [""attack-off (user decision D20): all attack/falsification stages disabled, see config.attack.overrides"", ""float32: general.double_fp=false; solver.use_float64_in_last_iteration=false; stable_f32 interpreter""], ""mapping"": ""exact"", ""notes"": [], ""official"": ""exp_configs/vnncomp25/tinyimagenet.yaml"", ""official_biccos"": false, ""official_pgd_order"": ""middle"", ""variant"": ""official""}","[""attack-off (user decision D20): all attack/falsification stages disabled, see config.attack.overrides"", ""float32: general.double_fp=false; solver.use_float64_in_last_iteration=false; stable_f32 interpreter""]",,,85.0,7014.0,official_attack_off_f32,"[""abcrown"",""data/vnncomp2026/tinyimagenet_2024/1.0/onnx/TinyImageNet_resnet_medium.onnx"",""data/vnncomp2026/tinyimagenet_2024/1.0/vnnlib/TinyImageNet_resnet_medium_prop_idx_3944_sidx_3039_eps_0.0039.vnnlib"",100.0,""official_attack_off_f32""]",
tinyimagenet_2024,91,TinyImageNet_resnet_medium.onnx,TinyImageNet_resnet_medium_prop_idx_208_sidx_4376_eps_0.0039.vnnlib,unsat,5.890467882156372,CERTIFIED,1,100.0,5.890467882156372,10.131,4.522,14.772273547947407,0,0,,,not a FALSIFIED row,0,scratch/logs/fse2026/abcrown/tinyimagenet_2024/00091_e6f6364d23444153a385_myto7k_p.log,6b8bbcfac1c01da1cabd240a87e4dce1a65f5a2b,"{""attack"": {""attack_off"": true, ""hook_replacements"": {}, ""overrides"": {""attack"": {""enable_mip_attack"": false, ""input_split_check_adv"": {""enabled"": ""false""}, ""pgd_order"": ""skip""}, ""bab"": {""attack"": {""enabled"": false}, ""branching"": {""input_split"": {""update_rhs_with_attack"": false}}}}}, ""biccos_applicable"": true, ""biccos_effective"": false, ""derived_path"": ""scratch/rq1_2026_tmp/baselines/abcrown/tinyimagenet_2024/00091_e6f6364d23444153a385_myto7k_p/config.yaml"", ""deviations"": [""attack-off (user decision D20): all attack/falsification stages disabled, see config.attack.overrides"", ""float32: general.double_fp=false; solver.use_float64_in_last_iteration=false; stable_f32 interpreter""], ""mapping"": ""exact"", ""notes"": [], ""official"": ""exp_configs/vnncomp25/tinyimagenet.yaml"", ""official_biccos"": false, ""official_pgd_order"": ""middle"", ""variant"": ""official""}","[""attack-off (user decision D20): all attack/falsification stages disabled, see config.attack.overrides"", ""float32: general.double_fp=false; solver.use_float64_in_last_iteration=false; stable_f32 interpreter""]",,,2.0,724.0,official_attack_off_f32,"[""abcrown"",""data/vnncomp2026/tinyimagenet_2024/1.0/onnx/TinyImageNet_resnet_medium.onnx"",""data/vnncomp2026/tinyimagenet_2024/1.0/vnnlib/TinyImageNet_resnet_medium_prop_idx_208_sidx_4376_eps_0.0039.vnnlib"",100.0,""official_attack_off_f32""]",
tinyimagenet_2024,92,TinyImageNet_resnet_medium.onnx,TinyImageNet_resnet_medium_prop_idx_9827_sidx_1673_eps_0.0039.vnnlib,unsat,6.316313743591309,CERTIFIED,1,100.0,6.316313743591309,10.431,7.827,18.37220775708556,0,0,,,not a FALSIFIED row,0,scratch/logs/fse2026/abcrown/tinyimagenet_2024/00092_0398cd9a2b3fbb5cfd43_t_ue_6w1.log,6b8bbcfac1c01da1cabd240a87e4dce1a65f5a2b,"{""attack"": {""attack_off"": true, ""hook_replacements"": {}, ""overrides"": {""attack"": {""enable_mip_attack"": false, ""input_split_check_adv"": {""enabled"": ""false""}, ""pgd_order"": ""skip""}, ""bab"": {""attack"": {""enabled"": false}, ""branching"": {""input_split"": {""update_rhs_with_attack"": false}}}}}, ""biccos_applicable"": true, ""biccos_effective"": false, ""derived_path"": ""scratch/rq1_2026_tmp/baselines/abcrown/tinyimagenet_2024/00092_0398cd9a2b3fbb5cfd43_t_ue_6w1/config.yaml"", ""deviations"": [""attack-off (user decision D20): all attack/falsification stages disabled, see config.attack.overrides"", ""float32: general.double_fp=false; solver.use_float64_in_last_iteration=false; stable_f32 interpreter""], ""mapping"": ""exact"", ""notes"": [], ""official"": ""exp_configs/vnncomp25/tinyimagenet.yaml"", ""official_biccos"": false, ""official_pgd_order"": ""middle"", ""variant"": ""official""}","[""attack-off (user decision D20): all attack/falsification stages disabled, see config.attack.overrides"", ""float32: general.double_fp=false; solver.use_float64_in_last_iteration=false; stable_f32 interpreter""]",,,0.0,34.0,official_attack_off_f32,"[""abcrown"",""data/vnncomp2026/tinyimagenet_2024/1.0/onnx/TinyImageNet_resnet_medium.onnx"",""data/vnncomp2026/tinyimagenet_2024/1.0/vnnlib/TinyImageNet_resnet_medium_prop_idx_9827_sidx_1673_eps_0.0039.vnnlib"",100.0,""official_attack_off_f32""]",
tinyimagenet_2024,93,TinyImageNet_resnet_medium.onnx,TinyImageNet_resnet_medium_prop_idx_8853_sidx_6463_eps_0.0039.vnnlib,unsat,67.17875576019287,CERTIFIED,1,100.0,67.17875576019287,71.433,7.876,79.42755378782749,0,0,,,not a FALSIFIED row,0,scratch/logs/fse2026/abcrown/tinyimagenet_2024/00093_c10223df73552adc9db9_v72d89a7.log,6b8bbcfac1c01da1cabd240a87e4dce1a65f5a2b,"{""attack"": {""attack_off"": true, ""hook_replacements"": {}, ""overrides"": {""attack"": {""enable_mip_attack"": false, ""input_split_check_adv"": {""enabled"": ""false""}, ""pgd_order"": ""skip""}, ""bab"": {""attack"": {""enabled"": false}, ""branching"": {""input_split"": {""update_rhs_with_attack"": false}}}}}, ""biccos_applicable"": true, ""biccos_effective"": false, ""derived_path"": ""scratch/rq1_2026_tmp/baselines/abcrown/tinyimagenet_2024/00093_c10223df73552adc9db9_v72d89a7/config.yaml"", ""deviations"": [""attack-off (user decision D20): all attack/falsification stages disabled, see config.attack.overrides"", ""float32: general.double_fp=false; solver.use_float64_in_last_iteration=false; stable_f32 interpreter""], ""mapping"": ""exact"", ""notes"": [], ""official"": ""exp_configs/vnncomp25/tinyimagenet.yaml"", ""official_biccos"": false, ""official_pgd_order"": ""middle"", ""variant"": ""official""}","[""attack-off (user decision D20): all attack/falsification stages disabled, see config.attack.overrides"", ""float32: general.double_fp=false; solver.use_float64_in_last_iteration=false; stable_f32 interpreter""]",,,54.0,42777.0,official_attack_off_f32,"[""abcrown"",""data/vnncomp2026/tinyimagenet_2024/1.0/onnx/TinyImageNet_resnet_medium.onnx"",""data/vnncomp2026/tinyimagenet_2024/1.0/vnnlib/TinyImageNet_resnet_medium_prop_idx_8853_sidx_6463_eps_0.0039.vnnlib"",100.0,""official_attack_off_f32""]",
tinyimagenet_2024,94,TinyImageNet_resnet_medium.onnx,TinyImageNet_resnet_medium_prop_idx_1238_sidx_362_eps_0.0039.vnnlib,unsat,25.56731653213501,CERTIFIED,1,100.0,25.56731653213501,29.814,7.93,37.85719100758433,0,0,,,not a FALSIFIED row,0,scratch/logs/fse2026/abcrown/tinyimagenet_2024/00094_656948049a418781d0c7_e_qu_0lr.log,6b8bbcfac1c01da1cabd240a87e4dce1a65f5a2b,"{""attack"": {""attack_off"": true, ""hook_replacements"": {}, ""overrides"": {""attack"": {""enable_mip_attack"": false, ""input_split_check_adv"": {""enabled"": ""false""}, ""pgd_order"": ""skip""}, ""bab"": {""attack"": {""enabled"": false}, ""branching"": {""input_split"": {""update_rhs_with_attack"": false}}}}}, ""biccos_applicable"": true, ""biccos_effective"": false, ""derived_path"": ""scratch/rq1_2026_tmp/baselines/abcrown/tinyimagenet_2024/00094_656948049a418781d0c7_e_qu_0lr/config.yaml"", ""deviations"": [""attack-off (user decision D20): all attack/falsification stages disabled, see config.attack.overrides"", ""float32: general.double_fp=false; solver.use_float64_in_last_iteration=false; stable_f32 interpreter""], ""mapping"": ""exact"", ""notes"": [], ""official"": ""exp_configs/vnncomp25/tinyimagenet.yaml"", ""official_biccos"": false, ""official_pgd_order"": ""middle"", ""variant"": ""official""}","[""attack-off (user decision D20): all attack/falsification stages disabled, see config.attack.overrides"", ""float32: general.double_fp=false; solver.use_float64_in_last_iteration=false; stable_f32 interpreter""]",,,98.0,31871.0,official_attack_off_f32,"[""abcrown"",""data/vnncomp2026/tinyimagenet_2024/1.0/onnx/TinyImageNet_resnet_medium.onnx"",""data/vnncomp2026/tinyimagenet_2024/1.0/vnnlib/TinyImageNet_resnet_medium_prop_idx_1238_sidx_362_eps_0.0039.vnnlib"",100.0,""official_attack_off_f32""]",
tinyimagenet_2024,95,TinyImageNet_resnet_medium.onnx,TinyImageNet_resnet_medium_prop_idx_4004_sidx_9594_eps_0.0039.vnnlib,unsat,4.418420314788818,CERTIFIED,1,100.0,4.418420314788818,8.129,7.577,15.818056631833315,0,0,,,not a FALSIFIED row,0,scratch/logs/fse2026/abcrown/tinyimagenet_2024/00095_1267104ce61a747ab9df_rmro2xrn.log,6b8bbcfac1c01da1cabd240a87e4dce1a65f5a2b,"{""attack"": {""attack_off"": true, ""hook_replacements"": {}, ""overrides"": {""attack"": {""enable_mip_attack"": false, ""input_split_check_adv"": {""enabled"": ""false""}, ""pgd_order"": ""skip""}, ""bab"": {""attack"": {""enabled"": false}, ""branching"": {""input_split"": {""update_rhs_with_attack"": false}}}}}, ""biccos_applicable"": true, ""biccos_effective"": false, ""derived_path"": ""scratch/rq1_2026_tmp/baselines/abcrown/tinyimagenet_2024/00095_1267104ce61a747ab9df_rmro2xrn/config.yaml"", ""deviations"": [""attack-off (user decision D20): all attack/falsification stages disabled, see config.attack.overrides"", ""float32: general.double_fp=false; solver.use_float64_in_last_iteration=false; stable_f32 interpreter""], ""mapping"": ""exact"", ""notes"": [], ""official"": ""exp_configs/vnncomp25/tinyimagenet.yaml"", ""official_biccos"": false, ""official_pgd_order"": ""middle"", ""variant"": ""official""}","[""attack-off (user decision D20): all attack/falsification stages disabled, see config.attack.overrides"", ""float32: general.double_fp=false; solver.use_float64_in_last_iteration=false; stable_f32 interpreter""]",,,28.0,3444.0,official_attack_off_f32,"[""abcrown"",""data/vnncomp2026/tinyimagenet_2024/1.0/onnx/TinyImageNet_resnet_medium.onnx"",""data/vnncomp2026/tinyimagenet_2024/1.0/vnnlib/TinyImageNet_resnet_medium_prop_idx_4004_sidx_9594_eps_0.0039.vnnlib"",100.0,""official_attack_off_f32""]",
tinyimagenet_2024,96,TinyImageNet_resnet_medium.onnx,TinyImageNet_resnet_medium_prop_idx_3139_sidx_2973_eps_0.0039.vnnlib,unsat,6.046314001083374,CERTIFIED,1,100.0,6.046314001083374,9.831,7.376,17.321445513516665,0,0,,,not a FALSIFIED row,0,scratch/logs/fse2026/abcrown/tinyimagenet_2024/00096_80d98596d16178e08a9f_aei7i9gm.log,6b8bbcfac1c01da1cabd240a87e4dce1a65f5a2b,"{""attack"": {""attack_off"": true, ""hook_replacements"": {}, ""overrides"": {""attack"": {""enable_mip_attack"": false, ""input_split_check_adv"": {""enabled"": ""false""}, ""pgd_order"": ""skip""}, ""bab"": {""attack"": {""enabled"": false}, ""branching"": {""input_split"": {""update_rhs_with_attack"": false}}}}}, ""biccos_applicable"": true, ""biccos_effective"": false, ""derived_path"": ""scratch/rq1_2026_tmp/baselines/abcrown/tinyimagenet_2024/00096_80d98596d16178e08a9f_aei7i9gm/config.yaml"", ""deviations"": [""attack-off (user decision D20): all attack/falsification stages disabled, see config.attack.overrides"", ""float32: general.double_fp=false; solver.use_float64_in_last_iteration=false; stable_f32 interpreter""], ""mapping"": ""exact"", ""notes"": [], ""official"": ""exp_configs/vnncomp25/tinyimagenet.yaml"", ""official_biccos"": false, ""official_pgd_order"": ""middle"", ""variant"": ""official""}","[""attack-off (user decision D20): all attack/falsification stages disabled, see config.attack.overrides"", ""float32: general.double_fp=false; solver.use_float64_in_last_iteration=false; stable_f32 interpreter""]",,,72.0,4544.0,official_attack_off_f32,"[""abcrown"",""data/vnncomp2026/tinyimagenet_2024/1.0/onnx/TinyImageNet_resnet_medium.onnx"",""data/vnncomp2026/tinyimagenet_2024/1.0/vnnlib/TinyImageNet_resnet_medium_prop_idx_3139_sidx_2973_eps_0.0039.vnnlib"",100.0,""official_attack_off_f32""]",
tinyimagenet_2024,97,TinyImageNet_resnet_medium.onnx,TinyImageNet_resnet_medium_prop_idx_852_sidx_835_eps_0.0039.vnnlib,timeout,112.8762321472168,TIMEOUT,0,100.0,112.8762321472168,116.819,7.927,124.84681112132967,1,0,,,not a FALSIFIED row,0,scratch/logs/fse2026/abcrown/tinyimagenet_2024/00097_a8eff7a8707a42cc9f25_20na8aj6.log,6b8bbcfac1c01da1cabd240a87e4dce1a65f5a2b,"{""attack"": {""attack_off"": true, ""hook_replacements"": {}, ""overrides"": {""attack"": {""enable_mip_attack"": false, ""input_split_check_adv"": {""enabled"": ""false""}, ""pgd_order"": ""skip""}, ""bab"": {""attack"": {""enabled"": false}, ""branching"": {""input_split"": {""update_rhs_with_attack"": false}}}}}, ""biccos_applicable"": true, ""biccos_effective"": false, ""derived_path"": ""scratch/rq1_2026_tmp/baselines/abcrown/tinyimagenet_2024/00097_a8eff7a8707a42cc9f25_20na8aj6/config.yaml"", ""deviations"": [""attack-off (user decision D20): all attack/falsification stages disabled, see config.attack.overrides"", ""float32: general.double_fp=false; solver.use_float64_in_last_iteration=false; stable_f32 interpreter""], ""mapping"": ""exact"", ""notes"": [], ""official"": ""exp_configs/vnncomp25/tinyimagenet.yaml"", ""official_biccos"": false, ""official_pgd_order"": ""middle"", ""variant"": ""official""}","[""attack-off (user decision D20): all attack/falsification stages disabled, see config.attack.overrides"", ""float32: general.double_fp=false; solver.use_float64_in_last_iteration=false; stable_f32 interpreter""]",,,39.0,15407.0,official_attack_off_f32,"[""abcrown"",""data/vnncomp2026/tinyimagenet_2024/1.0/onnx/TinyImageNet_resnet_medium.onnx"",""data/vnncomp2026/tinyimagenet_2024/1.0/vnnlib/TinyImageNet_resnet_medium_prop_idx_852_sidx_835_eps_0.0039.vnnlib"",100.0,""official_attack_off_f32""]",
tinyimagenet_2024,98,TinyImageNet_resnet_medium.onnx,TinyImageNet_resnet_medium_prop_idx_7005_sidx_2776_eps_0.0039.vnnlib,unsat,4.481444358825684,CERTIFIED,1,100.0,4.481444358825684,8.328,7.526,15.961529912427068,0,0,,,not a FALSIFIED row,0,scratch/logs/fse2026/abcrown/tinyimagenet_2024/00098_6e85f31e8aca52154b01_lu3w243g.log,6b8bbcfac1c01da1cabd240a87e4dce1a65f5a2b,"{""attack"": {""attack_off"": true, ""hook_replacements"": {}, ""overrides"": {""attack"": {""enable_mip_attack"": false, ""input_split_check_adv"": {""enabled"": ""false""}, ""pgd_order"": ""skip""}, ""bab"": {""attack"": {""enabled"": false}, ""branching"": {""input_split"": {""update_rhs_with_attack"": false}}}}}, ""biccos_applicable"": true, ""biccos_effective"": false, ""derived_path"": ""scratch/rq1_2026_tmp/baselines/abcrown/tinyimagenet_2024/00098_6e85f31e8aca52154b01_lu3w243g/config.yaml"", ""deviations"": [""attack-off (user decision D20): all attack/falsification stages disabled, see config.attack.overrides"", ""float32: general.double_fp=false; solver.use_float64_in_last_iteration=false; stable_f32 interpreter""], ""mapping"": ""exact"", ""notes"": [], ""official"": ""exp_configs/vnncomp25/tinyimagenet.yaml"", ""official_biccos"": false, ""official_pgd_order"": ""middle"", ""variant"": ""official""}","[""attack-off (user decision D20): all attack/falsification stages disabled, see config.attack.overrides"", ""float32: general.double_fp=false; solver.use_float64_in_last_iteration=false; stable_f32 interpreter""]",,,96.0,10554.0,official_attack_off_f32,"[""abcrown"",""data/vnncomp2026/tinyimagenet_2024/1.0/onnx/TinyImageNet_resnet_medium.onnx"",""data/vnncomp2026/tinyimagenet_2024/1.0/vnnlib/TinyImageNet_resnet_medium_prop_idx_7005_sidx_2776_eps_0.0039.vnnlib"",100.0,""official_attack_off_f32""]",
tinyimagenet_2024,99,TinyImageNet_resnet_medium.onnx,TinyImageNet_resnet_medium_prop_idx_9586_sidx_1970_eps_0.0039.vnnlib,unsat,4.859770774841309,CERTIFIED,1,100.0,4.859770774841309,8.678,7.376,16.163436591625214,0,0,,,not a FALSIFIED row,0,scratch/logs/fse2026/abcrown/tinyimagenet_2024/00099_cf97cbfb907e3ad359b7_8moqz18t.log,6b8bbcfac1c01da1cabd240a87e4dce1a65f5a2b,"{""attack"": {""attack_off"": true, ""hook_replacements"": {}, ""overrides"": {""attack"": {""enable_mip_attack"": false, ""input_split_check_adv"": {""enabled"": ""false""}, ""pgd_order"": ""skip""}, ""bab"": {""attack"": {""enabled"": false}, ""branching"": {""input_split"": {""update_rhs_with_attack"": false}}}}}, ""biccos_applicable"": true, ""biccos_effective"": false, ""derived_path"": ""scratch/rq1_2026_tmp/baselines/abcrown/tinyimagenet_2024/00099_cf97cbfb907e3ad359b7_8moqz18t/config.yaml"", ""deviations"": [""attack-off (user decision D20): all attack/falsification stages disabled, see config.attack.overrides"", ""float32: general.double_fp=false; solver.use_float64_in_last_iteration=false; stable_f32 interpreter""], ""mapping"": ""exact"", ""notes"": [], ""official"": ""exp_configs/vnncomp25/tinyimagenet.yaml"", ""official_biccos"": false, ""official_pgd_order"": ""middle"", ""variant"": ""official""}","[""attack-off (user decision D20): all attack/falsification stages disabled, see config.attack.overrides"", ""float32: general.double_fp=false; solver.use_float64_in_last_iteration=false; stable_f32 interpreter""]",,,96.0,10992.0,official_attack_off_f32,"[""abcrown"",""data/vnncomp2026/tinyimagenet_2024/1.0/onnx/TinyImageNet_resnet_medium.onnx"",""data/vnncomp2026/tinyimagenet_2024/1.0/vnnlib/TinyImageNet_resnet_medium_prop_idx_9586_sidx_1970_eps_0.0039.vnnlib"",100.0,""official_attack_off_f32""]",
tinyimagenet_2024,100,TinyImageNet_resnet_medium.onnx,TinyImageNet_resnet_medium_prop_idx_4221_sidx_6573_eps_0.0039.vnnlib,unsat,6.330420017242432,CERTIFIED,1,100.0,6.330420017242432,10.381,7.677,18.174652302637696,0,0,,,not a FALSIFIED row,0,scratch/logs/fse2026/abcrown/tinyimagenet_2024/00100_c78b47c0268d70de588e_pqkkkslf.log,6b8bbcfac1c01da1cabd240a87e4dce1a65f5a2b,"{""attack"": {""attack_off"": true, ""hook_replacements"": {}, ""overrides"": {""attack"": {""enable_mip_attack"": false, ""input_split_check_adv"": {""enabled"": ""false""}, ""pgd_order"": ""skip""}, ""bab"": {""attack"": {""enabled"": false}, ""branching"": {""input_split"": {""update_rhs_with_attack"": false}}}}}, ""biccos_applicable"": true, ""biccos_effective"": false, ""derived_path"": ""scratch/rq1_2026_tmp/baselines/abcrown/tinyimagenet_2024/00100_c78b47c0268d70de588e_pqkkkslf/config.yaml"", ""deviations"": [""attack-off (user decision D20): all attack/falsification stages disabled, see config.attack.overrides"", ""float32: general.double_fp=false; solver.use_float64_in_last_iteration=false; stable_f32 interpreter""], ""mapping"": ""exact"", ""notes"": [], ""official"": ""exp_configs/vnncomp25/tinyimagenet.yaml"", ""official_biccos"": false, ""official_pgd_order"": ""middle"", ""variant"": ""official""}","[""attack-off (user decision D20): all attack/falsification stages disabled, see config.attack.overrides"", ""float32: general.double_fp=false; solver.use_float64_in_last_iteration=false; stable_f32 interpreter""]",,,87.0,33560.0,official_attack_off_f32,"[""abcrown"",""data/vnncomp2026/tinyimagenet_2024/1.0/onnx/TinyImageNet_resnet_medium.onnx"",""data/vnncomp2026/tinyimagenet_2024/1.0/vnnlib/TinyImageNet_resnet_medium_prop_idx_4221_sidx_6573_eps_0.0039.vnnlib"",100.0,""official_attack_off_f32""]",
tinyimagenet_2024,101,TinyImageNet_resnet_medium.onnx,TinyImageNet_resnet_medium_prop_idx_7749_sidx_8253_eps_0.0039.vnnlib,unsat,1.6835906505584717,CERTIFIED,1,100.0,1.6835906505584717,5.524,7.578,13.21990249864757,0,0,,,not a FALSIFIED row,0,scratch/logs/fse2026/abcrown/tinyimagenet_2024/00101_8d3f9008d1d5f9305e3f_s5rj2j3z.log,6b8bbcfac1c01da1cabd240a87e4dce1a65f5a2b,"{""attack"": {""attack_off"": true, ""hook_replacements"": {}, ""overrides"": {""attack"": {""enable_mip_attack"": false, ""input_split_check_adv"": {""enabled"": ""false""}, ""pgd_order"": ""skip""}, ""bab"": {""attack"": {""enabled"": false}, ""branching"": {""input_split"": {""update_rhs_with_attack"": false}}}}}, ""biccos_applicable"": true, ""biccos_effective"": false, ""derived_path"": ""scratch/rq1_2026_tmp/baselines/abcrown/tinyimagenet_2024/00101_8d3f9008d1d5f9305e3f_s5rj2j3z/config.yaml"", ""deviations"": [""attack-off (user decision D20): all attack/falsification stages disabled, see config.attack.overrides"", ""float32: general.double_fp=false; solver.use_float64_in_last_iteration=false; stable_f32 interpreter""], ""mapping"": ""exact"", ""notes"": [], ""official"": ""exp_configs/vnncomp25/tinyimagenet.yaml"", ""official_biccos"": false, ""official_pgd_order"": ""middle"", ""variant"": ""official""}","[""attack-off (user decision D20): all attack/falsification stages disabled, see config.attack.overrides"", ""float32: general.double_fp=false; solver.use_float64_in_last_iteration=false; stable_f32 interpreter""]",,,99.0,21948.0,official_attack_off_f32,"[""abcrown"",""data/vnncomp2026/tinyimagenet_2024/1.0/onnx/TinyImageNet_resnet_medium.onnx"",""data/vnncomp2026/tinyimagenet_2024/1.0/vnnlib/TinyImageNet_resnet_medium_prop_idx_7749_sidx_8253_eps_0.0039.vnnlib"",100.0,""official_attack_off_f32""]",
tinyimagenet_2024,102,TinyImageNet_resnet_medium.onnx,TinyImageNet_resnet_medium_prop_idx_9634_sidx_2838_eps_0.0039.vnnlib,unsat,7.4794511795043945,CERTIFIED,1,100.0,7.4794511795043945,11.234,7.677,19.025383012369275,0,0,,,not a FALSIFIED row,0,scratch/logs/fse2026/abcrown/tinyimagenet_2024/00102_ecce7aae059f20edb749_3rr7696c.log,6b8bbcfac1c01da1cabd240a87e4dce1a65f5a2b,"{""attack"": {""attack_off"": true, ""hook_replacements"": {}, ""overrides"": {""attack"": {""enable_mip_attack"": false, ""input_split_check_adv"": {""enabled"": ""false""}, ""pgd_order"": ""skip""}, ""bab"": {""attack"": {""enabled"": false}, ""branching"": {""input_split"": {""update_rhs_with_attack"": false}}}}}, ""biccos_applicable"": true, ""biccos_effective"": false, ""derived_path"": ""scratch/rq1_2026_tmp/baselines/abcrown/tinyimagenet_2024/00102_ecce7aae059f20edb749_3rr7696c/config.yaml"", ""deviations"": [""attack-off (user decision D20): all attack/falsification stages disabled, see config.attack.overrides"", ""float32: general.double_fp=false; solver.use_float64_in_last_iteration=false; stable_f32 interpreter""], ""mapping"": ""exact"", ""notes"": [], ""official"": ""exp_configs/vnncomp25/tinyimagenet.yaml"", ""official_biccos"": false, ""official_pgd_order"": ""middle"", ""variant"": ""official""}","[""attack-off (user decision D20): all attack/falsification stages disabled, see config.attack.overrides"", ""float32: general.double_fp=false; solver.use_float64_in_last_iteration=false; stable_f32 interpreter""]",,,79.0,3444.0,official_attack_off_f32,"[""abcrown"",""data/vnncomp2026/tinyimagenet_2024/1.0/onnx/TinyImageNet_resnet_medium.onnx"",""data/vnncomp2026/tinyimagenet_2024/1.0/vnnlib/TinyImageNet_resnet_medium_prop_idx_9634_sidx_2838_eps_0.0039.vnnlib"",100.0,""official_attack_off_f32""]",
tinyimagenet_2024,103,TinyImageNet_resnet_medium.onnx,TinyImageNet_resnet_medium_prop_idx_8623_sidx_6019_eps_0.0039.vnnlib,unsat,7.649094104766846,CERTIFIED,1,100.0,7.649094104766846,11.883,8.329,20.34521741233766,0,0,,,not a FALSIFIED row,0,scratch/logs/fse2026/abcrown/tinyimagenet_2024/00103_d8e6983f74f54b8aa7d8_tak0yx_p.log,6b8bbcfac1c01da1cabd240a87e4dce1a65f5a2b,"{""attack"": {""attack_off"": true, ""hook_replacements"": {}, ""overrides"": {""attack"": {""enable_mip_attack"": false, ""input_split_check_adv"": {""enabled"": ""false""}, ""pgd_order"": ""skip""}, ""bab"": {""attack"": {""enabled"": false}, ""branching"": {""input_split"": {""update_rhs_with_attack"": false}}}}}, ""biccos_applicable"": true, ""biccos_effective"": false, ""derived_path"": ""scratch/rq1_2026_tmp/baselines/abcrown/tinyimagenet_2024/00103_d8e6983f74f54b8aa7d8_tak0yx_p/config.yaml"", ""deviations"": [""attack-off (user decision D20): all attack/falsification stages disabled, see config.attack.overrides"", ""float32: general.double_fp=false; solver.use_float64_in_last_iteration=false; stable_f32 interpreter""], ""mapping"": ""exact"", ""notes"": [], ""official"": ""exp_configs/vnncomp25/tinyimagenet.yaml"", ""official_biccos"": false, ""official_pgd_order"": ""middle"", ""variant"": ""official""}","[""attack-off (user decision D20): all attack/falsification stages disabled, see config.attack.overrides"", ""float32: general.double_fp=false; solver.use_float64_in_last_iteration=false; stable_f32 interpreter""]",,,0.0,34.0,official_attack_off_f32,"[""abcrown"",""data/vnncomp2026/tinyimagenet_2024/1.0/onnx/TinyImageNet_resnet_medium.onnx"",""data/vnncomp2026/tinyimagenet_2024/1.0/vnnlib/TinyImageNet_resnet_medium_prop_idx_8623_sidx_6019_eps_0.0039.vnnlib"",100.0,""official_attack_off_f32""]",
tinyimagenet_2024,104,TinyImageNet_resnet_medium.onnx,TinyImageNet_resnet_medium_prop_idx_6326_sidx_9196_eps_0.0039.vnnlib,timeout,104.50142788887024,TIMEOUT,0,100.0,104.50142788887024,108.755,7.577,116.44553252495825,1,0,,,not a FALSIFIED row,0,scratch/logs/fse2026/abcrown/tinyimagenet_2024/00104_9e32be5c50ad58d4b6ac_x2g7h0oz.log,6b8bbcfac1c01da1cabd240a87e4dce1a65f5a2b,"{""attack"": {""attack_off"": true, ""hook_replacements"": {}, ""overrides"": {""attack"": {""enable_mip_attack"": false, ""input_split_check_adv"": {""enabled"": ""false""}, ""pgd_order"": ""skip""}, ""bab"": {""attack"": {""enabled"": false}, ""branching"": {""input_split"": {""update_rhs_with_attack"": false}}}}}, ""biccos_applicable"": true, ""biccos_effective"": false, ""derived_path"": ""scratch/rq1_2026_tmp/baselines/abcrown/tinyimagenet_2024/00104_9e32be5c50ad58d4b6ac_x2g7h0oz/config.yaml"", ""deviations"": [""attack-off (user decision D20): all attack/falsification stages disabled, see config.attack.overrides"", ""float32: general.double_fp=false; solver.use_float64_in_last_iteration=false; stable_f32 interpreter""], ""mapping"": ""exact"", ""notes"": [], ""official"": ""exp_configs/vnncomp25/tinyimagenet.yaml"", ""official_biccos"": false, ""official_pgd_order"": ""middle"", ""variant"": ""official""}","[""attack-off (user decision D20): all attack/falsification stages disabled, see config.attack.overrides"", ""float32: general.double_fp=false; solver.use_float64_in_last_iteration=false; stable_f32 interpreter""]",,,93.0,9926.0,official_attack_off_f32,"[""abcrown"",""data/vnncomp2026/tinyimagenet_2024/1.0/onnx/TinyImageNet_resnet_medium.onnx"",""data/vnncomp2026/tinyimagenet_2024/1.0/vnnlib/TinyImageNet_resnet_medium_prop_idx_6326_sidx_9196_eps_0.0039.vnnlib"",100.0,""official_attack_off_f32""]",
tinyimagenet_2024,105,TinyImageNet_resnet_medium.onnx,TinyImageNet_resnet_medium_prop_idx_4303_sidx_2935_eps_0.0039.vnnlib,timeout,106.04599118232727,TIMEOUT,0,100.0,106.04599118232727,110.599,7.978,118.71164355427027,1,0,,,not a FALSIFIED row,0,scratch/logs/fse2026/abcrown/tinyimagenet_2024/00105_ce014fc28ddf42f20a02_b0fdyenq.log,6b8bbcfac1c01da1cabd240a87e4dce1a65f5a2b,"{""attack"": {""attack_off"": true, ""hook_replacements"": {}, ""overrides"": {""attack"": {""enable_mip_attack"": false, ""input_split_check_adv"": {""enabled"": ""false""}, ""pgd_order"": ""skip""}, ""bab"": {""attack"": {""enabled"": false}, ""branching"": {""input_split"": {""update_rhs_with_attack"": false}}}}}, ""biccos_applicable"": true, ""biccos_effective"": false, ""derived_path"": ""scratch/rq1_2026_tmp/baselines/abcrown/tinyimagenet_2024/00105_ce014fc28ddf42f20a02_b0fdyenq/config.yaml"", ""deviations"": [""attack-off (user decision D20): all attack/falsification stages disabled, see config.attack.overrides"", ""float32: general.double_fp=false; solver.use_float64_in_last_iteration=false; stable_f32 interpreter""], ""mapping"": ""exact"", ""notes"": [], ""official"": ""exp_configs/vnncomp25/tinyimagenet.yaml"", ""official_biccos"": false, ""official_pgd_order"": ""middle"", ""variant"": ""official""}","[""attack-off (user decision D20): all attack/falsification stages disabled, see config.attack.overrides"", ""float32: general.double_fp=false; solver.use_float64_in_last_iteration=false; stable_f32 interpreter""]",,,0.0,37.0,official_attack_off_f32,"[""abcrown"",""data/vnncomp2026/tinyimagenet_2024/1.0/onnx/TinyImageNet_resnet_medium.onnx"",""data/vnncomp2026/tinyimagenet_2024/1.0/vnnlib/TinyImageNet_resnet_medium_prop_idx_4303_sidx_2935_eps_0.0039.vnnlib"",100.0,""official_attack_off_f32""]",
tinyimagenet_2024,106,TinyImageNet_resnet_medium.onnx,TinyImageNet_resnet_medium_prop_idx_6633_sidx_3878_eps_0.0039.vnnlib,timeout,111.72143745422363,TIMEOUT,0,100.0,111.72143745422363,116.365,8.128,124.62475026398897,1,0,,,not a FALSIFIED row,0,scratch/logs/fse2026/abcrown/tinyimagenet_2024/00106_1a2101f35f9b1e3d1e8d_3r4ut35y.log,6b8bbcfac1c01da1cabd240a87e4dce1a65f5a2b,"{""attack"": {""attack_off"": true, ""hook_replacements"": {}, ""overrides"": {""attack"": {""enable_mip_attack"": false, ""input_split_check_adv"": {""enabled"": ""false""}, ""pgd_order"": ""skip""}, ""bab"": {""attack"": {""enabled"": false}, ""branching"": {""input_split"": {""update_rhs_with_attack"": false}}}}}, ""biccos_applicable"": true, ""biccos_effective"": false, ""derived_path"": ""scratch/rq1_2026_tmp/baselines/abcrown/tinyimagenet_2024/00106_1a2101f35f9b1e3d1e8d_3r4ut35y/config.yaml"", ""deviations"": [""attack-off (user decision D20): all attack/falsification stages disabled, see config.attack.overrides"", ""float32: general.double_fp=false; solver.use_float64_in_last_iteration=false; stable_f32 interpreter""], ""mapping"": ""exact"", ""notes"": [], ""official"": ""exp_configs/vnncomp25/tinyimagenet.yaml"", ""official_biccos"": false, ""official_pgd_order"": ""middle"", ""variant"": ""official""}","[""attack-off (user decision D20): all attack/falsification stages disabled, see config.attack.overrides"", ""float32: general.double_fp=false; solver.use_float64_in_last_iteration=false; stable_f32 interpreter""]",,,100.0,37.0,official_attack_off_f32,"[""abcrown"",""data/vnncomp2026/tinyimagenet_2024/1.0/onnx/TinyImageNet_resnet_medium.onnx"",""data/vnncomp2026/tinyimagenet_2024/1.0/vnnlib/TinyImageNet_resnet_medium_prop_idx_6633_sidx_3878_eps_0.0039.vnnlib"",100.0,""official_attack_off_f32""]",
tinyimagenet_2024,107,TinyImageNet_resnet_medium.onnx,TinyImageNet_resnet_medium_prop_idx_670_sidx_7171_eps_0.0039.vnnlib,unsat,6.330275535583496,CERTIFIED,1,100.0,6.330275535583496,10.532,7.927,18.581844694912434,0,0,,,not a FALSIFIED row,0,scratch/logs/fse2026/abcrown/tinyimagenet_2024/00107_e84ca5c5d070ab22e591_kdp81mjz.log,6b8bbcfac1c01da1cabd240a87e4dce1a65f5a2b,"{""attack"": {""attack_off"": true, ""hook_replacements"": {}, ""overrides"": {""attack"": {""enable_mip_attack"": false, ""input_split_check_adv"": {""enabled"": ""false""}, ""pgd_order"": ""skip""}, ""bab"": {""attack"": {""enabled"": false}, ""branching"": {""input_split"": {""update_rhs_with_attack"": false}}}}}, ""biccos_applicable"": true, ""biccos_effective"": false, ""derived_path"": ""scratch/rq1_2026_tmp/baselines/abcrown/tinyimagenet_2024/00107_e84ca5c5d070ab22e591_kdp81mjz/config.yaml"", ""deviations"": [""attack-off (user decision D20): all attack/falsification stages disabled, see config.attack.overrides"", ""float32: general.double_fp=false; solver.use_float64_in_last_iteration=false; stable_f32 interpreter""], ""mapping"": ""exact"", ""notes"": [], ""official"": ""exp_configs/vnncomp25/tinyimagenet.yaml"", ""official_biccos"": false, ""official_pgd_order"": ""middle"", ""variant"": ""official""}","[""attack-off (user decision D20): all attack/falsification stages disabled, see config.attack.overrides"", ""float32: general.double_fp=false; solver.use_float64_in_last_iteration=false; stable_f32 interpreter""]",,,0.0,714.0,official_attack_off_f32,"[""abcrown"",""data/vnncomp2026/tinyimagenet_2024/1.0/onnx/TinyImageNet_resnet_medium.onnx"",""data/vnncomp2026/tinyimagenet_2024/1.0/vnnlib/TinyImageNet_resnet_medium_prop_idx_670_sidx_7171_eps_0.0039.vnnlib"",100.0,""official_attack_off_f32""]",
tinyimagenet_2024,108,TinyImageNet_resnet_medium.onnx,TinyImageNet_resnet_medium_prop_idx_9013_sidx_9657_eps_0.0039.vnnlib,timeout,105.29486894607544,TIMEOUT,0,100.0,105.29486894607544,109.713,8.279,118.11407210491598,1,0,,,not a FALSIFIED row,0,scratch/logs/fse2026/abcrown/tinyimagenet_2024/00108_03e5aa9df444af047cc4_rlup8w85.log,6b8bbcfac1c01da1cabd240a87e4dce1a65f5a2b,"{""attack"": {""attack_off"": true, ""hook_replacements"": {}, ""overrides"": {""attack"": {""enable_mip_attack"": false, ""input_split_check_adv"": {""enabled"": ""false""}, ""pgd_order"": ""skip""}, ""bab"": {""attack"": {""enabled"": false}, ""branching"": {""input_split"": {""update_rhs_with_attack"": false}}}}}, ""biccos_applicable"": true, ""biccos_effective"": false, ""derived_path"": ""scratch/rq1_2026_tmp/baselines/abcrown/tinyimagenet_2024/00108_03e5aa9df444af047cc4_rlup8w85/config.yaml"", ""deviations"": [""attack-off (user decision D20): all attack/falsification stages disabled, see config.attack.overrides"", ""float32: general.double_fp=false; solver.use_float64_in_last_iteration=false; stable_f32 interpreter""], ""mapping"": ""exact"", ""notes"": [], ""official"": ""exp_configs/vnncomp25/tinyimagenet.yaml"", ""official_biccos"": false, ""official_pgd_order"": ""middle"", ""variant"": ""official""}","[""attack-off (user decision D20): all attack/falsification stages disabled, see config.attack.overrides"", ""float32: general.double_fp=false; solver.use_float64_in_last_iteration=false; stable_f32 interpreter""]",,,0.0,34.0,official_attack_off_f32,"[""abcrown"",""data/vnncomp2026/tinyimagenet_2024/1.0/onnx/TinyImageNet_resnet_medium.onnx"",""data/vnncomp2026/tinyimagenet_2024/1.0/vnnlib/TinyImageNet_resnet_medium_prop_idx_9013_sidx_9657_eps_0.0039.vnnlib"",100.0,""official_attack_off_f32""]",
tinyimagenet_2024,109,TinyImageNet_resnet_medium.onnx,TinyImageNet_resnet_medium_prop_idx_2712_sidx_2558_eps_0.0039.vnnlib,unsat,5.298090934753418,CERTIFIED,1,100.0,5.298090934753418,9.68,8.228,18.03674097172916,0,0,,,not a FALSIFIED row,0,scratch/logs/fse2026/abcrown/tinyimagenet_2024/00109_33292514503f893c6bc6_kjsktysw.log,6b8bbcfac1c01da1cabd240a87e4dce1a65f5a2b,"{""attack"": {""attack_off"": true, ""hook_replacements"": {}, ""overrides"": {""attack"": {""enable_mip_attack"": false, ""input_split_check_adv"": {""enabled"": ""false""}, ""pgd_order"": ""skip""}, ""bab"": {""attack"": {""enabled"": false}, ""branching"": {""input_split"": {""update_rhs_with_attack"": false}}}}}, ""biccos_applicable"": true, ""biccos_effective"": false, ""derived_path"": ""scratch/rq1_2026_tmp/baselines/abcrown/tinyimagenet_2024/00109_33292514503f893c6bc6_kjsktysw/config.yaml"", ""deviations"": [""attack-off (user decision D20): all attack/falsification stages disabled, see config.attack.overrides"", ""float32: general.double_fp=false; solver.use_float64_in_last_iteration=false; stable_f32 interpreter""], ""mapping"": ""exact"", ""notes"": [], ""official"": ""exp_configs/vnncomp25/tinyimagenet.yaml"", ""official_biccos"": false, ""official_pgd_order"": ""middle"", ""variant"": ""official""}","[""attack-off (user decision D20): all attack/falsification stages disabled, see config.attack.overrides"", ""float32: general.double_fp=false; solver.use_float64_in_last_iteration=false; stable_f32 interpreter""]",,,60.0,684.0,official_attack_off_f32,"[""abcrown"",""data/vnncomp2026/tinyimagenet_2024/1.0/onnx/TinyImageNet_resnet_medium.onnx"",""data/vnncomp2026/tinyimagenet_2024/1.0/vnnlib/TinyImageNet_resnet_medium_prop_idx_2712_sidx_2558_eps_0.0039.vnnlib"",100.0,""official_attack_off_f32""]",
tinyimagenet_2024,110,TinyImageNet_resnet_medium.onnx,TinyImageNet_resnet_medium_prop_idx_1831_sidx_5421_eps_0.0039.vnnlib,timeout,105.33240342140198,TIMEOUT,0,100.0,105.33240342140198,109.664,8.087,117.85711808688939,1,0,,,not a FALSIFIED row,0,scratch/logs/fse2026/abcrown/tinyimagenet_2024/00110_432d382bae0274a89244_ty1y8d_v.log,6b8bbcfac1c01da1cabd240a87e4dce1a65f5a2b,"{""attack"": {""attack_off"": true, ""hook_replacements"": {}, ""overrides"": {""attack"": {""enable_mip_attack"": false, ""input_split_check_adv"": {""enabled"": ""false""}, ""pgd_order"": ""skip""}, ""bab"": {""attack"": {""enabled"": false}, ""branching"": {""input_split"": {""update_rhs_with_attack"": false}}}}}, ""biccos_applicable"": true, ""biccos_effective"": false, ""derived_path"": ""scratch/rq1_2026_tmp/baselines/abcrown/tinyimagenet_2024/00110_432d382bae0274a89244_ty1y8d_v/config.yaml"", ""deviations"": [""attack-off (user decision D20): all attack/falsification stages disabled, see config.attack.overrides"", ""float32: general.double_fp=false; solver.use_float64_in_last_iteration=false; stable_f32 interpreter""], ""mapping"": ""exact"", ""notes"": [], ""official"": ""exp_configs/vnncomp25/tinyimagenet.yaml"", ""official_biccos"": false, ""official_pgd_order"": ""middle"", ""variant"": ""official""}","[""attack-off (user decision D20): all attack/falsification stages disabled, see config.attack.overrides"", ""float32: general.double_fp=false; solver.use_float64_in_last_iteration=false; stable_f32 interpreter""]",,,16.0,1642.0,official_attack_off_f32,"[""abcrown"",""data/vnncomp2026/tinyimagenet_2024/1.0/onnx/TinyImageNet_resnet_medium.onnx"",""data/vnncomp2026/tinyimagenet_2024/1.0/vnnlib/TinyImageNet_resnet_medium_prop_idx_1831_sidx_5421_eps_0.0039.vnnlib"",100.0,""official_attack_off_f32""]",
tinyimagenet_2024,111,TinyImageNet_resnet_medium.onnx,TinyImageNet_resnet_medium_prop_idx_4713_sidx_4079_eps_0.0039.vnnlib,timeout,105.86841559410095,TIMEOUT,0,100.0,105.86841559410095,110.557,7.877,118.55969705991447,1,0,,,not a FALSIFIED row,0,scratch/logs/fse2026/abcrown/tinyimagenet_2024/00111_b8c327542cf424822123_uvttzulw.log,6b8bbcfac1c01da1cabd240a87e4dce1a65f5a2b,"{""attack"": {""attack_off"": true, ""hook_replacements"": {}, ""overrides"": {""attack"": {""enable_mip_attack"": false, ""input_split_check_adv"": {""enabled"": ""false""}, ""pgd_order"": ""skip""}, ""bab"": {""attack"": {""enabled"": false}, ""branching"": {""input_split"": {""update_rhs_with_attack"": false}}}}}, ""biccos_applicable"": true, ""biccos_effective"": false, ""derived_path"": ""scratch/rq1_2026_tmp/baselines/abcrown/tinyimagenet_2024/00111_b8c327542cf424822123_uvttzulw/config.yaml"", ""deviations"": [""attack-off (user decision D20): all attack/falsification stages disabled, see config.attack.overrides"", ""float32: general.double_fp=false; solver.use_float64_in_last_iteration=false; stable_f32 interpreter""], ""mapping"": ""exact"", ""notes"": [], ""official"": ""exp_configs/vnncomp25/tinyimagenet.yaml"", ""official_biccos"": false, ""official_pgd_order"": ""middle"", ""variant"": ""official""}","[""attack-off (user decision D20): all attack/falsification stages disabled, see config.attack.overrides"", ""float32: general.double_fp=false; solver.use_float64_in_last_iteration=false; stable_f32 interpreter""]",,,0.0,34.0,official_attack_off_f32,"[""abcrown"",""data/vnncomp2026/tinyimagenet_2024/1.0/onnx/TinyImageNet_resnet_medium.onnx"",""data/vnncomp2026/tinyimagenet_2024/1.0/vnnlib/TinyImageNet_resnet_medium_prop_idx_4713_sidx_4079_eps_0.0039.vnnlib"",100.0,""official_attack_off_f32""]",
tinyimagenet_2024,112,TinyImageNet_resnet_medium.onnx,TinyImageNet_resnet_medium_prop_idx_9880_sidx_5586_eps_0.0039.vnnlib,timeout,112.78627133369446,TIMEOUT,0,100.0,112.78627133369446,116.771,7.326,124.19989887811244,1,0,,,not a FALSIFIED row,0,scratch/logs/fse2026/abcrown/tinyimagenet_2024/00112_c1aa80cb5f5d6808f7d7_la66_wgz.log,6b8bbcfac1c01da1cabd240a87e4dce1a65f5a2b,"{""attack"": {""attack_off"": true, ""hook_replacements"": {}, ""overrides"": {""attack"": {""enable_mip_attack"": false, ""input_split_check_adv"": {""enabled"": ""false""}, ""pgd_order"": ""skip""}, ""bab"": {""attack"": {""enabled"": false}, ""branching"": {""input_split"": {""update_rhs_with_attack"": false}}}}}, ""biccos_applicable"": true, ""biccos_effective"": false, ""derived_path"": ""scratch/rq1_2026_tmp/baselines/abcrown/tinyimagenet_2024/00112_c1aa80cb5f5d6808f7d7_la66_wgz/config.yaml"", ""deviations"": [""attack-off (user decision D20): all attack/falsification stages disabled, see config.attack.overrides"", ""float32: general.double_fp=false; solver.use_float64_in_last_iteration=false; stable_f32 interpreter""], ""mapping"": ""exact"", ""notes"": [], ""official"": ""exp_configs/vnncomp25/tinyimagenet.yaml"", ""official_biccos"": false, ""official_pgd_order"": ""middle"", ""variant"": ""official""}","[""attack-off (user decision D20): all attack/falsification stages disabled, see config.attack.overrides"", ""float32: general.double_fp=false; solver.use_float64_in_last_iteration=false; stable_f32 interpreter""]",,,91.0,3828.0,official_attack_off_f32,"[""abcrown"",""data/vnncomp2026/tinyimagenet_2024/1.0/onnx/TinyImageNet_resnet_medium.onnx"",""data/vnncomp2026/tinyimagenet_2024/1.0/vnnlib/TinyImageNet_resnet_medium_prop_idx_9880_sidx_5586_eps_0.0039.vnnlib"",100.0,""official_attack_off_f32""]",
tinyimagenet_2024,113,TinyImageNet_resnet_medium.onnx,TinyImageNet_resnet_medium_prop_idx_5442_sidx_6087_eps_0.0039.vnnlib,unsat,6.041571140289307,CERTIFIED,1,100.0,6.041571140289307,10.081,7.878,18.068300750106573,0,0,,,not a FALSIFIED row,0,scratch/logs/fse2026/abcrown/tinyimagenet_2024/00113_33ccca2d135c762e362a_obejvrg6.log,6b8bbcfac1c01da1cabd240a87e4dce1a65f5a2b,"{""attack"": {""attack_off"": true, ""hook_replacements"": {}, ""overrides"": {""attack"": {""enable_mip_attack"": false, ""input_split_check_adv"": {""enabled"": ""false""}, ""pgd_order"": ""skip""}, ""bab"": {""attack"": {""enabled"": false}, ""branching"": {""input_split"": {""update_rhs_with_attack"": false}}}}}, ""biccos_applicable"": true, ""biccos_effective"": false, ""derived_path"": ""scratch/rq1_2026_tmp/baselines/abcrown/tinyimagenet_2024/00113_33ccca2d135c762e362a_obejvrg6/config.yaml"", ""deviations"": [""attack-off (user decision D20): all attack/falsification stages disabled, see config.attack.overrides"", ""float32: general.double_fp=false; solver.use_float64_in_last_iteration=false; stable_f32 interpreter""], ""mapping"": ""exact"", ""notes"": [], ""official"": ""exp_configs/vnncomp25/tinyimagenet.yaml"", ""official_biccos"": false, ""official_pgd_order"": ""middle"", ""variant"": ""official""}","[""attack-off (user decision D20): all attack/falsification stages disabled, see config.attack.overrides"", ""float32: general.double_fp=false; solver.use_float64_in_last_iteration=false; stable_f32 interpreter""]",,,20.0,34.0,official_attack_off_f32,"[""abcrown"",""data/vnncomp2026/tinyimagenet_2024/1.0/onnx/TinyImageNet_resnet_medium.onnx"",""data/vnncomp2026/tinyimagenet_2024/1.0/vnnlib/TinyImageNet_resnet_medium_prop_idx_5442_sidx_6087_eps_0.0039.vnnlib"",100.0,""official_attack_off_f32""]",
tinyimagenet_2024,114,TinyImageNet_resnet_medium.onnx,TinyImageNet_resnet_medium_prop_idx_2707_sidx_7220_eps_0.0039.vnnlib,unsat,1.6094796657562256,CERTIFIED,1,100.0,1.6094796657562256,5.279,7.678,13.070429004728794,0,0,,,not a FALSIFIED row,0,scratch/logs/fse2026/abcrown/tinyimagenet_2024/00114_76f016dd07d789f6a8de_t1p1ufex.log,6b8bbcfac1c01da1cabd240a87e4dce1a65f5a2b,"{""attack"": {""attack_off"": true, ""hook_replacements"": {}, ""overrides"": {""attack"": {""enable_mip_attack"": false, ""input_split_check_adv"": {""enabled"": ""false""}, ""pgd_order"": ""skip""}, ""bab"": {""attack"": {""enabled"": false}, ""branching"": {""input_split"": {""update_rhs_with_attack"": false}}}}}, ""biccos_applicable"": true, ""biccos_effective"": false, ""derived_path"": ""scratch/rq1_2026_tmp/baselines/abcrown/tinyimagenet_2024/00114_76f016dd07d789f6a8de_t1p1ufex/config.yaml"", ""deviations"": [""attack-off (user decision D20): all attack/falsification stages disabled, see config.attack.overrides"", ""float32: general.double_fp=false; solver.use_float64_in_last_iteration=false; stable_f32 interpreter""], ""mapping"": ""exact"", ""notes"": [], ""official"": ""exp_configs/vnncomp25/tinyimagenet.yaml"", ""official_biccos"": false, ""official_pgd_order"": ""middle"", ""variant"": ""official""}","[""attack-off (user decision D20): all attack/falsification stages disabled, see config.attack.overrides"", ""float32: general.double_fp=false; solver.use_float64_in_last_iteration=false; stable_f32 interpreter""]",,,96.0,16630.0,official_attack_off_f32,"[""abcrown"",""data/vnncomp2026/tinyimagenet_2024/1.0/onnx/TinyImageNet_resnet_medium.onnx"",""data/vnncomp2026/tinyimagenet_2024/1.0/vnnlib/TinyImageNet_resnet_medium_prop_idx_2707_sidx_7220_eps_0.0039.vnnlib"",100.0,""official_attack_off_f32""]",
tinyimagenet_2024,115,TinyImageNet_resnet_medium.onnx,TinyImageNet_resnet_medium_prop_idx_6318_sidx_1633_eps_0.0039.vnnlib,unsat,7.513974189758301,CERTIFIED,1,100.0,7.513974189758301,11.334,7.376,18.82818727567792,0,0,,,not a FALSIFIED row,0,scratch/logs/fse2026/abcrown/tinyimagenet_2024/00115_de6057d2f1d42d7d6973_nvgftrk2.log,6b8bbcfac1c01da1cabd240a87e4dce1a65f5a2b,"{""attack"": {""attack_off"": true, ""hook_replacements"": {}, ""overrides"": {""attack"": {""enable_mip_attack"": false, ""input_split_check_adv"": {""enabled"": ""false""}, ""pgd_order"": ""skip""}, ""bab"": {""attack"": {""enabled"": false}, ""branching"": {""input_split"": {""update_rhs_with_attack"": false}}}}}, ""biccos_applicable"": true, ""biccos_effective"": false, ""derived_path"": ""scratch/rq1_2026_tmp/baselines/abcrown/tinyimagenet_2024/00115_de6057d2f1d42d7d6973_nvgftrk2/config.yaml"", ""deviations"": [""attack-off (user decision D20): all attack/falsification stages disabled, see config.attack.overrides"", ""float32: general.double_fp=false; solver.use_float64_in_last_iteration=false; stable_f32 interpreter""], ""mapping"": ""exact"", ""notes"": [], ""official"": ""exp_configs/vnncomp25/tinyimagenet.yaml"", ""official_biccos"": false, ""official_pgd_order"": ""middle"", ""variant"": ""official""}","[""attack-off (user decision D20): all attack/falsification stages disabled, see config.attack.overrides"", ""float32: general.double_fp=false; solver.use_float64_in_last_iteration=false; stable_f32 interpreter""]",,,51.0,6508.0,official_attack_off_f32,"[""abcrown"",""data/vnncomp2026/tinyimagenet_2024/1.0/onnx/TinyImageNet_resnet_medium.onnx"",""data/vnncomp2026/tinyimagenet_2024/1.0/vnnlib/TinyImageNet_resnet_medium_prop_idx_6318_sidx_1633_eps_0.0039.vnnlib"",100.0,""official_attack_off_f32""]",
tinyimagenet_2024,116,TinyImageNet_resnet_medium.onnx,TinyImageNet_resnet_medium_prop_idx_6089_sidx_9661_eps_0.0039.vnnlib,unsat,5.475452661514282,CERTIFIED,1,100.0,5.475452661514282,9.33,7.276,16.7208446636796,0,0,,,not a FALSIFIED row,0,scratch/logs/fse2026/abcrown/tinyimagenet_2024/00116_2f669229ad8971c7f213__qu54emu.log,6b8bbcfac1c01da1cabd240a87e4dce1a65f5a2b,"{""attack"": {""attack_off"": true, ""hook_replacements"": {}, ""overrides"": {""attack"": {""enable_mip_attack"": false, ""input_split_check_adv"": {""enabled"": ""false""}, ""pgd_order"": ""skip""}, ""bab"": {""attack"": {""enabled"": false}, ""branching"": {""input_split"": {""update_rhs_with_attack"": false}}}}}, ""biccos_applicable"": true, ""biccos_effective"": false, ""derived_path"": ""scratch/rq1_2026_tmp/baselines/abcrown/tinyimagenet_2024/00116_2f669229ad8971c7f213__qu54emu/config.yaml"", ""deviations"": [""attack-off (user decision D20): all attack/falsification stages disabled, see config.attack.overrides"", ""float32: general.double_fp=false; solver.use_float64_in_last_iteration=false; stable_f32 interpreter""], ""mapping"": ""exact"", ""notes"": [], ""official"": ""exp_configs/vnncomp25/tinyimagenet.yaml"", ""official_biccos"": false, ""official_pgd_order"": ""middle"", ""variant"": ""official""}","[""attack-off (user decision D20): all attack/falsification stages disabled, see config.attack.overrides"", ""float32: general.double_fp=false; solver.use_float64_in_last_iteration=false; stable_f32 interpreter""]",,,80.0,14662.0,official_attack_off_f32,"[""abcrown"",""data/vnncomp2026/tinyimagenet_2024/1.0/onnx/TinyImageNet_resnet_medium.onnx"",""data/vnncomp2026/tinyimagenet_2024/1.0/vnnlib/TinyImageNet_resnet_medium_prop_idx_6089_sidx_9661_eps_0.0039.vnnlib"",100.0,""official_attack_off_f32""]",
tinyimagenet_2024,117,TinyImageNet_resnet_medium.onnx,TinyImageNet_resnet_medium_prop_idx_3133_sidx_2042_eps_0.0039.vnnlib,timeout,107.03267931938171,TIMEOUT,0,100.0,107.03267931938171,111.061,7.527,118.69561481848359,1,0,,,not a FALSIFIED row,0,scratch/logs/fse2026/abcrown/tinyimagenet_2024/00117_5ed6fe0ecc6de52bde76_n3fylrkm.log,6b8bbcfac1c01da1cabd240a87e4dce1a65f5a2b,"{""attack"": {""attack_off"": true, ""hook_replacements"": {}, ""overrides"": {""attack"": {""enable_mip_attack"": false, ""input_split_check_adv"": {""enabled"": ""false""}, ""pgd_order"": ""skip""}, ""bab"": {""attack"": {""enabled"": false}, ""branching"": {""input_split"": {""update_rhs_with_attack"": false}}}}}, ""biccos_applicable"": true, ""biccos_effective"": false, ""derived_path"": ""scratch/rq1_2026_tmp/baselines/abcrown/tinyimagenet_2024/00117_5ed6fe0ecc6de52bde76_n3fylrkm/config.yaml"", ""deviations"": [""attack-off (user decision D20): all attack/falsification stages disabled, see config.attack.overrides"", ""float32: general.double_fp=false; solver.use_float64_in_last_iteration=false; stable_f32 interpreter""], ""mapping"": ""exact"", ""notes"": [], ""official"": ""exp_configs/vnncomp25/tinyimagenet.yaml"", ""official_biccos"": false, ""official_pgd_order"": ""middle"", ""variant"": ""official""}","[""attack-off (user decision D20): all attack/falsification stages disabled, see config.attack.overrides"", ""float32: general.double_fp=false; solver.use_float64_in_last_iteration=false; stable_f32 interpreter""]",,,96.0,8238.0,official_attack_off_f32,"[""abcrown"",""data/vnncomp2026/tinyimagenet_2024/1.0/onnx/TinyImageNet_resnet_medium.onnx"",""data/vnncomp2026/tinyimagenet_2024/1.0/vnnlib/TinyImageNet_resnet_medium_prop_idx_3133_sidx_2042_eps_0.0039.vnnlib"",100.0,""official_attack_off_f32""]",
tinyimagenet_2024,118,TinyImageNet_resnet_medium.onnx,TinyImageNet_resnet_medium_prop_idx_9191_sidx_3519_eps_0.0039.vnnlib,timeout,105.71051478385925,TIMEOUT,0,100.0,105.71051478385925,110.358,8.328,118.86835362389684,1,0,,,not a FALSIFIED row,0,scratch/logs/fse2026/abcrown/tinyimagenet_2024/00118_0ef745023b3be8124b27_uwa7kdmh.log,6b8bbcfac1c01da1cabd240a87e4dce1a65f5a2b,"{""attack"": {""attack_off"": true, ""hook_replacements"": {}, ""overrides"": {""attack"": {""enable_mip_attack"": false, ""input_split_check_adv"": {""enabled"": ""false""}, ""pgd_order"": ""skip""}, ""bab"": {""attack"": {""enabled"": false}, ""branching"": {""input_split"": {""update_rhs_with_attack"": false}}}}}, ""biccos_applicable"": true, ""biccos_effective"": false, ""derived_path"": ""scratch/rq1_2026_tmp/baselines/abcrown/tinyimagenet_2024/00118_0ef745023b3be8124b27_uwa7kdmh/config.yaml"", ""deviations"": [""attack-off (user decision D20): all attack/falsification stages disabled, see config.attack.overrides"", ""float32: general.double_fp=false; solver.use_float64_in_last_iteration=false; stable_f32 interpreter""], ""mapping"": ""exact"", ""notes"": [], ""official"": ""exp_configs/vnncomp25/tinyimagenet.yaml"", ""official_biccos"": false, ""official_pgd_order"": ""middle"", ""variant"": ""official""}","[""attack-off (user decision D20): all attack/falsification stages disabled, see config.attack.overrides"", ""float32: general.double_fp=false; solver.use_float64_in_last_iteration=false; stable_f32 interpreter""]",,,0.0,34.0,official_attack_off_f32,"[""abcrown"",""data/vnncomp2026/tinyimagenet_2024/1.0/onnx/TinyImageNet_resnet_medium.onnx"",""data/vnncomp2026/tinyimagenet_2024/1.0/vnnlib/TinyImageNet_resnet_medium_prop_idx_9191_sidx_3519_eps_0.0039.vnnlib"",100.0,""official_attack_off_f32""]",
tinyimagenet_2024,119,TinyImageNet_resnet_medium.onnx,TinyImageNet_resnet_medium_prop_idx_4312_sidx_1349_eps_0.0039.vnnlib,unsat,11.255954504013062,CERTIFIED,1,100.0,11.255954504013062,15.49,8.178,23.788605008274317,0,0,,,not a FALSIFIED row,0,scratch/logs/fse2026/abcrown/tinyimagenet_2024/00119_5d09e36d0ebc83450536_5intera2.log,6b8bbcfac1c01da1cabd240a87e4dce1a65f5a2b,"{""attack"": {""attack_off"": true, ""hook_replacements"": {}, ""overrides"": {""attack"": {""enable_mip_attack"": false, ""input_split_check_adv"": {""enabled"": ""false""}, ""pgd_order"": ""skip""}, ""bab"": {""attack"": {""enabled"": false}, ""branching"": {""input_split"": {""update_rhs_with_attack"": false}}}}}, ""biccos_applicable"": true, ""biccos_effective"": false, ""derived_path"": ""scratch/rq1_2026_tmp/baselines/abcrown/tinyimagenet_2024/00119_5d09e36d0ebc83450536_5intera2/config.yaml"", ""deviations"": [""attack-off (user decision D20): all attack/falsification stages disabled, see config.attack.overrides"", ""float32: general.double_fp=false; solver.use_float64_in_last_iteration=false; stable_f32 interpreter""], ""mapping"": ""exact"", ""notes"": [], ""official"": ""exp_configs/vnncomp25/tinyimagenet.yaml"", ""official_biccos"": false, ""official_pgd_order"": ""middle"", ""variant"": ""official""}","[""attack-off (user decision D20): all attack/falsification stages disabled, see config.attack.overrides"", ""float32: general.double_fp=false; solver.use_float64_in_last_iteration=false; stable_f32 interpreter""]",,,25.0,5048.0,official_attack_off_f32,"[""abcrown"",""data/vnncomp2026/tinyimagenet_2024/1.0/onnx/TinyImageNet_resnet_medium.onnx"",""data/vnncomp2026/tinyimagenet_2024/1.0/vnnlib/TinyImageNet_resnet_medium_prop_idx_4312_sidx_1349_eps_0.0039.vnnlib"",100.0,""official_attack_off_f32""]",
tinyimagenet_2024,120,TinyImageNet_resnet_medium.onnx,TinyImageNet_resnet_medium_prop_idx_7926_sidx_589_eps_0.0039.vnnlib,unsat,8.465677738189697,CERTIFIED,1,100.0,8.465677738189697,12.635,7.477,20.225628200918436,0,0,,,not a FALSIFIED row,0,scratch/logs/fse2026/abcrown/tinyimagenet_2024/00120_fcb805b8f9bf77f120fc_rnoc03go.log,6b8bbcfac1c01da1cabd240a87e4dce1a65f5a2b,"{""attack"": {""attack_off"": true, ""hook_replacements"": {}, ""overrides"": {""attack"": {""enable_mip_attack"": false, ""input_split_check_adv"": {""enabled"": ""false""}, ""pgd_order"": ""skip""}, ""bab"": {""attack"": {""enabled"": false}, ""branching"": {""input_split"": {""update_rhs_with_attack"": false}}}}}, ""biccos_applicable"": true, ""biccos_effective"": false, ""derived_path"": ""scratch/rq1_2026_tmp/baselines/abcrown/tinyimagenet_2024/00120_fcb805b8f9bf77f120fc_rnoc03go/config.yaml"", ""deviations"": [""attack-off (user decision D20): all attack/falsification stages disabled, see config.attack.overrides"", ""float32: general.double_fp=false; solver.use_float64_in_last_iteration=false; stable_f32 interpreter""], ""mapping"": ""exact"", ""notes"": [], ""official"": ""exp_configs/vnncomp25/tinyimagenet.yaml"", ""official_biccos"": false, ""official_pgd_order"": ""middle"", ""variant"": ""official""}","[""attack-off (user decision D20): all attack/falsification stages disabled, see config.attack.overrides"", ""float32: general.double_fp=false; solver.use_float64_in_last_iteration=false; stable_f32 interpreter""]",,,85.0,25364.0,official_attack_off_f32,"[""abcrown"",""data/vnncomp2026/tinyimagenet_2024/1.0/onnx/TinyImageNet_resnet_medium.onnx"",""data/vnncomp2026/tinyimagenet_2024/1.0/vnnlib/TinyImageNet_resnet_medium_prop_idx_7926_sidx_589_eps_0.0039.vnnlib"",100.0,""official_attack_off_f32""]",
tinyimagenet_2024,121,TinyImageNet_resnet_medium.onnx,TinyImageNet_resnet_medium_prop_idx_5652_sidx_8781_eps_0.0039.vnnlib,unsat,6.971683979034424,CERTIFIED,1,100.0,6.971683979034424,11.333,8.128,19.583067009225488,0,0,,,not a FALSIFIED row,0,scratch/logs/fse2026/abcrown/tinyimagenet_2024/00121_1d934aa9013d474ab840_ynisizdz.log,6b8bbcfac1c01da1cabd240a87e4dce1a65f5a2b,"{""attack"": {""attack_off"": true, ""hook_replacements"": {}, ""overrides"": {""attack"": {""enable_mip_attack"": false, ""input_split_check_adv"": {""enabled"": ""false""}, ""pgd_order"": ""skip""}, ""bab"": {""attack"": {""enabled"": false}, ""branching"": {""input_split"": {""update_rhs_with_attack"": false}}}}}, ""biccos_applicable"": true, ""biccos_effective"": false, ""derived_path"": ""scratch/rq1_2026_tmp/baselines/abcrown/tinyimagenet_2024/00121_1d934aa9013d474ab840_ynisizdz/config.yaml"", ""deviations"": [""attack-off (user decision D20): all attack/falsification stages disabled, see config.attack.overrides"", ""float32: general.double_fp=false; solver.use_float64_in_last_iteration=false; stable_f32 interpreter""], ""mapping"": ""exact"", ""notes"": [], ""official"": ""exp_configs/vnncomp25/tinyimagenet.yaml"", ""official_biccos"": false, ""official_pgd_order"": ""middle"", ""variant"": ""official""}","[""attack-off (user decision D20): all attack/falsification stages disabled, see config.attack.overrides"", ""float32: general.double_fp=false; solver.use_float64_in_last_iteration=false; stable_f32 interpreter""]",,,0.0,37.0,official_attack_off_f32,"[""abcrown"",""data/vnncomp2026/tinyimagenet_2024/1.0/onnx/TinyImageNet_resnet_medium.onnx"",""data/vnncomp2026/tinyimagenet_2024/1.0/vnnlib/TinyImageNet_resnet_medium_prop_idx_5652_sidx_8781_eps_0.0039.vnnlib"",100.0,""official_attack_off_f32""]",
tinyimagenet_2024,122,TinyImageNet_resnet_medium.onnx,TinyImageNet_resnet_medium_prop_idx_8278_sidx_7455_eps_0.0039.vnnlib,unsat,6.960028648376465,CERTIFIED,1,100.0,6.960028648376465,10.833,7.477,18.423753309994936,0,0,,,not a FALSIFIED row,0,scratch/logs/fse2026/abcrown/tinyimagenet_2024/00122_1e154f51202d731b539f_corat015.log,6b8bbcfac1c01da1cabd240a87e4dce1a65f5a2b,"{""attack"": {""attack_off"": true, ""hook_replacements"": {}, ""overrides"": {""attack"": {""enable_mip_attack"": false, ""input_split_check_adv"": {""enabled"": ""false""}, ""pgd_order"": ""skip""}, ""bab"": {""attack"": {""enabled"": false}, ""branching"": {""input_split"": {""update_rhs_with_attack"": false}}}}}, ""biccos_applicable"": true, ""biccos_effective"": false, ""derived_path"": ""scratch/rq1_2026_tmp/baselines/abcrown/tinyimagenet_2024/00122_1e154f51202d731b539f_corat015/config.yaml"", ""deviations"": [""attack-off (user decision D20): all attack/falsification stages disabled, see config.attack.overrides"", ""float32: general.double_fp=false; solver.use_float64_in_last_iteration=false; stable_f32 interpreter""], ""mapping"": ""exact"", ""notes"": [], ""official"": ""exp_configs/vnncomp25/tinyimagenet.yaml"", ""official_biccos"": false, ""official_pgd_order"": ""middle"", ""variant"": ""official""}","[""attack-off (user decision D20): all attack/falsification stages disabled, see config.attack.overrides"", ""float32: general.double_fp=false; solver.use_float64_in_last_iteration=false; stable_f32 interpreter""]",,,84.0,4312.0,official_attack_off_f32,"[""abcrown"",""data/vnncomp2026/tinyimagenet_2024/1.0/onnx/TinyImageNet_resnet_medium.onnx"",""data/vnncomp2026/tinyimagenet_2024/1.0/vnnlib/TinyImageNet_resnet_medium_prop_idx_8278_sidx_7455_eps_0.0039.vnnlib"",100.0,""official_attack_off_f32""]",
tinyimagenet_2024,123,TinyImageNet_resnet_medium.onnx,TinyImageNet_resnet_medium_prop_idx_1667_sidx_5078_eps_0.0039.vnnlib,timeout,100.91714000701904,TIMEOUT,0,100.0,100.91714000701904,105.247,7.679,113.02588444948196,1,0,,,not a FALSIFIED row,0,scratch/logs/fse2026/abcrown/tinyimagenet_2024/00123_a9b17cf46cf2f615eeeb_gvqdmm5m.log,6b8bbcfac1c01da1cabd240a87e4dce1a65f5a2b,"{""attack"": {""attack_off"": true, ""hook_replacements"": {}, ""overrides"": {""attack"": {""enable_mip_attack"": false, ""input_split_check_adv"": {""enabled"": ""false""}, ""pgd_order"": ""skip""}, ""bab"": {""attack"": {""enabled"": false}, ""branching"": {""input_split"": {""update_rhs_with_attack"": false}}}}}, ""biccos_applicable"": true, ""biccos_effective"": false, ""derived_path"": ""scratch/rq1_2026_tmp/baselines/abcrown/tinyimagenet_2024/00123_a9b17cf46cf2f615eeeb_gvqdmm5m/config.yaml"", ""deviations"": [""attack-off (user decision D20): all attack/falsification stages disabled, see config.attack.overrides"", ""float32: general.double_fp=false; solver.use_float64_in_last_iteration=false; stable_f32 interpreter""], ""mapping"": ""exact"", ""notes"": [], ""official"": ""exp_configs/vnncomp25/tinyimagenet.yaml"", ""official_biccos"": false, ""official_pgd_order"": ""middle"", ""variant"": ""official""}","[""attack-off (user decision D20): all attack/falsification stages disabled, see config.attack.overrides"", ""float32: general.double_fp=false; solver.use_float64_in_last_iteration=false; stable_f32 interpreter""]",,,88.0,3444.0,official_attack_off_f32,"[""abcrown"",""data/vnncomp2026/tinyimagenet_2024/1.0/onnx/TinyImageNet_resnet_medium.onnx"",""data/vnncomp2026/tinyimagenet_2024/1.0/vnnlib/TinyImageNet_resnet_medium_prop_idx_1667_sidx_5078_eps_0.0039.vnnlib"",100.0,""official_attack_off_f32""]",
tinyimagenet_2024,124,TinyImageNet_resnet_medium.onnx,TinyImageNet_resnet_medium_prop_idx_1777_sidx_439_eps_0.0039.vnnlib,unsat,6.521860599517822,CERTIFIED,1,100.0,6.521860599517822,10.733,7.627,18.46621898934245,0,0,,,not a FALSIFIED row,0,scratch/logs/fse2026/abcrown/tinyimagenet_2024/00124_d283634561affbd01b67_avkggktq.log,6b8bbcfac1c01da1cabd240a87e4dce1a65f5a2b,"{""attack"": {""attack_off"": true, ""hook_replacements"": {}, ""overrides"": {""attack"": {""enable_mip_attack"": false, ""input_split_check_adv"": {""enabled"": ""false""}, ""pgd_order"": ""skip""}, ""bab"": {""attack"": {""enabled"": false}, ""branching"": {""input_split"": {""update_rhs_with_attack"": false}}}}}, ""biccos_applicable"": true, ""biccos_effective"": false, ""derived_path"": ""scratch/rq1_2026_tmp/baselines/abcrown/tinyimagenet_2024/00124_d283634561affbd01b67_avkggktq/config.yaml"", ""deviations"": [""attack-off (user decision D20): all attack/falsification stages disabled, see config.attack.overrides"", ""float32: general.double_fp=false; solver.use_float64_in_last_iteration=false; stable_f32 interpreter""], ""mapping"": ""exact"", ""notes"": [], ""official"": ""exp_configs/vnncomp25/tinyimagenet.yaml"", ""official_biccos"": false, ""official_pgd_order"": ""middle"", ""variant"": ""official""}","[""attack-off (user decision D20): all attack/falsification stages disabled, see config.attack.overrides"", ""float32: general.double_fp=false; solver.use_float64_in_last_iteration=false; stable_f32 interpreter""]",,,78.0,14318.0,official_attack_off_f32,"[""abcrown"",""data/vnncomp2026/tinyimagenet_2024/1.0/onnx/TinyImageNet_resnet_medium.onnx"",""data/vnncomp2026/tinyimagenet_2024/1.0/vnnlib/TinyImageNet_resnet_medium_prop_idx_1777_sidx_439_eps_0.0039.vnnlib"",100.0,""official_attack_off_f32""]",
tinyimagenet_2024,125,TinyImageNet_resnet_medium.onnx,TinyImageNet_resnet_medium_prop_idx_3218_sidx_5420_eps_0.0039.vnnlib,unsat,7.837289571762085,CERTIFIED,1,100.0,7.837289571762085,11.834,7.577,19.52748699299991,0,0,,,not a FALSIFIED row,0,scratch/logs/fse2026/abcrown/tinyimagenet_2024/00125_5e1bb12b164d0db593e8_wj5jdopj.log,6b8bbcfac1c01da1cabd240a87e4dce1a65f5a2b,"{""attack"": {""attack_off"": true, ""hook_replacements"": {}, ""overrides"": {""attack"": {""enable_mip_attack"": false, ""input_split_check_adv"": {""enabled"": ""false""}, ""pgd_order"": ""skip""}, ""bab"": {""attack"": {""enabled"": false}, ""branching"": {""input_split"": {""update_rhs_with_attack"": false}}}}}, ""biccos_applicable"": true, ""biccos_effective"": false, ""derived_path"": ""scratch/rq1_2026_tmp/baselines/abcrown/tinyimagenet_2024/00125_5e1bb12b164d0db593e8_wj5jdopj/config.yaml"", ""deviations"": [""attack-off (user decision D20): all attack/falsification stages disabled, see config.attack.overrides"", ""float32: general.double_fp=false; solver.use_float64_in_last_iteration=false; stable_f32 interpreter""], ""mapping"": ""exact"", ""notes"": [], ""official"": ""exp_configs/vnncomp25/tinyimagenet.yaml"", ""official_biccos"": false, ""official_pgd_order"": ""middle"", ""variant"": ""official""}","[""attack-off (user decision D20): all attack/falsification stages disabled, see config.attack.overrides"", ""float32: general.double_fp=false; solver.use_float64_in_last_iteration=false; stable_f32 interpreter""]",,,89.0,3744.0,official_attack_off_f32,"[""abcrown"",""data/vnncomp2026/tinyimagenet_2024/1.0/onnx/TinyImageNet_resnet_medium.onnx"",""data/vnncomp2026/tinyimagenet_2024/1.0/vnnlib/TinyImageNet_resnet_medium_prop_idx_3218_sidx_5420_eps_0.0039.vnnlib"",100.0,""official_attack_off_f32""]",
tinyimagenet_2024,126,TinyImageNet_resnet_medium.onnx,TinyImageNet_resnet_medium_prop_idx_4464_sidx_4786_eps_0.0039.vnnlib,timeout,115.53039240837097,TIMEOUT,0,100.0,115.53039240837097,120.184,4.471,124.80105300433934,1,0,,,not a FALSIFIED row,0,scratch/logs/fse2026/abcrown/tinyimagenet_2024/00126_7b8c2730ac3d21719eab_3mxxpw44.log,6b8bbcfac1c01da1cabd240a87e4dce1a65f5a2b,"{""attack"": {""attack_off"": true, ""hook_replacements"": {}, ""overrides"": {""attack"": {""enable_mip_attack"": false, ""input_split_check_adv"": {""enabled"": ""false""}, ""pgd_order"": ""skip""}, ""bab"": {""attack"": {""enabled"": false}, ""branching"": {""input_split"": {""update_rhs_with_attack"": false}}}}}, ""biccos_applicable"": true, ""biccos_effective"": false, ""derived_path"": ""scratch/rq1_2026_tmp/baselines/abcrown/tinyimagenet_2024/00126_7b8c2730ac3d21719eab_3mxxpw44/config.yaml"", ""deviations"": [""attack-off (user decision D20): all attack/falsification stages disabled, see config.attack.overrides"", ""float32: general.double_fp=false; solver.use_float64_in_last_iteration=false; stable_f32 interpreter""], ""mapping"": ""exact"", ""notes"": [], ""official"": ""exp_configs/vnncomp25/tinyimagenet.yaml"", ""official_biccos"": false, ""official_pgd_order"": ""middle"", ""variant"": ""official""}","[""attack-off (user decision D20): all attack/falsification stages disabled, see config.attack.overrides"", ""float32: general.double_fp=false; solver.use_float64_in_last_iteration=false; stable_f32 interpreter""]",,,8.0,724.0,official_attack_off_f32,"[""abcrown"",""data/vnncomp2026/tinyimagenet_2024/1.0/onnx/TinyImageNet_resnet_medium.onnx"",""data/vnncomp2026/tinyimagenet_2024/1.0/vnnlib/TinyImageNet_resnet_medium_prop_idx_4464_sidx_4786_eps_0.0039.vnnlib"",100.0,""official_attack_off_f32""]",
tinyimagenet_2024,127,TinyImageNet_resnet_medium.onnx,TinyImageNet_resnet_medium_prop_idx_8101_sidx_2821_eps_0.0039.vnnlib,unsat,2.363640546798706,CERTIFIED,1,100.0,2.363640546798706,6.426,7.78,14.322317687794566,0,0,,,not a FALSIFIED row,0,scratch/logs/fse2026/abcrown/tinyimagenet_2024/00127_0f75caf438a2ab807c38_8cb0s71w.log,6b8bbcfac1c01da1cabd240a87e4dce1a65f5a2b,"{""attack"": {""attack_off"": true, ""hook_replacements"": {}, ""overrides"": {""attack"": {""enable_mip_attack"": false, ""input_split_check_adv"": {""enabled"": ""false""}, ""pgd_order"": ""skip""}, ""bab"": {""attack"": {""enabled"": false}, ""branching"": {""input_split"": {""update_rhs_with_attack"": false}}}}}, ""biccos_applicable"": true, ""biccos_effective"": false, ""derived_path"": ""scratch/rq1_2026_tmp/baselines/abcrown/tinyimagenet_2024/00127_0f75caf438a2ab807c38_8cb0s71w/config.yaml"", ""deviations"": [""attack-off (user decision D20): all attack/falsification stages disabled, see config.attack.overrides"", ""float32: general.double_fp=false; solver.use_float64_in_last_iteration=false; stable_f32 interpreter""], ""mapping"": ""exact"", ""notes"": [], ""official"": ""exp_configs/vnncomp25/tinyimagenet.yaml"", ""official_biccos"": false, ""official_pgd_order"": ""middle"", ""variant"": ""official""}","[""attack-off (user decision D20): all attack/falsification stages disabled, see config.attack.overrides"", ""float32: general.double_fp=false; solver.use_float64_in_last_iteration=false; stable_f32 interpreter""]",,,28.0,29462.0,official_attack_off_f32,"[""abcrown"",""data/vnncomp2026/tinyimagenet_2024/1.0/onnx/TinyImageNet_resnet_medium.onnx"",""data/vnncomp2026/tinyimagenet_2024/1.0/vnnlib/TinyImageNet_resnet_medium_prop_idx_8101_sidx_2821_eps_0.0039.vnnlib"",100.0,""official_attack_off_f32""]",
tinyimagenet_2024,128,TinyImageNet_resnet_medium.onnx,TinyImageNet_resnet_medium_prop_idx_3951_sidx_1882_eps_0.0039.vnnlib,unsat,18.934985160827637,CERTIFIED,1,100.0,18.934985160827637,22.85,7.726,30.697033740580082,0,0,,,not a FALSIFIED row,0,scratch/logs/fse2026/abcrown/tinyimagenet_2024/00128_1b85b842abe7657812a0_d0hkxe9y.log,6b8bbcfac1c01da1cabd240a87e4dce1a65f5a2b,"{""attack"": {""attack_off"": true, ""hook_replacements"": {}, ""overrides"": {""attack"": {""enable_mip_attack"": false, ""input_split_check_adv"": {""enabled"": ""false""}, ""pgd_order"": ""skip""}, ""bab"": {""attack"": {""enabled"": false}, ""branching"": {""input_split"": {""update_rhs_with_attack"": false}}}}}, ""biccos_applicable"": true, ""biccos_effective"": false, ""derived_path"": ""scratch/rq1_2026_tmp/baselines/abcrown/tinyimagenet_2024/00128_1b85b842abe7657812a0_d0hkxe9y/config.yaml"", ""deviations"": [""attack-off (user decision D20): all attack/falsification stages disabled, see config.attack.overrides"", ""float32: general.double_fp=false; solver.use_float64_in_last_iteration=false; stable_f32 interpreter""], ""mapping"": ""exact"", ""notes"": [], ""official"": ""exp_configs/vnncomp25/tinyimagenet.yaml"", ""official_biccos"": false, ""official_pgd_order"": ""middle"", ""variant"": ""official""}","[""attack-off (user decision D20): all attack/falsification stages disabled, see config.attack.overrides"", ""float32: general.double_fp=false; solver.use_float64_in_last_iteration=false; stable_f32 interpreter""]",,,0.0,724.0,official_attack_off_f32,"[""abcrown"",""data/vnncomp2026/tinyimagenet_2024/1.0/onnx/TinyImageNet_resnet_medium.onnx"",""data/vnncomp2026/tinyimagenet_2024/1.0/vnnlib/TinyImageNet_resnet_medium_prop_idx_3951_sidx_1882_eps_0.0039.vnnlib"",100.0,""official_attack_off_f32""]",
tinyimagenet_2024,129,TinyImageNet_resnet_medium.onnx,TinyImageNet_resnet_medium_prop_idx_3977_sidx_4816_eps_0.0039.vnnlib,unsat,4.512470722198486,CERTIFIED,1,100.0,4.512470722198486,8.378,7.476,15.969414984807372,0,0,,,not a FALSIFIED row,0,scratch/logs/fse2026/abcrown/tinyimagenet_2024/00129_be8465ce014805f3b968_cn97_2l_.log,6b8bbcfac1c01da1cabd240a87e4dce1a65f5a2b,"{""attack"": {""attack_off"": true, ""hook_replacements"": {}, ""overrides"": {""attack"": {""enable_mip_attack"": false, ""input_split_check_adv"": {""enabled"": ""false""}, ""pgd_order"": ""skip""}, ""bab"": {""attack"": {""enabled"": false}, ""branching"": {""input_split"": {""update_rhs_with_attack"": false}}}}}, ""biccos_applicable"": true, ""biccos_effective"": false, ""derived_path"": ""scratch/rq1_2026_tmp/baselines/abcrown/tinyimagenet_2024/00129_be8465ce014805f3b968_cn97_2l_/config.yaml"", ""deviations"": [""attack-off (user decision D20): all attack/falsification stages disabled, see config.attack.overrides"", ""float32: general.double_fp=false; solver.use_float64_in_last_iteration=false; stable_f32 interpreter""], ""mapping"": ""exact"", ""notes"": [], ""official"": ""exp_configs/vnncomp25/tinyimagenet.yaml"", ""official_biccos"": false, ""official_pgd_order"": ""middle"", ""variant"": ""official""}","[""attack-off (user decision D20): all attack/falsification stages disabled, see config.attack.overrides"", ""float32: general.double_fp=false; solver.use_float64_in_last_iteration=false; stable_f32 interpreter""]",,,76.0,7120.0,official_attack_off_f32,"[""abcrown"",""data/vnncomp2026/tinyimagenet_2024/1.0/onnx/TinyImageNet_resnet_medium.onnx"",""data/vnncomp2026/tinyimagenet_2024/1.0/vnnlib/TinyImageNet_resnet_medium_prop_idx_3977_sidx_4816_eps_0.0039.vnnlib"",100.0,""official_attack_off_f32""]",
tinyimagenet_2024,130,TinyImageNet_resnet_medium.onnx,TinyImageNet_resnet_medium_prop_idx_8552_sidx_5348_eps_0.0039.vnnlib,timeout,109.32704401016235,TIMEOUT,0,100.0,109.32704401016235,113.416,7.427,120.9464859161526,1,0,,,not a FALSIFIED row,0,scratch/logs/fse2026/abcrown/tinyimagenet_2024/00130_c9af1c747305235e3810_4dwd9kec.log,6b8bbcfac1c01da1cabd240a87e4dce1a65f5a2b,"{""attack"": {""attack_off"": true, ""hook_replacements"": {}, ""overrides"": {""attack"": {""enable_mip_attack"": false, ""input_split_check_adv"": {""enabled"": ""false""}, ""pgd_order"": ""skip""}, ""bab"": {""attack"": {""enabled"": false}, ""branching"": {""input_split"": {""update_rhs_with_attack"": false}}}}}, ""biccos_applicable"": true, ""biccos_effective"": false, ""derived_path"": ""scratch/rq1_2026_tmp/baselines/abcrown/tinyimagenet_2024/00130_c9af1c747305235e3810_4dwd9kec/config.yaml"", ""deviations"": [""attack-off (user decision D20): all attack/falsification stages disabled, see config.attack.overrides"", ""float32: general.double_fp=false; solver.use_float64_in_last_iteration=false; stable_f32 interpreter""], ""mapping"": ""exact"", ""notes"": [], ""official"": ""exp_configs/vnncomp25/tinyimagenet.yaml"", ""official_biccos"": false, ""official_pgd_order"": ""middle"", ""variant"": ""official""}","[""attack-off (user decision D20): all attack/falsification stages disabled, see config.attack.overrides"", ""float32: general.double_fp=false; solver.use_float64_in_last_iteration=false; stable_f32 interpreter""]",,,94.0,11744.0,official_attack_off_f32,"[""abcrown"",""data/vnncomp2026/tinyimagenet_2024/1.0/onnx/TinyImageNet_resnet_medium.onnx"",""data/vnncomp2026/tinyimagenet_2024/1.0/vnnlib/TinyImageNet_resnet_medium_prop_idx_8552_sidx_5348_eps_0.0039.vnnlib"",100.0,""official_attack_off_f32""]",
tinyimagenet_2024,131,TinyImageNet_resnet_medium.onnx,TinyImageNet_resnet_medium_prop_idx_5529_sidx_6269_eps_0.0039.vnnlib,timeout,112.0169825553894,TIMEOUT,0,100.0,112.0169825553894,116.675,8.028,124.8381538502872,1,0,,,not a FALSIFIED row,0,scratch/logs/fse2026/abcrown/tinyimagenet_2024/00131_559eaf682d32b4afc821_m_uztdld.log,6b8bbcfac1c01da1cabd240a87e4dce1a65f5a2b,"{""attack"": {""attack_off"": true, ""hook_replacements"": {}, ""overrides"": {""attack"": {""enable_mip_attack"": false, ""input_split_check_adv"": {""enabled"": ""false""}, ""pgd_order"": ""skip""}, ""bab"": {""attack"": {""enabled"": false}, ""branching"": {""input_split"": {""update_rhs_with_attack"": false}}}}}, ""biccos_applicable"": true, ""biccos_effective"": false, ""derived_path"": ""scratch/rq1_2026_tmp/baselines/abcrown/tinyimagenet_2024/00131_559eaf682d32b4afc821_m_uztdld/config.yaml"", ""deviations"": [""attack-off (user decision D20): all attack/falsification stages disabled, see config.attack.overrides"", ""float32: general.double_fp=false; solver.use_float64_in_last_iteration=false; stable_f32 interpreter""], ""mapping"": ""exact"", ""notes"": [], ""official"": ""exp_configs/vnncomp25/tinyimagenet.yaml"", ""official_biccos"": false, ""official_pgd_order"": ""middle"", ""variant"": ""official""}","[""attack-off (user decision D20): all attack/falsification stages disabled, see config.attack.overrides"", ""float32: general.double_fp=false; solver.use_float64_in_last_iteration=false; stable_f32 interpreter""]",,,0.0,37.0,official_attack_off_f32,"[""abcrown"",""data/vnncomp2026/tinyimagenet_2024/1.0/onnx/TinyImageNet_resnet_medium.onnx"",""data/vnncomp2026/tinyimagenet_2024/1.0/vnnlib/TinyImageNet_resnet_medium_prop_idx_5529_sidx_6269_eps_0.0039.vnnlib"",100.0,""official_attack_off_f32""]",
tinyimagenet_2024,132,TinyImageNet_resnet_medium.onnx,TinyImageNet_resnet_medium_prop_idx_2212_sidx_6450_eps_0.0039.vnnlib,unsat,4.6959192752838135,CERTIFIED,1,100.0,4.6959192752838135,8.329,7.477,15.920349661260843,0,0,,,not a FALSIFIED row,0,scratch/logs/fse2026/abcrown/tinyimagenet_2024/00132_41b69e2db80b372dcb95_dxhz1l1e.log,6b8bbcfac1c01da1cabd240a87e4dce1a65f5a2b,"{""attack"": {""attack_off"": true, ""hook_replacements"": {}, ""overrides"": {""attack"": {""enable_mip_attack"": false, ""input_split_check_adv"": {""enabled"": ""false""}, ""pgd_order"": ""skip""}, ""bab"": {""attack"": {""enabled"": false}, ""branching"": {""input_split"": {""update_rhs_with_attack"": false}}}}}, ""biccos_applicable"": true, ""biccos_effective"": false, ""derived_path"": ""scratch/rq1_2026_tmp/baselines/abcrown/tinyimagenet_2024/00132_41b69e2db80b372dcb95_dxhz1l1e/config.yaml"", ""deviations"": [""attack-off (user decision D20): all attack/falsification stages disabled, see config.attack.overrides"", ""float32: general.double_fp=false; solver.use_float64_in_last_iteration=false; stable_f32 interpreter""], ""mapping"": ""exact"", ""notes"": [], ""official"": ""exp_configs/vnncomp25/tinyimagenet.yaml"", ""official_biccos"": false, ""official_pgd_order"": ""middle"", ""variant"": ""official""}","[""attack-off (user decision D20): all attack/falsification stages disabled, see config.attack.overrides"", ""float32: general.double_fp=false; solver.use_float64_in_last_iteration=false; stable_f32 interpreter""]",,,20.0,35884.0,official_attack_off_f32,"[""abcrown"",""data/vnncomp2026/tinyimagenet_2024/1.0/onnx/TinyImageNet_resnet_medium.onnx"",""data/vnncomp2026/tinyimagenet_2024/1.0/vnnlib/TinyImageNet_resnet_medium_prop_idx_2212_sidx_6450_eps_0.0039.vnnlib"",100.0,""official_attack_off_f32""]",
tinyimagenet_2024,133,TinyImageNet_resnet_medium.onnx,TinyImageNet_resnet_medium_prop_idx_247_sidx_1124_eps_0.0039.vnnlib,unsat,9.78873324394226,CERTIFIED,1,100.0,9.78873324394226,14.238,8.328,22.676017308607697,0,0,,,not a FALSIFIED row,0,scratch/logs/fse2026/abcrown/tinyimagenet_2024/00133_a6c74d556a1eb19324dc_xpry7_61.log,6b8bbcfac1c01da1cabd240a87e4dce1a65f5a2b,"{""attack"": {""attack_off"": true, ""hook_replacements"": {}, ""overrides"": {""attack"": {""enable_mip_attack"": false, ""input_split_check_adv"": {""enabled"": ""false""}, ""pgd_order"": ""skip""}, ""bab"": {""attack"": {""enabled"": false}, ""branching"": {""input_split"": {""update_rhs_with_attack"": false}}}}}, ""biccos_applicable"": true, ""biccos_effective"": false, ""derived_path"": ""scratch/rq1_2026_tmp/baselines/abcrown/tinyimagenet_2024/00133_a6c74d556a1eb19324dc_xpry7_61/config.yaml"", ""deviations"": [""attack-off (user decision D20): all attack/falsification stages disabled, see config.attack.overrides"", ""float32: general.double_fp=false; solver.use_float64_in_last_iteration=false; stable_f32 interpreter""], ""mapping"": ""exact"", ""notes"": [], ""official"": ""exp_configs/vnncomp25/tinyimagenet.yaml"", ""official_biccos"": false, ""official_pgd_order"": ""middle"", ""variant"": ""official""}","[""attack-off (user decision D20): all attack/falsification stages disabled, see config.attack.overrides"", ""float32: general.double_fp=false; solver.use_float64_in_last_iteration=false; stable_f32 interpreter""]",,,98.0,55016.0,official_attack_off_f32,"[""abcrown"",""data/vnncomp2026/tinyimagenet_2024/1.0/onnx/TinyImageNet_resnet_medium.onnx"",""data/vnncomp2026/tinyimagenet_2024/1.0/vnnlib/TinyImageNet_resnet_medium_prop_idx_247_sidx_1124_eps_0.0039.vnnlib"",100.0,""official_attack_off_f32""]",
tinyimagenet_2024,134,TinyImageNet_resnet_medium.onnx,TinyImageNet_resnet_medium_prop_idx_9017_sidx_7697_eps_0.0039.vnnlib,unsat,4.68487548828125,CERTIFIED,1,100.0,4.68487548828125,8.429,7.326,15.868601217865944,0,0,,,not a FALSIFIED row,0,scratch/logs/fse2026/abcrown/tinyimagenet_2024/00134_c5e21ab9ef10eafb8663_musifbq2.log,6b8bbcfac1c01da1cabd240a87e4dce1a65f5a2b,"{""attack"": {""attack_off"": true, ""hook_replacements"": {}, ""overrides"": {""attack"": {""enable_mip_attack"": false, ""input_split_check_adv"": {""enabled"": ""false""}, ""pgd_order"": ""skip""}, ""bab"": {""attack"": {""enabled"": false}, ""branching"": {""input_split"": {""update_rhs_with_attack"": false}}}}}, ""biccos_applicable"": true, ""biccos_effective"": false, ""derived_path"": ""scratch/rq1_2026_tmp/baselines/abcrown/tinyimagenet_2024/00134_c5e21ab9ef10eafb8663_musifbq2/config.yaml"", ""deviations"": [""attack-off (user decision D20): all attack/falsification stages disabled, see config.attack.overrides"", ""float32: general.double_fp=false; solver.use_float64_in_last_iteration=false; stable_f32 interpreter""], ""mapping"": ""exact"", ""notes"": [], ""official"": ""exp_configs/vnncomp25/tinyimagenet.yaml"", ""official_biccos"": false, ""official_pgd_order"": ""middle"", ""variant"": ""official""}","[""attack-off (user decision D20): all attack/falsification stages disabled, see config.attack.overrides"", ""float32: general.double_fp=false; solver.use_float64_in_last_iteration=false; stable_f32 interpreter""]",,,93.0,4014.0,official_attack_off_f32,"[""abcrown"",""data/vnncomp2026/tinyimagenet_2024/1.0/onnx/TinyImageNet_resnet_medium.onnx"",""data/vnncomp2026/tinyimagenet_2024/1.0/vnnlib/TinyImageNet_resnet_medium_prop_idx_9017_sidx_7697_eps_0.0039.vnnlib"",100.0,""official_attack_off_f32""]",
tinyimagenet_2024,135,TinyImageNet_resnet_medium.onnx,TinyImageNet_resnet_medium_prop_idx_105_sidx_7898_eps_0.0039.vnnlib,unsat,9.499463558197021,CERTIFIED,1,100.0,9.499463558197021,13.486,8.028,21.65026245638728,0,0,,,not a FALSIFIED row,0,scratch/logs/fse2026/abcrown/tinyimagenet_2024/00135_443624d8e69cdfaeac2b_mdag0fqa.log,6b8bbcfac1c01da1cabd240a87e4dce1a65f5a2b,"{""attack"": {""attack_off"": true, ""hook_replacements"": {}, ""overrides"": {""attack"": {""enable_mip_attack"": false, ""input_split_check_adv"": {""enabled"": ""false""}, ""pgd_order"": ""skip""}, ""bab"": {""attack"": {""enabled"": false}, ""branching"": {""input_split"": {""update_rhs_with_attack"": false}}}}}, ""biccos_applicable"": true, ""biccos_effective"": false, ""derived_path"": ""scratch/rq1_2026_tmp/baselines/abcrown/tinyimagenet_2024/00135_443624d8e69cdfaeac2b_mdag0fqa/config.yaml"", ""deviations"": [""attack-off (user decision D20): all attack/falsification stages disabled, see config.attack.overrides"", ""float32: general.double_fp=false; solver.use_float64_in_last_iteration=false; stable_f32 interpreter""], ""mapping"": ""exact"", ""notes"": [], ""official"": ""exp_configs/vnncomp25/tinyimagenet.yaml"", ""official_biccos"": false, ""official_pgd_order"": ""middle"", ""variant"": ""official""}","[""attack-off (user decision D20): all attack/falsification stages disabled, see config.attack.overrides"", ""float32: general.double_fp=false; solver.use_float64_in_last_iteration=false; stable_f32 interpreter""]",,,0.0,714.0,official_attack_off_f32,"[""abcrown"",""data/vnncomp2026/tinyimagenet_2024/1.0/onnx/TinyImageNet_resnet_medium.onnx"",""data/vnncomp2026/tinyimagenet_2024/1.0/vnnlib/TinyImageNet_resnet_medium_prop_idx_105_sidx_7898_eps_0.0039.vnnlib"",100.0,""official_attack_off_f32""]",
tinyimagenet_2024,136,TinyImageNet_resnet_medium.onnx,TinyImageNet_resnet_medium_prop_idx_600_sidx_4087_eps_0.0039.vnnlib,timeout,102.91874861717224,TIMEOUT,0,100.0,102.91874861717224,106.9,7.327,114.34029592387378,1,0,,,not a FALSIFIED row,0,scratch/logs/fse2026/abcrown/tinyimagenet_2024/00136_3587023d6b61b121cbd8_aio4bt5g.log,6b8bbcfac1c01da1cabd240a87e4dce1a65f5a2b,"{""attack"": {""attack_off"": true, ""hook_replacements"": {}, ""overrides"": {""attack"": {""enable_mip_attack"": false, ""input_split_check_adv"": {""enabled"": ""false""}, ""pgd_order"": ""skip""}, ""bab"": {""attack"": {""enabled"": false}, ""branching"": {""input_split"": {""update_rhs_with_attack"": false}}}}}, ""biccos_applicable"": true, ""biccos_effective"": false, ""derived_path"": ""scratch/rq1_2026_tmp/baselines/abcrown/tinyimagenet_2024/00136_3587023d6b61b121cbd8_aio4bt5g/config.yaml"", ""deviations"": [""attack-off (user decision D20): all attack/falsification stages disabled, see config.attack.overrides"", ""float32: general.double_fp=false; solver.use_float64_in_last_iteration=false; stable_f32 interpreter""], ""mapping"": ""exact"", ""notes"": [], ""official"": ""exp_configs/vnncomp25/tinyimagenet.yaml"", ""official_biccos"": false, ""official_pgd_order"": ""middle"", ""variant"": ""official""}","[""attack-off (user decision D20): all attack/falsification stages disabled, see config.attack.overrides"", ""float32: general.double_fp=false; solver.use_float64_in_last_iteration=false; stable_f32 interpreter""]",,,92.0,7396.0,official_attack_off_f32,"[""abcrown"",""data/vnncomp2026/tinyimagenet_2024/1.0/onnx/TinyImageNet_resnet_medium.onnx"",""data/vnncomp2026/tinyimagenet_2024/1.0/vnnlib/TinyImageNet_resnet_medium_prop_idx_600_sidx_4087_eps_0.0039.vnnlib"",100.0,""official_attack_off_f32""]",
tinyimagenet_2024,137,TinyImageNet_resnet_medium.onnx,TinyImageNet_resnet_medium_prop_idx_1676_sidx_8563_eps_0.0039.vnnlib,unsat,3.198211431503296,CERTIFIED,1,100.0,3.198211431503296,7.027,7.53,14.675532275810838,0,0,,,not a FALSIFIED row,0,scratch/logs/fse2026/abcrown/tinyimagenet_2024/00137_5d471b0139f49587adb9_te1cj4zh.log,6b8bbcfac1c01da1cabd240a87e4dce1a65f5a2b,"{""attack"": {""attack_off"": true, ""hook_replacements"": {}, ""overrides"": {""attack"": {""enable_mip_attack"": false, ""input_split_check_adv"": {""enabled"": ""false""}, ""pgd_order"": ""skip""}, ""bab"": {""attack"": {""enabled"": false}, ""branching"": {""input_split"": {""update_rhs_with_attack"": false}}}}}, ""biccos_applicable"": true, ""biccos_effective"": false, ""derived_path"": ""scratch/rq1_2026_tmp/baselines/abcrown/tinyimagenet_2024/00137_5d471b0139f49587adb9_te1cj4zh/config.yaml"", ""deviations"": [""attack-off (user decision D20): all attack/falsification stages disabled, see config.attack.overrides"", ""float32: general.double_fp=false; solver.use_float64_in_last_iteration=false; stable_f32 interpreter""], ""mapping"": ""exact"", ""notes"": [], ""official"": ""exp_configs/vnncomp25/tinyimagenet.yaml"", ""official_biccos"": false, ""official_pgd_order"": ""middle"", ""variant"": ""official""}","[""attack-off (user decision D20): all attack/falsification stages disabled, see config.attack.overrides"", ""float32: general.double_fp=false; solver.use_float64_in_last_iteration=false; stable_f32 interpreter""]",,,18.0,3006.0,official_attack_off_f32,"[""abcrown"",""data/vnncomp2026/tinyimagenet_2024/1.0/onnx/TinyImageNet_resnet_medium.onnx"",""data/vnncomp2026/tinyimagenet_2024/1.0/vnnlib/TinyImageNet_resnet_medium_prop_idx_1676_sidx_8563_eps_0.0039.vnnlib"",100.0,""official_attack_off_f32""]",
tinyimagenet_2024,138,TinyImageNet_resnet_medium.onnx,TinyImageNet_resnet_medium_prop_idx_4201_sidx_3049_eps_0.0039.vnnlib,unsat,1.941972017288208,CERTIFIED,1,100.0,1.941972017288208,6.375,7.628,14.123518140986562,0,0,,,not a FALSIFIED row,0,scratch/logs/fse2026/abcrown/tinyimagenet_2024/00138_e5fe1f4fc969b5a420e8_s10ezqa6.log,6b8bbcfac1c01da1cabd240a87e4dce1a65f5a2b,"{""attack"": {""attack_off"": true, ""hook_replacements"": {}, ""overrides"": {""attack"": {""enable_mip_attack"": false, ""input_split_check_adv"": {""enabled"": ""false""}, ""pgd_order"": ""skip""}, ""bab"": {""attack"": {""enabled"": false}, ""branching"": {""input_split"": {""update_rhs_with_attack"": false}}}}}, ""biccos_applicable"": true, ""biccos_effective"": false, ""derived_path"": ""scratch/rq1_2026_tmp/baselines/abcrown/tinyimagenet_2024/00138_e5fe1f4fc969b5a420e8_s10ezqa6/config.yaml"", ""deviations"": [""attack-off (user decision D20): all attack/falsification stages disabled, see config.attack.overrides"", ""float32: general.double_fp=false; solver.use_float64_in_last_iteration=false; stable_f32 interpreter""], ""mapping"": ""exact"", ""notes"": [], ""official"": ""exp_configs/vnncomp25/tinyimagenet.yaml"", ""official_biccos"": false, ""official_pgd_order"": ""middle"", ""variant"": ""official""}","[""attack-off (user decision D20): all attack/falsification stages disabled, see config.attack.overrides"", ""float32: general.double_fp=false; solver.use_float64_in_last_iteration=false; stable_f32 interpreter""]",,,35.0,14366.0,official_attack_off_f32,"[""abcrown"",""data/vnncomp2026/tinyimagenet_2024/1.0/onnx/TinyImageNet_resnet_medium.onnx"",""data/vnncomp2026/tinyimagenet_2024/1.0/vnnlib/TinyImageNet_resnet_medium_prop_idx_4201_sidx_3049_eps_0.0039.vnnlib"",100.0,""official_attack_off_f32""]",
tinyimagenet_2024,139,TinyImageNet_resnet_medium.onnx,TinyImageNet_resnet_medium_prop_idx_1731_sidx_6691_eps_0.0039.vnnlib,unsat,5.0216100215911865,CERTIFIED,1,100.0,5.0216100215911865,9.08,7.677,16.87460571527481,0,0,,,not a FALSIFIED row,0,scratch/logs/fse2026/abcrown/tinyimagenet_2024/00139_9af01a3cf340136f5eb0_gw7x_9kj.log,6b8bbcfac1c01da1cabd240a87e4dce1a65f5a2b,"{""attack"": {""attack_off"": true, ""hook_replacements"": {}, ""overrides"": {""attack"": {""enable_mip_attack"": false, ""input_split_check_adv"": {""enabled"": ""false""}, ""pgd_order"": ""skip""}, ""bab"": {""attack"": {""enabled"": false}, ""branching"": {""input_split"": {""update_rhs_with_attack"": false}}}}}, ""biccos_applicable"": true, ""biccos_effective"": false, ""derived_path"": ""scratch/rq1_2026_tmp/baselines/abcrown/tinyimagenet_2024/00139_9af01a3cf340136f5eb0_gw7x_9kj/config.yaml"", ""deviations"": [""attack-off (user decision D20): all attack/falsification stages disabled, see config.attack.overrides"", ""float32: general.double_fp=false; solver.use_float64_in_last_iteration=false; stable_f32 interpreter""], ""mapping"": ""exact"", ""notes"": [], ""official"": ""exp_configs/vnncomp25/tinyimagenet.yaml"", ""official_biccos"": false, ""official_pgd_order"": ""middle"", ""variant"": ""official""}","[""attack-off (user decision D20): all attack/falsification stages disabled, see config.attack.overrides"", ""float32: general.double_fp=false; solver.use_float64_in_last_iteration=false; stable_f32 interpreter""]",,,98.0,34274.0,official_attack_off_f32,"[""abcrown"",""data/vnncomp2026/tinyimagenet_2024/1.0/onnx/TinyImageNet_resnet_medium.onnx"",""data/vnncomp2026/tinyimagenet_2024/1.0/vnnlib/TinyImageNet_resnet_medium_prop_idx_1731_sidx_6691_eps_0.0039.vnnlib"",100.0,""official_attack_off_f32""]",
tinyimagenet_2024,140,TinyImageNet_resnet_medium.onnx,TinyImageNet_resnet_medium_prop_idx_3015_sidx_2719_eps_0.0039.vnnlib,unsat,1.6705548763275146,CERTIFIED,1,100.0,1.6705548763275146,5.875,7.828,13.819194389507174,0,0,,,not a FALSIFIED row,0,scratch/logs/fse2026/abcrown/tinyimagenet_2024/00140_556d4b6cf6a0a6083f69_r2ab3dnh.log,6b8bbcfac1c01da1cabd240a87e4dce1a65f5a2b,"{""attack"": {""attack_off"": true, ""hook_replacements"": {}, ""overrides"": {""attack"": {""enable_mip_attack"": false, ""input_split_check_adv"": {""enabled"": ""false""}, ""pgd_order"": ""skip""}, ""bab"": {""attack"": {""enabled"": false}, ""branching"": {""input_split"": {""update_rhs_with_attack"": false}}}}}, ""biccos_applicable"": true, ""biccos_effective"": false, ""derived_path"": ""scratch/rq1_2026_tmp/baselines/abcrown/tinyimagenet_2024/00140_556d4b6cf6a0a6083f69_r2ab3dnh/config.yaml"", ""deviations"": [""attack-off (user decision D20): all attack/falsification stages disabled, see config.attack.overrides"", ""float32: general.double_fp=false; solver.use_float64_in_last_iteration=false; stable_f32 interpreter""], ""mapping"": ""exact"", ""notes"": [], ""official"": ""exp_configs/vnncomp25/tinyimagenet.yaml"", ""official_biccos"": false, ""official_pgd_order"": ""middle"", ""variant"": ""official""}","[""attack-off (user decision D20): all attack/falsification stages disabled, see config.attack.overrides"", ""float32: general.double_fp=false; solver.use_float64_in_last_iteration=false; stable_f32 interpreter""]",,,100.0,67550.0,official_attack_off_f32,"[""abcrown"",""data/vnncomp2026/tinyimagenet_2024/1.0/onnx/TinyImageNet_resnet_medium.onnx"",""data/vnncomp2026/tinyimagenet_2024/1.0/vnnlib/TinyImageNet_resnet_medium_prop_idx_3015_sidx_2719_eps_0.0039.vnnlib"",100.0,""official_attack_off_f32""]",
tinyimagenet_2024,141,TinyImageNet_resnet_medium.onnx,TinyImageNet_resnet_medium_prop_idx_7632_sidx_2106_eps_0.0039.vnnlib,unsat,5.279573917388916,CERTIFIED,1,100.0,5.279573917388916,9.18,7.626,16.914723495021462,0,0,,,not a FALSIFIED row,0,scratch/logs/fse2026/abcrown/tinyimagenet_2024/00141_bd407eff3a9531fcb665_k7cn3r7i.log,6b8bbcfac1c01da1cabd240a87e4dce1a65f5a2b,"{""attack"": {""attack_off"": true, ""hook_replacements"": {}, ""overrides"": {""attack"": {""enable_mip_attack"": false, ""input_split_check_adv"": {""enabled"": ""false""}, ""pgd_order"": ""skip""}, ""bab"": {""attack"": {""enabled"": false}, ""branching"": {""input_split"": {""update_rhs_with_attack"": false}}}}}, ""biccos_applicable"": true, ""biccos_effective"": false, ""derived_path"": ""scratch/rq1_2026_tmp/baselines/abcrown/tinyimagenet_2024/00141_bd407eff3a9531fcb665_k7cn3r7i/config.yaml"", ""deviations"": [""attack-off (user decision D20): all attack/falsification stages disabled, see config.attack.overrides"", ""float32: general.double_fp=false; solver.use_float64_in_last_iteration=false; stable_f32 interpreter""], ""mapping"": ""exact"", ""notes"": [], ""official"": ""exp_configs/vnncomp25/tinyimagenet.yaml"", ""official_biccos"": false, ""official_pgd_order"": ""middle"", ""variant"": ""official""}","[""attack-off (user decision D20): all attack/falsification stages disabled, see config.attack.overrides"", ""float32: general.double_fp=false; solver.use_float64_in_last_iteration=false; stable_f32 interpreter""]",,,95.0,20564.0,official_attack_off_f32,"[""abcrown"",""data/vnncomp2026/tinyimagenet_2024/1.0/onnx/TinyImageNet_resnet_medium.onnx"",""data/vnncomp2026/tinyimagenet_2024/1.0/vnnlib/TinyImageNet_resnet_medium_prop_idx_7632_sidx_2106_eps_0.0039.vnnlib"",100.0,""official_attack_off_f32""]",
tinyimagenet_2024,142,TinyImageNet_resnet_medium.onnx,TinyImageNet_resnet_medium_prop_idx_909_sidx_8442_eps_0.0039.vnnlib,unsat,22.379448413848877,CERTIFIED,1,100.0,22.379448413848877,26.264,7.776,34.16138715296984,0,0,,,not a FALSIFIED row,0,scratch/logs/fse2026/abcrown/tinyimagenet_2024/00142_3a9c66b3f0f99af306d6_21edhhuj.log,6b8bbcfac1c01da1cabd240a87e4dce1a65f5a2b,"{""attack"": {""attack_off"": true, ""hook_replacements"": {}, ""overrides"": {""attack"": {""enable_mip_attack"": false, ""input_split_check_adv"": {""enabled"": ""false""}, ""pgd_order"": ""skip""}, ""bab"": {""attack"": {""enabled"": false}, ""branching"": {""input_split"": {""update_rhs_with_attack"": false}}}}}, ""biccos_applicable"": true, ""biccos_effective"": false, ""derived_path"": ""scratch/rq1_2026_tmp/baselines/abcrown/tinyimagenet_2024/00142_3a9c66b3f0f99af306d6_21edhhuj/config.yaml"", ""deviations"": [""attack-off (user decision D20): all attack/falsification stages disabled, see config.attack.overrides"", ""float32: general.double_fp=false; solver.use_float64_in_last_iteration=false; stable_f32 interpreter""], ""mapping"": ""exact"", ""notes"": [], ""official"": ""exp_configs/vnncomp25/tinyimagenet.yaml"", ""official_biccos"": false, ""official_pgd_order"": ""middle"", ""variant"": ""official""}","[""attack-off (user decision D20): all attack/falsification stages disabled, see config.attack.overrides"", ""float32: general.double_fp=false; solver.use_float64_in_last_iteration=false; stable_f32 interpreter""]",,,0.0,714.0,official_attack_off_f32,"[""abcrown"",""data/vnncomp2026/tinyimagenet_2024/1.0/onnx/TinyImageNet_resnet_medium.onnx"",""data/vnncomp2026/tinyimagenet_2024/1.0/vnnlib/TinyImageNet_resnet_medium_prop_idx_909_sidx_8442_eps_0.0039.vnnlib"",100.0,""official_attack_off_f32""]",
tinyimagenet_2024,143,TinyImageNet_resnet_medium.onnx,TinyImageNet_resnet_medium_prop_idx_3113_sidx_9370_eps_0.0039.vnnlib,unsat,5.002360582351685,CERTIFIED,1,100.0,5.002360582351685,9.03,7.428,16.571903456002474,0,0,,,not a FALSIFIED row,0,scratch/logs/fse2026/abcrown/tinyimagenet_2024/00143_c7c8e0247492e0d22f52_e6qq0tfu.log,6b8bbcfac1c01da1cabd240a87e4dce1a65f5a2b,"{""attack"": {""attack_off"": true, ""hook_replacements"": {}, ""overrides"": {""attack"": {""enable_mip_attack"": false, ""input_split_check_adv"": {""enabled"": ""false""}, ""pgd_order"": ""skip""}, ""bab"": {""attack"": {""enabled"": false}, ""branching"": {""input_split"": {""update_rhs_with_attack"": false}}}}}, ""biccos_applicable"": true, ""biccos_effective"": false, ""derived_path"": ""scratch/rq1_2026_tmp/baselines/abcrown/tinyimagenet_2024/00143_c7c8e0247492e0d22f52_e6qq0tfu/config.yaml"", ""deviations"": [""attack-off (user decision D20): all attack/falsification stages disabled, see config.attack.overrides"", ""float32: general.double_fp=false; solver.use_float64_in_last_iteration=false; stable_f32 interpreter""], ""mapping"": ""exact"", ""notes"": [], ""official"": ""exp_configs/vnncomp25/tinyimagenet.yaml"", ""official_biccos"": false, ""official_pgd_order"": ""middle"", ""variant"": ""official""}","[""attack-off (user decision D20): all attack/falsification stages disabled, see config.attack.overrides"", ""float32: general.double_fp=false; solver.use_float64_in_last_iteration=false; stable_f32 interpreter""]",,,72.0,7652.0,official_attack_off_f32,"[""abcrown"",""data/vnncomp2026/tinyimagenet_2024/1.0/onnx/TinyImageNet_resnet_medium.onnx"",""data/vnncomp2026/tinyimagenet_2024/1.0/vnnlib/TinyImageNet_resnet_medium_prop_idx_3113_sidx_9370_eps_0.0039.vnnlib"",100.0,""official_attack_off_f32""]",
tinyimagenet_2024,144,TinyImageNet_resnet_medium.onnx,TinyImageNet_resnet_medium_prop_idx_953_sidx_6699_eps_0.0039.vnnlib,unsat,22.911970615386963,CERTIFIED,1,100.0,22.911970615386963,27.108,7.376,34.598384864628315,0,0,,,not a FALSIFIED row,0,scratch/logs/fse2026/abcrown/tinyimagenet_2024/00144_645b3c62906da8573c7d_j7csbrwk.log,6b8bbcfac1c01da1cabd240a87e4dce1a65f5a2b,"{""attack"": {""attack_off"": true, ""hook_replacements"": {}, ""overrides"": {""attack"": {""enable_mip_attack"": false, ""input_split_check_adv"": {""enabled"": ""false""}, ""pgd_order"": ""skip""}, ""bab"": {""attack"": {""enabled"": false}, ""branching"": {""input_split"": {""update_rhs_with_attack"": false}}}}}, ""biccos_applicable"": true, ""biccos_effective"": false, ""derived_path"": ""scratch/rq1_2026_tmp/baselines/abcrown/tinyimagenet_2024/00144_645b3c62906da8573c7d_j7csbrwk/config.yaml"", ""deviations"": [""attack-off (user decision D20): all attack/falsification stages disabled, see config.attack.overrides"", ""float32: general.double_fp=false; solver.use_float64_in_last_iteration=false; stable_f32 interpreter""], ""mapping"": ""exact"", ""notes"": [], ""official"": ""exp_configs/vnncomp25/tinyimagenet.yaml"", ""official_biccos"": false, ""official_pgd_order"": ""middle"", ""variant"": ""official""}","[""attack-off (user decision D20): all attack/falsification stages disabled, see config.attack.overrides"", ""float32: general.double_fp=false; solver.use_float64_in_last_iteration=false; stable_f32 interpreter""]",,,39.0,16427.0,official_attack_off_f32,"[""abcrown"",""data/vnncomp2026/tinyimagenet_2024/1.0/onnx/TinyImageNet_resnet_medium.onnx"",""data/vnncomp2026/tinyimagenet_2024/1.0/vnnlib/TinyImageNet_resnet_medium_prop_idx_953_sidx_6699_eps_0.0039.vnnlib"",100.0,""official_attack_off_f32""]",
tinyimagenet_2024,145,TinyImageNet_resnet_medium.onnx,TinyImageNet_resnet_medium_prop_idx_3882_sidx_6592_eps_0.0039.vnnlib,unsat,3.489198923110962,CERTIFIED,1,100.0,3.489198923110962,7.828,8.08,16.021806843578815,0,0,,,not a FALSIFIED row,0,scratch/logs/fse2026/abcrown/tinyimagenet_2024/00145_ff960c48e5cf47dd09cf_eyg9iwxr.log,6b8bbcfac1c01da1cabd240a87e4dce1a65f5a2b,"{""attack"": {""attack_off"": true, ""hook_replacements"": {}, ""overrides"": {""attack"": {""enable_mip_attack"": false, ""input_split_check_adv"": {""enabled"": ""false""}, ""pgd_order"": ""skip""}, ""bab"": {""attack"": {""enabled"": false}, ""branching"": {""input_split"": {""update_rhs_with_attack"": false}}}}}, ""biccos_applicable"": true, ""biccos_effective"": false, ""derived_path"": ""scratch/rq1_2026_tmp/baselines/abcrown/tinyimagenet_2024/00145_ff960c48e5cf47dd09cf_eyg9iwxr/config.yaml"", ""deviations"": [""attack-off (user decision D20): all attack/falsification stages disabled, see config.attack.overrides"", ""float32: general.double_fp=false; solver.use_float64_in_last_iteration=false; stable_f32 interpreter""], ""mapping"": ""exact"", ""notes"": [], ""official"": ""exp_configs/vnncomp25/tinyimagenet.yaml"", ""official_biccos"": false, ""official_pgd_order"": ""middle"", ""variant"": ""official""}","[""attack-off (user decision D20): all attack/falsification stages disabled, see config.attack.overrides"", ""float32: general.double_fp=false; solver.use_float64_in_last_iteration=false; stable_f32 interpreter""]",,,97.0,87950.0,official_attack_off_f32,"[""abcrown"",""data/vnncomp2026/tinyimagenet_2024/1.0/onnx/TinyImageNet_resnet_medium.onnx"",""data/vnncomp2026/tinyimagenet_2024/1.0/vnnlib/TinyImageNet_resnet_medium_prop_idx_3882_sidx_6592_eps_0.0039.vnnlib"",100.0,""official_attack_off_f32""]",
tinyimagenet_2024,146,TinyImageNet_resnet_medium.onnx,TinyImageNet_resnet_medium_prop_idx_3243_sidx_5299_eps_0.0039.vnnlib,timeout,113.5434057712555,TIMEOUT,0,100.0,113.5434057712555,118.012,7.876,126.0041851773858,1,0,,,not a FALSIFIED row,0,scratch/logs/fse2026/abcrown/tinyimagenet_2024/00146_bfc9bb832f51e19a1329_6bxw0cm8.log,6b8bbcfac1c01da1cabd240a87e4dce1a65f5a2b,"{""attack"": {""attack_off"": true, ""hook_replacements"": {}, ""overrides"": {""attack"": {""enable_mip_attack"": false, ""input_split_check_adv"": {""enabled"": ""false""}, ""pgd_order"": ""skip""}, ""bab"": {""attack"": {""enabled"": false}, ""branching"": {""input_split"": {""update_rhs_with_attack"": false}}}}}, ""biccos_applicable"": true, ""biccos_effective"": false, ""derived_path"": ""scratch/rq1_2026_tmp/baselines/abcrown/tinyimagenet_2024/00146_bfc9bb832f51e19a1329_6bxw0cm8/config.yaml"", ""deviations"": [""attack-off (user decision D20): all attack/falsification stages disabled, see config.attack.overrides"", ""float32: general.double_fp=false; solver.use_float64_in_last_iteration=false; stable_f32 interpreter""], ""mapping"": ""exact"", ""notes"": [], ""official"": ""exp_configs/vnncomp25/tinyimagenet.yaml"", ""official_biccos"": false, ""official_pgd_order"": ""middle"", ""variant"": ""official""}","[""attack-off (user decision D20): all attack/falsification stages disabled, see config.attack.overrides"", ""float32: general.double_fp=false; solver.use_float64_in_last_iteration=false; stable_f32 interpreter""]",,,98.0,53015.0,official_attack_off_f32,"[""abcrown"",""data/vnncomp2026/tinyimagenet_2024/1.0/onnx/TinyImageNet_resnet_medium.onnx"",""data/vnncomp2026/tinyimagenet_2024/1.0/vnnlib/TinyImageNet_resnet_medium_prop_idx_3243_sidx_5299_eps_0.0039.vnnlib"",100.0,""official_attack_off_f32""]",
tinyimagenet_2024,147,TinyImageNet_resnet_medium.onnx,TinyImageNet_resnet_medium_prop_idx_4441_sidx_6620_eps_0.0039.vnnlib,unsat,7.468400955200195,CERTIFIED,1,100.0,7.468400955200195,11.283,7.727,19.118271619081497,0,0,,,not a FALSIFIED row,0,scratch/logs/fse2026/abcrown/tinyimagenet_2024/00147_a8a117ade54237a986b0_i2wffvic.log,6b8bbcfac1c01da1cabd240a87e4dce1a65f5a2b,"{""attack"": {""attack_off"": true, ""hook_replacements"": {}, ""overrides"": {""attack"": {""enable_mip_attack"": false, ""input_split_check_adv"": {""enabled"": ""false""}, ""pgd_order"": ""skip""}, ""bab"": {""attack"": {""enabled"": false}, ""branching"": {""input_split"": {""update_rhs_with_attack"": false}}}}}, ""biccos_applicable"": true, ""biccos_effective"": false, ""derived_path"": ""scratch/rq1_2026_tmp/baselines/abcrown/tinyimagenet_2024/00147_a8a117ade54237a986b0_i2wffvic/config.yaml"", ""deviations"": [""attack-off (user decision D20): all attack/falsification stages disabled, see config.attack.overrides"", ""float32: general.double_fp=false; solver.use_float64_in_last_iteration=false; stable_f32 interpreter""], ""mapping"": ""exact"", ""notes"": [], ""official"": ""exp_configs/vnncomp25/tinyimagenet.yaml"", ""official_biccos"": false, ""official_pgd_order"": ""middle"", ""variant"": ""official""}","[""attack-off (user decision D20): all attack/falsification stages disabled, see config.attack.overrides"", ""float32: general.double_fp=false; solver.use_float64_in_last_iteration=false; stable_f32 interpreter""]",,,28.0,1002.0,official_attack_off_f32,"[""abcrown"",""data/vnncomp2026/tinyimagenet_2024/1.0/onnx/TinyImageNet_resnet_medium.onnx"",""data/vnncomp2026/tinyimagenet_2024/1.0/vnnlib/TinyImageNet_resnet_medium_prop_idx_4441_sidx_6620_eps_0.0039.vnnlib"",100.0,""official_attack_off_f32""]",
tinyimagenet_2024,148,TinyImageNet_resnet_medium.onnx,TinyImageNet_resnet_medium_prop_idx_930_sidx_5056_eps_0.0039.vnnlib,unsat,4.82133936882019,CERTIFIED,1,100.0,4.82133936882019,8.63,7.326,16.070834800601006,0,0,,,not a FALSIFIED row,0,scratch/logs/fse2026/abcrown/tinyimagenet_2024/00148_3e0a700145c326a6d610_9dulbvf4.log,6b8bbcfac1c01da1cabd240a87e4dce1a65f5a2b,"{""attack"": {""attack_off"": true, ""hook_replacements"": {}, ""overrides"": {""attack"": {""enable_mip_attack"": false, ""input_split_check_adv"": {""enabled"": ""false""}, ""pgd_order"": ""skip""}, ""bab"": {""attack"": {""enabled"": false}, ""branching"": {""input_split"": {""update_rhs_with_attack"": false}}}}}, ""biccos_applicable"": true, ""biccos_effective"": false, ""derived_path"": ""scratch/rq1_2026_tmp/baselines/abcrown/tinyimagenet_2024/00148_3e0a700145c326a6d610_9dulbvf4/config.yaml"", ""deviations"": [""attack-off (user decision D20): all attack/falsification stages disabled, see config.attack.overrides"", ""float32: general.double_fp=false; solver.use_float64_in_last_iteration=false; stable_f32 interpreter""], ""mapping"": ""exact"", ""notes"": [], ""official"": ""exp_configs/vnncomp25/tinyimagenet.yaml"", ""official_biccos"": false, ""official_pgd_order"": ""middle"", ""variant"": ""official""}","[""attack-off (user decision D20): all attack/falsification stages disabled, see config.attack.overrides"", ""float32: general.double_fp=false; solver.use_float64_in_last_iteration=false; stable_f32 interpreter""]",,,30.0,3972.0,official_attack_off_f32,"[""abcrown"",""data/vnncomp2026/tinyimagenet_2024/1.0/onnx/TinyImageNet_resnet_medium.onnx"",""data/vnncomp2026/tinyimagenet_2024/1.0/vnnlib/TinyImageNet_resnet_medium_prop_idx_930_sidx_5056_eps_0.0039.vnnlib"",100.0,""official_attack_off_f32""]",
tinyimagenet_2024,149,TinyImageNet_resnet_medium.onnx,TinyImageNet_resnet_medium_prop_idx_6923_sidx_8593_eps_0.0039.vnnlib,unsat,12.181644439697266,CERTIFIED,1,100.0,12.181644439697266,16.14,7.827,24.087615052238107,0,0,,,not a FALSIFIED row,0,scratch/logs/fse2026/abcrown/tinyimagenet_2024/00149_7dfd8e8849dd88c611a7_nsrex3_t.log,6b8bbcfac1c01da1cabd240a87e4dce1a65f5a2b,"{""attack"": {""attack_off"": true, ""hook_replacements"": {}, ""overrides"": {""attack"": {""enable_mip_attack"": false, ""input_split_check_adv"": {""enabled"": ""false""}, ""pgd_order"": ""skip""}, ""bab"": {""attack"": {""enabled"": false}, ""branching"": {""input_split"": {""update_rhs_with_attack"": false}}}}}, ""biccos_applicable"": true, ""biccos_effective"": false, ""derived_path"": ""scratch/rq1_2026_tmp/baselines/abcrown/tinyimagenet_2024/00149_7dfd8e8849dd88c611a7_nsrex3_t/config.yaml"", ""deviations"": [""attack-off (user decision D20): all attack/falsification stages disabled, see config.attack.overrides"", ""float32: general.double_fp=false; solver.use_float64_in_last_iteration=false; stable_f32 interpreter""], ""mapping"": ""exact"", ""notes"": [], ""official"": ""exp_configs/vnncomp25/tinyimagenet.yaml"", ""official_biccos"": false, ""official_pgd_order"": ""middle"", ""variant"": ""official""}","[""attack-off (user decision D20): all attack/falsification stages disabled, see config.attack.overrides"", ""float32: general.double_fp=false; solver.use_float64_in_last_iteration=false; stable_f32 interpreter""]",,,0.0,714.0,official_attack_off_f32,"[""abcrown"",""data/vnncomp2026/tinyimagenet_2024/1.0/onnx/TinyImageNet_resnet_medium.onnx"",""data/vnncomp2026/tinyimagenet_2024/1.0/vnnlib/TinyImageNet_resnet_medium_prop_idx_6923_sidx_8593_eps_0.0039.vnnlib"",100.0,""official_attack_off_f32""]",
tinyimagenet_2024,150,TinyImageNet_resnet_medium.onnx,TinyImageNet_resnet_medium_prop_idx_8684_sidx_9001_eps_0.0039.vnnlib,unsat,15.645578145980835,CERTIFIED,1,100.0,15.645578145980835,19.948,7.93,27.994620203971863,0,0,,,not a FALSIFIED row,0,scratch/logs/fse2026/abcrown/tinyimagenet_2024/00150_59fd43e9936ffb36b048_pvn3q2ol.log,6b8bbcfac1c01da1cabd240a87e4dce1a65f5a2b,"{""attack"": {""attack_off"": true, ""hook_replacements"": {}, ""overrides"": {""attack"": {""enable_mip_attack"": false, ""input_split_check_adv"": {""enabled"": ""false""}, ""pgd_order"": ""skip""}, ""bab"": {""attack"": {""enabled"": false}, ""branching"": {""input_split"": {""update_rhs_with_attack"": false}}}}}, ""biccos_applicable"": true, ""biccos_effective"": false, ""derived_path"": ""scratch/rq1_2026_tmp/baselines/abcrown/tinyimagenet_2024/00150_59fd43e9936ffb36b048_pvn3q2ol/config.yaml"", ""deviations"": [""attack-off (user decision D20): all attack/falsification stages disabled, see config.attack.overrides"", ""float32: general.double_fp=false; solver.use_float64_in_last_iteration=false; stable_f32 interpreter""], ""mapping"": ""exact"", ""notes"": [], ""official"": ""exp_configs/vnncomp25/tinyimagenet.yaml"", ""official_biccos"": false, ""official_pgd_order"": ""middle"", ""variant"": ""official""}","[""attack-off (user decision D20): all attack/falsification stages disabled, see config.attack.overrides"", ""float32: general.double_fp=false; solver.use_float64_in_last_iteration=false; stable_f32 interpreter""]",,,97.0,75012.0,official_attack_off_f32,"[""abcrown"",""data/vnncomp2026/tinyimagenet_2024/1.0/onnx/TinyImageNet_resnet_medium.onnx"",""data/vnncomp2026/tinyimagenet_2024/1.0/vnnlib/TinyImageNet_resnet_medium_prop_idx_8684_sidx_9001_eps_0.0039.vnnlib"",100.0,""official_attack_off_f32""]",
tinyimagenet_2024,151,TinyImageNet_resnet_medium.onnx,TinyImageNet_resnet_medium_prop_idx_9649_sidx_6653_eps_0.0039.vnnlib,unsat,7.679901123046875,CERTIFIED,1,100.0,7.679901123046875,11.586,7.576,19.27683900296688,0,0,,,not a FALSIFIED row,0,scratch/logs/fse2026/abcrown/tinyimagenet_2024/00151_eff760224c18e9409c06_qixn9tcy.log,6b8bbcfac1c01da1cabd240a87e4dce1a65f5a2b,"{""attack"": {""attack_off"": true, ""hook_replacements"": {}, ""overrides"": {""attack"": {""enable_mip_attack"": false, ""input_split_check_adv"": {""enabled"": ""false""}, ""pgd_order"": ""skip""}, ""bab"": {""attack"": {""enabled"": false}, ""branching"": {""input_split"": {""update_rhs_with_attack"": false}}}}}, ""biccos_applicable"": true, ""biccos_effective"": false, ""derived_path"": ""scratch/rq1_2026_tmp/baselines/abcrown/tinyimagenet_2024/00151_eff760224c18e9409c06_qixn9tcy/config.yaml"", ""deviations"": [""attack-off (user decision D20): all attack/falsification stages disabled, see config.attack.overrides"", ""float32: general.double_fp=false; solver.use_float64_in_last_iteration=false; stable_f32 interpreter""], ""mapping"": ""exact"", ""notes"": [], ""official"": ""exp_configs/vnncomp25/tinyimagenet.yaml"", ""official_biccos"": false, ""official_pgd_order"": ""middle"", ""variant"": ""official""}","[""attack-off (user decision D20): all attack/falsification stages disabled, see config.attack.overrides"", ""float32: general.double_fp=false; solver.use_float64_in_last_iteration=false; stable_f32 interpreter""]",,,28.0,3444.0,official_attack_off_f32,"[""abcrown"",""data/vnncomp2026/tinyimagenet_2024/1.0/onnx/TinyImageNet_resnet_medium.onnx"",""data/vnncomp2026/tinyimagenet_2024/1.0/vnnlib/TinyImageNet_resnet_medium_prop_idx_9649_sidx_6653_eps_0.0039.vnnlib"",100.0,""official_attack_off_f32""]",
tinyimagenet_2024,152,TinyImageNet_resnet_medium.onnx,TinyImageNet_resnet_medium_prop_idx_7583_sidx_4674_eps_0.0039.vnnlib,timeout,103.23367357254028,TIMEOUT,0,100.0,103.23367357254028,107.206,7.327,114.66173564828932,1,0,,,not a FALSIFIED row,0,scratch/logs/fse2026/abcrown/tinyimagenet_2024/00152_21cce5a1371aad7615e7_gelql21j.log,6b8bbcfac1c01da1cabd240a87e4dce1a65f5a2b,"{""attack"": {""attack_off"": true, ""hook_replacements"": {}, ""overrides"": {""attack"": {""enable_mip_attack"": false, ""input_split_check_adv"": {""enabled"": ""false""}, ""pgd_order"": ""skip""}, ""bab"": {""attack"": {""enabled"": false}, ""branching"": {""input_split"": {""update_rhs_with_attack"": false}}}}}, ""biccos_applicable"": true, ""biccos_effective"": false, ""derived_path"": ""scratch/rq1_2026_tmp/baselines/abcrown/tinyimagenet_2024/00152_21cce5a1371aad7615e7_gelql21j/config.yaml"", ""deviations"": [""attack-off (user decision D20): all attack/falsification stages disabled, see config.attack.overrides"", ""float32: general.double_fp=false; solver.use_float64_in_last_iteration=false; stable_f32 interpreter""], ""mapping"": ""exact"", ""notes"": [], ""official"": ""exp_configs/vnncomp25/tinyimagenet.yaml"", ""official_biccos"": false, ""official_pgd_order"": ""middle"", ""variant"": ""official""}","[""attack-off (user decision D20): all attack/falsification stages disabled, see config.attack.overrides"", ""float32: general.double_fp=false; solver.use_float64_in_last_iteration=false; stable_f32 interpreter""]",,,0.0,37.0,official_attack_off_f32,"[""abcrown"",""data/vnncomp2026/tinyimagenet_2024/1.0/onnx/TinyImageNet_resnet_medium.onnx"",""data/vnncomp2026/tinyimagenet_2024/1.0/vnnlib/TinyImageNet_resnet_medium_prop_idx_7583_sidx_4674_eps_0.0039.vnnlib"",100.0,""official_attack_off_f32""]",
tinyimagenet_2024,153,TinyImageNet_resnet_medium.onnx,TinyImageNet_resnet_medium_prop_idx_1653_sidx_3090_eps_0.0039.vnnlib,unsat,3.8760831356048584,CERTIFIED,1,100.0,3.8760831356048584,7.727,7.478,15.320559008046985,0,0,,,not a FALSIFIED row,0,scratch/logs/fse2026/abcrown/tinyimagenet_2024/00153_8de33d50785f831da010_t66drsyy.log,6b8bbcfac1c01da1cabd240a87e4dce1a65f5a2b,"{""attack"": {""attack_off"": true, ""hook_replacements"": {}, ""overrides"": {""attack"": {""enable_mip_attack"": false, ""input_split_check_adv"": {""enabled"": ""false""}, ""pgd_order"": ""skip""}, ""bab"": {""attack"": {""enabled"": false}, ""branching"": {""input_split"": {""update_rhs_with_attack"": false}}}}}, ""biccos_applicable"": true, ""biccos_effective"": false, ""derived_path"": ""scratch/rq1_2026_tmp/baselines/abcrown/tinyimagenet_2024/00153_8de33d50785f831da010_t66drsyy/config.yaml"", ""deviations"": [""attack-off (user decision D20): all attack/falsification stages disabled, see config.attack.overrides"", ""float32: general.double_fp=false; solver.use_float64_in_last_iteration=false; stable_f32 interpreter""], ""mapping"": ""exact"", ""notes"": [], ""official"": ""exp_configs/vnncomp25/tinyimagenet.yaml"", ""official_biccos"": false, ""official_pgd_order"": ""middle"", ""variant"": ""official""}","[""attack-off (user decision D20): all attack/falsification stages disabled, see config.attack.overrides"", ""float32: general.double_fp=false; solver.use_float64_in_last_iteration=false; stable_f32 interpreter""]",,,91.0,4622.0,official_attack_off_f32,"[""abcrown"",""data/vnncomp2026/tinyimagenet_2024/1.0/onnx/TinyImageNet_resnet_medium.onnx"",""data/vnncomp2026/tinyimagenet_2024/1.0/vnnlib/TinyImageNet_resnet_medium_prop_idx_1653_sidx_3090_eps_0.0039.vnnlib"",100.0,""official_attack_off_f32""]",
tinyimagenet_2024,154,TinyImageNet_resnet_medium.onnx,TinyImageNet_resnet_medium_prop_idx_6569_sidx_5110_eps_0.0039.vnnlib,unsat,14.840084314346313,CERTIFIED,1,100.0,14.840084314346313,18.897,8.029,27.038130143657327,0,0,,,not a FALSIFIED row,0,scratch/logs/fse2026/abcrown/tinyimagenet_2024/00154_db858b3fb9d5f530b89f_asgybv8x.log,6b8bbcfac1c01da1cabd240a87e4dce1a65f5a2b,"{""attack"": {""attack_off"": true, ""hook_replacements"": {}, ""overrides"": {""attack"": {""enable_mip_attack"": false, ""input_split_check_adv"": {""enabled"": ""false""}, ""pgd_order"": ""skip""}, ""bab"": {""attack"": {""enabled"": false}, ""branching"": {""input_split"": {""update_rhs_with_attack"": false}}}}}, ""biccos_applicable"": true, ""biccos_effective"": false, ""derived_path"": ""scratch/rq1_2026_tmp/baselines/abcrown/tinyimagenet_2024/00154_db858b3fb9d5f530b89f_asgybv8x/config.yaml"", ""deviations"": [""attack-off (user decision D20): all attack/falsification stages disabled, see config.attack.overrides"", ""float32: general.double_fp=false; solver.use_float64_in_last_iteration=false; stable_f32 interpreter""], ""mapping"": ""exact"", ""notes"": [], ""official"": ""exp_configs/vnncomp25/tinyimagenet.yaml"", ""official_biccos"": false, ""official_pgd_order"": ""middle"", ""variant"": ""official""}","[""attack-off (user decision D20): all attack/falsification stages disabled, see config.attack.overrides"", ""float32: general.double_fp=false; solver.use_float64_in_last_iteration=false; stable_f32 interpreter""]",,,100.0,48031.0,official_attack_off_f32,"[""abcrown"",""data/vnncomp2026/tinyimagenet_2024/1.0/onnx/TinyImageNet_resnet_medium.onnx"",""data/vnncomp2026/tinyimagenet_2024/1.0/vnnlib/TinyImageNet_resnet_medium_prop_idx_6569_sidx_5110_eps_0.0039.vnnlib"",100.0,""official_attack_off_f32""]",
tinyimagenet_2024,155,TinyImageNet_resnet_medium.onnx,TinyImageNet_resnet_medium_prop_idx_8041_sidx_395_eps_0.0039.vnnlib,unsat,8.570984363555908,CERTIFIED,1,100.0,8.570984363555908,12.735,7.827,20.67228089272976,0,0,,,not a FALSIFIED row,0,scratch/logs/fse2026/abcrown/tinyimagenet_2024/00155_c4c30486f2fd43c6ed71_h03qhaaq.log,6b8bbcfac1c01da1cabd240a87e4dce1a65f5a2b,"{""attack"": {""attack_off"": true, ""hook_replacements"": {}, ""overrides"": {""attack"": {""enable_mip_attack"": false, ""input_split_check_adv"": {""enabled"": ""false""}, ""pgd_order"": ""skip""}, ""bab"": {""attack"": {""enabled"": false}, ""branching"": {""input_split"": {""update_rhs_with_attack"": false}}}}}, ""biccos_applicable"": true, ""biccos_effective"": false, ""derived_path"": ""scratch/rq1_2026_tmp/baselines/abcrown/tinyimagenet_2024/00155_c4c30486f2fd43c6ed71_h03qhaaq/config.yaml"", ""deviations"": [""attack-off (user decision D20): all attack/falsification stages disabled, see config.attack.overrides"", ""float32: general.double_fp=false; solver.use_float64_in_last_iteration=false; stable_f32 interpreter""], ""mapping"": ""exact"", ""notes"": [], ""official"": ""exp_configs/vnncomp25/tinyimagenet.yaml"", ""official_biccos"": false, ""official_pgd_order"": ""middle"", ""variant"": ""official""}","[""attack-off (user decision D20): all attack/falsification stages disabled, see config.attack.overrides"", ""float32: general.double_fp=false; solver.use_float64_in_last_iteration=false; stable_f32 interpreter""]",,,86.0,18522.0,official_attack_off_f32,"[""abcrown"",""data/vnncomp2026/tinyimagenet_2024/1.0/onnx/TinyImageNet_resnet_medium.onnx"",""data/vnncomp2026/tinyimagenet_2024/1.0/vnnlib/TinyImageNet_resnet_medium_prop_idx_8041_sidx_395_eps_0.0039.vnnlib"",100.0,""official_attack_off_f32""]",
tinyimagenet_2024,156,TinyImageNet_resnet_medium.onnx,TinyImageNet_resnet_medium_prop_idx_5134_sidx_3767_eps_0.0039.vnnlib,timeout,105.25384378433228,TIMEOUT,0,100.0,105.25384378433228,109.357,7.677,117.12691168300807,1,0,,,not a FALSIFIED row,0,scratch/logs/fse2026/abcrown/tinyimagenet_2024/00156_053f3bfde7fce14544ad_yrvgit02.log,6b8bbcfac1c01da1cabd240a87e4dce1a65f5a2b,"{""attack"": {""attack_off"": true, ""hook_replacements"": {}, ""overrides"": {""attack"": {""enable_mip_attack"": false, ""input_split_check_adv"": {""enabled"": ""false""}, ""pgd_order"": ""skip""}, ""bab"": {""attack"": {""enabled"": false}, ""branching"": {""input_split"": {""update_rhs_with_attack"": false}}}}}, ""biccos_applicable"": true, ""biccos_effective"": false, ""derived_path"": ""scratch/rq1_2026_tmp/baselines/abcrown/tinyimagenet_2024/00156_053f3bfde7fce14544ad_yrvgit02/config.yaml"", ""deviations"": [""attack-off (user decision D20): all attack/falsification stages disabled, see config.attack.overrides"", ""float32: general.double_fp=false; solver.use_float64_in_last_iteration=false; stable_f32 interpreter""], ""mapping"": ""exact"", ""notes"": [], ""official"": ""exp_configs/vnncomp25/tinyimagenet.yaml"", ""official_biccos"": false, ""official_pgd_order"": ""middle"", ""variant"": ""official""}","[""attack-off (user decision D20): all attack/falsification stages disabled, see config.attack.overrides"", ""float32: general.double_fp=false; solver.use_float64_in_last_iteration=false; stable_f32 interpreter""]",,,28.0,3444.0,official_attack_off_f32,"[""abcrown"",""data/vnncomp2026/tinyimagenet_2024/1.0/onnx/TinyImageNet_resnet_medium.onnx"",""data/vnncomp2026/tinyimagenet_2024/1.0/vnnlib/TinyImageNet_resnet_medium_prop_idx_5134_sidx_3767_eps_0.0039.vnnlib"",100.0,""official_attack_off_f32""]",
tinyimagenet_2024,157,TinyImageNet_resnet_medium.onnx,TinyImageNet_resnet_medium_prop_idx_613_sidx_6258_eps_0.0039.vnnlib,timeout,107.27209043502808,TIMEOUT,0,100.0,107.27209043502808,111.256,7.777,119.14268447645009,1,0,,,not a FALSIFIED row,0,scratch/logs/fse2026/abcrown/tinyimagenet_2024/00157_47142764d5238df05bdc_x8cdwdrb.log,6b8bbcfac1c01da1cabd240a87e4dce1a65f5a2b,"{""attack"": {""attack_off"": true, ""hook_replacements"": {}, ""overrides"": {""attack"": {""enable_mip_attack"": false, ""input_split_check_adv"": {""enabled"": ""false""}, ""pgd_order"": ""skip""}, ""bab"": {""attack"": {""enabled"": false}, ""branching"": {""input_split"": {""update_rhs_with_attack"": false}}}}}, ""biccos_applicable"": true, ""biccos_effective"": false, ""derived_path"": ""scratch/rq1_2026_tmp/baselines/abcrown/tinyimagenet_2024/00157_47142764d5238df05bdc_x8cdwdrb/config.yaml"", ""deviations"": [""attack-off (user decision D20): all attack/falsification stages disabled, see config.attack.overrides"", ""float32: general.double_fp=false; solver.use_float64_in_last_iteration=false; stable_f32 interpreter""], ""mapping"": ""exact"", ""notes"": [], ""official"": ""exp_configs/vnncomp25/tinyimagenet.yaml"", ""official_biccos"": false, ""official_pgd_order"": ""middle"", ""variant"": ""official""}","[""attack-off (user decision D20): all attack/falsification stages disabled, see config.attack.overrides"", ""float32: general.double_fp=false; solver.use_float64_in_last_iteration=false; stable_f32 interpreter""]",,,45.0,1644.0,official_attack_off_f32,"[""abcrown"",""data/vnncomp2026/tinyimagenet_2024/1.0/onnx/TinyImageNet_resnet_medium.onnx"",""data/vnncomp2026/tinyimagenet_2024/1.0/vnnlib/TinyImageNet_resnet_medium_prop_idx_613_sidx_6258_eps_0.0039.vnnlib"",100.0,""official_attack_off_f32""]",
tinyimagenet_2024,158,TinyImageNet_resnet_medium.onnx,TinyImageNet_resnet_medium_prop_idx_5427_sidx_8226_eps_0.0039.vnnlib,timeout,103.46621942520142,TIMEOUT,0,100.0,103.46621942520142,108.059,8.078,116.23969257995486,1,0,,,not a FALSIFIED row,0,scratch/logs/fse2026/abcrown/tinyimagenet_2024/00158_3351c3304e1e054490de_hrrne6q6.log,6b8bbcfac1c01da1cabd240a87e4dce1a65f5a2b,"{""attack"": {""attack_off"": true, ""hook_replacements"": {}, ""overrides"": {""attack"": {""enable_mip_attack"": false, ""input_split_check_adv"": {""enabled"": ""false""}, ""pgd_order"": ""skip""}, ""bab"": {""attack"": {""enabled"": false}, ""branching"": {""input_split"": {""update_rhs_with_attack"": false}}}}}, ""biccos_applicable"": true, ""biccos_effective"": false, ""derived_path"": ""scratch/rq1_2026_tmp/baselines/abcrown/tinyimagenet_2024/00158_3351c3304e1e054490de_hrrne6q6/config.yaml"", ""deviations"": [""attack-off (user decision D20): all attack/falsification stages disabled, see config.attack.overrides"", ""float32: general.double_fp=false; solver.use_float64_in_last_iteration=false; stable_f32 interpreter""], ""mapping"": ""exact"", ""notes"": [], ""official"": ""exp_configs/vnncomp25/tinyimagenet.yaml"", ""official_biccos"": false, ""official_pgd_order"": ""middle"", ""variant"": ""official""}","[""attack-off (user decision D20): all attack/falsification stages disabled, see config.attack.overrides"", ""float32: general.double_fp=false; solver.use_float64_in_last_iteration=false; stable_f32 interpreter""]",,,88.0,724.0,official_attack_off_f32,"[""abcrown"",""data/vnncomp2026/tinyimagenet_2024/1.0/onnx/TinyImageNet_resnet_medium.onnx"",""data/vnncomp2026/tinyimagenet_2024/1.0/vnnlib/TinyImageNet_resnet_medium_prop_idx_5427_sidx_8226_eps_0.0039.vnnlib"",100.0,""official_attack_off_f32""]",
tinyimagenet_2024,159,TinyImageNet_resnet_medium.onnx,TinyImageNet_resnet_medium_prop_idx_14_sidx_6689_eps_0.0039.vnnlib,unsat,2.4572606086730957,CERTIFIED,1,100.0,2.4572606086730957,6.526,7.428,14.068869568407536,0,0,,,not a FALSIFIED row,0,scratch/logs/fse2026/abcrown/tinyimagenet_2024/00159_7f14c4868fc8a54b61d6_65tbum8u.log,6b8bbcfac1c01da1cabd240a87e4dce1a65f5a2b,"{""attack"": {""attack_off"": true, ""hook_replacements"": {}, ""overrides"": {""attack"": {""enable_mip_attack"": false, ""input_split_check_adv"": {""enabled"": ""false""}, ""pgd_order"": ""skip""}, ""bab"": {""attack"": {""enabled"": false}, ""branching"": {""input_split"": {""update_rhs_with_attack"": false}}}}}, ""biccos_applicable"": true, ""biccos_effective"": false, ""derived_path"": ""scratch/rq1_2026_tmp/baselines/abcrown/tinyimagenet_2024/00159_7f14c4868fc8a54b61d6_65tbum8u/config.yaml"", ""deviations"": [""attack-off (user decision D20): all attack/falsification stages disabled, see config.attack.overrides"", ""float32: general.double_fp=false; solver.use_float64_in_last_iteration=false; stable_f32 interpreter""], ""mapping"": ""exact"", ""notes"": [], ""official"": ""exp_configs/vnncomp25/tinyimagenet.yaml"", ""official_biccos"": false, ""official_pgd_order"": ""middle"", ""variant"": ""official""}","[""attack-off (user decision D20): all attack/falsification stages disabled, see config.attack.overrides"", ""float32: general.double_fp=false; solver.use_float64_in_last_iteration=false; stable_f32 interpreter""]",,,28.0,746.0,official_attack_off_f32,"[""abcrown"",""data/vnncomp2026/tinyimagenet_2024/1.0/onnx/TinyImageNet_resnet_medium.onnx"",""data/vnncomp2026/tinyimagenet_2024/1.0/vnnlib/TinyImageNet_resnet_medium_prop_idx_14_sidx_6689_eps_0.0039.vnnlib"",100.0,""official_attack_off_f32""]",
tinyimagenet_2024,160,TinyImageNet_resnet_medium.onnx,TinyImageNet_resnet_medium_prop_idx_2159_sidx_9504_eps_0.0039.vnnlib,unsat,8.599428653717041,CERTIFIED,1,100.0,8.599428653717041,12.635,7.226,19.978861916810274,0,0,,,not a FALSIFIED row,0,scratch/logs/fse2026/abcrown/tinyimagenet_2024/00160_d0ec57f0e0881de55bce_364tj1ah.log,6b8bbcfac1c01da1cabd240a87e4dce1a65f5a2b,"{""attack"": {""attack_off"": true, ""hook_replacements"": {}, ""overrides"": {""attack"": {""enable_mip_attack"": false, ""input_split_check_adv"": {""enabled"": ""false""}, ""pgd_order"": ""skip""}, ""bab"": {""attack"": {""enabled"": false}, ""branching"": {""input_split"": {""update_rhs_with_attack"": false}}}}}, ""biccos_applicable"": true, ""biccos_effective"": false, ""derived_path"": ""scratch/rq1_2026_tmp/baselines/abcrown/tinyimagenet_2024/00160_d0ec57f0e0881de55bce_364tj1ah/config.yaml"", ""deviations"": [""attack-off (user decision D20): all attack/falsification stages disabled, see config.attack.overrides"", ""float32: general.double_fp=false; solver.use_float64_in_last_iteration=false; stable_f32 interpreter""], ""mapping"": ""exact"", ""notes"": [], ""official"": ""exp_configs/vnncomp25/tinyimagenet.yaml"", ""official_biccos"": false, ""official_pgd_order"": ""middle"", ""variant"": ""official""}","[""attack-off (user decision D20): all attack/falsification stages disabled, see config.attack.overrides"", ""float32: general.double_fp=false; solver.use_float64_in_last_iteration=false; stable_f32 interpreter""]",,,0.0,34800.0,official_attack_off_f32,"[""abcrown"",""data/vnncomp2026/tinyimagenet_2024/1.0/onnx/TinyImageNet_resnet_medium.onnx"",""data/vnncomp2026/tinyimagenet_2024/1.0/vnnlib/TinyImageNet_resnet_medium_prop_idx_2159_sidx_9504_eps_0.0039.vnnlib"",100.0,""official_attack_off_f32""]",
tinyimagenet_2024,161,TinyImageNet_resnet_medium.onnx,TinyImageNet_resnet_medium_prop_idx_3938_sidx_8975_eps_0.0039.vnnlib,timeout,103.9850332736969,TIMEOUT,0,100.0,103.9850332736969,108.318,7.877,116.3092758897692,1,0,,,not a FALSIFIED row,0,scratch/logs/fse2026/abcrown/tinyimagenet_2024/00161_f311bd99bbb6368e93b1_8mj_e7uq.log,6b8bbcfac1c01da1cabd240a87e4dce1a65f5a2b,"{""attack"": {""attack_off"": true, ""hook_replacements"": {}, ""overrides"": {""attack"": {""enable_mip_attack"": false, ""input_split_check_adv"": {""enabled"": ""false""}, ""pgd_order"": ""skip""}, ""bab"": {""attack"": {""enabled"": false}, ""branching"": {""input_split"": {""update_rhs_with_attack"": false}}}}}, ""biccos_applicable"": true, ""biccos_effective"": false, ""derived_path"": ""scratch/rq1_2026_tmp/baselines/abcrown/tinyimagenet_2024/00161_f311bd99bbb6368e93b1_8mj_e7uq/config.yaml"", ""deviations"": [""attack-off (user decision D20): all attack/falsification stages disabled, see config.attack.overrides"", ""float32: general.double_fp=false; solver.use_float64_in_last_iteration=false; stable_f32 interpreter""], ""mapping"": ""exact"", ""notes"": [], ""official"": ""exp_configs/vnncomp25/tinyimagenet.yaml"", ""official_biccos"": false, ""official_pgd_order"": ""middle"", ""variant"": ""official""}","[""attack-off (user decision D20): all attack/falsification stages disabled, see config.attack.overrides"", ""float32: general.double_fp=false; solver.use_float64_in_last_iteration=false; stable_f32 interpreter""]",,,0.0,37.0,official_attack_off_f32,"[""abcrown"",""data/vnncomp2026/tinyimagenet_2024/1.0/onnx/TinyImageNet_resnet_medium.onnx"",""data/vnncomp2026/tinyimagenet_2024/1.0/vnnlib/TinyImageNet_resnet_medium_prop_idx_3938_sidx_8975_eps_0.0039.vnnlib"",100.0,""official_attack_off_f32""]",
tinyimagenet_2024,162,TinyImageNet_resnet_medium.onnx,TinyImageNet_resnet_medium_prop_idx_9542_sidx_2775_eps_0.0039.vnnlib,unsat,6.099199295043945,CERTIFIED,1,100.0,6.099199295043945,10.231,7.278,17.621485225856304,0,0,,,not a FALSIFIED row,0,scratch/logs/fse2026/abcrown/tinyimagenet_2024/00162_aebb24c63f8c55fdf8db_s1b97drx.log,6b8bbcfac1c01da1cabd240a87e4dce1a65f5a2b,"{""attack"": {""attack_off"": true, ""hook_replacements"": {}, ""overrides"": {""attack"": {""enable_mip_attack"": false, ""input_split_check_adv"": {""enabled"": ""false""}, ""pgd_order"": ""skip""}, ""bab"": {""attack"": {""enabled"": false}, ""branching"": {""input_split"": {""update_rhs_with_attack"": false}}}}}, ""biccos_applicable"": true, ""biccos_effective"": false, ""derived_path"": ""scratch/rq1_2026_tmp/baselines/abcrown/tinyimagenet_2024/00162_aebb24c63f8c55fdf8db_s1b97drx/config.yaml"", ""deviations"": [""attack-off (user decision D20): all attack/falsification stages disabled, see config.attack.overrides"", ""float32: general.double_fp=false; solver.use_float64_in_last_iteration=false; stable_f32 interpreter""], ""mapping"": ""exact"", ""notes"": [], ""official"": ""exp_configs/vnncomp25/tinyimagenet.yaml"", ""official_biccos"": false, ""official_pgd_order"": ""middle"", ""variant"": ""official""}","[""attack-off (user decision D20): all attack/falsification stages disabled, see config.attack.overrides"", ""float32: general.double_fp=false; solver.use_float64_in_last_iteration=false; stable_f32 interpreter""]",,,93.0,3778.0,official_attack_off_f32,"[""abcrown"",""data/vnncomp2026/tinyimagenet_2024/1.0/onnx/TinyImageNet_resnet_medium.onnx"",""data/vnncomp2026/tinyimagenet_2024/1.0/vnnlib/TinyImageNet_resnet_medium_prop_idx_9542_sidx_2775_eps_0.0039.vnnlib"",100.0,""official_attack_off_f32""]",
tinyimagenet_2024,163,TinyImageNet_resnet_medium.onnx,TinyImageNet_resnet_medium_prop_idx_336_sidx_2254_eps_0.0039.vnnlib,timeout,107.07717728614807,TIMEOUT,0,100.0,107.07717728614807,110.959,7.627,118.70181247219443,1,0,,,not a FALSIFIED row,0,scratch/logs/fse2026/abcrown/tinyimagenet_2024/00163_7968b1a7ed93e6350e47_gy72z5gd.log,6b8bbcfac1c01da1cabd240a87e4dce1a65f5a2b,"{""attack"": {""attack_off"": true, ""hook_replacements"": {}, ""overrides"": {""attack"": {""enable_mip_attack"": false, ""input_split_check_adv"": {""enabled"": ""false""}, ""pgd_order"": ""skip""}, ""bab"": {""attack"": {""enabled"": false}, ""branching"": {""input_split"": {""update_rhs_with_attack"": false}}}}}, ""biccos_applicable"": true, ""biccos_effective"": false, ""derived_path"": ""scratch/rq1_2026_tmp/baselines/abcrown/tinyimagenet_2024/00163_7968b1a7ed93e6350e47_gy72z5gd/config.yaml"", ""deviations"": [""attack-off (user decision D20): all attack/falsification stages disabled, see config.attack.overrides"", ""float32: general.double_fp=false; solver.use_float64_in_last_iteration=false; stable_f32 interpreter""], ""mapping"": ""exact"", ""notes"": [], ""official"": ""exp_configs/vnncomp25/tinyimagenet.yaml"", ""official_biccos"": false, ""official_pgd_order"": ""middle"", ""variant"": ""official""}","[""attack-off (user decision D20): all attack/falsification stages disabled, see config.attack.overrides"", ""float32: general.double_fp=false; solver.use_float64_in_last_iteration=false; stable_f32 interpreter""]",,,97.0,35250.0,official_attack_off_f32,"[""abcrown"",""data/vnncomp2026/tinyimagenet_2024/1.0/onnx/TinyImageNet_resnet_medium.onnx"",""data/vnncomp2026/tinyimagenet_2024/1.0/vnnlib/TinyImageNet_resnet_medium_prop_idx_336_sidx_2254_eps_0.0039.vnnlib"",100.0,""official_attack_off_f32""]",
tinyimagenet_2024,164,TinyImageNet_resnet_medium.onnx,TinyImageNet_resnet_medium_prop_idx_7026_sidx_3752_eps_0.0039.vnnlib,unsat,5.205815553665161,CERTIFIED,1,100.0,5.205815553665161,8.879,7.276,16.269858974963427,0,0,,,not a FALSIFIED row,0,scratch/logs/fse2026/abcrown/tinyimagenet_2024/00164_e82f16f831cc982d32e0_41et51rd.log,6b8bbcfac1c01da1cabd240a87e4dce1a65f5a2b,"{""attack"": {""attack_off"": true, ""hook_replacements"": {}, ""overrides"": {""attack"": {""enable_mip_attack"": false, ""input_split_check_adv"": {""enabled"": ""false""}, ""pgd_order"": ""skip""}, ""bab"": {""attack"": {""enabled"": false}, ""branching"": {""input_split"": {""update_rhs_with_attack"": false}}}}}, ""biccos_applicable"": true, ""biccos_effective"": false, ""derived_path"": ""scratch/rq1_2026_tmp/baselines/abcrown/tinyimagenet_2024/00164_e82f16f831cc982d32e0_41et51rd/config.yaml"", ""deviations"": [""attack-off (user decision D20): all attack/falsification stages disabled, see config.attack.overrides"", ""float32: general.double_fp=false; solver.use_float64_in_last_iteration=false; stable_f32 interpreter""], ""mapping"": ""exact"", ""notes"": [], ""official"": ""exp_configs/vnncomp25/tinyimagenet.yaml"", ""official_biccos"": false, ""official_pgd_order"": ""middle"", ""variant"": ""official""}","[""attack-off (user decision D20): all attack/falsification stages disabled, see config.attack.overrides"", ""float32: general.double_fp=false; solver.use_float64_in_last_iteration=false; stable_f32 interpreter""]",,,67.0,4706.0,official_attack_off_f32,"[""abcrown"",""data/vnncomp2026/tinyimagenet_2024/1.0/onnx/TinyImageNet_resnet_medium.onnx"",""data/vnncomp2026/tinyimagenet_2024/1.0/vnnlib/TinyImageNet_resnet_medium_prop_idx_7026_sidx_3752_eps_0.0039.vnnlib"",100.0,""official_attack_off_f32""]",
tinyimagenet_2024,165,TinyImageNet_resnet_medium.onnx,TinyImageNet_resnet_medium_prop_idx_110_sidx_3348_eps_0.0039.vnnlib,unsat,4.925641775131226,CERTIFIED,1,100.0,4.925641775131226,8.63,7.627,16.364077422767878,0,0,,,not a FALSIFIED row,0,scratch/logs/fse2026/abcrown/tinyimagenet_2024/00165_d3a446557ca27ffd4f02_sfioyz60.log,6b8bbcfac1c01da1cabd240a87e4dce1a65f5a2b,"{""attack"": {""attack_off"": true, ""hook_replacements"": {}, ""overrides"": {""attack"": {""enable_mip_attack"": false, ""input_split_check_adv"": {""enabled"": ""false""}, ""pgd_order"": ""skip""}, ""bab"": {""attack"": {""enabled"": false}, ""branching"": {""input_split"": {""update_rhs_with_attack"": false}}}}}, ""biccos_applicable"": true, ""biccos_effective"": false, ""derived_path"": ""scratch/rq1_2026_tmp/baselines/abcrown/tinyimagenet_2024/00165_d3a446557ca27ffd4f02_sfioyz60/config.yaml"", ""deviations"": [""attack-off (user decision D20): all attack/falsification stages disabled, see config.attack.overrides"", ""float32: general.double_fp=false; solver.use_float64_in_last_iteration=false; stable_f32 interpreter""], ""mapping"": ""exact"", ""notes"": [], ""official"": ""exp_configs/vnncomp25/tinyimagenet.yaml"", ""official_biccos"": false, ""official_pgd_order"": ""middle"", ""variant"": ""official""}","[""attack-off (user decision D20): all attack/falsification stages disabled, see config.attack.overrides"", ""float32: general.double_fp=false; solver.use_float64_in_last_iteration=false; stable_f32 interpreter""]",,,95.0,3444.0,official_attack_off_f32,"[""abcrown"",""data/vnncomp2026/tinyimagenet_2024/1.0/onnx/TinyImageNet_resnet_medium.onnx"",""data/vnncomp2026/tinyimagenet_2024/1.0/vnnlib/TinyImageNet_resnet_medium_prop_idx_110_sidx_3348_eps_0.0039.vnnlib"",100.0,""official_attack_off_f32""]",
tinyimagenet_2024,166,TinyImageNet_resnet_medium.onnx,TinyImageNet_resnet_medium_prop_idx_378_sidx_1732_eps_0.0039.vnnlib,memout,,ERROR,0,100.0,,73.091,7.576,80.78849760070443,0,0,,,not a FALSIFIED row,-6,scratch/logs/fse2026/abcrown/tinyimagenet_2024/00166_a862c7f92ca27c8069a4_aa9w5bxq.log,6b8bbcfac1c01da1cabd240a87e4dce1a65f5a2b,"{""attack"": {""attack_off"": true, ""hook_replacements"": {}, ""overrides"": {""attack"": {""enable_mip_attack"": false, ""input_split_check_adv"": {""enabled"": ""false""}, ""pgd_order"": ""skip""}, ""bab"": {""attack"": {""enabled"": false}, ""branching"": {""input_split"": {""update_rhs_with_attack"": false}}}}}, ""biccos_applicable"": true, ""biccos_effective"": false, ""derived_path"": ""scratch/rq1_2026_tmp/baselines/abcrown/tinyimagenet_2024/00166_a862c7f92ca27c8069a4_aa9w5bxq/config.yaml"", ""deviations"": [""attack-off (user decision D20): all attack/falsification stages disabled, see config.attack.overrides"", ""float32: general.double_fp=false; solver.use_float64_in_last_iteration=false; stable_f32 interpreter""], ""mapping"": ""exact"", ""notes"": [], ""official"": ""exp_configs/vnncomp25/tinyimagenet.yaml"", ""official_biccos"": false, ""official_pgd_order"": ""middle"", ""variant"": ""official""}","[""attack-off (user decision D20): all attack/falsification stages disabled, see config.attack.overrides"", ""float32: general.double_fp=false; solver.use_float64_in_last_iteration=false; stable_f32 interpreter"", ""official CROWN crash retry; missing first-attempt tool clock means unscored (accounted wall+retry time retained separately)""]",memout,"warnings.warn(f""ONNX optimization failed with flags {onnx_optimization_flags}. Skipping optimization.\nError: {e}"")
torch.OutOfMemoryError: CUDA out of memory. Tried to allocate 1.11 GiB. GPU 0 has a total capacity of 94.95 GiB of which 115.50 MiB is free. Process 2128567 has 11.21 GiB memory in use. Process 2625397 has 25.38 GiB memory in use. Including non-PyTorch memory, this process has 53.68 GiB memory in use. Process 2688854 has 4.49 GiB memory in use. Of the allocated memory 44.09 GiB is allocated by PyTorch, and 8.92 GiB is reserved by PyTorch but unallocated. If reserved but unallocated memory is large try setting PYTORCH_CUDA_ALLOC_CONF=expandable_segments:True to avoid fragmentation.  See documentation for Memory Management  (https://pytorch.org/docs/stable/notes/cuda.html#environment-variables)
torch.AcceleratorError: CUDA error: unspecified launch failure
CUDA kernel errors might be asynchronously reported at some other API call, so the stacktrace below might be incorrect.
terminate called after throwing an instance of 'c10::Error'
what():  CUDA driver error: unspecified launch failure
Exception raised from ~FusedKernelCUDA at /pytorch/torch/csrc/jit/codegen/fuser/cuda/fused_kernel.cpp:242 (most recent call first):
frame #0: c10::Error::Error(c10::SourceLocation, std::__cxx11::basic_string<char, std::char_traits<char>, std::allocator<char> >) + 0x80 (0x70c73db7eeb0 in ~/miniconda3/envs/abcrown_stable/lib/python3.11/site-packages/torch/lib/libc10.so)",88.0,17825.0,official_attack_off_f32,"[""abcrown"",""data/vnncomp2026/tinyimagenet_2024/1.0/onnx/TinyImageNet_resnet_medium.onnx"",""data/vnncomp2026/tinyimagenet_2024/1.0/vnnlib/TinyImageNet_resnet_medium_prop_idx_378_sidx_1732_eps_0.0039.vnnlib"",100.0,""official_attack_off_f32""]",
tinyimagenet_2024,167,TinyImageNet_resnet_medium.onnx,TinyImageNet_resnet_medium_prop_idx_2476_sidx_1784_eps_0.0039.vnnlib,unsat,20.64563012123108,CERTIFIED,1,100.0,20.64563012123108,25.006,8.378,33.50792748108506,0,0,,,not a FALSIFIED row,0,scratch/logs/fse2026/abcrown/tinyimagenet_2024/00167_c6bfa835b089761c0002_jcas5g6e.log,6b8bbcfac1c01da1cabd240a87e4dce1a65f5a2b,"{""attack"": {""attack_off"": true, ""hook_replacements"": {}, ""overrides"": {""attack"": {""enable_mip_attack"": false, ""input_split_check_adv"": {""enabled"": ""false""}, ""pgd_order"": ""skip""}, ""bab"": {""attack"": {""enabled"": false}, ""branching"": {""input_split"": {""update_rhs_with_attack"": false}}}}}, ""biccos_applicable"": true, ""biccos_effective"": false, ""derived_path"": ""scratch/rq1_2026_tmp/baselines/abcrown/tinyimagenet_2024/00167_c6bfa835b089761c0002_jcas5g6e/config.yaml"", ""deviations"": [""attack-off (user decision D20): all attack/falsification stages disabled, see config.attack.overrides"", ""float32: general.double_fp=false; solver.use_float64_in_last_iteration=false; stable_f32 interpreter""], ""mapping"": ""exact"", ""notes"": [], ""official"": ""exp_configs/vnncomp25/tinyimagenet.yaml"", ""official_biccos"": false, ""official_pgd_order"": ""middle"", ""variant"": ""official""}","[""attack-off (user decision D20): all attack/falsification stages disabled, see config.attack.overrides"", ""float32: general.double_fp=false; solver.use_float64_in_last_iteration=false; stable_f32 interpreter""]",,,0.0,37.0,official_attack_off_f32,"[""abcrown"",""data/vnncomp2026/tinyimagenet_2024/1.0/onnx/TinyImageNet_resnet_medium.onnx"",""data/vnncomp2026/tinyimagenet_2024/1.0/vnnlib/TinyImageNet_resnet_medium_prop_idx_2476_sidx_1784_eps_0.0039.vnnlib"",100.0,""official_attack_off_f32""]",
tinyimagenet_2024,168,TinyImageNet_resnet_medium.onnx,TinyImageNet_resnet_medium_prop_idx_1478_sidx_5584_eps_0.0039.vnnlib,unsat,15.318748235702515,CERTIFIED,1,100.0,15.318748235702515,19.347,7.476,26.943827856332064,0,0,,,not a FALSIFIED row,0,scratch/logs/fse2026/abcrown/tinyimagenet_2024/00168_ac5471fb7fe0de764533_gj7p0z3d.log,6b8bbcfac1c01da1cabd240a87e4dce1a65f5a2b,"{""attack"": {""attack_off"": true, ""hook_replacements"": {}, ""overrides"": {""attack"": {""enable_mip_attack"": false, ""input_split_check_adv"": {""enabled"": ""false""}, ""pgd_order"": ""skip""}, ""bab"": {""attack"": {""enabled"": false}, ""branching"": {""input_split"": {""update_rhs_with_attack"": false}}}}}, ""biccos_applicable"": true, ""biccos_effective"": false, ""derived_path"": ""scratch/rq1_2026_tmp/baselines/abcrown/tinyimagenet_2024/00168_ac5471fb7fe0de764533_gj7p0z3d/config.yaml"", ""deviations"": [""attack-off (user decision D20): all attack/falsification stages disabled, see config.attack.overrides"", ""float32: general.double_fp=false; solver.use_float64_in_last_iteration=false; stable_f32 interpreter""], ""mapping"": ""exact"", ""notes"": [], ""official"": ""exp_configs/vnncomp25/tinyimagenet.yaml"", ""official_biccos"": false, ""official_pgd_order"": ""middle"", ""variant"": ""official""}","[""attack-off (user decision D20): all attack/falsification stages disabled, see config.attack.overrides"", ""float32: general.double_fp=false; solver.use_float64_in_last_iteration=false; stable_f32 interpreter""]",,,24.0,37.0,official_attack_off_f32,"[""abcrown"",""data/vnncomp2026/tinyimagenet_2024/1.0/onnx/TinyImageNet_resnet_medium.onnx"",""data/vnncomp2026/tinyimagenet_2024/1.0/vnnlib/TinyImageNet_resnet_medium_prop_idx_1478_sidx_5584_eps_0.0039.vnnlib"",100.0,""official_attack_off_f32""]",
tinyimagenet_2024,169,TinyImageNet_resnet_medium.onnx,TinyImageNet_resnet_medium_prop_idx_6348_sidx_5048_eps_0.0039.vnnlib,unsat,2.018035650253296,CERTIFIED,1,100.0,2.018035650253296,5.926,7.427,13.46986555121839,0,0,,,not a FALSIFIED row,0,scratch/logs/fse2026/abcrown/tinyimagenet_2024/00169_a11c564c1becbc5e05b3_pma31068.log,6b8bbcfac1c01da1cabd240a87e4dce1a65f5a2b,"{""attack"": {""attack_off"": true, ""hook_replacements"": {}, ""overrides"": {""attack"": {""enable_mip_attack"": false, ""input_split_check_adv"": {""enabled"": ""false""}, ""pgd_order"": ""skip""}, ""bab"": {""attack"": {""enabled"": false}, ""branching"": {""input_split"": {""update_rhs_with_attack"": false}}}}}, ""biccos_applicable"": true, ""biccos_effective"": false, ""derived_path"": ""scratch/rq1_2026_tmp/baselines/abcrown/tinyimagenet_2024/00169_a11c564c1becbc5e05b3_pma31068/config.yaml"", ""deviations"": [""attack-off (user decision D20): all attack/falsification stages disabled, see config.attack.overrides"", ""float32: general.double_fp=false; solver.use_float64_in_last_iteration=false; stable_f32 interpreter""], ""mapping"": ""exact"", ""notes"": [], ""official"": ""exp_configs/vnncomp25/tinyimagenet.yaml"", ""official_biccos"": false, ""official_pgd_order"": ""middle"", ""variant"": ""official""}","[""attack-off (user decision D20): all attack/falsification stages disabled, see config.attack.overrides"", ""float32: general.double_fp=false; solver.use_float64_in_last_iteration=false; stable_f32 interpreter""]",,,96.0,29114.0,official_attack_off_f32,"[""abcrown"",""data/vnncomp2026/tinyimagenet_2024/1.0/onnx/TinyImageNet_resnet_medium.onnx"",""data/vnncomp2026/tinyimagenet_2024/1.0/vnnlib/TinyImageNet_resnet_medium_prop_idx_6348_sidx_5048_eps_0.0039.vnnlib"",100.0,""official_attack_off_f32""]",
tinyimagenet_2024,170,TinyImageNet_resnet_medium.onnx,TinyImageNet_resnet_medium_prop_idx_4545_sidx_6688_eps_0.0039.vnnlib,unsat,6.166994571685791,CERTIFIED,1,100.0,6.166994571685791,10.182,7.627,17.92236241325736,0,0,,,not a FALSIFIED row,0,scratch/logs/fse2026/abcrown/tinyimagenet_2024/00170_36a2345b48f30557c86c_q5oqe36j.log,6b8bbcfac1c01da1cabd240a87e4dce1a65f5a2b,"{""attack"": {""attack_off"": true, ""hook_replacements"": {}, ""overrides"": {""attack"": {""enable_mip_attack"": false, ""input_split_check_adv"": {""enabled"": ""false""}, ""pgd_order"": ""skip""}, ""bab"": {""attack"": {""enabled"": false}, ""branching"": {""input_split"": {""update_rhs_with_attack"": false}}}}}, ""biccos_applicable"": true, ""biccos_effective"": false, ""derived_path"": ""scratch/rq1_2026_tmp/baselines/abcrown/tinyimagenet_2024/00170_36a2345b48f30557c86c_q5oqe36j/config.yaml"", ""deviations"": [""attack-off (user decision D20): all attack/falsification stages disabled, see config.attack.overrides"", ""float32: general.double_fp=false; solver.use_float64_in_last_iteration=false; stable_f32 interpreter""], ""mapping"": ""exact"", ""notes"": [], ""official"": ""exp_configs/vnncomp25/tinyimagenet.yaml"", ""official_biccos"": false, ""official_pgd_order"": ""middle"", ""variant"": ""official""}","[""attack-off (user decision D20): all attack/falsification stages disabled, see config.attack.overrides"", ""float32: general.double_fp=false; solver.use_float64_in_last_iteration=false; stable_f32 interpreter""]",,,63.0,4576.0,official_attack_off_f32,"[""abcrown"",""data/vnncomp2026/tinyimagenet_2024/1.0/onnx/TinyImageNet_resnet_medium.onnx"",""data/vnncomp2026/tinyimagenet_2024/1.0/vnnlib/TinyImageNet_resnet_medium_prop_idx_4545_sidx_6688_eps_0.0039.vnnlib"",100.0,""official_attack_off_f32""]",
tinyimagenet_2024,171,TinyImageNet_resnet_medium.onnx,TinyImageNet_resnet_medium_prop_idx_8436_sidx_1112_eps_0.0039.vnnlib,unsat,5.157224655151367,CERTIFIED,1,100.0,5.157224655151367,8.83,7.679,16.625376937910914,0,0,,,not a FALSIFIED row,0,scratch/logs/fse2026/abcrown/tinyimagenet_2024/00171_4fe01fd7a15692e1b056_f7cuj87y.log,6b8bbcfac1c01da1cabd240a87e4dce1a65f5a2b,"{""attack"": {""attack_off"": true, ""hook_replacements"": {}, ""overrides"": {""attack"": {""enable_mip_attack"": false, ""input_split_check_adv"": {""enabled"": ""false""}, ""pgd_order"": ""skip""}, ""bab"": {""attack"": {""enabled"": false}, ""branching"": {""input_split"": {""update_rhs_with_attack"": false}}}}}, ""biccos_applicable"": true, ""biccos_effective"": false, ""derived_path"": ""scratch/rq1_2026_tmp/baselines/abcrown/tinyimagenet_2024/00171_4fe01fd7a15692e1b056_f7cuj87y/config.yaml"", ""deviations"": [""attack-off (user decision D20): all attack/falsification stages disabled, see config.attack.overrides"", ""float32: general.double_fp=false; solver.use_float64_in_last_iteration=false; stable_f32 interpreter""], ""mapping"": ""exact"", ""notes"": [], ""official"": ""exp_configs/vnncomp25/tinyimagenet.yaml"", ""official_biccos"": false, ""official_pgd_order"": ""middle"", ""variant"": ""official""}","[""attack-off (user decision D20): all attack/falsification stages disabled, see config.attack.overrides"", ""float32: general.double_fp=false; solver.use_float64_in_last_iteration=false; stable_f32 interpreter""]",,,20.0,37.0,official_attack_off_f32,"[""abcrown"",""data/vnncomp2026/tinyimagenet_2024/1.0/onnx/TinyImageNet_resnet_medium.onnx"",""data/vnncomp2026/tinyimagenet_2024/1.0/vnnlib/TinyImageNet_resnet_medium_prop_idx_8436_sidx_1112_eps_0.0039.vnnlib"",100.0,""official_attack_off_f32""]",
tinyimagenet_2024,172,TinyImageNet_resnet_medium.onnx,TinyImageNet_resnet_medium_prop_idx_7225_sidx_2278_eps_0.0039.vnnlib,timeout,100.48800277709961,TIMEOUT,0,100.0,100.48800277709961,104.357,7.377,111.83784219995141,1,0,,,not a FALSIFIED row,0,scratch/logs/fse2026/abcrown/tinyimagenet_2024/00172_5bf5ed8fa7541c47512d_gqojql_a.log,6b8bbcfac1c01da1cabd240a87e4dce1a65f5a2b,"{""attack"": {""attack_off"": true, ""hook_replacements"": {}, ""overrides"": {""attack"": {""enable_mip_attack"": false, ""input_split_check_adv"": {""enabled"": ""false""}, ""pgd_order"": ""skip""}, ""bab"": {""attack"": {""enabled"": false}, ""branching"": {""input_split"": {""update_rhs_with_attack"": false}}}}}, ""biccos_applicable"": true, ""biccos_effective"": false, ""derived_path"": ""scratch/rq1_2026_tmp/baselines/abcrown/tinyimagenet_2024/00172_5bf5ed8fa7541c47512d_gqojql_a/config.yaml"", ""deviations"": [""attack-off (user decision D20): all attack/falsification stages disabled, see config.attack.overrides"", ""float32: general.double_fp=false; solver.use_float64_in_last_iteration=false; stable_f32 interpreter""], ""mapping"": ""exact"", ""notes"": [], ""official"": ""exp_configs/vnncomp25/tinyimagenet.yaml"", ""official_biccos"": false, ""official_pgd_order"": ""middle"", ""variant"": ""official""}","[""attack-off (user decision D20): all attack/falsification stages disabled, see config.attack.overrides"", ""float32: general.double_fp=false; solver.use_float64_in_last_iteration=false; stable_f32 interpreter""]",,,7.0,37.0,official_attack_off_f32,"[""abcrown"",""data/vnncomp2026/tinyimagenet_2024/1.0/onnx/TinyImageNet_resnet_medium.onnx"",""data/vnncomp2026/tinyimagenet_2024/1.0/vnnlib/TinyImageNet_resnet_medium_prop_idx_7225_sidx_2278_eps_0.0039.vnnlib"",100.0,""official_attack_off_f32""]",
tinyimagenet_2024,173,TinyImageNet_resnet_medium.onnx,TinyImageNet_resnet_medium_prop_idx_2948_sidx_4095_eps_0.0039.vnnlib,unsat,5.978018760681152,CERTIFIED,1,100.0,5.978018760681152,10.132,7.728,17.973763037472963,0,0,,,not a FALSIFIED row,0,scratch/logs/fse2026/abcrown/tinyimagenet_2024/00173_90c9271749dd0231603d_lx1stpsz.log,6b8bbcfac1c01da1cabd240a87e4dce1a65f5a2b,"{""attack"": {""attack_off"": true, ""hook_replacements"": {}, ""overrides"": {""attack"": {""enable_mip_attack"": false, ""input_split_check_adv"": {""enabled"": ""false""}, ""pgd_order"": ""skip""}, ""bab"": {""attack"": {""enabled"": false}, ""branching"": {""input_split"": {""update_rhs_with_attack"": false}}}}}, ""biccos_applicable"": true, ""biccos_effective"": false, ""derived_path"": ""scratch/rq1_2026_tmp/baselines/abcrown/tinyimagenet_2024/00173_90c9271749dd0231603d_lx1stpsz/config.yaml"", ""deviations"": [""attack-off (user decision D20): all attack/falsification stages disabled, see config.attack.overrides"", ""float32: general.double_fp=false; solver.use_float64_in_last_iteration=false; stable_f32 interpreter""], ""mapping"": ""exact"", ""notes"": [], ""official"": ""exp_configs/vnncomp25/tinyimagenet.yaml"", ""official_biccos"": false, ""official_pgd_order"": ""middle"", ""variant"": ""official""}","[""attack-off (user decision D20): all attack/falsification stages disabled, see config.attack.overrides"", ""float32: general.double_fp=false; solver.use_float64_in_last_iteration=false; stable_f32 interpreter""]",,,91.0,19133.0,official_attack_off_f32,"[""abcrown"",""data/vnncomp2026/tinyimagenet_2024/1.0/onnx/TinyImageNet_resnet_medium.onnx"",""data/vnncomp2026/tinyimagenet_2024/1.0/vnnlib/TinyImageNet_resnet_medium_prop_idx_2948_sidx_4095_eps_0.0039.vnnlib"",100.0,""official_attack_off_f32""]",
tinyimagenet_2024,174,TinyImageNet_resnet_medium.onnx,TinyImageNet_resnet_medium_prop_idx_3278_sidx_4263_eps_0.0039.vnnlib,unsat,6.423525333404541,CERTIFIED,1,100.0,6.423525333404541,10.631,8.028,18.781948775053024,0,0,,,not a FALSIFIED row,0,scratch/logs/fse2026/abcrown/tinyimagenet_2024/00174_3dbf7ebe528c7f63b643_uvb99y_m.log,6b8bbcfac1c01da1cabd240a87e4dce1a65f5a2b,"{""attack"": {""attack_off"": true, ""hook_replacements"": {}, ""overrides"": {""attack"": {""enable_mip_attack"": false, ""input_split_check_adv"": {""enabled"": ""false""}, ""pgd_order"": ""skip""}, ""bab"": {""attack"": {""enabled"": false}, ""branching"": {""input_split"": {""update_rhs_with_attack"": false}}}}}, ""biccos_applicable"": true, ""biccos_effective"": false, ""derived_path"": ""scratch/rq1_2026_tmp/baselines/abcrown/tinyimagenet_2024/00174_3dbf7ebe528c7f63b643_uvb99y_m/config.yaml"", ""deviations"": [""attack-off (user decision D20): all attack/falsification stages disabled, see config.attack.overrides"", ""float32: general.double_fp=false; solver.use_float64_in_last_iteration=false; stable_f32 interpreter""], ""mapping"": ""exact"", ""notes"": [], ""official"": ""exp_configs/vnncomp25/tinyimagenet.yaml"", ""official_biccos"": false, ""official_pgd_order"": ""middle"", ""variant"": ""official""}","[""attack-off (user decision D20): all attack/falsification stages disabled, see config.attack.overrides"", ""float32: general.double_fp=false; solver.use_float64_in_last_iteration=false; stable_f32 interpreter""]",,,2.0,34.0,official_attack_off_f32,"[""abcrown"",""data/vnncomp2026/tinyimagenet_2024/1.0/onnx/TinyImageNet_resnet_medium.onnx"",""data/vnncomp2026/tinyimagenet_2024/1.0/vnnlib/TinyImageNet_resnet_medium_prop_idx_3278_sidx_4263_eps_0.0039.vnnlib"",100.0,""official_attack_off_f32""]",
tinyimagenet_2024,175,TinyImageNet_resnet_medium.onnx,TinyImageNet_resnet_medium_prop_idx_568_sidx_8816_eps_0.0039.vnnlib,unsat,9.231010437011719,CERTIFIED,1,100.0,9.231010437011719,13.637,8.278,22.039550699293613,0,0,,,not a FALSIFIED row,0,scratch/logs/fse2026/abcrown/tinyimagenet_2024/00175_c2c707eea07d709f759b_bfsg24s4.log,6b8bbcfac1c01da1cabd240a87e4dce1a65f5a2b,"{""attack"": {""attack_off"": true, ""hook_replacements"": {}, ""overrides"": {""attack"": {""enable_mip_attack"": false, ""input_split_check_adv"": {""enabled"": ""false""}, ""pgd_order"": ""skip""}, ""bab"": {""attack"": {""enabled"": false}, ""branching"": {""input_split"": {""update_rhs_with_attack"": false}}}}}, ""biccos_applicable"": true, ""biccos_effective"": false, ""derived_path"": ""scratch/rq1_2026_tmp/baselines/abcrown/tinyimagenet_2024/00175_c2c707eea07d709f759b_bfsg24s4/config.yaml"", ""deviations"": [""attack-off (user decision D20): all attack/falsification stages disabled, see config.attack.overrides"", ""float32: general.double_fp=false; solver.use_float64_in_last_iteration=false; stable_f32 interpreter""], ""mapping"": ""exact"", ""notes"": [], ""official"": ""exp_configs/vnncomp25/tinyimagenet.yaml"", ""official_biccos"": false, ""official_pgd_order"": ""middle"", ""variant"": ""official""}","[""attack-off (user decision D20): all attack/falsification stages disabled, see config.attack.overrides"", ""float32: general.double_fp=false; solver.use_float64_in_last_iteration=false; stable_f32 interpreter""]",,,0.0,37.0,official_attack_off_f32,"[""abcrown"",""data/vnncomp2026/tinyimagenet_2024/1.0/onnx/TinyImageNet_resnet_medium.onnx"",""data/vnncomp2026/tinyimagenet_2024/1.0/vnnlib/TinyImageNet_resnet_medium_prop_idx_568_sidx_8816_eps_0.0039.vnnlib"",100.0,""official_attack_off_f32""]",
tinyimagenet_2024,176,TinyImageNet_resnet_medium.onnx,TinyImageNet_resnet_medium_prop_idx_7564_sidx_5708_eps_0.0039.vnnlib,timeout,107.23321723937988,TIMEOUT,0,100.0,107.23321723937988,111.158,7.326,118.59613714553416,1,0,,,not a FALSIFIED row,0,scratch/logs/fse2026/abcrown/tinyimagenet_2024/00176_286f21d8ab6093c8c34e_aezvd4xd.log,6b8bbcfac1c01da1cabd240a87e4dce1a65f5a2b,"{""attack"": {""attack_off"": true, ""hook_replacements"": {}, ""overrides"": {""attack"": {""enable_mip_attack"": false, ""input_split_check_adv"": {""enabled"": ""false""}, ""pgd_order"": ""skip""}, ""bab"": {""attack"": {""enabled"": false}, ""branching"": {""input_split"": {""update_rhs_with_attack"": false}}}}}, ""biccos_applicable"": true, ""biccos_effective"": false, ""derived_path"": ""scratch/rq1_2026_tmp/baselines/abcrown/tinyimagenet_2024/00176_286f21d8ab6093c8c34e_aezvd4xd/config.yaml"", ""deviations"": [""attack-off (user decision D20): all attack/falsification stages disabled, see config.attack.overrides"", ""float32: general.double_fp=false; solver.use_float64_in_last_iteration=false; stable_f32 interpreter""], ""mapping"": ""exact"", ""notes"": [], ""official"": ""exp_configs/vnncomp25/tinyimagenet.yaml"", ""official_biccos"": false, ""official_pgd_order"": ""middle"", ""variant"": ""official""}","[""attack-off (user decision D20): all attack/falsification stages disabled, see config.attack.overrides"", ""float32: general.double_fp=false; solver.use_float64_in_last_iteration=false; stable_f32 interpreter""]",,,39.0,4014.0,official_attack_off_f32,"[""abcrown"",""data/vnncomp2026/tinyimagenet_2024/1.0/onnx/TinyImageNet_resnet_medium.onnx"",""data/vnncomp2026/tinyimagenet_2024/1.0/vnnlib/TinyImageNet_resnet_medium_prop_idx_7564_sidx_5708_eps_0.0039.vnnlib"",100.0,""official_attack_off_f32""]",
tinyimagenet_2024,177,TinyImageNet_resnet_medium.onnx,TinyImageNet_resnet_medium_prop_idx_3178_sidx_7992_eps_0.0039.vnnlib,unsat,7.060161828994751,CERTIFIED,1,100.0,7.060161828994751,11.333,7.777,19.227559259161353,0,0,,,not a FALSIFIED row,0,scratch/logs/fse2026/abcrown/tinyimagenet_2024/00177_0d597bddbac0e5791422_ejjgofpu.log,6b8bbcfac1c01da1cabd240a87e4dce1a65f5a2b,"{""attack"": {""attack_off"": true, ""hook_replacements"": {}, ""overrides"": {""attack"": {""enable_mip_attack"": false, ""input_split_check_adv"": {""enabled"": ""false""}, ""pgd_order"": ""skip""}, ""bab"": {""attack"": {""enabled"": false}, ""branching"": {""input_split"": {""update_rhs_with_attack"": false}}}}}, ""biccos_applicable"": true, ""biccos_effective"": false, ""derived_path"": ""scratch/rq1_2026_tmp/baselines/abcrown/tinyimagenet_2024/00177_0d597bddbac0e5791422_ejjgofpu/config.yaml"", ""deviations"": [""attack-off (user decision D20): all attack/falsification stages disabled, see config.attack.overrides"", ""float32: general.double_fp=false; solver.use_float64_in_last_iteration=false; stable_f32 interpreter""], ""mapping"": ""exact"", ""notes"": [], ""official"": ""exp_configs/vnncomp25/tinyimagenet.yaml"", ""official_biccos"": false, ""official_pgd_order"": ""middle"", ""variant"": ""official""}","[""attack-off (user decision D20): all attack/falsification stages disabled, see config.attack.overrides"", ""float32: general.double_fp=false; solver.use_float64_in_last_iteration=false; stable_f32 interpreter""]",,,99.0,31458.0,official_attack_off_f32,"[""abcrown"",""data/vnncomp2026/tinyimagenet_2024/1.0/onnx/TinyImageNet_resnet_medium.onnx"",""data/vnncomp2026/tinyimagenet_2024/1.0/vnnlib/TinyImageNet_resnet_medium_prop_idx_3178_sidx_7992_eps_0.0039.vnnlib"",100.0,""official_attack_off_f32""]",
tinyimagenet_2024,178,TinyImageNet_resnet_medium.onnx,TinyImageNet_resnet_medium_prop_idx_2733_sidx_3833_eps_0.0039.vnnlib,unsat,1.7738471031188965,CERTIFIED,1,100.0,1.7738471031188965,6.025,8.028,14.170406956225634,0,0,,,not a FALSIFIED row,0,scratch/logs/fse2026/abcrown/tinyimagenet_2024/00178_a7de48cb411c0effc80f_zojgbcl2.log,6b8bbcfac1c01da1cabd240a87e4dce1a65f5a2b,"{""attack"": {""attack_off"": true, ""hook_replacements"": {}, ""overrides"": {""attack"": {""enable_mip_attack"": false, ""input_split_check_adv"": {""enabled"": ""false""}, ""pgd_order"": ""skip""}, ""bab"": {""attack"": {""enabled"": false}, ""branching"": {""input_split"": {""update_rhs_with_attack"": false}}}}}, ""biccos_applicable"": true, ""biccos_effective"": false, ""derived_path"": ""scratch/rq1_2026_tmp/baselines/abcrown/tinyimagenet_2024/00178_a7de48cb411c0effc80f_zojgbcl2/config.yaml"", ""deviations"": [""attack-off (user decision D20): all attack/falsification stages disabled, see config.attack.overrides"", ""float32: general.double_fp=false; solver.use_float64_in_last_iteration=false; stable_f32 interpreter""], ""mapping"": ""exact"", ""notes"": [], ""official"": ""exp_configs/vnncomp25/tinyimagenet.yaml"", ""official_biccos"": false, ""official_pgd_order"": ""middle"", ""variant"": ""official""}","[""attack-off (user decision D20): all attack/falsification stages disabled, see config.attack.overrides"", ""float32: general.double_fp=false; solver.use_float64_in_last_iteration=false; stable_f32 interpreter""]",,,46.0,3098.0,official_attack_off_f32,"[""abcrown"",""data/vnncomp2026/tinyimagenet_2024/1.0/onnx/TinyImageNet_resnet_medium.onnx"",""data/vnncomp2026/tinyimagenet_2024/1.0/vnnlib/TinyImageNet_resnet_medium_prop_idx_2733_sidx_3833_eps_0.0039.vnnlib"",100.0,""official_attack_off_f32""]",
tinyimagenet_2024,179,TinyImageNet_resnet_medium.onnx,TinyImageNet_resnet_medium_prop_idx_1135_sidx_1928_eps_0.0039.vnnlib,timeout,100.0821762084961,TIMEOUT,0,100.0,100.0821762084961,104.398,7.477,111.98535799048841,1,0,,,not a FALSIFIED row,0,scratch/logs/fse2026/abcrown/tinyimagenet_2024/00179_bc60e1e201aed6dc0416_p4140us9.log,6b8bbcfac1c01da1cabd240a87e4dce1a65f5a2b,"{""attack"": {""attack_off"": true, ""hook_replacements"": {}, ""overrides"": {""attack"": {""enable_mip_attack"": false, ""input_split_check_adv"": {""enabled"": ""false""}, ""pgd_order"": ""skip""}, ""bab"": {""attack"": {""enabled"": false}, ""branching"": {""input_split"": {""update_rhs_with_attack"": false}}}}}, ""biccos_applicable"": true, ""biccos_effective"": false, ""derived_path"": ""scratch/rq1_2026_tmp/baselines/abcrown/tinyimagenet_2024/00179_bc60e1e201aed6dc0416_p4140us9/config.yaml"", ""deviations"": [""attack-off (user decision D20): all attack/falsification stages disabled, see config.attack.overrides"", ""float32: general.double_fp=false; solver.use_float64_in_last_iteration=false; stable_f32 interpreter""], ""mapping"": ""exact"", ""notes"": [], ""official"": ""exp_configs/vnncomp25/tinyimagenet.yaml"", ""official_biccos"": false, ""official_pgd_order"": ""middle"", ""variant"": ""official""}","[""attack-off (user decision D20): all attack/falsification stages disabled, see config.attack.overrides"", ""float32: general.double_fp=false; solver.use_float64_in_last_iteration=false; stable_f32 interpreter""]",,,86.0,32918.0,official_attack_off_f32,"[""abcrown"",""data/vnncomp2026/tinyimagenet_2024/1.0/onnx/TinyImageNet_resnet_medium.onnx"",""data/vnncomp2026/tinyimagenet_2024/1.0/vnnlib/TinyImageNet_resnet_medium_prop_idx_1135_sidx_1928_eps_0.0039.vnnlib"",100.0,""official_attack_off_f32""]",
tinyimagenet_2024,180,TinyImageNet_resnet_medium.onnx,TinyImageNet_resnet_medium_prop_idx_9796_sidx_1847_eps_0.0039.vnnlib,unsat,9.747817039489746,CERTIFIED,1,100.0,9.747817039489746,14.09,7.828,22.026562873274088,0,0,,,not a FALSIFIED row,0,scratch/logs/fse2026/abcrown/tinyimagenet_2024/00180_4d80a8e798416d585592_zr_ocmmd.log,6b8bbcfac1c01da1cabd240a87e4dce1a65f5a2b,"{""attack"": {""attack_off"": true, ""hook_replacements"": {}, ""overrides"": {""attack"": {""enable_mip_attack"": false, ""input_split_check_adv"": {""enabled"": ""false""}, ""pgd_order"": ""skip""}, ""bab"": {""attack"": {""enabled"": false}, ""branching"": {""input_split"": {""update_rhs_with_attack"": false}}}}}, ""biccos_applicable"": true, ""biccos_effective"": false, ""derived_path"": ""scratch/rq1_2026_tmp/baselines/abcrown/tinyimagenet_2024/00180_4d80a8e798416d585592_zr_ocmmd/config.yaml"", ""deviations"": [""attack-off (user decision D20): all attack/falsification stages disabled, see config.attack.overrides"", ""float32: general.double_fp=false; solver.use_float64_in_last_iteration=false; stable_f32 interpreter""], ""mapping"": ""exact"", ""notes"": [], ""official"": ""exp_configs/vnncomp25/tinyimagenet.yaml"", ""official_biccos"": false, ""official_pgd_order"": ""middle"", ""variant"": ""official""}","[""attack-off (user decision D20): all attack/falsification stages disabled, see config.attack.overrides"", ""float32: general.double_fp=false; solver.use_float64_in_last_iteration=false; stable_f32 interpreter""]",,,99.0,48044.0,official_attack_off_f32,"[""abcrown"",""data/vnncomp2026/tinyimagenet_2024/1.0/onnx/TinyImageNet_resnet_medium.onnx"",""data/vnncomp2026/tinyimagenet_2024/1.0/vnnlib/TinyImageNet_resnet_medium_prop_idx_9796_sidx_1847_eps_0.0039.vnnlib"",100.0,""official_attack_off_f32""]",
tinyimagenet_2024,181,TinyImageNet_resnet_medium.onnx,TinyImageNet_resnet_medium_prop_idx_216_sidx_6006_eps_0.0039.vnnlib,timeout,108.54027342796326,TIMEOUT,0,100.0,108.54027342796326,112.761,7.977,120.87014632858336,1,0,,,not a FALSIFIED row,0,scratch/logs/fse2026/abcrown/tinyimagenet_2024/00181_575f6ff63e8e073aab0e_7kjkp39w.log,6b8bbcfac1c01da1cabd240a87e4dce1a65f5a2b,"{""attack"": {""attack_off"": true, ""hook_replacements"": {}, ""overrides"": {""attack"": {""enable_mip_attack"": false, ""input_split_check_adv"": {""enabled"": ""false""}, ""pgd_order"": ""skip""}, ""bab"": {""attack"": {""enabled"": false}, ""branching"": {""input_split"": {""update_rhs_with_attack"": false}}}}}, ""biccos_applicable"": true, ""biccos_effective"": false, ""derived_path"": ""scratch/rq1_2026_tmp/baselines/abcrown/tinyimagenet_2024/00181_575f6ff63e8e073aab0e_7kjkp39w/config.yaml"", ""deviations"": [""attack-off (user decision D20): all attack/falsification stages disabled, see config.attack.overrides"", ""float32: general.double_fp=false; solver.use_float64_in_last_iteration=false; stable_f32 interpreter""], ""mapping"": ""exact"", ""notes"": [], ""official"": ""exp_configs/vnncomp25/tinyimagenet.yaml"", ""official_biccos"": false, ""official_pgd_order"": ""middle"", ""variant"": ""official""}","[""attack-off (user decision D20): all attack/falsification stages disabled, see config.attack.overrides"", ""float32: general.double_fp=false; solver.use_float64_in_last_iteration=false; stable_f32 interpreter""]",,,0.0,37.0,official_attack_off_f32,"[""abcrown"",""data/vnncomp2026/tinyimagenet_2024/1.0/onnx/TinyImageNet_resnet_medium.onnx"",""data/vnncomp2026/tinyimagenet_2024/1.0/vnnlib/TinyImageNet_resnet_medium_prop_idx_216_sidx_6006_eps_0.0039.vnnlib"",100.0,""official_attack_off_f32""]",
tinyimagenet_2024,182,TinyImageNet_resnet_medium.onnx,TinyImageNet_resnet_medium_prop_idx_8173_sidx_1641_eps_0.0039.vnnlib,unsat,26.766560554504395,CERTIFIED,1,100.0,26.766560554504395,30.666,7.476,38.25092916376889,0,0,,,not a FALSIFIED row,0,scratch/logs/fse2026/abcrown/tinyimagenet_2024/00182_52e9dffaa59092ca0a35_6rbf32fw.log,6b8bbcfac1c01da1cabd240a87e4dce1a65f5a2b,"{""attack"": {""attack_off"": true, ""hook_replacements"": {}, ""overrides"": {""attack"": {""enable_mip_attack"": false, ""input_split_check_adv"": {""enabled"": ""false""}, ""pgd_order"": ""skip""}, ""bab"": {""attack"": {""enabled"": false}, ""branching"": {""input_split"": {""update_rhs_with_attack"": false}}}}}, ""biccos_applicable"": true, ""biccos_effective"": false, ""derived_path"": ""scratch/rq1_2026_tmp/baselines/abcrown/tinyimagenet_2024/00182_52e9dffaa59092ca0a35_6rbf32fw/config.yaml"", ""deviations"": [""attack-off (user decision D20): all attack/falsification stages disabled, see config.attack.overrides"", ""float32: general.double_fp=false; solver.use_float64_in_last_iteration=false; stable_f32 interpreter""], ""mapping"": ""exact"", ""notes"": [], ""official"": ""exp_configs/vnncomp25/tinyimagenet.yaml"", ""official_biccos"": false, ""official_pgd_order"": ""middle"", ""variant"": ""official""}","[""attack-off (user decision D20): all attack/falsification stages disabled, see config.attack.overrides"", ""float32: general.double_fp=false; solver.use_float64_in_last_iteration=false; stable_f32 interpreter""]",,,42.0,27681.0,official_attack_off_f32,"[""abcrown"",""data/vnncomp2026/tinyimagenet_2024/1.0/onnx/TinyImageNet_resnet_medium.onnx"",""data/vnncomp2026/tinyimagenet_2024/1.0/vnnlib/TinyImageNet_resnet_medium_prop_idx_8173_sidx_1641_eps_0.0039.vnnlib"",100.0,""official_attack_off_f32""]",
tinyimagenet_2024,183,TinyImageNet_resnet_medium.onnx,TinyImageNet_resnet_medium_prop_idx_1325_sidx_7586_eps_0.0039.vnnlib,timeout,102.76927852630615,TIMEOUT,0,100.0,102.76927852630615,107.063,7.778,114.9610684402287,1,0,,,not a FALSIFIED row,0,scratch/logs/fse2026/abcrown/tinyimagenet_2024/00183_1881dea152757662fa57_o_m1rv2m.log,6b8bbcfac1c01da1cabd240a87e4dce1a65f5a2b,"{""attack"": {""attack_off"": true, ""hook_replacements"": {}, ""overrides"": {""attack"": {""enable_mip_attack"": false, ""input_split_check_adv"": {""enabled"": ""false""}, ""pgd_order"": ""skip""}, ""bab"": {""attack"": {""enabled"": false}, ""branching"": {""input_split"": {""update_rhs_with_attack"": false}}}}}, ""biccos_applicable"": true, ""biccos_effective"": false, ""derived_path"": ""scratch/rq1_2026_tmp/baselines/abcrown/tinyimagenet_2024/00183_1881dea152757662fa57_o_m1rv2m/config.yaml"", ""deviations"": [""attack-off (user decision D20): all attack/falsification stages disabled, see config.attack.overrides"", ""float32: general.double_fp=false; solver.use_float64_in_last_iteration=false; stable_f32 interpreter""], ""mapping"": ""exact"", ""notes"": [], ""official"": ""exp_configs/vnncomp25/tinyimagenet.yaml"", ""official_biccos"": false, ""official_pgd_order"": ""middle"", ""variant"": ""official""}","[""attack-off (user decision D20): all attack/falsification stages disabled, see config.attack.overrides"", ""float32: general.double_fp=false; solver.use_float64_in_last_iteration=false; stable_f32 interpreter""]",,,100.0,24420.0,official_attack_off_f32,"[""abcrown"",""data/vnncomp2026/tinyimagenet_2024/1.0/onnx/TinyImageNet_resnet_medium.onnx"",""data/vnncomp2026/tinyimagenet_2024/1.0/vnnlib/TinyImageNet_resnet_medium_prop_idx_1325_sidx_7586_eps_0.0039.vnnlib"",100.0,""official_attack_off_f32""]",
tinyimagenet_2024,184,TinyImageNet_resnet_medium.onnx,TinyImageNet_resnet_medium_prop_idx_4884_sidx_1571_eps_0.0039.vnnlib,timeout,104.29172873497009,TIMEOUT,0,100.0,104.29172873497009,108.754,4.471,113.34535922855139,1,0,,,not a FALSIFIED row,0,scratch/logs/fse2026/abcrown/tinyimagenet_2024/00184_20349f0eb6e1e77e6df8_e31z_aia.log,6b8bbcfac1c01da1cabd240a87e4dce1a65f5a2b,"{""attack"": {""attack_off"": true, ""hook_replacements"": {}, ""overrides"": {""attack"": {""enable_mip_attack"": false, ""input_split_check_adv"": {""enabled"": ""false""}, ""pgd_order"": ""skip""}, ""bab"": {""attack"": {""enabled"": false}, ""branching"": {""input_split"": {""update_rhs_with_attack"": false}}}}}, ""biccos_applicable"": true, ""biccos_effective"": false, ""derived_path"": ""scratch/rq1_2026_tmp/baselines/abcrown/tinyimagenet_2024/00184_20349f0eb6e1e77e6df8_e31z_aia/config.yaml"", ""deviations"": [""attack-off (user decision D20): all attack/falsification stages disabled, see config.attack.overrides"", ""float32: general.double_fp=false; solver.use_float64_in_last_iteration=false; stable_f32 interpreter""], ""mapping"": ""exact"", ""notes"": [], ""official"": ""exp_configs/vnncomp25/tinyimagenet.yaml"", ""official_biccos"": false, ""official_pgd_order"": ""middle"", ""variant"": ""official""}","[""attack-off (user decision D20): all attack/falsification stages disabled, see config.attack.overrides"", ""float32: general.double_fp=false; solver.use_float64_in_last_iteration=false; stable_f32 interpreter""]",,,0.0,37.0,official_attack_off_f32,"[""abcrown"",""data/vnncomp2026/tinyimagenet_2024/1.0/onnx/TinyImageNet_resnet_medium.onnx"",""data/vnncomp2026/tinyimagenet_2024/1.0/vnnlib/TinyImageNet_resnet_medium_prop_idx_4884_sidx_1571_eps_0.0039.vnnlib"",100.0,""official_attack_off_f32""]",
tinyimagenet_2024,185,TinyImageNet_resnet_medium.onnx,TinyImageNet_resnet_medium_prop_idx_3511_sidx_721_eps_0.0039.vnnlib,unsat,3.7749240398406982,CERTIFIED,1,100.0,3.7749240398406982,7.527,7.376,15.020885469391942,0,0,,,not a FALSIFIED row,0,scratch/logs/fse2026/abcrown/tinyimagenet_2024/00185_8a9e94473c840886de6f_z0a4ozd9.log,6b8bbcfac1c01da1cabd240a87e4dce1a65f5a2b,"{""attack"": {""attack_off"": true, ""hook_replacements"": {}, ""overrides"": {""attack"": {""enable_mip_attack"": false, ""input_split_check_adv"": {""enabled"": ""false""}, ""pgd_order"": ""skip""}, ""bab"": {""attack"": {""enabled"": false}, ""branching"": {""input_split"": {""update_rhs_with_attack"": false}}}}}, ""biccos_applicable"": true, ""biccos_effective"": false, ""derived_path"": ""scratch/rq1_2026_tmp/baselines/abcrown/tinyimagenet_2024/00185_8a9e94473c840886de6f_z0a4ozd9/config.yaml"", ""deviations"": [""attack-off (user decision D20): all attack/falsification stages disabled, see config.attack.overrides"", ""float32: general.double_fp=false; solver.use_float64_in_last_iteration=false; stable_f32 interpreter""], ""mapping"": ""exact"", ""notes"": [], ""official"": ""exp_configs/vnncomp25/tinyimagenet.yaml"", ""official_biccos"": false, ""official_pgd_order"": ""middle"", ""variant"": ""official""}","[""attack-off (user decision D20): all attack/falsification stages disabled, see config.attack.overrides"", ""float32: general.double_fp=false; solver.use_float64_in_last_iteration=false; stable_f32 interpreter""]",,,0.0,37.0,official_attack_off_f32,"[""abcrown"",""data/vnncomp2026/tinyimagenet_2024/1.0/onnx/TinyImageNet_resnet_medium.onnx"",""data/vnncomp2026/tinyimagenet_2024/1.0/vnnlib/TinyImageNet_resnet_medium_prop_idx_3511_sidx_721_eps_0.0039.vnnlib"",100.0,""official_attack_off_f32""]",
tinyimagenet_2024,186,TinyImageNet_resnet_medium.onnx,TinyImageNet_resnet_medium_prop_idx_1733_sidx_5415_eps_0.0039.vnnlib,unsat,5.652787685394287,CERTIFIED,1,100.0,5.652787685394287,9.48,7.426,17.0206130836159,0,0,,,not a FALSIFIED row,0,scratch/logs/fse2026/abcrown/tinyimagenet_2024/00186_5037219ec3668f8adf60_uu3ps_ns.log,6b8bbcfac1c01da1cabd240a87e4dce1a65f5a2b,"{""attack"": {""attack_off"": true, ""hook_replacements"": {}, ""overrides"": {""attack"": {""enable_mip_attack"": false, ""input_split_check_adv"": {""enabled"": ""false""}, ""pgd_order"": ""skip""}, ""bab"": {""attack"": {""enabled"": false}, ""branching"": {""input_split"": {""update_rhs_with_attack"": false}}}}}, ""biccos_applicable"": true, ""biccos_effective"": false, ""derived_path"": ""scratch/rq1_2026_tmp/baselines/abcrown/tinyimagenet_2024/00186_5037219ec3668f8adf60_uu3ps_ns/config.yaml"", ""deviations"": [""attack-off (user decision D20): all attack/falsification stages disabled, see config.attack.overrides"", ""float32: general.double_fp=false; solver.use_float64_in_last_iteration=false; stable_f32 interpreter""], ""mapping"": ""exact"", ""notes"": [], ""official"": ""exp_configs/vnncomp25/tinyimagenet.yaml"", ""official_biccos"": false, ""official_pgd_order"": ""middle"", ""variant"": ""official""}","[""attack-off (user decision D20): all attack/falsification stages disabled, see config.attack.overrides"", ""float32: general.double_fp=false; solver.use_float64_in_last_iteration=false; stable_f32 interpreter""]",,,60.0,3998.0,official_attack_off_f32,"[""abcrown"",""data/vnncomp2026/tinyimagenet_2024/1.0/onnx/TinyImageNet_resnet_medium.onnx"",""data/vnncomp2026/tinyimagenet_2024/1.0/vnnlib/TinyImageNet_resnet_medium_prop_idx_1733_sidx_5415_eps_0.0039.vnnlib"",100.0,""official_attack_off_f32""]",
tinyimagenet_2024,187,TinyImageNet_resnet_medium.onnx,TinyImageNet_resnet_medium_prop_idx_4361_sidx_106_eps_0.0039.vnnlib,timeout,126.31768774986267,TIMEOUT,0,100.0,126.31768774986267,130.423,7.477,138.01808279938996,1,0,,,not a FALSIFIED row,,scratch/logs/fse2026/abcrown/tinyimagenet_2024/00187_6e59e24b783b6e28ecdc_34sy_hr_.log,6b8bbcfac1c01da1cabd240a87e4dce1a65f5a2b,"{""attack"": {""attack_off"": true, ""hook_replacements"": {}, ""overrides"": {""attack"": {""enable_mip_attack"": false, ""input_split_check_adv"": {""enabled"": ""false""}, ""pgd_order"": ""skip""}, ""bab"": {""attack"": {""enabled"": false}, ""branching"": {""input_split"": {""update_rhs_with_attack"": false}}}}}, ""biccos_applicable"": true, ""biccos_effective"": false, ""derived_path"": ""scratch/rq1_2026_tmp/baselines/abcrown/tinyimagenet_2024/00187_6e59e24b783b6e28ecdc_34sy_hr_/config.yaml"", ""deviations"": [""attack-off (user decision D20): all attack/falsification stages disabled, see config.attack.overrides"", ""float32: general.double_fp=false; solver.use_float64_in_last_iteration=false; stable_f32 interpreter""], ""mapping"": ""exact"", ""notes"": [], ""official"": ""exp_configs/vnncomp25/tinyimagenet.yaml"", ""official_biccos"": false, ""official_pgd_order"": ""middle"", ""variant"": ""official""}","[""attack-off (user decision D20): all attack/falsification stages disabled, see config.attack.overrides"", ""float32: general.double_fp=false; solver.use_float64_in_last_iteration=false; stable_f32 interpreter""]",,,92.0,17076.0,official_attack_off_f32,"[""abcrown"",""data/vnncomp2026/tinyimagenet_2024/1.0/onnx/TinyImageNet_resnet_medium.onnx"",""data/vnncomp2026/tinyimagenet_2024/1.0/vnnlib/TinyImageNet_resnet_medium_prop_idx_4361_sidx_106_eps_0.0039.vnnlib"",100.0,""official_attack_off_f32""]",
tinyimagenet_2024,188,TinyImageNet_resnet_medium.onnx,TinyImageNet_resnet_medium_prop_idx_9512_sidx_8218_eps_0.0039.vnnlib,unsat,6.3581578731536865,CERTIFIED,1,100.0,6.3581578731536865,10.331,7.527,17.96660398878157,0,0,,,not a FALSIFIED row,0,scratch/logs/fse2026/abcrown/tinyimagenet_2024/00188_214fd4e1c3e9e2652963_6elg8_x0.log,6b8bbcfac1c01da1cabd240a87e4dce1a65f5a2b,"{""attack"": {""attack_off"": true, ""hook_replacements"": {}, ""overrides"": {""attack"": {""enable_mip_attack"": false, ""input_split_check_adv"": {""enabled"": ""false""}, ""pgd_order"": ""skip""}, ""bab"": {""attack"": {""enabled"": false}, ""branching"": {""input_split"": {""update_rhs_with_attack"": false}}}}}, ""biccos_applicable"": true, ""biccos_effective"": false, ""derived_path"": ""scratch/rq1_2026_tmp/baselines/abcrown/tinyimagenet_2024/00188_214fd4e1c3e9e2652963_6elg8_x0/config.yaml"", ""deviations"": [""attack-off (user decision D20): all attack/falsification stages disabled, see config.attack.overrides"", ""float32: general.double_fp=false; solver.use_float64_in_last_iteration=false; stable_f32 interpreter""], ""mapping"": ""exact"", ""notes"": [], ""official"": ""exp_configs/vnncomp25/tinyimagenet.yaml"", ""official_biccos"": false, ""official_pgd_order"": ""middle"", ""variant"": ""official""}","[""attack-off (user decision D20): all attack/falsification stages disabled, see config.attack.overrides"", ""float32: general.double_fp=false; solver.use_float64_in_last_iteration=false; stable_f32 interpreter""]",,,89.0,30582.0,official_attack_off_f32,"[""abcrown"",""data/vnncomp2026/tinyimagenet_2024/1.0/onnx/TinyImageNet_resnet_medium.onnx"",""data/vnncomp2026/tinyimagenet_2024/1.0/vnnlib/TinyImageNet_resnet_medium_prop_idx_9512_sidx_8218_eps_0.0039.vnnlib"",100.0,""official_attack_off_f32""]",
tinyimagenet_2024,189,TinyImageNet_resnet_medium.onnx,TinyImageNet_resnet_medium_prop_idx_8013_sidx_2238_eps_0.0039.vnnlib,unsat,14.679727554321289,CERTIFIED,1,100.0,14.679727554321289,18.945,7.977,27.033105462789536,0,0,,,not a FALSIFIED row,0,scratch/logs/fse2026/abcrown/tinyimagenet_2024/00189_0d3b2fcd306dcb13ff74_am83a5tj.log,6b8bbcfac1c01da1cabd240a87e4dce1a65f5a2b,"{""attack"": {""attack_off"": true, ""hook_replacements"": {}, ""overrides"": {""attack"": {""enable_mip_attack"": false, ""input_split_check_adv"": {""enabled"": ""false""}, ""pgd_order"": ""skip""}, ""bab"": {""attack"": {""enabled"": false}, ""branching"": {""input_split"": {""update_rhs_with_attack"": false}}}}}, ""biccos_applicable"": true, ""biccos_effective"": false, ""derived_path"": ""scratch/rq1_2026_tmp/baselines/abcrown/tinyimagenet_2024/00189_0d3b2fcd306dcb13ff74_am83a5tj/config.yaml"", ""deviations"": [""attack-off (user decision D20): all attack/falsification stages disabled, see config.attack.overrides"", ""float32: general.double_fp=false; solver.use_float64_in_last_iteration=false; stable_f32 interpreter""], ""mapping"": ""exact"", ""notes"": [], ""official"": ""exp_configs/vnncomp25/tinyimagenet.yaml"", ""official_biccos"": false, ""official_pgd_order"": ""middle"", ""variant"": ""official""}","[""attack-off (user decision D20): all attack/falsification stages disabled, see config.attack.overrides"", ""float32: general.double_fp=false; solver.use_float64_in_last_iteration=false; stable_f32 interpreter""]",,,99.0,56985.0,official_attack_off_f32,"[""abcrown"",""data/vnncomp2026/tinyimagenet_2024/1.0/onnx/TinyImageNet_resnet_medium.onnx"",""data/vnncomp2026/tinyimagenet_2024/1.0/vnnlib/TinyImageNet_resnet_medium_prop_idx_8013_sidx_2238_eps_0.0039.vnnlib"",100.0,""official_attack_off_f32""]",
tinyimagenet_2024,190,TinyImageNet_resnet_medium.onnx,TinyImageNet_resnet_medium_prop_idx_9551_sidx_8658_eps_0.0039.vnnlib,unsat,3.3968284130096436,CERTIFIED,1,100.0,3.3968284130096436,7.728,7.929,15.772422261536121,0,0,,,not a FALSIFIED row,0,scratch/logs/fse2026/abcrown/tinyimagenet_2024/00190_c51060fbbee8fb3f4e6e_ner9pa2m.log,6b8bbcfac1c01da1cabd240a87e4dce1a65f5a2b,"{""attack"": {""attack_off"": true, ""hook_replacements"": {}, ""overrides"": {""attack"": {""enable_mip_attack"": false, ""input_split_check_adv"": {""enabled"": ""false""}, ""pgd_order"": ""skip""}, ""bab"": {""attack"": {""enabled"": false}, ""branching"": {""input_split"": {""update_rhs_with_attack"": false}}}}}, ""biccos_applicable"": true, ""biccos_effective"": false, ""derived_path"": ""scratch/rq1_2026_tmp/baselines/abcrown/tinyimagenet_2024/00190_c51060fbbee8fb3f4e6e_ner9pa2m/config.yaml"", ""deviations"": [""attack-off (user decision D20): all attack/falsification stages disabled, see config.attack.overrides"", ""float32: general.double_fp=false; solver.use_float64_in_last_iteration=false; stable_f32 interpreter""], ""mapping"": ""exact"", ""notes"": [], ""official"": ""exp_configs/vnncomp25/tinyimagenet.yaml"", ""official_biccos"": false, ""official_pgd_order"": ""middle"", ""variant"": ""official""}","[""attack-off (user decision D20): all attack/falsification stages disabled, see config.attack.overrides"", ""float32: general.double_fp=false; solver.use_float64_in_last_iteration=false; stable_f32 interpreter""]",,,100.0,39200.0,official_attack_off_f32,"[""abcrown"",""data/vnncomp2026/tinyimagenet_2024/1.0/onnx/TinyImageNet_resnet_medium.onnx"",""data/vnncomp2026/tinyimagenet_2024/1.0/vnnlib/TinyImageNet_resnet_medium_prop_idx_9551_sidx_8658_eps_0.0039.vnnlib"",100.0,""official_attack_off_f32""]",
tinyimagenet_2024,191,TinyImageNet_resnet_medium.onnx,TinyImageNet_resnet_medium_prop_idx_162_sidx_1236_eps_0.0039.vnnlib,timeout,114.8147041797638,TIMEOUT,0,100.0,114.8147041797638,118.729,7.331,126.16056493110955,1,0,,,not a FALSIFIED row,0,scratch/logs/fse2026/abcrown/tinyimagenet_2024/00191_be36f14ac1c108bb71b9_6a92r6yf.log,6b8bbcfac1c01da1cabd240a87e4dce1a65f5a2b,"{""attack"": {""attack_off"": true, ""hook_replacements"": {}, ""overrides"": {""attack"": {""enable_mip_attack"": false, ""input_split_check_adv"": {""enabled"": ""false""}, ""pgd_order"": ""skip""}, ""bab"": {""attack"": {""enabled"": false}, ""branching"": {""input_split"": {""update_rhs_with_attack"": false}}}}}, ""biccos_applicable"": true, ""biccos_effective"": false, ""derived_path"": ""scratch/rq1_2026_tmp/baselines/abcrown/tinyimagenet_2024/00191_be36f14ac1c108bb71b9_6a92r6yf/config.yaml"", ""deviations"": [""attack-off (user decision D20): all attack/falsification stages disabled, see config.attack.overrides"", ""float32: general.double_fp=false; solver.use_float64_in_last_iteration=false; stable_f32 interpreter""], ""mapping"": ""exact"", ""notes"": [], ""official"": ""exp_configs/vnncomp25/tinyimagenet.yaml"", ""official_biccos"": false, ""official_pgd_order"": ""middle"", ""variant"": ""official""}","[""attack-off (user decision D20): all attack/falsification stages disabled, see config.attack.overrides"", ""float32: general.double_fp=false; solver.use_float64_in_last_iteration=false; stable_f32 interpreter""]",,,36.0,34.0,official_attack_off_f32,"[""abcrown"",""data/vnncomp2026/tinyimagenet_2024/1.0/onnx/TinyImageNet_resnet_medium.onnx"",""data/vnncomp2026/tinyimagenet_2024/1.0/vnnlib/TinyImageNet_resnet_medium_prop_idx_162_sidx_1236_eps_0.0039.vnnlib"",100.0,""official_attack_off_f32""]",
tinyimagenet_2024,192,TinyImageNet_resnet_medium.onnx,TinyImageNet_resnet_medium_prop_idx_9443_sidx_9318_eps_0.0039.vnnlib,unsat,7.77582859992981,CERTIFIED,1,100.0,7.77582859992981,11.833,7.727,19.67641271650791,0,0,,,not a FALSIFIED row,0,scratch/logs/fse2026/abcrown/tinyimagenet_2024/00192_5ef4cb3b8b87f8ab4e4a_bp_m41q2.log,6b8bbcfac1c01da1cabd240a87e4dce1a65f5a2b,"{""attack"": {""attack_off"": true, ""hook_replacements"": {}, ""overrides"": {""attack"": {""enable_mip_attack"": false, ""input_split_check_adv"": {""enabled"": ""false""}, ""pgd_order"": ""skip""}, ""bab"": {""attack"": {""enabled"": false}, ""branching"": {""input_split"": {""update_rhs_with_attack"": false}}}}}, ""biccos_applicable"": true, ""biccos_effective"": false, ""derived_path"": ""scratch/rq1_2026_tmp/baselines/abcrown/tinyimagenet_2024/00192_5ef4cb3b8b87f8ab4e4a_bp_m41q2/config.yaml"", ""deviations"": [""attack-off (user decision D20): all attack/falsification stages disabled, see config.attack.overrides"", ""float32: general.double_fp=false; solver.use_float64_in_last_iteration=false; stable_f32 interpreter""], ""mapping"": ""exact"", ""notes"": [], ""official"": ""exp_configs/vnncomp25/tinyimagenet.yaml"", ""official_biccos"": false, ""official_pgd_order"": ""middle"", ""variant"": ""official""}","[""attack-off (user decision D20): all attack/falsification stages disabled, see config.attack.overrides"", ""float32: general.double_fp=false; solver.use_float64_in_last_iteration=false; stable_f32 interpreter""]",,,12.0,802.0,official_attack_off_f32,"[""abcrown"",""data/vnncomp2026/tinyimagenet_2024/1.0/onnx/TinyImageNet_resnet_medium.onnx"",""data/vnncomp2026/tinyimagenet_2024/1.0/vnnlib/TinyImageNet_resnet_medium_prop_idx_9443_sidx_9318_eps_0.0039.vnnlib"",100.0,""official_attack_off_f32""]",
tinyimagenet_2024,193,TinyImageNet_resnet_medium.onnx,TinyImageNet_resnet_medium_prop_idx_1368_sidx_2319_eps_0.0039.vnnlib,unsat,11.835645914077759,CERTIFIED,1,100.0,11.835645914077759,16.191,8.382,24.694679602980614,0,0,,,not a FALSIFIED row,0,scratch/logs/fse2026/abcrown/tinyimagenet_2024/00193_7fea3dd5113c92fc6237_gcrq_42q.log,6b8bbcfac1c01da1cabd240a87e4dce1a65f5a2b,"{""attack"": {""attack_off"": true, ""hook_replacements"": {}, ""overrides"": {""attack"": {""enable_mip_attack"": false, ""input_split_check_adv"": {""enabled"": ""false""}, ""pgd_order"": ""skip""}, ""bab"": {""attack"": {""enabled"": false}, ""branching"": {""input_split"": {""update_rhs_with_attack"": false}}}}}, ""biccos_applicable"": true, ""biccos_effective"": false, ""derived_path"": ""scratch/rq1_2026_tmp/baselines/abcrown/tinyimagenet_2024/00193_7fea3dd5113c92fc6237_gcrq_42q/config.yaml"", ""deviations"": [""attack-off (user decision D20): all attack/falsification stages disabled, see config.attack.overrides"", ""float32: general.double_fp=false; solver.use_float64_in_last_iteration=false; stable_f32 interpreter""], ""mapping"": ""exact"", ""notes"": [], ""official"": ""exp_configs/vnncomp25/tinyimagenet.yaml"", ""official_biccos"": false, ""official_pgd_order"": ""middle"", ""variant"": ""official""}","[""attack-off (user decision D20): all attack/falsification stages disabled, see config.attack.overrides"", ""float32: general.double_fp=false; solver.use_float64_in_last_iteration=false; stable_f32 interpreter""]",,,0.0,724.0,official_attack_off_f32,"[""abcrown"",""data/vnncomp2026/tinyimagenet_2024/1.0/onnx/TinyImageNet_resnet_medium.onnx"",""data/vnncomp2026/tinyimagenet_2024/1.0/vnnlib/TinyImageNet_resnet_medium_prop_idx_1368_sidx_2319_eps_0.0039.vnnlib"",100.0,""official_attack_off_f32""]",
tinyimagenet_2024,194,TinyImageNet_resnet_medium.onnx,TinyImageNet_resnet_medium_prop_idx_6906_sidx_5500_eps_0.0039.vnnlib,timeout,105.35204100608826,TIMEOUT,0,100.0,105.35204100608826,109.83,8.229,118.17630130238831,1,0,,,not a FALSIFIED row,0,scratch/logs/fse2026/abcrown/tinyimagenet_2024/00194_805c4e51c6ea9c86b175_rmmkv8os.log,6b8bbcfac1c01da1cabd240a87e4dce1a65f5a2b,"{""attack"": {""attack_off"": true, ""hook_replacements"": {}, ""overrides"": {""attack"": {""enable_mip_attack"": false, ""input_split_check_adv"": {""enabled"": ""false""}, ""pgd_order"": ""skip""}, ""bab"": {""attack"": {""enabled"": false}, ""branching"": {""input_split"": {""update_rhs_with_attack"": false}}}}}, ""biccos_applicable"": true, ""biccos_effective"": false, ""derived_path"": ""scratch/rq1_2026_tmp/baselines/abcrown/tinyimagenet_2024/00194_805c4e51c6ea9c86b175_rmmkv8os/config.yaml"", ""deviations"": [""attack-off (user decision D20): all attack/falsification stages disabled, see config.attack.overrides"", ""float32: general.double_fp=false; solver.use_float64_in_last_iteration=false; stable_f32 interpreter""], ""mapping"": ""exact"", ""notes"": [], ""official"": ""exp_configs/vnncomp25/tinyimagenet.yaml"", ""official_biccos"": false, ""official_pgd_order"": ""middle"", ""variant"": ""official""}","[""attack-off (user decision D20): all attack/falsification stages disabled, see config.attack.overrides"", ""float32: general.double_fp=false; solver.use_float64_in_last_iteration=false; stable_f32 interpreter""]",,,0.0,34.0,official_attack_off_f32,"[""abcrown"",""data/vnncomp2026/tinyimagenet_2024/1.0/onnx/TinyImageNet_resnet_medium.onnx"",""data/vnncomp2026/tinyimagenet_2024/1.0/vnnlib/TinyImageNet_resnet_medium_prop_idx_6906_sidx_5500_eps_0.0039.vnnlib"",100.0,""official_attack_off_f32""]",
tinyimagenet_2024,195,TinyImageNet_resnet_medium.onnx,TinyImageNet_resnet_medium_prop_idx_1333_sidx_7700_eps_0.0039.vnnlib,memout,,ERROR,0,100.0,,15.804,7.879,23.778349382802844,0,0,,,not a FALSIFIED row,-6,scratch/logs/fse2026/abcrown/tinyimagenet_2024/00195_abb8b2beb98ac54f1194_nhzc6vth.log,6b8bbcfac1c01da1cabd240a87e4dce1a65f5a2b,"{""attack"": {""attack_off"": true, ""hook_replacements"": {}, ""overrides"": {""attack"": {""enable_mip_attack"": false, ""input_split_check_adv"": {""enabled"": ""false""}, ""pgd_order"": ""skip""}, ""bab"": {""attack"": {""enabled"": false}, ""branching"": {""input_split"": {""update_rhs_with_attack"": false}}}}}, ""biccos_applicable"": true, ""biccos_effective"": false, ""derived_path"": ""scratch/rq1_2026_tmp/baselines/abcrown/tinyimagenet_2024/00195_abb8b2beb98ac54f1194_nhzc6vth/config.yaml"", ""deviations"": [""attack-off (user decision D20): all attack/falsification stages disabled, see config.attack.overrides"", ""float32: general.double_fp=false; solver.use_float64_in_last_iteration=false; stable_f32 interpreter""], ""mapping"": ""exact"", ""notes"": [], ""official"": ""exp_configs/vnncomp25/tinyimagenet.yaml"", ""official_biccos"": false, ""official_pgd_order"": ""middle"", ""variant"": ""official""}","[""attack-off (user decision D20): all attack/falsification stages disabled, see config.attack.overrides"", ""float32: general.double_fp=false; solver.use_float64_in_last_iteration=false; stable_f32 interpreter"", ""official CROWN crash retry; missing first-attempt tool clock means unscored (accounted wall+retry time retained separately)""]",memout,"warnings.warn(f""ONNX optimization failed with flags {onnx_optimization_flags}. Skipping optimization.\nError: {e}"")
torch.OutOfMemoryError: CUDA out of memory. Tried to allocate 598.00 MiB. GPU 0 has a total capacity of 94.95 GiB of which 423.50 MiB is free. Process 2128567 has 11.21 GiB memory in use. Process 1727351 has 80.54 GiB memory in use. Process 1745686 has 760.00 MiB memory in use. Including non-PyTorch memory, this process has 1.97 GiB memory in use. Of the allocated memory 944.10 MiB is allocated by PyTorch, and 393.90 MiB is reserved by PyTorch but unallocated. If reserved but unallocated memory is large try setting PYTORCH_CUDA_ALLOC_CONF=expandable_segments:True to avoid fragmentation.  See documentation for Memory Management  (https://pytorch.org/docs/stable/notes/cuda.html#environment-variables)
torch.AcceleratorError: CUDA error: device-side assert triggered
CUDA kernel errors might be asynchronously reported at some other API call, so the stacktrace below might be incorrect.
terminate called after throwing an instance of 'c10::Error'
what():  CUDA driver error: device-side assert triggered
Exception raised from ~FusedKernelCUDA at /pytorch/torch/csrc/jit/codegen/fuser/cuda/fused_kernel.cpp:242 (most recent call first):
frame #0: c10::Error::Error(c10::SourceLocation, std::__cxx11::basic_string<char, std::char_traits<char>, std::allocator<char> >) + 0x80 (0x771cf257eeb0 in ~/miniconda3/envs/abcrown_stable/lib/python3.11/site-packages/torch/lib/libc10.so)",100.0,94781.0,official_attack_off_f32,"[""abcrown"",""data/vnncomp2026/tinyimagenet_2024/1.0/onnx/TinyImageNet_resnet_medium.onnx"",""data/vnncomp2026/tinyimagenet_2024/1.0/vnnlib/TinyImageNet_resnet_medium_prop_idx_1333_sidx_7700_eps_0.0039.vnnlib"",100.0,""official_attack_off_f32""]",
tinyimagenet_2024,196,TinyImageNet_resnet_medium.onnx,TinyImageNet_resnet_medium_prop_idx_1435_sidx_655_eps_0.0039.vnnlib,unsat,4.018199920654297,CERTIFIED,1,100.0,4.018199920654297,7.727,7.426,15.268973983824253,0,0,,,not a FALSIFIED row,0,scratch/logs/fse2026/abcrown/tinyimagenet_2024/00196_63de4ab8ca44440b07bf_ckp7lela.log,6b8bbcfac1c01da1cabd240a87e4dce1a65f5a2b,"{""attack"": {""attack_off"": true, ""hook_replacements"": {}, ""overrides"": {""attack"": {""enable_mip_attack"": false, ""input_split_check_adv"": {""enabled"": ""false""}, ""pgd_order"": ""skip""}, ""bab"": {""attack"": {""enabled"": false}, ""branching"": {""input_split"": {""update_rhs_with_attack"": false}}}}}, ""biccos_applicable"": true, ""biccos_effective"": false, ""derived_path"": ""scratch/rq1_2026_tmp/baselines/abcrown/tinyimagenet_2024/00196_63de4ab8ca44440b07bf_ckp7lela/config.yaml"", ""deviations"": [""attack-off (user decision D20): all attack/falsification stages disabled, see config.attack.overrides"", ""float32: general.double_fp=false; solver.use_float64_in_last_iteration=false; stable_f32 interpreter""], ""mapping"": ""exact"", ""notes"": [], ""official"": ""exp_configs/vnncomp25/tinyimagenet.yaml"", ""official_biccos"": false, ""official_pgd_order"": ""middle"", ""variant"": ""official""}","[""attack-off (user decision D20): all attack/falsification stages disabled, see config.attack.overrides"", ""float32: general.double_fp=false; solver.use_float64_in_last_iteration=false; stable_f32 interpreter""]",,,99.0,3854.0,official_attack_off_f32,"[""abcrown"",""data/vnncomp2026/tinyimagenet_2024/1.0/onnx/TinyImageNet_resnet_medium.onnx"",""data/vnncomp2026/tinyimagenet_2024/1.0/vnnlib/TinyImageNet_resnet_medium_prop_idx_1435_sidx_655_eps_0.0039.vnnlib"",100.0,""official_attack_off_f32""]",
tinyimagenet_2024,197,TinyImageNet_resnet_medium.onnx,TinyImageNet_resnet_medium_prop_idx_5050_sidx_9269_eps_0.0039.vnnlib,unsat,9.620209693908691,CERTIFIED,1,100.0,9.620209693908691,13.736,7.827,21.679998748004436,0,0,,,not a FALSIFIED row,0,scratch/logs/fse2026/abcrown/tinyimagenet_2024/00197_ecd2dec3afd12f36b1b0_hciuppfe.log,6b8bbcfac1c01da1cabd240a87e4dce1a65f5a2b,"{""attack"": {""attack_off"": true, ""hook_replacements"": {}, ""overrides"": {""attack"": {""enable_mip_attack"": false, ""input_split_check_adv"": {""enabled"": ""false""}, ""pgd_order"": ""skip""}, ""bab"": {""attack"": {""enabled"": false}, ""branching"": {""input_split"": {""update_rhs_with_attack"": false}}}}}, ""biccos_applicable"": true, ""biccos_effective"": false, ""derived_path"": ""scratch/rq1_2026_tmp/baselines/abcrown/tinyimagenet_2024/00197_ecd2dec3afd12f36b1b0_hciuppfe/config.yaml"", ""deviations"": [""attack-off (user decision D20): all attack/falsification stages disabled, see config.attack.overrides"", ""float32: general.double_fp=false; solver.use_float64_in_last_iteration=false; stable_f32 interpreter""], ""mapping"": ""exact"", ""notes"": [], ""official"": ""exp_configs/vnncomp25/tinyimagenet.yaml"", ""official_biccos"": false, ""official_pgd_order"": ""middle"", ""variant"": ""official""}","[""attack-off (user decision D20): all attack/falsification stages disabled, see config.attack.overrides"", ""float32: general.double_fp=false; solver.use_float64_in_last_iteration=false; stable_f32 interpreter""]",,,99.0,35712.0,official_attack_off_f32,"[""abcrown"",""data/vnncomp2026/tinyimagenet_2024/1.0/onnx/TinyImageNet_resnet_medium.onnx"",""data/vnncomp2026/tinyimagenet_2024/1.0/vnnlib/TinyImageNet_resnet_medium_prop_idx_5050_sidx_9269_eps_0.0039.vnnlib"",100.0,""official_attack_off_f32""]",
tinyimagenet_2024,198,TinyImageNet_resnet_medium.onnx,TinyImageNet_resnet_medium_prop_idx_538_sidx_2467_eps_0.0039.vnnlib,unsat,2.8052945137023926,CERTIFIED,1,100.0,2.8052945137023926,6.877,7.778,14.771555306389928,0,0,,,not a FALSIFIED row,0,scratch/logs/fse2026/abcrown/tinyimagenet_2024/00198_7ab66ddba71c4ca4768f_p_osthzk.log,6b8bbcfac1c01da1cabd240a87e4dce1a65f5a2b,"{""attack"": {""attack_off"": true, ""hook_replacements"": {}, ""overrides"": {""attack"": {""enable_mip_attack"": false, ""input_split_check_adv"": {""enabled"": ""false""}, ""pgd_order"": ""skip""}, ""bab"": {""attack"": {""enabled"": false}, ""branching"": {""input_split"": {""update_rhs_with_attack"": false}}}}}, ""biccos_applicable"": true, ""biccos_effective"": false, ""derived_path"": ""scratch/rq1_2026_tmp/baselines/abcrown/tinyimagenet_2024/00198_7ab66ddba71c4ca4768f_p_osthzk/config.yaml"", ""deviations"": [""attack-off (user decision D20): all attack/falsification stages disabled, see config.attack.overrides"", ""float32: general.double_fp=false; solver.use_float64_in_last_iteration=false; stable_f32 interpreter""], ""mapping"": ""exact"", ""notes"": [], ""official"": ""exp_configs/vnncomp25/tinyimagenet.yaml"", ""official_biccos"": false, ""official_pgd_order"": ""middle"", ""variant"": ""official""}","[""attack-off (user decision D20): all attack/falsification stages disabled, see config.attack.overrides"", ""float32: general.double_fp=false; solver.use_float64_in_last_iteration=false; stable_f32 interpreter""]",,,100.0,21948.0,official_attack_off_f32,"[""abcrown"",""data/vnncomp2026/tinyimagenet_2024/1.0/onnx/TinyImageNet_resnet_medium.onnx"",""data/vnncomp2026/tinyimagenet_2024/1.0/vnnlib/TinyImageNet_resnet_medium_prop_idx_538_sidx_2467_eps_0.0039.vnnlib"",100.0,""official_attack_off_f32""]",
tinyimagenet_2024,199,TinyImageNet_resnet_medium.onnx,TinyImageNet_resnet_medium_prop_idx_2148_sidx_65_eps_0.0039.vnnlib,unsat,19.750731945037842,CERTIFIED,1,100.0,19.750731945037842,23.754,7.927,31.812149493023753,0,0,,,not a FALSIFIED row,0,scratch/logs/fse2026/abcrown/tinyimagenet_2024/00199_f9c28925616aa4c92bfe_6n7s3ih4.log,6b8bbcfac1c01da1cabd240a87e4dce1a65f5a2b,"{""attack"": {""attack_off"": true, ""hook_replacements"": {}, ""overrides"": {""attack"": {""enable_mip_attack"": false, ""input_split_check_adv"": {""enabled"": ""false""}, ""pgd_order"": ""skip""}, ""bab"": {""attack"": {""enabled"": false}, ""branching"": {""input_split"": {""update_rhs_with_attack"": false}}}}}, ""biccos_applicable"": true, ""biccos_effective"": false, ""derived_path"": ""scratch/rq1_2026_tmp/baselines/abcrown/tinyimagenet_2024/00199_f9c28925616aa4c92bfe_6n7s3ih4/config.yaml"", ""deviations"": [""attack-off (user decision D20): all attack/falsification stages disabled, see config.attack.overrides"", ""float32: general.double_fp=false; solver.use_float64_in_last_iteration=false; stable_f32 interpreter""], ""mapping"": ""exact"", ""notes"": [], ""official"": ""exp_configs/vnncomp25/tinyimagenet.yaml"", ""official_biccos"": false, ""official_pgd_order"": ""middle"", ""variant"": ""official""}","[""attack-off (user decision D20): all attack/falsification stages disabled, see config.attack.overrides"", ""float32: general.double_fp=false; solver.use_float64_in_last_iteration=false; stable_f32 interpreter""]",,,0.0,37.0,official_attack_off_f32,"[""abcrown"",""data/vnncomp2026/tinyimagenet_2024/1.0/onnx/TinyImageNet_resnet_medium.onnx"",""data/vnncomp2026/tinyimagenet_2024/1.0/vnnlib/TinyImageNet_resnet_medium_prop_idx_2148_sidx_65_eps_0.0039.vnnlib"",100.0,""official_attack_off_f32""]",
