dataset,row,onnx,vnnlib,query,result,time_sec,status,solved,timeout_s,verification_s,timeout_clock_s,wall_s,process_wall_s,over_timeout,nodes,exhausted_budget_nodes,witness_n,witness_valid,witness_valid_1e6,witness_rho,gpu_peak_mib,peak_rss_mb,runner_state,exit_code,row_config,run_id,log_path
safenlp_2024,0,perturbations_0.onnx,hyperrectangle_257.vnnlib,,sat,0.315849844,FALSIFIED,1,20.0,0.315849844,0.326270226,3.123319922015071,3.08,0,1,,1,False,True,6.080082382009522e-09,17.3,1767.5,completed,0,climb_fsb,c632e95c1fb45b4fad8c,scratch/logs/fse2026/climb_fsb/safenlp_2024/e1_c632e95c1fb45b4fad8c.log
safenlp_2024,1,perturbations_0.onnx,hyperrectangle_355.vnnlib,,unsat,0.135462824,CERTIFIED,1,20.0,0.135462824,0.146050029,2.8194005228579044,2.81,0,,,0,,,,9.3,1569.1,completed,0,climb_fsb,ea22a5b7fd03cd1a105a,scratch/logs/fse2026/climb_fsb/safenlp_2024/e1_ea22a5b7fd03cd1a105a.log
safenlp_2024,2,perturbations_0.onnx,hyperrectangle_557.vnnlib,,unsat,0.127826322,CERTIFIED,1,20.0,0.127826322,0.138830272,2.919792979955673,2.91,0,,,0,,,,9.3,1546.2,completed,0,climb_fsb,0e8d0d0b084f80bea89e,scratch/logs/fse2026/climb_fsb/safenlp_2024/e1_0e8d0d0b084f80bea89e.log
safenlp_2024,3,perturbations_0.onnx,hyperrectangle_265.vnnlib,,unsat,11.234265599,CERTIFIED,1,20.0,11.234265599,11.24438725,27.01362263970077,27.0,1,526,False,0,,,,42.4,1993.9,completed,0,climb_fsb,95353900cef5f728c5b4,scratch/logs/fse2026/climb_fsb/safenlp_2024/e1_95353900cef5f728c5b4.log
safenlp_2024,4,perturbations_0.onnx,hyperrectangle_6763.vnnlib,,sat,0.327260938,FALSIFIED,1,20.0,0.327260938,0.337447034,3.2200150731951,3.17,0,1,,1,False,True,6.862159618314934e-09,17.3,1765.9,completed,0,climb_fsb,a32a667471f38fb405cd,scratch/logs/fse2026/climb_fsb/safenlp_2024/e1_a32a667471f38fb405cd.log
safenlp_2024,5,perturbations_0.onnx,hyperrectangle_118.vnnlib,,sat,0.436122082,FALSIFIED,1,20.0,0.436122082,0.446359852,3.1218446101993322,3.09,0,3,,1,False,True,2.7408264408057548e-09,18.8,1918.6,completed,0,climb_fsb,141ddcbf9e733d440b52,scratch/logs/fse2026/climb_fsb/safenlp_2024/e1_141ddcbf9e733d440b52.log
safenlp_2024,6,perturbations_0.onnx,hyperrectangle_3732.vnnlib,,sat,0.437719742,FALSIFIED,1,20.0,0.437719742,0.448415576,3.2708550430834293,3.26,0,3,,1,False,True,2.277132482575439e-09,18.8,1915.4,completed,0,climb_fsb,7e990b26d40025a6f901,scratch/logs/fse2026/climb_fsb/safenlp_2024/e1_7e990b26d40025a6f901.log
safenlp_2024,7,perturbations_0.onnx,hyperrectangle_4400.vnnlib,,sat,0.693748889,FALSIFIED,1,20.0,0.693748889,0.704095166,9.382741590961814,9.35,0,1,,1,False,True,6.3545139150633645e-09,17.3,1790.2,completed,0,climb_fsb,9387f889163fced63166,scratch/logs/fse2026/climb_fsb/safenlp_2024/e1_9387f889163fced63166.log
safenlp_2024,8,perturbations_0.onnx,hyperrectangle_3561.vnnlib,,sat,0.332028262,FALSIFIED,1,20.0,0.332028262,0.342721349,3.169580390676856,3.16,0,1,,1,False,True,6.863363100073627e-09,17.3,1773.0,completed,0,climb_fsb,f0db4420380bcd3f07fc,scratch/logs/fse2026/climb_fsb/safenlp_2024/e1_f0db4420380bcd3f07fc.log
safenlp_2024,9,perturbations_0.onnx,hyperrectangle_6550.vnnlib,,sat,0.368284918,FALSIFIED,1,20.0,0.368284918,0.378994921,3.7213696632534266,3.69,0,1,,1,False,True,4.244574469680629e-09,17.3,1767.0,completed,0,climb_fsb,c84ace2d125ce0580be7,scratch/logs/fse2026/climb_fsb/safenlp_2024/e1_c84ace2d125ce0580be7.log
safenlp_2024,10,perturbations_0.onnx,hyperrectangle_2722.vnnlib,,sat,0.489418188,FALSIFIED,1,20.0,0.489418188,0.499973163,3.320307308807969,3.29,0,7,,1,False,True,7.55754420156407e-09,20.2,1951.3,completed,0,climb_fsb,c0d5b95aea054f104bf7,scratch/logs/fse2026/climb_fsb/safenlp_2024/e1_c0d5b95aea054f104bf7.log
safenlp_2024,11,perturbations_0.onnx,hyperrectangle_7164.vnnlib,,sat,0.561673991,FALSIFIED,1,20.0,0.561673991,0.572160171,3.3698820248246193,3.32,0,31,,1,False,True,1.1567757196573325e-08,28.8,1950.0,completed,0,climb_fsb,3ba4f2bbcac9d37a0c1f,scratch/logs/fse2026/climb_fsb/safenlp_2024/e1_3ba4f2bbcac9d37a0c1f.log
safenlp_2024,12,perturbations_0.onnx,hyperrectangle_1868.vnnlib,,sat,0.687163303,FALSIFIED,1,20.0,0.687163303,0.69815198,4.622501855716109,4.57,0,1,,1,False,True,4.759881822025136e-09,17.3,1767.3,completed,0,climb_fsb,0f681e5080fb2d418116,scratch/logs/fse2026/climb_fsb/safenlp_2024/e1_0f681e5080fb2d418116.log
safenlp_2024,13,perturbations_0.onnx,hyperrectangle_5619.vnnlib,,sat,0.333258428,FALSIFIED,1,20.0,0.333258428,0.343520358,7.93067891150713,7.92,0,1,,1,False,True,1.0430670493999372e-08,17.3,1770.6,completed,0,climb_fsb,9c36b09eacd262cfeb5b,scratch/logs/fse2026/climb_fsb/safenlp_2024/e1_9c36b09eacd262cfeb5b.log
safenlp_2024,14,perturbations_0.onnx,hyperrectangle_3222.vnnlib,,sat,0.48876773,FALSIFIED,1,20.0,0.48876773,0.499887066,3.771344853565097,3.73,0,1,,1,False,True,8.63667093398135e-09,17.3,1781.7,completed,0,climb_fsb,6a3e5c9e3c4cce330f7d,scratch/logs/fse2026/climb_fsb/safenlp_2024/e1_6a3e5c9e3c4cce330f7d.log
safenlp_2024,15,perturbations_0.onnx,hyperrectangle_7432.vnnlib,,sat,0.423381802,FALSIFIED,1,20.0,0.423381802,0.433870137,4.722976919263601,4.68,0,3,,1,False,True,3.580445620543493e-09,18.8,1923.2,completed,0,climb_fsb,9d1b57108c370bee49d0,scratch/logs/fse2026/climb_fsb/safenlp_2024/e1_9d1b57108c370bee49d0.log
safenlp_2024,16,perturbations_0.onnx,hyperrectangle_4617.vnnlib,,unknown,23.978579063,UNKNOWN,0,20.0,23.978579063,23.989135921,26.915947502478957,26.86,1,16387,False,0,,,,750.4,2012.0,completed,0,climb_fsb,4d7d2f64089617650f1b,scratch/logs/fse2026/climb_fsb/safenlp_2024/e1_4d7d2f64089617650f1b.log
safenlp_2024,17,perturbations_0.onnx,hyperrectangle_2491.vnnlib,,sat,0.306565959,FALSIFIED,1,20.0,0.306565959,0.317000123,3.1207033041864634,3.09,0,1,,1,False,True,7.217369757395176e-09,17.3,1790.4,completed,0,climb_fsb,756254085cb29674cd4f,scratch/logs/fse2026/climb_fsb/safenlp_2024/e1_756254085cb29674cd4f.log
safenlp_2024,18,perturbations_0.onnx,hyperrectangle_2678.vnnlib,,unsat,0.145787075,CERTIFIED,1,20.0,0.145787075,0.156024061,8.028953967615962,8.0,0,,,0,,,,9.3,1546.7,completed,0,climb_fsb,af729cb331ecc40c82d2,scratch/logs/fse2026/climb_fsb/safenlp_2024/e1_af729cb331ecc40c82d2.log
safenlp_2024,19,perturbations_0.onnx,hyperrectangle_2532.vnnlib,,sat,0.522230046,FALSIFIED,1,20.0,0.522230046,0.532828087,3.7703227177262306,3.75,0,15,,1,False,True,6.5423280126708505e-09,23.1,1978.9,completed,0,climb_fsb,9311d92892abcd05d26c,scratch/logs/fse2026/climb_fsb/safenlp_2024/e1_9311d92892abcd05d26c.log
safenlp_2024,20,perturbations_0.onnx,hyperrectangle_2752.vnnlib,,unsat,0.428704118,CERTIFIED,1,20.0,0.428704118,0.438263476,3.069772832095623,3.04,0,3,,0,,,,18.8,1953.2,completed,0,climb_fsb,6141f051da46ee029ce6,scratch/logs/fse2026/climb_fsb/safenlp_2024/e1_6141f051da46ee029ce6.log
safenlp_2024,21,perturbations_0.onnx,hyperrectangle_6181.vnnlib,,sat,0.330225779,FALSIFIED,1,20.0,0.330225779,0.340654209,3.019676595926285,2.97,0,1,,1,False,True,3.630756029160409e-09,17.3,1767.6,completed,0,climb_fsb,50ea0b0837d5e1296a15,scratch/logs/fse2026/climb_fsb/safenlp_2024/e1_50ea0b0837d5e1296a15.log
safenlp_2024,22,perturbations_0.onnx,hyperrectangle_2512.vnnlib,,unsat,0.13294802,CERTIFIED,1,20.0,0.13294802,0.143238671,3.421172333881259,3.4,0,,,0,,,,9.3,1560.4,completed,0,climb_fsb,6f7ba8dca06b6c195211,scratch/logs/fse2026/climb_fsb/safenlp_2024/e1_6f7ba8dca06b6c195211.log
safenlp_2024,23,perturbations_0.onnx,hyperrectangle_703.vnnlib,,sat,1.278033422,FALSIFIED,1,20.0,1.278033422,1.288913801,4.171364296227694,4.12,0,25,,1,False,True,8.201987256040155e-09,25.9,1952.9,completed,0,climb_fsb,7a945c24f51b2efef4d5,scratch/logs/fse2026/climb_fsb/safenlp_2024/e1_7a945c24f51b2efef4d5.log
safenlp_2024,24,perturbations_0.onnx,hyperrectangle_1877.vnnlib,,sat,0.319023665,FALSIFIED,1,20.0,0.319023665,0.329501806,3.119526593014598,3.08,0,1,,1,False,True,6.441643413124254e-09,17.3,1767.5,completed,0,climb_fsb,fa6a1557367c5ae5257d,scratch/logs/fse2026/climb_fsb/safenlp_2024/e1_fa6a1557367c5ae5257d.log
safenlp_2024,25,perturbations_0.onnx,hyperrectangle_440.vnnlib,,sat,0.309032831,FALSIFIED,1,20.0,0.309032831,0.31874836,3.8717841636389494,3.85,0,1,,1,False,True,7.303956550686053e-09,17.3,1767.5,completed,0,climb_fsb,31133f9d2ca6b938ddee,scratch/logs/fse2026/climb_fsb/safenlp_2024/e1_31133f9d2ca6b938ddee.log
safenlp_2024,26,perturbations_0.onnx,hyperrectangle_4938.vnnlib,,sat,3.219091633,FALSIFIED,1,20.0,3.219091633,3.229444217,9.23281641677022,9.18,0,185,,1,False,True,1.3566782641749597e-08,46.0,2001.8,completed,0,climb_fsb,4a8bc26e9b6e9ee14dab,scratch/logs/fse2026/climb_fsb/safenlp_2024/e1_4a8bc26e9b6e9ee14dab.log
safenlp_2024,27,perturbations_0.onnx,hyperrectangle_2147.vnnlib,,unsat,3.615668399,CERTIFIED,1,20.0,3.615668399,3.625792116,8.72975611872971,8.7,0,57,,0,,,,23.1,2004.3,completed,0,climb_fsb,96464386aac43e2a4787,scratch/logs/fse2026/climb_fsb/safenlp_2024/e1_96464386aac43e2a4787.log
safenlp_2024,28,perturbations_0.onnx,hyperrectangle_2999.vnnlib,,unsat,0.712348601,CERTIFIED,1,20.0,0.712348601,0.722667903,4.424413012340665,4.37,0,30,,0,,,,23.1,2000.8,completed,0,climb_fsb,6fa4391829a5362d24a2,scratch/logs/fse2026/climb_fsb/safenlp_2024/e1_6fa4391829a5362d24a2.log
safenlp_2024,29,perturbations_0.onnx,hyperrectangle_2982.vnnlib,,sat,0.278273508,FALSIFIED,1,20.0,0.278273508,0.288565824,3.02065547183156,2.98,0,1,,1,False,True,5.9049883038841955e-09,17.3,1767.4,completed,0,climb_fsb,6b3e4fc113b4f371c755,scratch/logs/fse2026/climb_fsb/safenlp_2024/e1_6b3e4fc113b4f371c755.log
safenlp_2024,30,perturbations_0.onnx,hyperrectangle_4779.vnnlib,,unsat,0.65282152,CERTIFIED,1,20.0,0.65282152,0.663192136,3.471093028783798,3.42,0,11,,0,,,,18.8,1993.9,completed,0,climb_fsb,959497bebcae54c80a97,scratch/logs/fse2026/climb_fsb/safenlp_2024/e1_959497bebcae54c80a97.log
safenlp_2024,31,perturbations_0.onnx,hyperrectangle_3826.vnnlib,,unsat,0.914805267,CERTIFIED,1,20.0,0.914805267,0.925233135,3.723213290795684,3.7,0,67,,0,,,,28.8,2034.5,completed,0,climb_fsb,fc631324c8a1bdf632d8,scratch/logs/fse2026/climb_fsb/safenlp_2024/e1_fc631324c8a1bdf632d8.log
safenlp_2024,32,perturbations_0.onnx,hyperrectangle_6603.vnnlib,,sat,0.689053813,FALSIFIED,1,20.0,0.689053813,0.699411614,8.680190684273839,8.67,0,1,,1,False,True,7.279654795633306e-09,17.3,1766.9,completed,0,climb_fsb,4a0d15675b514ef53d91,scratch/logs/fse2026/climb_fsb/safenlp_2024/e1_4a0d15675b514ef53d91.log
safenlp_2024,33,perturbations_0.onnx,hyperrectangle_6463.vnnlib,,sat,0.314665781,FALSIFIED,1,20.0,0.314665781,0.325322237,3.6723486743867397,3.66,0,1,,1,False,True,3.724319866393877e-09,17.3,1770.8,completed,0,climb_fsb,da747d98da3a74c1cdd0,scratch/logs/fse2026/climb_fsb/safenlp_2024/e1_da747d98da3a74c1cdd0.log
safenlp_2024,34,perturbations_0.onnx,hyperrectangle_7577.vnnlib,,sat,0.366752952,FALSIFIED,1,20.0,0.366752952,0.377617825,3.270902808755636,3.26,0,1,,1,False,True,6.476106428898731e-09,17.3,1789.6,completed,0,climb_fsb,04db7cd63b615f57825a,scratch/logs/fse2026/climb_fsb/safenlp_2024/e1_04db7cd63b615f57825a.log
safenlp_2024,35,perturbations_0.onnx,hyperrectangle_6251.vnnlib,,sat,0.335403236,FALSIFIED,1,20.0,0.335403236,0.345610429,3.069775391370058,3.03,0,1,,1,False,True,5.337784825254488e-09,17.3,1768.0,completed,0,climb_fsb,89c59af003568d176d93,scratch/logs/fse2026/climb_fsb/safenlp_2024/e1_89c59af003568d176d93.log
safenlp_2024,36,perturbations_0.onnx,hyperrectangle_3787.vnnlib,,unsat,1.793136295,CERTIFIED,1,20.0,1.793136295,1.803547174,4.721578128635883,4.69,0,9,,0,,,,18.8,1993.1,completed,0,climb_fsb,be0d19ad544fec38fbc0,scratch/logs/fse2026/climb_fsb/safenlp_2024/e1_be0d19ad544fec38fbc0.log
safenlp_2024,37,perturbations_0.onnx,hyperrectangle_3400.vnnlib,,unsat,10.447705723,CERTIFIED,1,20.0,10.447705723,10.458052639,23.65804533660412,23.65,1,2751,False,0,,,,118.9,2000.3,completed,0,climb_fsb,64e4aecf9b1e0ab29056,scratch/logs/fse2026/climb_fsb/safenlp_2024/e1_64e4aecf9b1e0ab29056.log
safenlp_2024,38,perturbations_0.onnx,hyperrectangle_6580.vnnlib,,sat,0.335705662,FALSIFIED,1,20.0,0.335705662,0.346187482,3.1212945468723774,3.09,0,1,,1,False,True,5.449708545546272e-09,17.3,1770.8,completed,0,climb_fsb,0f1ce63fdd45bfe83e12,scratch/logs/fse2026/climb_fsb/safenlp_2024/e1_0f1ce63fdd45bfe83e12.log
safenlp_2024,39,perturbations_0.onnx,hyperrectangle_3758.vnnlib,,unsat,0.130819637,CERTIFIED,1,20.0,0.130819637,0.142001931,2.9200977124273777,2.88,0,,,0,,,,9.3,1548.8,completed,0,climb_fsb,62f38497680e109b4e16,scratch/logs/fse2026/climb_fsb/safenlp_2024/e1_62f38497680e109b4e16.log
safenlp_2024,40,perturbations_0.onnx,hyperrectangle_1023.vnnlib,,sat,0.320735019,FALSIFIED,1,20.0,0.320735019,0.331364632,3.1707300040870905,3.13,0,1,,1,False,True,6.372976757429427e-09,17.3,1771.1,completed,0,climb_fsb,1f7ff0e5f510db6415e6,scratch/logs/fse2026/climb_fsb/safenlp_2024/e1_1f7ff0e5f510db6415e6.log
safenlp_2024,41,perturbations_0.onnx,hyperrectangle_7477.vnnlib,,sat,1.357692149,FALSIFIED,1,20.0,1.357692149,1.367827736,24.858154874294996,24.81,1,1,,1,False,True,8.104602933212135e-09,17.3,1781.8,completed,0,climb_fsb,62f3a379b839b1812b1e,scratch/logs/fse2026/climb_fsb/safenlp_2024/e1_62f3a379b839b1812b1e.log
safenlp_2024,42,perturbations_0.onnx,hyperrectangle_963.vnnlib,,sat,0.312395241,FALSIFIED,1,20.0,0.312395241,0.322993081,5.274536008015275,5.24,0,1,,1,False,True,5.269548075670372e-09,17.3,1781.8,completed,0,climb_fsb,adfba40d86aad1e01c06,scratch/logs/fse2026/climb_fsb/safenlp_2024/e1_adfba40d86aad1e01c06.log
safenlp_2024,43,perturbations_0.onnx,hyperrectangle_2504.vnnlib,,unsat,0.556576965,CERTIFIED,1,20.0,0.556576965,0.567112941,3.8713717367500067,3.86,0,7,,0,,,,18.8,1975.9,completed,0,climb_fsb,36afefe491d8e8edf6d5,scratch/logs/fse2026/climb_fsb/safenlp_2024/e1_36afefe491d8e8edf6d5.log
safenlp_2024,44,perturbations_0.onnx,hyperrectangle_7843.vnnlib,,sat,0.39219439,FALSIFIED,1,20.0,0.39219439,0.402773218,3.72065756469965,3.67,0,1,,1,False,True,6.613378206177245e-09,17.3,1801.5,completed,0,climb_fsb,a408ab339b5a79c626f1,scratch/logs/fse2026/climb_fsb/safenlp_2024/e1_a408ab339b5a79c626f1.log
safenlp_2024,45,perturbations_0.onnx,hyperrectangle_7245.vnnlib,,sat,0.558319405,FALSIFIED,1,20.0,0.558319405,0.568747949,3.31999085098505,3.3,0,3,,1,False,True,6.7704184480987806e-09,18.8,1918.8,completed,0,climb_fsb,fc2db60c2b9172f11826,scratch/logs/fse2026/climb_fsb/safenlp_2024/e1_fc2db60c2b9172f11826.log
safenlp_2024,46,perturbations_0.onnx,hyperrectangle_3030.vnnlib,,unsat,0.706074892,CERTIFIED,1,20.0,0.706074892,0.71647332,3.4700861740857363,3.45,0,23,,0,,,,21.6,1995.6,completed,0,climb_fsb,e4fef780728f7133926a,scratch/logs/fse2026/climb_fsb/safenlp_2024/e1_e4fef780728f7133926a.log
safenlp_2024,47,perturbations_0.onnx,hyperrectangle_1523.vnnlib,,sat,0.344086993,FALSIFIED,1,20.0,0.344086993,0.354700338,3.119987839832902,3.11,0,1,,1,False,True,5.914445572186011e-09,17.3,1771.3,completed,0,climb_fsb,fb0c4ce3396cfa0a53c6,scratch/logs/fse2026/climb_fsb/safenlp_2024/e1_fb0c4ce3396cfa0a53c6.log
safenlp_2024,48,perturbations_0.onnx,hyperrectangle_4339.vnnlib,,sat,0.961908218,FALSIFIED,1,20.0,0.961908218,0.972134275,9.285624774172902,9.23,0,175,,1,False,True,4.807893333458324e-09,45.9,1996.8,completed,0,climb_fsb,641a2c6f4b4bcdcdda7f,scratch/logs/fse2026/climb_fsb/safenlp_2024/e1_641a2c6f4b4bcdcdda7f.log
safenlp_2024,49,perturbations_0.onnx,hyperrectangle_3282.vnnlib,,sat,0.648289613,FALSIFIED,1,20.0,0.648289613,0.658684105,8.929571775719523,8.91,0,1,,1,False,True,6.3358054358531035e-09,17.3,1773.1,completed,0,climb_fsb,88f605dc924860e79385,scratch/logs/fse2026/climb_fsb/safenlp_2024/e1_88f605dc924860e79385.log
safenlp_2024,50,perturbations_0.onnx,hyperrectangle_1265.vnnlib,,sat,1.012134703,FALSIFIED,1,20.0,1.012134703,1.02236014,9.12998989969492,9.1,0,7,,1,False,True,6.565978261097172e-09,20.2,1951.1,completed,0,climb_fsb,af942540b7154a292208,scratch/logs/fse2026/climb_fsb/safenlp_2024/e1_af942540b7154a292208.log
safenlp_2024,51,perturbations_0.onnx,hyperrectangle_2268.vnnlib,,sat,0.639098581,FALSIFIED,1,20.0,0.639098581,0.649264941,8.831197068095207,8.78,0,1,,1,False,True,7.874279617237079e-09,17.3,1770.4,completed,0,climb_fsb,1128bf6e0c8da70cdba3,scratch/logs/fse2026/climb_fsb/safenlp_2024/e1_1128bf6e0c8da70cdba3.log
safenlp_2024,52,perturbations_0.onnx,hyperrectangle_4128.vnnlib,,sat,0.386146326,FALSIFIED,1,20.0,0.386146326,0.39656991,8.477853113785386,8.43,0,1,,1,False,True,7.410936253560152e-09,17.3,1771.1,completed,0,climb_fsb,c5bcaabcfea8848e4f0f,scratch/logs/fse2026/climb_fsb/safenlp_2024/e1_c5bcaabcfea8848e4f0f.log
safenlp_2024,53,perturbations_0.onnx,hyperrectangle_6563.vnnlib,,sat,0.380609255,FALSIFIED,1,20.0,0.380609255,0.391340489,3.6702506598085165,3.63,0,1,,1,False,True,7.411097013854118e-09,17.3,1765.1,completed,0,climb_fsb,3ae86a7178e2c9c43cb2,scratch/logs/fse2026/climb_fsb/safenlp_2024/e1_3ae86a7178e2c9c43cb2.log
safenlp_2024,54,perturbations_0.onnx,hyperrectangle_3805.vnnlib,,sat,0.43360211,FALSIFIED,1,20.0,0.43360211,0.444219589,3.7223402056843042,3.68,0,1,,1,False,True,1.3561420875163321e-08,17.3,1772.4,completed,0,climb_fsb,1e1dca8a5218211cb371,scratch/logs/fse2026/climb_fsb/safenlp_2024/e1_1e1dca8a5218211cb371.log
safenlp_2024,55,perturbations_0.onnx,hyperrectangle_5356.vnnlib,,sat,0.649132449,FALSIFIED,1,20.0,0.649132449,0.659379333,3.9713288247585297,3.95,0,1,,1,False,True,6.709126448845026e-09,17.3,1769.5,completed,0,climb_fsb,eeb2732435631c3dc7be,scratch/logs/fse2026/climb_fsb/safenlp_2024/e1_eeb2732435631c3dc7be.log
safenlp_2024,56,perturbations_0.onnx,hyperrectangle_280.vnnlib,,unsat,3.465170683,CERTIFIED,1,20.0,3.465170683,3.476076044,9.179696464911103,9.15,0,618,False,0,,,,44.5,2020.1,completed,0,climb_fsb,75590cfd32671ba9d860,scratch/logs/fse2026/climb_fsb/safenlp_2024/e1_75590cfd32671ba9d860.log
safenlp_2024,57,perturbations_0.onnx,hyperrectangle_4010.vnnlib,,sat,0.379504096,FALSIFIED,1,20.0,0.379504096,0.389687939,3.4701092038303614,3.44,0,1,,1,False,True,1.4148846649852942e-08,17.3,1766.9,completed,0,climb_fsb,5e761fcba7341eafd1e3,scratch/logs/fse2026/climb_fsb/safenlp_2024/e1_5e761fcba7341eafd1e3.log
safenlp_2024,58,perturbations_0.onnx,hyperrectangle_5677.vnnlib,,sat,0.311985938,FALSIFIED,1,20.0,0.311985938,0.322181664,4.425894159823656,4.4,0,1,,1,False,True,1.3342541571592648e-08,17.3,1784.4,completed,0,climb_fsb,329087d23473291738de,scratch/logs/fse2026/climb_fsb/safenlp_2024/e1_329087d23473291738de.log
safenlp_2024,59,perturbations_0.onnx,hyperrectangle_7032.vnnlib,,sat,0.314562993,FALSIFIED,1,20.0,0.314562993,0.324902711,3.3198560792952776,3.31,0,1,,1,False,True,1.332059973435662e-08,17.3,1768.5,completed,0,climb_fsb,9c6c354690dbd7d5343b,scratch/logs/fse2026/climb_fsb/safenlp_2024/e1_9c6c354690dbd7d5343b.log
safenlp_2024,60,perturbations_0.onnx,hyperrectangle_2900.vnnlib,,unsat,1.366883531,CERTIFIED,1,20.0,1.366883531,1.376634695,5.324944127351046,5.31,0,120,,0,,,,27.4,2016.5,completed,0,climb_fsb,0e8dbfe31921bc2f1b54,scratch/logs/fse2026/climb_fsb/safenlp_2024/e1_0e8dbfe31921bc2f1b54.log
safenlp_2024,61,perturbations_0.onnx,hyperrectangle_6784.vnnlib,,sat,0.313574849,FALSIFIED,1,20.0,0.313574849,0.324105797,4.672677561640739,4.62,0,1,,1,False,True,6.8506561534675825e-09,17.3,1790.6,completed,0,climb_fsb,eae3f19daa2e23840845,scratch/logs/fse2026/climb_fsb/safenlp_2024/e1_eae3f19daa2e23840845.log
safenlp_2024,62,perturbations_0.onnx,hyperrectangle_5236.vnnlib,,sat,2.639303785,FALSIFIED,1,20.0,2.639303785,2.649572976,8.228376053273678,8.19,0,31,,1,False,True,1.1619124995476682e-08,28.8,1955.0,completed,0,climb_fsb,b3972cdffb05ec02270d,scratch/logs/fse2026/climb_fsb/safenlp_2024/e1_b3972cdffb05ec02270d.log
safenlp_2024,63,perturbations_0.onnx,hyperrectangle_585.vnnlib,,unsat,0.131825322,CERTIFIED,1,20.0,0.131825322,0.142786905,2.769880797713995,2.74,0,,,0,,,,9.3,1550.4,completed,0,climb_fsb,421d692c1f7dd88842ed,scratch/logs/fse2026/climb_fsb/safenlp_2024/e1_421d692c1f7dd88842ed.log
safenlp_2024,64,perturbations_0.onnx,hyperrectangle_3507.vnnlib,,sat,0.325072046,FALSIFIED,1,20.0,0.325072046,0.336525703,3.2705541532486677,3.22,0,1,,1,False,True,6.7912848678020055e-09,17.3,1766.2,completed,0,climb_fsb,15a63fc95696d389c539,scratch/logs/fse2026/climb_fsb/safenlp_2024/e1_15a63fc95696d389c539.log
safenlp_2024,65,perturbations_0.onnx,hyperrectangle_134.vnnlib,,unsat,0.12580733,CERTIFIED,1,20.0,0.12580733,0.136289259,2.868634171783924,2.84,0,,,0,,,,9.3,1544.9,completed,0,climb_fsb,c4f222080d2e0d058722,scratch/logs/fse2026/climb_fsb/safenlp_2024/e1_c4f222080d2e0d058722.log
safenlp_2024,66,perturbations_0.onnx,hyperrectangle_1079.vnnlib,,sat,0.346747475,FALSIFIED,1,20.0,0.346747475,0.357537994,3.1698398552834988,3.13,0,1,,1,False,True,6.906447358456802e-09,17.3,1784.8,completed,0,climb_fsb,97ab1334129909e33c45,scratch/logs/fse2026/climb_fsb/safenlp_2024/e1_97ab1334129909e33c45.log
safenlp_2024,67,perturbations_0.onnx,hyperrectangle_7490.vnnlib,,unsat,0.171667945,CERTIFIED,1,20.0,0.171667945,0.181883076,19.850664637982845,19.83,0,,,0,,,,9.3,1580.6,completed,0,climb_fsb,3f32279b2507764ce24b,scratch/logs/fse2026/climb_fsb/safenlp_2024/e1_3f32279b2507764ce24b.log
safenlp_2024,68,perturbations_0.onnx,hyperrectangle_576.vnnlib,,unsat,0.13280623,CERTIFIED,1,20.0,0.13280623,0.142528376,13.948341904208064,13.94,0,,,0,,,,9.3,1560.2,completed,0,climb_fsb,a3eae616b0bcd4635f9e,scratch/logs/fse2026/climb_fsb/safenlp_2024/e1_a3eae616b0bcd4635f9e.log
safenlp_2024,69,perturbations_0.onnx,hyperrectangle_4032.vnnlib,,sat,0.343518721,FALSIFIED,1,20.0,0.343518721,0.35385914,3.3201045524328947,3.27,0,1,,1,False,True,7.319035849606692e-09,17.3,1790.5,completed,0,climb_fsb,aea3d7270faf730235ed,scratch/logs/fse2026/climb_fsb/safenlp_2024/e1_aea3d7270faf730235ed.log
safenlp_2024,70,perturbations_0.onnx,hyperrectangle_1698.vnnlib,,unsat,0.124282993,CERTIFIED,1,20.0,0.124282993,0.134854259,2.869449755176902,2.83,0,,,0,,,,9.3,1543.8,completed,0,climb_fsb,2f6574a9b57686a98ad3,scratch/logs/fse2026/climb_fsb/safenlp_2024/e1_2f6574a9b57686a98ad3.log
safenlp_2024,71,perturbations_0.onnx,hyperrectangle_2334.vnnlib,,sat,0.29147407,FALSIFIED,1,20.0,0.29147407,0.301882548,3.0706674475222826,3.05,0,1,,1,False,True,1.2270847393747175e-08,17.3,1794.9,completed,0,climb_fsb,7202308e11f69ce2c10d,scratch/logs/fse2026/climb_fsb/safenlp_2024/e1_7202308e11f69ce2c10d.log
safenlp_2024,72,perturbations_0.onnx,hyperrectangle_379.vnnlib,,unsat,0.731531451,CERTIFIED,1,20.0,0.731531451,0.741717638,3.4717535506933928,3.43,0,24,,0,,,,21.6,2005.1,completed,0,climb_fsb,8562e638c69b7e74de73,scratch/logs/fse2026/climb_fsb/safenlp_2024/e1_8562e638c69b7e74de73.log
safenlp_2024,73,perturbations_0.onnx,hyperrectangle_1157.vnnlib,,unsat,1.586358977,CERTIFIED,1,20.0,1.586358977,1.596782865,4.422241132706404,4.38,0,131,False,0,,,,26.6,2011.7,completed,0,climb_fsb,657ae86fa172da1a96ff,scratch/logs/fse2026/climb_fsb/safenlp_2024/e1_657ae86fa172da1a96ff.log
safenlp_2024,74,perturbations_0.onnx,hyperrectangle_5542.vnnlib,,sat,0.824357409,FALSIFIED,1,20.0,0.824357409,0.834728897,10.833591796457767,10.81,0,1,,1,False,True,1.412127625943782e-08,17.3,1782.0,completed,0,climb_fsb,38b31909ebf3bbe4d75b,scratch/logs/fse2026/climb_fsb/safenlp_2024/e1_38b31909ebf3bbe4d75b.log
safenlp_2024,75,perturbations_0.onnx,hyperrectangle_3183.vnnlib,,unsat,0.914562086,CERTIFIED,1,20.0,0.914562086,0.925044052,4.272537209093571,4.25,0,21,,0,,,,20.2,1994.8,completed,0,climb_fsb,2d3aab7e77013177d563,scratch/logs/fse2026/climb_fsb/safenlp_2024/e1_2d3aab7e77013177d563.log
safenlp_2024,76,perturbations_0.onnx,hyperrectangle_6755.vnnlib,,sat,0.324778039,FALSIFIED,1,20.0,0.324778039,0.3351705,7.8282302767038345,7.78,0,1,,1,False,True,7.436555593542948e-09,17.3,1766.8,completed,0,climb_fsb,0160a467b6dca27f22b4,scratch/logs/fse2026/climb_fsb/safenlp_2024/e1_0160a467b6dca27f22b4.log
safenlp_2024,77,perturbations_0.onnx,hyperrectangle_1237.vnnlib,,unsat,0.137148997,CERTIFIED,1,20.0,0.137148997,0.147530796,4.221666384488344,4.18,0,,,0,,,,9.3,1545.9,completed,0,climb_fsb,33873a5e64117cb9b599,scratch/logs/fse2026/climb_fsb/safenlp_2024/e1_33873a5e64117cb9b599.log
safenlp_2024,78,perturbations_0.onnx,hyperrectangle_5995.vnnlib,,unsat,0.996766832,CERTIFIED,1,20.0,0.996766832,1.00720416,8.328444428741932,8.29,0,17,,0,,,,20.2,1966.8,completed,0,climb_fsb,4f864d81ee860358a57c,scratch/logs/fse2026/climb_fsb/safenlp_2024/e1_4f864d81ee860358a57c.log
safenlp_2024,79,perturbations_0.onnx,hyperrectangle_2303.vnnlib,,unknown,20.013867484,UNKNOWN,0,20.0,20.013867484,20.024550861,22.95533894188702,22.91,1,15474,False,0,,,,397.2,2015.7,completed,0,climb_fsb,eddf23e008ffa517fd1a,scratch/logs/fse2026/climb_fsb/safenlp_2024/e1_eddf23e008ffa517fd1a.log
safenlp_2024,80,perturbations_0.onnx,hyperrectangle_1551.vnnlib,,sat,1.484663688,FALSIFIED,1,20.0,1.484663688,1.494987888,6.426034074276686,6.39,0,1,,1,False,True,7.4358794122098004e-09,17.3,1767.7,completed,0,climb_fsb,646f341a90cff030e2eb,scratch/logs/fse2026/climb_fsb/safenlp_2024/e1_646f341a90cff030e2eb.log
safenlp_2024,81,perturbations_0.onnx,hyperrectangle_332.vnnlib,,sat,0.306584829,FALSIFIED,1,20.0,0.306584829,0.316571809,3.1701072435826063,3.12,0,1,,1,False,True,4.354917176874196e-09,17.3,1767.5,completed,0,climb_fsb,93c4ea895945482cf2ab,scratch/logs/fse2026/climb_fsb/safenlp_2024/e1_93c4ea895945482cf2ab.log
safenlp_2024,82,perturbations_0.onnx,hyperrectangle_6877.vnnlib,,sat,0.33419059,FALSIFIED,1,20.0,0.33419059,0.344035899,3.119237059727311,3.07,0,1,,1,False,True,1.0480129097878432e-08,17.3,1790.4,completed,0,climb_fsb,a7052f73a39d88b75088,scratch/logs/fse2026/climb_fsb/safenlp_2024/e1_a7052f73a39d88b75088.log
safenlp_2024,83,perturbations_0.onnx,hyperrectangle_6748.vnnlib,,sat,1.416351059,FALSIFIED,1,20.0,1.416351059,1.426201548,7.0286206640303135,6.97,0,1,,1,False,True,1.174609037812857e-08,17.3,1767.0,completed,0,climb_fsb,4be96322acdd5add9ce2,scratch/logs/fse2026/climb_fsb/safenlp_2024/e1_4be96322acdd5add9ce2.log
safenlp_2024,84,perturbations_0.onnx,hyperrectangle_5682.vnnlib,,sat,0.312715817,FALSIFIED,1,20.0,0.312715817,0.32324505,3.1192182824015617,3.07,0,1,,1,False,True,6.644035127623127e-09,17.3,1767.4,completed,0,climb_fsb,b43305c2dbdaf64fb8a3,scratch/logs/fse2026/climb_fsb/safenlp_2024/e1_b43305c2dbdaf64fb8a3.log
safenlp_2024,85,perturbations_0.onnx,hyperrectangle_5841.vnnlib,,unsat,1.055549726,CERTIFIED,1,20.0,1.055549726,1.065821746,3.871783584356308,3.82,0,79,False,0,,,,25.9,2035.3,completed,0,climb_fsb,ea02eece89768d883481,scratch/logs/fse2026/climb_fsb/safenlp_2024/e1_ea02eece89768d883481.log
safenlp_2024,86,perturbations_0.onnx,hyperrectangle_444.vnnlib,,unsat,4.733698715,CERTIFIED,1,20.0,4.733698715,4.743951909,9.58012150041759,9.54,0,123,,0,,,,28.8,2002.2,completed,0,climb_fsb,5dd7f835dec74b32ac01,scratch/logs/fse2026/climb_fsb/safenlp_2024/e1_5dd7f835dec74b32ac01.log
safenlp_2024,87,perturbations_0.onnx,hyperrectangle_94.vnnlib,,unsat,1.639225639,CERTIFIED,1,20.0,1.639225639,1.650789175,5.273287408053875,5.23,0,166,,0,,,,28.8,2006.5,completed,0,climb_fsb,7defc3a87643d1b25b03,scratch/logs/fse2026/climb_fsb/safenlp_2024/e1_7defc3a87643d1b25b03.log
safenlp_2024,88,perturbations_0.onnx,hyperrectangle_394.vnnlib,,unsat,0.727167469,CERTIFIED,1,20.0,0.727167469,0.736931013,3.519720332697034,3.48,0,,,0,,,,9.3,1549.5,completed,0,climb_fsb,7fce6cfa7e995de2cfa0,scratch/logs/fse2026/climb_fsb/safenlp_2024/e1_7fce6cfa7e995de2cfa0.log
safenlp_2024,89,perturbations_0.onnx,hyperrectangle_2370.vnnlib,,sat,0.332605407,FALSIFIED,1,20.0,0.332605407,0.343777211,3.170544231310487,3.13,0,1,,1,False,True,2.8933549722776064e-09,17.3,1765.6,completed,0,climb_fsb,361840da1bb7ba0eef03,scratch/logs/fse2026/climb_fsb/safenlp_2024/e1_361840da1bb7ba0eef03.log
safenlp_2024,90,perturbations_0.onnx,hyperrectangle_478.vnnlib,,unsat,1.111662552,CERTIFIED,1,20.0,1.111662552,1.122170391,3.922015817835927,3.89,0,66,False,0,,,,23.1,2018.2,completed,0,climb_fsb,777cfc05fd7eaea239e0,scratch/logs/fse2026/climb_fsb/safenlp_2024/e1_777cfc05fd7eaea239e0.log
safenlp_2024,91,perturbations_0.onnx,hyperrectangle_854.vnnlib,,unsat,0.161120435,CERTIFIED,1,20.0,0.161120435,0.17145858,13.789389565587044,13.77,0,,,0,,,,9.3,1549.6,completed,0,climb_fsb,0956d3655603b29ecdc9,scratch/logs/fse2026/climb_fsb/safenlp_2024/e1_0956d3655603b29ecdc9.log
safenlp_2024,92,perturbations_0.onnx,hyperrectangle_1739.vnnlib,,unsat,7.3653567,CERTIFIED,1,20.0,7.3653567,7.376134822,10.833636393770576,10.79,0,4770,False,0,,,,159.7,1994.9,completed,0,climb_fsb,50011f1f9819c16a567e,scratch/logs/fse2026/climb_fsb/safenlp_2024/e1_50011f1f9819c16a567e.log
safenlp_2024,93,perturbations_0.onnx,hyperrectangle_3251.vnnlib,,unsat,2.755146433,CERTIFIED,1,20.0,2.755146433,2.765727159,5.628187973052263,5.59,0,349,False,0,,,,28.8,1998.8,completed,0,climb_fsb,08254f11342d47df24da,scratch/logs/fse2026/climb_fsb/safenlp_2024/e1_08254f11342d47df24da.log
safenlp_2024,94,perturbations_0.onnx,hyperrectangle_2467.vnnlib,,sat,0.685992999,FALSIFIED,1,20.0,0.685992999,0.696487689,9.23321033269167,9.19,0,1,,1,False,True,5.97509372535221e-09,17.3,1769.7,completed,0,climb_fsb,ffb0a59eacc72ea84409,scratch/logs/fse2026/climb_fsb/safenlp_2024/e1_ffb0a59eacc72ea84409.log
safenlp_2024,95,perturbations_0.onnx,hyperrectangle_2027.vnnlib,,unsat,4.379637834,CERTIFIED,1,20.0,4.379637834,4.390326532,7.87945257127285,7.87,0,529,False,0,,,,38.8,1997.8,completed,0,climb_fsb,1b4481cefbd0543024b1,scratch/logs/fse2026/climb_fsb/safenlp_2024/e1_1b4481cefbd0543024b1.log
safenlp_2024,96,perturbations_0.onnx,hyperrectangle_5270.vnnlib,,sat,0.349757243,FALSIFIED,1,20.0,0.349757243,0.360137179,4.222029080614448,4.21,0,1,,1,False,True,4.028197053695948e-09,17.3,1768.0,completed,0,climb_fsb,21c4544b67e5d8b88b41,scratch/logs/fse2026/climb_fsb/safenlp_2024/e1_21c4544b67e5d8b88b41.log
safenlp_2024,97,perturbations_0.onnx,hyperrectangle_1246.vnnlib,,sat,0.328460909,FALSIFIED,1,20.0,0.328460909,0.339150101,3.3227467834949493,3.28,0,1,,1,False,True,2.922200648125539e-09,17.3,1767.3,completed,0,climb_fsb,197adba1a87e49d7251e,scratch/logs/fse2026/climb_fsb/safenlp_2024/e1_197adba1a87e49d7251e.log
safenlp_2024,98,perturbations_0.onnx,hyperrectangle_5278.vnnlib,,sat,0.285638513,FALSIFIED,1,20.0,0.285638513,0.296217721,3.1196242924779654,3.09,0,1,,1,False,True,3.6345177978347465e-09,17.3,1772.9,completed,0,climb_fsb,bd71be1a57fdde23ae3f,scratch/logs/fse2026/climb_fsb/safenlp_2024/e1_bd71be1a57fdde23ae3f.log
safenlp_2024,99,perturbations_0.onnx,hyperrectangle_6509.vnnlib,,sat,0.3292436,FALSIFIED,1,20.0,0.3292436,0.33971227,4.172989351674914,4.14,0,1,,1,False,True,1.0037233988402505e-08,17.3,1766.9,completed,0,climb_fsb,2921e7cca5aa729ba9ad,scratch/logs/fse2026/climb_fsb/safenlp_2024/e1_2921e7cca5aa729ba9ad.log
safenlp_2024,100,perturbations_0.onnx,hyperrectangle_2602.vnnlib,,sat,3.059519246,FALSIFIED,1,20.0,3.059519246,3.069696655,8.529251968488097,8.52,0,15,,1,False,True,6.265899077373405e-09,23.1,1953.5,completed,0,climb_fsb,65b4777c5cce92327503,scratch/logs/fse2026/climb_fsb/safenlp_2024/e1_65b4777c5cce92327503.log
safenlp_2024,101,perturbations_0.onnx,hyperrectangle_5745.vnnlib,,sat,0.307063222,FALSIFIED,1,20.0,0.307063222,0.317491513,3.0717296544462442,3.03,0,1,,1,False,True,9.978241732877535e-09,17.3,1765.3,completed,0,climb_fsb,39267cad4f0721cb2489,scratch/logs/fse2026/climb_fsb/safenlp_2024/e1_39267cad4f0721cb2489.log
safenlp_2024,102,perturbations_0.onnx,hyperrectangle_1220.vnnlib,,sat,1.456395032,FALSIFIED,1,20.0,1.456395032,1.466765769,7.427443906664848,7.39,0,1,,1,False,True,1.4718120666668e-08,17.3,1767.9,completed,0,climb_fsb,cf3f1e29f6016ca3983d,scratch/logs/fse2026/climb_fsb/safenlp_2024/e1_cf3f1e29f6016ca3983d.log
safenlp_2024,103,perturbations_0.onnx,hyperrectangle_1174.vnnlib,,sat,0.289892735,FALSIFIED,1,20.0,0.289892735,0.300207695,3.170231007039547,3.15,0,1,,1,False,True,5.02589311834889e-09,17.3,1768.5,completed,0,climb_fsb,256e7eb57739dea9d574,scratch/logs/fse2026/climb_fsb/safenlp_2024/e1_256e7eb57739dea9d574.log
safenlp_2024,104,perturbations_0.onnx,hyperrectangle_2205.vnnlib,,sat,0.294389516,FALSIFIED,1,20.0,0.294389516,0.305384483,3.0698591582477093,3.04,0,1,,1,False,True,3.392182534867061e-09,17.3,1767.6,completed,0,climb_fsb,3c064e3add41a3f545a9,scratch/logs/fse2026/climb_fsb/safenlp_2024/e1_3c064e3add41a3f545a9.log
safenlp_2024,105,perturbations_0.onnx,hyperrectangle_2561.vnnlib,,sat,0.321148509,FALSIFIED,1,20.0,0.321148509,0.331409214,8.228747863322496,8.21,0,1,,1,False,True,1.4145822402333863e-08,17.3,1790.5,completed,0,climb_fsb,7f55046ff1111c9842e3,scratch/logs/fse2026/climb_fsb/safenlp_2024/e1_7f55046ff1111c9842e3.log
safenlp_2024,106,perturbations_0.onnx,hyperrectangle_773.vnnlib,,sat,0.326727526,FALSIFIED,1,20.0,0.326727526,0.336922705,2.9709934946149588,2.96,0,1,,1,False,True,6.874738334161634e-09,17.3,1770.3,completed,0,climb_fsb,b965e9e99c5c27f05afa,scratch/logs/fse2026/climb_fsb/safenlp_2024/e1_b965e9e99c5c27f05afa.log
safenlp_2024,107,perturbations_0.onnx,hyperrectangle_3574.vnnlib,,sat,0.342107609,FALSIFIED,1,20.0,0.342107609,0.352423321,3.0214232690632343,3.01,0,1,,1,False,True,9.2632340131793e-09,17.3,1790.0,completed,0,climb_fsb,35eda23464e133176647,scratch/logs/fse2026/climb_fsb/safenlp_2024/e1_35eda23464e133176647.log
safenlp_2024,108,perturbations_0.onnx,hyperrectangle_57.vnnlib,,unsat,7.729223073,CERTIFIED,1,20.0,7.729223073,7.739536706,10.483077248558402,10.45,0,4608,False,0,,,,173.3,2001.7,completed,0,climb_fsb,eee7b1fa575d89d6df94,scratch/logs/fse2026/climb_fsb/safenlp_2024/e1_eee7b1fa575d89d6df94.log
safenlp_2024,109,perturbations_0.onnx,hyperrectangle_4840.vnnlib,,sat,0.894510299,FALSIFIED,1,20.0,0.894510299,0.904926388,3.7701814584434032,3.76,0,1,,1,False,True,3.0706056863838427e-09,17.3,1795.2,completed,0,climb_fsb,1df2cf12d33f43d92ec6,scratch/logs/fse2026/climb_fsb/safenlp_2024/e1_1df2cf12d33f43d92ec6.log
safenlp_2024,110,perturbations_0.onnx,hyperrectangle_2005.vnnlib,,unsat,0.126024548,CERTIFIED,1,20.0,0.126024548,0.136691613,3.0187964513897896,2.97,0,,,0,,,,9.3,1546.4,completed,0,climb_fsb,997fa117465f72dfdfde,scratch/logs/fse2026/climb_fsb/safenlp_2024/e1_997fa117465f72dfdfde.log
safenlp_2024,111,perturbations_0.onnx,hyperrectangle_468.vnnlib,,sat,0.335776549,FALSIFIED,1,20.0,0.335776549,0.346165277,5.376870330423117,5.35,0,1,,1,False,True,6.2663476629865045e-09,17.3,1765.3,completed,0,climb_fsb,4f49a510748afebc8c24,scratch/logs/fse2026/climb_fsb/safenlp_2024/e1_4f49a510748afebc8c24.log
safenlp_2024,112,perturbations_0.onnx,hyperrectangle_400.vnnlib,,unsat,0.126556,CERTIFIED,1,20.0,0.126556,0.13641482,3.2198270112276077,3.21,0,,,0,,,,9.3,1547.3,completed,0,climb_fsb,308a544a9fe46ef7162f,scratch/logs/fse2026/climb_fsb/safenlp_2024/e1_308a544a9fe46ef7162f.log
safenlp_2024,113,perturbations_0.onnx,hyperrectangle_1243.vnnlib,,unsat,0.127495456,CERTIFIED,1,20.0,0.127495456,0.13771363,2.9221900142729282,2.88,0,,,0,,,,9.3,1546.1,completed,0,climb_fsb,f5e0df4fd1ab467ced91,scratch/logs/fse2026/climb_fsb/safenlp_2024/e1_f5e0df4fd1ab467ced91.log
safenlp_2024,114,perturbations_0.onnx,hyperrectangle_7335.vnnlib,,sat,0.343393376,FALSIFIED,1,20.0,0.343393376,0.354228264,3.169295560568571,3.13,0,1,,1,False,True,9.799525968468004e-09,17.3,1766.0,completed,0,climb_fsb,bde008721974994d8a71,scratch/logs/fse2026/climb_fsb/safenlp_2024/e1_bde008721974994d8a71.log
safenlp_2024,115,perturbations_0.onnx,hyperrectangle_373.vnnlib,,unknown,20.236749541,UNKNOWN,0,20.0,20.236749541,20.247316508,49.30248482897878,49.25,1,448,False,0,,,,43.1,1995.0,completed,0,climb_fsb,845e49db4436f01c600f,scratch/logs/fse2026/climb_fsb/safenlp_2024/e1_845e49db4436f01c600f.log
safenlp_2024,116,perturbations_0.onnx,hyperrectangle_1988.vnnlib,,unknown,20.01194321,UNKNOWN,0,20.0,20.01194321,20.022871688,47.85015284270048,47.8,1,24003,False,0,,,,751.6,2022.9,completed,0,climb_fsb,a73a5d11b405a3db5163,scratch/logs/fse2026/climb_fsb/safenlp_2024/e1_a73a5d11b405a3db5163.log
safenlp_2024,117,perturbations_0.onnx,hyperrectangle_6099.vnnlib,,sat,0.327011593,FALSIFIED,1,20.0,0.327011593,0.338376822,3.0703849028795958,3.04,0,1,,1,False,True,5.153315885131349e-09,17.3,1767.1,completed,0,climb_fsb,33ee946a5cc3d782c8fe,scratch/logs/fse2026/climb_fsb/safenlp_2024/e1_33ee946a5cc3d782c8fe.log
safenlp_2024,118,perturbations_0.onnx,hyperrectangle_3359.vnnlib,,sat,2.727816943,FALSIFIED,1,20.0,2.727816943,2.738259967,5.573885211721063,5.57,0,141,,1,False,True,5.762101934481123e-09,40.9,2016.5,completed,0,climb_fsb,9938500964f4c0c64d9c,scratch/logs/fse2026/climb_fsb/safenlp_2024/e1_9938500964f4c0c64d9c.log
safenlp_2024,119,perturbations_0.onnx,hyperrectangle_2397.vnnlib,,unsat,0.164851369,CERTIFIED,1,20.0,0.164851369,0.175318601,19.900601329281926,19.85,0,,,0,,,,9.3,1548.7,completed,0,climb_fsb,9c9794f1ce4662fc23a4,scratch/logs/fse2026/climb_fsb/safenlp_2024/e1_9c9794f1ce4662fc23a4.log
safenlp_2024,120,perturbations_0.onnx,hyperrectangle_4743.vnnlib,,unsat,2.105326502,CERTIFIED,1,20.0,2.105326502,2.11636764,10.082275629043579,10.05,0,194,False,0,,,,28.8,2027.1,completed,0,climb_fsb,e3b99b824145ff081e1c,scratch/logs/fse2026/climb_fsb/safenlp_2024/e1_e3b99b824145ff081e1c.log
safenlp_2024,121,perturbations_0.onnx,hyperrectangle_2213.vnnlib,,sat,0.91855401,FALSIFIED,1,20.0,0.91855401,0.929689722,3.8732647579163313,3.86,0,1,,1,False,True,3.717125982016789e-09,17.3,1766.8,completed,0,climb_fsb,6b853c15f83d53f18086,scratch/logs/fse2026/climb_fsb/safenlp_2024/e1_6b853c15f83d53f18086.log
safenlp_2024,122,perturbations_0.onnx,hyperrectangle_1865.vnnlib,,unsat,0.16224077,CERTIFIED,1,20.0,0.16224077,0.172594476,5.273263216018677,5.26,0,,,0,,,,9.3,1549.6,completed,0,climb_fsb,e3e90913290904dfef78,scratch/logs/fse2026/climb_fsb/safenlp_2024/e1_e3e90913290904dfef78.log
safenlp_2024,123,perturbations_0.onnx,hyperrectangle_1250.vnnlib,,unsat,0.523491779,CERTIFIED,1,20.0,0.523491779,0.533757009,3.3702396396547556,3.35,0,11,,0,,,,20.3,2023.0,completed,0,climb_fsb,dd925da6687ea85f6c8f,scratch/logs/fse2026/climb_fsb/safenlp_2024/e1_dd925da6687ea85f6c8f.log
safenlp_2024,124,perturbations_0.onnx,hyperrectangle_462.vnnlib,,unsat,0.139409108,CERTIFIED,1,20.0,0.139409108,0.149851779,5.675519876182079,5.65,0,,,0,,,,9.3,1547.8,completed,0,climb_fsb,c5d0654963405888670e,scratch/logs/fse2026/climb_fsb/safenlp_2024/e1_c5d0654963405888670e.log
safenlp_2024,125,perturbations_0.onnx,hyperrectangle_1670.vnnlib,,sat,0.328907223,FALSIFIED,1,20.0,0.328907223,0.339326579,4.071968201547861,4.07,0,1,,1,False,True,6.958432552384153e-09,17.3,1767.9,completed,0,climb_fsb,773266439d9334b23d45,scratch/logs/fse2026/climb_fsb/safenlp_2024/e1_773266439d9334b23d45.log
safenlp_2024,126,perturbations_0.onnx,hyperrectangle_78.vnnlib,,unsat,0.138588984,CERTIFIED,1,20.0,0.138588984,0.14973099,2.9192850943654776,2.91,0,,,0,,,,9.3,1560.8,completed,0,climb_fsb,0010dafc32c0732a6ef7,scratch/logs/fse2026/climb_fsb/safenlp_2024/e1_0010dafc32c0732a6ef7.log
safenlp_2024,127,perturbations_0.onnx,hyperrectangle_4985.vnnlib,,sat,1.501784198,FALSIFIED,1,20.0,1.501784198,1.512228774,7.577409829944372,7.57,0,1,,1,False,True,5.953931930813283e-09,17.3,1768.1,completed,0,climb_fsb,20e44c45a14d7380cd49,scratch/logs/fse2026/climb_fsb/safenlp_2024/e1_20e44c45a14d7380cd49.log
safenlp_2024,128,perturbations_0.onnx,hyperrectangle_5258.vnnlib,,unsat,1.589243189,CERTIFIED,1,20.0,1.589243189,1.599684382,4.52380895242095,4.5,0,290,False,0,,,,37.4,1996.4,completed,0,climb_fsb,5d3ef13763f5e8da04b3,scratch/logs/fse2026/climb_fsb/safenlp_2024/e1_5d3ef13763f5e8da04b3.log
safenlp_2024,129,perturbations_0.onnx,hyperrectangle_2500.vnnlib,,sat,0.639103895,FALSIFIED,1,20.0,0.639103895,0.6493685,16.293737582862377,16.27,0,1,,1,False,True,7.207384716823029e-09,17.3,1781.1,completed,0,climb_fsb,95d73bd172a0f66f6722,scratch/logs/fse2026/climb_fsb/safenlp_2024/e1_95d73bd172a0f66f6722.log
safenlp_2024,130,perturbations_0.onnx,hyperrectangle_6887.vnnlib,,sat,0.327778932,FALSIFIED,1,20.0,0.327778932,0.338519275,8.282020350918174,8.28,0,1,,1,False,True,3.5329279224338705e-09,17.3,1765.5,completed,0,climb_fsb,3721b0b868db9bf8217b,scratch/logs/fse2026/climb_fsb/safenlp_2024/e1_3721b0b868db9bf8217b.log
safenlp_2024,131,perturbations_0.onnx,hyperrectangle_1337.vnnlib,,sat,0.289126808,FALSIFIED,1,20.0,0.289126808,0.29942208,3.0195254553109407,3.01,0,1,,1,False,True,6.518648121289772e-09,17.3,1790.4,completed,0,climb_fsb,8e09115d03fe06028f8c,scratch/logs/fse2026/climb_fsb/safenlp_2024/e1_8e09115d03fe06028f8c.log
safenlp_2024,132,perturbations_0.onnx,hyperrectangle_7652.vnnlib,,sat,0.329377851,FALSIFIED,1,20.0,0.329377851,0.33950855,3.0196484085172415,2.99,0,1,,1,False,True,6.825905202179072e-09,17.3,1772.5,completed,0,climb_fsb,27a315943b873b46a854,scratch/logs/fse2026/climb_fsb/safenlp_2024/e1_27a315943b873b46a854.log
safenlp_2024,133,perturbations_0.onnx,hyperrectangle_4742.vnnlib,,unsat,0.916392343,CERTIFIED,1,20.0,0.916392343,0.927205058,3.6714625898748636,3.62,0,11,,0,,,,20.2,1969.3,completed,0,climb_fsb,4a99e927a3971bacd4a5,scratch/logs/fse2026/climb_fsb/safenlp_2024/e1_4a99e927a3971bacd4a5.log
safenlp_2024,134,perturbations_0.onnx,hyperrectangle_204.vnnlib,,sat,0.333313476,FALSIFIED,1,20.0,0.333313476,0.343716329,3.071522193029523,3.05,0,1,,1,False,True,1.3203586113341714e-08,17.3,1766.6,completed,0,climb_fsb,bd5662d8dfffd5d35f24,scratch/logs/fse2026/climb_fsb/safenlp_2024/e1_bd5662d8dfffd5d35f24.log
safenlp_2024,135,perturbations_0.onnx,hyperrectangle_1101.vnnlib,,sat,0.334965808,FALSIFIED,1,20.0,0.334965808,0.345357332,3.2224434968084097,3.18,0,1,,1,False,True,3.500713705029135e-09,17.3,1767.6,completed,0,climb_fsb,81322691117180ef5011,scratch/logs/fse2026/climb_fsb/safenlp_2024/e1_81322691117180ef5011.log
safenlp_2024,136,perturbations_0.onnx,hyperrectangle_3672.vnnlib,,sat,1.255132506,FALSIFIED,1,20.0,1.255132506,1.265474929,10.034752642735839,10.0,0,15,,1,False,True,6.73648120619319e-09,23.1,1946.3,completed,0,climb_fsb,e50321d8c30710bb50e3,scratch/logs/fse2026/climb_fsb/safenlp_2024/e1_e50321d8c30710bb50e3.log
safenlp_2024,137,perturbations_0.onnx,hyperrectangle_1594.vnnlib,,sat,0.404542953,FALSIFIED,1,20.0,0.404542953,0.415348275,3.8208514600992203,3.77,0,1,,1,False,True,6.712534472708143e-09,17.3,1809.3,completed,0,climb_fsb,c285d6f3c2652086ac78,scratch/logs/fse2026/climb_fsb/safenlp_2024/e1_c285d6f3c2652086ac78.log
safenlp_2024,138,perturbations_0.onnx,hyperrectangle_2234.vnnlib,,sat,0.315113934,FALSIFIED,1,20.0,0.315113934,0.325939748,3.4240497890859842,3.39,0,1,,1,False,True,1.4034792661377082e-08,17.3,1768.5,completed,0,climb_fsb,dba0d041f1fe80336095,scratch/logs/fse2026/climb_fsb/safenlp_2024/e1_dba0d041f1fe80336095.log
safenlp_2024,139,perturbations_0.onnx,hyperrectangle_3303.vnnlib,,sat,0.661163194,FALSIFIED,1,20.0,0.661163194,0.671481239,4.3217484802007675,4.27,0,1,,1,False,True,1.0764072466695751e-08,17.3,1767.7,completed,0,climb_fsb,a5a9edc57dd5d0a73757,scratch/logs/fse2026/climb_fsb/safenlp_2024/e1_a5a9edc57dd5d0a73757.log
safenlp_2024,140,perturbations_0.onnx,hyperrectangle_2496.vnnlib,,sat,0.941116748,FALSIFIED,1,20.0,0.941116748,0.951216232,3.871235564351082,3.84,0,1,,1,False,True,6.46602019149789e-09,17.3,1770.8,completed,0,climb_fsb,2e4c6e8f18bfe7e82200,scratch/logs/fse2026/climb_fsb/safenlp_2024/e1_2e4c6e8f18bfe7e82200.log
safenlp_2024,141,perturbations_0.onnx,hyperrectangle_7902.vnnlib,,sat,0.319809102,FALSIFIED,1,20.0,0.319809102,0.330615563,5.875239238142967,5.85,0,1,,1,False,True,1.0255750360066429e-08,17.3,1790.8,completed,0,climb_fsb,51e6fdb87e02df66ce6c,scratch/logs/fse2026/climb_fsb/safenlp_2024/e1_51e6fdb87e02df66ce6c.log
safenlp_2024,142,perturbations_0.onnx,hyperrectangle_790.vnnlib,,unsat,1.403270148,CERTIFIED,1,20.0,1.403270148,1.413431808,5.926865182816982,5.88,0,3,,0,,,,18.8,1936.3,completed,0,climb_fsb,50264fbc672271195c55,scratch/logs/fse2026/climb_fsb/safenlp_2024/e1_50264fbc672271195c55.log
safenlp_2024,143,perturbations_0.onnx,hyperrectangle_6109.vnnlib,,sat,0.339167686,FALSIFIED,1,20.0,0.339167686,0.349852471,3.1203275714069605,3.07,0,1,,1,False,True,7.465199403089429e-09,17.3,1768.7,completed,0,climb_fsb,26bfba77f57643de83c5,scratch/logs/fse2026/climb_fsb/safenlp_2024/e1_26bfba77f57643de83c5.log
safenlp_2024,144,perturbations_0.onnx,hyperrectangle_7247.vnnlib,,sat,1.522961678,FALSIFIED,1,20.0,1.522961678,1.53322066,6.82654563523829,6.81,0,1,,1,False,True,2.2200027371965803e-09,17.3,1772.6,completed,0,climb_fsb,580778c8014c1477b954,scratch/logs/fse2026/climb_fsb/safenlp_2024/e1_580778c8014c1477b954.log
safenlp_2024,145,perturbations_0.onnx,hyperrectangle_5249.vnnlib,,unsat,1.690183781,CERTIFIED,1,20.0,1.690183781,1.700545488,4.4721723441034555,4.44,0,252,False,0,,,,33.1,2003.8,completed,0,climb_fsb,5dc0c6a79e25df4773b3,scratch/logs/fse2026/climb_fsb/safenlp_2024/e1_5dc0c6a79e25df4773b3.log
safenlp_2024,146,perturbations_0.onnx,hyperrectangle_7645.vnnlib,,sat,0.67615363,FALSIFIED,1,20.0,0.67615363,0.686503427,8.87908774241805,8.86,0,1,,1,False,True,6.450950745806594e-09,17.3,1784.7,completed,0,climb_fsb,318452925dbdaa797894,scratch/logs/fse2026/climb_fsb/safenlp_2024/e1_318452925dbdaa797894.log
safenlp_2024,147,perturbations_0.onnx,hyperrectangle_1006.vnnlib,,sat,0.334978024,FALSIFIED,1,20.0,0.334978024,0.345368562,3.0707718078047037,3.02,0,1,,1,False,True,1.1304056024563636e-08,17.3,1782.0,completed,0,climb_fsb,ae204525e1e93ca0940a,scratch/logs/fse2026/climb_fsb/safenlp_2024/e1_ae204525e1e93ca0940a.log
safenlp_2024,148,perturbations_0.onnx,hyperrectangle_685.vnnlib,,sat,0.322072208,FALSIFIED,1,20.0,0.322072208,0.332177764,2.9191915802657604,2.89,0,1,,1,False,True,6.190749940460094e-09,17.3,1770.8,completed,0,climb_fsb,ebff7d757a09f7e2e497,scratch/logs/fse2026/climb_fsb/safenlp_2024/e1_ebff7d757a09f7e2e497.log
safenlp_2024,149,perturbations_0.onnx,hyperrectangle_7020.vnnlib,,sat,0.32996962,FALSIFIED,1,20.0,0.32996962,0.340208845,3.069881286472082,3.04,0,1,,1,False,True,3.692055272619399e-09,17.3,1767.9,completed,0,climb_fsb,d7816a7afaf0696d8609,scratch/logs/fse2026/climb_fsb/safenlp_2024/e1_d7816a7afaf0696d8609.log
safenlp_2024,150,perturbations_0.onnx,hyperrectangle_1013.vnnlib,,unsat,1.021120118,CERTIFIED,1,20.0,1.021120118,1.031808611,3.671515140682459,3.64,0,69,False,0,,,,25.9,2020.4,completed,0,climb_fsb,13aeb93b7a5d149170ed,scratch/logs/fse2026/climb_fsb/safenlp_2024/e1_13aeb93b7a5d149170ed.log
safenlp_2024,151,perturbations_0.onnx,hyperrectangle_2472.vnnlib,,sat,0.327314921,FALSIFIED,1,20.0,0.327314921,0.337935269,3.020418217405677,2.97,0,1,,1,False,True,8.426661202154406e-09,17.3,1766.8,completed,0,climb_fsb,771aa2027c2278ddac94,scratch/logs/fse2026/climb_fsb/safenlp_2024/e1_771aa2027c2278ddac94.log
safenlp_2024,152,perturbations_0.onnx,hyperrectangle_3710.vnnlib,,unsat,0.998959169,CERTIFIED,1,20.0,0.998959169,1.009241205,3.7205407079309225,3.69,0,48,,0,,,,21.6,1990.9,completed,0,climb_fsb,a36182a4345fbe29e810,scratch/logs/fse2026/climb_fsb/safenlp_2024/e1_a36182a4345fbe29e810.log
safenlp_2024,153,perturbations_0.onnx,hyperrectangle_1634.vnnlib,,sat,0.368017741,FALSIFIED,1,20.0,0.368017741,0.378673369,3.7701502311974764,3.74,0,1,,1,False,True,4.018393368054873e-09,17.3,1767.5,completed,0,climb_fsb,696f586e5e177d5bda90,scratch/logs/fse2026/climb_fsb/safenlp_2024/e1_696f586e5e177d5bda90.log
safenlp_2024,154,perturbations_0.onnx,hyperrectangle_351.vnnlib,,sat,0.428685587,FALSIFIED,1,20.0,0.428685587,0.439068466,3.7712904289364815,3.72,0,1,,1,False,True,6.534921936918181e-09,17.3,1790.3,completed,0,climb_fsb,8673f518b0b5c23fc7d9,scratch/logs/fse2026/climb_fsb/safenlp_2024/e1_8673f518b0b5c23fc7d9.log
safenlp_2024,155,perturbations_0.onnx,hyperrectangle_2467.vnnlib,,unsat,0.148733519,CERTIFIED,1,20.0,0.148733519,0.15946112,3.1701447162777185,3.12,0,,,0,,,,9.3,1546.5,completed,0,climb_fsb,32b1c7667e290ab664ea,scratch/logs/fse2026/climb_fsb/safenlp_2024/e1_32b1c7667e290ab664ea.log
safenlp_2024,156,perturbations_0.onnx,hyperrectangle_744.vnnlib,,sat,0.331560265,FALSIFIED,1,20.0,0.331560265,0.341959538,4.772800197824836,4.75,0,1,,1,False,True,1.177912267724679e-08,17.3,1767.4,completed,0,climb_fsb,dfb2ac0c79fe6fdc98e9,scratch/logs/fse2026/climb_fsb/safenlp_2024/e1_dfb2ac0c79fe6fdc98e9.log
safenlp_2024,157,perturbations_0.onnx,hyperrectangle_2530.vnnlib,,unsat,0.131905304,CERTIFIED,1,20.0,0.131905304,0.142554021,3.420462680980563,3.38,0,,,0,,,,9.3,1559.8,completed,0,climb_fsb,a9d1e9a8088f4547ce92,scratch/logs/fse2026/climb_fsb/safenlp_2024/e1_a9d1e9a8088f4547ce92.log
safenlp_2024,158,perturbations_0.onnx,hyperrectangle_2386.vnnlib,,unsat,0.872639924,CERTIFIED,1,20.0,0.872639924,0.883261917,3.671351883560419,3.66,0,43,,0,,,,24.5,2001.1,completed,0,climb_fsb,6ad7d601ab6af77a5f0c,scratch/logs/fse2026/climb_fsb/safenlp_2024/e1_6ad7d601ab6af77a5f0c.log
safenlp_2024,159,perturbations_0.onnx,hyperrectangle_4634.vnnlib,,sat,0.961568566,FALSIFIED,1,20.0,0.961568566,0.971968569,4.372047470882535,4.33,0,1,,1,False,True,1.292948947906325e-08,17.3,1767.6,completed,0,climb_fsb,db3ec9df7ebef1b8a530,scratch/logs/fse2026/climb_fsb/safenlp_2024/e1_db3ec9df7ebef1b8a530.log
safenlp_2024,160,perturbations_0.onnx,hyperrectangle_1113.vnnlib,,unsat,3.022502596,CERTIFIED,1,20.0,3.022502596,3.032831548,17.696260867640376,17.67,0,99,,0,,,,24.5,2004.2,completed,0,climb_fsb,317f2bbde1fa33b1341f,scratch/logs/fse2026/climb_fsb/safenlp_2024/e1_317f2bbde1fa33b1341f.log
safenlp_2024,161,perturbations_0.onnx,hyperrectangle_5247.vnnlib,,sat,0.332785115,FALSIFIED,1,20.0,0.332785115,0.343829654,3.2698782682418823,3.23,0,1,,1,False,True,1.2415375172381005e-08,17.3,1773.0,completed,0,climb_fsb,90195e6093668fe21aea,scratch/logs/fse2026/climb_fsb/safenlp_2024/e1_90195e6093668fe21aea.log
safenlp_2024,162,perturbations_0.onnx,hyperrectangle_3269.vnnlib,,unsat,0.127220837,CERTIFIED,1,20.0,0.127220837,0.137799861,2.8688886761665344,2.84,0,,,0,,,,9.3,1548.4,completed,0,climb_fsb,ee001d4288a598b2dd39,scratch/logs/fse2026/climb_fsb/safenlp_2024/e1_ee001d4288a598b2dd39.log
safenlp_2024,163,perturbations_0.onnx,hyperrectangle_2670.vnnlib,,sat,0.311501553,FALSIFIED,1,20.0,0.311501553,0.321895152,3.269918520003557,3.23,0,1,,1,False,True,4.723507196491283e-09,17.3,1772.7,completed,0,climb_fsb,f65948a9f4ef0621480d,scratch/logs/fse2026/climb_fsb/safenlp_2024/e1_f65948a9f4ef0621480d.log
safenlp_2024,164,perturbations_0.onnx,hyperrectangle_2535.vnnlib,,sat,1.344522895,FALSIFIED,1,20.0,1.344522895,1.354956547,23.80695645697415,23.78,1,1,,1,False,True,5.80299966412845e-09,17.3,1772.1,completed,0,climb_fsb,731b5e506a26b987e63a,scratch/logs/fse2026/climb_fsb/safenlp_2024/e1_731b5e506a26b987e63a.log
safenlp_2024,165,perturbations_0.onnx,hyperrectangle_6610.vnnlib,,sat,0.304047845,FALSIFIED,1,20.0,0.304047845,0.314302405,11.941814402118325,11.91,0,1,,1,False,True,7.277052627152614e-09,17.3,1781.8,completed,0,climb_fsb,d255c0886cbab05c6f31,scratch/logs/fse2026/climb_fsb/safenlp_2024/e1_d255c0886cbab05c6f31.log
safenlp_2024,166,perturbations_0.onnx,hyperrectangle_993.vnnlib,,unsat,7.840084892,CERTIFIED,1,20.0,7.840084892,7.850342389,10.634807422757149,10.61,0,8130,False,0,,,,254.2,2007.4,completed,0,climb_fsb,80b15f35d175fac86690,scratch/logs/fse2026/climb_fsb/safenlp_2024/e1_80b15f35d175fac86690.log
safenlp_2024,167,perturbations_0.onnx,hyperrectangle_1297.vnnlib,,unsat,10.58145692,CERTIFIED,1,20.0,10.58145692,10.591460288,24.557041827589273,24.53,1,761,False,0,,,,61.0,2018.9,completed,0,climb_fsb,1237f513af39b165f1fa,scratch/logs/fse2026/climb_fsb/safenlp_2024/e1_1237f513af39b165f1fa.log
safenlp_2024,168,perturbations_0.onnx,hyperrectangle_525.vnnlib,,unsat,0.316267272,CERTIFIED,1,20.0,0.316267272,0.327065088,3.470614979043603,3.45,0,1,False,0,,,,17.3,1769.5,completed,0,climb_fsb,4fee857a8bf107e92aa6,scratch/logs/fse2026/climb_fsb/safenlp_2024/e1_4fee857a8bf107e92aa6.log
safenlp_2024,169,perturbations_0.onnx,hyperrectangle_584.vnnlib,,unsat,0.607958436,CERTIFIED,1,20.0,0.607958436,0.618137993,4.92239747941494,4.89,0,15,,0,,,,20.2,1997.6,completed,0,climb_fsb,d8d8f56e80353f784ffb,scratch/logs/fse2026/climb_fsb/safenlp_2024/e1_d8d8f56e80353f784ffb.log
safenlp_2024,170,perturbations_0.onnx,hyperrectangle_5040.vnnlib,,sat,0.331272963,FALSIFIED,1,20.0,0.331272963,0.341671253,3.320181304588914,3.29,0,1,,1,False,True,4.060928482374493e-09,17.3,1784.7,completed,0,climb_fsb,7a965a93fc313dc88389,scratch/logs/fse2026/climb_fsb/safenlp_2024/e1_7a965a93fc313dc88389.log
safenlp_2024,171,perturbations_0.onnx,hyperrectangle_3943.vnnlib,,unsat,1.265823923,CERTIFIED,1,20.0,1.265823923,1.276201585,5.776229310780764,5.75,0,164,False,0,,,,31.7,2032.4,completed,0,climb_fsb,c47dfdf09cc296584c3a,scratch/logs/fse2026/climb_fsb/safenlp_2024/e1_c47dfdf09cc296584c3a.log
safenlp_2024,172,perturbations_0.onnx,hyperrectangle_7243.vnnlib,,sat,1.612341242,FALSIFIED,1,20.0,1.612341242,1.62295128,6.22515575401485,6.19,0,3,,1,False,True,4.544867815425846e-09,18.8,1940.7,completed,0,climb_fsb,ed1d1c8376413ac69a8e,scratch/logs/fse2026/climb_fsb/safenlp_2024/e1_ed1d1c8376413ac69a8e.log
safenlp_2024,173,perturbations_0.onnx,hyperrectangle_2873.vnnlib,,sat,1.0713981,FALSIFIED,1,20.0,1.0713981,1.081681553,3.9222429171204567,3.87,0,1,,1,False,True,6.6407151444458634e-09,17.3,1766.9,completed,0,climb_fsb,d7979392295e4446ecf6,scratch/logs/fse2026/climb_fsb/safenlp_2024/e1_d7979392295e4446ecf6.log
safenlp_2024,174,perturbations_0.onnx,hyperrectangle_2163.vnnlib,,unsat,0.127460865,CERTIFIED,1,20.0,0.127460865,0.137896808,4.372528372332454,4.36,0,,,0,,,,9.3,1549.7,completed,0,climb_fsb,0a7d8a428f9c45cb8c48,scratch/logs/fse2026/climb_fsb/safenlp_2024/e1_0a7d8a428f9c45cb8c48.log
safenlp_2024,175,perturbations_0.onnx,hyperrectangle_7137.vnnlib,,sat,0.380854836,FALSIFIED,1,20.0,0.380854836,0.391348038,3.1692960876971483,3.14,0,1,,1,False,True,1.1712002867536597e-08,17.3,1784.2,completed,0,climb_fsb,3ba7a366ce683cdf00e9,scratch/logs/fse2026/climb_fsb/safenlp_2024/e1_3ba7a366ce683cdf00e9.log
safenlp_2024,176,perturbations_0.onnx,hyperrectangle_449.vnnlib,,sat,1.4967246,FALSIFIED,1,20.0,1.4967246,1.507189797,7.327711805701256,7.31,0,1,,1,False,True,6.765546067821759e-09,17.3,1772.6,completed,0,climb_fsb,a2320fdc4582149b002e,scratch/logs/fse2026/climb_fsb/safenlp_2024/e1_a2320fdc4582149b002e.log
safenlp_2024,177,perturbations_0.onnx,hyperrectangle_4065.vnnlib,,sat,0.341114877,FALSIFIED,1,20.0,0.341114877,0.352002548,3.220626560971141,3.18,0,1,,1,False,True,1.4406713599868226e-08,17.3,1790.3,completed,0,climb_fsb,4247f496dece6c60949f,scratch/logs/fse2026/climb_fsb/safenlp_2024/e1_4247f496dece6c60949f.log
safenlp_2024,178,perturbations_0.onnx,hyperrectangle_3144.vnnlib,,sat,0.525906775,FALSIFIED,1,20.0,0.525906775,0.536482867,3.3238199912011623,3.3,0,1,,1,False,True,1.1074150096934687e-08,17.3,1795.4,completed,0,climb_fsb,cb29409606365a11aff0,scratch/logs/fse2026/climb_fsb/safenlp_2024/e1_cb29409606365a11aff0.log
safenlp_2024,179,perturbations_0.onnx,hyperrectangle_2053.vnnlib,,unsat,2.790277096,CERTIFIED,1,20.0,2.790277096,2.800815936,16.193475149571896,16.14,0,25,,0,,,,21.6,1996.6,completed,0,climb_fsb,33e633ff9c37d2ecc632,scratch/logs/fse2026/climb_fsb/safenlp_2024/e1_33e633ff9c37d2ecc632.log
safenlp_2024,180,perturbations_0.onnx,hyperrectangle_2731.vnnlib,,unsat,0.429035837,CERTIFIED,1,20.0,0.429035837,0.43982736,9.785388920456171,9.76,0,3,,0,,,,18.8,1930.1,completed,0,climb_fsb,fdc057270452e27924f1,scratch/logs/fse2026/climb_fsb/safenlp_2024/e1_fdc057270452e27924f1.log
safenlp_2024,181,perturbations_0.onnx,hyperrectangle_1222.vnnlib,,sat,0.311078347,FALSIFIED,1,20.0,0.311078347,0.321203219,2.9695163015276194,2.96,0,1,,1,False,True,7.430697918087148e-09,17.3,1770.8,completed,0,climb_fsb,4293a47df3eedb3b8b7d,scratch/logs/fse2026/climb_fsb/safenlp_2024/e1_4293a47df3eedb3b8b7d.log
safenlp_2024,182,perturbations_0.onnx,hyperrectangle_225.vnnlib,,sat,0.289914627,FALSIFIED,1,20.0,0.289914627,0.300325396,2.971505079418421,2.93,0,1,,1,False,True,3.4905535684082167e-09,17.3,1784.6,completed,0,climb_fsb,5d84a81c7f425c69fc0d,scratch/logs/fse2026/climb_fsb/safenlp_2024/e1_5d84a81c7f425c69fc0d.log
safenlp_2024,183,perturbations_0.onnx,hyperrectangle_132.vnnlib,,sat,0.311796887,FALSIFIED,1,20.0,0.311796887,0.322049582,2.969017196446657,2.92,0,1,,1,False,True,5.7979970269350645e-09,17.3,1768.6,completed,0,climb_fsb,dcb8a251f068a2a12371,scratch/logs/fse2026/climb_fsb/safenlp_2024/e1_dcb8a251f068a2a12371.log
safenlp_2024,184,perturbations_0.onnx,hyperrectangle_7623.vnnlib,,sat,0.339788726,FALSIFIED,1,20.0,0.339788726,0.350151651,3.0693300645798445,3.06,0,1,,1,False,True,6.969019444857949e-09,17.3,1795.2,completed,0,climb_fsb,cef63b0c5cda32a53129,scratch/logs/fse2026/climb_fsb/safenlp_2024/e1_cef63b0c5cda32a53129.log
safenlp_2024,185,perturbations_0.onnx,hyperrectangle_1098.vnnlib,,unsat,0.136543956,CERTIFIED,1,20.0,0.136543956,0.147111785,2.97113866917789,2.93,0,,,0,,,,9.3,1569.2,completed,0,climb_fsb,aba8ae5bd8e9f02ea7bf,scratch/logs/fse2026/climb_fsb/safenlp_2024/e1_aba8ae5bd8e9f02ea7bf.log
safenlp_2024,186,perturbations_0.onnx,hyperrectangle_6223.vnnlib,,sat,0.33873483,FALSIFIED,1,20.0,0.33873483,0.349277217,3.119671067222953,3.11,0,1,,1,False,True,7.082376130007617e-09,17.3,1784.6,completed,0,climb_fsb,abb7041cdffe370776dc,scratch/logs/fse2026/climb_fsb/safenlp_2024/e1_abb7041cdffe370776dc.log
safenlp_2024,187,perturbations_0.onnx,hyperrectangle_661.vnnlib,,sat,0.588015469,FALSIFIED,1,20.0,0.588015469,0.598509982,9.632501844316721,9.6,0,1,,1,False,True,6.755209530640016e-09,17.3,1768.1,completed,0,climb_fsb,4544c588f471a12306de,scratch/logs/fse2026/climb_fsb/safenlp_2024/e1_4544c588f471a12306de.log
safenlp_2024,188,perturbations_0.onnx,hyperrectangle_1934.vnnlib,,unsat,0.138869649,CERTIFIED,1,20.0,0.138869649,0.149298009,3.5204382613301277,3.5,0,,,0,,,,9.3,1568.9,completed,0,climb_fsb,5ff0dfb1bf0c726513b4,scratch/logs/fse2026/climb_fsb/safenlp_2024/e1_5ff0dfb1bf0c726513b4.log
safenlp_2024,189,perturbations_0.onnx,hyperrectangle_4833.vnnlib,,sat,0.337601995,FALSIFIED,1,20.0,0.337601995,0.348234864,3.320641301572323,3.28,0,1,,1,False,True,6.06739902764275e-09,17.3,1784.5,completed,0,climb_fsb,81590680c56cf50be802,scratch/logs/fse2026/climb_fsb/safenlp_2024/e1_81590680c56cf50be802.log
safenlp_2024,190,perturbations_0.onnx,hyperrectangle_926.vnnlib,,sat,0.43498583,FALSIFIED,1,20.0,0.43498583,0.445371762,3.172421569004655,3.14,0,3,,1,False,True,4.7451150508859286e-09,18.8,1917.3,completed,0,climb_fsb,e365480f4e3ccc18b3d4,scratch/logs/fse2026/climb_fsb/safenlp_2024/e1_e365480f4e3ccc18b3d4.log
safenlp_2024,191,perturbations_0.onnx,hyperrectangle_5472.vnnlib,,unknown,20.005054275,UNKNOWN,0,20.0,20.005054275,20.015238008,22.853540623560548,22.81,1,4705,False,0,,,,167.6,2005.5,completed,0,climb_fsb,ddde45a48ddc4a9d4574,scratch/logs/fse2026/climb_fsb/safenlp_2024/e1_ddde45a48ddc4a9d4574.log
safenlp_2024,192,perturbations_0.onnx,hyperrectangle_5044.vnnlib,,sat,0.333775161,FALSIFIED,1,20.0,0.333775161,0.344599357,3.0692764446139336,3.06,0,1,,1,False,True,1.2582751562906225e-08,17.3,1767.3,completed,0,climb_fsb,20610f7b78de02f37fd5,scratch/logs/fse2026/climb_fsb/safenlp_2024/e1_20610f7b78de02f37fd5.log
safenlp_2024,193,perturbations_0.onnx,hyperrectangle_428.vnnlib,,sat,0.331586719,FALSIFIED,1,20.0,0.331586719,0.342600683,3.0197167806327343,2.98,0,1,,1,False,True,6.249785161616117e-09,17.3,1765.4,completed,0,climb_fsb,dd4ee07fdd1a1c9babcc,scratch/logs/fse2026/climb_fsb/safenlp_2024/e1_dd4ee07fdd1a1c9babcc.log
safenlp_2024,194,perturbations_0.onnx,hyperrectangle_5911.vnnlib,,unsat,0.136267845,CERTIFIED,1,20.0,0.136267845,0.146875247,2.9699882678687572,2.94,0,,,0,,,,9.3,1569.5,completed,0,climb_fsb,21ea36a77f39c65efa3a,scratch/logs/fse2026/climb_fsb/safenlp_2024/e1_21ea36a77f39c65efa3a.log
safenlp_2024,195,perturbations_0.onnx,hyperrectangle_4017.vnnlib,,sat,0.347422726,FALSIFIED,1,20.0,0.347422726,0.35822235,3.1198498122394085,3.11,0,1,,1,False,True,7.3390697130637506e-09,17.3,1780.7,completed,0,climb_fsb,ea8d0d6318523090c5cb,scratch/logs/fse2026/climb_fsb/safenlp_2024/e1_ea8d0d6318523090c5cb.log
safenlp_2024,196,perturbations_0.onnx,hyperrectangle_3895.vnnlib,,sat,0.295581218,FALSIFIED,1,20.0,0.295581218,0.306608438,3.019948724657297,3.01,0,1,,1,False,True,1.3941314158660845e-08,17.3,1784.9,completed,0,climb_fsb,acd311ac75a206a34e21,scratch/logs/fse2026/climb_fsb/safenlp_2024/e1_acd311ac75a206a34e21.log
safenlp_2024,197,perturbations_0.onnx,hyperrectangle_3744.vnnlib,,sat,0.338993704,FALSIFIED,1,20.0,0.338993704,0.350102231,3.2232570238411427,3.17,0,1,,1,False,True,6.707867733490858e-09,17.3,1770.6,completed,0,climb_fsb,11e13939b5498d6d1459,scratch/logs/fse2026/climb_fsb/safenlp_2024/e1_11e13939b5498d6d1459.log
safenlp_2024,198,perturbations_0.onnx,hyperrectangle_1392.vnnlib,,sat,0.512336878,FALSIFIED,1,20.0,0.512336878,0.523141539,8.329714795574546,8.27,0,1,,1,False,True,7.100949300786752e-09,17.3,1767.3,completed,0,climb_fsb,ab2cfaabf93d1a44ebb7,scratch/logs/fse2026/climb_fsb/safenlp_2024/e1_ab2cfaabf93d1a44ebb7.log
safenlp_2024,199,perturbations_0.onnx,hyperrectangle_1919.vnnlib,,sat,0.328988738,FALSIFIED,1,20.0,0.328988738,0.3394497,10.633827798068523,10.63,0,1,,1,False,True,1.3982038749027481e-08,17.3,1784.8,completed,0,climb_fsb,b5efc9165a80f812425c,scratch/logs/fse2026/climb_fsb/safenlp_2024/e1_b5efc9165a80f812425c.log
safenlp_2024,200,perturbations_0.onnx,hyperrectangle_7268.vnnlib,,sat,0.756548176,FALSIFIED,1,20.0,0.756548176,0.766919119,10.635057650506496,10.61,0,1,,1,False,True,1.4425087568881167e-08,17.3,1770.8,completed,0,climb_fsb,59d66d0cc02ca2e472f0,scratch/logs/fse2026/climb_fsb/safenlp_2024/e1_59d66d0cc02ca2e472f0.log
safenlp_2024,201,perturbations_0.onnx,hyperrectangle_6233.vnnlib,,sat,0.346313654,FALSIFIED,1,20.0,0.346313654,0.356844449,5.475767252966762,5.44,0,1,,1,False,True,5.957344867413283e-09,17.3,1780.8,completed,0,climb_fsb,2dc8718d8d876c5f8c50,scratch/logs/fse2026/climb_fsb/safenlp_2024/e1_2dc8718d8d876c5f8c50.log
safenlp_2024,202,perturbations_0.onnx,hyperrectangle_232.vnnlib,,unsat,0.153996602,CERTIFIED,1,20.0,0.153996602,0.164482839,3.470604535192251,3.46,0,,,0,,,,9.3,1550.0,completed,0,climb_fsb,0a8fa361830dc348fc12,scratch/logs/fse2026/climb_fsb/safenlp_2024/e1_0a8fa361830dc348fc12.log
safenlp_2024,203,perturbations_0.onnx,hyperrectangle_3112.vnnlib,,sat,0.414689258,FALSIFIED,1,20.0,0.414689258,0.425428065,8.630476888269186,8.59,0,1,,1,False,True,5.2016088936124305e-09,17.3,1769.9,completed,0,climb_fsb,ec2d3004ddb35cc0968e,scratch/logs/fse2026/climb_fsb/safenlp_2024/e1_ec2d3004ddb35cc0968e.log
safenlp_2024,204,perturbations_0.onnx,hyperrectangle_961.vnnlib,,unsat,0.128552521,CERTIFIED,1,20.0,0.128552521,0.138907941,8.02778835222125,8.01,0,,,0,,,,9.3,1546.8,completed,0,climb_fsb,f2197be9e6641782a95a,scratch/logs/fse2026/climb_fsb/safenlp_2024/e1_f2197be9e6641782a95a.log
safenlp_2024,205,perturbations_0.onnx,hyperrectangle_2601.vnnlib,,unsat,3.488211978,CERTIFIED,1,20.0,3.488211978,3.498715956,6.976241163909435,6.93,0,265,False,0,,,,28.8,2038.1,completed,0,climb_fsb,a8401b00f2a909bd8087,scratch/logs/fse2026/climb_fsb/safenlp_2024/e1_a8401b00f2a909bd8087.log
safenlp_2024,206,perturbations_0.onnx,hyperrectangle_6468.vnnlib,,sat,0.343136821,FALSIFIED,1,20.0,0.343136821,0.354507068,3.1706578843295574,3.16,0,1,,1,False,True,6.409777597582433e-09,17.3,1766.9,completed,0,climb_fsb,06d4e39f2a7248172a0a,scratch/logs/fse2026/climb_fsb/safenlp_2024/e1_06d4e39f2a7248172a0a.log
safenlp_2024,207,perturbations_0.onnx,hyperrectangle_374.vnnlib,,sat,0.564446066,FALSIFIED,1,20.0,0.564446066,0.574816834,4.2757344748824835,4.23,0,31,,1,False,True,7.020299869209268e-09,28.8,1952.3,completed,0,climb_fsb,be792881e9c13999acd4,scratch/logs/fse2026/climb_fsb/safenlp_2024/e1_be792881e9c13999acd4.log
safenlp_2024,208,perturbations_0.onnx,hyperrectangle_2519.vnnlib,,unsat,0.541089071,CERTIFIED,1,20.0,0.541089071,0.55132724,6.525616496801376,6.5,0,7,,0,,,,18.8,1995.5,completed,0,climb_fsb,2d407ae286b350fed499,scratch/logs/fse2026/climb_fsb/safenlp_2024/e1_2d407ae286b350fed499.log
safenlp_2024,209,perturbations_0.onnx,hyperrectangle_162.vnnlib,,unsat,3.606649252,CERTIFIED,1,20.0,3.606649252,3.617176339,9.130411414429545,9.11,0,89,,0,,,,27.4,1991.2,completed,0,climb_fsb,c4705ae235e70286c625,scratch/logs/fse2026/climb_fsb/safenlp_2024/e1_c4705ae235e70286c625.log
safenlp_2024,210,perturbations_0.onnx,hyperrectangle_2200.vnnlib,,unsat,3.68123938,CERTIFIED,1,20.0,3.68123938,3.691343276,6.575562294572592,6.53,0,55,,0,,,,24.5,1999.9,completed,0,climb_fsb,2cb3f27b7cbbaedf767c,scratch/logs/fse2026/climb_fsb/safenlp_2024/e1_2cb3f27b7cbbaedf767c.log
safenlp_2024,211,perturbations_0.onnx,hyperrectangle_7904.vnnlib,,sat,0.328867298,FALSIFIED,1,20.0,0.328867298,0.33901317,4.471148988232017,4.42,0,1,,1,False,True,6.477250541481183e-09,17.3,1768.6,completed,0,climb_fsb,0e56dffa4961f6495de2,scratch/logs/fse2026/climb_fsb/safenlp_2024/e1_0e56dffa4961f6495de2.log
safenlp_2024,212,perturbations_0.onnx,hyperrectangle_2262.vnnlib,,sat,0.298614135,FALSIFIED,1,20.0,0.298614135,0.308963133,3.0197752229869366,2.99,0,1,,1,False,True,6.011060066368756e-09,17.3,1770.2,completed,0,climb_fsb,6b246aa411efea851749,scratch/logs/fse2026/climb_fsb/safenlp_2024/e1_6b246aa411efea851749.log
safenlp_2024,213,perturbations_0.onnx,hyperrectangle_3394.vnnlib,,sat,0.355804948,FALSIFIED,1,20.0,0.355804948,0.366226647,3.521068574860692,3.49,0,1,,1,False,True,1.1183522552471459e-08,17.3,1770.8,completed,0,climb_fsb,b05f414aae57f6f2bdd2,scratch/logs/fse2026/climb_fsb/safenlp_2024/e1_b05f414aae57f6f2bdd2.log
safenlp_2024,214,perturbations_0.onnx,hyperrectangle_375.vnnlib,,sat,0.327714661,FALSIFIED,1,20.0,0.327714661,0.338250922,3.119097488000989,3.08,0,1,,1,False,True,6.141485819899373e-09,17.3,1768.4,completed,0,climb_fsb,38ebef9204005d34aa0c,scratch/logs/fse2026/climb_fsb/safenlp_2024/e1_38ebef9204005d34aa0c.log
safenlp_2024,215,perturbations_0.onnx,hyperrectangle_2707.vnnlib,,unsat,7.63693917,CERTIFIED,1,20.0,7.63693917,7.647521781,10.484080146998167,10.45,0,1066,False,0,,,,61.0,1995.4,completed,0,climb_fsb,c62d2c19a93402a163c3,scratch/logs/fse2026/climb_fsb/safenlp_2024/e1_c62d2c19a93402a163c3.log
safenlp_2024,216,perturbations_0.onnx,hyperrectangle_1196.vnnlib,,sat,0.328607174,FALSIFIED,1,20.0,0.328607174,0.338804131,3.120229810476303,3.1,0,1,,1,False,True,4.941692915982898e-09,17.3,1767.2,completed,0,climb_fsb,177008b986ed2446618e,scratch/logs/fse2026/climb_fsb/safenlp_2024/e1_177008b986ed2446618e.log
safenlp_2024,217,perturbations_0.onnx,hyperrectangle_4601.vnnlib,,unsat,7.665317768,CERTIFIED,1,20.0,7.665317768,7.675549172,10.482178894802928,10.46,0,3328,False,0,,,,137.5,1996.5,completed,0,climb_fsb,59c5977566a70f589979,scratch/logs/fse2026/climb_fsb/safenlp_2024/e1_59c5977566a70f589979.log
safenlp_2024,218,perturbations_0.onnx,hyperrectangle_75.vnnlib,,unsat,0.176012756,CERTIFIED,1,20.0,0.176012756,0.186323665,23.811883790418506,23.79,1,,,0,,,,9.3,1569.6,completed,0,climb_fsb,3b48a627d417c6ba4c8c,scratch/logs/fse2026/climb_fsb/safenlp_2024/e1_3b48a627d417c6ba4c8c.log
safenlp_2024,219,perturbations_0.onnx,hyperrectangle_2633.vnnlib,,sat,0.339864355,FALSIFIED,1,20.0,0.339864355,0.350186339,19.54893631860614,19.53,0,1,,1,False,True,6.758919590676982e-09,17.3,1771.5,completed,0,climb_fsb,a630eccbe4d66df52faa,scratch/logs/fse2026/climb_fsb/safenlp_2024/e1_a630eccbe4d66df52faa.log
safenlp_2024,220,perturbations_0.onnx,hyperrectangle_3197.vnnlib,,sat,0.398291867,FALSIFIED,1,20.0,0.398291867,0.40934784,3.820635497570038,3.79,0,1,,1,False,True,1.2596945930809511e-08,17.3,1767.3,completed,0,climb_fsb,5d8a5d9bb6db84c945cd,scratch/logs/fse2026/climb_fsb/safenlp_2024/e1_5d8a5d9bb6db84c945cd.log
safenlp_2024,221,perturbations_0.onnx,hyperrectangle_5353.vnnlib,,sat,0.340889463,FALSIFIED,1,20.0,0.340889463,0.351664448,3.5705331414937973,3.52,0,1,,1,False,True,6.739622138152157e-09,17.3,1767.2,completed,0,climb_fsb,cd06bd3b427476f55f8b,scratch/logs/fse2026/climb_fsb/safenlp_2024/e1_cd06bd3b427476f55f8b.log
safenlp_2024,222,perturbations_0.onnx,hyperrectangle_6505.vnnlib,,sat,0.392978841,FALSIFIED,1,20.0,0.392978841,0.403253911,3.771411035209894,3.76,0,1,,1,False,True,7.2222111069386585e-09,17.3,1767.5,completed,0,climb_fsb,132948d65803fea7e969,scratch/logs/fse2026/climb_fsb/safenlp_2024/e1_132948d65803fea7e969.log
safenlp_2024,223,perturbations_0.onnx,hyperrectangle_1890.vnnlib,,sat,0.33237501,FALSIFIED,1,20.0,0.33237501,0.342772994,3.269981848075986,3.24,0,1,,1,False,True,4.076682463827197e-09,17.3,1772.5,completed,0,climb_fsb,49f4e661fcfd3eca9b00,scratch/logs/fse2026/climb_fsb/safenlp_2024/e1_49f4e661fcfd3eca9b00.log
safenlp_2024,224,perturbations_0.onnx,hyperrectangle_5573.vnnlib,,sat,0.330061875,FALSIFIED,1,20.0,0.330061875,0.340302402,3.070790020748973,3.05,0,1,,1,False,True,5.883015352647902e-09,17.3,1767.1,completed,0,climb_fsb,11fb63f1650662af1f1a,scratch/logs/fse2026/climb_fsb/safenlp_2024/e1_11fb63f1650662af1f1a.log
safenlp_2024,225,perturbations_0.onnx,hyperrectangle_1487.vnnlib,,unsat,0.396714061,CERTIFIED,1,20.0,0.396714061,0.407051886,3.270841160789132,3.25,0,3,,0,,,,18.8,1961.8,completed,0,climb_fsb,5967f685c611e97d6135,scratch/logs/fse2026/climb_fsb/safenlp_2024/e1_5967f685c611e97d6135.log
safenlp_2024,226,perturbations_0.onnx,hyperrectangle_1333.vnnlib,,unsat,0.165980203,CERTIFIED,1,20.0,0.165980203,0.176150881,13.888974338769913,13.87,0,,,0,,,,9.3,1552.0,completed,0,climb_fsb,5b99ee0b1ca54c85d27c,scratch/logs/fse2026/climb_fsb/safenlp_2024/e1_5b99ee0b1ca54c85d27c.log
safenlp_2024,227,perturbations_0.onnx,hyperrectangle_4602.vnnlib,,unsat,1.509806544,CERTIFIED,1,20.0,1.509806544,1.520600636,8.329764829948545,8.28,0,41,,0,,,,20.2,2040.6,completed,0,climb_fsb,8ba195d25232fe07f5eb,scratch/logs/fse2026/climb_fsb/safenlp_2024/e1_8ba195d25232fe07f5eb.log
safenlp_2024,228,perturbations_0.onnx,hyperrectangle_1593.vnnlib,,unsat,0.129168583,CERTIFIED,1,20.0,0.129168583,0.139858015,3.321426587179303,3.32,0,,,0,,,,9.3,1548.7,completed,0,climb_fsb,0d28b74b017bd92db886,scratch/logs/fse2026/climb_fsb/safenlp_2024/e1_0d28b74b017bd92db886.log
safenlp_2024,229,perturbations_0.onnx,hyperrectangle_1555.vnnlib,,unsat,0.812823363,CERTIFIED,1,20.0,0.812823363,0.823349867,3.870365060865879,3.84,0,9,,0,,,,18.8,1992.9,completed,0,climb_fsb,f553b8656e179d3b510a,scratch/logs/fse2026/climb_fsb/safenlp_2024/e1_f553b8656e179d3b510a.log
safenlp_2024,230,perturbations_0.onnx,hyperrectangle_1549.vnnlib,,unsat,0.821659468,CERTIFIED,1,20.0,0.821659468,0.832160814,3.822089646011591,3.79,0,5,,0,,,,18.8,1979.7,completed,0,climb_fsb,a062f961b27663fda56c,scratch/logs/fse2026/climb_fsb/safenlp_2024/e1_a062f961b27663fda56c.log
safenlp_2024,231,perturbations_0.onnx,hyperrectangle_7095.vnnlib,,sat,0.332785353,FALSIFIED,1,20.0,0.332785353,0.34232928,4.421835012733936,4.41,0,1,,1,False,True,8.523590833142691e-09,17.3,1773.2,completed,0,climb_fsb,40d077cf1936aa756db0,scratch/logs/fse2026/climb_fsb/safenlp_2024/e1_40d077cf1936aa756db0.log
safenlp_2024,232,perturbations_0.onnx,hyperrectangle_6941.vnnlib,,unsat,2.535343744,CERTIFIED,1,20.0,2.535343744,2.54552445,8.379481635987759,8.37,0,63,,0,,,,23.1,1999.2,completed,0,climb_fsb,e719d0151d8272f26ded,scratch/logs/fse2026/climb_fsb/safenlp_2024/e1_e719d0151d8272f26ded.log
safenlp_2024,233,perturbations_0.onnx,hyperrectangle_6717.vnnlib,,sat,0.330526592,FALSIFIED,1,20.0,0.330526592,0.341128256,3.0204553678631783,3.01,0,1,,1,False,True,5.874604969147157e-09,17.3,1767.3,completed,0,climb_fsb,6eef9c6d96809c2a41e9,scratch/logs/fse2026/climb_fsb/safenlp_2024/e1_6eef9c6d96809c2a41e9.log
safenlp_2024,234,perturbations_0.onnx,hyperrectangle_4863.vnnlib,,sat,1.002417281,FALSIFIED,1,20.0,1.002417281,1.012967959,6.524757809937,6.51,0,1,,1,False,True,1.4536737147352596e-08,17.3,1771.6,completed,0,climb_fsb,21cd6a6704b4ec320982,scratch/logs/fse2026/climb_fsb/safenlp_2024/e1_21cd6a6704b4ec320982.log
safenlp_2024,235,perturbations_0.onnx,hyperrectangle_2682.vnnlib,,unsat,0.663173033,CERTIFIED,1,20.0,0.663173033,0.673576642,3.6704771779477596,3.66,0,20,,0,,,,20.3,2028.3,completed,0,climb_fsb,bd95e006dfac1efc26b7,scratch/logs/fse2026/climb_fsb/safenlp_2024/e1_bd95e006dfac1efc26b7.log
safenlp_2024,236,perturbations_0.onnx,hyperrectangle_4523.vnnlib,,unsat,1.358538883,CERTIFIED,1,20.0,1.358538883,1.368425988,4.121656330302358,4.09,0,21,,0,,,,20.2,1973.9,completed,0,climb_fsb,fbe6606573bb27df3af1,scratch/logs/fse2026/climb_fsb/safenlp_2024/e1_fbe6606573bb27df3af1.log
safenlp_2024,237,perturbations_0.onnx,hyperrectangle_4496.vnnlib,,unsat,2.295297442,CERTIFIED,1,20.0,2.295297442,2.306030126,9.180727206170559,9.14,0,1248,False,0,,,,86.7,2002.9,completed,0,climb_fsb,afa28a7e08f2d32e274a,scratch/logs/fse2026/climb_fsb/safenlp_2024/e1_afa28a7e08f2d32e274a.log
safenlp_2024,238,perturbations_0.onnx,hyperrectangle_2639.vnnlib,,sat,0.326297952,FALSIFIED,1,20.0,0.326297952,0.336801795,3.0195272155106068,3.0,0,1,,1,False,True,2.4694595396335117e-09,17.3,1765.3,completed,0,climb_fsb,4204068dfdad519b86af,scratch/logs/fse2026/climb_fsb/safenlp_2024/e1_4204068dfdad519b86af.log
safenlp_2024,239,perturbations_0.onnx,hyperrectangle_5499.vnnlib,,sat,0.27206577,FALSIFIED,1,20.0,0.27206577,0.282260569,3.0701018795371056,3.04,0,1,,1,False,True,7.009503144583817e-09,17.3,1768.1,completed,0,climb_fsb,b81bac4e28128594514e,scratch/logs/fse2026/climb_fsb/safenlp_2024/e1_b81bac4e28128594514e.log
safenlp_2024,240,perturbations_0.onnx,hyperrectangle_895.vnnlib,,unsat,0.128067456,CERTIFIED,1,20.0,0.128067456,0.138866965,2.8716229498386383,2.85,0,,,0,,,,9.3,1548.5,completed,0,climb_fsb,26d700bee51a1a7bf649,scratch/logs/fse2026/climb_fsb/safenlp_2024/e1_26d700bee51a1a7bf649.log
safenlp_2024,241,perturbations_0.onnx,hyperrectangle_2227.vnnlib,,unsat,0.665144186,CERTIFIED,1,20.0,0.665144186,0.675747441,3.5201484095305204,3.49,0,9,,0,,,,18.8,1992.9,completed,0,climb_fsb,222f5824d8ae860f4132,scratch/logs/fse2026/climb_fsb/safenlp_2024/e1_222f5824d8ae860f4132.log
safenlp_2024,242,perturbations_0.onnx,hyperrectangle_167.vnnlib,,unsat,0.134694669,CERTIFIED,1,20.0,0.134694669,0.144990183,3.6201518289744854,3.59,0,,,0,,,,9.3,1563.2,completed,0,climb_fsb,951bce42e32feb5f0a31,scratch/logs/fse2026/climb_fsb/safenlp_2024/e1_951bce42e32feb5f0a31.log
safenlp_2024,243,perturbations_0.onnx,hyperrectangle_2618.vnnlib,,sat,0.431920892,FALSIFIED,1,20.0,0.431920892,0.442551641,3.9708897192031145,3.95,0,1,,1,False,True,6.341681541011113e-09,17.3,1801.3,completed,0,climb_fsb,20f8bee1334e0cbd521c,scratch/logs/fse2026/climb_fsb/safenlp_2024/e1_20f8bee1334e0cbd521c.log
safenlp_2024,244,perturbations_0.onnx,hyperrectangle_1357.vnnlib,,unsat,0.127954809,CERTIFIED,1,20.0,0.127954809,0.138492865,2.9189275857061148,2.9,0,,,0,,,,9.3,1548.7,completed,0,climb_fsb,f301f7ee325011dabc69,scratch/logs/fse2026/climb_fsb/safenlp_2024/e1_f301f7ee325011dabc69.log
safenlp_2024,245,perturbations_0.onnx,hyperrectangle_965.vnnlib,,unsat,0.128812825,CERTIFIED,1,20.0,0.128812825,0.139283076,3.0200877636671066,2.98,0,,,0,,,,9.3,1549.4,completed,0,climb_fsb,2b0100124c4fadc180d6,scratch/logs/fse2026/climb_fsb/safenlp_2024/e1_2b0100124c4fadc180d6.log
safenlp_2024,246,perturbations_0.onnx,hyperrectangle_6022.vnnlib,,sat,0.326351469,FALSIFIED,1,20.0,0.326351469,0.336793942,3.1201529428362846,3.08,0,1,,1,False,True,1.2027824736193793e-08,17.3,1766.8,completed,0,climb_fsb,10ef48c2889fe14fa4d1,scratch/logs/fse2026/climb_fsb/safenlp_2024/e1_10ef48c2889fe14fa4d1.log
safenlp_2024,247,perturbations_0.onnx,hyperrectangle_3516.vnnlib,,unsat,5.952917626,CERTIFIED,1,20.0,5.952917626,5.963034693,12.090895555913448,12.05,0,90,False,0,,,,23.1,1996.6,completed,0,climb_fsb,0353a9c74deca8cebb23,scratch/logs/fse2026/climb_fsb/safenlp_2024/e1_0353a9c74deca8cebb23.log
safenlp_2024,248,perturbations_0.onnx,hyperrectangle_816.vnnlib,,unsat,0.114119206,CERTIFIED,1,20.0,0.114119206,0.124902364,3.4709182679653168,3.43,0,,,0,,,,9.3,1547.6,completed,0,climb_fsb,2cc42bba0d12092a44d4,scratch/logs/fse2026/climb_fsb/safenlp_2024/e1_2cc42bba0d12092a44d4.log
safenlp_2024,249,perturbations_0.onnx,hyperrectangle_162.vnnlib,,sat,0.377043225,FALSIFIED,1,20.0,0.377043225,0.386812182,3.6765016205608845,3.66,0,1,,1,False,True,3.558964775662865e-09,17.3,1782.0,completed,0,climb_fsb,51ab9e112dcc9d9c673a,scratch/logs/fse2026/climb_fsb/safenlp_2024/e1_51ab9e112dcc9d9c673a.log
safenlp_2024,250,perturbations_0.onnx,hyperrectangle_5704.vnnlib,,sat,0.597748432,FALSIFIED,1,20.0,0.597748432,0.608209364,4.371686952188611,4.34,0,1,,1,False,True,3.827158312486034e-09,17.3,1766.7,completed,0,climb_fsb,f7ef9396d7ab07c12fc9,scratch/logs/fse2026/climb_fsb/safenlp_2024/e1_f7ef9396d7ab07c12fc9.log
safenlp_2024,251,perturbations_0.onnx,hyperrectangle_1112.vnnlib,,unsat,0.399893733,CERTIFIED,1,20.0,0.399893733,0.410273688,7.778275839984417,7.76,0,3,False,0,,,,18.8,1933.4,completed,0,climb_fsb,b7b0572ba49c22fc7ac7,scratch/logs/fse2026/climb_fsb/safenlp_2024/e1_b7b0572ba49c22fc7ac7.log
safenlp_2024,252,perturbations_0.onnx,hyperrectangle_1679.vnnlib,,unsat,0.125834012,CERTIFIED,1,20.0,0.125834012,0.136666205,9.531726041808724,9.51,0,,,0,,,,9.3,1544.1,completed,0,climb_fsb,27fb3a88d6ac7beac977,scratch/logs/fse2026/climb_fsb/safenlp_2024/e1_27fb3a88d6ac7beac977.log
safenlp_2024,253,perturbations_0.onnx,hyperrectangle_6262.vnnlib,,sat,0.377005672,FALSIFIED,1,20.0,0.377005672,0.387762422,3.720766745507717,3.71,0,1,,1,False,True,4.593029928612324e-09,17.3,1769.9,completed,0,climb_fsb,c32cc0dff27bc4d0aa0b,scratch/logs/fse2026/climb_fsb/safenlp_2024/e1_c32cc0dff27bc4d0aa0b.log
safenlp_2024,254,perturbations_0.onnx,hyperrectangle_1147.vnnlib,,unsat,0.137434708,CERTIFIED,1,20.0,0.137434708,0.147749044,9.681345200166106,9.63,0,,,0,,,,9.3,1544.9,completed,0,climb_fsb,055a1ff5026fd0e76407,scratch/logs/fse2026/climb_fsb/safenlp_2024/e1_055a1ff5026fd0e76407.log
safenlp_2024,255,perturbations_0.onnx,hyperrectangle_2065.vnnlib,,unsat,6.313241139,CERTIFIED,1,20.0,6.313241139,6.323548788,9.985667616128922,9.97,0,5590,False,0,,,,235.5,1993.4,completed,0,climb_fsb,b1ab58120e3fecbd43e5,scratch/logs/fse2026/climb_fsb/safenlp_2024/e1_b1ab58120e3fecbd43e5.log
safenlp_2024,256,perturbations_0.onnx,hyperrectangle_4635.vnnlib,,sat,0.309558263,FALSIFIED,1,20.0,0.309558263,0.320085932,4.571662042289972,4.53,0,1,,1,False,True,6.768922061750615e-09,17.3,1767.5,completed,0,climb_fsb,ffff742628faceb99c94,scratch/logs/fse2026/climb_fsb/safenlp_2024/e1_ffff742628faceb99c94.log
safenlp_2024,257,perturbations_0.onnx,hyperrectangle_1804.vnnlib,,sat,0.911927015,FALSIFIED,1,20.0,0.911927015,0.922668621,14.190592670813203,14.18,0,1,,1,False,True,6.287915466085536e-09,17.3,1767.8,completed,0,climb_fsb,d5ccce775efd10f59cd3,scratch/logs/fse2026/climb_fsb/safenlp_2024/e1_d5ccce775efd10f59cd3.log
safenlp_2024,258,perturbations_0.onnx,hyperrectangle_7527.vnnlib,,sat,0.306148699,FALSIFIED,1,20.0,0.306148699,0.316762349,3.5217729471623898,3.49,0,1,,1,False,True,6.012111863906711e-09,17.3,1771.6,completed,0,climb_fsb,12086533af9f63e834f5,scratch/logs/fse2026/climb_fsb/safenlp_2024/e1_12086533af9f63e834f5.log
safenlp_2024,259,perturbations_0.onnx,hyperrectangle_2758.vnnlib,,sat,0.332408931,FALSIFIED,1,20.0,0.332408931,0.343525644,3.22057425044477,3.21,0,1,,1,False,True,1.3252349051473544e-08,17.3,1769.6,completed,0,climb_fsb,43779fdd7008b2005b92,scratch/logs/fse2026/climb_fsb/safenlp_2024/e1_43779fdd7008b2005b92.log
safenlp_2024,260,perturbations_0.onnx,hyperrectangle_2717.vnnlib,,sat,0.328529969,FALSIFIED,1,20.0,0.328529969,0.339300105,3.0693680848926306,3.01,0,1,,1,False,True,3.787584912373632e-09,17.3,1795.5,completed,0,climb_fsb,465f3a8ae25d0ab36bba,scratch/logs/fse2026/climb_fsb/safenlp_2024/e1_465f3a8ae25d0ab36bba.log
safenlp_2024,261,perturbations_0.onnx,hyperrectangle_6785.vnnlib,,unsat,13.328941192,CERTIFIED,1,20.0,13.328941192,13.339424105,28.86790935508907,28.83,1,228,False,0,,,,30.2,2047.3,completed,0,climb_fsb,f2cff7b8722510f8b9f9,scratch/logs/fse2026/climb_fsb/safenlp_2024/e1_f2cff7b8722510f8b9f9.log
safenlp_2024,262,perturbations_0.onnx,hyperrectangle_4476.vnnlib,,sat,0.30903798,FALSIFIED,1,20.0,0.30903798,0.319470871,3.4218627754598856,3.37,0,1,,1,False,True,6.2512045817531e-09,17.3,1773.0,completed,0,climb_fsb,3efa047ee1e11ef5b956,scratch/logs/fse2026/climb_fsb/safenlp_2024/e1_3efa047ee1e11ef5b956.log
safenlp_2024,263,perturbations_0.onnx,hyperrectangle_1231.vnnlib,,unsat,0.114763262,CERTIFIED,1,20.0,0.114763262,0.124565728,3.4202233012765646,3.41,0,,,0,,,,9.3,1547.1,completed,0,climb_fsb,d56b457d3052922c6443,scratch/logs/fse2026/climb_fsb/safenlp_2024/e1_d56b457d3052922c6443.log
safenlp_2024,264,perturbations_0.onnx,hyperrectangle_2660.vnnlib,,sat,0.325394403,FALSIFIED,1,20.0,0.325394403,0.336348493,3.1220916714519262,3.11,0,1,,1,False,True,9.908679599046621e-09,17.3,1767.4,completed,0,climb_fsb,f3a9293632e46cdb6cf6,scratch/logs/fse2026/climb_fsb/safenlp_2024/e1_f3a9293632e46cdb6cf6.log
safenlp_2024,265,perturbations_0.onnx,hyperrectangle_3926.vnnlib,,unsat,2.105140695,CERTIFIED,1,20.0,2.105140695,2.11608674,4.922828081995249,4.9,0,233,False,0,,,,28.1,2002.2,completed,0,climb_fsb,cdc379d81c9d4a2db929,scratch/logs/fse2026/climb_fsb/safenlp_2024/e1_cdc379d81c9d4a2db929.log
safenlp_2024,266,perturbations_0.onnx,hyperrectangle_1102.vnnlib,,unsat,0.122559858,CERTIFIED,1,20.0,0.122559858,0.13289731,2.87038679048419,2.83,0,,,0,,,,9.3,1546.4,completed,0,climb_fsb,1c4a422a24f3682d53b6,scratch/logs/fse2026/climb_fsb/safenlp_2024/e1_1c4a422a24f3682d53b6.log
safenlp_2024,267,perturbations_0.onnx,hyperrectangle_2767.vnnlib,,sat,0.329458069,FALSIFIED,1,20.0,0.329458069,0.339189744,3.0197262819856405,3.01,0,1,,1,False,True,7.3771073971773404e-09,17.3,1795.2,completed,0,climb_fsb,e8267dbac2b8c0c2a869,scratch/logs/fse2026/climb_fsb/safenlp_2024/e1_e8267dbac2b8c0c2a869.log
safenlp_2024,268,perturbations_0.onnx,hyperrectangle_2453.vnnlib,,sat,0.35861076,FALSIFIED,1,20.0,0.35861076,0.369417233,3.1193532161414623,3.08,0,1,,1,False,True,3.4023992373510836e-09,17.3,1769.6,completed,0,climb_fsb,ab2853dffb16c54eb2d7,scratch/logs/fse2026/climb_fsb/safenlp_2024/e1_ab2853dffb16c54eb2d7.log
safenlp_2024,269,perturbations_0.onnx,hyperrectangle_5349.vnnlib,,sat,1.24157651,FALSIFIED,1,20.0,1.24157651,1.251868533,22.204434348270297,22.18,1,1,,1,False,True,1.4724799712872993e-08,17.3,1772.8,completed,0,climb_fsb,7ea8feafc323d021e7b3,scratch/logs/fse2026/climb_fsb/safenlp_2024/e1_7ea8feafc323d021e7b3.log
safenlp_2024,270,perturbations_0.onnx,hyperrectangle_1073.vnnlib,,unsat,0.126838477,CERTIFIED,1,20.0,0.126838477,0.137197513,9.134262239560485,9.09,0,,,0,,,,9.3,1580.7,completed,0,climb_fsb,e543e539c39bd4f362f6,scratch/logs/fse2026/climb_fsb/safenlp_2024/e1_e543e539c39bd4f362f6.log
safenlp_2024,271,perturbations_0.onnx,hyperrectangle_7609.vnnlib,,sat,0.394850932,FALSIFIED,1,20.0,0.394850932,0.405168748,3.720990726724267,3.68,0,1,,1,False,True,6.115071699008823e-09,17.3,1809.3,completed,0,climb_fsb,4732e39653d4b4cea426,scratch/logs/fse2026/climb_fsb/safenlp_2024/e1_4732e39653d4b4cea426.log
safenlp_2024,272,perturbations_0.onnx,hyperrectangle_2548.vnnlib,,sat,0.417182432,FALSIFIED,1,20.0,0.417182432,0.427380258,3.520416622981429,3.51,0,1,,1,False,True,3.352099847697687e-09,17.3,1767.7,completed,0,climb_fsb,b8d61409a7f218484aff,scratch/logs/fse2026/climb_fsb/safenlp_2024/e1_b8d61409a7f218484aff.log
safenlp_2024,273,perturbations_0.onnx,hyperrectangle_316.vnnlib,,sat,0.437126525,FALSIFIED,1,20.0,0.437126525,0.447381603,3.6705239973962307,3.62,0,1,,1,False,True,2.498649037674383e-09,17.3,1767.6,completed,0,climb_fsb,de3f3243a9b9c4493f84,scratch/logs/fse2026/climb_fsb/safenlp_2024/e1_de3f3243a9b9c4493f84.log
safenlp_2024,274,perturbations_0.onnx,hyperrectangle_3218.vnnlib,,unsat,2.565774849,CERTIFIED,1,20.0,2.565774849,2.576864036,5.874916849657893,5.85,0,130,,0,,,,24.5,2002.5,completed,0,climb_fsb,8ca38bc7e2b35ae823f3,scratch/logs/fse2026/climb_fsb/safenlp_2024/e1_8ca38bc7e2b35ae823f3.log
safenlp_2024,275,perturbations_0.onnx,hyperrectangle_2232.vnnlib,,sat,0.323616175,FALSIFIED,1,20.0,0.323616175,0.3341862,3.52087221108377,3.5,0,1,,1,False,True,5.545838344112042e-09,17.3,1767.5,completed,0,climb_fsb,8b6f58c78b2e1c03e783,scratch/logs/fse2026/climb_fsb/safenlp_2024/e1_8b6f58c78b2e1c03e783.log
safenlp_2024,276,perturbations_0.onnx,hyperrectangle_2454.vnnlib,,sat,0.458953163,FALSIFIED,1,20.0,0.458953163,0.469328111,3.6716232262551785,3.62,0,1,,1,False,True,7.38358135743411e-09,17.3,1767.6,completed,0,climb_fsb,19acee37daf75d978ec9,scratch/logs/fse2026/climb_fsb/safenlp_2024/e1_19acee37daf75d978ec9.log
safenlp_2024,277,perturbations_0.onnx,hyperrectangle_4576.vnnlib,,unsat,0.115038484,CERTIFIED,1,20.0,0.115038484,0.124749215,3.420961767435074,3.4,0,,,0,,,,9.3,1547.7,completed,0,climb_fsb,f11019f97958e3617868,scratch/logs/fse2026/climb_fsb/safenlp_2024/e1_f11019f97958e3617868.log
safenlp_2024,278,perturbations_0.onnx,hyperrectangle_896.vnnlib,,sat,0.352417402,FALSIFIED,1,20.0,0.352417402,0.363095777,3.069602070376277,3.06,0,1,,1,False,True,6.454555473434098e-09,17.3,1781.1,completed,0,climb_fsb,dc0ea295e2537011c087,scratch/logs/fse2026/climb_fsb/safenlp_2024/e1_dc0ea295e2537011c087.log
safenlp_2024,279,perturbations_0.onnx,hyperrectangle_1795.vnnlib,,unsat,7.171061244,CERTIFIED,1,20.0,7.171061244,7.181542132,9.931777440011501,9.88,0,1906,False,0,,,,95.3,2003.8,completed,0,climb_fsb,3e6ad85be2f09bbd71b0,scratch/logs/fse2026/climb_fsb/safenlp_2024/e1_3e6ad85be2f09bbd71b0.log
safenlp_2024,280,perturbations_0.onnx,hyperrectangle_7762.vnnlib,,unsat,4.968900479,CERTIFIED,1,20.0,4.968900479,4.979261341,8.330443056300282,8.3,0,707,False,0,,,,50.2,2007.3,completed,0,climb_fsb,6f68e89c65ce9948fff6,scratch/logs/fse2026/climb_fsb/safenlp_2024/e1_6f68e89c65ce9948fff6.log
safenlp_2024,281,perturbations_0.onnx,hyperrectangle_1526.vnnlib,,sat,0.30429866,FALSIFIED,1,20.0,0.30429866,0.314628027,4.622143229469657,4.57,0,1,,1,False,True,5.876087894041149e-09,17.3,1767.5,completed,0,climb_fsb,9bd1876a2a0d77f4bf46,scratch/logs/fse2026/climb_fsb/safenlp_2024/e1_9bd1876a2a0d77f4bf46.log
safenlp_2024,282,perturbations_0.onnx,hyperrectangle_4168.vnnlib,,sat,0.285293458,FALSIFIED,1,20.0,0.285293458,0.295843536,4.671853885054588,4.66,0,1,,1,False,True,6.85372833486575e-09,17.3,1770.4,completed,0,climb_fsb,7bbda8e0d731fc6fd183,scratch/logs/fse2026/climb_fsb/safenlp_2024/e1_7bbda8e0d731fc6fd183.log
safenlp_2024,283,perturbations_0.onnx,hyperrectangle_1959.vnnlib,,unsat,2.995736824,CERTIFIED,1,20.0,2.995736824,3.006293526,8.378553928807378,8.37,0,470,False,0,,,,42.4,2026.5,completed,0,climb_fsb,d40ccfa448b7edda1f15,scratch/logs/fse2026/climb_fsb/safenlp_2024/e1_d40ccfa448b7edda1f15.log
safenlp_2024,284,perturbations_0.onnx,hyperrectangle_706.vnnlib,,unsat,0.115788346,CERTIFIED,1,20.0,0.115788346,0.125839397,3.3210644833743572,3.3,0,,,0,,,,9.3,1546.4,completed,0,climb_fsb,e9972ace52d2b36618bd,scratch/logs/fse2026/climb_fsb/safenlp_2024/e1_e9972ace52d2b36618bd.log
safenlp_2024,285,perturbations_0.onnx,hyperrectangle_98.vnnlib,,unsat,0.137412595,CERTIFIED,1,20.0,0.137412595,0.147769615,3.7709035854786634,3.76,0,,,0,,,,9.3,1546.2,completed,0,climb_fsb,6e2c368d7e4b17ec8c82,scratch/logs/fse2026/climb_fsb/safenlp_2024/e1_6e2c368d7e4b17ec8c82.log
safenlp_2024,286,perturbations_0.onnx,hyperrectangle_7882.vnnlib,,sat,0.362897128,FALSIFIED,1,20.0,0.362897128,0.373103492,4.221993371844292,4.18,0,1,,1,False,True,1.2098157753381855e-08,17.3,1768.5,completed,0,climb_fsb,bea7903dc6f9dc08012c,scratch/logs/fse2026/climb_fsb/safenlp_2024/e1_bea7903dc6f9dc08012c.log
safenlp_2024,287,perturbations_0.onnx,hyperrectangle_996.vnnlib,,sat,0.77491528,FALSIFIED,1,20.0,0.77491528,0.785520935,4.321047170087695,4.28,0,1,,1,False,True,1.136612465257869e-08,17.3,1766.0,completed,0,climb_fsb,7de7674155937b470581,scratch/logs/fse2026/climb_fsb/safenlp_2024/e1_7de7674155937b470581.log
safenlp_2024,288,perturbations_0.onnx,hyperrectangle_7408.vnnlib,,unsat,0.686305584,CERTIFIED,1,20.0,0.686305584,0.697062273,3.7204784601926804,3.67,0,23,,0,,,,21.6,2042.9,completed,0,climb_fsb,fb3c8158cf30e44a3345,scratch/logs/fse2026/climb_fsb/safenlp_2024/e1_fb3c8158cf30e44a3345.log
safenlp_2024,289,perturbations_0.onnx,hyperrectangle_1886.vnnlib,,unsat,3.030535163,CERTIFIED,1,20.0,3.030535163,3.041242383,7.726686280220747,7.7,0,184,,0,,,,27.4,1997.2,completed,0,climb_fsb,dfb301ecec5f1afb9071,scratch/logs/fse2026/climb_fsb/safenlp_2024/e1_dfb301ecec5f1afb9071.log
safenlp_2024,290,perturbations_0.onnx,hyperrectangle_5858.vnnlib,,sat,1.31841212,FALSIFIED,1,20.0,1.31841212,1.328882363,5.774366516619921,5.75,0,1,,1,False,True,8.591402422819527e-09,17.3,1781.6,completed,0,climb_fsb,1a45efcf0d521e7100d4,scratch/logs/fse2026/climb_fsb/safenlp_2024/e1_1a45efcf0d521e7100d4.log
safenlp_2024,291,perturbations_0.onnx,hyperrectangle_3935.vnnlib,,sat,0.768016784,FALSIFIED,1,20.0,0.768016784,0.778733892,5.22447725199163,5.18,0,1,,1,False,True,4.849416118668515e-09,17.3,1767.6,completed,0,climb_fsb,1fd90db81c44718a19e5,scratch/logs/fse2026/climb_fsb/safenlp_2024/e1_1fd90db81c44718a19e5.log
safenlp_2024,292,perturbations_0.onnx,hyperrectangle_406.vnnlib,,sat,0.323168039,FALSIFIED,1,20.0,0.323168039,0.33359802,3.219789480790496,3.19,0,1,,1,False,True,6.746397940293747e-09,17.3,1771.5,completed,0,climb_fsb,5b67da27c270ce655cd2,scratch/logs/fse2026/climb_fsb/safenlp_2024/e1_5b67da27c270ce655cd2.log
safenlp_2024,293,perturbations_0.onnx,hyperrectangle_215.vnnlib,,sat,0.653986385,FALSIFIED,1,20.0,0.653986385,0.664717231,4.421874111518264,4.38,0,1,,1,False,True,6.953965819844754e-09,17.3,1768.3,completed,0,climb_fsb,359c8a18da40bca3292d,scratch/logs/fse2026/climb_fsb/safenlp_2024/e1_359c8a18da40bca3292d.log
safenlp_2024,294,perturbations_0.onnx,hyperrectangle_186.vnnlib,,unsat,0.850610109,CERTIFIED,1,20.0,0.850610109,0.862113098,3.770086256787181,3.72,0,47,,0,,,,23.1,2015.2,completed,0,climb_fsb,9422bc0364fb181a5221,scratch/logs/fse2026/climb_fsb/safenlp_2024/e1_9422bc0364fb181a5221.log
safenlp_2024,295,perturbations_0.onnx,hyperrectangle_4212.vnnlib,,sat,0.357632108,FALSIFIED,1,20.0,0.357632108,0.36900204,4.9234557412564754,4.88,0,1,,1,False,True,6.7621249433269526e-09,17.3,1765.6,completed,0,climb_fsb,f729dc726b1e0e86ddf0,scratch/logs/fse2026/climb_fsb/safenlp_2024/e1_f729dc726b1e0e86ddf0.log
safenlp_2024,296,perturbations_0.onnx,hyperrectangle_4183.vnnlib,,sat,0.32867606,FALSIFIED,1,20.0,0.32867606,0.339650882,3.2233462892472744,3.19,0,1,,1,False,True,6.594426116279806e-09,17.3,1767.4,completed,0,climb_fsb,21972cc90bf6deff03f5,scratch/logs/fse2026/climb_fsb/safenlp_2024/e1_21972cc90bf6deff03f5.log
safenlp_2024,297,perturbations_0.onnx,hyperrectangle_1.vnnlib,,sat,0.591360455,FALSIFIED,1,20.0,0.591360455,0.601676617,4.171193275600672,4.15,0,1,,1,False,True,5.662701918485169e-09,17.3,1772.8,completed,0,climb_fsb,f72633c78f4b2fa665bd,scratch/logs/fse2026/climb_fsb/safenlp_2024/e1_f72633c78f4b2fa665bd.log
safenlp_2024,298,perturbations_0.onnx,hyperrectangle_1066.vnnlib,,sat,0.672810871,FALSIFIED,1,20.0,0.672810871,0.683289135,4.1714257672429085,4.12,0,39,,1,False,True,6.197966140319977e-09,28.8,2012.5,completed,0,climb_fsb,28fcb168f1b566e6fd47,scratch/logs/fse2026/climb_fsb/safenlp_2024/e1_28fcb168f1b566e6fd47.log
safenlp_2024,299,perturbations_0.onnx,hyperrectangle_1093.vnnlib,,unsat,7.975858087,CERTIFIED,1,20.0,7.975858087,7.987408143,10.932658998295665,10.92,0,6164,False,0,,,,239.8,1997.2,completed,0,climb_fsb,b10bdaad78f52964a4d2,scratch/logs/fse2026/climb_fsb/safenlp_2024/e1_b10bdaad78f52964a4d2.log
safenlp_2024,300,perturbations_0.onnx,hyperrectangle_451.vnnlib,,sat,0.493054513,FALSIFIED,1,20.0,0.493054513,0.504265852,4.021769551560283,3.98,0,3,,1,False,True,1.3701365153551137e-08,18.8,1914.8,completed,0,climb_fsb,c5c84901c15f9e5b658b,scratch/logs/fse2026/climb_fsb/safenlp_2024/e1_c5c84901c15f9e5b658b.log
safenlp_2024,301,perturbations_0.onnx,hyperrectangle_1815.vnnlib,,unsat,0.125824805,CERTIFIED,1,20.0,0.125824805,0.136030834,3.672269657254219,3.63,0,,,0,,,,9.3,1569.6,completed,0,climb_fsb,7c7cdf67a3fde420d66e,scratch/logs/fse2026/climb_fsb/safenlp_2024/e1_7c7cdf67a3fde420d66e.log
safenlp_2024,302,perturbations_0.onnx,hyperrectangle_281.vnnlib,,unsat,0.115560079,CERTIFIED,1,20.0,0.115560079,0.126131242,3.0196532402187586,3.0,0,,,0,,,,9.3,1546.5,completed,0,climb_fsb,e9836e23632b4e2c1817,scratch/logs/fse2026/climb_fsb/safenlp_2024/e1_e9836e23632b4e2c1817.log
safenlp_2024,303,perturbations_0.onnx,hyperrectangle_4199.vnnlib,,sat,0.333649581,FALSIFIED,1,20.0,0.333649581,0.344878929,3.3196536023169756,3.27,0,1,,1,False,True,1.306311170345964e-08,17.3,1772.5,completed,0,climb_fsb,d50f4db156a5b9010a54,scratch/logs/fse2026/climb_fsb/safenlp_2024/e1_d50f4db156a5b9010a54.log
safenlp_2024,304,perturbations_0.onnx,hyperrectangle_5452.vnnlib,,sat,0.442252692,FALSIFIED,1,20.0,0.442252692,0.452760696,5.977026464417577,5.96,0,1,,1,False,True,4.956836691105693e-09,17.3,1765.3,completed,0,climb_fsb,3f5f7b73691cd5202734,scratch/logs/fse2026/climb_fsb/safenlp_2024/e1_3f5f7b73691cd5202734.log
safenlp_2024,305,perturbations_0.onnx,hyperrectangle_1621.vnnlib,,unsat,0.466373026,CERTIFIED,1,20.0,0.466373026,0.477125235,3.8705172780901194,3.82,0,3,,0,,,,18.8,1936.9,completed,0,climb_fsb,f232e02f1137d520d428,scratch/logs/fse2026/climb_fsb/safenlp_2024/e1_f232e02f1137d520d428.log
safenlp_2024,306,perturbations_0.onnx,hyperrectangle_4045.vnnlib,,unsat,10.945922671,CERTIFIED,1,20.0,10.945922671,10.956678176,13.942541861906648,13.9,0,4869,False,0,,,,201.2,2005.8,completed,0,climb_fsb,d71bac7d08e84e231934,scratch/logs/fse2026/climb_fsb/safenlp_2024/e1_d71bac7d08e84e231934.log
safenlp_2024,307,perturbations_0.onnx,hyperrectangle_4375.vnnlib,,unsat,16.905175403,CERTIFIED,1,20.0,16.905175403,16.916384798,19.904575472697616,19.86,0,9151,False,0,,,,307.8,2016.8,completed,0,climb_fsb,587f513514e0c0a70be4,scratch/logs/fse2026/climb_fsb/safenlp_2024/e1_587f513514e0c0a70be4.log
safenlp_2024,308,perturbations_0.onnx,hyperrectangle_1595.vnnlib,,sat,0.316892317,FALSIFIED,1,20.0,0.316892317,0.327750565,4.228543868288398,4.21,0,1,,1,False,True,8.575018639600529e-09,17.3,1764.9,completed,0,climb_fsb,a41b95f76c6db6226990,scratch/logs/fse2026/climb_fsb/safenlp_2024/e1_a41b95f76c6db6226990.log
safenlp_2024,309,perturbations_0.onnx,hyperrectangle_3225.vnnlib,,sat,0.304071585,FALSIFIED,1,20.0,0.304071585,0.314346278,2.9702008739113808,2.93,0,1,,1,False,True,1.4509236312409968e-08,17.3,1790.3,completed,0,climb_fsb,02b21684abbd9f6e9648,scratch/logs/fse2026/climb_fsb/safenlp_2024/e1_02b21684abbd9f6e9648.log
safenlp_2024,310,perturbations_0.onnx,hyperrectangle_2228.vnnlib,,sat,0.320138214,FALSIFIED,1,20.0,0.320138214,0.33045551,3.069670869037509,3.05,0,1,,1,False,True,9.457282235114661e-09,17.3,1770.8,completed,0,climb_fsb,e14158bb0dcb5098411e,scratch/logs/fse2026/climb_fsb/safenlp_2024/e1_e14158bb0dcb5098411e.log
safenlp_2024,311,perturbations_0.onnx,hyperrectangle_596.vnnlib,,sat,0.361569146,FALSIFIED,1,20.0,0.361569146,0.372207267,3.6708349604159594,3.64,0,1,,1,False,True,6.823061532434949e-09,17.3,1781.8,completed,0,climb_fsb,499f9779294d0accbc9c,scratch/logs/fse2026/climb_fsb/safenlp_2024/e1_499f9779294d0accbc9c.log
safenlp_2024,312,perturbations_0.onnx,hyperrectangle_919.vnnlib,,sat,0.652538277,FALSIFIED,1,20.0,0.652538277,0.663129847,4.471924195066094,4.42,0,1,,1,False,True,7.3657189514353405e-09,17.3,1772.1,completed,0,climb_fsb,4eb5cfe87d1d769f5f8e,scratch/logs/fse2026/climb_fsb/safenlp_2024/e1_4eb5cfe87d1d769f5f8e.log
safenlp_2024,313,perturbations_0.onnx,hyperrectangle_925.vnnlib,,sat,0.422980569,FALSIFIED,1,20.0,0.422980569,0.434787553,3.5712296403944492,3.53,0,1,,1,False,True,5.321446450157197e-09,17.3,1768.3,completed,0,climb_fsb,8804504efecd6c176d96,scratch/logs/fse2026/climb_fsb/safenlp_2024/e1_8804504efecd6c176d96.log
safenlp_2024,314,perturbations_0.onnx,hyperrectangle_6660.vnnlib,,sat,0.938294515,FALSIFIED,1,20.0,0.938294515,0.949311519,3.771159302443266,3.73,0,7,,1,False,True,1.205601257714406e-08,20.2,1954.2,completed,0,climb_fsb,8fc4791c21f529b0e010,scratch/logs/fse2026/climb_fsb/safenlp_2024/e1_8fc4791c21f529b0e010.log
safenlp_2024,315,perturbations_0.onnx,hyperrectangle_3241.vnnlib,,unsat,4.469770759,CERTIFIED,1,20.0,4.469770759,4.48013524,7.5782785806804895,7.55,0,221,,0,,,,30.9,1997.5,completed,0,climb_fsb,aee4ad0d099d0f9e1be7,scratch/logs/fse2026/climb_fsb/safenlp_2024/e1_aee4ad0d099d0f9e1be7.log
safenlp_2024,316,perturbations_0.onnx,hyperrectangle_3361.vnnlib,,sat,0.780055709,FALSIFIED,1,20.0,0.780055709,0.791048346,3.920257104560733,3.87,0,1,,1,False,True,7.306584559607643e-09,17.3,1767.9,completed,0,climb_fsb,4cd488887ea8ab027162,scratch/logs/fse2026/climb_fsb/safenlp_2024/e1_4cd488887ea8ab027162.log
safenlp_2024,317,perturbations_0.onnx,hyperrectangle_1115.vnnlib,,unsat,0.527135972,CERTIFIED,1,20.0,0.527135972,0.536997946,4.221408873796463,4.2,0,9,,0,,,,18.8,1978.9,completed,0,climb_fsb,10a589fa2c21e2258e2f,scratch/logs/fse2026/climb_fsb/safenlp_2024/e1_10a589fa2c21e2258e2f.log
safenlp_2024,318,perturbations_0.onnx,hyperrectangle_514.vnnlib,,unsat,12.143307529,CERTIFIED,1,20.0,12.143307529,12.153869079,16.645021783187985,16.62,0,6736,False,0,,,,208.4,2021.2,completed,0,climb_fsb,32144c125f70dde3f222,scratch/logs/fse2026/climb_fsb/safenlp_2024/e1_32144c125f70dde3f222.log
safenlp_2024,319,perturbations_0.onnx,hyperrectangle_6862.vnnlib,,sat,0.304994222,FALSIFIED,1,20.0,0.304994222,0.315336434,3.0688803289085627,3.05,0,1,,1,False,True,6.660573315109275e-09,17.3,1771.9,completed,0,climb_fsb,c2bc48d42483614e89e0,scratch/logs/fse2026/climb_fsb/safenlp_2024/e1_c2bc48d42483614e89e0.log
safenlp_2024,320,perturbations_0.onnx,hyperrectangle_2649.vnnlib,,unsat,0.12027573,CERTIFIED,1,20.0,0.12027573,0.130690422,2.9217343628406525,2.91,0,,,0,,,,9.3,1547.1,completed,0,climb_fsb,42fe77e6d8baec5212eb,scratch/logs/fse2026/climb_fsb/safenlp_2024/e1_42fe77e6d8baec5212eb.log
safenlp_2024,321,perturbations_0.onnx,hyperrectangle_7136.vnnlib,,sat,0.357443666,FALSIFIED,1,20.0,0.357443666,0.367864076,3.072051702067256,3.07,0,1,,1,False,True,1.1941797495307327e-08,17.3,1767.2,completed,0,climb_fsb,a5ea347c3973ca34ac67,scratch/logs/fse2026/climb_fsb/safenlp_2024/e1_a5ea347c3973ca34ac67.log
safenlp_2024,322,perturbations_0.onnx,hyperrectangle_5036.vnnlib,,sat,0.338540556,FALSIFIED,1,20.0,0.338540556,0.349032125,5.775300040841103,5.74,0,1,,1,False,True,3.2131947935720717e-09,17.3,1770.5,completed,0,climb_fsb,f8f53c3440df755df6e7,scratch/logs/fse2026/climb_fsb/safenlp_2024/e1_f8f53c3440df755df6e7.log
safenlp_2024,323,perturbations_0.onnx,hyperrectangle_5020.vnnlib,,sat,0.640964808,FALSIFIED,1,20.0,0.640964808,0.650560759,3.4218867644667625,3.41,0,26,,1,False,True,4.673634673713067e-09,25.2,2040.4,completed,0,climb_fsb,b62088bb389c5454136e,scratch/logs/fse2026/climb_fsb/safenlp_2024/e1_b62088bb389c5454136e.log
safenlp_2024,324,perturbations_0.onnx,hyperrectangle_5912.vnnlib,,sat,0.347663427,FALSIFIED,1,20.0,0.347663427,0.358379196,3.172603441402316,3.15,0,1,,1,False,True,4.8678466813001364e-09,17.3,1790.5,completed,0,climb_fsb,9f4d3a33f9374a0bef22,scratch/logs/fse2026/climb_fsb/safenlp_2024/e1_9f4d3a33f9374a0bef22.log
safenlp_2024,325,perturbations_0.onnx,hyperrectangle_6116.vnnlib,,sat,0.342819063,FALSIFIED,1,20.0,0.342819063,0.353667412,5.673691464588046,5.63,0,1,,1,False,True,9.219752072908705e-09,17.3,1767.5,completed,0,climb_fsb,728dad5bd249e8b76138,scratch/logs/fse2026/climb_fsb/safenlp_2024/e1_728dad5bd249e8b76138.log
safenlp_2024,326,perturbations_0.onnx,hyperrectangle_1390.vnnlib,,unsat,1.315880317,CERTIFIED,1,20.0,1.315880317,1.326466434,4.726157123222947,4.69,0,67,False,0,,,,25.9,2006.6,completed,0,climb_fsb,951c01e170e19da95997,scratch/logs/fse2026/climb_fsb/safenlp_2024/e1_951c01e170e19da95997.log
safenlp_2024,327,perturbations_0.onnx,hyperrectangle_2616.vnnlib,,sat,0.977904098,FALSIFIED,1,20.0,0.977904098,0.988247817,4.5722475331276655,4.56,0,3,,1,False,True,1.1388165577219667e-08,18.8,1915.9,completed,0,climb_fsb,bab547ef8b23d538de58,scratch/logs/fse2026/climb_fsb/safenlp_2024/e1_bab547ef8b23d538de58.log
safenlp_2024,328,perturbations_0.onnx,hyperrectangle_2253.vnnlib,,sat,0.255851023,FALSIFIED,1,20.0,0.255851023,0.266425556,3.2695096600800753,3.25,0,1,,1,False,True,5.010435344399156e-09,17.3,1781.4,completed,0,climb_fsb,9a3ef22c785d824ca627,scratch/logs/fse2026/climb_fsb/safenlp_2024/e1_9a3ef22c785d824ca627.log
safenlp_2024,329,perturbations_0.onnx,hyperrectangle_1835.vnnlib,,unsat,2.348975467,CERTIFIED,1,20.0,2.348975467,2.359700432,6.525043033063412,6.52,0,146,False,0,,,,28.8,2006.6,completed,0,climb_fsb,1d9df521094bb6adae60,scratch/logs/fse2026/climb_fsb/safenlp_2024/e1_1d9df521094bb6adae60.log
safenlp_2024,330,perturbations_0.onnx,hyperrectangle_5824.vnnlib,,unsat,6.378173584,CERTIFIED,1,20.0,6.378173584,6.389320031,9.231754561886191,9.19,0,1472,False,0,,,,78.1,2003.1,completed,0,climb_fsb,1aee656a127e4d733168,scratch/logs/fse2026/climb_fsb/safenlp_2024/e1_1aee656a127e4d733168.log
safenlp_2024,331,perturbations_0.onnx,hyperrectangle_91.vnnlib,,sat,0.453490622,FALSIFIED,1,20.0,0.453490622,0.464041408,3.2748608998954296,3.24,0,3,,1,False,True,7.437248178421285e-09,18.8,1915.2,completed,0,climb_fsb,1ab1bc44c9ea78702be2,scratch/logs/fse2026/climb_fsb/safenlp_2024/e1_1ab1bc44c9ea78702be2.log
safenlp_2024,332,perturbations_0.onnx,hyperrectangle_3872.vnnlib,,sat,0.368632756,FALSIFIED,1,20.0,0.368632756,0.380243652,3.8210811354219913,3.82,0,1,,1,False,True,1.0813724637959155e-08,17.3,1766.8,completed,0,climb_fsb,0961065edbd155124fe4,scratch/logs/fse2026/climb_fsb/safenlp_2024/e1_0961065edbd155124fe4.log
safenlp_2024,333,perturbations_0.onnx,hyperrectangle_1058.vnnlib,,sat,0.276881704,FALSIFIED,1,20.0,0.276881704,0.28766112,4.424180859699845,4.37,0,1,,1,False,True,5.639151895442396e-09,17.3,1781.1,completed,0,climb_fsb,6651aaaed11249f3cdc6,scratch/logs/fse2026/climb_fsb/safenlp_2024/e1_6651aaaed11249f3cdc6.log
safenlp_2024,334,perturbations_0.onnx,hyperrectangle_1362.vnnlib,,sat,0.571134511,FALSIFIED,1,20.0,0.571134511,0.581410741,4.574245883151889,4.55,0,1,,1,False,True,5.5544840393828565e-09,17.3,1773.1,completed,0,climb_fsb,8a7898d16854b3e55c7c,scratch/logs/fse2026/climb_fsb/safenlp_2024/e1_8a7898d16854b3e55c7c.log
safenlp_2024,335,perturbations_0.onnx,hyperrectangle_1333.vnnlib,,sat,0.586596319,FALSIFIED,1,20.0,0.586596319,0.596966233,5.125253075733781,5.08,0,1,,1,False,True,3.3475808930427675e-09,17.3,1768.1,completed,0,climb_fsb,204cbc6d901733134dfc,scratch/logs/fse2026/climb_fsb/safenlp_2024/e1_204cbc6d901733134dfc.log
safenlp_2024,336,perturbations_0.onnx,hyperrectangle_4811.vnnlib,,sat,0.320203274,FALSIFIED,1,20.0,0.320203274,0.331067026,3.1196995805948973,3.11,0,1,,1,False,True,4.432331501824649e-09,17.3,1769.8,completed,0,climb_fsb,d06bb138d6db8fc1aac0,scratch/logs/fse2026/climb_fsb/safenlp_2024/e1_d06bb138d6db8fc1aac0.log
safenlp_2024,337,perturbations_0.onnx,hyperrectangle_1299.vnnlib,,unsat,0.166094868,CERTIFIED,1,20.0,0.166094868,0.176516602,4.675316885113716,4.64,0,,,0,,,,9.3,1588.0,completed,0,climb_fsb,932a77616ad92e86ba4f,scratch/logs/fse2026/climb_fsb/safenlp_2024/e1_932a77616ad92e86ba4f.log
safenlp_2024,338,perturbations_0.onnx,hyperrectangle_2710.vnnlib,,unknown,20.033362135,UNKNOWN,0,20.0,20.033362135,20.043891586,22.90352315455675,22.88,1,18465,False,0,,,,751.9,2008.4,completed,0,climb_fsb,58cc57827d6d2772fb9f,scratch/logs/fse2026/climb_fsb/safenlp_2024/e1_58cc57827d6d2772fb9f.log
safenlp_2024,339,perturbations_0.onnx,hyperrectangle_1875.vnnlib,,unsat,0.121449657,CERTIFIED,1,20.0,0.121449657,0.132219521,4.333765976130962,4.29,0,,,0,,,,9.3,1546.5,completed,0,climb_fsb,cafc53f398484959af2f,scratch/logs/fse2026/climb_fsb/safenlp_2024/e1_cafc53f398484959af2f.log
safenlp_2024,340,perturbations_0.onnx,hyperrectangle_5285.vnnlib,,unsat,3.312183952,CERTIFIED,1,20.0,3.312183952,3.32265293,6.225867498666048,6.18,0,381,False,0,,,,36.7,2006.9,completed,0,climb_fsb,dfc209775aaa283ee470,scratch/logs/fse2026/climb_fsb/safenlp_2024/e1_dfc209775aaa283ee470.log
safenlp_2024,341,perturbations_0.onnx,hyperrectangle_50.vnnlib,,sat,0.25694342,FALSIFIED,1,20.0,0.25694342,0.267813837,3.371083052828908,3.36,0,1,,1,False,True,1.097331420174541e-08,17.3,1767.6,completed,0,climb_fsb,b8ac08fe70034277b81c,scratch/logs/fse2026/climb_fsb/safenlp_2024/e1_b8ac08fe70034277b81c.log
safenlp_2024,342,perturbations_0.onnx,hyperrectangle_1607.vnnlib,,unsat,1.283844475,CERTIFIED,1,20.0,1.283844475,1.294149661,4.070994125679135,4.06,0,80,,0,,,,23.1,2013.3,completed,0,climb_fsb,2eb677dcb98127e6c589,scratch/logs/fse2026/climb_fsb/safenlp_2024/e1_2eb677dcb98127e6c589.log
safenlp_2024,343,perturbations_0.onnx,hyperrectangle_3364.vnnlib,,sat,0.367158594,FALSIFIED,1,20.0,0.367158594,0.378002074,3.2209010925143957,3.21,0,1,,1,False,True,9.372720266576096e-09,17.3,1767.5,completed,0,climb_fsb,29f52fab0a71a26a555a,scratch/logs/fse2026/climb_fsb/safenlp_2024/e1_29f52fab0a71a26a555a.log
safenlp_2024,344,perturbations_0.onnx,hyperrectangle_2420.vnnlib,,sat,0.327071281,FALSIFIED,1,20.0,0.327071281,0.337556137,6.927168579772115,6.88,0,1,,1,False,True,7.175619043398029e-09,17.3,1768.0,completed,0,climb_fsb,496a31c7b0f1963b9614,scratch/logs/fse2026/climb_fsb/safenlp_2024/e1_496a31c7b0f1963b9614.log
safenlp_2024,345,perturbations_0.onnx,hyperrectangle_1711.vnnlib,,sat,0.364073239,FALSIFIED,1,20.0,0.364073239,0.374446027,3.670357432216406,3.64,0,1,,1,False,True,3.3532392418322843e-09,17.3,1767.3,completed,0,climb_fsb,98fb16d86a5198afd9da,scratch/logs/fse2026/climb_fsb/safenlp_2024/e1_98fb16d86a5198afd9da.log
safenlp_2024,346,perturbations_0.onnx,hyperrectangle_3268.vnnlib,,sat,0.324222255,FALSIFIED,1,20.0,0.324222255,0.334652578,3.1195919401943684,3.11,0,1,,1,False,True,6.233114968612341e-09,17.3,1766.5,completed,0,climb_fsb,45aba69b6bc4fc29da93,scratch/logs/fse2026/climb_fsb/safenlp_2024/e1_45aba69b6bc4fc29da93.log
safenlp_2024,347,perturbations_0.onnx,hyperrectangle_2770.vnnlib,,sat,0.314862713,FALSIFIED,1,20.0,0.314862713,0.325892802,3.070453831925988,3.04,0,1,,1,False,True,7.209596142310204e-09,17.3,1768.4,completed,0,climb_fsb,15219e5f7ca1fc69a7fc,scratch/logs/fse2026/climb_fsb/safenlp_2024/e1_15219e5f7ca1fc69a7fc.log
safenlp_2024,348,perturbations_0.onnx,hyperrectangle_4449.vnnlib,,sat,0.504125372,FALSIFIED,1,20.0,0.504125372,0.514635781,6.927013384178281,6.87,0,1,,1,False,True,9.22322967999989e-09,17.3,1766.3,completed,0,climb_fsb,c2e2c0a7a9616aac6cb1,scratch/logs/fse2026/climb_fsb/safenlp_2024/e1_c2e2c0a7a9616aac6cb1.log
safenlp_2024,349,perturbations_0.onnx,hyperrectangle_5724.vnnlib,,sat,0.335061956,FALSIFIED,1,20.0,0.335061956,0.345278477,3.720253251492977,3.68,0,1,,1,False,True,5.951004300452922e-09,17.3,1767.1,completed,0,climb_fsb,3618b48a89d417c31d40,scratch/logs/fse2026/climb_fsb/safenlp_2024/e1_3618b48a89d417c31d40.log
safenlp_2024,350,perturbations_0.onnx,hyperrectangle_5720.vnnlib,,sat,0.515683817,FALSIFIED,1,20.0,0.515683817,0.525913306,4.021975995972753,4.01,0,1,,1,False,True,6.585600009767489e-09,17.3,1790.2,completed,0,climb_fsb,416652ab16d48e84b774,scratch/logs/fse2026/climb_fsb/safenlp_2024/e1_416652ab16d48e84b774.log
safenlp_2024,351,perturbations_0.onnx,hyperrectangle_3072.vnnlib,,sat,0.308509246,FALSIFIED,1,20.0,0.308509246,0.318343632,3.4712673239409924,3.43,0,1,,1,False,True,6.681920045048528e-09,17.3,1767.5,completed,0,climb_fsb,02e4facae05876ad2b1d,scratch/logs/fse2026/climb_fsb/safenlp_2024/e1_02e4facae05876ad2b1d.log
safenlp_2024,352,perturbations_0.onnx,hyperrectangle_1171.vnnlib,,unsat,0.113440963,CERTIFIED,1,20.0,0.113440963,0.123375095,3.0188484229147434,3.01,0,,,0,,,,9.3,1544.9,completed,0,climb_fsb,2c09a2a93921c06e8a15,scratch/logs/fse2026/climb_fsb/safenlp_2024/e1_2c09a2a93921c06e8a15.log
safenlp_2024,353,perturbations_0.onnx,hyperrectangle_6249.vnnlib,,sat,0.306715565,FALSIFIED,1,20.0,0.306715565,0.31710472,4.723235707730055,4.71,0,1,,1,False,True,1.4031495187971643e-08,17.3,1767.5,completed,0,climb_fsb,14df18620705338bf700,scratch/logs/fse2026/climb_fsb/safenlp_2024/e1_14df18620705338bf700.log
safenlp_2024,354,perturbations_0.onnx,hyperrectangle_963.vnnlib,,sat,0.309462998,FALSIFIED,1,20.0,0.309462998,0.320140932,4.672758337110281,4.65,0,1,,1,False,True,6.817140518755593e-09,17.3,1771.0,completed,0,climb_fsb,ac36f57ca86b5da31f7a,scratch/logs/fse2026/climb_fsb/safenlp_2024/e1_ac36f57ca86b5da31f7a.log
safenlp_2024,355,perturbations_0.onnx,hyperrectangle_2773.vnnlib,,sat,0.490526862,FALSIFIED,1,20.0,0.490526862,0.501010044,6.52482096850872,6.5,0,1,,1,False,True,7.007574048811804e-09,17.3,1781.9,completed,0,climb_fsb,a1e3351f7226a060287e,scratch/logs/fse2026/climb_fsb/safenlp_2024/e1_a1e3351f7226a060287e.log
safenlp_2024,356,perturbations_0.onnx,hyperrectangle_1486.vnnlib,,unsat,0.122147216,CERTIFIED,1,20.0,0.122147216,0.133110033,2.8698474280536175,2.82,0,,,0,,,,9.3,1563.0,completed,0,climb_fsb,7476566268370ef54dc3,scratch/logs/fse2026/climb_fsb/safenlp_2024/e1_7476566268370ef54dc3.log
safenlp_2024,357,perturbations_0.onnx,hyperrectangle_3088.vnnlib,,unsat,3.107049417,CERTIFIED,1,20.0,3.107049417,3.117448967,5.82404706440866,5.78,0,449,False,0,,,,38.8,2006.3,completed,0,climb_fsb,45cd6651cab624ec4ff3,scratch/logs/fse2026/climb_fsb/safenlp_2024/e1_45cd6651cab624ec4ff3.log
safenlp_2024,358,perturbations_0.onnx,hyperrectangle_4415.vnnlib,,unsat,0.121267827,CERTIFIED,1,20.0,0.121267827,0.131738083,3.2204089295119047,3.21,0,,,0,,,,9.3,1548.9,completed,0,climb_fsb,fb36847d09dc87c9819a,scratch/logs/fse2026/climb_fsb/safenlp_2024/e1_fb36847d09dc87c9819a.log
safenlp_2024,359,perturbations_0.onnx,hyperrectangle_1887.vnnlib,,sat,0.363548569,FALSIFIED,1,20.0,0.363548569,0.373218194,4.873030783608556,4.84,0,1,,1,False,True,6.254559814511396e-09,17.3,1801.6,completed,0,climb_fsb,e541385d0d1ffc09e18e,scratch/logs/fse2026/climb_fsb/safenlp_2024/e1_e541385d0d1ffc09e18e.log
safenlp_2024,360,perturbations_0.onnx,hyperrectangle_985.vnnlib,,unknown,20.074662728,UNKNOWN,0,20.0,20.074662728,20.085091284,23.7554800119251,23.71,1,11209,False,0,,,,269.9,2008.1,completed,0,climb_fsb,99821b48393199555930,scratch/logs/fse2026/climb_fsb/safenlp_2024/e1_99821b48393199555930.log
safenlp_2024,361,perturbations_0.onnx,hyperrectangle_1936.vnnlib,,unsat,0.114316544,CERTIFIED,1,20.0,0.114316544,0.124563361,4.683746991679072,4.67,0,,,0,,,,9.3,1547.1,completed,0,climb_fsb,68a01c07c99206d0be78,scratch/logs/fse2026/climb_fsb/safenlp_2024/e1_68a01c07c99206d0be78.log
safenlp_2024,362,perturbations_0.onnx,hyperrectangle_159.vnnlib,,sat,0.737667317,FALSIFIED,1,20.0,0.737667317,0.747883532,3.7206621635705233,3.7,0,1,,1,False,True,3.7040882028271938e-09,17.3,1784.3,completed,0,climb_fsb,5dfb02eaa5b3ee67edad,scratch/logs/fse2026/climb_fsb/safenlp_2024/e1_5dfb02eaa5b3ee67edad.log
safenlp_2024,363,perturbations_0.onnx,hyperrectangle_1598.vnnlib,,unsat,3.421754364,CERTIFIED,1,20.0,3.421754364,3.432099039,7.728885477408767,7.69,0,252,False,0,,,,29.5,2007.2,completed,0,climb_fsb,a357eb32911a3d33d9ce,scratch/logs/fse2026/climb_fsb/safenlp_2024/e1_a357eb32911a3d33d9ce.log
safenlp_2024,364,perturbations_0.onnx,hyperrectangle_2085.vnnlib,,sat,0.315272516,FALSIFIED,1,20.0,0.315272516,0.325967643,3.4706586617976427,3.46,0,1,,1,False,True,4.030229677765007e-09,17.3,1784.7,completed,0,climb_fsb,d1ea381ac5dfdf85c498,scratch/logs/fse2026/climb_fsb/safenlp_2024/e1_d1ea381ac5dfdf85c498.log
safenlp_2024,365,perturbations_0.onnx,hyperrectangle_3147.vnnlib,,sat,0.332430363,FALSIFIED,1,20.0,0.332430363,0.343013287,3.071284828707576,3.07,0,1,,1,False,True,6.7290358840566e-09,17.3,1772.6,completed,0,climb_fsb,f365d37ccef8be4cae71,scratch/logs/fse2026/climb_fsb/safenlp_2024/e1_f365d37ccef8be4cae71.log
safenlp_2024,366,perturbations_0.onnx,hyperrectangle_2452.vnnlib,,unsat,0.129306326,CERTIFIED,1,20.0,0.129306326,0.139695324,2.8686459995806217,2.84,0,,,0,,,,9.3,1573.9,completed,0,climb_fsb,23a52bd2258349208939,scratch/logs/fse2026/climb_fsb/safenlp_2024/e1_23a52bd2258349208939.log
safenlp_2024,367,perturbations_0.onnx,hyperrectangle_1904.vnnlib,,unsat,12.228338135,CERTIFIED,1,20.0,12.228338135,12.239132535,19.296980312094092,19.27,0,6914,False,0,,,,259.9,2011.7,completed,0,climb_fsb,a5d93036cce8aa57d522,scratch/logs/fse2026/climb_fsb/safenlp_2024/e1_a5d93036cce8aa57d522.log
safenlp_2024,368,perturbations_0.onnx,hyperrectangle_2943.vnnlib,,sat,0.288289318,FALSIFIED,1,20.0,0.288289318,0.298597433,3.119770359247923,3.07,0,1,,1,False,True,5.206930969725576e-09,17.3,1765.7,completed,0,climb_fsb,8752d11eefd18b39a32c,scratch/logs/fse2026/climb_fsb/safenlp_2024/e1_8752d11eefd18b39a32c.log
safenlp_2024,369,perturbations_0.onnx,hyperrectangle_2347.vnnlib,,unsat,0.121578256,CERTIFIED,1,20.0,0.121578256,0.131846761,3.620322670787573,3.58,0,,,0,,,,9.3,1569.7,completed,0,climb_fsb,25c720aced07e55803b1,scratch/logs/fse2026/climb_fsb/safenlp_2024/e1_25c720aced07e55803b1.log
safenlp_2024,370,perturbations_0.onnx,hyperrectangle_3855.vnnlib,,unsat,5.891722994,CERTIFIED,1,20.0,5.891722994,5.902152108,12.535749364644289,12.48,0,4020,False,0,,,,165.4,1993.7,completed,0,climb_fsb,a0c5730a177498100d2c,scratch/logs/fse2026/climb_fsb/safenlp_2024/e1_a0c5730a177498100d2c.log
safenlp_2024,371,perturbations_0.onnx,hyperrectangle_3417.vnnlib,,unsat,2.296337834,CERTIFIED,1,20.0,2.296337834,2.306711059,5.474530884996057,5.44,0,43,False,0,,,,20.2,1996.0,completed,0,climb_fsb,a83352894ae8fcda5b77,scratch/logs/fse2026/climb_fsb/safenlp_2024/e1_a83352894ae8fcda5b77.log
safenlp_2024,372,perturbations_0.onnx,hyperrectangle_4255.vnnlib,,sat,0.431249086,FALSIFIED,1,20.0,0.431249086,0.44111993,4.272153394296765,4.27,0,1,,1,False,True,7.939615020990942e-09,17.3,1765.9,completed,0,climb_fsb,a6a242033cd89149224a,scratch/logs/fse2026/climb_fsb/safenlp_2024/e1_a6a242033cd89149224a.log
safenlp_2024,373,perturbations_0.onnx,hyperrectangle_757.vnnlib,,unsat,0.12792795,CERTIFIED,1,20.0,0.12792795,0.138492705,3.2204578053206205,3.19,0,,,0,,,,9.3,1563.5,completed,0,climb_fsb,f226087902ae3e287981,scratch/logs/fse2026/climb_fsb/safenlp_2024/e1_f226087902ae3e287981.log
safenlp_2024,374,perturbations_0.onnx,hyperrectangle_5992.vnnlib,,sat,0.316508206,FALSIFIED,1,20.0,0.316508206,0.326639367,4.622254904359579,4.59,0,1,,1,False,True,7.262659612594646e-09,17.3,1790.1,completed,0,climb_fsb,325d527272cd5ca05355,scratch/logs/fse2026/climb_fsb/safenlp_2024/e1_325d527272cd5ca05355.log
safenlp_2024,375,perturbations_0.onnx,hyperrectangle_2379.vnnlib,,sat,1.257453712,FALSIFIED,1,20.0,1.257453712,1.267791403,6.429610108956695,6.38,0,1,,1,False,True,5.712220807474466e-09,17.3,1767.2,completed,0,climb_fsb,1796c650fa7c07837250,scratch/logs/fse2026/climb_fsb/safenlp_2024/e1_1796c650fa7c07837250.log
safenlp_2024,376,perturbations_0.onnx,hyperrectangle_310.vnnlib,,unsat,0.136224901,CERTIFIED,1,20.0,0.136224901,0.146575278,5.273722805082798,5.23,0,,,0,,,,9.3,1546.5,completed,0,climb_fsb,0e574ba5fb172083f536,scratch/logs/fse2026/climb_fsb/safenlp_2024/e1_0e574ba5fb172083f536.log
safenlp_2024,377,perturbations_0.onnx,hyperrectangle_4345.vnnlib,,sat,0.296735045,FALSIFIED,1,20.0,0.296735045,0.307085181,3.1206100955605507,3.11,0,1,,1,False,True,6.94666479894579e-09,17.3,1771.0,completed,0,climb_fsb,5e1cd7427d50b2a28b48,scratch/logs/fse2026/climb_fsb/safenlp_2024/e1_5e1cd7427d50b2a28b48.log
safenlp_2024,378,perturbations_0.onnx,hyperrectangle_2145.vnnlib,,sat,1.349716362,FALSIFIED,1,20.0,1.349716362,1.360286372,6.023994978517294,6.02,0,1,,1,False,True,3.6328639818616892e-09,17.3,1769.4,completed,0,climb_fsb,032dc76d8d02e4551524,scratch/logs/fse2026/climb_fsb/safenlp_2024/e1_032dc76d8d02e4551524.log
safenlp_2024,379,perturbations_0.onnx,hyperrectangle_3509.vnnlib,,sat,0.283729784,FALSIFIED,1,20.0,0.283729784,0.29446358,3.1195941753685474,3.09,0,1,,1,False,True,9.266347467118408e-09,17.3,1772.4,completed,0,climb_fsb,33b5ce3437bfc08723e7,scratch/logs/fse2026/climb_fsb/safenlp_2024/e1_33b5ce3437bfc08723e7.log
safenlp_2024,380,perturbations_0.onnx,hyperrectangle_6209.vnnlib,,sat,1.356618324,FALSIFIED,1,20.0,1.356618324,1.36690904,5.874887788668275,5.82,0,1,,1,False,True,6.806039509754669e-09,17.3,1767.4,completed,0,climb_fsb,eff311170fbc977cd959,scratch/logs/fse2026/climb_fsb/safenlp_2024/e1_eff311170fbc977cd959.log
safenlp_2024,381,perturbations_0.onnx,hyperrectangle_5820.vnnlib,,sat,0.662133705,FALSIFIED,1,20.0,0.662133705,0.672447428,5.022264454513788,4.99,0,1,,1,False,True,1.2716448338778719e-08,17.3,1766.0,completed,0,climb_fsb,c548c4229fbcb4806912,scratch/logs/fse2026/climb_fsb/safenlp_2024/e1_c548c4229fbcb4806912.log
safenlp_2024,382,perturbations_0.onnx,hyperrectangle_6541.vnnlib,,sat,0.321519688,FALSIFIED,1,20.0,0.321519688,0.332083592,3.1697614807635546,3.12,0,1,,1,False,True,4.9261658641164274e-09,17.3,1765.1,completed,0,climb_fsb,ecdbbf43342728cdb54c,scratch/logs/fse2026/climb_fsb/safenlp_2024/e1_ecdbbf43342728cdb54c.log
safenlp_2024,383,perturbations_0.onnx,hyperrectangle_1055.vnnlib,,unsat,0.169495881,CERTIFIED,1,20.0,0.169495881,0.179551085,4.822579566389322,4.78,0,,,0,,,,9.3,1563.6,completed,0,climb_fsb,4168149ebb1277b429e2,scratch/logs/fse2026/climb_fsb/safenlp_2024/e1_4168149ebb1277b429e2.log
safenlp_2024,384,perturbations_0.onnx,hyperrectangle_2557.vnnlib,,unsat,5.408364419,CERTIFIED,1,20.0,5.408364419,5.419217736,8.181161435320973,8.13,0,4113,False,0,,,,146.8,2008.1,completed,0,climb_fsb,4b64cb731ec2fc6eec54,scratch/logs/fse2026/climb_fsb/safenlp_2024/e1_4b64cb731ec2fc6eec54.log
safenlp_2024,385,perturbations_0.onnx,hyperrectangle_517.vnnlib,,unsat,0.119699502,CERTIFIED,1,20.0,0.119699502,0.129968019,5.223778072744608,5.18,0,,,0,,,,9.3,1549.5,completed,0,climb_fsb,2c0e0298921d439f1139,scratch/logs/fse2026/climb_fsb/safenlp_2024/e1_2c0e0298921d439f1139.log
safenlp_2024,386,perturbations_0.onnx,hyperrectangle_2783.vnnlib,,sat,0.353737539,FALSIFIED,1,20.0,0.353737539,0.364443855,3.772810271009803,3.75,0,1,,1,False,True,6.451345541114151e-09,17.3,1767.0,completed,0,climb_fsb,1edb6640796f049fa2b4,scratch/logs/fse2026/climb_fsb/safenlp_2024/e1_1edb6640796f049fa2b4.log
safenlp_2024,387,perturbations_0.onnx,hyperrectangle_6739.vnnlib,,sat,0.330447016,FALSIFIED,1,20.0,0.330447016,0.341646688,3.6700650099664927,3.63,0,1,,1,False,True,1.0807209738228352e-08,17.3,1790.7,completed,0,climb_fsb,cf68434418844e42cce9,scratch/logs/fse2026/climb_fsb/safenlp_2024/e1_cf68434418844e42cce9.log
safenlp_2024,388,perturbations_0.onnx,hyperrectangle_7766.vnnlib,,sat,0.307973079,FALSIFIED,1,20.0,0.307973079,0.318487406,3.171258844435215,3.13,0,1,,1,False,True,6.0173440952215884e-09,17.3,1767.3,completed,0,climb_fsb,f3b9b24c9cd7df6d9972,scratch/logs/fse2026/climb_fsb/safenlp_2024/e1_f3b9b24c9cd7df6d9972.log
safenlp_2024,389,perturbations_0.onnx,hyperrectangle_1395.vnnlib,,unsat,0.115939585,CERTIFIED,1,20.0,0.115939585,0.12617882,4.172652402892709,4.14,0,,,0,,,,9.3,1546.4,completed,0,climb_fsb,caec09654befe9932cfb,scratch/logs/fse2026/climb_fsb/safenlp_2024/e1_caec09654befe9932cfb.log
safenlp_2024,390,perturbations_0.onnx,hyperrectangle_3587.vnnlib,,sat,0.304121302,FALSIFIED,1,20.0,0.304121302,0.314789517,4.772064914926887,4.72,0,1,,1,False,True,1.307147001750053e-08,17.3,1767.8,completed,0,climb_fsb,5a6cd0b149260dbbbb8a,scratch/logs/fse2026/climb_fsb/safenlp_2024/e1_5a6cd0b149260dbbbb8a.log
safenlp_2024,391,perturbations_0.onnx,hyperrectangle_3260.vnnlib,,sat,0.437472435,FALSIFIED,1,20.0,0.437472435,0.448404629,5.723898988217115,5.72,0,1,,1,False,True,1.283376654948043e-08,17.3,1766.9,completed,0,climb_fsb,fb7125e192910c1264ca,scratch/logs/fse2026/climb_fsb/safenlp_2024/e1_fb7125e192910c1264ca.log
safenlp_2024,392,perturbations_0.onnx,hyperrectangle_1791.vnnlib,,sat,0.365940711,FALSIFIED,1,20.0,0.365940711,0.376358842,3.02040683478117,2.99,0,1,,1,False,True,3.162693523739435e-09,17.3,1767.6,completed,0,climb_fsb,c76885efa62e7561a98d,scratch/logs/fse2026/climb_fsb/safenlp_2024/e1_c76885efa62e7561a98d.log
safenlp_2024,393,perturbations_0.onnx,hyperrectangle_3029.vnnlib,,sat,0.414383728,FALSIFIED,1,20.0,0.414383728,0.425673105,3.821865327656269,3.81,0,1,,1,False,True,5.6333940845476604e-09,17.3,1767.4,completed,0,climb_fsb,ae7e79edb3d53aa310a6,scratch/logs/fse2026/climb_fsb/safenlp_2024/e1_ae7e79edb3d53aa310a6.log
safenlp_2024,394,perturbations_0.onnx,hyperrectangle_7241.vnnlib,,unsat,1.263516789,CERTIFIED,1,20.0,1.263516789,1.27389014,5.229779686778784,5.19,0,39,,0,,,,23.1,2017.4,completed,0,climb_fsb,c0b4616ee1b8120a8eda,scratch/logs/fse2026/climb_fsb/safenlp_2024/e1_c0b4616ee1b8120a8eda.log
safenlp_2024,395,perturbations_0.onnx,hyperrectangle_1019.vnnlib,,unsat,0.124748118,CERTIFIED,1,20.0,0.124748118,0.134911453,3.419586196541786,3.39,0,,,0,,,,9.3,1546.9,completed,0,climb_fsb,11391e85bd4948b5af37,scratch/logs/fse2026/climb_fsb/safenlp_2024/e1_11391e85bd4948b5af37.log
safenlp_2024,396,perturbations_0.onnx,hyperrectangle_1658.vnnlib,,sat,1.291717554,FALSIFIED,1,20.0,1.291717554,1.301748747,6.1243353839963675,6.07,0,1,,1,False,True,6.479494552014131e-09,17.3,1767.7,completed,0,climb_fsb,e364ac35f0a6c0e182ed,scratch/logs/fse2026/climb_fsb/safenlp_2024/e1_e364ac35f0a6c0e182ed.log
safenlp_2024,397,perturbations_0.onnx,hyperrectangle_3008.vnnlib,,sat,0.592532462,FALSIFIED,1,20.0,0.592532462,0.602796236,4.872799064964056,4.85,0,1,,1,False,True,7.273206370506102e-09,17.3,1767.3,completed,0,climb_fsb,db07bbbbccdcbc4d9b2d,scratch/logs/fse2026/climb_fsb/safenlp_2024/e1_db07bbbbccdcbc4d9b2d.log
safenlp_2024,398,perturbations_0.onnx,hyperrectangle_900.vnnlib,,sat,0.546601463,FALSIFIED,1,20.0,0.546601463,0.558167767,3.370566476136446,3.34,0,49,,1,False,True,3.6443749268366687e-09,34.5,1952.8,completed,0,climb_fsb,30cada26fac31649e4b8,scratch/logs/fse2026/climb_fsb/safenlp_2024/e1_30cada26fac31649e4b8.log
safenlp_2024,399,perturbations_0.onnx,hyperrectangle_6642.vnnlib,,sat,1.370048476,FALSIFIED,1,20.0,1.370048476,1.379723977,5.675534093752503,5.66,0,1,,1,False,True,5.739998032439075e-09,17.3,1768.0,completed,0,climb_fsb,2645395227784618d669,scratch/logs/fse2026/climb_fsb/safenlp_2024/e1_2645395227784618d669.log
safenlp_2024,400,perturbations_0.onnx,hyperrectangle_6248.vnnlib,,sat,0.819685003,FALSIFIED,1,20.0,0.819685003,0.830504477,4.472377078607678,4.42,0,1,,1,False,True,1.2386213055215478e-08,17.3,1768.1,completed,0,climb_fsb,d6e296125ed08892fcb5,scratch/logs/fse2026/climb_fsb/safenlp_2024/e1_d6e296125ed08892fcb5.log
safenlp_2024,401,perturbations_0.onnx,hyperrectangle_7514.vnnlib,,sat,0.44304168,FALSIFIED,1,20.0,0.44304168,0.453494441,3.2702604606747627,3.23,0,3,,1,False,True,7.0807678331785695e-09,18.8,1918.4,completed,0,climb_fsb,3c21c72ebcd123f83add,scratch/logs/fse2026/climb_fsb/safenlp_2024/e1_3c21c72ebcd123f83add.log
safenlp_2024,402,perturbations_0.onnx,hyperrectangle_3518.vnnlib,,unsat,0.162274912,CERTIFIED,1,20.0,0.162274912,0.172455454,4.825441775843501,4.8,0,,,0,,,,9.3,1580.7,completed,0,climb_fsb,186e6e30dab17a98b164,scratch/logs/fse2026/climb_fsb/safenlp_2024/e1_186e6e30dab17a98b164.log
safenlp_2024,403,perturbations_0.onnx,hyperrectangle_1192.vnnlib,,sat,0.3376568,FALSIFIED,1,20.0,0.3376568,0.348236786,3.0689068511128426,3.06,0,1,,1,False,True,6.480268016639812e-09,17.3,1790.6,completed,0,climb_fsb,5aadb49bb8cab3443aa2,scratch/logs/fse2026/climb_fsb/safenlp_2024/e1_5aadb49bb8cab3443aa2.log
safenlp_2024,404,perturbations_0.onnx,hyperrectangle_4732.vnnlib,,unsat,2.798295541,CERTIFIED,1,20.0,2.798295541,2.808933834,7.176277006044984,7.12,0,451,False,0,,,,51.0,1999.6,completed,0,climb_fsb,634167a595da27097f76,scratch/logs/fse2026/climb_fsb/safenlp_2024/e1_634167a595da27097f76.log
safenlp_2024,405,perturbations_0.onnx,hyperrectangle_7006.vnnlib,,unsat,0.706936166,CERTIFIED,1,20.0,0.706936166,0.717141043,5.073761945590377,5.04,0,3,,0,,,,18.8,1942.6,completed,0,climb_fsb,403e28f96e1b1f4a0ed9,scratch/logs/fse2026/climb_fsb/safenlp_2024/e1_403e28f96e1b1f4a0ed9.log
safenlp_2024,406,perturbations_0.onnx,hyperrectangle_7465.vnnlib,,unsat,1.365248173,CERTIFIED,1,20.0,1.365248173,1.375943176,4.122450634837151,4.08,0,119,,0,,,,25.9,1997.6,completed,0,climb_fsb,6e22642b78df39198702,scratch/logs/fse2026/climb_fsb/safenlp_2024/e1_6e22642b78df39198702.log
safenlp_2024,407,perturbations_0.onnx,hyperrectangle_7059.vnnlib,,unknown,21.297793392,UNKNOWN,0,20.0,21.297793392,21.308257392,24.107266852632165,24.08,1,24120,False,0,,,,750.8,2015.2,completed,0,climb_fsb,7213e068dc3261071907,scratch/logs/fse2026/climb_fsb/safenlp_2024/e1_7213e068dc3261071907.log
safenlp_2024,408,perturbations_0.onnx,hyperrectangle_5415.vnnlib,,sat,0.398355464,FALSIFIED,1,20.0,0.398355464,0.408920173,3.720606679096818,3.66,0,1,,1,False,True,1.3180568803061732e-08,17.3,1784.6,completed,0,climb_fsb,63216fbbfc42763e5ac4,scratch/logs/fse2026/climb_fsb/safenlp_2024/e1_63216fbbfc42763e5ac4.log
safenlp_2024,409,perturbations_0.onnx,hyperrectangle_7819.vnnlib,,sat,0.397810578,FALSIFIED,1,20.0,0.397810578,0.408078531,3.6711460314691067,3.62,0,1,,1,False,True,7.911072963384669e-09,17.3,1765.8,completed,0,climb_fsb,0749a0ce6d74ac8ec080,scratch/logs/fse2026/climb_fsb/safenlp_2024/e1_0749a0ce6d74ac8ec080.log
safenlp_2024,410,perturbations_0.onnx,hyperrectangle_3232.vnnlib,,sat,0.833836397,FALSIFIED,1,20.0,0.833836397,0.844380409,4.89474025554955,4.85,0,1,,1,False,True,5.662960350649726e-09,17.3,1770.4,completed,0,climb_fsb,f086b14447e5dd346ad2,scratch/logs/fse2026/climb_fsb/safenlp_2024/e1_f086b14447e5dd346ad2.log
safenlp_2024,411,perturbations_0.onnx,hyperrectangle_5324.vnnlib,,sat,0.984851319,FALSIFIED,1,20.0,0.984851319,0.995037785,5.424782071262598,5.4,0,1,,1,False,True,7.257412393268936e-09,17.3,1809.7,completed,0,climb_fsb,ad752dfd88dd68d7c07b,scratch/logs/fse2026/climb_fsb/safenlp_2024/e1_ad752dfd88dd68d7c07b.log
safenlp_2024,412,perturbations_0.onnx,hyperrectangle_5184.vnnlib,,sat,1.32703978,FALSIFIED,1,20.0,1.32703978,1.337365443,6.226446272805333,6.21,0,1,,1,False,True,5.292978888515876e-09,17.3,1770.7,completed,0,climb_fsb,cf06a5f30b1f2736cd11,scratch/logs/fse2026/climb_fsb/safenlp_2024/e1_cf06a5f30b1f2736cd11.log
safenlp_2024,413,perturbations_0.onnx,hyperrectangle_7744.vnnlib,,sat,1.342574487,FALSIFIED,1,20.0,1.342574487,1.352961574,6.026662511751056,6.02,0,1,,1,False,True,4.738611669719006e-09,17.3,1782.2,completed,0,climb_fsb,d96b04080af51927c8af,scratch/logs/fse2026/climb_fsb/safenlp_2024/e1_d96b04080af51927c8af.log
safenlp_2024,414,perturbations_0.onnx,hyperrectangle_1163.vnnlib,,sat,0.325529426,FALSIFIED,1,20.0,0.325529426,0.336039549,5.424925781786442,5.42,0,1,,1,False,True,6.783662909182198e-09,17.3,1767.1,completed,0,climb_fsb,e4c2f28b8532334743ce,scratch/logs/fse2026/climb_fsb/safenlp_2024/e1_e4c2f28b8532334743ce.log
safenlp_2024,415,perturbations_0.onnx,hyperrectangle_3331.vnnlib,,sat,0.332143078,FALSIFIED,1,20.0,0.332143078,0.342527652,3.1200669668614864,3.07,0,1,,1,False,True,6.065212748707083e-09,17.3,1781.8,completed,0,climb_fsb,f77b8959bbf44e29479d,scratch/logs/fse2026/climb_fsb/safenlp_2024/e1_f77b8959bbf44e29479d.log
safenlp_2024,416,perturbations_0.onnx,hyperrectangle_6140.vnnlib,,sat,0.385639558,FALSIFIED,1,20.0,0.385639558,0.396221036,3.068704528734088,3.06,0,1,,1,False,True,6.024106574686883e-09,17.3,1767.5,completed,0,climb_fsb,1e31d4f653b47a403074,scratch/logs/fse2026/climb_fsb/safenlp_2024/e1_1e31d4f653b47a403074.log
safenlp_2024,417,perturbations_0.onnx,hyperrectangle_748.vnnlib,,unsat,1.25090147,CERTIFIED,1,20.0,1.25090147,1.261985427,4.628217441961169,4.62,0,59,,0,,,,23.1,1996.8,completed,0,climb_fsb,8ed1c0d9f67c300575f2,scratch/logs/fse2026/climb_fsb/safenlp_2024/e1_8ed1c0d9f67c300575f2.log
safenlp_2024,418,perturbations_0.onnx,hyperrectangle_1458.vnnlib,,sat,0.718964981,FALSIFIED,1,20.0,0.718964981,0.728671191,4.621449796482921,4.58,0,1,,1,False,True,5.44344458397461e-09,17.3,1795.3,completed,0,climb_fsb,3d044571dcd710b7f587,scratch/logs/fse2026/climb_fsb/safenlp_2024/e1_3d044571dcd710b7f587.log
safenlp_2024,419,perturbations_0.onnx,hyperrectangle_6160.vnnlib,,unsat,12.844698764,CERTIFIED,1,20.0,12.844698764,12.855041005,16.593780305236578,16.57,0,6042,False,0,,,,282.0,2008.5,completed,0,climb_fsb,bd2b479a5d3c07ac8478,scratch/logs/fse2026/climb_fsb/safenlp_2024/e1_bd2b479a5d3c07ac8478.log
safenlp_2024,420,perturbations_0.onnx,hyperrectangle_1922.vnnlib,,unknown,21.054544615,UNKNOWN,0,20.0,21.054544615,21.065245505,25.761974927037954,25.74,1,14903,False,0,,,,490.2,2016.5,completed,0,climb_fsb,69b5f9f98d3f76ac9e62,scratch/logs/fse2026/climb_fsb/safenlp_2024/e1_69b5f9f98d3f76ac9e62.log
safenlp_2024,421,perturbations_0.onnx,hyperrectangle_1248.vnnlib,,sat,0.288433544,FALSIFIED,1,20.0,0.288433544,0.29911954,3.3205296210944653,3.31,0,1,,1,False,True,7.2569306119874e-09,17.3,1768.2,completed,0,climb_fsb,d9cab3584b5a6f7464d1,scratch/logs/fse2026/climb_fsb/safenlp_2024/e1_d9cab3584b5a6f7464d1.log
safenlp_2024,422,perturbations_0.onnx,hyperrectangle_918.vnnlib,,sat,0.32070745,FALSIFIED,1,20.0,0.32070745,0.33127173,3.27055137604475,3.22,0,1,,1,False,True,5.334445218885264e-09,17.3,1784.3,completed,0,climb_fsb,2ee3a0b5bde342de3a56,scratch/logs/fse2026/climb_fsb/safenlp_2024/e1_2ee3a0b5bde342de3a56.log
safenlp_2024,423,perturbations_0.onnx,hyperrectangle_1995.vnnlib,,sat,0.443019126,FALSIFIED,1,20.0,0.443019126,0.454450632,5.9738906398415565,5.95,0,1,,1,False,True,4.099269507173986e-09,17.3,1767.7,completed,0,climb_fsb,bb4dbd31444d0f849b9f,scratch/logs/fse2026/climb_fsb/safenlp_2024/e1_bb4dbd31444d0f849b9f.log
safenlp_2024,424,perturbations_0.onnx,hyperrectangle_3929.vnnlib,,unsat,0.687782044,CERTIFIED,1,20.0,0.687782044,0.69868066,3.5711726006120443,3.54,0,15,,0,,,,20.2,1973.9,completed,0,climb_fsb,53ab8669599b65a66a69,scratch/logs/fse2026/climb_fsb/safenlp_2024/e1_53ab8669599b65a66a69.log
safenlp_2024,425,perturbations_0.onnx,hyperrectangle_6923.vnnlib,,sat,0.344692061,FALSIFIED,1,20.0,0.344692061,0.355318155,3.120210252702236,3.09,0,1,,1,False,True,5.687269599707889e-09,17.3,1770.7,completed,0,climb_fsb,1b1486d54991c30a27c2,scratch/logs/fse2026/climb_fsb/safenlp_2024/e1_1b1486d54991c30a27c2.log
safenlp_2024,426,perturbations_0.onnx,hyperrectangle_291.vnnlib,,sat,0.353186933,FALSIFIED,1,20.0,0.353186933,0.364178676,6.351915856823325,6.33,0,1,,1,False,True,9.415232204990076e-09,17.3,1795.1,completed,0,climb_fsb,3a7b9a7b7276338c4911,scratch/logs/fse2026/climb_fsb/safenlp_2024/e1_3a7b9a7b7276338c4911.log
safenlp_2024,427,perturbations_0.onnx,hyperrectangle_1624.vnnlib,,unsat,0.429377805,CERTIFIED,1,20.0,0.429377805,0.439663148,3.870193511247635,3.84,0,3,,0,,,,18.8,1938.8,completed,0,climb_fsb,3dd6df2a8114c759e36b,scratch/logs/fse2026/climb_fsb/safenlp_2024/e1_3dd6df2a8114c759e36b.log
safenlp_2024,428,perturbations_0.onnx,hyperrectangle_3108.vnnlib,,unsat,0.117217174,CERTIFIED,1,20.0,0.117217174,0.128178947,3.523861411958933,3.49,0,,,0,,,,9.3,1549.8,completed,0,climb_fsb,08a52972fa9db42fad95,scratch/logs/fse2026/climb_fsb/safenlp_2024/e1_08a52972fa9db42fad95.log
safenlp_2024,429,perturbations_0.onnx,hyperrectangle_4376.vnnlib,,unsat,5.266747026,CERTIFIED,1,20.0,5.266747026,5.279717261,8.838707454502583,8.83,0,680,False,0,,,,51.7,1995.1,completed,0,climb_fsb,3833b306cdcd81d42547,scratch/logs/fse2026/climb_fsb/safenlp_2024/e1_3833b306cdcd81d42547.log
safenlp_2024,430,perturbations_0.onnx,hyperrectangle_4696.vnnlib,,unsat,1.851191603,CERTIFIED,1,20.0,1.851191603,1.862242796,6.375542100518942,6.33,0,19,,0,,,,20.2,1993.7,completed,0,climb_fsb,40d6a9782329576204d4,scratch/logs/fse2026/climb_fsb/safenlp_2024/e1_40d6a9782329576204d4.log
safenlp_2024,431,perturbations_0.onnx,hyperrectangle_4559.vnnlib,,unsat,0.640404433,CERTIFIED,1,20.0,0.640404433,0.650733467,5.174734603613615,5.17,0,13,,0,,,,20.2,1988.0,completed,0,climb_fsb,ffa2ecb214082fd305b5,scratch/logs/fse2026/climb_fsb/safenlp_2024/e1_ffa2ecb214082fd305b5.log
safenlp_2024,432,perturbations_0.onnx,hyperrectangle_2060.vnnlib,,sat,0.358549921,FALSIFIED,1,20.0,0.358549921,0.368827069,4.071696346625686,4.05,0,1,,1,False,True,4.959679944516182e-09,17.3,1809.3,completed,0,climb_fsb,c39cd509894c7cb5f9e9,scratch/logs/fse2026/climb_fsb/safenlp_2024/e1_c39cd509894c7cb5f9e9.log
safenlp_2024,433,perturbations_0.onnx,hyperrectangle_1306.vnnlib,,sat,0.31521425,FALSIFIED,1,20.0,0.31521425,0.325357612,4.472474377602339,4.46,0,1,,1,False,True,4.179514373481297e-09,17.3,1790.5,completed,0,climb_fsb,3a574758cd863a6b7253,scratch/logs/fse2026/climb_fsb/safenlp_2024/e1_3a574758cd863a6b7253.log
safenlp_2024,434,perturbations_0.onnx,hyperrectangle_2247.vnnlib,,sat,0.332733089,FALSIFIED,1,20.0,0.332733089,0.343493853,4.823399418964982,4.81,0,1,,1,False,True,3.4651131408658387e-09,17.3,1765.8,completed,0,climb_fsb,13fe5bb029bd4d00ddaf,scratch/logs/fse2026/climb_fsb/safenlp_2024/e1_13fe5bb029bd4d00ddaf.log
safenlp_2024,435,perturbations_0.onnx,hyperrectangle_3032.vnnlib,,sat,0.303363243,FALSIFIED,1,20.0,0.303363243,0.313831365,3.0704328045248985,3.04,0,1,,1,False,True,4.638655792810198e-09,17.3,1772.7,completed,0,climb_fsb,57bacb836ef46a289f27,scratch/logs/fse2026/climb_fsb/safenlp_2024/e1_57bacb836ef46a289f27.log
safenlp_2024,436,perturbations_0.onnx,hyperrectangle_4041.vnnlib,,sat,0.310524993,FALSIFIED,1,20.0,0.310524993,0.320997622,3.0192655120044947,2.97,0,1,,1,False,True,4.111314455546022e-09,17.3,1767.6,completed,0,climb_fsb,df849903320bec41351e,scratch/logs/fse2026/climb_fsb/safenlp_2024/e1_df849903320bec41351e.log
safenlp_2024,437,perturbations_0.onnx,hyperrectangle_789.vnnlib,,sat,0.301786758,FALSIFIED,1,20.0,0.301786758,0.31206671,2.969006111845374,2.91,0,1,,1,False,True,5.0956447394945314e-09,17.3,1766.9,completed,0,climb_fsb,6c6e242224cf77c6e31f,scratch/logs/fse2026/climb_fsb/safenlp_2024/e1_6c6e242224cf77c6e31f.log
safenlp_2024,438,perturbations_0.onnx,hyperrectangle_4004.vnnlib,,unsat,0.683285903,CERTIFIED,1,20.0,0.683285903,0.693135168,3.3696832600980997,3.32,0,21,,0,,,,21.6,2008.7,completed,0,climb_fsb,0bb190937f4162b43364,scratch/logs/fse2026/climb_fsb/safenlp_2024/e1_0bb190937f4162b43364.log
safenlp_2024,439,perturbations_0.onnx,hyperrectangle_1892.vnnlib,,unsat,2.134967383,CERTIFIED,1,20.0,2.134967383,2.145346189,5.573593992739916,5.54,0,103,,0,,,,24.5,2001.0,completed,0,climb_fsb,d147c954c3a13f2d45d8,scratch/logs/fse2026/climb_fsb/safenlp_2024/e1_d147c954c3a13f2d45d8.log
safenlp_2024,440,perturbations_0.onnx,hyperrectangle_3718.vnnlib,,sat,0.361185523,FALSIFIED,1,20.0,0.361185523,0.371728612,3.720550177618861,3.68,0,1,,1,False,True,6.013764125567533e-09,17.3,1770.2,completed,0,climb_fsb,c8a62f0cdcb75395b32a,scratch/logs/fse2026/climb_fsb/safenlp_2024/e1_c8a62f0cdcb75395b32a.log
safenlp_2024,441,perturbations_0.onnx,hyperrectangle_3580.vnnlib,,unsat,2.568944268,CERTIFIED,1,20.0,2.568944268,2.580253843,5.573934966698289,5.55,0,85,,0,,,,25.9,2026.9,completed,0,climb_fsb,9ee2921fbfe99506c5d2,scratch/logs/fse2026/climb_fsb/safenlp_2024/e1_9ee2921fbfe99506c5d2.log
safenlp_2024,442,perturbations_0.onnx,hyperrectangle_1445.vnnlib,,sat,0.333453879,FALSIFIED,1,20.0,0.333453879,0.343620485,3.6223760657012463,3.57,0,1,,1,False,True,7.1240962851160106e-09,17.3,1767.5,completed,0,climb_fsb,c40dca97e3f4f2abc827,scratch/logs/fse2026/climb_fsb/safenlp_2024/e1_c40dca97e3f4f2abc827.log
safenlp_2024,443,perturbations_0.onnx,hyperrectangle_6866.vnnlib,,sat,0.719729127,FALSIFIED,1,20.0,0.719729127,0.730139578,3.61990680731833,3.6,0,1,,1,False,True,1.4365580280895074e-08,17.3,1772.3,completed,0,climb_fsb,d718ce83d4bc2fb94744,scratch/logs/fse2026/climb_fsb/safenlp_2024/e1_d718ce83d4bc2fb94744.log
safenlp_2024,444,perturbations_0.onnx,hyperrectangle_4910.vnnlib,,sat,0.337715294,FALSIFIED,1,20.0,0.337715294,0.347901449,3.570563469082117,3.55,0,1,,1,False,True,4.781117168839444e-09,17.3,1809.7,completed,0,climb_fsb,6a0cd3ae413792ab1e9c,scratch/logs/fse2026/climb_fsb/safenlp_2024/e1_6a0cd3ae413792ab1e9c.log
safenlp_2024,445,perturbations_0.onnx,hyperrectangle_850.vnnlib,,unsat,0.127486279,CERTIFIED,1,20.0,0.127486279,0.13806612,4.622936686500907,4.59,0,,,0,,,,9.3,1544.3,completed,0,climb_fsb,e018dc38e9c280da6fde,scratch/logs/fse2026/climb_fsb/safenlp_2024/e1_e018dc38e9c280da6fde.log
safenlp_2024,446,perturbations_0.onnx,hyperrectangle_3498.vnnlib,,sat,0.793414367,FALSIFIED,1,20.0,0.793414367,0.804070795,3.571220248937607,3.53,0,1,,1,False,True,7.527101608673092e-09,17.3,1801.8,completed,0,climb_fsb,1a376422d9e1c0eeb7eb,scratch/logs/fse2026/climb_fsb/safenlp_2024/e1_1a376422d9e1c0eeb7eb.log
safenlp_2024,447,perturbations_0.onnx,hyperrectangle_1566.vnnlib,,unsat,2.812506558,CERTIFIED,1,20.0,2.812506558,2.822874416,6.725881768390536,6.69,0,692,False,0,,,,44.5,2006.5,completed,0,climb_fsb,51ab551358a087bc4c2b,scratch/logs/fse2026/climb_fsb/safenlp_2024/e1_51ab551358a087bc4c2b.log
safenlp_2024,448,perturbations_0.onnx,hyperrectangle_495.vnnlib,,unsat,0.135578401,CERTIFIED,1,20.0,0.135578401,0.14576686,2.9695303849875927,2.92,0,,,0,,,,9.3,1569.8,completed,0,climb_fsb,fad969f0b81352d5400f,scratch/logs/fse2026/climb_fsb/safenlp_2024/e1_fad969f0b81352d5400f.log
safenlp_2024,449,perturbations_0.onnx,hyperrectangle_4256.vnnlib,,unsat,1.453389537,CERTIFIED,1,20.0,1.453389537,1.46424225,6.777349691838026,6.76,0,92,False,0,,,,28.8,2005.7,completed,0,climb_fsb,9749187c5102bad2eb5e,scratch/logs/fse2026/climb_fsb/safenlp_2024/e1_9749187c5102bad2eb5e.log
safenlp_2024,450,perturbations_0.onnx,hyperrectangle_5882.vnnlib,,unsat,3.18254474,CERTIFIED,1,20.0,3.18254474,3.193229677,6.6259550750255585,6.59,0,1094,False,0,,,,63.8,2014.6,completed,0,climb_fsb,6cc06927e59f684437ec,scratch/logs/fse2026/climb_fsb/safenlp_2024/e1_6cc06927e59f684437ec.log
safenlp_2024,451,perturbations_0.onnx,hyperrectangle_2427.vnnlib,,sat,0.334399812,FALSIFIED,1,20.0,0.334399812,0.344990499,3.2215450536459684,3.18,0,1,,1,False,True,7.127726964206715e-09,17.3,1767.1,completed,0,climb_fsb,00d3c8e9c8ae6f6928ff,scratch/logs/fse2026/climb_fsb/safenlp_2024/e1_00d3c8e9c8ae6f6928ff.log
safenlp_2024,452,perturbations_0.onnx,hyperrectangle_365.vnnlib,,sat,0.333731895,FALSIFIED,1,20.0,0.333731895,0.344012022,7.978388344869018,7.93,0,1,,1,False,True,7.0974827959258135e-09,17.3,1765.8,completed,0,climb_fsb,2178d9fe6b92119b7d31,scratch/logs/fse2026/climb_fsb/safenlp_2024/e1_2178d9fe6b92119b7d31.log
safenlp_2024,453,perturbations_0.onnx,hyperrectangle_1047.vnnlib,,sat,0.411742479,FALSIFIED,1,20.0,0.411742479,0.42220844,3.7704655658453703,3.76,0,1,,1,False,True,6.0544138591467345e-09,17.3,1770.5,completed,0,climb_fsb,283a084f137eb13ad0d8,scratch/logs/fse2026/climb_fsb/safenlp_2024/e1_283a084f137eb13ad0d8.log
safenlp_2024,454,perturbations_0.onnx,hyperrectangle_305.vnnlib,,sat,0.324356841,FALSIFIED,1,20.0,0.324356841,0.335320523,3.876418413594365,3.85,0,1,,1,False,True,4.104365181056835e-09,17.3,1770.8,completed,0,climb_fsb,88aff66a7f9d2c825ba5,scratch/logs/fse2026/climb_fsb/safenlp_2024/e1_88aff66a7f9d2c825ba5.log
safenlp_2024,455,perturbations_0.onnx,hyperrectangle_573.vnnlib,,sat,0.286918132,FALSIFIED,1,20.0,0.286918132,0.297262877,3.0215275175869465,3.0,0,1,,1,False,True,7.4239950298427004e-09,17.3,1801.7,completed,0,climb_fsb,6040d19dda91648bcbc3,scratch/logs/fse2026/climb_fsb/safenlp_2024/e1_6040d19dda91648bcbc3.log
safenlp_2024,456,perturbations_0.onnx,hyperrectangle_2737.vnnlib,,sat,0.31832077,FALSIFIED,1,20.0,0.31832077,0.32821041,4.172375624999404,4.13,0,1,,1,False,True,4.007917914217174e-09,17.3,1767.2,completed,0,climb_fsb,23640b0a87f3a3cb2a25,scratch/logs/fse2026/climb_fsb/safenlp_2024/e1_23640b0a87f3a3cb2a25.log
safenlp_2024,457,perturbations_0.onnx,hyperrectangle_1307.vnnlib,,sat,0.320854103,FALSIFIED,1,20.0,0.320854103,0.331113189,4.678501408547163,4.63,0,1,,1,False,True,4.705025979934163e-09,17.3,1766.9,completed,0,climb_fsb,dd09977ef2805b0e3a6b,scratch/logs/fse2026/climb_fsb/safenlp_2024/e1_dd09977ef2805b0e3a6b.log
safenlp_2024,458,perturbations_0.onnx,hyperrectangle_3522.vnnlib,,sat,0.322430361,FALSIFIED,1,20.0,0.322430361,0.332912223,4.671915832906961,4.64,0,1,,1,False,True,6.996384555035817e-09,17.3,1782.1,completed,0,climb_fsb,6d3a2a39385973214972,scratch/logs/fse2026/climb_fsb/safenlp_2024/e1_6d3a2a39385973214972.log
safenlp_2024,459,perturbations_0.onnx,hyperrectangle_3207.vnnlib,,sat,0.55390526,FALSIFIED,1,20.0,0.55390526,0.564253313,7.377410661429167,7.37,0,1,,1,False,True,6.176859801421131e-09,17.3,1767.9,completed,0,climb_fsb,518b50b030d04048cc41,scratch/logs/fse2026/climb_fsb/safenlp_2024/e1_518b50b030d04048cc41.log
safenlp_2024,460,perturbations_0.onnx,hyperrectangle_1150.vnnlib,,sat,0.333301447,FALSIFIED,1,20.0,0.333301447,0.344053552,3.019932070747018,2.98,0,1,,1,False,True,7.520345735034795e-09,17.3,1801.4,completed,0,climb_fsb,dbfc3b0856162a3962ad,scratch/logs/fse2026/climb_fsb/safenlp_2024/e1_dbfc3b0856162a3962ad.log
safenlp_2024,461,perturbations_0.onnx,hyperrectangle_4758.vnnlib,,unsat,0.585210176,CERTIFIED,1,20.0,0.585210176,0.595880952,3.9711380284279585,3.93,0,5,,0,,,,18.8,1993.1,completed,0,climb_fsb,160091bb00db68499ec2,scratch/logs/fse2026/climb_fsb/safenlp_2024/e1_160091bb00db68499ec2.log
safenlp_2024,462,perturbations_0.onnx,hyperrectangle_368.vnnlib,,unsat,0.139723094,CERTIFIED,1,20.0,0.139723094,0.15056181,4.021887209266424,4.01,0,,,0,,,,9.3,1580.5,completed,0,climb_fsb,8416b2c74de17679ae71,scratch/logs/fse2026/climb_fsb/safenlp_2024/e1_8416b2c74de17679ae71.log
safenlp_2024,463,perturbations_0.onnx,hyperrectangle_2930.vnnlib,,sat,0.413111292,FALSIFIED,1,20.0,0.413111292,0.423296724,5.173011463135481,5.17,0,3,,1,False,True,6.869678159659998e-09,18.8,1917.2,completed,0,climb_fsb,9a3eaa6bf509a4ae9dd7,scratch/logs/fse2026/climb_fsb/safenlp_2024/e1_9a3eaa6bf509a4ae9dd7.log
safenlp_2024,464,perturbations_0.onnx,hyperrectangle_248.vnnlib,,sat,0.321885236,FALSIFIED,1,20.0,0.321885236,0.332165476,3.5699988957494497,3.55,0,1,,1,False,True,3.4276630700436073e-09,17.3,1801.4,completed,0,climb_fsb,af884711502a1b290d10,scratch/logs/fse2026/climb_fsb/safenlp_2024/e1_af884711502a1b290d10.log
safenlp_2024,465,perturbations_0.onnx,hyperrectangle_245.vnnlib,,sat,1.337870825,FALSIFIED,1,20.0,1.337870825,1.348204175,5.676912663504481,5.66,0,1,,1,False,True,1.181642911296521e-08,17.3,1780.8,completed,0,climb_fsb,c522ce2ef0f6c636bab5,scratch/logs/fse2026/climb_fsb/safenlp_2024/e1_c522ce2ef0f6c636bab5.log
safenlp_2024,466,perturbations_0.onnx,hyperrectangle_1497.vnnlib,,unsat,0.137527695,CERTIFIED,1,20.0,0.137527695,0.148239365,4.573495499789715,4.52,0,,,0,,,,9.3,1551.9,completed,0,climb_fsb,88ae3816c46dd3107eb1,scratch/logs/fse2026/climb_fsb/safenlp_2024/e1_88ae3816c46dd3107eb1.log
safenlp_2024,467,perturbations_0.onnx,hyperrectangle_6674.vnnlib,,sat,0.420787482,FALSIFIED,1,20.0,0.420787482,0.431729713,3.2723560724407434,3.24,0,3,,1,False,True,1.1554000922675556e-08,18.8,1920.1,completed,0,climb_fsb,f8ef1ae806766ad53c69,scratch/logs/fse2026/climb_fsb/safenlp_2024/e1_f8ef1ae806766ad53c69.log
safenlp_2024,468,perturbations_0.onnx,hyperrectangle_2928.vnnlib,,sat,0.90884982,FALSIFIED,1,20.0,0.90884982,0.919547232,4.522977888584137,4.47,0,1,,1,False,True,1.1666830224132951e-08,17.3,1769.5,completed,0,climb_fsb,9e80c9bb6e90d3d3037c,scratch/logs/fse2026/climb_fsb/safenlp_2024/e1_9e80c9bb6e90d3d3037c.log
safenlp_2024,469,perturbations_0.onnx,hyperrectangle_312.vnnlib,,sat,0.351344517,FALSIFIED,1,20.0,0.351344517,0.361931397,4.723047262057662,4.68,0,1,,1,False,True,8.385616478978619e-09,17.3,1790.8,completed,0,climb_fsb,00d7d096a9a1ce57fbd7,scratch/logs/fse2026/climb_fsb/safenlp_2024/e1_00d7d096a9a1ce57fbd7.log
safenlp_2024,470,perturbations_0.onnx,hyperrectangle_2349.vnnlib,,unsat,0.239011358,CERTIFIED,1,20.0,0.239011358,0.249433476,3.0724984388798475,3.06,0,1,False,0,,,,17.3,1741.6,completed,0,climb_fsb,f2b1e9c4991fb089d8be,scratch/logs/fse2026/climb_fsb/safenlp_2024/e1_f2b1e9c4991fb089d8be.log
safenlp_2024,471,perturbations_0.onnx,hyperrectangle_7242.vnnlib,,sat,1.323327012,FALSIFIED,1,20.0,1.323327012,1.333774386,5.628852942958474,5.6,0,1,,1,False,True,1.2614000455268837e-08,17.3,1766.7,completed,0,climb_fsb,7553756ce3e36450f8c7,scratch/logs/fse2026/climb_fsb/safenlp_2024/e1_7553756ce3e36450f8c7.log
safenlp_2024,472,perturbations_0.onnx,hyperrectangle_3015.vnnlib,,unsat,1.690129116,CERTIFIED,1,20.0,1.690129116,1.700439652,5.974364072084427,5.96,0,73,,0,,,,27.4,2005.4,completed,0,climb_fsb,977b2afd84c9c68bbb08,scratch/logs/fse2026/climb_fsb/safenlp_2024/e1_977b2afd84c9c68bbb08.log
safenlp_2024,473,perturbations_0.onnx,hyperrectangle_6891.vnnlib,,sat,0.322624138,FALSIFIED,1,20.0,0.322624138,0.332865834,3.0709631126374006,3.06,0,1,,1,False,True,6.1025332565023405e-09,17.3,1790.3,completed,0,climb_fsb,c9dfc276d2cbc6410891,scratch/logs/fse2026/climb_fsb/safenlp_2024/e1_c9dfc276d2cbc6410891.log
safenlp_2024,474,perturbations_0.onnx,hyperrectangle_6873.vnnlib,,sat,0.344810156,FALSIFIED,1,20.0,0.344810156,0.355495252,3.1212182585150003,3.09,0,1,,1,False,True,6.288209453142457e-09,17.3,1794.9,completed,0,climb_fsb,c568773cc27002bf12e7,scratch/logs/fse2026/climb_fsb/safenlp_2024/e1_c568773cc27002bf12e7.log
safenlp_2024,475,perturbations_0.onnx,hyperrectangle_5877.vnnlib,,sat,0.476268878,FALSIFIED,1,20.0,0.476268878,0.486649133,3.6207831259816885,3.59,0,1,,1,False,True,1.1668285448962479e-08,17.3,1765.9,completed,0,climb_fsb,99d9a2259f265fcd2fd9,scratch/logs/fse2026/climb_fsb/safenlp_2024/e1_99d9a2259f265fcd2fd9.log
safenlp_2024,476,perturbations_0.onnx,hyperrectangle_7238.vnnlib,,sat,0.4041747,FALSIFIED,1,20.0,0.4041747,0.414758222,3.270780151709914,3.22,0,1,,1,False,True,1.3738883419822656e-08,17.3,1790.4,completed,0,climb_fsb,c441ad6fbe7ce208f474,scratch/logs/fse2026/climb_fsb/safenlp_2024/e1_c441ad6fbe7ce208f474.log
safenlp_2024,477,perturbations_0.onnx,hyperrectangle_1923.vnnlib,,unsat,4.11042162,CERTIFIED,1,20.0,4.11042162,4.121038761,7.477443313226104,7.47,0,1219,False,0,,,,68.9,2007.4,completed,0,climb_fsb,146348311c929a28ae84,scratch/logs/fse2026/climb_fsb/safenlp_2024/e1_146348311c929a28ae84.log
safenlp_2024,478,perturbations_0.onnx,hyperrectangle_3466.vnnlib,,unsat,4.64565197,CERTIFIED,1,20.0,4.64565197,4.656587444,7.928476966917515,7.88,0,249,False,0,,,,30.2,2016.3,completed,0,climb_fsb,3fcaa0e54a8008895d15,scratch/logs/fse2026/climb_fsb/safenlp_2024/e1_3fcaa0e54a8008895d15.log
safenlp_2024,479,perturbations_0.onnx,hyperrectangle_1253.vnnlib,,unsat,0.118718309,CERTIFIED,1,20.0,0.118718309,0.129593825,3.4206851348280907,3.37,0,,,0,,,,9.3,1546.4,completed,0,climb_fsb,f43fe5b589ce53c185ec,scratch/logs/fse2026/climb_fsb/safenlp_2024/e1_f43fe5b589ce53c185ec.log
safenlp_2024,480,perturbations_0.onnx,hyperrectangle_2698.vnnlib,,unsat,0.626762031,CERTIFIED,1,20.0,0.626762031,0.636551475,4.421902269124985,4.41,0,17,,0,,,,21.6,2002.4,completed,0,climb_fsb,0351206730b78a4625a4,scratch/logs/fse2026/climb_fsb/safenlp_2024/e1_0351206730b78a4625a4.log
safenlp_2024,481,perturbations_0.onnx,hyperrectangle_230.vnnlib,,sat,0.317387844,FALSIFIED,1,20.0,0.317387844,0.327854959,4.2221033573150635,4.21,0,1,,1,False,True,2.9141807300625544e-09,17.3,1768.7,completed,0,climb_fsb,4e71cf379b21cf49f15b,scratch/logs/fse2026/climb_fsb/safenlp_2024/e1_4e71cf379b21cf49f15b.log
safenlp_2024,482,perturbations_0.onnx,hyperrectangle_1353.vnnlib,,unsat,0.119917896,CERTIFIED,1,20.0,0.119917896,0.130286241,4.022025788202882,4.0,0,,,0,,,,9.3,1549.7,completed,0,climb_fsb,2358516e8527fa529ed3,scratch/logs/fse2026/climb_fsb/safenlp_2024/e1_2358516e8527fa529ed3.log
safenlp_2024,483,perturbations_0.onnx,hyperrectangle_578.vnnlib,,sat,0.319063408,FALSIFIED,1,20.0,0.319063408,0.329896238,4.52211613021791,4.47,0,1,,1,False,True,7.183312916714257e-09,17.3,1765.6,completed,0,climb_fsb,58206f2b0dd027d67e37,scratch/logs/fse2026/climb_fsb/safenlp_2024/e1_58206f2b0dd027d67e37.log
safenlp_2024,484,perturbations_0.onnx,hyperrectangle_350.vnnlib,,sat,0.314911693,FALSIFIED,1,20.0,0.314911693,0.325383216,4.772846641018987,4.73,0,1,,1,False,True,5.707665728937883e-09,17.3,1765.5,completed,0,climb_fsb,f094c91ba8fb2241fba5,scratch/logs/fse2026/climb_fsb/safenlp_2024/e1_f094c91ba8fb2241fba5.log
safenlp_2024,485,perturbations_0.onnx,hyperrectangle_2708.vnnlib,,sat,0.428735778,FALSIFIED,1,20.0,0.428735778,0.440265439,4.622099440544844,4.6,0,1,,1,False,True,9.14457365386312e-09,17.3,1781.2,completed,0,climb_fsb,eaa52dd75d3120176b6d,scratch/logs/fse2026/climb_fsb/safenlp_2024/e1_eaa52dd75d3120176b6d.log
safenlp_2024,486,perturbations_0.onnx,hyperrectangle_5623.vnnlib,,unsat,2.783653222,CERTIFIED,1,20.0,2.783653222,2.794621555,5.573915362358093,5.55,0,523,False,0,,,,37.4,2004.2,completed,0,climb_fsb,8662e6979d70fe25bdd2,scratch/logs/fse2026/climb_fsb/safenlp_2024/e1_8662e6979d70fe25bdd2.log
safenlp_2024,487,perturbations_0.onnx,hyperrectangle_6414.vnnlib,,sat,0.276809733,FALSIFIED,1,20.0,0.276809733,0.28733233,2.9692021794617176,2.94,0,1,,1,False,True,3.347875338066686e-09,17.3,1772.7,completed,0,climb_fsb,9344b48f22897bc4d80c,scratch/logs/fse2026/climb_fsb/safenlp_2024/e1_9344b48f22897bc4d80c.log
safenlp_2024,488,perturbations_0.onnx,hyperrectangle_157.vnnlib,,unsat,0.112778049,CERTIFIED,1,20.0,0.112778049,0.122742195,2.869638890028,2.84,0,,,0,,,,9.3,1544.6,completed,0,climb_fsb,cdeffd70106fd4accfa5,scratch/logs/fse2026/climb_fsb/safenlp_2024/e1_cdeffd70106fd4accfa5.log
safenlp_2024,489,perturbations_0.onnx,hyperrectangle_79.vnnlib,,unsat,9.881716097,CERTIFIED,1,20.0,9.881716097,9.892368741,12.69005560874939,12.65,0,11417,False,0,,,,272.1,1997.1,completed,0,climb_fsb,9972c0e281f996a35fb9,scratch/logs/fse2026/climb_fsb/safenlp_2024/e1_9972c0e281f996a35fb9.log
safenlp_2024,490,perturbations_0.onnx,hyperrectangle_5670.vnnlib,,sat,0.385164155,FALSIFIED,1,20.0,0.385164155,0.396371031,3.8716420363634825,3.84,0,1,,1,False,True,5.404457853463995e-09,17.3,1766.9,completed,0,climb_fsb,898ebe9f4322be0cfe9a,scratch/logs/fse2026/climb_fsb/safenlp_2024/e1_898ebe9f4322be0cfe9a.log
safenlp_2024,491,perturbations_0.onnx,hyperrectangle_2344.vnnlib,,sat,0.3460207,FALSIFIED,1,20.0,0.3460207,0.357062893,3.8788264971226454,3.83,0,1,,1,False,True,6.412504083286308e-09,17.3,1766.2,completed,0,climb_fsb,a22e209e5109780df25d,scratch/logs/fse2026/climb_fsb/safenlp_2024/e1_a22e209e5109780df25d.log
safenlp_2024,492,perturbations_0.onnx,hyperrectangle_1134.vnnlib,,sat,0.407577666,FALSIFIED,1,20.0,0.407577666,0.417895244,3.721854457631707,3.71,0,1,,1,False,True,7.127086004699024e-09,17.3,1784.1,completed,0,climb_fsb,8c26b94ed574b3c4c41f,scratch/logs/fse2026/climb_fsb/safenlp_2024/e1_8c26b94ed574b3c4c41f.log
safenlp_2024,493,perturbations_0.onnx,hyperrectangle_4803.vnnlib,,sat,0.463184334,FALSIFIED,1,20.0,0.463184334,0.475814324,4.622331041842699,4.59,0,1,,1,False,True,6.9495417476250765e-09,17.3,1781.1,completed,0,climb_fsb,5356f3dea180b6a8826d,scratch/logs/fse2026/climb_fsb/safenlp_2024/e1_5356f3dea180b6a8826d.log
safenlp_2024,494,perturbations_0.onnx,hyperrectangle_2763.vnnlib,,unsat,0.126136925,CERTIFIED,1,20.0,0.126136925,0.137509055,4.622516779229045,4.58,0,,,0,,,,9.3,1574.3,completed,0,climb_fsb,3f96425cb50e9e48bc9c,scratch/logs/fse2026/climb_fsb/safenlp_2024/e1_3f96425cb50e9e48bc9c.log
safenlp_2024,495,perturbations_0.onnx,hyperrectangle_6221.vnnlib,,sat,1.126255302,FALSIFIED,1,20.0,1.126255302,1.137566382,5.526460623368621,5.49,0,1,,1,False,True,7.3683224244280865e-09,17.3,1767.3,completed,0,climb_fsb,b063fa80724bad767992,scratch/logs/fse2026/climb_fsb/safenlp_2024/e1_b063fa80724bad767992.log
safenlp_2024,496,perturbations_0.onnx,hyperrectangle_1173.vnnlib,,sat,0.353242598,FALSIFIED,1,20.0,0.353242598,0.364238793,3.2718085162341595,3.26,0,1,,1,False,True,8.174360521806534e-09,17.3,1771.5,completed,0,climb_fsb,72b7c0cd6eb8b71f492b,scratch/logs/fse2026/climb_fsb/safenlp_2024/e1_72b7c0cd6eb8b71f492b.log
safenlp_2024,497,perturbations_0.onnx,hyperrectangle_3095.vnnlib,,unsat,0.373381393,CERTIFIED,1,20.0,0.373381393,0.384109067,3.321164423599839,3.29,0,3,,0,,,,18.8,1938.7,completed,0,climb_fsb,b1c2b0474ddfd9f48aa0,scratch/logs/fse2026/climb_fsb/safenlp_2024/e1_b1c2b0474ddfd9f48aa0.log
safenlp_2024,498,perturbations_0.onnx,hyperrectangle_3566.vnnlib,,unsat,0.131522497,CERTIFIED,1,20.0,0.131522497,0.14287583,6.7781384550035,6.72,0,,,0,,,,9.3,1547.6,completed,0,climb_fsb,46d5b6a4079eaf15ece3,scratch/logs/fse2026/climb_fsb/safenlp_2024/e1_46d5b6a4079eaf15ece3.log
safenlp_2024,499,perturbations_0.onnx,hyperrectangle_7689.vnnlib,,sat,0.400113946,FALSIFIED,1,20.0,0.400113946,0.410693457,4.021812001243234,3.99,0,1,,1,False,True,1.4099012235480046e-08,17.3,1767.8,completed,0,climb_fsb,d6e87113d81baee02116,scratch/logs/fse2026/climb_fsb/safenlp_2024/e1_d6e87113d81baee02116.log
safenlp_2024,500,perturbations_0.onnx,hyperrectangle_2348.vnnlib,,sat,0.436571693,FALSIFIED,1,20.0,0.436571693,0.447085649,3.7210107147693634,3.71,0,1,,1,False,True,7.243352972974293e-09,17.3,1790.1,completed,0,climb_fsb,77ddef4046e684a00b05,scratch/logs/fse2026/climb_fsb/safenlp_2024/e1_77ddef4046e684a00b05.log
safenlp_2024,501,perturbations_0.onnx,hyperrectangle_5525.vnnlib,,unknown,20.652404526,UNKNOWN,0,20.0,20.652404526,20.66296467,25.062085427343845,25.03,1,17592,False,0,,,,632.5,2015.1,completed,0,climb_fsb,2466ac6070cfafad2eb9,scratch/logs/fse2026/climb_fsb/safenlp_2024/e1_2466ac6070cfafad2eb9.log
safenlp_2024,502,perturbations_0.onnx,hyperrectangle_4360.vnnlib,,sat,0.259153655,FALSIFIED,1,20.0,0.259153655,0.269302441,3.019272744655609,2.97,0,1,,1,False,True,4.815649157219326e-09,17.3,1767.1,completed,0,climb_fsb,55393f52bba6d7b2285d,scratch/logs/fse2026/climb_fsb/safenlp_2024/e1_55393f52bba6d7b2285d.log
safenlp_2024,503,perturbations_0.onnx,hyperrectangle_4359.vnnlib,,unsat,5.430938806,CERTIFIED,1,20.0,5.430938806,5.441334242,8.830748811364174,8.82,0,1822,False,0,,,,83.9,2005.2,completed,0,climb_fsb,4d667eb055cc5bbaa7fd,scratch/logs/fse2026/climb_fsb/safenlp_2024/e1_4d667eb055cc5bbaa7fd.log
safenlp_2024,504,perturbations_0.onnx,hyperrectangle_1626.vnnlib,,sat,0.274894308,FALSIFIED,1,20.0,0.274894308,0.285048109,4.822511270642281,4.78,0,1,,1,False,True,5.854173590336131e-09,17.3,1765.6,completed,0,climb_fsb,cc2f235e3dbb5c0a210c,scratch/logs/fse2026/climb_fsb/safenlp_2024/e1_cc2f235e3dbb5c0a210c.log
safenlp_2024,505,perturbations_0.onnx,hyperrectangle_2390.vnnlib,,sat,0.47151253,FALSIFIED,1,20.0,0.47151253,0.481691036,3.3199560195207596,3.27,0,3,,1,False,True,1.4573208195756138e-08,18.8,1922.0,completed,0,climb_fsb,6edf7ac87d191e304213,scratch/logs/fse2026/climb_fsb/safenlp_2024/e1_6edf7ac87d191e304213.log
safenlp_2024,506,perturbations_0.onnx,hyperrectangle_1673.vnnlib,,unsat,0.111395702,CERTIFIED,1,20.0,0.111395702,0.121693835,3.5708191115409136,3.53,0,,,0,,,,9.3,1544.7,completed,0,climb_fsb,4e8f2861ce4d45124e7f,scratch/logs/fse2026/climb_fsb/safenlp_2024/e1_4e8f2861ce4d45124e7f.log
safenlp_2024,507,perturbations_0.onnx,hyperrectangle_5986.vnnlib,,sat,1.34635775,FALSIFIED,1,20.0,1.34635775,1.357325355,6.175492491573095,6.12,0,1,,1,False,True,7.152325204318188e-09,17.3,1767.4,completed,0,climb_fsb,b2d161f91510d0a1c95b,scratch/logs/fse2026/climb_fsb/safenlp_2024/e1_b2d161f91510d0a1c95b.log
safenlp_2024,508,perturbations_0.onnx,hyperrectangle_7258.vnnlib,,sat,0.492842123,FALSIFIED,1,20.0,0.492842123,0.503068479,4.826807260513306,4.82,0,1,,1,False,True,6.5885835121015646e-09,17.3,1772.7,completed,0,climb_fsb,8f5ff7f8ccaaf9f4218e,scratch/logs/fse2026/climb_fsb/safenlp_2024/e1_8f5ff7f8ccaaf9f4218e.log
safenlp_2024,509,perturbations_0.onnx,hyperrectangle_1726.vnnlib,,unsat,0.111653527,CERTIFIED,1,20.0,0.111653527,0.122077104,2.8693651854991913,2.86,0,,,0,,,,9.3,1546.8,completed,0,climb_fsb,1bc1f25df36991ca8ec1,scratch/logs/fse2026/climb_fsb/safenlp_2024/e1_1bc1f25df36991ca8ec1.log
safenlp_2024,510,perturbations_0.onnx,hyperrectangle_2406.vnnlib,,sat,1.356849244,FALSIFIED,1,20.0,1.356849244,1.367119856,6.027081839740276,5.99,0,1,,1,False,True,7.284130659757082e-09,17.3,1783.8,completed,0,climb_fsb,b2c79e07537e4d165045,scratch/logs/fse2026/climb_fsb/safenlp_2024/e1_b2c79e07537e4d165045.log
safenlp_2024,511,perturbations_0.onnx,hyperrectangle_953.vnnlib,,sat,0.375441147,FALSIFIED,1,20.0,0.375441147,0.385589464,4.974579947069287,4.92,0,1,,1,False,True,1.3950701649445563e-08,17.3,1767.0,completed,0,climb_fsb,d8976f186628c87af69f,scratch/logs/fse2026/climb_fsb/safenlp_2024/e1_d8976f186628c87af69f.log
safenlp_2024,512,perturbations_0.onnx,hyperrectangle_145.vnnlib,,unsat,2.444604004,CERTIFIED,1,20.0,2.444604004,2.455200493,5.182826308533549,5.16,0,66,,0,,,,23.1,1998.9,completed,0,climb_fsb,cad1e2c7f7b97ec4ca72,scratch/logs/fse2026/climb_fsb/safenlp_2024/e1_cad1e2c7f7b97ec4ca72.log
safenlp_2024,513,perturbations_0.onnx,hyperrectangle_787.vnnlib,,sat,0.310394421,FALSIFIED,1,20.0,0.310394421,0.321063973,3.3706776835024357,3.33,0,1,,1,False,True,3.4308371976710106e-09,17.3,1784.6,completed,0,climb_fsb,9075fc5476b51dd5e279,scratch/logs/fse2026/climb_fsb/safenlp_2024/e1_9075fc5476b51dd5e279.log
safenlp_2024,514,perturbations_0.onnx,hyperrectangle_885.vnnlib,,unsat,0.12665379,CERTIFIED,1,20.0,0.12665379,0.137002008,3.0206098966300488,3.01,0,,,0,,,,9.3,1550.0,completed,0,climb_fsb,7e83316de20098238e0f,scratch/logs/fse2026/climb_fsb/safenlp_2024/e1_7e83316de20098238e0f.log
safenlp_2024,515,perturbations_0.onnx,hyperrectangle_2455.vnnlib,,unsat,15.432024634,CERTIFIED,1,20.0,15.432024634,15.442448996,18.252707762643695,18.2,0,14117,False,0,,,,323.6,1999.9,completed,0,climb_fsb,5cb6c30f76c941ca1551,scratch/logs/fse2026/climb_fsb/safenlp_2024/e1_5cb6c30f76c941ca1551.log
safenlp_2024,516,perturbations_0.onnx,hyperrectangle_2355.vnnlib,,sat,0.429067686,FALSIFIED,1,20.0,0.429067686,0.439353166,6.1788935754448175,6.14,0,1,,1,False,True,7.105549426622559e-09,17.3,1767.4,completed,0,climb_fsb,3e2a0cba73b50f90ec30,scratch/logs/fse2026/climb_fsb/safenlp_2024/e1_3e2a0cba73b50f90ec30.log
safenlp_2024,517,perturbations_0.onnx,hyperrectangle_6650.vnnlib,,sat,0.356492521,FALSIFIED,1,20.0,0.356492521,0.366779311,3.723649799823761,3.72,0,1,,1,False,True,6.069767466421183e-09,17.3,1767.3,completed,0,climb_fsb,fa8b5320e649abc30d3b,scratch/logs/fse2026/climb_fsb/safenlp_2024/e1_fa8b5320e649abc30d3b.log
safenlp_2024,518,perturbations_0.onnx,hyperrectangle_22.vnnlib,,sat,0.333270449,FALSIFIED,1,20.0,0.333270449,0.343708076,3.6722361966967583,3.62,0,1,,1,False,True,1.1705297231490164e-08,17.3,1801.7,completed,0,climb_fsb,9f58af1a010b7e05ab1f,scratch/logs/fse2026/climb_fsb/safenlp_2024/e1_9f58af1a010b7e05ab1f.log
safenlp_2024,519,perturbations_0.onnx,hyperrectangle_292.vnnlib,,unsat,0.126480855,CERTIFIED,1,20.0,0.126480855,0.137495432,2.9193835482001305,2.9,0,,,0,,,,9.3,1545.8,completed,0,climb_fsb,a435094c9598e6024f7b,scratch/logs/fse2026/climb_fsb/safenlp_2024/e1_a435094c9598e6024f7b.log
safenlp_2024,520,perturbations_0.onnx,hyperrectangle_2673.vnnlib,,sat,1.261913363,FALSIFIED,1,20.0,1.261913363,1.273418183,5.725156059488654,5.67,0,1,,1,False,True,4.305928030801098e-09,17.3,1769.3,completed,0,climb_fsb,1d1c300692464a75b514,scratch/logs/fse2026/climb_fsb/safenlp_2024/e1_1d1c300692464a75b514.log
safenlp_2024,521,perturbations_0.onnx,hyperrectangle_1407.vnnlib,,unsat,0.11324559,CERTIFIED,1,20.0,0.11324559,0.123996744,4.074995264410973,4.05,0,,,0,,,,9.3,1549.7,completed,0,climb_fsb,f1b204b7b6995c0a3500,scratch/logs/fse2026/climb_fsb/safenlp_2024/e1_f1b204b7b6995c0a3500.log
safenlp_2024,522,perturbations_0.onnx,hyperrectangle_4535.vnnlib,,sat,0.287384138,FALSIFIED,1,20.0,0.287384138,0.297453113,4.673119634389877,4.63,0,1,,1,False,True,1.068481492172424e-08,17.3,1790.6,completed,0,climb_fsb,564d864f782d9c84a72e,scratch/logs/fse2026/climb_fsb/safenlp_2024/e1_564d864f782d9c84a72e.log
safenlp_2024,523,perturbations_0.onnx,hyperrectangle_6710.vnnlib,,sat,0.300723592,FALSIFIED,1,20.0,0.300723592,0.311162487,4.421741196885705,4.4,0,1,,1,False,True,1.7183035272427816e-09,17.3,1767.9,completed,0,climb_fsb,55e6134ef1663b9fa20a,scratch/logs/fse2026/climb_fsb/safenlp_2024/e1_55e6134ef1663b9fa20a.log
safenlp_2024,524,perturbations_0.onnx,hyperrectangle_1764.vnnlib,,unsat,0.503935121,CERTIFIED,1,20.0,0.503935121,0.514216965,4.372115824371576,4.33,0,13,,0,,,,20.2,1974.5,completed,0,climb_fsb,f19e325654eca8fd6212,scratch/logs/fse2026/climb_fsb/safenlp_2024/e1_f19e325654eca8fd6212.log
safenlp_2024,525,perturbations_0.onnx,hyperrectangle_4316.vnnlib,,sat,0.312834635,FALSIFIED,1,20.0,0.312834635,0.322701652,3.7754816878587008,3.74,0,1,,1,False,True,4.073050507980014e-09,17.3,1765.5,completed,0,climb_fsb,3249863b29df7e53a35e,scratch/logs/fse2026/climb_fsb/safenlp_2024/e1_3249863b29df7e53a35e.log
safenlp_2024,526,perturbations_0.onnx,hyperrectangle_5722.vnnlib,,sat,0.571946129,FALSIFIED,1,20.0,0.571946129,0.582265405,4.27774460054934,4.24,0,63,,1,False,True,1.4617324406440702e-08,40.2,1951.5,completed,0,climb_fsb,b562b91cf765e712959b,scratch/logs/fse2026/climb_fsb/safenlp_2024/e1_b562b91cf765e712959b.log
safenlp_2024,527,perturbations_0.onnx,hyperrectangle_1737.vnnlib,,unsat,0.119028676,CERTIFIED,1,20.0,0.119028676,0.129807027,4.422434668987989,4.41,0,,,0,,,,9.3,1560.9,completed,0,climb_fsb,05809f43fed3cc6babdb,scratch/logs/fse2026/climb_fsb/safenlp_2024/e1_05809f43fed3cc6babdb.log
safenlp_2024,528,perturbations_0.onnx,hyperrectangle_1515.vnnlib,,unsat,2.337985322,CERTIFIED,1,20.0,2.337985322,2.347609999,5.073449237272143,5.04,0,437,False,0,,,,31.7,1997.4,completed,0,climb_fsb,24d7a7d58f474381745f,scratch/logs/fse2026/climb_fsb/safenlp_2024/e1_24d7a7d58f474381745f.log
safenlp_2024,529,perturbations_0.onnx,hyperrectangle_3839.vnnlib,,sat,0.312505813,FALSIFIED,1,20.0,0.312505813,0.323732406,2.918962748721242,2.89,0,1,,1,False,True,6.591976575709424e-09,17.3,1770.0,completed,0,climb_fsb,39c903b77771f61590f2,scratch/logs/fse2026/climb_fsb/safenlp_2024/e1_39c903b77771f61590f2.log
safenlp_2024,530,perturbations_0.onnx,hyperrectangle_4933.vnnlib,,sat,0.310494872,FALSIFIED,1,20.0,0.310494872,0.321585409,2.970307743176818,2.96,0,1,,1,False,True,8.233255910372606e-09,17.3,1767.3,completed,0,climb_fsb,20c10cedf7f309cdad71,scratch/logs/fse2026/climb_fsb/safenlp_2024/e1_20c10cedf7f309cdad71.log
safenlp_2024,531,perturbations_0.onnx,hyperrectangle_920.vnnlib,,unsat,1.172694204,CERTIFIED,1,20.0,1.172694204,1.182984974,3.82062947191298,3.77,0,92,,0,,,,25.9,2004.8,completed,0,climb_fsb,e39b0bafc54d4ce01bfc,scratch/logs/fse2026/climb_fsb/safenlp_2024/e1_e39b0bafc54d4ce01bfc.log
safenlp_2024,532,perturbations_0.onnx,hyperrectangle_3039.vnnlib,,sat,0.30150442,FALSIFIED,1,20.0,0.30150442,0.31168773,2.969913622364402,2.92,0,1,,1,False,True,5.991735052557345e-09,17.3,1781.7,completed,0,climb_fsb,b329ff66a42a0e8187ae,scratch/logs/fse2026/climb_fsb/safenlp_2024/e1_b329ff66a42a0e8187ae.log
safenlp_2024,533,perturbations_0.onnx,hyperrectangle_4944.vnnlib,,unsat,1.718731973,CERTIFIED,1,20.0,1.718731973,1.728916829,4.325782775878906,4.3,0,348,False,0,,,,36.0,1994.9,completed,0,climb_fsb,f5701f0f4681efb6f633,scratch/logs/fse2026/climb_fsb/safenlp_2024/e1_f5701f0f4681efb6f633.log
safenlp_2024,534,perturbations_0.onnx,hyperrectangle_1547.vnnlib,,unsat,0.553944563,CERTIFIED,1,20.0,0.553944563,0.564727778,3.972409427165985,3.92,0,5,,0,,,,18.8,1976.3,completed,0,climb_fsb,bbbef02f67051291da2b,scratch/logs/fse2026/climb_fsb/safenlp_2024/e1_bbbef02f67051291da2b.log
safenlp_2024,535,perturbations_0.onnx,hyperrectangle_4018.vnnlib,,sat,0.398375235,FALSIFIED,1,20.0,0.398375235,0.408675369,3.670941097661853,3.63,0,1,,1,False,True,6.2144795420771e-09,17.3,1765.8,completed,0,climb_fsb,4b3e97ebdf783231ba51,scratch/logs/fse2026/climb_fsb/safenlp_2024/e1_4b3e97ebdf783231ba51.log
safenlp_2024,536,perturbations_0.onnx,hyperrectangle_6853.vnnlib,,sat,0.402132433,FALSIFIED,1,20.0,0.402132433,0.412307743,4.321010699495673,4.28,0,1,,1,False,True,7.024383491538444e-09,17.3,1767.3,completed,0,climb_fsb,930944e2d5c3da76e865,scratch/logs/fse2026/climb_fsb/safenlp_2024/e1_930944e2d5c3da76e865.log
safenlp_2024,537,perturbations_0.onnx,hyperrectangle_7620.vnnlib,,sat,0.29312106,FALSIFIED,1,20.0,0.29312106,0.303861149,4.62360436283052,4.59,0,1,,1,False,True,5.002559061439982e-09,17.3,1767.5,completed,0,climb_fsb,dfb56f24452a07872f62,scratch/logs/fse2026/climb_fsb/safenlp_2024/e1_dfb56f24452a07872f62.log
safenlp_2024,538,perturbations_0.onnx,hyperrectangle_5802.vnnlib,,sat,0.725688837,FALSIFIED,1,20.0,0.725688837,0.735847773,4.123109256848693,4.09,0,1,,1,False,True,3.620207605914416e-09,17.3,1765.3,completed,0,climb_fsb,017c3a90d7ad9e109322,scratch/logs/fse2026/climb_fsb/safenlp_2024/e1_017c3a90d7ad9e109322.log
safenlp_2024,539,perturbations_0.onnx,hyperrectangle_7014.vnnlib,,sat,0.320606859,FALSIFIED,1,20.0,0.320606859,0.331162587,2.987641206011176,2.94,0,1,,1,False,True,6.640696409432323e-09,17.3,1769.1,completed,0,climb_fsb,7f14156c3406827f434a,scratch/logs/fse2026/climb_fsb/safenlp_2024/e1_7f14156c3406827f434a.log
safenlp_2024,540,perturbations_0.onnx,hyperrectangle_1157.vnnlib,,unsat,0.611194747,CERTIFIED,1,20.0,0.611194747,0.621556457,3.4199796244502068,3.39,0,9,,0,,,,18.8,1971.7,completed,0,climb_fsb,9cb91ba759f796309623,scratch/logs/fse2026/climb_fsb/safenlp_2024/e1_9cb91ba759f796309623.log
safenlp_2024,541,perturbations_0.onnx,hyperrectangle_1538.vnnlib,,unsat,0.135826161,CERTIFIED,1,20.0,0.135826161,0.145980788,10.285147542133927,10.27,0,,,0,,,,9.3,1549.3,completed,0,climb_fsb,be102174d29ad87cabc2,scratch/logs/fse2026/climb_fsb/safenlp_2024/e1_be102174d29ad87cabc2.log
safenlp_2024,542,perturbations_0.onnx,hyperrectangle_5306.vnnlib,,sat,0.295856057,FALSIFIED,1,20.0,0.295856057,0.306405667,3.170595059171319,3.16,0,1,,1,False,True,4.1352979651687605e-09,17.3,1766.6,completed,0,climb_fsb,36e21c011000001eb0a5,scratch/logs/fse2026/climb_fsb/safenlp_2024/e1_36e21c011000001eb0a5.log
safenlp_2024,543,perturbations_0.onnx,hyperrectangle_2280.vnnlib,,unsat,14.542850258,CERTIFIED,1,20.0,14.542850258,14.553022685,17.745686965063214,17.7,0,7970,False,0,,,,262.0,1997.8,completed,0,climb_fsb,6c0efa6a3d294f1f96f2,scratch/logs/fse2026/climb_fsb/safenlp_2024/e1_6c0efa6a3d294f1f96f2.log
safenlp_2024,544,perturbations_0.onnx,hyperrectangle_7696.vnnlib,,unsat,2.485673402,CERTIFIED,1,20.0,2.485673402,2.496163538,8.932011807337403,8.9,0,540,False,0,,,,46.0,2013.5,completed,0,climb_fsb,660da04fc65ad3fa044a,scratch/logs/fse2026/climb_fsb/safenlp_2024/e1_660da04fc65ad3fa044a.log
safenlp_2024,545,perturbations_0.onnx,hyperrectangle_1470.vnnlib,,unsat,6.262776006,CERTIFIED,1,20.0,6.262776006,6.27394587,9.732240702956915,9.71,0,1999,False,0,,,,108.2,2000.1,completed,0,climb_fsb,b1c2a2b8a8dbd2bcad58,scratch/logs/fse2026/climb_fsb/safenlp_2024/e1_b1c2a2b8a8dbd2bcad58.log
safenlp_2024,546,perturbations_0.onnx,hyperrectangle_423.vnnlib,,unsat,2.51660379,CERTIFIED,1,20.0,2.51660379,2.527166827,6.877305578440428,6.87,0,155,False,0,,,,28.8,1999.5,completed,0,climb_fsb,0e233bbb816ff3d392ab,scratch/logs/fse2026/climb_fsb/safenlp_2024/e1_0e233bbb816ff3d392ab.log
safenlp_2024,547,perturbations_0.onnx,hyperrectangle_1371.vnnlib,,sat,1.355130006,FALSIFIED,1,20.0,1.355130006,1.365628272,6.230132637545466,6.21,0,1,,1,False,True,6.9629506327384405e-09,17.3,1766.7,completed,0,climb_fsb,02a9b13f68132d40d169,scratch/logs/fse2026/climb_fsb/safenlp_2024/e1_02a9b13f68132d40d169.log
safenlp_2024,548,perturbations_0.onnx,hyperrectangle_1530.vnnlib,,unsat,0.157450229,CERTIFIED,1,20.0,0.157450229,0.167580431,4.473157949745655,4.44,0,,,0,,,,9.3,1563.5,completed,0,climb_fsb,e84643ed64592b5068e3,scratch/logs/fse2026/climb_fsb/safenlp_2024/e1_e84643ed64592b5068e3.log
safenlp_2024,549,perturbations_0.onnx,hyperrectangle_1433.vnnlib,,unsat,0.118161052,CERTIFIED,1,20.0,0.118161052,0.128493173,2.8689533174037933,2.85,0,,,0,,,,9.3,1563.3,completed,0,climb_fsb,ccd0cf8285f2e3244735,scratch/logs/fse2026/climb_fsb/safenlp_2024/e1_ccd0cf8285f2e3244735.log
safenlp_2024,550,perturbations_0.onnx,hyperrectangle_4729.vnnlib,,sat,0.361716408,FALSIFIED,1,20.0,0.361716408,0.372015931,4.8725010342895985,4.84,0,1,,1,False,True,7.3482132045832316e-09,17.3,1767.6,completed,0,climb_fsb,c91edae9fc2d9dec2e56,scratch/logs/fse2026/climb_fsb/safenlp_2024/e1_c91edae9fc2d9dec2e56.log
safenlp_2024,551,perturbations_0.onnx,hyperrectangle_3005.vnnlib,,unsat,3.7959655,CERTIFIED,1,20.0,3.7959655,3.806406593,6.626527735963464,6.61,0,629,False,0,,,,48.8,2004.6,completed,0,climb_fsb,f92fe9f30a77d7a48a55,scratch/logs/fse2026/climb_fsb/safenlp_2024/e1_f92fe9f30a77d7a48a55.log
safenlp_2024,552,perturbations_0.onnx,hyperrectangle_7233.vnnlib,,unsat,3.410936683,CERTIFIED,1,20.0,3.410936683,3.421751732,6.425644792616367,6.38,0,408,False,0,,,,36.0,2002.2,completed,0,climb_fsb,d4f13d84bbb7980e63f7,scratch/logs/fse2026/climb_fsb/safenlp_2024/e1_d4f13d84bbb7980e63f7.log
safenlp_2024,553,perturbations_0.onnx,hyperrectangle_5946.vnnlib,,unsat,0.114432571,CERTIFIED,1,20.0,0.114432571,0.125091987,3.470219135284424,3.43,0,,,0,,,,9.3,1546.5,completed,0,climb_fsb,ebca31eedd0e32e149a6,scratch/logs/fse2026/climb_fsb/safenlp_2024/e1_ebca31eedd0e32e149a6.log
safenlp_2024,554,perturbations_0.onnx,hyperrectangle_817.vnnlib,,sat,0.692937763,FALSIFIED,1,20.0,0.692937763,0.703407181,5.077154409140348,5.04,0,1,,1,False,True,2.9954341229654347e-09,17.3,1772.7,completed,0,climb_fsb,f38b72b0b2ca2764e9a2,scratch/logs/fse2026/climb_fsb/safenlp_2024/e1_f38b72b0b2ca2764e9a2.log
safenlp_2024,555,perturbations_0.onnx,hyperrectangle_735.vnnlib,,sat,0.306209147,FALSIFIED,1,20.0,0.306209147,0.316838047,3.069761738181114,3.04,0,1,,1,False,True,6.9330319263372076e-09,17.3,1773.2,completed,0,climb_fsb,6567d15a6e6af3031314,scratch/logs/fse2026/climb_fsb/safenlp_2024/e1_6567d15a6e6af3031314.log
safenlp_2024,556,perturbations_0.onnx,hyperrectangle_915.vnnlib,,sat,0.353956537,FALSIFIED,1,20.0,0.353956537,0.364134174,3.124166963621974,3.11,0,1,,1,False,True,6.648182310220463e-09,17.3,1768.3,completed,0,climb_fsb,18caaa0dd2ca6c91a875,scratch/logs/fse2026/climb_fsb/safenlp_2024/e1_18caaa0dd2ca6c91a875.log
safenlp_2024,557,perturbations_0.onnx,hyperrectangle_5021.vnnlib,,sat,0.323982235,FALSIFIED,1,20.0,0.323982235,0.334270572,3.120184402912855,3.08,0,1,,1,False,True,1.1606779204420548e-08,17.3,1781.7,completed,0,climb_fsb,cb2b9e2bec29cdf1d945,scratch/logs/fse2026/climb_fsb/safenlp_2024/e1_cb2b9e2bec29cdf1d945.log
safenlp_2024,558,perturbations_0.onnx,hyperrectangle_2258.vnnlib,,unsat,0.469516259,CERTIFIED,1,20.0,0.469516259,0.480264533,5.123454285785556,5.11,0,3,,0,,,,18.8,1940.5,completed,0,climb_fsb,728c8105ce4ce185a672,scratch/logs/fse2026/climb_fsb/safenlp_2024/e1_728c8105ce4ce185a672.log
safenlp_2024,559,perturbations_0.onnx,hyperrectangle_6028.vnnlib,,unsat,0.433473945,CERTIFIED,1,20.0,0.433473945,0.444398204,3.222826339304447,3.18,0,3,,0,,,,18.8,1933.0,completed,0,climb_fsb,19b3d567bc24130a7d08,scratch/logs/fse2026/climb_fsb/safenlp_2024/e1_19b3d567bc24130a7d08.log
safenlp_2024,560,perturbations_0.onnx,hyperrectangle_1718.vnnlib,,sat,2.121908471,FALSIFIED,1,20.0,2.121908471,2.132209606,7.1274576634168625,7.1,0,352,,1,False,True,7.084607428486933e-09,68.8,2018.3,completed,0,climb_fsb,59a752095b593e780fe5,scratch/logs/fse2026/climb_fsb/safenlp_2024/e1_59a752095b593e780fe5.log
safenlp_2024,561,perturbations_0.onnx,hyperrectangle_5814.vnnlib,,sat,0.341270562,FALSIFIED,1,20.0,0.341270562,0.352017464,3.1194160766899586,3.08,0,1,,1,False,True,6.937261931572181e-09,17.3,1784.2,completed,0,climb_fsb,66637eb2f3f3eac16a44,scratch/logs/fse2026/climb_fsb/safenlp_2024/e1_66637eb2f3f3eac16a44.log
safenlp_2024,562,perturbations_0.onnx,hyperrectangle_676.vnnlib,,unsat,0.787900241,CERTIFIED,1,20.0,0.787900241,0.798894918,3.570527669042349,3.56,0,9,,0,,,,18.8,1971.3,completed,0,climb_fsb,0e4dffc2da9393bc8396,scratch/logs/fse2026/climb_fsb/safenlp_2024/e1_0e4dffc2da9393bc8396.log
safenlp_2024,563,perturbations_0.onnx,hyperrectangle_4083.vnnlib,,sat,0.354316052,FALSIFIED,1,20.0,0.354316052,0.364682481,4.622149661183357,4.62,0,1,,1,False,True,6.613481873252169e-09,17.3,1769.8,completed,0,climb_fsb,996aee7405831d3273ec,scratch/logs/fse2026/climb_fsb/safenlp_2024/e1_996aee7405831d3273ec.log
safenlp_2024,564,perturbations_0.onnx,hyperrectangle_4357.vnnlib,,unsat,0.831247475,CERTIFIED,1,20.0,0.831247475,0.844368378,3.5698968321084976,3.55,0,21,,0,,,,20.2,2010.8,completed,0,climb_fsb,cc2583a069a1cdfe4fa8,scratch/logs/fse2026/climb_fsb/safenlp_2024/e1_cc2583a069a1cdfe4fa8.log
safenlp_2024,565,perturbations_0.onnx,hyperrectangle_6636.vnnlib,,sat,0.529278193,FALSIFIED,1,20.0,0.529278193,0.5396311,3.42008919082582,3.37,0,1,,1,False,True,6.0554541936319595e-09,17.3,1781.1,completed,0,climb_fsb,c69e56c61d8f212f48af,scratch/logs/fse2026/climb_fsb/safenlp_2024/e1_c69e56c61d8f212f48af.log
safenlp_2024,566,perturbations_0.onnx,hyperrectangle_2054.vnnlib,,sat,0.386695478,FALSIFIED,1,20.0,0.386695478,0.396962559,4.773972295224667,4.75,0,1,,1,False,True,6.159764837088133e-09,17.3,1767.8,completed,0,climb_fsb,0a36d1e4eab8378e7b33,scratch/logs/fse2026/climb_fsb/safenlp_2024/e1_0a36d1e4eab8378e7b33.log
safenlp_2024,567,perturbations_0.onnx,hyperrectangle_4192.vnnlib,,sat,0.435467631,FALSIFIED,1,20.0,0.435467631,0.445529165,3.770322496071458,3.74,0,1,,1,False,True,3.235071321938676e-09,17.3,1784.7,completed,0,climb_fsb,5bd5f585e27e58cff680,scratch/logs/fse2026/climb_fsb/safenlp_2024/e1_5bd5f585e27e58cff680.log
safenlp_2024,568,perturbations_0.onnx,hyperrectangle_1381.vnnlib,,sat,0.997423675,FALSIFIED,1,20.0,0.997423675,1.008303879,5.026162620633841,5.01,0,1,,1,False,True,6.70218736065209e-09,17.3,1767.6,completed,0,climb_fsb,71132b722372e5a53565,scratch/logs/fse2026/climb_fsb/safenlp_2024/e1_71132b722372e5a53565.log
safenlp_2024,569,perturbations_0.onnx,hyperrectangle_675.vnnlib,,sat,0.315719718,FALSIFIED,1,20.0,0.315719718,0.326585548,4.376784313470125,4.32,0,1,,1,False,True,1.3182709757142419e-08,17.3,1768.4,completed,0,climb_fsb,4bec0bf3b3d18f4e3afe,scratch/logs/fse2026/climb_fsb/safenlp_2024/e1_4bec0bf3b3d18f4e3afe.log
safenlp_2024,570,perturbations_0.onnx,hyperrectangle_1770.vnnlib,,unsat,0.138433402,CERTIFIED,1,20.0,0.138433402,0.149103068,3.721596023067832,3.7,0,,,0,,,,9.3,1546.4,completed,0,climb_fsb,8417f350bbe71981bce4,scratch/logs/fse2026/climb_fsb/safenlp_2024/e1_8417f350bbe71981bce4.log
safenlp_2024,571,perturbations_0.onnx,hyperrectangle_2185.vnnlib,,sat,0.33037702,FALSIFIED,1,20.0,0.33037702,0.340941023,3.1196266300976276,3.1,0,1,,1,False,True,1.1209802530665058e-08,17.3,1770.4,completed,0,climb_fsb,5c8bf995b0966d9325f4,scratch/logs/fse2026/climb_fsb/safenlp_2024/e1_5c8bf995b0966d9325f4.log
safenlp_2024,572,perturbations_0.onnx,hyperrectangle_1992.vnnlib,,unsat,1.244569575,CERTIFIED,1,20.0,1.244569575,1.2562545,6.775300614535809,6.75,0,24,,0,,,,20.2,2001.2,completed,0,climb_fsb,9c517be9710783b6e9c1,scratch/logs/fse2026/climb_fsb/safenlp_2024/e1_9c517be9710783b6e9c1.log
safenlp_2024,573,perturbations_0.onnx,hyperrectangle_3338.vnnlib,,sat,0.316570064,FALSIFIED,1,20.0,0.316570064,0.327368621,3.2198066879063845,3.19,0,1,,1,False,True,9.5155990864626e-09,17.3,1765.4,completed,0,climb_fsb,ab88e6b153355f3728e6,scratch/logs/fse2026/climb_fsb/safenlp_2024/e1_ab88e6b153355f3728e6.log
safenlp_2024,574,perturbations_0.onnx,hyperrectangle_5357.vnnlib,,sat,0.382213417,FALSIFIED,1,20.0,0.382213417,0.392679228,3.7213873956352472,3.7,0,1,,1,False,True,1.2990887421349129e-08,17.3,1767.7,completed,0,climb_fsb,4b8547d8b1bbb396218f,scratch/logs/fse2026/climb_fsb/safenlp_2024/e1_4b8547d8b1bbb396218f.log
safenlp_2024,575,perturbations_0.onnx,hyperrectangle_2823.vnnlib,,unsat,0.227096602,CERTIFIED,1,20.0,0.227096602,0.237672165,3.6220945958048105,3.58,0,1,False,0,,,,17.3,1740.7,completed,0,climb_fsb,a3ac3019427c1e5e578f,scratch/logs/fse2026/climb_fsb/safenlp_2024/e1_a3ac3019427c1e5e578f.log
safenlp_2024,576,perturbations_0.onnx,hyperrectangle_129.vnnlib,,sat,0.743540656,FALSIFIED,1,20.0,0.743540656,0.754533498,3.778723608702421,3.75,0,1,,1,False,True,1.261022564147396e-08,17.3,1766.8,completed,0,climb_fsb,380bb26228758a86add5,scratch/logs/fse2026/climb_fsb/safenlp_2024/e1_380bb26228758a86add5.log
safenlp_2024,577,perturbations_0.onnx,hyperrectangle_455.vnnlib,,unsat,5.346475549,CERTIFIED,1,20.0,5.346475549,5.358194148,9.334513776004314,9.32,0,379,False,0,,,,38.8,2023.2,completed,0,climb_fsb,8360543f2ab6caac2229,scratch/logs/fse2026/climb_fsb/safenlp_2024/e1_8360543f2ab6caac2229.log
safenlp_2024,578,perturbations_0.onnx,hyperrectangle_600.vnnlib,,unsat,1.857863808,CERTIFIED,1,20.0,1.857863808,1.868978301,6.825741467997432,6.78,0,11,,0,,,,20.2,1987.9,completed,0,climb_fsb,9628182637f35ddcf3a5,scratch/logs/fse2026/climb_fsb/safenlp_2024/e1_9628182637f35ddcf3a5.log
safenlp_2024,579,perturbations_0.onnx,hyperrectangle_2088.vnnlib,,sat,0.272878861,FALSIFIED,1,20.0,0.272878861,0.283699866,5.023956624791026,5.0,0,1,,1,False,True,7.020918624256467e-09,17.3,1767.3,completed,0,climb_fsb,cbeb6bcbcda37aaf7618,scratch/logs/fse2026/climb_fsb/safenlp_2024/e1_cbeb6bcbcda37aaf7618.log
safenlp_2024,580,perturbations_0.onnx,hyperrectangle_3781.vnnlib,,unsat,3.464013323,CERTIFIED,1,20.0,3.464013323,3.474659588,6.348759688436985,6.34,0,83,,0,,,,25.9,1997.5,completed,0,climb_fsb,35c7942a14af07a77b3a,scratch/logs/fse2026/climb_fsb/safenlp_2024/e1_35c7942a14af07a77b3a.log
safenlp_2024,581,perturbations_0.onnx,hyperrectangle_1100.vnnlib,,sat,0.319028612,FALSIFIED,1,20.0,0.319028612,0.330415843,3.2224883046001196,3.22,0,1,,1,False,True,1.278941430538083e-08,17.3,1769.7,completed,0,climb_fsb,778193f2c068b7f7d609,scratch/logs/fse2026/climb_fsb/safenlp_2024/e1_778193f2c068b7f7d609.log
safenlp_2024,582,perturbations_0.onnx,hyperrectangle_1252.vnnlib,,sat,1.331074875,FALSIFIED,1,20.0,1.331074875,1.341583552,6.078213045373559,6.03,0,1,,1,False,True,3.6789059437714045e-09,17.3,1768.3,completed,0,climb_fsb,803f6d4a8928b56e6de5,scratch/logs/fse2026/climb_fsb/safenlp_2024/e1_803f6d4a8928b56e6de5.log
safenlp_2024,583,perturbations_0.onnx,hyperrectangle_615.vnnlib,,sat,0.326220602,FALSIFIED,1,20.0,0.326220602,0.337705286,3.3250920474529266,3.31,0,1,,1,False,True,3.507011153702777e-09,17.3,1770.4,completed,0,climb_fsb,199b87c174bfc3c2cc4e,scratch/logs/fse2026/climb_fsb/safenlp_2024/e1_199b87c174bfc3c2cc4e.log
safenlp_2024,584,perturbations_0.onnx,hyperrectangle_1932.vnnlib,,unsat,3.411071928,CERTIFIED,1,20.0,3.411071928,3.422580568,7.328054083511233,7.31,0,620,False,0,,,,59.5,1992.5,completed,0,climb_fsb,97e467ffe95aa7bb8b7d,scratch/logs/fse2026/climb_fsb/safenlp_2024/e1_97e467ffe95aa7bb8b7d.log
safenlp_2024,585,perturbations_0.onnx,hyperrectangle_975.vnnlib,,unsat,1.633058842,CERTIFIED,1,20.0,1.633058842,1.643443646,6.076223433017731,6.06,0,3,,0,,,,18.8,1931.7,completed,0,climb_fsb,8a611701fa93fa2da2ee,scratch/logs/fse2026/climb_fsb/safenlp_2024/e1_8a611701fa93fa2da2ee.log
safenlp_2024,586,perturbations_0.onnx,hyperrectangle_266.vnnlib,,unsat,0.326645071,CERTIFIED,1,20.0,0.326645071,0.337124933,3.219801250845194,3.2,0,,,0,,,,9.3,1545.4,completed,0,climb_fsb,db7cdf841cdc58436b01,scratch/logs/fse2026/climb_fsb/safenlp_2024/e1_db7cdf841cdc58436b01.log
safenlp_2024,587,perturbations_0.onnx,hyperrectangle_2066.vnnlib,,sat,0.31856126,FALSIFIED,1,20.0,0.31856126,0.329364007,3.2220094110816717,3.17,0,1,,1,False,True,5.820874171558188e-09,17.3,1769.7,completed,0,climb_fsb,cefc5772ff180f221cb6,scratch/logs/fse2026/climb_fsb/safenlp_2024/e1_cefc5772ff180f221cb6.log
safenlp_2024,588,perturbations_0.onnx,hyperrectangle_680.vnnlib,,sat,0.897234438,FALSIFIED,1,20.0,0.897234438,0.907539533,16.194092016667128,16.14,0,1,,1,False,True,3.5619523025554045e-09,17.3,1767.2,completed,0,climb_fsb,d4c6b30845fc542c868d,scratch/logs/fse2026/climb_fsb/safenlp_2024/e1_d4c6b30845fc542c868d.log
safenlp_2024,589,perturbations_0.onnx,hyperrectangle_3542.vnnlib,,unsat,2.538225455,CERTIFIED,1,20.0,2.538225455,2.548202733,12.135356396436691,12.09,0,273,,0,,,,43.1,2022.6,completed,0,climb_fsb,41f28d22c5e1a7104ac1,scratch/logs/fse2026/climb_fsb/safenlp_2024/e1_41f28d22c5e1a7104ac1.log
safenlp_2024,590,perturbations_0.onnx,hyperrectangle_6567.vnnlib,,sat,0.446887232,FALSIFIED,1,20.0,0.446887232,0.457137363,3.4715465400367975,3.45,0,1,,1,False,True,1.2908786262144645e-08,17.3,1770.4,completed,0,climb_fsb,4bb53d2de94d89f57da7,scratch/logs/fse2026/climb_fsb/safenlp_2024/e1_4bb53d2de94d89f57da7.log
safenlp_2024,591,perturbations_0.onnx,hyperrectangle_7641.vnnlib,,sat,0.683207637,FALSIFIED,1,20.0,0.683207637,0.693277929,4.122206922620535,4.11,0,1,,1,False,True,7.208805247183037e-09,17.3,1781.2,completed,0,climb_fsb,241e4f68ece6831af600,scratch/logs/fse2026/climb_fsb/safenlp_2024/e1_241e4f68ece6831af600.log
safenlp_2024,592,perturbations_0.onnx,hyperrectangle_4451.vnnlib,,unsat,0.610770885,CERTIFIED,1,20.0,0.610770885,0.62110772,5.675261437892914,5.63,0,11,,0,,,,18.8,1971.8,completed,0,climb_fsb,6c00c22d89d7b51e1306,scratch/logs/fse2026/climb_fsb/safenlp_2024/e1_6c00c22d89d7b51e1306.log
safenlp_2024,593,perturbations_0.onnx,hyperrectangle_570.vnnlib,,sat,0.287444804,FALSIFIED,1,20.0,0.287444804,0.298562132,3.569533145055175,3.52,0,1,,1,False,True,6.415789011171569e-09,17.3,1790.8,completed,0,climb_fsb,6eb880f275b2f012d9d0,scratch/logs/fse2026/climb_fsb/safenlp_2024/e1_6eb880f275b2f012d9d0.log
safenlp_2024,594,perturbations_0.onnx,hyperrectangle_6688.vnnlib,,sat,0.286327383,FALSIFIED,1,20.0,0.286327383,0.296826072,4.779406690970063,4.77,0,1,,1,False,True,1.2159147244616975e-08,17.3,1772.7,completed,0,climb_fsb,b185c6a230e87ec939a1,scratch/logs/fse2026/climb_fsb/safenlp_2024/e1_b185c6a230e87ec939a1.log
safenlp_2024,595,perturbations_0.onnx,hyperrectangle_6324.vnnlib,,sat,0.312301138,FALSIFIED,1,20.0,0.312301138,0.322833862,4.67295459844172,4.66,0,1,,1,False,True,6.1779685256446726e-09,17.3,1784.3,completed,0,climb_fsb,ceb0dbf31afd271b8350,scratch/logs/fse2026/climb_fsb/safenlp_2024/e1_ceb0dbf31afd271b8350.log
safenlp_2024,596,perturbations_0.onnx,hyperrectangle_1227.vnnlib,,sat,0.327315243,FALSIFIED,1,20.0,0.327315243,0.337647932,4.521157888695598,4.51,0,1,,1,False,True,5.043244655222878e-09,17.3,1766.5,completed,0,climb_fsb,a55bfbf222c27fd5de70,scratch/logs/fse2026/climb_fsb/safenlp_2024/e1_a55bfbf222c27fd5de70.log
safenlp_2024,597,perturbations_0.onnx,hyperrectangle_3955.vnnlib,,unsat,7.199698351,CERTIFIED,1,20.0,7.199698351,7.211117059,15.493903344497085,15.48,0,2072,False,0,,,,103.9,2033.8,completed,0,climb_fsb,85c15b0466c52a8db879,scratch/logs/fse2026/climb_fsb/safenlp_2024/e1_85c15b0466c52a8db879.log
safenlp_2024,598,perturbations_0.onnx,hyperrectangle_5963.vnnlib,,sat,0.31920295,FALSIFIED,1,20.0,0.31920295,0.329918824,3.0358886159956455,3.02,0,1,,1,False,True,5.341254077917412e-09,17.3,1784.5,completed,0,climb_fsb,52cdecc3beea2dbe1647,scratch/logs/fse2026/climb_fsb/safenlp_2024/e1_52cdecc3beea2dbe1647.log
safenlp_2024,599,perturbations_0.onnx,hyperrectangle_6020.vnnlib,,sat,0.298087649,FALSIFIED,1,20.0,0.298087649,0.308425859,2.9214242082089186,2.88,0,1,,1,False,True,6.434791643972204e-09,17.3,1765.6,completed,0,climb_fsb,45d1b45e597234a41fef,scratch/logs/fse2026/climb_fsb/safenlp_2024/e1_45d1b45e597234a41fef.log
safenlp_2024,600,perturbations_0.onnx,hyperrectangle_1398.vnnlib,,sat,0.542687178,FALSIFIED,1,20.0,0.542687178,0.553097526,3.8240978196263313,3.82,0,7,,1,False,True,5.145520370897216e-09,20.2,1951.8,completed,0,climb_fsb,0b0e6f7f33ea7096fefd,scratch/logs/fse2026/climb_fsb/safenlp_2024/e1_0b0e6f7f33ea7096fefd.log
safenlp_2024,601,perturbations_0.onnx,hyperrectangle_142.vnnlib,,sat,0.979555432,FALSIFIED,1,20.0,0.979555432,0.990250399,4.473174721002579,4.42,0,31,,1,False,True,5.005944270219942e-09,28.8,1947.6,completed,0,climb_fsb,8cab77b4227f4af980e2,scratch/logs/fse2026/climb_fsb/safenlp_2024/e1_8cab77b4227f4af980e2.log
safenlp_2024,602,perturbations_0.onnx,hyperrectangle_1567.vnnlib,,sat,0.306386011,FALSIFIED,1,20.0,0.306386011,0.316769816,4.823881765827537,4.79,0,1,,1,False,True,5.357562588015341e-09,17.3,1767.3,completed,0,climb_fsb,f36388b15325d08d51d1,scratch/logs/fse2026/climb_fsb/safenlp_2024/e1_f36388b15325d08d51d1.log
safenlp_2024,603,perturbations_0.onnx,hyperrectangle_5715.vnnlib,,sat,0.312051386,FALSIFIED,1,20.0,0.312051386,0.323967578,3.5233765840530396,3.47,0,1,,1,False,True,6.948810055140697e-09,17.3,1765.7,completed,0,climb_fsb,e1882928b7934f771156,scratch/logs/fse2026/climb_fsb/safenlp_2024/e1_e1882928b7934f771156.log
safenlp_2024,604,perturbations_0.onnx,hyperrectangle_4515.vnnlib,,sat,0.319567466,FALSIFIED,1,20.0,0.319567466,0.330049602,3.92192355170846,3.91,0,1,,1,False,True,5.675071634847484e-09,17.3,1769.3,completed,0,climb_fsb,c29c41bd4992c2e4290e,scratch/logs/fse2026/climb_fsb/safenlp_2024/e1_c29c41bd4992c2e4290e.log
safenlp_2024,605,perturbations_0.onnx,hyperrectangle_5092.vnnlib,,sat,0.369942717,FALSIFIED,1,20.0,0.369942717,0.380436502,3.169372595846653,3.14,0,1,,1,False,True,9.873830031370545e-09,17.3,1801.3,completed,0,climb_fsb,fb8ba2e27ee8fb1036aa,scratch/logs/fse2026/climb_fsb/safenlp_2024/e1_fb8ba2e27ee8fb1036aa.log
safenlp_2024,606,perturbations_0.onnx,hyperrectangle_1536.vnnlib,,sat,0.462220892,FALSIFIED,1,20.0,0.462220892,0.473121757,3.3698049802333117,3.32,0,3,,1,False,True,2.5530163538789452e-09,18.8,1917.5,completed,0,climb_fsb,1a9449c6c10d07abd3ce,scratch/logs/fse2026/climb_fsb/safenlp_2024/e1_1a9449c6c10d07abd3ce.log
safenlp_2024,607,perturbations_0.onnx,hyperrectangle_1366.vnnlib,,unsat,1.050238453,CERTIFIED,1,20.0,1.050238453,1.060700327,5.523745993152261,5.48,0,35,,0,,,,21.6,2000.0,completed,0,climb_fsb,acc31952682ae26243c2,scratch/logs/fse2026/climb_fsb/safenlp_2024/e1_acc31952682ae26243c2.log
safenlp_2024,608,perturbations_0.onnx,hyperrectangle_5409.vnnlib,,unsat,2.096521718,CERTIFIED,1,20.0,2.096521718,2.107634656,4.976254591718316,4.92,0,386,False,0,,,,35.9,2023.8,completed,0,climb_fsb,d293a4bfc9b4e5f44929,scratch/logs/fse2026/climb_fsb/safenlp_2024/e1_d293a4bfc9b4e5f44929.log
safenlp_2024,609,perturbations_0.onnx,hyperrectangle_6097.vnnlib,,sat,0.464002442,FALSIFIED,1,20.0,0.464002442,0.474955399,5.924298848956823,5.88,0,1,,1,False,True,2.960510572802555e-09,17.3,1781.9,completed,0,climb_fsb,dcebe05fb6f4fd0d0185,scratch/logs/fse2026/climb_fsb/safenlp_2024/e1_dcebe05fb6f4fd0d0185.log
safenlp_2024,610,perturbations_0.onnx,hyperrectangle_2222.vnnlib,,sat,0.332341749,FALSIFIED,1,20.0,0.332341749,0.344302136,3.169123439118266,3.12,0,1,,1,False,True,6.6516586960663204e-09,17.3,1770.9,completed,0,climb_fsb,1da51830eb17a4b3c9ff,scratch/logs/fse2026/climb_fsb/safenlp_2024/e1_1da51830eb17a4b3c9ff.log
safenlp_2024,611,perturbations_0.onnx,hyperrectangle_2953.vnnlib,,sat,0.308113655,FALSIFIED,1,20.0,0.308113655,0.318113903,3.2054291740059853,3.15,0,1,,1,False,True,1.4135031534134868e-08,17.3,1767.1,completed,0,climb_fsb,c1fe88783a3cb07d1cc2,scratch/logs/fse2026/climb_fsb/safenlp_2024/e1_c1fe88783a3cb07d1cc2.log
safenlp_2024,612,perturbations_0.onnx,hyperrectangle_3484.vnnlib,,sat,0.325007049,FALSIFIED,1,20.0,0.325007049,0.335435336,3.1203777100890875,3.11,0,1,,1,False,True,6.706752153640139e-09,17.3,1765.2,completed,0,climb_fsb,53e6f94a79dfbf300a22,scratch/logs/fse2026/climb_fsb/safenlp_2024/e1_53e6f94a79dfbf300a22.log
safenlp_2024,613,perturbations_0.onnx,hyperrectangle_6190.vnnlib,,sat,0.319672408,FALSIFIED,1,20.0,0.319672408,0.33055491,3.069996176287532,3.04,0,1,,1,False,True,5.172670292097337e-09,17.3,1765.5,completed,0,climb_fsb,d864908b84d321485682,scratch/logs/fse2026/climb_fsb/safenlp_2024/e1_d864908b84d321485682.log
safenlp_2024,614,perturbations_0.onnx,hyperrectangle_6539.vnnlib,,sat,0.517997818,FALSIFIED,1,20.0,0.517997818,0.528714215,6.980706475675106,6.93,0,1,,1,False,True,6.853897782654883e-09,17.3,1767.4,completed,0,climb_fsb,29dec921d1f06c341b03,scratch/logs/fse2026/climb_fsb/safenlp_2024/e1_29dec921d1f06c341b03.log
safenlp_2024,615,perturbations_0.onnx,hyperrectangle_100.vnnlib,,sat,0.550220534,FALSIFIED,1,20.0,0.550220534,0.561062181,3.8707726169377565,3.86,0,7,,1,False,True,5.643220862827647e-09,20.2,1948.2,completed,0,climb_fsb,836258962c11e65fca03,scratch/logs/fse2026/climb_fsb/safenlp_2024/e1_836258962c11e65fca03.log
safenlp_2024,616,perturbations_0.onnx,hyperrectangle_1574.vnnlib,,unsat,0.11806527,CERTIFIED,1,20.0,0.11806527,0.128470205,3.169952204450965,3.15,0,,,0,,,,9.3,1547.3,completed,0,climb_fsb,2b89d494443ad38699bc,scratch/logs/fse2026/climb_fsb/safenlp_2024/e1_2b89d494443ad38699bc.log
safenlp_2024,617,perturbations_0.onnx,hyperrectangle_264.vnnlib,,unsat,0.113655714,CERTIFIED,1,20.0,0.113655714,0.123483263,3.8709554467350245,3.86,0,,,0,,,,9.3,1547.2,completed,0,climb_fsb,07b2b163b7bb4bef91e1,scratch/logs/fse2026/climb_fsb/safenlp_2024/e1_07b2b163b7bb4bef91e1.log
safenlp_2024,618,perturbations_0.onnx,hyperrectangle_2882.vnnlib,,sat,0.993125966,FALSIFIED,1,20.0,0.993125966,1.003469443,5.273186042904854,5.22,0,1,,1,False,True,3.0685766705396134e-09,17.3,1765.5,completed,0,climb_fsb,da755d920c0f29481d39,scratch/logs/fse2026/climb_fsb/safenlp_2024/e1_da755d920c0f29481d39.log
safenlp_2024,619,perturbations_0.onnx,hyperrectangle_2000.vnnlib,,unsat,2.56905766,CERTIFIED,1,20.0,2.56905766,2.579480564,6.1254855915904045,6.1,0,121,,0,,,,24.5,2052.2,completed,0,climb_fsb,a0e4a8d5ae1865e6892c,scratch/logs/fse2026/climb_fsb/safenlp_2024/e1_a0e4a8d5ae1865e6892c.log
safenlp_2024,620,perturbations_0.onnx,hyperrectangle_6434.vnnlib,,sat,1.435995614,FALSIFIED,1,20.0,1.435995614,1.446365785,4.1713353507220745,4.13,0,31,,1,False,True,4.923806085077587e-09,28.8,1954.7,completed,0,climb_fsb,dbcfb038d2fdcc256695,scratch/logs/fse2026/climb_fsb/safenlp_2024/e1_dbcfb038d2fdcc256695.log
safenlp_2024,621,perturbations_0.onnx,hyperrectangle_2197.vnnlib,,unsat,0.114992049,CERTIFIED,1,20.0,0.114992049,0.125625594,2.8707156982272863,2.85,0,,,0,,,,9.3,1551.6,completed,0,climb_fsb,6664c395d1abe0ab8508,scratch/logs/fse2026/climb_fsb/safenlp_2024/e1_6664c395d1abe0ab8508.log
safenlp_2024,622,perturbations_0.onnx,hyperrectangle_6204.vnnlib,,sat,0.306832293,FALSIFIED,1,20.0,0.306832293,0.316990625,4.071254510432482,4.03,0,1,,1,False,True,1.4445708296229043e-08,17.3,1771.0,completed,0,climb_fsb,896b849a8f9826e18461,scratch/logs/fse2026/climb_fsb/safenlp_2024/e1_896b849a8f9826e18461.log
safenlp_2024,623,perturbations_0.onnx,hyperrectangle_184.vnnlib,,unsat,0.12221919,CERTIFIED,1,20.0,0.12221919,0.132544197,4.827372429892421,4.81,0,,,0,,,,9.3,1563.4,completed,0,climb_fsb,ddb49aba86c1c460c757,scratch/logs/fse2026/climb_fsb/safenlp_2024/e1_ddb49aba86c1c460c757.log
safenlp_2024,624,perturbations_0.onnx,hyperrectangle_1280.vnnlib,,unsat,0.113455554,CERTIFIED,1,20.0,0.113455554,0.123878349,2.819847645238042,2.8,0,,,0,,,,9.3,1548.8,completed,0,climb_fsb,58273f6013a8e41174d9,scratch/logs/fse2026/climb_fsb/safenlp_2024/e1_58273f6013a8e41174d9.log
safenlp_2024,625,perturbations_0.onnx,hyperrectangle_1369.vnnlib,,sat,0.314344279,FALSIFIED,1,20.0,0.314344279,0.324573496,2.919399756938219,2.91,0,1,,1,False,True,5.832370419955879e-09,17.3,1794.9,completed,0,climb_fsb,dee2067580e379e1e754,scratch/logs/fse2026/climb_fsb/safenlp_2024/e1_dee2067580e379e1e754.log
safenlp_2024,626,perturbations_0.onnx,hyperrectangle_1937.vnnlib,,unsat,2.48579791,CERTIFIED,1,20.0,2.48579791,2.496145545,5.122680818662047,5.07,0,1301,False,0,,,,72.4,2012.3,completed,0,climb_fsb,7f70dccabd0db94ffe08,scratch/logs/fse2026/climb_fsb/safenlp_2024/e1_7f70dccabd0db94ffe08.log
safenlp_2024,627,perturbations_0.onnx,hyperrectangle_500.vnnlib,,sat,0.290339291,FALSIFIED,1,20.0,0.290339291,0.30065812,2.9187027104198933,2.88,0,1,,1,False,True,7.420525915957654e-09,17.3,1765.6,completed,0,climb_fsb,dbd75409793f1445027c,scratch/logs/fse2026/climb_fsb/safenlp_2024/e1_dbd75409793f1445027c.log
safenlp_2024,628,perturbations_0.onnx,hyperrectangle_4495.vnnlib,,sat,0.356768208,FALSIFIED,1,20.0,0.356768208,0.367114535,3.6219387631863356,3.61,0,1,,1,False,True,5.676028730361438e-09,17.3,1767.5,completed,0,climb_fsb,956191aa3539bc060597,scratch/logs/fse2026/climb_fsb/safenlp_2024/e1_956191aa3539bc060597.log
safenlp_2024,629,perturbations_0.onnx,hyperrectangle_5332.vnnlib,,sat,0.301394623,FALSIFIED,1,20.0,0.301394623,0.3118745,4.070700252428651,4.04,0,1,,1,False,True,4.859181418348513e-09,17.3,1765.3,completed,0,climb_fsb,b8bd7f2bf63be7bcba8b,scratch/logs/fse2026/climb_fsb/safenlp_2024/e1_b8bd7f2bf63be7bcba8b.log
safenlp_2024,630,perturbations_0.onnx,hyperrectangle_719.vnnlib,,unsat,0.484830612,CERTIFIED,1,20.0,0.484830612,0.495144945,4.322260241955519,4.27,0,5,,0,,,,18.8,1979.0,completed,0,climb_fsb,80cdebce45b5bec1b05d,scratch/logs/fse2026/climb_fsb/safenlp_2024/e1_80cdebce45b5bec1b05d.log
safenlp_2024,631,perturbations_0.onnx,hyperrectangle_372.vnnlib,,unsat,0.152824625,CERTIFIED,1,20.0,0.152824625,0.163005043,3.6204978991299868,3.57,0,,,0,,,,9.3,1560.7,completed,0,climb_fsb,47906431bbeb77abb116,scratch/logs/fse2026/climb_fsb/safenlp_2024/e1_47906431bbeb77abb116.log
safenlp_2024,632,perturbations_0.onnx,hyperrectangle_6449.vnnlib,,sat,0.308294103,FALSIFIED,1,20.0,0.308294103,0.318018243,4.77243054844439,4.72,0,1,,1,False,True,1.064316418331046e-08,17.3,1767.7,completed,0,climb_fsb,76443f21209444c6ca18,scratch/logs/fse2026/climb_fsb/safenlp_2024/e1_76443f21209444c6ca18.log
safenlp_2024,633,perturbations_0.onnx,hyperrectangle_1086.vnnlib,,sat,0.334604289,FALSIFIED,1,20.0,0.334604289,0.345715137,3.119938436895609,3.08,0,1,,1,False,True,6.15566897455011e-09,17.3,1767.3,completed,0,climb_fsb,3a6cdbc67756048c6b0d,scratch/logs/fse2026/climb_fsb/safenlp_2024/e1_3a6cdbc67756048c6b0d.log
safenlp_2024,634,perturbations_0.onnx,hyperrectangle_1439.vnnlib,,unsat,4.545760754,CERTIFIED,1,20.0,4.545760754,4.556276796,8.278163336217403,8.23,0,664,False,0,,,,53.1,2007.6,completed,0,climb_fsb,2cf01990d64b654fe957,scratch/logs/fse2026/climb_fsb/safenlp_2024/e1_2cf01990d64b654fe957.log
safenlp_2024,635,perturbations_0.onnx,hyperrectangle_2721.vnnlib,,sat,0.513386205,FALSIFIED,1,20.0,0.513386205,0.524939986,3.2708250787109137,3.22,0,1,,1,False,True,5.804107833240479e-09,17.3,1767.5,completed,0,climb_fsb,3d6b3fac2a8cb449a3a6,scratch/logs/fse2026/climb_fsb/safenlp_2024/e1_3d6b3fac2a8cb449a3a6.log
safenlp_2024,636,perturbations_0.onnx,hyperrectangle_756.vnnlib,,sat,0.291673165,FALSIFIED,1,20.0,0.291673165,0.302227519,4.575724508613348,4.53,0,1,,1,False,True,1.2719763575752552e-08,17.3,1809.8,completed,0,climb_fsb,26e3bddcfe19c6ac8521,scratch/logs/fse2026/climb_fsb/safenlp_2024/e1_26e3bddcfe19c6ac8521.log
safenlp_2024,637,perturbations_0.onnx,hyperrectangle_692.vnnlib,,sat,0.359611023,FALSIFIED,1,20.0,0.359611023,0.370348513,3.3202231749892235,3.3,0,1,,1,False,True,1.0940924499713844e-08,17.3,1770.7,completed,0,climb_fsb,2148595a6f3437c97089,scratch/logs/fse2026/climb_fsb/safenlp_2024/e1_2148595a6f3437c97089.log
safenlp_2024,638,perturbations_0.onnx,hyperrectangle_4225.vnnlib,,unsat,1.403337212,CERTIFIED,1,20.0,1.403337212,1.414126335,4.172493284568191,4.16,0,34,,0,,,,21.6,2019.0,completed,0,climb_fsb,97ee86cd585e48023557,scratch/logs/fse2026/climb_fsb/safenlp_2024/e1_97ee86cd585e48023557.log
safenlp_2024,639,perturbations_0.onnx,hyperrectangle_1693.vnnlib,,unsat,0.114189055,CERTIFIED,1,20.0,0.114189055,0.124840669,3.519945127889514,3.51,0,,,0,,,,9.3,1547.0,completed,0,climb_fsb,1da6fa131cda9b7c3ec6,scratch/logs/fse2026/climb_fsb/safenlp_2024/e1_1da6fa131cda9b7c3ec6.log
safenlp_2024,640,perturbations_0.onnx,hyperrectangle_4911.vnnlib,,sat,0.357439686,FALSIFIED,1,20.0,0.357439686,0.36782633,3.6709976345300674,3.65,0,1,,1,False,True,6.014971493106813e-09,17.3,1767.5,completed,0,climb_fsb,ce6808e580f193399c41,scratch/logs/fse2026/climb_fsb/safenlp_2024/e1_ce6808e580f193399c41.log
safenlp_2024,641,perturbations_0.onnx,hyperrectangle_3365.vnnlib,,sat,0.376093406,FALSIFIED,1,20.0,0.376093406,0.38653278,3.6262257043272257,3.58,0,1,,1,False,True,6.507295091662257e-09,17.3,1790.8,completed,0,climb_fsb,e999aeefd16fab51be1a,scratch/logs/fse2026/climb_fsb/safenlp_2024/e1_e999aeefd16fab51be1a.log
safenlp_2024,642,perturbations_0.onnx,hyperrectangle_2584.vnnlib,,sat,0.306729434,FALSIFIED,1,20.0,0.306729434,0.317335939,3.5724030286073685,3.56,0,1,,1,False,True,7.266931195681892e-09,17.3,1767.2,completed,0,climb_fsb,5984fed64c308f820b41,scratch/logs/fse2026/climb_fsb/safenlp_2024/e1_5984fed64c308f820b41.log
safenlp_2024,643,perturbations_0.onnx,hyperrectangle_2553.vnnlib,,sat,0.660672707,FALSIFIED,1,20.0,0.660672707,0.67126303,3.8214507419615984,3.8,0,1,,1,False,True,3.65395744217345e-09,17.3,1772.9,completed,0,climb_fsb,d07093363afef6bfe0ae,scratch/logs/fse2026/climb_fsb/safenlp_2024/e1_d07093363afef6bfe0ae.log
safenlp_2024,644,perturbations_0.onnx,hyperrectangle_7064.vnnlib,,sat,0.766660441,FALSIFIED,1,20.0,0.766660441,0.777533704,3.6724710538983345,3.65,0,3,,1,False,True,5.489080578957584e-09,18.8,1917.8,completed,0,climb_fsb,db4c05bdd92be5770d3c,scratch/logs/fse2026/climb_fsb/safenlp_2024/e1_db4c05bdd92be5770d3c.log
safenlp_2024,645,perturbations_0.onnx,hyperrectangle_5425.vnnlib,,sat,0.331521407,FALSIFIED,1,20.0,0.331521407,0.341788929,4.021019296720624,3.99,0,1,,1,False,True,1.2955923722746121e-08,17.3,1765.4,completed,0,climb_fsb,3e482e447a67a8d2f482,scratch/logs/fse2026/climb_fsb/safenlp_2024/e1_3e482e447a67a8d2f482.log
safenlp_2024,646,perturbations_0.onnx,hyperrectangle_1369.vnnlib,,unsat,0.119442331,CERTIFIED,1,20.0,0.119442331,0.130094225,2.818806717172265,2.81,0,,,0,,,,9.3,1547.6,completed,0,climb_fsb,af3e42db28b128e681e4,scratch/logs/fse2026/climb_fsb/safenlp_2024/e1_af3e42db28b128e681e4.log
safenlp_2024,647,perturbations_0.onnx,hyperrectangle_5308.vnnlib,,sat,0.297436222,FALSIFIED,1,20.0,0.297436222,0.307878183,3.321171386167407,3.28,0,1,,1,False,True,6.635817562106183e-09,17.3,1767.6,completed,0,climb_fsb,ecd001a5d3a804d2410b,scratch/logs/fse2026/climb_fsb/safenlp_2024/e1_ecd001a5d3a804d2410b.log
safenlp_2024,648,perturbations_0.onnx,hyperrectangle_1304.vnnlib,,sat,0.317693191,FALSIFIED,1,20.0,0.317693191,0.327860273,4.672814480960369,4.64,0,1,,1,False,True,8.593525890887577e-09,17.3,1789.9,completed,0,climb_fsb,f014ed13c11057170b37,scratch/logs/fse2026/climb_fsb/safenlp_2024/e1_f014ed13c11057170b37.log
safenlp_2024,649,perturbations_0.onnx,hyperrectangle_4307.vnnlib,,unsat,6.289109716,CERTIFIED,1,20.0,6.289109716,6.300316958,10.739185644313693,10.72,0,1286,False,0,,,,85.3,2000.6,completed,0,climb_fsb,e65aa93ac14c6ba42015,scratch/logs/fse2026/climb_fsb/safenlp_2024/e1_e65aa93ac14c6ba42015.log
safenlp_2024,650,perturbations_0.onnx,hyperrectangle_4175.vnnlib,,unsat,2.664724013,CERTIFIED,1,20.0,2.664724013,2.6753745,7.227718152105808,7.18,0,347,False,0,,,,36.0,2011.8,completed,0,climb_fsb,b473bbf5668d76340d59,scratch/logs/fse2026/climb_fsb/safenlp_2024/e1_b473bbf5668d76340d59.log
safenlp_2024,651,perturbations_0.onnx,hyperrectangle_1485.vnnlib,,unsat,0.117825547,CERTIFIED,1,20.0,0.117825547,0.128008479,2.7689141612499952,2.74,0,,,0,,,,9.3,1560.2,completed,0,climb_fsb,12da98b94029ddd0ec07,scratch/logs/fse2026/climb_fsb/safenlp_2024/e1_12da98b94029ddd0ec07.log
safenlp_2024,652,perturbations_0.onnx,hyperrectangle_4665.vnnlib,,sat,0.302197177,FALSIFIED,1,20.0,0.302197177,0.312727299,3.0413562450557947,3.01,0,1,,1,False,True,2.3163460594055607e-09,17.3,1766.9,completed,0,climb_fsb,4b6d68f317e026b1b34a,scratch/logs/fse2026/climb_fsb/safenlp_2024/e1_4b6d68f317e026b1b34a.log
safenlp_2024,653,perturbations_0.onnx,hyperrectangle_2307.vnnlib,,unsat,1.105049836,CERTIFIED,1,20.0,1.105049836,1.115538465,3.771400349214673,3.73,0,65,,0,,,,23.1,2023.7,completed,0,climb_fsb,3bea26cccf7c1a0549b5,scratch/logs/fse2026/climb_fsb/safenlp_2024/e1_3bea26cccf7c1a0549b5.log
safenlp_2024,654,perturbations_0.onnx,hyperrectangle_5606.vnnlib,,unsat,1.476755714,CERTIFIED,1,20.0,1.476755714,1.487479543,4.121052315458655,4.08,0,305,False,0,,,,39.5,1997.5,completed,0,climb_fsb,54745bfe0af309d3ed1b,scratch/logs/fse2026/climb_fsb/safenlp_2024/e1_54745bfe0af309d3ed1b.log
safenlp_2024,655,perturbations_0.onnx,hyperrectangle_6052.vnnlib,,sat,0.309019445,FALSIFIED,1,20.0,0.309019445,0.319150269,3.0204892475157976,3.0,0,1,,1,False,True,6.814145775413394e-09,17.3,1770.8,completed,0,climb_fsb,ee98172ccdd651be23a2,scratch/logs/fse2026/climb_fsb/safenlp_2024/e1_ee98172ccdd651be23a2.log
safenlp_2024,656,perturbations_0.onnx,hyperrectangle_1500.vnnlib,,sat,0.305440936,FALSIFIED,1,20.0,0.305440936,0.315747902,3.120087483897805,3.07,0,1,,1,False,True,5.634067101745188e-09,17.3,1772.3,completed,0,climb_fsb,a18a46e744a8fb98b3d8,scratch/logs/fse2026/climb_fsb/safenlp_2024/e1_a18a46e744a8fb98b3d8.log
safenlp_2024,657,perturbations_0.onnx,hyperrectangle_4379.vnnlib,,sat,0.30380314,FALSIFIED,1,20.0,0.30380314,0.314326975,2.9699985962361097,2.94,0,1,,1,False,True,6.6340006543708085e-09,17.3,1767.2,completed,0,climb_fsb,fe6eb4af7a1c37c7d7d3,scratch/logs/fse2026/climb_fsb/safenlp_2024/e1_fe6eb4af7a1c37c7d7d3.log
safenlp_2024,658,perturbations_0.onnx,hyperrectangle_1742.vnnlib,,sat,0.30129963,FALSIFIED,1,20.0,0.30129963,0.311471937,3.020974075421691,3.01,0,1,,1,False,True,3.492847830410817e-09,17.3,1767.9,completed,0,climb_fsb,ebf8075cc4803a6f64e6,scratch/logs/fse2026/climb_fsb/safenlp_2024/e1_ebf8075cc4803a6f64e6.log
safenlp_2024,659,perturbations_0.onnx,hyperrectangle_3618.vnnlib,,sat,0.304637857,FALSIFIED,1,20.0,0.304637857,0.314799191,2.969286397099495,2.94,0,1,,1,False,True,6.4879225603053925e-09,17.3,1768.3,completed,0,climb_fsb,4ed5485ce271030f0b21,scratch/logs/fse2026/climb_fsb/safenlp_2024/e1_4ed5485ce271030f0b21.log
safenlp_2024,660,perturbations_0.onnx,hyperrectangle_4103.vnnlib,,sat,0.380551422,FALSIFIED,1,20.0,0.380551422,0.39026664,3.5703539568930864,3.55,0,1,,1,False,True,1.0079671486362685e-08,17.3,1790.5,completed,0,climb_fsb,934781569a169cd68470,scratch/logs/fse2026/climb_fsb/safenlp_2024/e1_934781569a169cd68470.log
safenlp_2024,661,perturbations_0.onnx,hyperrectangle_1269.vnnlib,,sat,0.364225477,FALSIFIED,1,20.0,0.364225477,0.374546129,3.7199282441288233,3.67,0,1,,1,False,True,4.747180593067668e-09,17.3,1767.3,completed,0,climb_fsb,a738f2c13de8fd45ffe3,scratch/logs/fse2026/climb_fsb/safenlp_2024/e1_a738f2c13de8fd45ffe3.log
safenlp_2024,662,perturbations_0.onnx,hyperrectangle_1100.vnnlib,,sat,0.308287105,FALSIFIED,1,20.0,0.308287105,0.319006803,3.6213428024202585,3.59,0,1,,1,False,True,5.898940891313487e-09,17.3,1767.0,completed,0,climb_fsb,0d099a73f71e01f83e88,scratch/logs/fse2026/climb_fsb/safenlp_2024/e1_0d099a73f71e01f83e88.log
safenlp_2024,663,perturbations_0.onnx,hyperrectangle_6212.vnnlib,,sat,0.524650984,FALSIFIED,1,20.0,0.524650984,0.535125414,3.369906309992075,3.32,0,15,,1,False,True,1.2138108407278025e-08,23.1,1943.8,completed,0,climb_fsb,bef97a5c22afabbbae2f,scratch/logs/fse2026/climb_fsb/safenlp_2024/e1_bef97a5c22afabbbae2f.log
safenlp_2024,664,perturbations_0.onnx,hyperrectangle_2344.vnnlib,,sat,0.386583827,FALSIFIED,1,20.0,0.386583827,0.396836724,3.170564040541649,3.14,0,3,,1,False,True,7.052750466973734e-09,18.8,1914.9,completed,0,climb_fsb,4e943fd1d54cf4e361b6,scratch/logs/fse2026/climb_fsb/safenlp_2024/e1_4e943fd1d54cf4e361b6.log
safenlp_2024,665,perturbations_0.onnx,hyperrectangle_6945.vnnlib,,sat,0.370659715,FALSIFIED,1,20.0,0.370659715,0.380903343,5.22573103196919,5.18,0,1,,1,False,True,7.313634309280559e-09,17.3,1790.4,completed,0,climb_fsb,728e048af2ba66545854,scratch/logs/fse2026/climb_fsb/safenlp_2024/e1_728e048af2ba66545854.log
safenlp_2024,666,perturbations_0.onnx,hyperrectangle_2354.vnnlib,,sat,0.490396433,FALSIFIED,1,20.0,0.490396433,0.501920225,3.2717179153114557,3.26,0,7,,1,False,True,4.199797426496232e-09,20.2,1948.5,completed,0,climb_fsb,046c585c8621e3a36733,scratch/logs/fse2026/climb_fsb/safenlp_2024/e1_046c585c8621e3a36733.log
safenlp_2024,667,perturbations_0.onnx,hyperrectangle_1401.vnnlib,,sat,0.312004594,FALSIFIED,1,20.0,0.312004594,0.322658304,3.069969603791833,3.04,0,1,,1,False,True,7.724418937815614e-09,17.3,1767.2,completed,0,climb_fsb,1dc01df7e9d4232d7bce,scratch/logs/fse2026/climb_fsb/safenlp_2024/e1_1dc01df7e9d4232d7bce.log
safenlp_2024,668,perturbations_0.onnx,hyperrectangle_2123.vnnlib,,sat,0.544639433,FALSIFIED,1,20.0,0.544639433,0.554980863,6.474890824407339,6.44,0,7,,1,False,True,6.503357213860639e-09,20.2,1978.7,completed,0,climb_fsb,a24d7897306e9bf228c8,scratch/logs/fse2026/climb_fsb/safenlp_2024/e1_a24d7897306e9bf228c8.log
safenlp_2024,669,perturbations_0.onnx,hyperrectangle_3849.vnnlib,,unsat,1.245881276,CERTIFIED,1,20.0,1.245881276,1.256541906,4.624784169718623,4.59,0,54,,0,,,,23.1,1991.6,completed,0,climb_fsb,36f56553a0600f012b84,scratch/logs/fse2026/climb_fsb/safenlp_2024/e1_36f56553a0600f012b84.log
safenlp_2024,670,perturbations_0.onnx,hyperrectangle_7881.vnnlib,,sat,0.683826948,FALSIFIED,1,20.0,0.683826948,0.694682116,3.770811488851905,3.76,0,1,,1,False,True,4.021095817430265e-09,17.3,1790.0,completed,0,climb_fsb,7101bb40e372a25f01f0,scratch/logs/fse2026/climb_fsb/safenlp_2024/e1_7101bb40e372a25f01f0.log
safenlp_2024,671,perturbations_0.onnx,hyperrectangle_7895.vnnlib,,sat,0.85805944,FALSIFIED,1,20.0,0.85805944,0.868611196,4.321383181959391,4.29,0,1,,1,False,True,7.201681584412256e-09,17.3,1772.2,completed,0,climb_fsb,79f140b19830a1bbf705,scratch/logs/fse2026/climb_fsb/safenlp_2024/e1_79f140b19830a1bbf705.log
safenlp_2024,672,perturbations_0.onnx,hyperrectangle_6788.vnnlib,,sat,0.297402881,FALSIFIED,1,20.0,0.297402881,0.307893248,3.2192519195377827,3.21,0,1,,1,False,True,7.255724354671145e-09,17.3,1767.5,completed,0,climb_fsb,6b3c596337c506f842e7,scratch/logs/fse2026/climb_fsb/safenlp_2024/e1_6b3c596337c506f842e7.log
safenlp_2024,673,perturbations_0.onnx,hyperrectangle_2177.vnnlib,,sat,0.287988609,FALSIFIED,1,20.0,0.287988609,0.298368765,4.1722480319440365,4.16,0,1,,1,False,True,7.146642416744342e-09,17.3,1767.4,completed,0,climb_fsb,1ad0466ca7b5487fced3,scratch/logs/fse2026/climb_fsb/safenlp_2024/e1_1ad0466ca7b5487fced3.log
safenlp_2024,674,perturbations_0.onnx,hyperrectangle_5766.vnnlib,,sat,0.468159918,FALSIFIED,1,20.0,0.468159918,0.478774795,4.622137472033501,4.6,0,1,,1,False,True,8.35650293407042e-09,17.3,1801.7,completed,0,climb_fsb,bf0ff9b1721dc5665a34,scratch/logs/fse2026/climb_fsb/safenlp_2024/e1_bf0ff9b1721dc5665a34.log
safenlp_2024,675,perturbations_0.onnx,hyperrectangle_6036.vnnlib,,sat,0.30299823,FALSIFIED,1,20.0,0.30299823,0.313197879,4.072393100708723,4.03,0,1,,1,False,True,7.312200206444075e-09,17.3,1766.9,completed,0,climb_fsb,df48f7936ce6621caf01,scratch/logs/fse2026/climb_fsb/safenlp_2024/e1_df48f7936ce6621caf01.log
safenlp_2024,676,perturbations_0.onnx,hyperrectangle_4343.vnnlib,,unsat,0.429006329,CERTIFIED,1,20.0,0.429006329,0.439395141,4.5764968898147345,4.57,0,5,,0,,,,18.8,1988.2,completed,0,climb_fsb,161a0e5a109162123414,scratch/logs/fse2026/climb_fsb/safenlp_2024/e1_161a0e5a109162123414.log
safenlp_2024,677,perturbations_0.onnx,hyperrectangle_7515.vnnlib,,sat,0.290199127,FALSIFIED,1,20.0,0.290199127,0.30062812,5.124305477365851,5.07,0,1,,1,False,True,5.199157548929634e-09,17.3,1767.6,completed,0,climb_fsb,66d64fded473943c53e8,scratch/logs/fse2026/climb_fsb/safenlp_2024/e1_66d64fded473943c53e8.log
safenlp_2024,678,perturbations_0.onnx,hyperrectangle_2302.vnnlib,,sat,0.297591552,FALSIFIED,1,20.0,0.297591552,0.307353422,2.969176860526204,2.95,0,1,,1,False,True,9.651690890954967e-09,17.3,1801.7,completed,0,climb_fsb,0876af105b6a1219ef8f,scratch/logs/fse2026/climb_fsb/safenlp_2024/e1_0876af105b6a1219ef8f.log
safenlp_2024,679,perturbations_0.onnx,hyperrectangle_6812.vnnlib,,sat,0.303317286,FALSIFIED,1,20.0,0.303317286,0.313441878,2.969427151605487,2.91,0,1,,1,False,True,7.300189536207924e-09,17.3,1765.6,completed,0,climb_fsb,733587299d8096e87579,scratch/logs/fse2026/climb_fsb/safenlp_2024/e1_733587299d8096e87579.log
safenlp_2024,680,perturbations_0.onnx,hyperrectangle_253.vnnlib,,sat,0.265695911,FALSIFIED,1,20.0,0.265695911,0.276163884,2.8689959850162268,2.85,0,1,,1,False,True,7.048088390693152e-09,17.3,1766.8,completed,0,climb_fsb,6a4d0c30022c3b1782eb,scratch/logs/fse2026/climb_fsb/safenlp_2024/e1_6a4d0c30022c3b1782eb.log
safenlp_2024,681,perturbations_0.onnx,hyperrectangle_354.vnnlib,,sat,0.302875638,FALSIFIED,1,20.0,0.302875638,0.313231053,2.9233469162136316,2.91,0,1,,1,False,True,6.9552063552968946e-09,17.3,1768.3,completed,0,climb_fsb,6c8775a42cf8d526efda,scratch/logs/fse2026/climb_fsb/safenlp_2024/e1_6c8775a42cf8d526efda.log
safenlp_2024,682,perturbations_0.onnx,hyperrectangle_2609.vnnlib,,unsat,0.12565076,CERTIFIED,1,20.0,0.12565076,0.135651549,2.77029799669981,2.74,0,,,0,,,,9.3,1580.6,completed,0,climb_fsb,b6a8f483307f0ab5057f,scratch/logs/fse2026/climb_fsb/safenlp_2024/e1_b6a8f483307f0ab5057f.log
safenlp_2024,683,perturbations_0.onnx,hyperrectangle_7035.vnnlib,,sat,0.364977947,FALSIFIED,1,20.0,0.364977947,0.375494372,3.670355651527643,3.65,0,1,,1,False,True,7.517558686664927e-09,17.3,1769.9,completed,0,climb_fsb,3ed65fcc9ef88871d269,scratch/logs/fse2026/climb_fsb/safenlp_2024/e1_3ed65fcc9ef88871d269.log
safenlp_2024,684,perturbations_0.onnx,hyperrectangle_3828.vnnlib,,sat,0.716962488,FALSIFIED,1,20.0,0.716962488,0.727404853,4.121606480330229,4.1,0,29,,1,False,True,6.935346963388156e-09,27.4,1967.9,completed,0,climb_fsb,c8dbd0533a195689a1a8,scratch/logs/fse2026/climb_fsb/safenlp_2024/e1_c8dbd0533a195689a1a8.log
safenlp_2024,685,perturbations_0.onnx,hyperrectangle_293.vnnlib,,sat,0.303144298,FALSIFIED,1,20.0,0.303144298,0.313473426,4.321391457691789,4.31,0,1,,1,False,True,6.237804689446236e-09,17.3,1768.0,completed,0,climb_fsb,4a98bc75f3029f933d7a,scratch/logs/fse2026/climb_fsb/safenlp_2024/e1_4a98bc75f3029f933d7a.log
safenlp_2024,686,perturbations_0.onnx,hyperrectangle_1091.vnnlib,,unsat,1.889515048,CERTIFIED,1,20.0,1.889515048,1.900304385,4.672410510480404,4.62,0,15,,0,,,,20.2,1976.4,completed,0,climb_fsb,5020b6313bf3cadfa589,scratch/logs/fse2026/climb_fsb/safenlp_2024/e1_5020b6313bf3cadfa589.log
safenlp_2024,687,perturbations_0.onnx,hyperrectangle_7398.vnnlib,,sat,1.448955502,FALSIFIED,1,20.0,1.448955502,1.459275628,5.423961224034429,5.37,0,15,,1,False,True,1.3552988953335898e-08,23.1,1968.8,completed,0,climb_fsb,300168a5ade543b6c654,scratch/logs/fse2026/climb_fsb/safenlp_2024/e1_300168a5ade543b6c654.log
safenlp_2024,688,perturbations_0.onnx,hyperrectangle_1481.vnnlib,,sat,0.728551097,FALSIFIED,1,20.0,0.728551097,0.738491772,3.4703380931168795,3.46,0,1,,1,False,True,6.290187593016583e-09,17.3,1790.5,completed,0,climb_fsb,319e768043fcba357f20,scratch/logs/fse2026/climb_fsb/safenlp_2024/e1_319e768043fcba357f20.log
safenlp_2024,689,perturbations_0.onnx,hyperrectangle_2712.vnnlib,,unsat,0.111635493,CERTIFIED,1,20.0,0.111635493,0.121993868,4.174682909622788,4.15,0,,,0,,,,9.3,1546.9,completed,0,climb_fsb,3bce94f803de668783c3,scratch/logs/fse2026/climb_fsb/safenlp_2024/e1_3bce94f803de668783c3.log
safenlp_2024,690,perturbations_0.onnx,hyperrectangle_2552.vnnlib,,sat,0.407900466,FALSIFIED,1,20.0,0.407900466,0.418302078,5.123543791472912,5.11,0,1,,1,False,True,5.271850900268049e-09,17.3,1769.3,completed,0,climb_fsb,73968776a76442711177,scratch/logs/fse2026/climb_fsb/safenlp_2024/e1_73968776a76442711177.log
safenlp_2024,691,perturbations_0.onnx,hyperrectangle_3634.vnnlib,,sat,0.310332619,FALSIFIED,1,20.0,0.310332619,0.320775615,3.2712292913347483,3.23,0,1,,1,False,True,7.528622614216829e-09,17.3,1767.0,completed,0,climb_fsb,c6647939829c481092f0,scratch/logs/fse2026/climb_fsb/safenlp_2024/e1_c6647939829c481092f0.log
safenlp_2024,692,perturbations_0.onnx,hyperrectangle_2992.vnnlib,,sat,0.32230727,FALSIFIED,1,20.0,0.32230727,0.332729809,3.170187158510089,3.15,0,1,,1,False,True,3.150410168850648e-09,17.3,1767.4,completed,0,climb_fsb,3fb7f38b064265afc500,scratch/logs/fse2026/climb_fsb/safenlp_2024/e1_3fb7f38b064265afc500.log
safenlp_2024,693,perturbations_0.onnx,hyperrectangle_4969.vnnlib,,sat,0.85030813,FALSIFIED,1,20.0,0.85030813,0.860486463,3.6729628276079893,3.63,0,31,,1,False,True,7.109342531341767e-09,28.8,1962.9,completed,0,climb_fsb,7b110ec0edeb97e2525e,scratch/logs/fse2026/climb_fsb/safenlp_2024/e1_7b110ec0edeb97e2525e.log
safenlp_2024,694,perturbations_0.onnx,hyperrectangle_3031.vnnlib,,unsat,0.120703958,CERTIFIED,1,20.0,0.120703958,0.131103588,4.571807308122516,4.55,0,,,0,,,,9.3,1547.1,completed,0,climb_fsb,ee7d87cbf50082bd3da6,scratch/logs/fse2026/climb_fsb/safenlp_2024/e1_ee7d87cbf50082bd3da6.log
safenlp_2024,695,perturbations_0.onnx,hyperrectangle_770.vnnlib,,sat,0.377777023,FALSIFIED,1,20.0,0.377777023,0.388324356,3.8210217468440533,3.79,0,1,,1,False,True,4.4296385171005426e-09,17.3,1772.7,completed,0,climb_fsb,4955d5dd1708fc2e046b,scratch/logs/fse2026/climb_fsb/safenlp_2024/e1_4955d5dd1708fc2e046b.log
safenlp_2024,696,perturbations_0.onnx,hyperrectangle_5852.vnnlib,,sat,0.366234237,FALSIFIED,1,20.0,0.366234237,0.376779901,3.871776381507516,3.82,0,1,,1,False,True,4.218938337574585e-09,17.3,1784.5,completed,0,climb_fsb,1e262bdab32b33febc0c,scratch/logs/fse2026/climb_fsb/safenlp_2024/e1_1e262bdab32b33febc0c.log
safenlp_2024,697,perturbations_0.onnx,hyperrectangle_2792.vnnlib,,sat,0.311168402,FALSIFIED,1,20.0,0.311168402,0.322196733,3.119642484933138,3.08,0,1,,1,False,True,6.600112595345209e-09,17.3,1769.6,completed,0,climb_fsb,3b3f860eb1ce3c24c23f,scratch/logs/fse2026/climb_fsb/safenlp_2024/e1_3b3f860eb1ce3c24c23f.log
safenlp_2024,698,perturbations_0.onnx,hyperrectangle_2183.vnnlib,,unsat,1.005784323,CERTIFIED,1,20.0,1.005784323,1.015596012,3.8205554019659758,3.77,0,54,False,0,,,,24.5,1995.4,completed,0,climb_fsb,742b72ce8a0423d310ac,scratch/logs/fse2026/climb_fsb/safenlp_2024/e1_742b72ce8a0423d310ac.log
safenlp_2024,699,perturbations_0.onnx,hyperrectangle_791.vnnlib,,sat,0.654844098,FALSIFIED,1,20.0,0.654844098,0.665046418,9.18159276433289,9.13,0,1,,1,False,True,6.785220246774415e-09,17.3,1767.0,completed,0,climb_fsb,5948dfc78a316ea3be98,scratch/logs/fse2026/climb_fsb/safenlp_2024/e1_5948dfc78a316ea3be98.log
safenlp_2024,700,perturbations_0.onnx,hyperrectangle_1803.vnnlib,,unsat,0.125615695,CERTIFIED,1,20.0,0.125615695,0.136007976,3.5208336170762777,3.47,0,,,0,,,,9.3,1563.8,completed,0,climb_fsb,b6f6e9e9d78538df7592,scratch/logs/fse2026/climb_fsb/safenlp_2024/e1_b6f6e9e9d78538df7592.log
safenlp_2024,701,perturbations_0.onnx,hyperrectangle_3063.vnnlib,,unsat,3.517910399,CERTIFIED,1,20.0,3.517910399,3.528787291,7.027087546885014,6.98,0,268,False,0,,,,26.6,1997.1,completed,0,climb_fsb,1b662109e98099bde133,scratch/logs/fse2026/climb_fsb/safenlp_2024/e1_1b662109e98099bde133.log
safenlp_2024,702,perturbations_0.onnx,hyperrectangle_194.vnnlib,,unsat,2.209964214,CERTIFIED,1,20.0,2.209964214,2.220310507,5.423690551891923,5.4,0,79,False,0,,,,23.1,1999.4,completed,0,climb_fsb,af057bc2f7c37585a72f,scratch/logs/fse2026/climb_fsb/safenlp_2024/e1_af057bc2f7c37585a72f.log
safenlp_2024,703,perturbations_0.onnx,hyperrectangle_5649.vnnlib,,sat,1.576816795,FALSIFIED,1,20.0,1.576816795,1.587650996,5.022784229367971,5.0,0,267,,1,False,True,1.3209451144025053e-08,65.3,1997.5,completed,0,climb_fsb,ed9a0918e0751ddaf905,scratch/logs/fse2026/climb_fsb/safenlp_2024/e1_ed9a0918e0751ddaf905.log
safenlp_2024,704,perturbations_0.onnx,hyperrectangle_1943.vnnlib,,unsat,0.137435798,CERTIFIED,1,20.0,0.137435798,0.147815226,3.5203613936901093,3.47,0,,,0,,,,9.3,1569.2,completed,0,climb_fsb,fa5267e96bdac8531b9d,scratch/logs/fse2026/climb_fsb/safenlp_2024/e1_fa5267e96bdac8531b9d.log
safenlp_2024,705,perturbations_0.onnx,hyperrectangle_7493.vnnlib,,unknown,20.29090937,UNKNOWN,0,20.0,20.29090937,20.301496463,23.458080166950822,23.44,1,26170,False,0,,,,751.5,2029.3,completed,0,climb_fsb,548cbd44cb8a11810b5d,scratch/logs/fse2026/climb_fsb/safenlp_2024/e1_548cbd44cb8a11810b5d.log
safenlp_2024,706,perturbations_0.onnx,hyperrectangle_2144.vnnlib,,sat,0.33331183,FALSIFIED,1,20.0,0.33331183,0.343664275,3.170195009559393,3.13,0,1,,1,False,True,7.854262296103087e-09,17.3,1767.4,completed,0,climb_fsb,08e017c3a6c6c4e9d2f3,scratch/logs/fse2026/climb_fsb/safenlp_2024/e1_08e017c3a6c6c4e9d2f3.log
safenlp_2024,707,perturbations_0.onnx,hyperrectangle_2205.vnnlib,,sat,0.560478296,FALSIFIED,1,20.0,0.560478296,0.570979856,7.327370043843985,7.32,0,1,,1,False,True,6.738424263019738e-09,17.3,1767.4,completed,0,climb_fsb,00675828fc58d6dee287,scratch/logs/fse2026/climb_fsb/safenlp_2024/e1_00675828fc58d6dee287.log
safenlp_2024,708,perturbations_0.onnx,hyperrectangle_1875.vnnlib,,sat,0.341275055,FALSIFIED,1,20.0,0.341275055,0.351952944,3.670564854517579,3.63,0,1,,1,False,True,3.6879371639875203e-09,17.3,1767.5,completed,0,climb_fsb,8d7db2e36c5345b148b5,scratch/logs/fse2026/climb_fsb/safenlp_2024/e1_8d7db2e36c5345b148b5.log
safenlp_2024,709,perturbations_0.onnx,hyperrectangle_5310.vnnlib,,sat,0.366480591,FALSIFIED,1,20.0,0.366480591,0.376841877,3.7712018731981516,3.72,0,1,,1,False,True,3.263710621204119e-09,17.3,1767.5,completed,0,climb_fsb,598f91f5611089176aa9,scratch/logs/fse2026/climb_fsb/safenlp_2024/e1_598f91f5611089176aa9.log
safenlp_2024,710,perturbations_0.onnx,hyperrectangle_4953.vnnlib,,unsat,0.478061572,CERTIFIED,1,20.0,0.478061572,0.488124168,3.8705482073128223,3.84,0,3,,0,,,,18.8,1958.6,completed,0,climb_fsb,4794b18f9b174ef6647a,scratch/logs/fse2026/climb_fsb/safenlp_2024/e1_4794b18f9b174ef6647a.log
safenlp_2024,711,perturbations_0.onnx,hyperrectangle_2780.vnnlib,,unsat,2.222685859,CERTIFIED,1,20.0,2.222685859,2.233214725,5.273775080218911,5.23,0,752,False,0,,,,48.8,2015.9,completed,0,climb_fsb,fd61f71409bb7a40d20a,scratch/logs/fse2026/climb_fsb/safenlp_2024/e1_fd61f71409bb7a40d20a.log
safenlp_2024,712,perturbations_0.onnx,hyperrectangle_837.vnnlib,,sat,0.323462455,FALSIFIED,1,20.0,0.323462455,0.334058812,3.0699737165123224,3.06,0,1,,1,False,True,6.1897855452297534e-09,17.3,1766.9,completed,0,climb_fsb,f47086e6b8a3b4408179,scratch/logs/fse2026/climb_fsb/safenlp_2024/e1_f47086e6b8a3b4408179.log
safenlp_2024,713,perturbations_0.onnx,hyperrectangle_4203.vnnlib,,unsat,2.45504012,CERTIFIED,1,20.0,2.45504012,2.465487843,7.1770392674952745,7.15,0,228,False,0,,,,29.5,2007.0,completed,0,climb_fsb,7cf7ef389fb684251e16,scratch/logs/fse2026/climb_fsb/safenlp_2024/e1_7cf7ef389fb684251e16.log
safenlp_2024,714,perturbations_0.onnx,hyperrectangle_2428.vnnlib,,sat,0.383039692,FALSIFIED,1,20.0,0.383039692,0.392784636,3.8211492877453566,3.78,0,1,,1,False,True,7.314375854994282e-09,17.3,1767.5,completed,0,climb_fsb,82c34810797ea837dafb,scratch/logs/fse2026/climb_fsb/safenlp_2024/e1_82c34810797ea837dafb.log
safenlp_2024,715,perturbations_0.onnx,hyperrectangle_1474.vnnlib,,unsat,0.931613106,CERTIFIED,1,20.0,0.931613106,0.941794882,4.226378140971065,4.2,0,11,,0,,,,18.8,1976.8,completed,0,climb_fsb,c6f2dc93099120bd436f,scratch/logs/fse2026/climb_fsb/safenlp_2024/e1_c6f2dc93099120bd436f.log
safenlp_2024,716,perturbations_0.onnx,hyperrectangle_2526.vnnlib,,sat,0.414647043,FALSIFIED,1,20.0,0.414647043,0.425060809,3.326079713180661,3.3,0,1,,1,False,True,7.82192211001842e-09,17.3,1781.2,completed,0,climb_fsb,cf27552f0513d711625d,scratch/logs/fse2026/climb_fsb/safenlp_2024/e1_cf27552f0513d711625d.log
safenlp_2024,717,perturbations_0.onnx,hyperrectangle_3692.vnnlib,,sat,0.674094474,FALSIFIED,1,20.0,0.674094474,0.685692718,3.7217341531068087,3.68,0,1,,1,False,True,3.616775157144758e-09,17.3,1784.7,completed,0,climb_fsb,afd364e04b9c2abb276b,scratch/logs/fse2026/climb_fsb/safenlp_2024/e1_afd364e04b9c2abb276b.log
safenlp_2024,718,perturbations_0.onnx,hyperrectangle_3443.vnnlib,,unsat,1.426139845,CERTIFIED,1,20.0,1.426139845,1.436671052,4.576655836775899,4.55,0,36,False,0,,,,21.6,1998.2,completed,0,climb_fsb,07481f051e79466f78d4,scratch/logs/fse2026/climb_fsb/safenlp_2024/e1_07481f051e79466f78d4.log
safenlp_2024,719,perturbations_0.onnx,hyperrectangle_6123.vnnlib,,sat,0.510941364,FALSIFIED,1,20.0,0.510941364,0.522107005,3.420187132433057,3.39,0,1,,1,False,True,9.435690673242902e-09,17.3,1769.7,completed,0,climb_fsb,74a785e3d65a39ad943f,scratch/logs/fse2026/climb_fsb/safenlp_2024/e1_74a785e3d65a39ad943f.log
safenlp_2024,720,perturbations_0.onnx,hyperrectangle_2896.vnnlib,,sat,0.312283751,FALSIFIED,1,20.0,0.312283751,0.322730131,5.423985775560141,5.38,0,1,,1,False,True,3.18677473298834e-09,17.3,1767.8,completed,0,climb_fsb,d275d1232c3284075cd8,scratch/logs/fse2026/climb_fsb/safenlp_2024/e1_d275d1232c3284075cd8.log
safenlp_2024,721,perturbations_0.onnx,hyperrectangle_3550.vnnlib,,sat,0.651791172,FALSIFIED,1,20.0,0.651791172,0.662369072,3.4701390769332647,3.42,0,1,,1,False,True,5.195358171450337e-09,17.3,1795.0,completed,0,climb_fsb,ca8da5da1f20b7a15d8d,scratch/logs/fse2026/climb_fsb/safenlp_2024/e1_ca8da5da1f20b7a15d8d.log
safenlp_2024,722,perturbations_0.onnx,hyperrectangle_2283.vnnlib,,unsat,18.430221146,CERTIFIED,1,20.0,18.430221146,18.440781102,21.152321349829435,21.13,1,21665,False,0,,,,694.0,2007.4,completed,0,climb_fsb,831affdcb1a09892e862,scratch/logs/fse2026/climb_fsb/safenlp_2024/e1_831affdcb1a09892e862.log
safenlp_2024,723,perturbations_0.onnx,hyperrectangle_7468.vnnlib,,unsat,0.128781538,CERTIFIED,1,20.0,0.128781538,0.139748823,2.869111819192767,2.82,0,,,0,,,,9.3,1544.5,completed,0,climb_fsb,5932572b814a576519df,scratch/logs/fse2026/climb_fsb/safenlp_2024/e1_5932572b814a576519df.log
safenlp_2024,724,perturbations_0.onnx,hyperrectangle_1104.vnnlib,,unsat,4.761024227,CERTIFIED,1,20.0,4.761024227,4.770907398,7.476836444810033,7.46,0,3350,False,0,,,,112.5,1995.2,completed,0,climb_fsb,f4e7057f5ed7ea1a9beb,scratch/logs/fse2026/climb_fsb/safenlp_2024/e1_f4e7057f5ed7ea1a9beb.log
safenlp_2024,725,perturbations_0.onnx,hyperrectangle_3969.vnnlib,,unsat,1.520531345,CERTIFIED,1,20.0,1.520531345,1.530823581,4.231913266703486,4.19,0,383,False,0,,,,44.5,1999.7,completed,0,climb_fsb,fa502dd660cd68670ec9,scratch/logs/fse2026/climb_fsb/safenlp_2024/e1_fa502dd660cd68670ec9.log
safenlp_2024,726,perturbations_0.onnx,hyperrectangle_4234.vnnlib,,unsat,0.495090107,CERTIFIED,1,20.0,0.495090107,0.505217312,3.2242309395223856,3.18,0,5,,0,,,,18.8,1978.0,completed,0,climb_fsb,853a0c2d209a7631dc1e,scratch/logs/fse2026/climb_fsb/safenlp_2024/e1_853a0c2d209a7631dc1e.log
safenlp_2024,727,perturbations_0.onnx,hyperrectangle_919.vnnlib,,sat,0.323196948,FALSIFIED,1,20.0,0.323196948,0.333159251,3.0200995039194822,3.0,0,1,,1,False,True,5.946858588901094e-09,17.3,1767.8,completed,0,climb_fsb,a43313c9aaa60abd314a,scratch/logs/fse2026/climb_fsb/safenlp_2024/e1_a43313c9aaa60abd314a.log
safenlp_2024,728,perturbations_0.onnx,hyperrectangle_1690.vnnlib,,unsat,0.729041168,CERTIFIED,1,20.0,0.729041168,0.739403754,3.5208426490426064,3.47,0,17,,0,,,,20.2,2010.1,completed,0,climb_fsb,852aa1ee2ca081a93ce4,scratch/logs/fse2026/climb_fsb/safenlp_2024/e1_852aa1ee2ca081a93ce4.log
safenlp_2024,729,perturbations_0.onnx,hyperrectangle_6894.vnnlib,,sat,0.385719445,FALSIFIED,1,20.0,0.385719445,0.396222629,3.771196473389864,3.75,0,1,,1,False,True,6.388769291376661e-09,17.3,1768.5,completed,0,climb_fsb,ebdb4bb0d168eae4c555,scratch/logs/fse2026/climb_fsb/safenlp_2024/e1_ebdb4bb0d168eae4c555.log
safenlp_2024,730,perturbations_0.onnx,hyperrectangle_955.vnnlib,,sat,0.406555856,FALSIFIED,1,20.0,0.406555856,0.417338703,3.8718101028352976,3.83,0,1,,1,False,True,2.01514974151884e-09,17.3,1795.1,completed,0,climb_fsb,f5537381b4ad1aecc46a,scratch/logs/fse2026/climb_fsb/safenlp_2024/e1_f5537381b4ad1aecc46a.log
safenlp_2024,731,perturbations_0.onnx,hyperrectangle_3857.vnnlib,,sat,0.37527917,FALSIFIED,1,20.0,0.37527917,0.386100559,3.671493886038661,3.65,0,1,,1,False,True,5.330401120495765e-09,17.3,1769.6,completed,0,climb_fsb,9169754350410745f7c5,scratch/logs/fse2026/climb_fsb/safenlp_2024/e1_9169754350410745f7c5.log
safenlp_2024,732,perturbations_0.onnx,hyperrectangle_5727.vnnlib,,sat,0.31974726,FALSIFIED,1,20.0,0.31974726,0.330314789,3.070551987737417,3.06,0,1,,1,False,True,3.65757200915251e-09,17.3,1768.3,completed,0,climb_fsb,ccf09cfd357976c6eb7f,scratch/logs/fse2026/climb_fsb/safenlp_2024/e1_ccf09cfd357976c6eb7f.log
safenlp_2024,733,perturbations_0.onnx,hyperrectangle_246.vnnlib,,sat,0.33385911,FALSIFIED,1,20.0,0.33385911,0.344960719,3.219891220331192,3.18,0,1,,1,False,True,1.2607045407619921e-08,17.3,1773.1,completed,0,climb_fsb,29a79d0161a99b160b4b,scratch/logs/fse2026/climb_fsb/safenlp_2024/e1_29a79d0161a99b160b4b.log
safenlp_2024,734,perturbations_0.onnx,hyperrectangle_1494.vnnlib,,sat,1.249533525,FALSIFIED,1,20.0,1.249533525,1.260144562,23.304834976792336,23.27,1,1,,1,False,True,8.880940427502537e-09,17.3,1766.4,completed,0,climb_fsb,aa72b95a12e99028ca5f,scratch/logs/fse2026/climb_fsb/safenlp_2024/e1_aa72b95a12e99028ca5f.log
safenlp_2024,735,perturbations_0.onnx,hyperrectangle_7878.vnnlib,,sat,0.365715628,FALSIFIED,1,20.0,0.365715628,0.376647426,19.59976762160659,19.57,0,1,,1,False,True,6.0218356412455876e-09,17.3,1765.4,completed,0,climb_fsb,03bb43a198dcf593a883,scratch/logs/fse2026/climb_fsb/safenlp_2024/e1_03bb43a198dcf593a883.log
safenlp_2024,736,perturbations_0.onnx,hyperrectangle_1261.vnnlib,,unsat,0.128066383,CERTIFIED,1,20.0,0.128066383,0.138388554,3.5210082065314054,3.5,0,,,0,,,,9.3,1549.9,completed,0,climb_fsb,289f9e5296dfa50d8576,scratch/logs/fse2026/climb_fsb/safenlp_2024/e1_289f9e5296dfa50d8576.log
safenlp_2024,737,perturbations_0.onnx,hyperrectangle_5692.vnnlib,,sat,0.332228931,FALSIFIED,1,20.0,0.332228931,0.34267443,4.8229695931077,4.79,0,1,,1,False,True,6.475199432198764e-09,17.3,1809.5,completed,0,climb_fsb,0770c31f968623caedbe,scratch/logs/fse2026/climb_fsb/safenlp_2024/e1_0770c31f968623caedbe.log
safenlp_2024,738,perturbations_0.onnx,hyperrectangle_7796.vnnlib,,unsat,6.342937576,CERTIFIED,1,20.0,6.342937576,6.353755044,9.229132929816842,9.18,0,1137,False,0,,,,53.8,1998.2,completed,0,climb_fsb,6a74ce6ab1c2368a0a25,scratch/logs/fse2026/climb_fsb/safenlp_2024/e1_6a74ce6ab1c2368a0a25.log
safenlp_2024,739,perturbations_0.onnx,hyperrectangle_2158.vnnlib,,unsat,11.711139623,CERTIFIED,1,20.0,11.711139623,11.721438002,15.392747635021806,15.35,0,4193,False,0,,,,92.5,2004.5,completed,0,climb_fsb,43346d294c8b02070875,scratch/logs/fse2026/climb_fsb/safenlp_2024/e1_43346d294c8b02070875.log
safenlp_2024,740,perturbations_0.onnx,hyperrectangle_189.vnnlib,,unsat,0.127627145,CERTIFIED,1,20.0,0.127627145,0.138375469,3.5202539954334497,3.49,0,,,0,,,,9.3,1549.2,completed,0,climb_fsb,889601d8d9bd975608ef,scratch/logs/fse2026/climb_fsb/safenlp_2024/e1_889601d8d9bd975608ef.log
safenlp_2024,741,perturbations_0.onnx,hyperrectangle_7027.vnnlib,,sat,0.459043751,FALSIFIED,1,20.0,0.459043751,0.469621446,3.7705907709896564,3.75,0,1,,1,False,True,1.4751069032925557e-08,17.3,1790.0,completed,0,climb_fsb,45438c703a90b949ce10,scratch/logs/fse2026/climb_fsb/safenlp_2024/e1_45438c703a90b949ce10.log
safenlp_2024,742,perturbations_0.onnx,hyperrectangle_2887.vnnlib,,sat,0.721401833,FALSIFIED,1,20.0,0.721401833,0.732269669,3.5201191157102585,3.51,0,1,,1,False,True,4.931650005035593e-09,17.3,1767.3,completed,0,climb_fsb,f1ea0e8a5a5d02ab296f,scratch/logs/fse2026/climb_fsb/safenlp_2024/e1_f1ea0e8a5a5d02ab296f.log
safenlp_2024,743,perturbations_0.onnx,hyperrectangle_2845.vnnlib,,sat,0.318450311,FALSIFIED,1,20.0,0.318450311,0.328733472,3.072310157120228,3.05,0,1,,1,False,True,7.2841474518803295e-09,17.3,1766.9,completed,0,climb_fsb,841b350937164f53d4ad,scratch/logs/fse2026/climb_fsb/safenlp_2024/e1_841b350937164f53d4ad.log
safenlp_2024,744,perturbations_0.onnx,hyperrectangle_1966.vnnlib,,unsat,0.134442162,CERTIFIED,1,20.0,0.134442162,0.145002842,4.272288078442216,4.23,0,,,0,,,,9.3,1546.4,completed,0,climb_fsb,14b7b9a81a04da5e5cda,scratch/logs/fse2026/climb_fsb/safenlp_2024/e1_14b7b9a81a04da5e5cda.log
safenlp_2024,745,perturbations_0.onnx,hyperrectangle_1461.vnnlib,,unsat,8.110621978,CERTIFIED,1,20.0,8.110621978,8.120843248,10.783022051677108,10.76,0,3710,False,0,,,,194.1,1998.5,completed,0,climb_fsb,dc4f5fae7a28c314f4c0,scratch/logs/fse2026/climb_fsb/safenlp_2024/e1_dc4f5fae7a28c314f4c0.log
safenlp_2024,746,perturbations_0.onnx,hyperrectangle_4921.vnnlib,,sat,0.325973127,FALSIFIED,1,20.0,0.325973127,0.336377814,3.0212883204221725,3.0,0,1,,1,False,True,1.098397361953829e-08,17.3,1766.8,completed,0,climb_fsb,e33b61682533ef2c8a34,scratch/logs/fse2026/climb_fsb/safenlp_2024/e1_e33b61682533ef2c8a34.log
safenlp_2024,747,perturbations_0.onnx,hyperrectangle_6749.vnnlib,,sat,0.412448732,FALSIFIED,1,20.0,0.412448732,0.423245752,5.223074221983552,5.19,0,1,,1,False,True,9.705204861987227e-09,17.3,1768.3,completed,0,climb_fsb,b6e101342c07dde4ac38,scratch/logs/fse2026/climb_fsb/safenlp_2024/e1_b6e101342c07dde4ac38.log
safenlp_2024,748,perturbations_0.onnx,hyperrectangle_2236.vnnlib,,unsat,8.613023477,CERTIFIED,1,20.0,8.613023477,8.623395041,11.985407248139381,11.93,0,2411,False,0,,,,80.3,2015.0,completed,0,climb_fsb,6d8214bc500f17aee0f4,scratch/logs/fse2026/climb_fsb/safenlp_2024/e1_6d8214bc500f17aee0f4.log
safenlp_2024,749,perturbations_0.onnx,hyperrectangle_2573.vnnlib,,sat,0.291137304,FALSIFIED,1,20.0,0.291137304,0.301709428,3.5704336166381836,3.55,0,1,,1,False,True,4.116802093667715e-09,17.3,1765.8,completed,0,climb_fsb,909e9bac4a7a5338cca8,scratch/logs/fse2026/climb_fsb/safenlp_2024/e1_909e9bac4a7a5338cca8.log
safenlp_2024,750,perturbations_0.onnx,hyperrectangle_331.vnnlib,,sat,1.231882147,FALSIFIED,1,20.0,1.231882147,1.24223676,5.526035912334919,5.48,0,1,,1,False,True,3.6174038070546644e-09,17.3,1781.3,completed,0,climb_fsb,234c4a485856ece89d26,scratch/logs/fse2026/climb_fsb/safenlp_2024/e1_234c4a485856ece89d26.log
safenlp_2024,751,perturbations_0.onnx,hyperrectangle_2948.vnnlib,,sat,0.424051518,FALSIFIED,1,20.0,0.424051518,0.434543615,4.922046450898051,4.91,0,1,,1,False,True,7.282308950307126e-09,17.3,1772.2,completed,0,climb_fsb,209ec97ad9337be7be0c,scratch/logs/fse2026/climb_fsb/safenlp_2024/e1_209ec97ad9337be7be0c.log
safenlp_2024,752,perturbations_0.onnx,hyperrectangle_5756.vnnlib,,sat,0.335020324,FALSIFIED,1,20.0,0.335020324,0.345158959,3.0696343686431646,3.02,0,1,,1,False,True,7.0210474101273235e-09,17.3,1784.4,completed,0,climb_fsb,f4f4d7984fde9373ad24,scratch/logs/fse2026/climb_fsb/safenlp_2024/e1_f4f4d7984fde9373ad24.log
safenlp_2024,753,perturbations_0.onnx,hyperrectangle_769.vnnlib,,unsat,0.12691588,CERTIFIED,1,20.0,0.12691588,0.137493283,3.470391033217311,3.45,0,,,0,,,,9.3,1545.9,completed,0,climb_fsb,742295fcd06ea7849121,scratch/logs/fse2026/climb_fsb/safenlp_2024/e1_742295fcd06ea7849121.log
safenlp_2024,754,perturbations_0.onnx,hyperrectangle_2092.vnnlib,,sat,1.013052871,FALSIFIED,1,20.0,1.013052871,1.023676256,4.321698980405927,4.3,0,31,,1,False,True,7.084414194169497e-09,28.8,1948.6,completed,0,climb_fsb,4b30e4a55453279c06e2,scratch/logs/fse2026/climb_fsb/safenlp_2024/e1_4b30e4a55453279c06e2.log
safenlp_2024,755,perturbations_0.onnx,hyperrectangle_3670.vnnlib,,unsat,0.147516819,CERTIFIED,1,20.0,0.147516819,0.157981448,4.571918224915862,4.54,0,,,0,,,,9.3,1548.7,completed,0,climb_fsb,48c931f16018ace3b3fb,scratch/logs/fse2026/climb_fsb/safenlp_2024/e1_48c931f16018ace3b3fb.log
safenlp_2024,756,perturbations_0.onnx,hyperrectangle_3844.vnnlib,,sat,1.300196152,FALSIFIED,1,20.0,1.300196152,1.310905023,5.6734440010041,5.66,0,1,,1,False,True,1.1495666363270374e-08,17.3,1768.3,completed,0,climb_fsb,ab4b3ff538fb860575fd,scratch/logs/fse2026/climb_fsb/safenlp_2024/e1_ab4b3ff538fb860575fd.log
safenlp_2024,757,perturbations_0.onnx,hyperrectangle_5849.vnnlib,,sat,0.582392307,FALSIFIED,1,20.0,0.582392307,0.59297606,4.972989967092872,4.95,0,1,,1,False,True,3.1466994843132312e-09,17.3,1790.7,completed,0,climb_fsb,f8460d4a5431d5ed549a,scratch/logs/fse2026/climb_fsb/safenlp_2024/e1_f8460d4a5431d5ed549a.log
safenlp_2024,758,perturbations_0.onnx,hyperrectangle_5719.vnnlib,,sat,0.314465156,FALSIFIED,1,20.0,0.314465156,0.324822731,3.020524160936475,3.01,0,1,,1,False,True,8.163539289007815e-09,17.3,1765.5,completed,0,climb_fsb,205c0147fddf754645c1,scratch/logs/fse2026/climb_fsb/safenlp_2024/e1_205c0147fddf754645c1.log
safenlp_2024,759,perturbations_0.onnx,hyperrectangle_1286.vnnlib,,sat,1.283667929,FALSIFIED,1,20.0,1.283667929,1.294576289,5.974286491051316,5.96,0,1,,1,False,True,1.1482125750195138e-08,17.3,1767.2,completed,0,climb_fsb,51b5d4aae87841d42110,scratch/logs/fse2026/climb_fsb/safenlp_2024/e1_51b5d4aae87841d42110.log
safenlp_2024,760,perturbations_0.onnx,hyperrectangle_931.vnnlib,,unsat,0.155004887,CERTIFIED,1,20.0,0.155004887,0.165189,4.421684969216585,4.41,0,,,0,,,,9.3,1544.4,completed,0,climb_fsb,71607093e48c68b342cb,scratch/logs/fse2026/climb_fsb/safenlp_2024/e1_71607093e48c68b342cb.log
safenlp_2024,761,perturbations_0.onnx,hyperrectangle_3142.vnnlib,,unsat,5.105137596,CERTIFIED,1,20.0,5.105137596,5.115595181,8.02783534862101,7.98,0,892,False,0,,,,68.8,2032.9,completed,0,climb_fsb,54ea69a4c4d58bce4094,scratch/logs/fse2026/climb_fsb/safenlp_2024/e1_54ea69a4c4d58bce4094.log
safenlp_2024,762,perturbations_0.onnx,hyperrectangle_3048.vnnlib,,unsat,4.878965739,CERTIFIED,1,20.0,4.878965739,4.890056547,7.678348990157247,7.64,0,848,False,0,,,,56.0,2007.6,completed,0,climb_fsb,4f37ac76b2c1e4c1ac39,scratch/logs/fse2026/climb_fsb/safenlp_2024/e1_4f37ac76b2c1e4c1ac39.log
safenlp_2024,763,perturbations_0.onnx,hyperrectangle_7605.vnnlib,,sat,0.336747296,FALSIFIED,1,20.0,0.336747296,0.347030353,3.4698135163635015,3.42,0,1,,1,False,True,5.058117896750147e-09,17.3,1784.7,completed,0,climb_fsb,ff4c4a451b5666193c3b,scratch/logs/fse2026/climb_fsb/safenlp_2024/e1_ff4c4a451b5666193c3b.log
safenlp_2024,764,perturbations_0.onnx,hyperrectangle_1364.vnnlib,,sat,1.301201234,FALSIFIED,1,20.0,1.301201234,1.311432719,4.521910265088081,4.5,0,7,,1,False,True,2.518949604457532e-09,20.2,1951.1,completed,0,climb_fsb,97e77a8dd200bbbcad48,scratch/logs/fse2026/climb_fsb/safenlp_2024/e1_97e77a8dd200bbbcad48.log
safenlp_2024,765,perturbations_0.onnx,hyperrectangle_2712.vnnlib,,sat,0.308928179,FALSIFIED,1,20.0,0.308928179,0.319508223,3.01931344717741,3.0,0,1,,1,False,True,6.0531529233465164e-09,17.3,1795.1,completed,0,climb_fsb,3fc7b639dc0b5e03bdd4,scratch/logs/fse2026/climb_fsb/safenlp_2024/e1_3fc7b639dc0b5e03bdd4.log
safenlp_2024,766,perturbations_0.onnx,hyperrectangle_3523.vnnlib,,sat,0.360413397,FALSIFIED,1,20.0,0.360413397,0.370911149,4.6238199304789305,4.61,0,1,,1,False,True,7.187321043877759e-09,17.3,1771.1,completed,0,climb_fsb,a708eeaecb325bd5997e,scratch/logs/fse2026/climb_fsb/safenlp_2024/e1_a708eeaecb325bd5997e.log
safenlp_2024,767,perturbations_0.onnx,hyperrectangle_565.vnnlib,,sat,0.327935884,FALSIFIED,1,20.0,0.327935884,0.338652134,3.0699239932000637,3.04,0,1,,1,False,True,6.216187842245091e-09,17.3,1766.0,completed,0,climb_fsb,d02a79e28c286e46de7e,scratch/logs/fse2026/climb_fsb/safenlp_2024/e1_d02a79e28c286e46de7e.log
safenlp_2024,768,perturbations_0.onnx,hyperrectangle_2538.vnnlib,,sat,0.334872635,FALSIFIED,1,20.0,0.334872635,0.345266853,3.06973597407341,3.03,0,1,,1,False,True,7.9867381597154e-09,17.3,1767.5,completed,0,climb_fsb,986e03bf17fe1f2ad593,scratch/logs/fse2026/climb_fsb/safenlp_2024/e1_986e03bf17fe1f2ad593.log
safenlp_2024,769,perturbations_0.onnx,hyperrectangle_2679.vnnlib,,sat,0.365190929,FALSIFIED,1,20.0,0.365190929,0.375551056,3.1699537578970194,3.12,0,1,,1,False,True,5.343479020369912e-09,17.3,1767.7,completed,0,climb_fsb,75c998e4494ee4a3c3b3,scratch/logs/fse2026/climb_fsb/safenlp_2024/e1_75c998e4494ee4a3c3b3.log
safenlp_2024,770,perturbations_0.onnx,hyperrectangle_2684.vnnlib,,unsat,7.534961525,CERTIFIED,1,20.0,7.534961525,7.545208009,20.701202142983675,20.65,1,275,False,0,,,,30.2,1996.2,completed,0,climb_fsb,ea58fadb850683df0e2f,scratch/logs/fse2026/climb_fsb/safenlp_2024/e1_ea58fadb850683df0e2f.log
safenlp_2024,771,perturbations_0.onnx,hyperrectangle_1020.vnnlib,,unsat,0.130057298,CERTIFIED,1,20.0,0.130057298,0.140795108,3.470400743186474,3.43,0,,,0,,,,9.3,1546.1,completed,0,climb_fsb,ba53e53ee4bfb49574e9,scratch/logs/fse2026/climb_fsb/safenlp_2024/e1_ba53e53ee4bfb49574e9.log
safenlp_2024,772,perturbations_0.onnx,hyperrectangle_510.vnnlib,,unsat,0.391921008,CERTIFIED,1,20.0,0.391921008,0.402245995,4.372519925236702,4.34,0,3,,0,,,,18.8,1952.5,completed,0,climb_fsb,231681c8a8b3b0eb4ba5,scratch/logs/fse2026/climb_fsb/safenlp_2024/e1_231681c8a8b3b0eb4ba5.log
safenlp_2024,773,perturbations_0.onnx,hyperrectangle_5001.vnnlib,,unsat,0.845548665,CERTIFIED,1,20.0,0.845548665,0.856019152,3.62077821418643,3.57,0,33,False,0,,,,21.6,2015.8,completed,0,climb_fsb,a94375b3c5341c322f82,scratch/logs/fse2026/climb_fsb/safenlp_2024/e1_a94375b3c5341c322f82.log
safenlp_2024,774,perturbations_0.onnx,hyperrectangle_4320.vnnlib,,sat,0.316066798,FALSIFIED,1,20.0,0.316066798,0.326352684,3.6203454732894897,3.59,0,1,,1,False,True,9.535446543473824e-09,17.3,1767.3,completed,0,climb_fsb,f059bb6f5121681a9256,scratch/logs/fse2026/climb_fsb/safenlp_2024/e1_f059bb6f5121681a9256.log
safenlp_2024,775,perturbations_0.onnx,hyperrectangle_6079.vnnlib,,sat,0.319847316,FALSIFIED,1,20.0,0.319847316,0.330159502,4.72261006757617,4.67,0,1,,1,False,True,7.714477723297364e-09,17.3,1790.1,completed,0,climb_fsb,ec343521d0b9253a52cd,scratch/logs/fse2026/climb_fsb/safenlp_2024/e1_ec343521d0b9253a52cd.log
safenlp_2024,776,perturbations_0.onnx,hyperrectangle_1643.vnnlib,,unsat,0.145619709,CERTIFIED,1,20.0,0.145619709,0.155889802,7.628883369266987,7.61,0,,,0,,,,9.3,1569.8,completed,0,climb_fsb,459af95c0e8737a69b83,scratch/logs/fse2026/climb_fsb/safenlp_2024/e1_459af95c0e8737a69b83.log
safenlp_2024,777,perturbations_0.onnx,hyperrectangle_2589.vnnlib,,sat,0.325263845,FALSIFIED,1,20.0,0.325263845,0.335395476,3.471068635582924,3.42,0,1,,1,False,True,4.385758839431375e-09,17.3,1767.0,completed,0,climb_fsb,668664114ccd610778ad,scratch/logs/fse2026/climb_fsb/safenlp_2024/e1_668664114ccd610778ad.log
safenlp_2024,778,perturbations_0.onnx,hyperrectangle_5601.vnnlib,,sat,0.291035611,FALSIFIED,1,20.0,0.291035611,0.301159279,3.0192867070436478,2.97,0,1,,1,False,True,4.16646198098114e-09,17.3,1767.8,completed,0,climb_fsb,d26bdaff5858da38d29f,scratch/logs/fse2026/climb_fsb/safenlp_2024/e1_d26bdaff5858da38d29f.log
safenlp_2024,779,perturbations_0.onnx,hyperrectangle_763.vnnlib,,sat,0.338888375,FALSIFIED,1,20.0,0.338888375,0.349394975,3.6706031002104282,3.65,0,1,,1,False,True,4.992149998939155e-09,17.3,1768.0,completed,0,climb_fsb,e81058476ba600a85bcb,scratch/logs/fse2026/climb_fsb/safenlp_2024/e1_e81058476ba600a85bcb.log
safenlp_2024,780,perturbations_0.onnx,hyperrectangle_7206.vnnlib,,sat,0.373828243,FALSIFIED,1,20.0,0.373828243,0.384324055,3.520098866894841,3.48,0,1,,1,False,True,5.172472922199134e-09,17.3,1770.6,completed,0,climb_fsb,72f2f0c6fd2585e374f8,scratch/logs/fse2026/climb_fsb/safenlp_2024/e1_72f2f0c6fd2585e374f8.log
safenlp_2024,781,perturbations_0.onnx,hyperrectangle_1098.vnnlib,,sat,0.664432958,FALSIFIED,1,20.0,0.664432958,0.675234308,4.571368407458067,4.53,0,1,,1,False,True,1.1239749075908634e-08,17.3,1767.3,completed,0,climb_fsb,dad380874a89155da9d7,scratch/logs/fse2026/climb_fsb/safenlp_2024/e1_dad380874a89155da9d7.log
safenlp_2024,782,perturbations_0.onnx,hyperrectangle_388.vnnlib,,sat,1.191024065,FALSIFIED,1,20.0,1.191024065,1.201765329,5.173185998573899,5.14,0,3,,1,False,True,6.373790717439931e-09,18.8,1932.1,completed,0,climb_fsb,dbe83f273e44a9c1006f,scratch/logs/fse2026/climb_fsb/safenlp_2024/e1_dbe83f273e44a9c1006f.log
safenlp_2024,783,perturbations_0.onnx,hyperrectangle_4604.vnnlib,,sat,0.804817488,FALSIFIED,1,20.0,0.804817488,0.815296495,5.122272834181786,5.11,0,1,,1,False,True,3.350218547026884e-09,17.3,1809.5,completed,0,climb_fsb,86c01c589d610b4024bc,scratch/logs/fse2026/climb_fsb/safenlp_2024/e1_86c01c589d610b4024bc.log
safenlp_2024,784,perturbations_0.onnx,hyperrectangle_2193.vnnlib,,sat,0.28926767,FALSIFIED,1,20.0,0.28926767,0.299806586,3.1704284120351076,3.12,0,1,,1,False,True,5.567072164369691e-09,17.3,1783.9,completed,0,climb_fsb,ee99247329e3cf7036e9,scratch/logs/fse2026/climb_fsb/safenlp_2024/e1_ee99247329e3cf7036e9.log
safenlp_2024,785,perturbations_0.onnx,hyperrectangle_2645.vnnlib,,unsat,0.136911636,CERTIFIED,1,20.0,0.136911636,0.147289323,4.674320049583912,4.65,0,,,0,,,,9.3,1545.7,completed,0,climb_fsb,36bcc18c5547766bddba,scratch/logs/fse2026/climb_fsb/safenlp_2024/e1_36bcc18c5547766bddba.log
safenlp_2024,786,perturbations_0.onnx,hyperrectangle_6693.vnnlib,,unsat,7.078922898,CERTIFIED,1,20.0,7.078922898,7.089825662,9.881049240007997,9.84,0,2140,False,0,,,,115.4,1998.0,completed,0,climb_fsb,b72e4e06f14f83fbf06f,scratch/logs/fse2026/climb_fsb/safenlp_2024/e1_b72e4e06f14f83fbf06f.log
safenlp_2024,787,perturbations_0.onnx,hyperrectangle_503.vnnlib,,sat,1.319311161,FALSIFIED,1,20.0,1.319311161,1.330347171,6.025019785389304,6.01,0,1,,1,False,True,4.188830504681107e-09,17.3,1767.4,completed,0,climb_fsb,7cd0a9b5710cf6cd8bda,scratch/logs/fse2026/climb_fsb/safenlp_2024/e1_7cd0a9b5710cf6cd8bda.log
safenlp_2024,788,perturbations_0.onnx,hyperrectangle_3774.vnnlib,,sat,0.396856731,FALSIFIED,1,20.0,0.396856731,0.407756589,3.222835473716259,3.2,0,1,,1,False,True,7.007313784779257e-09,17.3,1768.7,completed,0,climb_fsb,ecdfe1b8a684a50c31d2,scratch/logs/fse2026/climb_fsb/safenlp_2024/e1_ecdfe1b8a684a50c31d2.log
safenlp_2024,789,perturbations_0.onnx,hyperrectangle_1276.vnnlib,,sat,0.294949329,FALSIFIED,1,20.0,0.294949329,0.306475073,3.423975143581629,3.37,0,1,,1,False,True,9.561805347502172e-09,17.3,1780.6,completed,0,climb_fsb,dd5eb26159fe4cea4e45,scratch/logs/fse2026/climb_fsb/safenlp_2024/e1_dd5eb26159fe4cea4e45.log
safenlp_2024,790,perturbations_0.onnx,hyperrectangle_2884.vnnlib,,unsat,1.316853229,CERTIFIED,1,20.0,1.316853229,1.329294497,6.325070394203067,6.32,0,27,,0,,,,21.6,2001.1,completed,0,climb_fsb,106d2ca905c1dd4901c7,scratch/logs/fse2026/climb_fsb/safenlp_2024/e1_106d2ca905c1dd4901c7.log
safenlp_2024,791,perturbations_0.onnx,hyperrectangle_143.vnnlib,,sat,0.377870316,FALSIFIED,1,20.0,0.377870316,0.388725491,3.921759555116296,3.9,0,1,,1,False,True,6.388890860797858e-09,17.3,1784.5,completed,0,climb_fsb,231f3af093c96cb680b0,scratch/logs/fse2026/climb_fsb/safenlp_2024/e1_231f3af093c96cb680b0.log
safenlp_2024,792,perturbations_0.onnx,hyperrectangle_3594.vnnlib,,unsat,1.392537925,CERTIFIED,1,20.0,1.392537925,1.403046526,4.27126987464726,4.25,0,74,,0,,,,23.1,2001.4,completed,0,climb_fsb,ad2040adaf72bcfee8e7,scratch/logs/fse2026/climb_fsb/safenlp_2024/e1_ad2040adaf72bcfee8e7.log
safenlp_2024,793,perturbations_0.onnx,hyperrectangle_4584.vnnlib,,sat,0.324753884,FALSIFIED,1,20.0,0.324753884,0.335672228,3.371286952868104,3.32,0,1,,1,False,True,5.38857891640987e-09,17.3,1771.2,completed,0,climb_fsb,9e9921537180e3356e60,scratch/logs/fse2026/climb_fsb/safenlp_2024/e1_9e9921537180e3356e60.log
safenlp_2024,794,perturbations_0.onnx,hyperrectangle_3756.vnnlib,,sat,0.453644956,FALSIFIED,1,20.0,0.453644956,0.464436324,5.874232664704323,5.87,0,1,,1,False,True,6.894444182226067e-09,17.3,1781.0,completed,0,climb_fsb,988a22067b0feeeba7e0,scratch/logs/fse2026/climb_fsb/safenlp_2024/e1_988a22067b0feeeba7e0.log
safenlp_2024,795,perturbations_0.onnx,hyperrectangle_4706.vnnlib,,sat,0.386264203,FALSIFIED,1,20.0,0.386264203,0.39745513,3.971567003056407,3.95,0,1,,1,False,True,1.144175143519277e-08,17.3,1790.2,completed,0,climb_fsb,085bfb2e33997794bbee,scratch/logs/fse2026/climb_fsb/safenlp_2024/e1_085bfb2e33997794bbee.log
safenlp_2024,796,perturbations_0.onnx,hyperrectangle_6365.vnnlib,,sat,0.629196672,FALSIFIED,1,20.0,0.629196672,0.63921644,4.0724302642047405,4.04,0,15,,1,False,True,4.969941846955095e-09,23.1,1946.6,completed,0,climb_fsb,cb44bdf16420c904b3bc,scratch/logs/fse2026/climb_fsb/safenlp_2024/e1_cb44bdf16420c904b3bc.log
safenlp_2024,797,perturbations_0.onnx,hyperrectangle_2413.vnnlib,,unsat,0.955949955,CERTIFIED,1,20.0,0.955949955,0.967220904,4.421967577189207,4.4,0,19,,0,,,,21.6,1995.9,completed,0,climb_fsb,f8b60daee57e639ae659,scratch/logs/fse2026/climb_fsb/safenlp_2024/e1_f8b60daee57e639ae659.log
safenlp_2024,798,perturbations_0.onnx,hyperrectangle_814.vnnlib,,unsat,1.061780222,CERTIFIED,1,20.0,1.061780222,1.073263133,4.224375376477838,4.2,0,15,,0,,,,20.2,1979.9,completed,0,climb_fsb,da17462bc6d5df1b829e,scratch/logs/fse2026/climb_fsb/safenlp_2024/e1_da17462bc6d5df1b829e.log
safenlp_2024,799,perturbations_0.onnx,hyperrectangle_3818.vnnlib,,unsat,3.671296362,CERTIFIED,1,20.0,3.671296362,3.682348039,8.279978385195136,8.26,0,460,False,0,,,,40.9,1993.9,completed,0,climb_fsb,262e3e1120f0cbf8bf78,scratch/logs/fse2026/climb_fsb/safenlp_2024/e1_262e3e1120f0cbf8bf78.log
safenlp_2024,800,perturbations_0.onnx,hyperrectangle_4827.vnnlib,,sat,0.55016963,FALSIFIED,1,20.0,0.55016963,0.559888028,3.4708234667778015,3.45,0,1,,1,False,True,3.642431883887909e-09,17.3,1767.4,completed,0,climb_fsb,3f462c42e16e6cf8cab5,scratch/logs/fse2026/climb_fsb/safenlp_2024/e1_3f462c42e16e6cf8cab5.log
safenlp_2024,801,perturbations_0.onnx,hyperrectangle_413.vnnlib,,sat,0.766517077,FALSIFIED,1,20.0,0.766517077,0.777621469,3.570126872509718,3.52,0,1,,1,False,True,1.2367251056577544e-08,17.3,1767.6,completed,0,climb_fsb,cd0412ef363ee70f4efb,scratch/logs/fse2026/climb_fsb/safenlp_2024/e1_cd0412ef363ee70f4efb.log
safenlp_2024,802,perturbations_0.onnx,hyperrectangle_2545.vnnlib,,sat,0.317937465,FALSIFIED,1,20.0,0.317937465,0.32911283,3.17258320748806,3.13,0,1,,1,False,True,6.656417916861557e-09,17.3,1769.7,completed,0,climb_fsb,9fe53724628a5b3a4851,scratch/logs/fse2026/climb_fsb/safenlp_2024/e1_9fe53724628a5b3a4851.log
safenlp_2024,803,perturbations_0.onnx,hyperrectangle_3056.vnnlib,,sat,0.306080718,FALSIFIED,1,20.0,0.306080718,0.316393912,3.4238243252038956,3.41,0,1,,1,False,True,6.094962257119363e-09,17.3,1772.7,completed,0,climb_fsb,d2f28369da0e95455aff,scratch/logs/fse2026/climb_fsb/safenlp_2024/e1_d2f28369da0e95455aff.log
safenlp_2024,804,perturbations_0.onnx,hyperrectangle_7749.vnnlib,,sat,0.385591045,FALSIFIED,1,20.0,0.385591045,0.397746569,3.2711572479456663,3.22,0,1,,1,False,True,7.003152641127386e-09,17.3,1767.7,completed,0,climb_fsb,67755e590d9c976b4139,scratch/logs/fse2026/climb_fsb/safenlp_2024/e1_67755e590d9c976b4139.log
safenlp_2024,805,perturbations_0.onnx,hyperrectangle_4145.vnnlib,,unsat,0.116681278,CERTIFIED,1,20.0,0.116681278,0.127055842,5.2752112206071615,5.23,0,,,0,,,,9.3,1548.9,completed,0,climb_fsb,482df9dc5fb29e727776,scratch/logs/fse2026/climb_fsb/safenlp_2024/e1_482df9dc5fb29e727776.log
safenlp_2024,806,perturbations_0.onnx,hyperrectangle_5527.vnnlib,,sat,0.28738009,FALSIFIED,1,20.0,0.28738009,0.297795571,3.0204279720783234,2.99,0,1,,1,False,True,6.318037093500095e-09,17.3,1767.7,completed,0,climb_fsb,380604b884309e3fa1a7,scratch/logs/fse2026/climb_fsb/safenlp_2024/e1_380604b884309e3fa1a7.log
safenlp_2024,807,perturbations_0.onnx,hyperrectangle_1207.vnnlib,,unsat,1.826457616,CERTIFIED,1,20.0,1.826457616,1.836951451,4.524486135691404,4.5,0,224,False,0,,,,31.7,1994.2,completed,0,climb_fsb,2c7f60d1224f13e3156d,scratch/logs/fse2026/climb_fsb/safenlp_2024/e1_2c7f60d1224f13e3156d.log
safenlp_2024,808,perturbations_0.onnx,hyperrectangle_4206.vnnlib,,sat,0.310314476,FALSIFIED,1,20.0,0.310314476,0.321243068,3.119645394384861,3.07,0,1,,1,False,True,6.6536967602282004e-09,17.3,1783.9,completed,0,climb_fsb,027229a000a61fdcf2ea,scratch/logs/fse2026/climb_fsb/safenlp_2024/e1_027229a000a61fdcf2ea.log
safenlp_2024,809,perturbations_0.onnx,hyperrectangle_2910.vnnlib,,sat,0.303618453,FALSIFIED,1,20.0,0.303618453,0.315013582,3.020654760301113,3.01,0,1,,1,False,True,1.2684805761331575e-08,17.3,1767.8,completed,0,climb_fsb,e15913c860b9e9a61d87,scratch/logs/fse2026/climb_fsb/safenlp_2024/e1_e15913c860b9e9a61d87.log
safenlp_2024,810,perturbations_0.onnx,hyperrectangle_7301.vnnlib,,sat,0.364509167,FALSIFIED,1,20.0,0.364509167,0.374751605,3.0191817190498114,3.01,0,3,,1,False,True,6.733136076464419e-09,18.8,1917.9,completed,0,climb_fsb,0e341afcc6dd43c0615c,scratch/logs/fse2026/climb_fsb/safenlp_2024/e1_0e341afcc6dd43c0615c.log
safenlp_2024,811,perturbations_0.onnx,hyperrectangle_1692.vnnlib,,unsat,0.115349503,CERTIFIED,1,20.0,0.115349503,0.125533383,2.820052934810519,2.78,0,,,0,,,,9.3,1546.8,completed,0,climb_fsb,903e775d38d95648bdbc,scratch/logs/fse2026/climb_fsb/safenlp_2024/e1_903e775d38d95648bdbc.log
safenlp_2024,812,perturbations_0.onnx,hyperrectangle_5541.vnnlib,,sat,0.325460952,FALSIFIED,1,20.0,0.325460952,0.336155748,3.0699074994772673,3.02,0,1,,1,False,True,6.646506595098245e-09,17.3,1790.1,completed,0,climb_fsb,4afaf33d838d7d2d13c0,scratch/logs/fse2026/climb_fsb/safenlp_2024/e1_4afaf33d838d7d2d13c0.log
safenlp_2024,813,perturbations_0.onnx,hyperrectangle_549.vnnlib,,sat,0.307272153,FALSIFIED,1,20.0,0.307272153,0.318265598,2.9700447153300047,2.93,0,1,,1,False,True,5.635991451313771e-09,17.3,1771.9,completed,0,climb_fsb,566ebe1f9be20fff2eb1,scratch/logs/fse2026/climb_fsb/safenlp_2024/e1_566ebe1f9be20fff2eb1.log
safenlp_2024,814,perturbations_0.onnx,hyperrectangle_862.vnnlib,,unsat,0.355261164,CERTIFIED,1,20.0,0.355261164,0.365773624,3.019281540066004,2.98,0,3,,0,,,,18.8,1932.5,completed,0,climb_fsb,edde2745ec79abb045d4,scratch/logs/fse2026/climb_fsb/safenlp_2024/e1_edde2745ec79abb045d4.log
safenlp_2024,815,perturbations_0.onnx,hyperrectangle_229.vnnlib,,sat,0.305370625,FALSIFIED,1,20.0,0.305370625,0.315172985,2.969957238063216,2.96,0,1,,1,False,True,4.343149534458135e-09,17.3,1771.4,completed,0,climb_fsb,7198e887d83f24dce218,scratch/logs/fse2026/climb_fsb/safenlp_2024/e1_7198e887d83f24dce218.log
safenlp_2024,816,perturbations_0.onnx,hyperrectangle_5668.vnnlib,,sat,0.302837472,FALSIFIED,1,20.0,0.302837472,0.313333197,2.9699251279234886,2.92,0,1,,1,False,True,8.382747607171837e-09,17.3,1767.7,completed,0,climb_fsb,09f95ef3609aa9329e66,scratch/logs/fse2026/climb_fsb/safenlp_2024/e1_09f95ef3609aa9329e66.log
safenlp_2024,817,perturbations_0.onnx,hyperrectangle_3267.vnnlib,,sat,0.368332705,FALSIFIED,1,20.0,0.368332705,0.378662745,3.721698945388198,3.67,0,1,,1,False,True,6.9017238313318074e-09,17.3,1782.0,completed,0,climb_fsb,7915dfef1df9549f935c,scratch/logs/fse2026/climb_fsb/safenlp_2024/e1_7915dfef1df9549f935c.log
safenlp_2024,818,perturbations_0.onnx,hyperrectangle_2532.vnnlib,,sat,0.365794363,FALSIFIED,1,20.0,0.365794363,0.376233501,3.7709920946508646,3.73,0,1,,1,False,True,6.3313904952178035e-09,17.3,1771.1,completed,0,climb_fsb,840fdf07a5aedcb6f678,scratch/logs/fse2026/climb_fsb/safenlp_2024/e1_840fdf07a5aedcb6f678.log
safenlp_2024,819,perturbations_0.onnx,hyperrectangle_7495.vnnlib,,sat,0.452011876,FALSIFIED,1,20.0,0.452011876,0.463625763,3.321423226967454,3.31,0,3,,1,False,True,1.2047895348032966e-08,18.8,1913.2,completed,0,climb_fsb,3c8d9e1042f4f9b1ff8d,scratch/logs/fse2026/climb_fsb/safenlp_2024/e1_3c8d9e1042f4f9b1ff8d.log
safenlp_2024,820,perturbations_0.onnx,hyperrectangle_5159.vnnlib,,unsat,2.426552357,CERTIFIED,1,20.0,2.426552357,2.437192244,5.277852663770318,5.24,0,140,False,0,,,,24.5,1996.6,completed,0,climb_fsb,c6c198688f4970bf4c19,scratch/logs/fse2026/climb_fsb/safenlp_2024/e1_c6c198688f4970bf4c19.log
safenlp_2024,821,perturbations_0.onnx,hyperrectangle_3471.vnnlib,,sat,0.30206592,FALSIFIED,1,20.0,0.30206592,0.312710084,4.623489139601588,4.57,0,1,,1,False,True,3.2106577535495617e-09,17.3,1765.0,completed,0,climb_fsb,2596880a96326a13347f,scratch/logs/fse2026/climb_fsb/safenlp_2024/e1_2596880a96326a13347f.log
safenlp_2024,822,perturbations_0.onnx,hyperrectangle_1922.vnnlib,,sat,0.368427178,FALSIFIED,1,20.0,0.368427178,0.378698286,3.771099805831909,3.72,0,1,,1,False,True,3.731507991489025e-09,17.3,1765.8,completed,0,climb_fsb,fed5bbd37578214f33bf,scratch/logs/fse2026/climb_fsb/safenlp_2024/e1_fed5bbd37578214f33bf.log
safenlp_2024,823,perturbations_0.onnx,hyperrectangle_77.vnnlib,,sat,0.523888234,FALSIFIED,1,20.0,0.523888234,0.535057977,3.921315509825945,3.91,0,1,,1,False,True,5.54403623009847e-09,17.3,1767.8,completed,0,climb_fsb,d81d89e335e864a8b0d3,scratch/logs/fse2026/climb_fsb/safenlp_2024/e1_d81d89e335e864a8b0d3.log
safenlp_2024,824,perturbations_0.onnx,hyperrectangle_6631.vnnlib,,sat,0.55664785,FALSIFIED,1,20.0,0.55664785,0.567140196,4.62424698472023,4.59,0,1,,1,False,True,1.2338320476423803e-08,17.3,1767.2,completed,0,climb_fsb,d9641f7577ac7d856477,scratch/logs/fse2026/climb_fsb/safenlp_2024/e1_d9641f7577ac7d856477.log
safenlp_2024,825,perturbations_0.onnx,hyperrectangle_6415.vnnlib,,unsat,0.121495832,CERTIFIED,1,20.0,0.121495832,0.13201654,4.722244301810861,4.68,0,,,0,,,,9.3,1569.4,completed,0,climb_fsb,ee472f2810938f61a33a,scratch/logs/fse2026/climb_fsb/safenlp_2024/e1_ee472f2810938f61a33a.log
safenlp_2024,826,perturbations_0.onnx,hyperrectangle_2837.vnnlib,,sat,0.336824361,FALSIFIED,1,20.0,0.336824361,0.347445661,4.925344135612249,4.91,0,1,,1,False,True,1.16761288970757e-08,17.3,1801.1,completed,0,climb_fsb,3ad5aef766e8a0da1c9b,scratch/logs/fse2026/climb_fsb/safenlp_2024/e1_3ad5aef766e8a0da1c9b.log
safenlp_2024,827,perturbations_0.onnx,hyperrectangle_2048.vnnlib,,sat,0.3123837,FALSIFIED,1,20.0,0.3123837,0.322634248,3.3719552755355835,3.36,0,1,,1,False,True,1.0256868188118773e-08,17.3,1789.9,completed,0,climb_fsb,ac821b1c6605c004e0bf,scratch/logs/fse2026/climb_fsb/safenlp_2024/e1_ac821b1c6605c004e0bf.log
safenlp_2024,828,perturbations_0.onnx,hyperrectangle_46.vnnlib,,sat,0.287995018,FALSIFIED,1,20.0,0.287995018,0.298406504,4.572406759485602,4.52,0,1,,1,False,True,6.66480387545576e-09,17.3,1769.4,completed,0,climb_fsb,81017763c78345f6cae4,scratch/logs/fse2026/climb_fsb/safenlp_2024/e1_81017763c78345f6cae4.log
safenlp_2024,829,perturbations_0.onnx,hyperrectangle_4709.vnnlib,,unsat,0.114102811,CERTIFIED,1,20.0,0.114102811,0.125350164,3.9775754306465387,3.97,0,,,0,,,,9.3,1549.5,completed,0,climb_fsb,78ff30e7024cfc7c9b69,scratch/logs/fse2026/climb_fsb/safenlp_2024/e1_78ff30e7024cfc7c9b69.log
safenlp_2024,830,perturbations_0.onnx,hyperrectangle_1184.vnnlib,,unsat,2.635098753,CERTIFIED,1,20.0,2.635098753,2.645841377,7.027186656370759,7.01,0,293,False,0,,,,31.7,2013.3,completed,0,climb_fsb,9a18c29a539e9d6e3ef8,scratch/logs/fse2026/climb_fsb/safenlp_2024/e1_9a18c29a539e9d6e3ef8.log
safenlp_2024,831,perturbations_0.onnx,hyperrectangle_1975.vnnlib,,sat,0.337935908,FALSIFIED,1,20.0,0.337935908,0.349404752,5.175409523770213,5.17,0,1,,1,False,True,7.087381875825471e-09,17.3,1768.3,completed,0,climb_fsb,c465b85d8ae61d5f06a5,scratch/logs/fse2026/climb_fsb/safenlp_2024/e1_c465b85d8ae61d5f06a5.log
safenlp_2024,832,perturbations_0.onnx,hyperrectangle_1128.vnnlib,,unsat,0.110482963,CERTIFIED,1,20.0,0.110482963,0.12057092,2.7191322837024927,2.7,0,,,0,,,,9.3,1546.7,completed,0,climb_fsb,65a05bd42fceadfa4bc0,scratch/logs/fse2026/climb_fsb/safenlp_2024/e1_65a05bd42fceadfa4bc0.log
safenlp_2024,833,perturbations_0.onnx,hyperrectangle_2110.vnnlib,,unsat,1.883349637,CERTIFIED,1,20.0,1.883349637,1.893962014,4.523158298805356,4.51,0,330,False,0,,,,37.4,2001.0,completed,0,climb_fsb,81b59110b1f2005c2f4a,scratch/logs/fse2026/climb_fsb/safenlp_2024/e1_81b59110b1f2005c2f4a.log
safenlp_2024,834,perturbations_0.onnx,hyperrectangle_119.vnnlib,,unsat,2.872242361,CERTIFIED,1,20.0,2.872242361,2.88253141,5.675820717588067,5.63,0,1059,False,0,,,,57.4,2005.1,completed,0,climb_fsb,188d2e6eebd37b992edb,scratch/logs/fse2026/climb_fsb/safenlp_2024/e1_188d2e6eebd37b992edb.log
safenlp_2024,835,perturbations_0.onnx,hyperrectangle_3838.vnnlib,,sat,0.306857422,FALSIFIED,1,20.0,0.306857422,0.317427956,3.019550958648324,2.99,0,1,,1,False,True,6.159692367280201e-09,17.3,1767.7,completed,0,climb_fsb,7f4f4ee23e970c6421dc,scratch/logs/fse2026/climb_fsb/safenlp_2024/e1_7f4f4ee23e970c6421dc.log
safenlp_2024,836,perturbations_0.onnx,hyperrectangle_1465.vnnlib,,unsat,0.111427816,CERTIFIED,1,20.0,0.111427816,0.121686375,2.868991380557418,2.84,0,,,0,,,,9.3,1546.6,completed,0,climb_fsb,304197b5b15fac06492c,scratch/logs/fse2026/climb_fsb/safenlp_2024/e1_304197b5b15fac06492c.log
safenlp_2024,837,perturbations_0.onnx,hyperrectangle_4897.vnnlib,,sat,0.358252071,FALSIFIED,1,20.0,0.358252071,0.368554981,3.675003280863166,3.65,0,1,,1,False,True,6.111326750213308e-09,17.3,1769.3,completed,0,climb_fsb,79885585d3007b115e33,scratch/logs/fse2026/climb_fsb/safenlp_2024/e1_79885585d3007b115e33.log
safenlp_2024,838,perturbations_0.onnx,hyperrectangle_7300.vnnlib,,sat,0.373001721,FALSIFIED,1,20.0,0.373001721,0.383464256,3.67043025419116,3.62,0,1,,1,False,True,1.3715205582354173e-08,17.3,1772.5,completed,0,climb_fsb,77d69804743e530badd0,scratch/logs/fse2026/climb_fsb/safenlp_2024/e1_77d69804743e530badd0.log
safenlp_2024,839,perturbations_0.onnx,hyperrectangle_5427.vnnlib,,sat,0.533614948,FALSIFIED,1,20.0,0.533614948,0.545458071,3.8716071732342243,3.84,0,3,,1,False,True,6.712013139731354e-09,18.8,1918.0,completed,0,climb_fsb,0b09a441e361e879d481,scratch/logs/fse2026/climb_fsb/safenlp_2024/e1_0b09a441e361e879d481.log
safenlp_2024,840,perturbations_0.onnx,hyperrectangle_466.vnnlib,,unsat,1.357040286,CERTIFIED,1,20.0,1.357040286,1.368784072,4.3231174647808075,4.27,0,24,,0,,,,23.1,1996.2,completed,0,climb_fsb,f9eaba7c2e08a5fe4353,scratch/logs/fse2026/climb_fsb/safenlp_2024/e1_f9eaba7c2e08a5fe4353.log
safenlp_2024,841,perturbations_0.onnx,hyperrectangle_3654.vnnlib,,sat,0.656711701,FALSIFIED,1,20.0,0.656711701,0.66752621,3.470921128988266,3.44,0,1,,1,False,True,5.918578349639603e-09,17.3,1767.4,completed,0,climb_fsb,cad328423b30b3b39d10,scratch/logs/fse2026/climb_fsb/safenlp_2024/e1_cad328423b30b3b39d10.log
safenlp_2024,842,perturbations_0.onnx,hyperrectangle_1008.vnnlib,,sat,1.070857028,FALSIFIED,1,20.0,1.070857028,1.080922583,4.973132137209177,4.96,0,1,,1,False,True,7.310807126348351e-09,17.3,1768.6,completed,0,climb_fsb,57fdc5c60687ec889fba,scratch/logs/fse2026/climb_fsb/safenlp_2024/e1_57fdc5c60687ec889fba.log
safenlp_2024,843,perturbations_0.onnx,hyperrectangle_5431.vnnlib,,sat,1.166224472,FALSIFIED,1,20.0,1.166224472,1.176490279,5.0768500585108995,5.04,0,1,,1,False,True,4.5233967405078346e-09,17.3,1791.0,completed,0,climb_fsb,2b8d988fdbe0f2ada6df,scratch/logs/fse2026/climb_fsb/safenlp_2024/e1_2b8d988fdbe0f2ada6df.log
safenlp_2024,844,perturbations_0.onnx,hyperrectangle_5382.vnnlib,,sat,0.351509469,FALSIFIED,1,20.0,0.351509469,0.361992633,3.169763058423996,3.14,0,1,,1,False,True,6.98586458125483e-09,17.3,1809.5,completed,0,climb_fsb,d2ec66aa613e59b6c0d8,scratch/logs/fse2026/climb_fsb/safenlp_2024/e1_d2ec66aa613e59b6c0d8.log
safenlp_2024,845,perturbations_0.onnx,hyperrectangle_3332.vnnlib,,sat,0.265373841,FALSIFIED,1,20.0,0.265373841,0.275714146,3.0692815706133842,3.03,0,1,,1,False,True,8.271506479751167e-09,17.3,1772.2,completed,0,climb_fsb,8dd613f3fbccda5d3755,scratch/logs/fse2026/climb_fsb/safenlp_2024/e1_8dd613f3fbccda5d3755.log
safenlp_2024,846,perturbations_0.onnx,hyperrectangle_6736.vnnlib,,unsat,0.64228124,CERTIFIED,1,20.0,0.64228124,0.652706066,5.373935440555215,5.33,0,17,,0,,,,20.3,1972.8,completed,0,climb_fsb,4082806a508fca8aeb10,scratch/logs/fse2026/climb_fsb/safenlp_2024/e1_4082806a508fca8aeb10.log
safenlp_2024,847,perturbations_0.onnx,hyperrectangle_3286.vnnlib,,unsat,0.125412924,CERTIFIED,1,20.0,0.125412924,0.135912908,3.3195885363966227,3.3,0,,,0,,,,9.3,1551.6,completed,0,climb_fsb,2229a5ad2179c36db07d,scratch/logs/fse2026/climb_fsb/safenlp_2024/e1_2229a5ad2179c36db07d.log
safenlp_2024,848,perturbations_0.onnx,hyperrectangle_6472.vnnlib,,unsat,16.20500342,CERTIFIED,1,20.0,16.20500342,16.215978917,20.151364877820015,20.12,1,8847,False,0,,,,272.8,2007.4,completed,0,climb_fsb,03774fb17eaf0f3f3801,scratch/logs/fse2026/climb_fsb/safenlp_2024/e1_03774fb17eaf0f3f3801.log
safenlp_2024,849,perturbations_0.onnx,hyperrectangle_1283.vnnlib,,unsat,0.114758046,CERTIFIED,1,20.0,0.114758046,0.124894459,2.8692945279181004,2.82,0,,,0,,,,9.3,1550.7,completed,0,climb_fsb,b49b2f0e27e9e47a8fd2,scratch/logs/fse2026/climb_fsb/safenlp_2024/e1_b49b2f0e27e9e47a8fd2.log
safenlp_2024,850,perturbations_0.onnx,hyperrectangle_819.vnnlib,,unsat,0.115619708,CERTIFIED,1,20.0,0.115619708,0.125908688,3.522307576611638,3.47,0,,,0,,,,9.3,1546.4,completed,0,climb_fsb,5519a791444b26c0441f,scratch/logs/fse2026/climb_fsb/safenlp_2024/e1_5519a791444b26c0441f.log
safenlp_2024,851,perturbations_0.onnx,hyperrectangle_6494.vnnlib,,sat,0.518179197,FALSIFIED,1,20.0,0.518179197,0.530239403,3.5703425835818052,3.52,0,1,,1,False,True,5.6512443336043106e-09,17.3,1766.7,completed,0,climb_fsb,bd9aeeeb11ec47ccc704,scratch/logs/fse2026/climb_fsb/safenlp_2024/e1_bd9aeeeb11ec47ccc704.log
safenlp_2024,852,perturbations_0.onnx,hyperrectangle_3571.vnnlib,,sat,0.629589658,FALSIFIED,1,20.0,0.629589658,0.639450449,5.224496200680733,5.17,0,1,,1,False,True,6.8336946656977204e-09,17.3,1772.2,completed,0,climb_fsb,1443659f39de75a08c9e,scratch/logs/fse2026/climb_fsb/safenlp_2024/e1_1443659f39de75a08c9e.log
safenlp_2024,853,perturbations_0.onnx,hyperrectangle_732.vnnlib,,unsat,0.602184059,CERTIFIED,1,20.0,0.602184059,0.613211636,3.322487533092499,3.29,0,5,,0,,,,18.8,2009.1,completed,0,climb_fsb,8eb6be8a35f438464ec6,scratch/logs/fse2026/climb_fsb/safenlp_2024/e1_8eb6be8a35f438464ec6.log
safenlp_2024,854,perturbations_0.onnx,hyperrectangle_6726.vnnlib,,sat,0.465869132,FALSIFIED,1,20.0,0.465869132,0.476462904,4.9731949139386415,4.93,0,7,,1,False,True,2.9746731328161857e-09,20.2,1953.2,completed,0,climb_fsb,769ada55272a63318aee,scratch/logs/fse2026/climb_fsb/safenlp_2024/e1_769ada55272a63318aee.log
safenlp_2024,855,perturbations_0.onnx,hyperrectangle_5047.vnnlib,,unsat,9.712693909,CERTIFIED,1,20.0,9.712693909,9.723006425,14.339514628052711,14.3,0,3006,False,0,,,,121.0,2004.7,completed,0,climb_fsb,96ff9ea4a4847230088c,scratch/logs/fse2026/climb_fsb/safenlp_2024/e1_96ff9ea4a4847230088c.log
safenlp_2024,856,perturbations_0.onnx,hyperrectangle_2257.vnnlib,,sat,0.325804444,FALSIFIED,1,20.0,0.325804444,0.336082753,4.7728687562048435,4.75,0,1,,1,False,True,6.500385896224259e-09,17.3,1770.9,completed,0,climb_fsb,5ff7a81526c4ab47a467,scratch/logs/fse2026/climb_fsb/safenlp_2024/e1_5ff7a81526c4ab47a467.log
safenlp_2024,857,perturbations_0.onnx,hyperrectangle_4802.vnnlib,,sat,0.322471898,FALSIFIED,1,20.0,0.322471898,0.333293034,3.1704720202833414,3.15,0,1,,1,False,True,4.180928742103518e-09,17.3,1770.9,completed,0,climb_fsb,0a49c572a1c3b6716b25,scratch/logs/fse2026/climb_fsb/safenlp_2024/e1_0a49c572a1c3b6716b25.log
safenlp_2024,858,perturbations_0.onnx,hyperrectangle_1110.vnnlib,,unsat,11.639948912,CERTIFIED,1,20.0,11.639948912,11.650218185,15.995103558525443,15.96,0,6175,False,0,,,,207.7,2004.8,completed,0,climb_fsb,28cdcda00a784e80c215,scratch/logs/fse2026/climb_fsb/safenlp_2024/e1_28cdcda00a784e80c215.log
safenlp_2024,859,perturbations_0.onnx,hyperrectangle_3473.vnnlib,,sat,1.387429206,FALSIFIED,1,20.0,1.387429206,1.397970447,6.126161141321063,6.07,0,1,,1,False,True,5.4653158665374235e-09,17.3,1768.5,completed,0,climb_fsb,27c6f7c799b6641c29d4,scratch/logs/fse2026/climb_fsb/safenlp_2024/e1_27c6f7c799b6641c29d4.log
safenlp_2024,860,perturbations_0.onnx,hyperrectangle_520.vnnlib,,unsat,0.421673706,CERTIFIED,1,20.0,0.421673706,0.43185972,3.1694383546710014,3.15,0,,,0,,,,9.3,1546.7,completed,0,climb_fsb,f8a6a98de5409df458ee,scratch/logs/fse2026/climb_fsb/safenlp_2024/e1_f8a6a98de5409df458ee.log
safenlp_2024,861,perturbations_0.onnx,hyperrectangle_5603.vnnlib,,sat,0.369546546,FALSIFIED,1,20.0,0.369546546,0.380094333,3.219107238575816,3.19,0,1,,1,False,True,6.875119445970412e-09,17.3,1809.4,completed,0,climb_fsb,0c5f2c9100f2ca6f4384,scratch/logs/fse2026/climb_fsb/safenlp_2024/e1_0c5f2c9100f2ca6f4384.log
safenlp_2024,862,perturbations_0.onnx,hyperrectangle_2049.vnnlib,,sat,0.427200356,FALSIFIED,1,20.0,0.427200356,0.437530261,5.724903743714094,5.69,0,1,,1,False,True,7.4279380701813835e-09,17.3,1809.6,completed,0,climb_fsb,4bc75ef865f12ffe2321,scratch/logs/fse2026/climb_fsb/safenlp_2024/e1_4bc75ef865f12ffe2321.log
safenlp_2024,863,perturbations_0.onnx,hyperrectangle_327.vnnlib,,sat,0.282991277,FALSIFIED,1,20.0,0.282991277,0.293695251,3.1190375853329897,3.07,0,1,,1,False,True,6.460434520683123e-09,17.3,1765.5,completed,0,climb_fsb,32a0584602864809a479,scratch/logs/fse2026/climb_fsb/safenlp_2024/e1_32a0584602864809a479.log
safenlp_2024,864,perturbations_0.onnx,hyperrectangle_4238.vnnlib,,sat,0.327477444,FALSIFIED,1,20.0,0.327477444,0.337916763,3.0706467796117067,3.05,0,1,,1,False,True,6.01647040521236e-09,17.3,1767.5,completed,0,climb_fsb,a4f5b3372a405e136b6b,scratch/logs/fse2026/climb_fsb/safenlp_2024/e1_a4f5b3372a405e136b6b.log
safenlp_2024,865,perturbations_0.onnx,hyperrectangle_7303.vnnlib,,sat,0.361430252,FALSIFIED,1,20.0,0.361430252,0.371664535,6.374782318249345,6.35,0,1,,1,False,True,6.920244682850907e-09,17.3,1809.7,completed,0,climb_fsb,67f2f9f7d373b652d2b6,scratch/logs/fse2026/climb_fsb/safenlp_2024/e1_67f2f9f7d373b652d2b6.log
safenlp_2024,866,perturbations_0.onnx,hyperrectangle_3714.vnnlib,,unsat,0.843474135,CERTIFIED,1,20.0,0.843474135,0.854060594,3.6705664079636335,3.66,0,59,False,0,,,,27.4,2002.3,completed,0,climb_fsb,90ef35091bb52fc44d9e,scratch/logs/fse2026/climb_fsb/safenlp_2024/e1_90ef35091bb52fc44d9e.log
safenlp_2024,867,perturbations_0.onnx,hyperrectangle_4001.vnnlib,,sat,0.407072974,FALSIFIED,1,20.0,0.407072974,0.417809417,3.219649776816368,3.18,0,1,,1,False,True,3.734811931943582e-09,17.3,1767.9,completed,0,climb_fsb,6e83b10f519b40cb4db8,scratch/logs/fse2026/climb_fsb/safenlp_2024/e1_6e83b10f519b40cb4db8.log
safenlp_2024,868,perturbations_0.onnx,hyperrectangle_1785.vnnlib,,sat,0.359051785,FALSIFIED,1,20.0,0.359051785,0.369821556,4.721864398568869,4.71,0,1,,1,False,True,7.303932680891023e-09,17.3,1767.6,completed,0,climb_fsb,1712db0efdb9119f6e7b,scratch/logs/fse2026/climb_fsb/safenlp_2024/e1_1712db0efdb9119f6e7b.log
safenlp_2024,869,perturbations_0.onnx,hyperrectangle_1062.vnnlib,,unsat,0.132859692,CERTIFIED,1,20.0,0.132859692,0.143103473,2.9204098135232925,2.87,0,,,0,,,,9.3,1563.5,completed,0,climb_fsb,b30a27dda2fb0e2b346b,scratch/logs/fse2026/climb_fsb/safenlp_2024/e1_b30a27dda2fb0e2b346b.log
safenlp_2024,870,perturbations_0.onnx,hyperrectangle_863.vnnlib,,sat,0.331112854,FALSIFIED,1,20.0,0.331112854,0.341564933,3.1194196436554193,3.1,0,1,,1,False,True,3.5016708144208764e-09,17.3,1765.6,completed,0,climb_fsb,ec4e21a0aea3915bc75a,scratch/logs/fse2026/climb_fsb/safenlp_2024/e1_ec4e21a0aea3915bc75a.log
safenlp_2024,871,perturbations_0.onnx,hyperrectangle_489.vnnlib,,sat,0.378708296,FALSIFIED,1,20.0,0.378708296,0.389180733,4.173256352543831,4.14,0,1,,1,False,True,8.845807086821367e-09,17.3,1784.5,completed,0,climb_fsb,4ce330a3740922a794b2,scratch/logs/fse2026/climb_fsb/safenlp_2024/e1_4ce330a3740922a794b2.log
safenlp_2024,872,perturbations_0.onnx,hyperrectangle_97.vnnlib,,unsat,1.17492407,CERTIFIED,1,20.0,1.17492407,1.185197357,4.622503316029906,4.61,0,44,,0,,,,23.8,2015.6,completed,0,climb_fsb,b34786c57faa35027504,scratch/logs/fse2026/climb_fsb/safenlp_2024/e1_b34786c57faa35027504.log
safenlp_2024,873,perturbations_0.onnx,hyperrectangle_1071.vnnlib,,unsat,0.126801744,CERTIFIED,1,20.0,0.126801744,0.137125136,3.5194469280540943,3.5,0,,,0,,,,9.3,1563.3,completed,0,climb_fsb,56871c9c9ebfdb2343c7,scratch/logs/fse2026/climb_fsb/safenlp_2024/e1_56871c9c9ebfdb2343c7.log
safenlp_2024,874,perturbations_0.onnx,hyperrectangle_527.vnnlib,,unsat,0.117055209,CERTIFIED,1,20.0,0.117055209,0.127715962,3.4207473509013653,3.4,0,,,0,,,,9.3,1545.8,completed,0,climb_fsb,ec3079878de6ed423c01,scratch/logs/fse2026/climb_fsb/safenlp_2024/e1_ec3079878de6ed423c01.log
safenlp_2024,875,perturbations_0.onnx,hyperrectangle_7378.vnnlib,,sat,0.418276789,FALSIFIED,1,20.0,0.418276789,0.428951601,3.2203614562749863,3.19,0,1,,1,False,True,6.942321606473456e-09,17.3,1768.0,completed,0,climb_fsb,dbf470778fbebbbb1e5d,scratch/logs/fse2026/climb_fsb/safenlp_2024/e1_dbf470778fbebbbb1e5d.log
safenlp_2024,876,perturbations_0.onnx,hyperrectangle_726.vnnlib,,unsat,0.134308103,CERTIFIED,1,20.0,0.134308103,0.144972708,2.8690909296274185,2.86,0,,,0,,,,9.3,1580.7,completed,0,climb_fsb,89adbf705a1b46ed6eba,scratch/logs/fse2026/climb_fsb/safenlp_2024/e1_89adbf705a1b46ed6eba.log
safenlp_2024,877,perturbations_0.onnx,hyperrectangle_309.vnnlib,,unknown,20.157985035,UNKNOWN,0,20.0,20.157985035,20.168516556,23.00595696270466,22.95,1,9801,False,0,,,,750.8,2006.4,completed,0,climb_fsb,efb513752bc49149fd34,scratch/logs/fse2026/climb_fsb/safenlp_2024/e1_efb513752bc49149fd34.log
safenlp_2024,878,perturbations_0.onnx,hyperrectangle_1646.vnnlib,,unsat,0.161574312,CERTIFIED,1,20.0,0.161574312,0.172318744,20.650683796033263,20.62,1,,,0,,,,9.3,1545.5,completed,0,climb_fsb,ae928826daafa80011fe,scratch/logs/fse2026/climb_fsb/safenlp_2024/e1_ae928826daafa80011fe.log
safenlp_2024,879,perturbations_0.onnx,hyperrectangle_1501.vnnlib,,sat,0.383521235,FALSIFIED,1,20.0,0.383521235,0.393996796,5.373861698433757,5.36,0,1,,1,False,True,6.900993498870633e-09,17.3,1772.5,completed,0,climb_fsb,5b56279d63244a027c5b,scratch/logs/fse2026/climb_fsb/safenlp_2024/e1_5b56279d63244a027c5b.log
safenlp_2024,880,perturbations_0.onnx,hyperrectangle_3701.vnnlib,,sat,0.393106826,FALSIFIED,1,20.0,0.393106826,0.403482636,3.7206393647938967,3.71,0,1,,1,False,True,5.869488839405079e-09,17.3,1769.6,completed,0,climb_fsb,727cdc4257ab2e2497d4,scratch/logs/fse2026/climb_fsb/safenlp_2024/e1_727cdc4257ab2e2497d4.log
safenlp_2024,881,perturbations_0.onnx,hyperrectangle_4768.vnnlib,,sat,0.619550714,FALSIFIED,1,20.0,0.619550714,0.630920054,4.172439932823181,4.12,0,1,,1,False,True,4.168932310477658e-09,17.3,1772.8,completed,0,climb_fsb,1112801bb0e776d6d7ba,scratch/logs/fse2026/climb_fsb/safenlp_2024/e1_1112801bb0e776d6d7ba.log
safenlp_2024,882,perturbations_0.onnx,hyperrectangle_6446.vnnlib,,sat,0.70083968,FALSIFIED,1,20.0,0.70083968,0.711847771,3.4706410337239504,3.43,0,1,,1,False,True,1.0794344529330147e-08,17.3,1765.5,completed,0,climb_fsb,5cf040aa696686b27e06,scratch/logs/fse2026/climb_fsb/safenlp_2024/e1_5cf040aa696686b27e06.log
safenlp_2024,883,perturbations_0.onnx,hyperrectangle_7153.vnnlib,,sat,0.286624406,FALSIFIED,1,20.0,0.286624406,0.296637276,3.0687754843384027,3.03,0,1,,1,False,True,5.443640566094032e-09,17.3,1767.2,completed,0,climb_fsb,08845a06ae16db345977,scratch/logs/fse2026/climb_fsb/safenlp_2024/e1_08845a06ae16db345977.log
safenlp_2024,884,perturbations_0.onnx,hyperrectangle_7306.vnnlib,,sat,0.53665298,FALSIFIED,1,20.0,0.53665298,0.547134316,4.321874585002661,4.32,0,31,,1,False,True,7.872010765463955e-09,28.8,1956.8,completed,0,climb_fsb,97be3db53082502dd768,scratch/logs/fse2026/climb_fsb/safenlp_2024/e1_97be3db53082502dd768.log
safenlp_2024,885,perturbations_0.onnx,hyperrectangle_3175.vnnlib,,unsat,14.66734767,CERTIFIED,1,20.0,14.66734767,14.677998435,18.54884659871459,18.53,0,7527,False,0,,,,257.7,2005.7,completed,0,climb_fsb,991a33325c3955cb3485,scratch/logs/fse2026/climb_fsb/safenlp_2024/e1_991a33325c3955cb3485.log
safenlp_2024,886,perturbations_0.onnx,hyperrectangle_193.vnnlib,,unsat,0.651078247,CERTIFIED,1,20.0,0.651078247,0.661211949,3.4194394554942846,3.39,0,17,,0,,,,20.2,2019.5,completed,0,climb_fsb,b7e3f701c4f7b2be5fd3,scratch/logs/fse2026/climb_fsb/safenlp_2024/e1_b7e3f701c4f7b2be5fd3.log
safenlp_2024,887,perturbations_0.onnx,hyperrectangle_4530.vnnlib,,sat,0.286137367,FALSIFIED,1,20.0,0.286137367,0.296340689,2.9209161307662725,2.91,0,1,,1,False,True,3.151644667465092e-09,17.3,1790.4,completed,0,climb_fsb,c405a677d431fb9290f5,scratch/logs/fse2026/climb_fsb/safenlp_2024/e1_c405a677d431fb9290f5.log
safenlp_2024,888,perturbations_0.onnx,hyperrectangle_4259.vnnlib,,sat,0.588413123,FALSIFIED,1,20.0,0.588413123,0.599106012,4.171932481229305,4.16,0,7,,1,False,True,3.1621963797467956e-09,20.2,1951.2,completed,0,climb_fsb,655c65ec5ed5e374b9bd,scratch/logs/fse2026/climb_fsb/safenlp_2024/e1_655c65ec5ed5e374b9bd.log
safenlp_2024,889,perturbations_0.onnx,hyperrectangle_6743.vnnlib,,sat,0.397148451,FALSIFIED,1,20.0,0.397148451,0.40748829,3.7724026031792164,3.75,0,1,,1,False,True,1.201479732371169e-08,17.3,1767.0,completed,0,climb_fsb,ba0f9fb188d09d755d41,scratch/logs/fse2026/climb_fsb/safenlp_2024/e1_ba0f9fb188d09d755d41.log
safenlp_2024,890,perturbations_0.onnx,hyperrectangle_995.vnnlib,,unsat,0.222308327,CERTIFIED,1,20.0,0.222308327,0.233194083,2.9235008638352156,2.88,0,,,0,,,,9.3,1580.8,completed,0,climb_fsb,82715504f9aca19768e7,scratch/logs/fse2026/climb_fsb/safenlp_2024/e1_82715504f9aca19768e7.log
safenlp_2024,891,perturbations_0.onnx,hyperrectangle_835.vnnlib,,sat,0.327752225,FALSIFIED,1,20.0,0.327752225,0.33882804,3.119213432073593,3.1,0,1,,1,False,True,5.823276971739233e-09,17.3,1790.5,completed,0,climb_fsb,ac3ac1cf07332ce19b08,scratch/logs/fse2026/climb_fsb/safenlp_2024/e1_ac3ac1cf07332ce19b08.log
safenlp_2024,892,perturbations_0.onnx,hyperrectangle_1211.vnnlib,,sat,0.531374497,FALSIFIED,1,20.0,0.531374497,0.541911885,7.477524269372225,7.44,0,1,,1,False,True,7.007765784328157e-09,17.3,1767.0,completed,0,climb_fsb,1bbef6dd78c57de8ccbc,scratch/logs/fse2026/climb_fsb/safenlp_2024/e1_1bbef6dd78c57de8ccbc.log
safenlp_2024,893,perturbations_0.onnx,hyperrectangle_2221.vnnlib,,unsat,1.325541191,CERTIFIED,1,20.0,1.325541191,1.335819429,4.723671173676848,4.7,0,39,,0,,,,21.6,1996.3,completed,0,climb_fsb,67303432d1748e037865,scratch/logs/fse2026/climb_fsb/safenlp_2024/e1_67303432d1748e037865.log
safenlp_2024,894,perturbations_0.onnx,hyperrectangle_6148.vnnlib,,unsat,0.118510216,CERTIFIED,1,20.0,0.118510216,0.12890413,3.472587810829282,3.44,0,,,0,,,,9.3,1549.6,completed,0,climb_fsb,9ddbdc18345be60be6f4,scratch/logs/fse2026/climb_fsb/safenlp_2024/e1_9ddbdc18345be60be6f4.log
safenlp_2024,895,perturbations_0.onnx,hyperrectangle_1886.vnnlib,,sat,1.827011976,FALSIFIED,1,20.0,1.827011976,1.83775788,4.672981537878513,4.62,0,471,,1,False,True,6.781878697514898e-09,44.5,2003.0,completed,0,climb_fsb,b9e40c82516d00e11481,scratch/logs/fse2026/climb_fsb/safenlp_2024/e1_b9e40c82516d00e11481.log
safenlp_2024,896,perturbations_0.onnx,hyperrectangle_7553.vnnlib,,sat,0.366064407,FALSIFIED,1,20.0,0.366064407,0.37680004,3.1215450689196587,3.11,0,1,,1,False,True,3.6491483307310446e-09,17.3,1766.9,completed,0,climb_fsb,2910cbb12925897514d7,scratch/logs/fse2026/climb_fsb/safenlp_2024/e1_2910cbb12925897514d7.log
safenlp_2024,897,perturbations_0.onnx,hyperrectangle_2931.vnnlib,,sat,0.322505511,FALSIFIED,1,20.0,0.322505511,0.332690939,3.0702536031603813,3.03,0,1,,1,False,True,6.324757551023907e-09,17.3,1766.0,completed,0,climb_fsb,84f5e8126382cb848719,scratch/logs/fse2026/climb_fsb/safenlp_2024/e1_84f5e8126382cb848719.log
safenlp_2024,898,perturbations_0.onnx,hyperrectangle_5493.vnnlib,,unsat,2.233156016,CERTIFIED,1,20.0,2.233156016,2.243716883,7.680364901199937,7.65,0,304,False,0,,,,41.7,1997.8,completed,0,climb_fsb,5dcb52be6227eaaa7842,scratch/logs/fse2026/climb_fsb/safenlp_2024/e1_5dcb52be6227eaaa7842.log
safenlp_2024,899,perturbations_0.onnx,hyperrectangle_181.vnnlib,,sat,0.364192132,FALSIFIED,1,20.0,0.364192132,0.374822557,3.7249699886888266,3.71,0,1,,1,False,True,6.3825412177642704e-09,17.3,1790.2,completed,0,climb_fsb,bafc9063e09ed42e7d6c,scratch/logs/fse2026/climb_fsb/safenlp_2024/e1_bafc9063e09ed42e7d6c.log
safenlp_2024,900,perturbations_0.onnx,hyperrectangle_3176.vnnlib,,unsat,1.023626253,CERTIFIED,1,20.0,1.023626253,1.034610948,4.573843946680427,4.55,0,9,,0,,,,18.8,1978.4,completed,0,climb_fsb,5fbb771226d2cdb71927,scratch/logs/fse2026/climb_fsb/safenlp_2024/e1_5fbb771226d2cdb71927.log
safenlp_2024,901,perturbations_0.onnx,hyperrectangle_6038.vnnlib,,sat,0.576363055,FALSIFIED,1,20.0,0.576363055,0.586767036,3.620591001585126,3.61,0,3,,1,False,True,7.243301541892677e-09,18.8,1920.2,completed,0,climb_fsb,9b936bd9d96503b6b5f9,scratch/logs/fse2026/climb_fsb/safenlp_2024/e1_9b936bd9d96503b6b5f9.log
safenlp_2024,902,perturbations_0.onnx,hyperrectangle_5093.vnnlib,,unsat,1.527492972,CERTIFIED,1,20.0,1.527492972,1.537718782,5.875595735386014,5.82,0,3,,0,,,,18.8,1935.9,completed,0,climb_fsb,829d8c3f5de2ccce099c,scratch/logs/fse2026/climb_fsb/safenlp_2024/e1_829d8c3f5de2ccce099c.log
safenlp_2024,903,perturbations_0.onnx,hyperrectangle_1638.vnnlib,,unsat,0.140421811,CERTIFIED,1,20.0,0.140421811,0.150835471,4.573483804240823,4.55,0,,,0,,,,9.3,1563.4,completed,0,climb_fsb,bf82abe2ada93823f44e,scratch/logs/fse2026/climb_fsb/safenlp_2024/e1_bf82abe2ada93823f44e.log
safenlp_2024,904,perturbations_0.onnx,hyperrectangle_7615.vnnlib,,sat,0.717465967,FALSIFIED,1,20.0,0.717465967,0.727480076,3.8704903796315193,3.83,0,1,,1,False,True,7.452769401616877e-09,17.3,1768.1,completed,0,climb_fsb,9250a0254ec52ed74562,scratch/logs/fse2026/climb_fsb/safenlp_2024/e1_9250a0254ec52ed74562.log
safenlp_2024,905,perturbations_0.onnx,hyperrectangle_582.vnnlib,,unsat,5.243209271,CERTIFIED,1,20.0,5.243209271,5.25369584,7.9280414916574955,7.91,0,212,,0,,,,27.4,2030.1,completed,0,climb_fsb,31f99bbb0253a2f2f6c9,scratch/logs/fse2026/climb_fsb/safenlp_2024/e1_31f99bbb0253a2f2f6c9.log
safenlp_2024,906,perturbations_0.onnx,hyperrectangle_3819.vnnlib,,sat,0.395897599,FALSIFIED,1,20.0,0.395897599,0.406335531,4.778098816052079,4.73,0,1,,1,False,True,5.245906542494794e-09,17.3,1767.3,completed,0,climb_fsb,c3639f927eea1e669a12,scratch/logs/fse2026/climb_fsb/safenlp_2024/e1_c3639f927eea1e669a12.log
safenlp_2024,907,perturbations_0.onnx,hyperrectangle_5325.vnnlib,,sat,0.303462697,FALSIFIED,1,20.0,0.303462697,0.314396782,3.4710885789245367,3.46,0,1,,1,False,True,6.991264345224124e-09,17.3,1765.5,completed,0,climb_fsb,a0b55cc3a869551cbab3,scratch/logs/fse2026/climb_fsb/safenlp_2024/e1_a0b55cc3a869551cbab3.log
safenlp_2024,908,perturbations_0.onnx,hyperrectangle_5161.vnnlib,,sat,0.270458428,FALSIFIED,1,20.0,0.270458428,0.280939152,2.9692498203366995,2.92,0,1,,1,False,True,3.6128443015037703e-09,17.3,1767.6,completed,0,climb_fsb,76bea171f28d56b95684,scratch/logs/fse2026/climb_fsb/safenlp_2024/e1_76bea171f28d56b95684.log
safenlp_2024,909,perturbations_0.onnx,hyperrectangle_2326.vnnlib,,sat,0.253154764,FALSIFIED,1,20.0,0.253154764,0.26355196,2.920551436021924,2.87,0,1,,1,False,True,6.199481178414956e-09,17.3,1766.9,completed,0,climb_fsb,cd08a8a0eebe84a9bcd3,scratch/logs/fse2026/climb_fsb/safenlp_2024/e1_cd08a8a0eebe84a9bcd3.log
safenlp_2024,910,perturbations_0.onnx,hyperrectangle_7213.vnnlib,,sat,0.372082375,FALSIFIED,1,20.0,0.372082375,0.382709948,3.721214320510626,3.71,0,1,,1,False,True,6.136086860841772e-09,17.3,1767.6,completed,0,climb_fsb,dfd630b1ad072e301454,scratch/logs/fse2026/climb_fsb/safenlp_2024/e1_dfd630b1ad072e301454.log
safenlp_2024,911,perturbations_0.onnx,hyperrectangle_1965.vnnlib,,unsat,5.181470159,CERTIFIED,1,20.0,5.181470159,5.191741165,8.480618568137288,8.47,0,925,False,0,,,,51.7,2005.1,completed,0,climb_fsb,60253b4c1a2c62c83718,scratch/logs/fse2026/climb_fsb/safenlp_2024/e1_60253b4c1a2c62c83718.log
safenlp_2024,912,perturbations_0.onnx,hyperrectangle_1656.vnnlib,,unsat,0.112916084,CERTIFIED,1,20.0,0.112916084,0.123176336,3.471476262435317,3.46,0,,,0,,,,9.3,1544.4,completed,0,climb_fsb,553d7b1b933e70e28620,scratch/logs/fse2026/climb_fsb/safenlp_2024/e1_553d7b1b933e70e28620.log
safenlp_2024,913,perturbations_0.onnx,hyperrectangle_2068.vnnlib,,unsat,7.005238943,CERTIFIED,1,20.0,7.005238943,7.015669944,10.733284652233124,10.7,0,1222,False,0,,,,63.1,2003.7,completed,0,climb_fsb,9898cef961d45d89a134,scratch/logs/fse2026/climb_fsb/safenlp_2024/e1_9898cef961d45d89a134.log
safenlp_2024,914,perturbations_0.onnx,hyperrectangle_2292.vnnlib,,unsat,1.493840313,CERTIFIED,1,20.0,1.493840313,1.50440434,6.325510347262025,6.28,0,3,,0,,,,18.8,1941.3,completed,0,climb_fsb,4d0de3a9746bde27eddc,scratch/logs/fse2026/climb_fsb/safenlp_2024/e1_4d0de3a9746bde27eddc.log
safenlp_2024,915,perturbations_0.onnx,hyperrectangle_1832.vnnlib,,sat,0.484129028,FALSIFIED,1,20.0,0.484129028,0.495235026,4.723147792741656,4.67,0,1,,1,False,True,6.391830842389368e-09,17.3,1767.6,completed,0,climb_fsb,66cb26976f1851add534,scratch/logs/fse2026/climb_fsb/safenlp_2024/e1_66cb26976f1851add534.log
safenlp_2024,916,perturbations_0.onnx,hyperrectangle_1029.vnnlib,,unsat,0.127838105,CERTIFIED,1,20.0,0.127838105,0.137969775,2.973088476806879,2.92,0,,,0,,,,9.3,1569.3,completed,0,climb_fsb,cbe783e77b262674f5da,scratch/logs/fse2026/climb_fsb/safenlp_2024/e1_cbe783e77b262674f5da.log
safenlp_2024,917,perturbations_0.onnx,hyperrectangle_1383.vnnlib,,unsat,0.118527215,CERTIFIED,1,20.0,0.118527215,0.129304091,4.621559331193566,4.59,0,,,0,,,,9.3,1548.6,completed,0,climb_fsb,3937116c08a2e5363692,scratch/logs/fse2026/climb_fsb/safenlp_2024/e1_3937116c08a2e5363692.log
safenlp_2024,918,perturbations_0.onnx,hyperrectangle_7557.vnnlib,,sat,0.394876072,FALSIFIED,1,20.0,0.394876072,0.405222412,3.269707938656211,3.25,0,3,,1,False,True,4.085183802349235e-09,18.8,1912.7,completed,0,climb_fsb,46f0624bfb44c8bc48d8,scratch/logs/fse2026/climb_fsb/safenlp_2024/e1_46f0624bfb44c8bc48d8.log
safenlp_2024,919,perturbations_0.onnx,hyperrectangle_5976.vnnlib,,sat,0.33801535,FALSIFIED,1,20.0,0.33801535,0.349101093,3.169711884111166,3.15,0,1,,1,False,True,1.416846484580958e-08,17.3,1784.5,completed,0,climb_fsb,769116bf0e95ecfc43d5,scratch/logs/fse2026/climb_fsb/safenlp_2024/e1_769116bf0e95ecfc43d5.log
safenlp_2024,920,perturbations_0.onnx,hyperrectangle_830.vnnlib,,sat,0.520513169,FALSIFIED,1,20.0,0.520513169,0.531449288,3.3198449797928333,3.31,0,1,,1,False,True,5.451776585729817e-09,17.3,1770.7,completed,0,climb_fsb,bcaa8196a6423fc89815,scratch/logs/fse2026/climb_fsb/safenlp_2024/e1_bcaa8196a6423fc89815.log
safenlp_2024,921,perturbations_0.onnx,hyperrectangle_5064.vnnlib,,sat,0.360022228,FALSIFIED,1,20.0,0.360022228,0.370369991,6.075998587533832,6.02,0,1,,1,False,True,6.174206035325369e-09,17.3,1768.3,completed,0,climb_fsb,34a19bb9f805df18a1a3,scratch/logs/fse2026/climb_fsb/safenlp_2024/e1_34a19bb9f805df18a1a3.log
safenlp_2024,922,perturbations_0.onnx,hyperrectangle_2676.vnnlib,,sat,0.292272054,FALSIFIED,1,20.0,0.292272054,0.303195754,3.1199516989290714,3.07,0,1,,1,False,True,6.40547745400788e-09,17.3,1770.9,completed,0,climb_fsb,b6e71b60ce9332860599,scratch/logs/fse2026/climb_fsb/safenlp_2024/e1_b6e71b60ce9332860599.log
safenlp_2024,923,perturbations_0.onnx,hyperrectangle_2679.vnnlib,,unsat,0.63782859,CERTIFIED,1,20.0,0.63782859,0.648141386,3.419873943552375,3.39,0,16,,0,,,,20.2,2014.9,completed,0,climb_fsb,5abc3987918e09ffd8cb,scratch/logs/fse2026/climb_fsb/safenlp_2024/e1_5abc3987918e09ffd8cb.log
safenlp_2024,924,perturbations_0.onnx,hyperrectangle_2191.vnnlib,,sat,0.325085655,FALSIFIED,1,20.0,0.325085655,0.335344611,5.273833842948079,5.22,0,1,,1,False,True,6.122240492345554e-09,17.3,1790.9,completed,0,climb_fsb,06594a19d310846af9fc,scratch/logs/fse2026/climb_fsb/safenlp_2024/e1_06594a19d310846af9fc.log
safenlp_2024,925,perturbations_0.onnx,hyperrectangle_592.vnnlib,,unsat,0.126087245,CERTIFIED,1,20.0,0.126087245,0.136488982,3.521521396934986,3.47,0,,,0,,,,9.3,1546.3,completed,0,climb_fsb,72e7c7aaee1905f452f1,scratch/logs/fse2026/climb_fsb/safenlp_2024/e1_72e7c7aaee1905f452f1.log
safenlp_2024,926,perturbations_0.onnx,hyperrectangle_6827.vnnlib,,sat,0.367311124,FALSIFIED,1,20.0,0.367311124,0.377517233,3.7207313254475594,3.68,0,1,,1,False,True,5.193546925852388e-09,17.3,1767.3,completed,0,climb_fsb,4e20bc0d27dbe45bebfa,scratch/logs/fse2026/climb_fsb/safenlp_2024/e1_4e20bc0d27dbe45bebfa.log
safenlp_2024,927,perturbations_0.onnx,hyperrectangle_1105.vnnlib,,sat,0.306525804,FALSIFIED,1,20.0,0.306525804,0.316897189,3.669930411502719,3.64,0,1,,1,False,True,5.537407532507643e-09,17.3,1769.7,completed,0,climb_fsb,63bc2748ffbe1546539b,scratch/logs/fse2026/climb_fsb/safenlp_2024/e1_63bc2748ffbe1546539b.log
safenlp_2024,928,perturbations_0.onnx,hyperrectangle_2553.vnnlib,,unsat,0.126021506,CERTIFIED,1,20.0,0.126021506,0.136064921,2.8704981580376625,2.83,0,,,0,,,,9.3,1550.3,completed,0,climb_fsb,0c35c1d10295f7b6cb88,scratch/logs/fse2026/climb_fsb/safenlp_2024/e1_0c35c1d10295f7b6cb88.log
safenlp_2024,929,perturbations_0.onnx,hyperrectangle_3946.vnnlib,,sat,0.867164277,FALSIFIED,1,20.0,0.867164277,0.877747448,4.021505557000637,4.0,0,1,,1,False,True,7.3640287201470755e-09,17.3,1767.5,completed,0,climb_fsb,68c1f78b13589a0fea98,scratch/logs/fse2026/climb_fsb/safenlp_2024/e1_68c1f78b13589a0fea98.log
safenlp_2024,930,perturbations_0.onnx,hyperrectangle_3512.vnnlib,,unsat,1.435875516,CERTIFIED,1,20.0,1.435875516,1.446201419,18.146626003086567,18.1,0,5,,0,,,,18.8,1978.5,completed,0,climb_fsb,aa036d1d9383c604489c,scratch/logs/fse2026/climb_fsb/safenlp_2024/e1_aa036d1d9383c604489c.log
safenlp_2024,931,perturbations_0.onnx,hyperrectangle_1759.vnnlib,,sat,0.370793803,FALSIFIED,1,20.0,0.370793803,0.381386742,6.275223923847079,6.23,0,1,,1,False,True,1.2886054723271201e-08,17.3,1767.4,completed,0,climb_fsb,4e0decb73c223bfe3bc5,scratch/logs/fse2026/climb_fsb/safenlp_2024/e1_4e0decb73c223bfe3bc5.log
safenlp_2024,932,perturbations_0.onnx,hyperrectangle_4420.vnnlib,,unsat,3.365787312,CERTIFIED,1,20.0,3.365787312,3.375846241,6.776828335598111,6.77,0,277,,0,,,,31.7,2000.0,completed,0,climb_fsb,92eefd1e08739f4e6ae5,scratch/logs/fse2026/climb_fsb/safenlp_2024/e1_92eefd1e08739f4e6ae5.log
safenlp_2024,933,perturbations_0.onnx,hyperrectangle_1301.vnnlib,,unsat,0.115161596,CERTIFIED,1,20.0,0.115161596,0.125147091,2.869450667873025,2.84,0,,,0,,,,9.3,1550.3,completed,0,climb_fsb,8c7a07d56d611ea5519b,scratch/logs/fse2026/climb_fsb/safenlp_2024/e1_8c7a07d56d611ea5519b.log
safenlp_2024,934,perturbations_0.onnx,hyperrectangle_275.vnnlib,,unsat,0.112139482,CERTIFIED,1,20.0,0.112139482,0.122188829,3.5715239383280277,3.53,0,,,0,,,,9.3,1544.6,completed,0,climb_fsb,a4103a9093da697796fa,scratch/logs/fse2026/climb_fsb/safenlp_2024/e1_a4103a9093da697796fa.log
safenlp_2024,935,perturbations_0.onnx,hyperrectangle_7117.vnnlib,,sat,1.010408204,FALSIFIED,1,20.0,1.010408204,1.020949602,5.4226688873022795,5.38,0,1,,1,False,True,1.449553693744221e-08,17.3,1768.4,completed,0,climb_fsb,ac6efeab86f540aa9649,scratch/logs/fse2026/climb_fsb/safenlp_2024/e1_ac6efeab86f540aa9649.log
safenlp_2024,936,perturbations_0.onnx,hyperrectangle_522.vnnlib,,sat,1.330706403,FALSIFIED,1,20.0,1.330706403,1.34120463,6.175647612661123,6.14,0,1,,1,False,True,1.4860842778574579e-08,17.3,1767.6,completed,0,climb_fsb,25148e436f917dd485a4,scratch/logs/fse2026/climb_fsb/safenlp_2024/e1_25148e436f917dd485a4.log
safenlp_2024,937,perturbations_0.onnx,hyperrectangle_2124.vnnlib,,unsat,11.088253036,CERTIFIED,1,20.0,11.088253036,11.098362872,21.45604850910604,21.41,1,6529,False,0,,,,197.7,2007.6,completed,0,climb_fsb,088679257e338c0b7843,scratch/logs/fse2026/climb_fsb/safenlp_2024/e1_088679257e338c0b7843.log
safenlp_2024,938,perturbations_0.onnx,hyperrectangle_2216.vnnlib,,unknown,20.042237772,UNKNOWN,0,20.0,20.042237772,20.052611645,23.358939887955785,23.35,1,13794,False,0,,,,376.5,2017.6,completed,0,climb_fsb,fefb73aa482717feae1e,scratch/logs/fse2026/climb_fsb/safenlp_2024/e1_fefb73aa482717feae1e.log
safenlp_2024,939,perturbations_0.onnx,hyperrectangle_1373.vnnlib,,unsat,0.144318728,CERTIFIED,1,20.0,0.144318728,0.154656563,4.021316517144442,3.98,0,,,0,,,,9.3,1588.5,completed,0,climb_fsb,813a404b97def61804d5,scratch/logs/fse2026/climb_fsb/safenlp_2024/e1_813a404b97def61804d5.log
safenlp_2024,940,perturbations_0.onnx,hyperrectangle_259.vnnlib,,sat,0.426757684,FALSIFIED,1,20.0,0.426757684,0.437085904,3.220403866842389,3.19,0,3,,1,False,True,7.153023423578375e-09,18.8,1912.5,completed,0,climb_fsb,da791c7cc8b7c9e3959f,scratch/logs/fse2026/climb_fsb/safenlp_2024/e1_da791c7cc8b7c9e3959f.log
safenlp_2024,941,perturbations_0.onnx,hyperrectangle_500.vnnlib,,unsat,0.135822656,CERTIFIED,1,20.0,0.135822656,0.146044003,2.869175937026739,2.82,0,,,0,,,,9.3,1569.1,completed,0,climb_fsb,e11e37442640f2c8ae12,scratch/logs/fse2026/climb_fsb/safenlp_2024/e1_e11e37442640f2c8ae12.log
safenlp_2024,942,perturbations_0.onnx,hyperrectangle_621.vnnlib,,unsat,0.561319977,CERTIFIED,1,20.0,0.561319977,0.571555536,6.225316923111677,6.2,0,3,,0,,,,18.8,1938.7,completed,0,climb_fsb,fc2782e2faaa3a1db207,scratch/logs/fse2026/climb_fsb/safenlp_2024/e1_fc2782e2faaa3a1db207.log
safenlp_2024,943,perturbations_0.onnx,hyperrectangle_1320.vnnlib,,unsat,1.111512927,CERTIFIED,1,20.0,1.111512927,1.121912865,4.372200645506382,4.33,0,30,,0,,,,20.3,2015.5,completed,0,climb_fsb,e490e979acbc9de9f8d9,scratch/logs/fse2026/climb_fsb/safenlp_2024/e1_e490e979acbc9de9f8d9.log
safenlp_2024,944,perturbations_0.onnx,hyperrectangle_2883.vnnlib,,unsat,2.879282637,CERTIFIED,1,20.0,2.879282637,2.889709752,6.2754206992685795,6.25,0,461,False,0,,,,44.5,2011.3,completed,0,climb_fsb,5449c0aaaa66ef4e36a7,scratch/logs/fse2026/climb_fsb/safenlp_2024/e1_5449c0aaaa66ef4e36a7.log
safenlp_2024,945,perturbations_0.onnx,hyperrectangle_3514.vnnlib,,unsat,2.047137795,CERTIFIED,1,20.0,2.047137795,2.067102751,4.77373880520463,4.74,0,251,False,0,,,,33.1,2001.4,completed,0,climb_fsb,47d560f46027c8b6e2ae,scratch/logs/fse2026/climb_fsb/safenlp_2024/e1_47d560f46027c8b6e2ae.log
safenlp_2024,946,perturbations_0.onnx,hyperrectangle_6088.vnnlib,,sat,0.352030283,FALSIFIED,1,20.0,0.352030283,0.36241214,5.274279788136482,5.24,0,1,,1,False,True,4.5066000375904025e-09,17.3,1768.5,completed,0,climb_fsb,f7a55ab49513fbc4f305,scratch/logs/fse2026/climb_fsb/safenlp_2024/e1_f7a55ab49513fbc4f305.log
safenlp_2024,947,perturbations_0.onnx,hyperrectangle_2115.vnnlib,,sat,0.328455992,FALSIFIED,1,20.0,0.328455992,0.338923758,3.020649205893278,2.99,0,1,,1,False,True,5.304806066641632e-09,17.3,1767.6,completed,0,climb_fsb,f79f27d84d145fa386b7,scratch/logs/fse2026/climb_fsb/safenlp_2024/e1_f79f27d84d145fa386b7.log
safenlp_2024,948,perturbations_0.onnx,hyperrectangle_1366.vnnlib,,unsat,0.125074496,CERTIFIED,1,20.0,0.125074496,0.135573259,2.870793003588915,2.84,0,,,0,,,,9.3,1547.5,completed,0,climb_fsb,bf6a53fb707b44f10094,scratch/logs/fse2026/climb_fsb/safenlp_2024/e1_bf6a53fb707b44f10094.log
safenlp_2024,949,perturbations_0.onnx,hyperrectangle_2797.vnnlib,,sat,0.62106608,FALSIFIED,1,20.0,0.62106608,0.63136694,8.13190707191825,8.11,0,1,,1,False,True,5.770324745801858e-09,17.3,1767.1,completed,0,climb_fsb,1edbf6a36d0b6f25e9e0,scratch/logs/fse2026/climb_fsb/safenlp_2024/e1_1edbf6a36d0b6f25e9e0.log
safenlp_2024,950,perturbations_0.onnx,hyperrectangle_7572.vnnlib,,sat,0.364333736,FALSIFIED,1,20.0,0.364333736,0.37414963,3.6215543802827597,3.6,0,1,,1,False,True,5.364374944250017e-09,17.3,1766.9,completed,0,climb_fsb,ab1ef770180693c9f8b1,scratch/logs/fse2026/climb_fsb/safenlp_2024/e1_ab1ef770180693c9f8b1.log
safenlp_2024,951,perturbations_0.onnx,hyperrectangle_2269.vnnlib,,sat,0.746597061,FALSIFIED,1,20.0,0.746597061,0.7569921,3.520007820799947,3.5,0,1,,1,False,True,5.893206117546512e-09,17.3,1770.2,completed,0,climb_fsb,a37943652dc70a10b143,scratch/logs/fse2026/climb_fsb/safenlp_2024/e1_a37943652dc70a10b143.log
safenlp_2024,952,perturbations_0.onnx,hyperrectangle_5744.vnnlib,,sat,0.930245467,FALSIFIED,1,20.0,0.930245467,0.940413175,4.021204877644777,3.98,0,3,,1,False,True,6.651570405580287e-09,18.8,1918.8,completed,0,climb_fsb,c0154d4114e8e3ab841f,scratch/logs/fse2026/climb_fsb/safenlp_2024/e1_c0154d4114e8e3ab841f.log
safenlp_2024,953,perturbations_0.onnx,hyperrectangle_5628.vnnlib,,sat,0.285735,FALSIFIED,1,20.0,0.285735,0.296056643,3.019875267520547,2.99,0,1,,1,False,True,6.754934639419119e-09,17.3,1765.7,completed,0,climb_fsb,7e324a742a1d6bdee2fe,scratch/logs/fse2026/climb_fsb/safenlp_2024/e1_7e324a742a1d6bdee2fe.log
safenlp_2024,954,perturbations_0.onnx,hyperrectangle_1541.vnnlib,,sat,0.335298894,FALSIFIED,1,20.0,0.335298894,0.345849903,6.275248246267438,6.25,0,1,,1,False,True,8.009136964748365e-09,17.3,1768.3,completed,0,climb_fsb,c221da9f5827b743db72,scratch/logs/fse2026/climb_fsb/safenlp_2024/e1_c221da9f5827b743db72.log
safenlp_2024,955,perturbations_0.onnx,hyperrectangle_275.vnnlib,,sat,0.347820591,FALSIFIED,1,20.0,0.347820591,0.358334919,3.019697455689311,2.97,0,1,,1,False,True,1.0067441214012263e-08,17.3,1772.6,completed,0,climb_fsb,95afd924cf088c57c996,scratch/logs/fse2026/climb_fsb/safenlp_2024/e1_95afd924cf088c57c996.log
safenlp_2024,956,perturbations_0.onnx,hyperrectangle_7743.vnnlib,,sat,0.389231196,FALSIFIED,1,20.0,0.389231196,0.399325063,3.77103122882545,3.74,0,1,,1,False,True,5.576983402866276e-09,17.3,1781.9,completed,0,climb_fsb,5d05e08ee5f26d9a1781,scratch/logs/fse2026/climb_fsb/safenlp_2024/e1_5d05e08ee5f26d9a1781.log
safenlp_2024,957,perturbations_0.onnx,hyperrectangle_2987.vnnlib,,unsat,5.794433258,CERTIFIED,1,20.0,5.794433258,5.804719543,10.331537051126361,10.3,0,678,False,0,,,,41.0,1998.7,completed,0,climb_fsb,5c985e4a76546f2c892f,scratch/logs/fse2026/climb_fsb/safenlp_2024/e1_5c985e4a76546f2c892f.log
safenlp_2024,958,perturbations_0.onnx,hyperrectangle_6963.vnnlib,,sat,0.480061874,FALSIFIED,1,20.0,0.480061874,0.490268949,3.2214681189507246,3.18,0,7,,1,False,True,4.3218119083476836e-09,20.2,1946.8,completed,0,climb_fsb,77e3a78379a11571595e,scratch/logs/fse2026/climb_fsb/safenlp_2024/e1_77e3a78379a11571595e.log
safenlp_2024,959,perturbations_0.onnx,hyperrectangle_2659.vnnlib,,sat,0.32634891,FALSIFIED,1,20.0,0.32634891,0.336652353,5.574286200106144,5.54,0,1,,1,False,True,2.6902934879835527e-09,17.3,1784.5,completed,0,climb_fsb,4d87afbc32d3b654fcda,scratch/logs/fse2026/climb_fsb/safenlp_2024/e1_4d87afbc32d3b654fcda.log
safenlp_2024,960,perturbations_0.onnx,hyperrectangle_6315.vnnlib,,sat,0.754861923,FALSIFIED,1,20.0,0.754861923,0.765540801,4.275101171806455,4.24,0,1,,1,False,True,8.81925987794574e-09,17.3,1765.7,completed,0,climb_fsb,6c19e00231aa15ed5fe0,scratch/logs/fse2026/climb_fsb/safenlp_2024/e1_6c19e00231aa15ed5fe0.log
safenlp_2024,961,perturbations_0.onnx,hyperrectangle_2361.vnnlib,,sat,0.305162396,FALSIFIED,1,20.0,0.305162396,0.315459885,3.020061794668436,3.01,0,1,,1,False,True,7.432165882725883e-09,17.3,1767.7,completed,0,climb_fsb,73167e25c0ce55aadd94,scratch/logs/fse2026/climb_fsb/safenlp_2024/e1_73167e25c0ce55aadd94.log
safenlp_2024,962,perturbations_0.onnx,hyperrectangle_3371.vnnlib,,sat,1.3427749,FALSIFIED,1,20.0,1.3427749,1.353495253,5.9276198130100965,5.9,0,1,,1,False,True,9.200568307221602e-09,17.3,1790.6,completed,0,climb_fsb,971eb02772cbf429c6bf,scratch/logs/fse2026/climb_fsb/safenlp_2024/e1_971eb02772cbf429c6bf.log
safenlp_2024,963,perturbations_0.onnx,hyperrectangle_5329.vnnlib,,sat,0.350391151,FALSIFIED,1,20.0,0.350391151,0.362196952,3.11961661092937,3.07,0,1,,1,False,True,6.64391577864798e-09,17.3,1801.7,completed,0,climb_fsb,d7b76f8e459d02235a1d,scratch/logs/fse2026/climb_fsb/safenlp_2024/e1_d7b76f8e459d02235a1d.log
safenlp_2024,964,perturbations_0.onnx,hyperrectangle_941.vnnlib,,unsat,0.152345134,CERTIFIED,1,20.0,0.152345134,0.162453212,4.8230067528784275,4.79,0,,,0,,,,9.3,1569.1,completed,0,climb_fsb,95655129d2cba96f3d0c,scratch/logs/fse2026/climb_fsb/safenlp_2024/e1_95655129d2cba96f3d0c.log
safenlp_2024,965,perturbations_0.onnx,hyperrectangle_427.vnnlib,,unsat,4.957774365,CERTIFIED,1,20.0,4.957774365,4.96880951,7.676989270374179,7.64,0,1082,False,0,,,,66.0,1995.8,completed,0,climb_fsb,d004545a1d095b27a033,scratch/logs/fse2026/climb_fsb/safenlp_2024/e1_d004545a1d095b27a033.log
safenlp_2024,966,perturbations_0.onnx,hyperrectangle_4990.vnnlib,,unsat,1.902956894,CERTIFIED,1,20.0,1.902956894,1.913220104,4.623011400923133,4.58,0,126,False,0,,,,25.9,2016.3,completed,0,climb_fsb,b937b63ec1d5e44689aa,scratch/logs/fse2026/climb_fsb/safenlp_2024/e1_b937b63ec1d5e44689aa.log
safenlp_2024,967,perturbations_0.onnx,hyperrectangle_1667.vnnlib,,unsat,0.126931878,CERTIFIED,1,20.0,0.126931878,0.13707987,4.371771791949868,4.32,0,,,0,,,,9.3,1552.1,completed,0,climb_fsb,0103cb95633e4f9ed171,scratch/logs/fse2026/climb_fsb/safenlp_2024/e1_0103cb95633e4f9ed171.log
safenlp_2024,968,perturbations_0.onnx,hyperrectangle_2311.vnnlib,,unsat,9.266910711,CERTIFIED,1,20.0,9.266910711,9.277277559,13.340462740510702,13.33,0,7149,False,0,,,,221.9,2005.4,completed,0,climb_fsb,b38299128bdca325e23f,scratch/logs/fse2026/climb_fsb/safenlp_2024/e1_b38299128bdca325e23f.log
safenlp_2024,969,perturbations_0.onnx,hyperrectangle_853.vnnlib,,sat,0.445276642,FALSIFIED,1,20.0,0.445276642,0.455498438,3.7715503852814436,3.74,0,3,,1,False,True,4.055559027493771e-09,18.8,1914.8,completed,0,climb_fsb,8721fd0e52c5823dc52f,scratch/logs/fse2026/climb_fsb/safenlp_2024/e1_8721fd0e52c5823dc52f.log
safenlp_2024,970,perturbations_0.onnx,hyperrectangle_178.vnnlib,,unknown,20.14772244,UNKNOWN,0,20.0,20.14772244,20.157831619,22.905013734474778,22.88,1,2824,False,0,,,,111.1,2003.0,completed,0,climb_fsb,142a852b78f29657e10a,scratch/logs/fse2026/climb_fsb/safenlp_2024/e1_142a852b78f29657e10a.log
safenlp_2024,971,perturbations_0.onnx,hyperrectangle_5998.vnnlib,,unknown,20.105142815,UNKNOWN,0,20.0,20.105142815,20.11481417,46.39672729931772,46.36,1,3652,False,0,,,,381.3,2008.2,completed,0,climb_fsb,0e77798ebe0d2a6d6940,scratch/logs/fse2026/climb_fsb/safenlp_2024/e1_0e77798ebe0d2a6d6940.log
safenlp_2024,972,perturbations_0.onnx,hyperrectangle_1560.vnnlib,,sat,0.376998467,FALSIFIED,1,20.0,0.376998467,0.387408748,4.121562397107482,4.07,0,1,,1,False,True,7.132328949666089e-09,17.3,1770.7,completed,0,climb_fsb,7db8b217d7e452d01c3d,scratch/logs/fse2026/climb_fsb/safenlp_2024/e1_7db8b217d7e452d01c3d.log
safenlp_2024,973,perturbations_0.onnx,hyperrectangle_2866.vnnlib,,unsat,2.295787677,CERTIFIED,1,20.0,2.295787677,2.305931494,6.475370338186622,6.47,0,47,,0,,,,23.1,2006.5,completed,0,climb_fsb,d2e43bfad6d0d4ecd471,scratch/logs/fse2026/climb_fsb/safenlp_2024/e1_d2e43bfad6d0d4ecd471.log
safenlp_2024,974,perturbations_0.onnx,hyperrectangle_2219.vnnlib,,sat,1.354604097,FALSIFIED,1,20.0,1.354604097,1.364874488,5.728536913171411,5.71,0,1,,1,False,True,3.520135322121476e-09,17.3,1765.6,completed,0,climb_fsb,639e28bee690b3971731,scratch/logs/fse2026/climb_fsb/safenlp_2024/e1_639e28bee690b3971731.log
safenlp_2024,975,perturbations_0.onnx,hyperrectangle_5771.vnnlib,,unsat,6.910176035,CERTIFIED,1,20.0,6.910176035,6.920713043,27.766822131350636,27.74,1,121,False,0,,,,33.1,2001.5,completed,0,climb_fsb,cd9337b2e189fdb8bd4b,scratch/logs/fse2026/climb_fsb/safenlp_2024/e1_cd9337b2e189fdb8bd4b.log
safenlp_2024,976,perturbations_0.onnx,hyperrectangle_7246.vnnlib,,unsat,4.483777763,CERTIFIED,1,20.0,4.483777763,4.494092679,18.396648816764355,18.38,0,819,False,0,,,,63.8,1994.4,completed,0,climb_fsb,bbff81bc76512983becf,scratch/logs/fse2026/climb_fsb/safenlp_2024/e1_bbff81bc76512983becf.log
safenlp_2024,977,perturbations_0.onnx,hyperrectangle_6559.vnnlib,,sat,0.339569721,FALSIFIED,1,20.0,0.339569721,0.351522679,3.269014472141862,3.23,0,1,,1,False,True,6.490000759029613e-09,17.3,1768.1,completed,0,climb_fsb,3c22d14a0caa35bbdafa,scratch/logs/fse2026/climb_fsb/safenlp_2024/e1_3c22d14a0caa35bbdafa.log
safenlp_2024,978,perturbations_0.onnx,hyperrectangle_6880.vnnlib,,sat,0.279422032,FALSIFIED,1,20.0,0.279422032,0.289807545,5.37506277859211,5.33,0,1,,1,False,True,3.460265143861996e-09,17.3,1765.2,completed,0,climb_fsb,a9de96d716d761e3288a,scratch/logs/fse2026/climb_fsb/safenlp_2024/e1_a9de96d716d761e3288a.log
safenlp_2024,979,perturbations_0.onnx,hyperrectangle_202.vnnlib,,unsat,0.113634693,CERTIFIED,1,20.0,0.113634693,0.124216428,3.5205626972019672,3.5,0,,,0,,,,9.3,1545.7,completed,0,climb_fsb,eb6aaacdc6f88273bd58,scratch/logs/fse2026/climb_fsb/safenlp_2024/e1_eb6aaacdc6f88273bd58.log
safenlp_2024,980,perturbations_0.onnx,hyperrectangle_4404.vnnlib,,unsat,0.113962391,CERTIFIED,1,20.0,0.113962391,0.125046235,2.9187578186392784,2.87,0,,,0,,,,9.3,1546.4,completed,0,climb_fsb,3cf6d0bc707021643f94,scratch/logs/fse2026/climb_fsb/safenlp_2024/e1_3cf6d0bc707021643f94.log
safenlp_2024,981,perturbations_0.onnx,hyperrectangle_1843.vnnlib,,sat,0.334254304,FALSIFIED,1,20.0,0.334254304,0.345231654,3.424014998599887,3.38,0,1,,1,False,True,4.7108189571432035e-09,17.3,1767.2,completed,0,climb_fsb,a204b06e548d9307942d,scratch/logs/fse2026/climb_fsb/safenlp_2024/e1_a204b06e548d9307942d.log
safenlp_2024,982,perturbations_0.onnx,hyperrectangle_3308.vnnlib,,unsat,7.142371196,CERTIFIED,1,20.0,7.142371196,7.153426671,13.687840485945344,13.67,0,3271,False,0,,,,196.9,1998.5,completed,0,climb_fsb,c40d712b3e5f5675a758,scratch/logs/fse2026/climb_fsb/safenlp_2024/e1_c40d712b3e5f5675a758.log
safenlp_2024,983,perturbations_0.onnx,hyperrectangle_289.vnnlib,,sat,0.396152068,FALSIFIED,1,20.0,0.396152068,0.407014029,3.770649775862694,3.72,0,1,,1,False,True,2.7111719119732314e-09,17.3,1767.0,completed,0,climb_fsb,097656bda39b16ca0ac6,scratch/logs/fse2026/climb_fsb/safenlp_2024/e1_097656bda39b16ca0ac6.log
safenlp_2024,984,perturbations_0.onnx,hyperrectangle_616.vnnlib,,unsat,0.113669267,CERTIFIED,1,20.0,0.113669267,0.124704821,3.1724255960434675,3.15,0,,,0,,,,9.3,1546.3,completed,0,climb_fsb,c367b63a2bb9fc15a432,scratch/logs/fse2026/climb_fsb/safenlp_2024/e1_c367b63a2bb9fc15a432.log
safenlp_2024,985,perturbations_0.onnx,hyperrectangle_5507.vnnlib,,sat,0.523796163,FALSIFIED,1,20.0,0.523796163,0.534604875,3.5209811199456453,3.48,0,15,,1,False,True,7.36505145759736e-09,23.1,1950.7,completed,0,climb_fsb,4ec4f5dc214e902c0cdc,scratch/logs/fse2026/climb_fsb/safenlp_2024/e1_4ec4f5dc214e902c0cdc.log
safenlp_2024,986,perturbations_0.onnx,hyperrectangle_1163.vnnlib,,sat,0.324063767,FALSIFIED,1,20.0,0.324063767,0.334122837,4.020944679155946,3.97,0,1,,1,False,True,3.020126579378335e-09,17.3,1781.8,completed,0,climb_fsb,d552e0738029430dbfd4,scratch/logs/fse2026/climb_fsb/safenlp_2024/e1_d552e0738029430dbfd4.log
safenlp_2024,987,perturbations_0.onnx,hyperrectangle_7120.vnnlib,,unsat,0.445450984,CERTIFIED,1,20.0,0.445450984,0.456563426,4.778865249827504,4.74,0,5,,0,,,,18.8,1973.7,completed,0,climb_fsb,1ab037078f142e8f4b63,scratch/logs/fse2026/climb_fsb/safenlp_2024/e1_1ab037078f142e8f4b63.log
safenlp_2024,988,perturbations_0.onnx,hyperrectangle_670.vnnlib,,sat,0.470679181,FALSIFIED,1,20.0,0.470679181,0.482922472,5.824732547625899,5.81,0,1,,1,False,True,2.3237262808395442e-09,17.3,1772.8,completed,0,climb_fsb,dac0e4a0921213785798,scratch/logs/fse2026/climb_fsb/safenlp_2024/e1_dac0e4a0921213785798.log
safenlp_2024,989,perturbations_0.onnx,hyperrectangle_2838.vnnlib,,unsat,0.976749875,CERTIFIED,1,20.0,0.976749875,0.98752938,3.7211235519498587,3.69,0,147,False,0,,,,38.8,2015.1,completed,0,climb_fsb,52a14b6e5a048ab8278a,scratch/logs/fse2026/climb_fsb/safenlp_2024/e1_52a14b6e5a048ab8278a.log
safenlp_2024,990,perturbations_0.onnx,hyperrectangle_5769.vnnlib,,unsat,10.431403629,CERTIFIED,1,20.0,10.431403629,10.442013925,13.738181706517935,13.72,0,4660,False,0,,,,140.4,2008.7,completed,0,climb_fsb,5a00787ba7f165dcb71b,scratch/logs/fse2026/climb_fsb/safenlp_2024/e1_5a00787ba7f165dcb71b.log
safenlp_2024,991,perturbations_0.onnx,hyperrectangle_1627.vnnlib,,unsat,0.114944611,CERTIFIED,1,20.0,0.114944611,0.125490304,4.823239579796791,4.77,0,,,0,,,,9.3,1546.4,completed,0,climb_fsb,e52f3d9737804a883c06,scratch/logs/fse2026/climb_fsb/safenlp_2024/e1_e52f3d9737804a883c06.log
safenlp_2024,992,perturbations_0.onnx,hyperrectangle_4782.vnnlib,,sat,0.775977204,FALSIFIED,1,20.0,0.775977204,0.786425024,4.120821867138147,4.09,0,1,,1,False,True,2.719210023816032e-09,17.3,1767.4,completed,0,climb_fsb,0798fc04b2a75f841d87,scratch/logs/fse2026/climb_fsb/safenlp_2024/e1_0798fc04b2a75f841d87.log
safenlp_2024,993,perturbations_0.onnx,hyperrectangle_5351.vnnlib,,sat,0.320561245,FALSIFIED,1,20.0,0.320561245,0.331344845,3.4699805937707424,3.42,0,1,,1,False,True,6.610299002618447e-09,17.3,1794.8,completed,0,climb_fsb,bd4660992f7b0acd102d,scratch/logs/fse2026/climb_fsb/safenlp_2024/e1_bd4660992f7b0acd102d.log
safenlp_2024,994,perturbations_0.onnx,hyperrectangle_7568.vnnlib,,sat,1.308125744,FALSIFIED,1,20.0,1.308125744,1.3184474,6.074768932536244,6.04,0,1,,1,False,True,1.0589961463303155e-08,17.3,1767.5,completed,0,climb_fsb,870071ccb533f821b64b,scratch/logs/fse2026/climb_fsb/safenlp_2024/e1_870071ccb533f821b64b.log
safenlp_2024,995,perturbations_0.onnx,hyperrectangle_4030.vnnlib,,unsat,0.595086964,CERTIFIED,1,20.0,0.595086964,0.605206674,5.07344588637352,5.02,0,3,,0,,,,18.8,1933.2,completed,0,climb_fsb,e5b0b934e51c6f5a49fd,scratch/logs/fse2026/climb_fsb/safenlp_2024/e1_e5b0b934e51c6f5a49fd.log
safenlp_2024,996,perturbations_0.onnx,hyperrectangle_2300.vnnlib,,unknown,20.659991287,UNKNOWN,0,20.0,20.659991287,20.670332242,23.358306823298335,23.31,1,17245,False,0,,,,750.7,2060.3,completed,0,climb_fsb,615c5b007149b0033665,scratch/logs/fse2026/climb_fsb/safenlp_2024/e1_615c5b007149b0033665.log
safenlp_2024,997,perturbations_0.onnx,hyperrectangle_7753.vnnlib,,sat,0.657470705,FALSIFIED,1,20.0,0.657470705,0.667659221,3.420576563104987,3.39,0,1,,1,False,True,6.672645574967717e-09,17.3,1772.6,completed,0,climb_fsb,831f42900c2eac49b404,scratch/logs/fse2026/climb_fsb/safenlp_2024/e1_831f42900c2eac49b404.log
safenlp_2024,998,perturbations_0.onnx,hyperrectangle_632.vnnlib,,unsat,1.458080223,CERTIFIED,1,20.0,1.458080223,1.468507048,4.274524509906769,4.26,0,337,False,0,,,,45.2,2018.7,completed,0,climb_fsb,936b001849e59b5076b1,scratch/logs/fse2026/climb_fsb/safenlp_2024/e1_936b001849e59b5076b1.log
safenlp_2024,999,perturbations_0.onnx,hyperrectangle_5564.vnnlib,,unsat,2.856198525,CERTIFIED,1,20.0,2.856198525,2.866543589,7.731264661997557,7.72,0,425,False,0,,,,41.0,2002.8,completed,0,climb_fsb,d82b4bc35b051e29b6c8,scratch/logs/fse2026/climb_fsb/safenlp_2024/e1_d82b4bc35b051e29b6c8.log
safenlp_2024,1000,perturbations_0.onnx,hyperrectangle_4207.vnnlib,,sat,0.312534228,FALSIFIED,1,20.0,0.312534228,0.323235864,3.070431997999549,3.02,0,1,,1,False,True,1.4163192896265997e-08,17.3,1767.4,completed,0,climb_fsb,b671cbe0c579e13728f5,scratch/logs/fse2026/climb_fsb/safenlp_2024/e1_b671cbe0c579e13728f5.log
safenlp_2024,1001,perturbations_0.onnx,hyperrectangle_1533.vnnlib,,sat,0.370809518,FALSIFIED,1,20.0,0.370809518,0.381900476,3.1703875083476305,3.14,0,1,,1,False,True,6.751558950801595e-09,17.3,1767.9,completed,0,climb_fsb,a75ef6d089a68c8c2ad7,scratch/logs/fse2026/climb_fsb/safenlp_2024/e1_a75ef6d089a68c8c2ad7.log
safenlp_2024,1002,perturbations_0.onnx,hyperrectangle_17.vnnlib,,unsat,0.112207333,CERTIFIED,1,20.0,0.112207333,0.122504836,5.823617901653051,5.81,0,,,0,,,,9.3,1546.0,completed,0,climb_fsb,94dae899df2928381124,scratch/logs/fse2026/climb_fsb/safenlp_2024/e1_94dae899df2928381124.log
safenlp_2024,1003,perturbations_0.onnx,hyperrectangle_335.vnnlib,,sat,1.17401283,FALSIFIED,1,20.0,1.17401283,1.184463948,4.673209393396974,4.66,0,164,,1,False,True,1.2040317076689178e-08,45.2,2001.3,completed,0,climb_fsb,d8e831f5f60a4765fb63,scratch/logs/fse2026/climb_fsb/safenlp_2024/e1_d8e831f5f60a4765fb63.log
safenlp_2024,1004,perturbations_0.onnx,hyperrectangle_430.vnnlib,,sat,0.380474048,FALSIFIED,1,20.0,0.380474048,0.390103212,3.671412531286478,3.63,0,1,,1,False,True,5.62876270593371e-09,17.3,1795.3,completed,0,climb_fsb,00e1755d41035a8018ac,scratch/logs/fse2026/climb_fsb/safenlp_2024/e1_00e1755d41035a8018ac.log
safenlp_2024,1005,perturbations_0.onnx,hyperrectangle_512.vnnlib,,unsat,18.815258358,CERTIFIED,1,20.0,18.815258358,18.825647252,22.21165190450847,22.19,1,18663,False,0,,,,436.5,2042.8,completed,0,climb_fsb,31e39208db9489511e24,scratch/logs/fse2026/climb_fsb/safenlp_2024/e1_31e39208db9489511e24.log
safenlp_2024,1006,perturbations_0.onnx,hyperrectangle_1675.vnnlib,,sat,0.385313716,FALSIFIED,1,20.0,0.385313716,0.396046355,3.7708269972354174,3.73,0,1,,1,False,True,8.627076386602539e-09,17.3,1802.1,completed,0,climb_fsb,5b855326c771b37ebb40,scratch/logs/fse2026/climb_fsb/safenlp_2024/e1_5b855326c771b37ebb40.log
safenlp_2024,1007,perturbations_0.onnx,hyperrectangle_7724.vnnlib,,sat,0.424716936,FALSIFIED,1,20.0,0.424716936,0.435517417,3.6216917727142572,3.6,0,1,,1,False,True,6.1931911266022155e-09,17.3,1809.7,completed,0,climb_fsb,b9b6d8f704b24d9f40b0,scratch/logs/fse2026/climb_fsb/safenlp_2024/e1_b9b6d8f704b24d9f40b0.log
safenlp_2024,1008,perturbations_0.onnx,hyperrectangle_997.vnnlib,,unsat,0.441149075,CERTIFIED,1,20.0,0.441149075,0.451108683,3.7718702629208565,3.74,0,3,,0,,,,18.8,1932.9,completed,0,climb_fsb,6b9640b53ed2e0fd237b,scratch/logs/fse2026/climb_fsb/safenlp_2024/e1_6b9640b53ed2e0fd237b.log
safenlp_2024,1009,perturbations_0.onnx,hyperrectangle_311.vnnlib,,unsat,0.112358481,CERTIFIED,1,20.0,0.112358481,0.122691678,4.472423184663057,4.42,0,,,0,,,,9.3,1547.1,completed,0,climb_fsb,cd11da65407272d7f4a4,scratch/logs/fse2026/climb_fsb/safenlp_2024/e1_cd11da65407272d7f4a4.log
safenlp_2024,1010,perturbations_0.onnx,hyperrectangle_5534.vnnlib,,sat,0.309528343,FALSIFIED,1,20.0,0.309528343,0.320179682,4.774545695632696,4.76,0,1,,1,False,True,9.885214924398866e-09,17.3,1768.4,completed,0,climb_fsb,b72c4cdcf5e9e62885ee,scratch/logs/fse2026/climb_fsb/safenlp_2024/e1_b72c4cdcf5e9e62885ee.log
safenlp_2024,1011,perturbations_0.onnx,hyperrectangle_595.vnnlib,,sat,0.548350064,FALSIFIED,1,20.0,0.548350064,0.558838692,3.8733972664922476,3.86,0,1,,1,False,True,2.6582664680585566e-09,17.3,1767.4,completed,0,climb_fsb,5cb58c7cc6ca7437af40,scratch/logs/fse2026/climb_fsb/safenlp_2024/e1_5cb58c7cc6ca7437af40.log
safenlp_2024,1012,perturbations_0.onnx,hyperrectangle_5242.vnnlib,,sat,1.318224769,FALSIFIED,1,20.0,1.318224769,1.328364542,5.775455201044679,5.75,0,1,,1,False,True,5.958947307815876e-09,17.3,1770.6,completed,0,climb_fsb,59c16ea1cae49de15a51,scratch/logs/fse2026/climb_fsb/safenlp_2024/e1_59c16ea1cae49de15a51.log
safenlp_2024,1013,perturbations_0.onnx,hyperrectangle_1183.vnnlib,,unsat,9.813878085,CERTIFIED,1,20.0,9.813878085,9.824096885,14.040028657764196,14.03,0,3654,False,0,,,,131.1,2021.4,completed,0,climb_fsb,85ea9ca5ab2e364d9a13,scratch/logs/fse2026/climb_fsb/safenlp_2024/e1_85ea9ca5ab2e364d9a13.log
safenlp_2024,1014,perturbations_0.onnx,hyperrectangle_1908.vnnlib,,unsat,0.503556047,CERTIFIED,1,20.0,0.503556047,0.513661012,3.1190028078854084,3.06,0,9,,0,,,,18.8,1973.9,completed,0,climb_fsb,c2f3caa72bb401bb971b,scratch/logs/fse2026/climb_fsb/safenlp_2024/e1_c2f3caa72bb401bb971b.log
safenlp_2024,1015,perturbations_0.onnx,hyperrectangle_5614.vnnlib,,sat,0.312873747,FALSIFIED,1,20.0,0.312873747,0.322875246,2.8690893203020096,2.85,0,1,,1,False,True,6.470293106852765e-09,17.3,1801.8,completed,0,climb_fsb,9d54c7af0e6b65b09074,scratch/logs/fse2026/climb_fsb/safenlp_2024/e1_9d54c7af0e6b65b09074.log
safenlp_2024,1016,perturbations_0.onnx,hyperrectangle_1860.vnnlib,,unsat,1.808345925,CERTIFIED,1,20.0,1.808345925,1.818851132,4.421457292512059,4.37,0,454,False,0,,,,41.7,2002.8,completed,0,climb_fsb,195574dab877a49f3702,scratch/logs/fse2026/climb_fsb/safenlp_2024/e1_195574dab877a49f3702.log
safenlp_2024,1017,perturbations_0.onnx,hyperrectangle_707.vnnlib,,sat,0.27868662,FALSIFIED,1,20.0,0.27868662,0.28913145,2.9192852657288313,2.89,0,1,,1,False,True,6.871479940606662e-09,17.3,1781.2,completed,0,climb_fsb,353a6480956b56223fc5,scratch/logs/fse2026/climb_fsb/safenlp_2024/e1_353a6480956b56223fc5.log
safenlp_2024,1018,perturbations_0.onnx,hyperrectangle_666.vnnlib,,sat,0.316870023,FALSIFIED,1,20.0,0.316870023,0.327102251,2.9194412045180798,2.9,0,1,,1,False,True,3.6227014166279048e-09,17.3,1790.6,completed,0,climb_fsb,b0d9b57c22cdf2c1b3d3,scratch/logs/fse2026/climb_fsb/safenlp_2024/e1_b0d9b57c22cdf2c1b3d3.log
safenlp_2024,1019,perturbations_0.onnx,hyperrectangle_323.vnnlib,,unsat,0.115179678,CERTIFIED,1,20.0,0.115179678,0.125671087,2.7192531935870647,2.69,0,,,0,,,,9.3,1549.7,completed,0,climb_fsb,77972c9cd60afa1aca68,scratch/logs/fse2026/climb_fsb/safenlp_2024/e1_77972c9cd60afa1aca68.log
safenlp_2024,1020,perturbations_0.onnx,hyperrectangle_7400.vnnlib,,unsat,1.506275421,CERTIFIED,1,20.0,1.506275421,1.516465001,4.171986343339086,4.12,0,105,,0,,,,23.1,1999.0,completed,0,climb_fsb,053556a5fd50b905f3d4,scratch/logs/fse2026/climb_fsb/safenlp_2024/e1_053556a5fd50b905f3d4.log
safenlp_2024,1021,perturbations_0.onnx,hyperrectangle_1293.vnnlib,,unsat,0.112262098,CERTIFIED,1,20.0,0.112262098,0.122810861,2.8196232076734304,2.79,0,,,0,,,,9.3,1546.3,completed,0,climb_fsb,79789717740a0f1f5d7e,scratch/logs/fse2026/climb_fsb/safenlp_2024/e1_79789717740a0f1f5d7e.log
safenlp_2024,1022,perturbations_0.onnx,hyperrectangle_533.vnnlib,,unsat,0.116649214,CERTIFIED,1,20.0,0.116649214,0.126972118,2.8714105617254972,2.84,0,,,0,,,,9.3,1551.3,completed,0,climb_fsb,09f39e48084c0df0266a,scratch/logs/fse2026/climb_fsb/safenlp_2024/e1_09f39e48084c0df0266a.log
safenlp_2024,1023,perturbations_0.onnx,hyperrectangle_2702.vnnlib,,sat,0.306598442,FALSIFIED,1,20.0,0.306598442,0.317084737,2.919136606156826,2.87,0,1,,1,False,True,7.423801656747386e-09,17.3,1770.7,completed,0,climb_fsb,121d0699f0997d890f50,scratch/logs/fse2026/climb_fsb/safenlp_2024/e1_121d0699f0997d890f50.log
safenlp_2024,1024,perturbations_0.onnx,hyperrectangle_7906.vnnlib,,sat,0.35846795,FALSIFIED,1,20.0,0.35846795,0.369441701,3.571305660530925,3.54,0,1,,1,False,True,7.042387062394795e-09,17.3,1767.3,completed,0,climb_fsb,7468ec67c36cf1aa0907,scratch/logs/fse2026/climb_fsb/safenlp_2024/e1_7468ec67c36cf1aa0907.log
safenlp_2024,1025,perturbations_0.onnx,hyperrectangle_152.vnnlib,,unsat,0.907665072,CERTIFIED,1,20.0,0.907665072,0.91794079,4.322216359898448,4.27,0,27,,0,,,,21.6,1998.2,completed,0,climb_fsb,3839c6402fdea5196bd3,scratch/logs/fse2026/climb_fsb/safenlp_2024/e1_3839c6402fdea5196bd3.log
safenlp_2024,1026,perturbations_0.onnx,hyperrectangle_2791.vnnlib,,unsat,1.774531279,CERTIFIED,1,20.0,1.774531279,1.784672402,4.521963350474834,4.47,0,361,False,0,,,,38.8,2021.7,completed,0,climb_fsb,c24c22c3ec3659b6640e,scratch/logs/fse2026/climb_fsb/safenlp_2024/e1_c24c22c3ec3659b6640e.log
safenlp_2024,1027,perturbations_0.onnx,hyperrectangle_5698.vnnlib,,sat,0.326788824,FALSIFIED,1,20.0,0.326788824,0.337081624,6.424860233440995,6.42,0,1,,1,False,True,6.680321601448824e-09,17.3,1767.3,completed,0,climb_fsb,ea4bbb7a0c6e64898f9c,scratch/logs/fse2026/climb_fsb/safenlp_2024/e1_ea4bbb7a0c6e64898f9c.log
safenlp_2024,1028,perturbations_0.onnx,hyperrectangle_2830.vnnlib,,unsat,0.801191509,CERTIFIED,1,20.0,0.801191509,0.811444147,4.171623641625047,4.14,0,18,,0,,,,20.3,1995.8,completed,0,climb_fsb,dcacfe303d6e911ef702,scratch/logs/fse2026/climb_fsb/safenlp_2024/e1_dcacfe303d6e911ef702.log
safenlp_2024,1029,perturbations_0.onnx,hyperrectangle_3568.vnnlib,,unsat,0.117277168,CERTIFIED,1,20.0,0.117277168,0.127928764,2.9196321424096823,2.91,0,,,0,,,,9.3,1546.7,completed,0,climb_fsb,11fed799ebe3cad521df,scratch/logs/fse2026/climb_fsb/safenlp_2024/e1_11fed799ebe3cad521df.log
safenlp_2024,1030,perturbations_0.onnx,hyperrectangle_2113.vnnlib,,sat,0.290463245,FALSIFIED,1,20.0,0.290463245,0.300848639,3.069362258538604,3.03,0,1,,1,False,True,1.1854379977638274e-08,17.3,1767.1,completed,0,climb_fsb,66762e8d2e7bfff760d2,scratch/logs/fse2026/climb_fsb/safenlp_2024/e1_66762e8d2e7bfff760d2.log
safenlp_2024,1031,perturbations_0.onnx,hyperrectangle_7898.vnnlib,,sat,0.357869975,FALSIFIED,1,20.0,0.357869975,0.368245499,5.62454441562295,5.59,0,1,,1,False,True,1.2252540260160316e-08,17.3,1795.1,completed,0,climb_fsb,f16dcf82a1228f3265b0,scratch/logs/fse2026/climb_fsb/safenlp_2024/e1_f16dcf82a1228f3265b0.log
safenlp_2024,1032,perturbations_0.onnx,hyperrectangle_2349.vnnlib,,sat,0.373387542,FALSIFIED,1,20.0,0.373387542,0.384200327,4.120993431657553,4.1,0,1,,1,False,True,2.7965116888850616e-09,17.3,1768.4,completed,0,climb_fsb,f75466f35741839dc955,scratch/logs/fse2026/climb_fsb/safenlp_2024/e1_f75466f35741839dc955.log
safenlp_2024,1033,perturbations_0.onnx,hyperrectangle_1649.vnnlib,,sat,0.720889581,FALSIFIED,1,20.0,0.720889581,0.731609505,3.8717365469783545,3.82,0,1,,1,False,True,5.004236636185766e-09,17.3,1783.6,completed,0,climb_fsb,9811075a985053a4348d,scratch/logs/fse2026/climb_fsb/safenlp_2024/e1_9811075a985053a4348d.log
safenlp_2024,1034,perturbations_0.onnx,hyperrectangle_4625.vnnlib,,sat,0.76226981,FALSIFIED,1,20.0,0.76226981,0.772443542,5.323974447324872,5.3,0,1,,1,False,True,3.6235118655580933e-09,17.3,1770.9,completed,0,climb_fsb,13a67bc862f1538d10d7,scratch/logs/fse2026/climb_fsb/safenlp_2024/e1_13a67bc862f1538d10d7.log
safenlp_2024,1035,perturbations_0.onnx,hyperrectangle_41.vnnlib,,sat,0.749688966,FALSIFIED,1,20.0,0.749688966,0.760234492,3.470746511593461,3.43,0,1,,1,False,True,7.362338322325357e-09,17.3,1772.3,completed,0,climb_fsb,d681a87356fa45f07032,scratch/logs/fse2026/climb_fsb/safenlp_2024/e1_d681a87356fa45f07032.log
safenlp_2024,1036,perturbations_0.onnx,hyperrectangle_886.vnnlib,,unsat,0.395537268,CERTIFIED,1,20.0,0.395537268,0.405707272,3.169826664030552,3.15,0,3,,0,,,,18.8,1934.0,completed,0,climb_fsb,559107784774c588f05c,scratch/logs/fse2026/climb_fsb/safenlp_2024/e1_559107784774c588f05c.log
safenlp_2024,1037,perturbations_0.onnx,hyperrectangle_4888.vnnlib,,unsat,1.321557133,CERTIFIED,1,20.0,1.321557133,1.331950737,6.025878859683871,6.01,0,160,False,0,,,,28.8,2013.0,completed,0,climb_fsb,ef8c034a5d3a2601d8d0,scratch/logs/fse2026/climb_fsb/safenlp_2024/e1_ef8c034a5d3a2601d8d0.log
safenlp_2024,1038,perturbations_0.onnx,hyperrectangle_1916.vnnlib,,sat,0.367966019,FALSIFIED,1,20.0,0.367966019,0.378287882,3.72170902043581,3.67,0,1,,1,False,True,8.937166173783595e-09,17.3,1784.6,completed,0,climb_fsb,ab3fe35a1d7242820720,scratch/logs/fse2026/climb_fsb/safenlp_2024/e1_ab3fe35a1d7242820720.log
safenlp_2024,1039,perturbations_0.onnx,hyperrectangle_4958.vnnlib,,sat,0.62815929,FALSIFIED,1,20.0,0.62815929,0.638911199,3.720981242135167,3.7,0,1,,1,False,True,1.4789869939857425e-08,17.3,1767.4,completed,0,climb_fsb,651f3a475a24d46f53fb,scratch/logs/fse2026/climb_fsb/safenlp_2024/e1_651f3a475a24d46f53fb.log
safenlp_2024,1040,perturbations_0.onnx,hyperrectangle_1111.vnnlib,,unsat,0.154159781,CERTIFIED,1,20.0,0.154159781,0.163799109,4.873884301632643,4.85,0,,,0,,,,9.3,1546.4,completed,0,climb_fsb,86b56cb768258bcf5a38,scratch/logs/fse2026/climb_fsb/safenlp_2024/e1_86b56cb768258bcf5a38.log
safenlp_2024,1041,perturbations_0.onnx,hyperrectangle_904.vnnlib,,sat,1.355595656,FALSIFIED,1,20.0,1.355595656,1.365204277,5.825808836147189,5.81,0,1,,1,False,True,6.048793244062267e-09,17.3,1770.9,completed,0,climb_fsb,740fd2bcdc00ac13b195,scratch/logs/fse2026/climb_fsb/safenlp_2024/e1_740fd2bcdc00ac13b195.log
safenlp_2024,1042,perturbations_0.onnx,hyperrectangle_2769.vnnlib,,sat,1.268059822,FALSIFIED,1,20.0,1.268059822,1.278253794,5.57383556291461,5.53,0,7,,1,False,True,7.985526184750569e-09,20.2,1950.5,completed,0,climb_fsb,33565698097fbaaa2ed4,scratch/logs/fse2026/climb_fsb/safenlp_2024/e1_33565698097fbaaa2ed4.log
safenlp_2024,1043,perturbations_0.onnx,hyperrectangle_2696.vnnlib,,sat,0.666124323,FALSIFIED,1,20.0,0.666124323,0.676276177,5.273694220930338,5.26,0,1,,1,False,True,4.115442403529457e-09,17.3,1767.0,completed,0,climb_fsb,6402be40ed7a8574dc35,scratch/logs/fse2026/climb_fsb/safenlp_2024/e1_6402be40ed7a8574dc35.log
safenlp_2024,1044,perturbations_0.onnx,hyperrectangle_4488.vnnlib,,sat,0.308108563,FALSIFIED,1,20.0,0.308108563,0.318983585,3.069774780422449,3.02,0,1,,1,False,True,5.6589719299449115e-09,17.3,1767.3,completed,0,climb_fsb,6a48d0759a8f9feeb63c,scratch/logs/fse2026/climb_fsb/safenlp_2024/e1_6a48d0759a8f9feeb63c.log
safenlp_2024,1045,perturbations_0.onnx,hyperrectangle_408.vnnlib,,unsat,0.143297222,CERTIFIED,1,20.0,0.143297222,0.153697833,5.072147188708186,5.06,0,,,0,,,,9.3,1545.0,completed,0,climb_fsb,55b39b363a1b2803decb,scratch/logs/fse2026/climb_fsb/safenlp_2024/e1_55b39b363a1b2803decb.log
safenlp_2024,1046,perturbations_0.onnx,hyperrectangle_1389.vnnlib,,unsat,0.120115925,CERTIFIED,1,20.0,0.120115925,0.130607344,2.8191301450133324,2.81,0,,,0,,,,9.3,1546.7,completed,0,climb_fsb,003f577c0d915e0c70a6,scratch/logs/fse2026/climb_fsb/safenlp_2024/e1_003f577c0d915e0c70a6.log
safenlp_2024,1047,perturbations_0.onnx,hyperrectangle_3052.vnnlib,,sat,0.866454577,FALSIFIED,1,20.0,0.866454577,0.876109052,5.324855851009488,5.31,0,1,,1,False,True,9.780689258498398e-09,17.3,1766.7,completed,0,climb_fsb,1078d4ffe00fee35a0c6,scratch/logs/fse2026/climb_fsb/safenlp_2024/e1_1078d4ffe00fee35a0c6.log
safenlp_2024,1048,perturbations_0.onnx,hyperrectangle_6222.vnnlib,,unsat,2.316026693,CERTIFIED,1,20.0,2.316026693,2.327069718,6.324623703956604,6.28,0,77,,0,,,,24.5,2007.4,completed,0,climb_fsb,163877d4a75dbee7da44,scratch/logs/fse2026/climb_fsb/safenlp_2024/e1_163877d4a75dbee7da44.log
safenlp_2024,1049,perturbations_0.onnx,hyperrectangle_6750.vnnlib,,sat,0.404022368,FALSIFIED,1,20.0,0.404022368,0.414820032,3.2697479985654354,3.24,0,3,,1,False,True,7.2753354729560016e-09,18.8,1914.8,completed,0,climb_fsb,5f693730e75efd47f6ab,scratch/logs/fse2026/climb_fsb/safenlp_2024/e1_5f693730e75efd47f6ab.log
safenlp_2024,1050,perturbations_0.onnx,hyperrectangle_443.vnnlib,,sat,0.320161179,FALSIFIED,1,20.0,0.320161179,0.331102999,5.676798529922962,5.65,0,1,,1,False,True,4.6772187511923136e-09,17.3,1765.8,completed,0,climb_fsb,c2967e832b40074599f7,scratch/logs/fse2026/climb_fsb/safenlp_2024/e1_c2967e832b40074599f7.log
safenlp_2024,1051,perturbations_0.onnx,hyperrectangle_6735.vnnlib,,sat,0.775379851,FALSIFIED,1,20.0,0.775379851,0.787664492,3.6208169795572758,3.59,0,1,,1,False,True,6.726567608472678e-09,17.3,1767.5,completed,0,climb_fsb,cee9e79f966eed1243b5,scratch/logs/fse2026/climb_fsb/safenlp_2024/e1_cee9e79f966eed1243b5.log
safenlp_2024,1052,perturbations_0.onnx,hyperrectangle_1800.vnnlib,,sat,1.40721789,FALSIFIED,1,20.0,1.40721789,1.418050049,5.575217332690954,5.56,0,426,,1,False,True,7.426151915623791e-09,66.7,2002.4,completed,0,climb_fsb,efc3de639700049dce87,scratch/logs/fse2026/climb_fsb/safenlp_2024/e1_efc3de639700049dce87.log
safenlp_2024,1053,perturbations_0.onnx,hyperrectangle_362.vnnlib,,unsat,0.147438958,CERTIFIED,1,20.0,0.147438958,0.158691365,3.0199831556528807,3.0,0,,,0,,,,9.3,1569.4,completed,0,climb_fsb,8ddcdb4a624e01792768,scratch/logs/fse2026/climb_fsb/safenlp_2024/e1_8ddcdb4a624e01792768.log
safenlp_2024,1054,perturbations_0.onnx,hyperrectangle_7665.vnnlib,,sat,0.310459454,FALSIFIED,1,20.0,0.310459454,0.321160864,3.2197725400328636,3.17,0,1,,1,False,True,4.302372652587039e-09,17.3,1784.2,completed,0,climb_fsb,32e99af5b7ad366e05b6,scratch/logs/fse2026/climb_fsb/safenlp_2024/e1_32e99af5b7ad366e05b6.log
safenlp_2024,1055,perturbations_0.onnx,hyperrectangle_2723.vnnlib,,sat,0.33474429,FALSIFIED,1,20.0,0.33474429,0.345151708,5.82393348403275,5.77,0,1,,1,False,True,6.633313121007234e-09,17.3,1767.9,completed,0,climb_fsb,50a91b51c384dfd37a54,scratch/logs/fse2026/climb_fsb/safenlp_2024/e1_50a91b51c384dfd37a54.log
safenlp_2024,1056,perturbations_0.onnx,hyperrectangle_5798.vnnlib,,sat,0.381816633,FALSIFIED,1,20.0,0.381816633,0.392897706,3.874903954565525,3.83,0,1,,1,False,True,7.373012755884645e-09,17.3,1768.5,completed,0,climb_fsb,39844d550ffa1657d665,scratch/logs/fse2026/climb_fsb/safenlp_2024/e1_39844d550ffa1657d665.log
safenlp_2024,1057,perturbations_0.onnx,hyperrectangle_1154.vnnlib,,unsat,2.203750426,CERTIFIED,1,20.0,2.203750426,2.214632262,5.673468312248588,5.63,0,174,False,0,,,,28.8,2001.7,completed,0,climb_fsb,fe9cd63d9145e3ca86e6,scratch/logs/fse2026/climb_fsb/safenlp_2024/e1_fe9cd63d9145e3ca86e6.log
safenlp_2024,1058,perturbations_0.onnx,hyperrectangle_1342.vnnlib,,unsat,0.12592379,CERTIFIED,1,20.0,0.12592379,0.136403436,2.8688537925481796,2.84,0,,,0,,,,9.3,1546.6,completed,0,climb_fsb,c4bd1f9ef154b937cffa,scratch/logs/fse2026/climb_fsb/safenlp_2024/e1_c4bd1f9ef154b937cffa.log
safenlp_2024,1059,perturbations_0.onnx,hyperrectangle_217.vnnlib,,sat,0.309743423,FALSIFIED,1,20.0,0.309743423,0.320186881,3.0688861832022667,3.06,0,1,,1,False,True,5.514123047056785e-09,17.3,1767.0,completed,0,climb_fsb,254835079b99490cefe7,scratch/logs/fse2026/climb_fsb/safenlp_2024/e1_254835079b99490cefe7.log
safenlp_2024,1060,perturbations_0.onnx,hyperrectangle_1593.vnnlib,,sat,0.534362568,FALSIFIED,1,20.0,0.534362568,0.544843502,7.727555027231574,7.68,0,1,,1,False,True,4.525485874928847e-09,17.3,1767.4,completed,0,climb_fsb,6e092783ddf468526def,scratch/logs/fse2026/climb_fsb/safenlp_2024/e1_6e092783ddf468526def.log
safenlp_2024,1061,perturbations_0.onnx,hyperrectangle_3169.vnnlib,,unsat,6.417886289,CERTIFIED,1,20.0,6.417886289,6.428523764,9.786211643368006,9.77,0,2348,False,0,,,,123.9,2003.8,completed,0,climb_fsb,0be15715a87822462cbf,scratch/logs/fse2026/climb_fsb/safenlp_2024/e1_0be15715a87822462cbf.log
safenlp_2024,1062,perturbations_0.onnx,hyperrectangle_748.vnnlib,,unsat,13.701257451,CERTIFIED,1,20.0,13.701257451,13.711636955,18.245625959709287,18.21,0,7370,False,0,,,,257.7,2004.8,completed,0,climb_fsb,964aa81df6bcb86e2d58,scratch/logs/fse2026/climb_fsb/safenlp_2024/e1_964aa81df6bcb86e2d58.log
safenlp_2024,1063,perturbations_0.onnx,hyperrectangle_1349.vnnlib,,unsat,0.122649081,CERTIFIED,1,20.0,0.122649081,0.132751536,2.969382844865322,2.96,0,,,0,,,,9.3,1545.9,completed,0,climb_fsb,1a2e392ee3e46d26949e,scratch/logs/fse2026/climb_fsb/safenlp_2024/e1_1a2e392ee3e46d26949e.log
safenlp_2024,1064,perturbations_0.onnx,hyperrectangle_7925.vnnlib,,sat,0.46329074,FALSIFIED,1,20.0,0.46329074,0.473705251,5.675719579681754,5.63,0,1,,1,False,True,6.687415565753696e-09,17.3,1767.9,completed,0,climb_fsb,ae8848537d8e98cc2f05,scratch/logs/fse2026/climb_fsb/safenlp_2024/e1_ae8848537d8e98cc2f05.log
safenlp_2024,1065,perturbations_0.onnx,hyperrectangle_1232.vnnlib,,unsat,0.124022821,CERTIFIED,1,20.0,0.124022821,0.134524062,2.7684837076812983,2.74,0,,,0,,,,9.3,1547.2,completed,0,climb_fsb,335facac9f286d17c8ac,scratch/logs/fse2026/climb_fsb/safenlp_2024/e1_335facac9f286d17c8ac.log
safenlp_2024,1066,perturbations_0.onnx,hyperrectangle_811.vnnlib,,sat,0.32329629,FALSIFIED,1,20.0,0.32329629,0.333476918,3.023893205448985,2.98,0,1,,1,False,True,4.3998217846841214e-09,17.3,1768.5,completed,0,climb_fsb,bd7b76d1078e5d314163,scratch/logs/fse2026/climb_fsb/safenlp_2024/e1_bd7b76d1078e5d314163.log
safenlp_2024,1067,perturbations_0.onnx,hyperrectangle_2849.vnnlib,,unsat,0.76313526,CERTIFIED,1,20.0,0.76313526,0.773520485,4.020979765802622,4.01,0,21,,0,,,,23.1,1975.2,completed,0,climb_fsb,085c649c177904d9d9a3,scratch/logs/fse2026/climb_fsb/safenlp_2024/e1_085c649c177904d9d9a3.log
safenlp_2024,1068,perturbations_0.onnx,hyperrectangle_642.vnnlib,,unsat,0.140118428,CERTIFIED,1,20.0,0.140118428,0.150563732,3.4700112249702215,3.45,0,,,0,,,,9.3,1574.0,completed,0,climb_fsb,7a0df9097b893237d02e,scratch/logs/fse2026/climb_fsb/safenlp_2024/e1_7a0df9097b893237d02e.log
safenlp_2024,1069,perturbations_0.onnx,hyperrectangle_61.vnnlib,,sat,0.690400355,FALSIFIED,1,20.0,0.690400355,0.700208606,3.721375910565257,3.69,0,1,,1,False,True,6.113317130296281e-09,17.3,1767.1,completed,0,climb_fsb,ab163dc85a4036e31e8e,scratch/logs/fse2026/climb_fsb/safenlp_2024/e1_ab163dc85a4036e31e8e.log
safenlp_2024,1070,perturbations_0.onnx,hyperrectangle_5759.vnnlib,,sat,0.278007358,FALSIFIED,1,20.0,0.278007358,0.288142987,3.4746970124542713,3.46,0,1,,1,False,True,5.60453680686912e-09,17.3,1795.0,completed,0,climb_fsb,e833d7b47d564a36bbe6,scratch/logs/fse2026/climb_fsb/safenlp_2024/e1_e833d7b47d564a36bbe6.log
safenlp_2024,1071,perturbations_0.onnx,hyperrectangle_5501.vnnlib,,sat,0.314752616,FALSIFIED,1,20.0,0.314752616,0.324813273,3.570375630632043,3.54,0,1,,1,False,True,4.945138742940003e-09,17.3,1767.2,completed,0,climb_fsb,f4ab0959e9d3b4a612f6,scratch/logs/fse2026/climb_fsb/safenlp_2024/e1_f4ab0959e9d3b4a612f6.log
safenlp_2024,1072,perturbations_0.onnx,hyperrectangle_5413.vnnlib,,sat,1.635494987,FALSIFIED,1,20.0,1.635494987,1.645913132,6.125799708068371,6.09,0,7,,1,False,True,3.1902915725856573e-09,20.2,1963.7,completed,0,climb_fsb,5d7ef22ae6b423dfaf42,scratch/logs/fse2026/climb_fsb/safenlp_2024/e1_5d7ef22ae6b423dfaf42.log
safenlp_2024,1073,perturbations_0.onnx,hyperrectangle_200.vnnlib,,unsat,2.633806244,CERTIFIED,1,20.0,2.633806244,2.643950293,6.9975762236863375,6.95,0,79,False,0,,,,24.5,2002.4,completed,0,climb_fsb,368345488625c4ff4e31,scratch/logs/fse2026/climb_fsb/safenlp_2024/e1_368345488625c4ff4e31.log
safenlp_2024,1074,perturbations_0.onnx,hyperrectangle_570.vnnlib,,unsat,0.145654811,CERTIFIED,1,20.0,0.145654811,0.155933797,4.872185759246349,4.82,0,,,0,,,,9.3,1560.9,completed,0,climb_fsb,ae7156b0cfac7c961aec,scratch/logs/fse2026/climb_fsb/safenlp_2024/e1_ae7156b0cfac7c961aec.log
safenlp_2024,1075,perturbations_0.onnx,hyperrectangle_2342.vnnlib,,sat,0.310468789,FALSIFIED,1,20.0,0.310468789,0.320216104,3.070670925080776,3.03,0,1,,1,False,True,1.1661090260073337e-08,17.3,1770.6,completed,0,climb_fsb,c5d52c52dd8058b3d725,scratch/logs/fse2026/climb_fsb/safenlp_2024/e1_c5d52c52dd8058b3d725.log
safenlp_2024,1076,perturbations_0.onnx,hyperrectangle_1302.vnnlib,,sat,1.354193827,FALSIFIED,1,20.0,1.354193827,1.364533657,6.125765847042203,6.11,0,1,,1,False,True,7.071728980179159e-09,17.3,1767.6,completed,0,climb_fsb,6b3653655f3ca9ec5f14,scratch/logs/fse2026/climb_fsb/safenlp_2024/e1_6b3653655f3ca9ec5f14.log
safenlp_2024,1077,perturbations_0.onnx,hyperrectangle_3809.vnnlib,,sat,0.329171717,FALSIFIED,1,20.0,0.329171717,0.339446811,3.069334998726845,3.03,0,1,,1,False,True,2.914553876021131e-09,17.3,1767.5,completed,0,climb_fsb,59d43ab11292090806b5,scratch/logs/fse2026/climb_fsb/safenlp_2024/e1_59d43ab11292090806b5.log
safenlp_2024,1078,perturbations_0.onnx,hyperrectangle_6690.vnnlib,,sat,0.348878689,FALSIFIED,1,20.0,0.348878689,0.359267641,3.1210999097675085,3.08,0,1,,1,False,True,5.130380620332886e-09,17.3,1801.5,completed,0,climb_fsb,56875ee594b53ad1f931,scratch/logs/fse2026/climb_fsb/safenlp_2024/e1_56875ee594b53ad1f931.log
safenlp_2024,1079,perturbations_0.onnx,hyperrectangle_1330.vnnlib,,sat,0.464325914,FALSIFIED,1,20.0,0.464325914,0.474503694,5.523991622030735,5.49,0,1,,1,False,True,5.502022726311395e-09,17.3,1767.5,completed,0,climb_fsb,8f98ff0552fe938d063a,scratch/logs/fse2026/climb_fsb/safenlp_2024/e1_8f98ff0552fe938d063a.log
