dataset,row,onnx,vnnlib,result,time_sec,status,solved,timeout_s,verification_s,wall_s,prep_s,process_wall_s,over_timeout,witness_n,witness_valid,witness_valid_1e6,witness_note,exit_code,log_path,tool_commit,config,deviations,error_class,error_detail,gpu_util_pct_before,gpu_mem_used_mib_before,variant,key,reused_from_row
yelp_p1,0,yelp_d3_L13.onnx,query_index_q0000_d3_L13_e22016_p1_eps0p2.v1.vnnlib,unsat,6.533,CERTIFIED,1,30.0,6.533,29.073,22.54,30.109455592930317,0,0,,,Native API unsafe is conservatively UNKNOWN; no unvalidated L1 witness accepted,0,scratch/logs/fse2026/abcrown/yelp_p1/00000_lp1_asu0ljov.log,6b8bbcfac1c01da1cabd240a87e4dce1a65f5a2b,"{""attack"": {""attack_off"": true, ""hook_replacements"": {}, ""overrides"": {""attack"": {""enable_mip_attack"": false, ""input_split_check_adv"": {""enabled"": ""false""}, ""pgd_order"": ""skip""}, ""bab"": {""attack"": {""enabled"": false}, ""branching"": {""input_split"": {""update_rhs_with_attack"": false}}}}}, ""biccos_applicable"": true, ""biccos_effective"": false, ""deviations"": [""config mapping: derived (no official category; vit_2023 transformer config)"", ""attack-off (user decision D20): all attack/falsification stages disabled, see config.attack.overrides"", ""L1 API: explicit solver.alpha-crown.share_alphas=true (ViT ONNX hook is not triggered by native modules); avoids large independent alpha tensors"", ""Python 3.11 typing.override compatibility via typing_extensions (no ACT source change)"", ""float32 stable interpreter; general.double_fp=false; solver.use_float64_in_last_iteration=false"", ""solver.batch_size=16; auto_enlarge_batch_size=false for concurrent GPU memory budget"", ""API CLI biccos_off token selects adapter; actual config is official vit.yaml (BICCOS unchanged)"", ""input route: Python API ABCrownSolver instead of abcrown.py + VNN-LIB (VNN-LIB cannot encode an l1 ball)"", ""ABCrownSolver._build_vnnlib_handler overridden to pass the l1 range dict (X, eps, data_min, data_max)"", ""specification.norm = 1 (the official file is an l_inf VNN-COMP config)"", ""general.adhoc_tuning None: api.py cannot eval Customized(); the vit hook only sets share_alphas when >= 6 MatMul modules exist, and this PyTorch module has 0, so the hook is a no-op here""], ""mapping"": ""derived (no official category; vit_2023 transformer config)"", ""notes"": [], ""official"": ""exp_configs/vnncomp23/vit.yaml"", ""official_biccos"": false, ""official_pgd_order"": ""skip"", ""variant"": ""official""}","[""config mapping: derived (no official category; vit_2023 transformer config)"", ""attack-off (user decision D20): all attack/falsification stages disabled, see config.attack.overrides"", ""L1 API: explicit solver.alpha-crown.share_alphas=true (ViT ONNX hook is not triggered by native modules); avoids large independent alpha tensors"", ""Python 3.11 typing.override compatibility via typing_extensions (no ACT source change)"", ""float32 stable interpreter; general.double_fp=false; solver.use_float64_in_last_iteration=false"", ""solver.batch_size=16; auto_enlarge_batch_size=false for concurrent GPU memory budget"", ""API CLI biccos_off token selects adapter; actual config is official vit.yaml (BICCOS unchanged)"", ""input route: Python API ABCrownSolver instead of abcrown.py + VNN-LIB (VNN-LIB cannot encode an l1 ball)"", ""ABCrownSolver._build_vnnlib_handler overridden to pass the l1 range dict (X, eps, data_min, data_max)"", ""specification.norm = 1 (the official file is an l_inf VNN-COMP config)"", ""general.adhoc_tuning None: api.py cannot eval Customized(); the vit hook only sets share_alphas when >= 6 MatMul modules exist, and this PyTorch module has 0, so the hook is a no-op here""]",,,100.0,71882.0,official_attack_off_f32_lp1_sharedalpha_batch16,"[""abcrown"",""scratch/text_export/yelp_p1/yelp_buffet/onnx/yelp_d3_L13.onnx"",""scratch/text_export/yelp_p1/yelp_buffet/vnnlib/query_index_q0000_d3_L13_e22016_p1_eps0p2.v1.vnnlib"",30.0,""official_attack_off_f32_lp1_sharedalpha_batch16""]",
yelp_p1,1,yelp_d3_L13.onnx,query_index_q0001_d3_L13_e14465_p1_eps0p2.v1.vnnlib,unsat,4.874,CERTIFIED,1,30.0,4.874,27.438,22.564,28.447982309386134,0,0,,,Native API unsafe is conservatively UNKNOWN; no unvalidated L1 witness accepted,0,scratch/logs/fse2026/abcrown/yelp_p1/00001_lp1_5ibf9ay5.log,6b8bbcfac1c01da1cabd240a87e4dce1a65f5a2b,"{""attack"": {""attack_off"": true, ""hook_replacements"": {}, ""overrides"": {""attack"": {""enable_mip_attack"": false, ""input_split_check_adv"": {""enabled"": ""false""}, ""pgd_order"": ""skip""}, ""bab"": {""attack"": {""enabled"": false}, ""branching"": {""input_split"": {""update_rhs_with_attack"": false}}}}}, ""biccos_applicable"": true, ""biccos_effective"": false, ""deviations"": [""config mapping: derived (no official category; vit_2023 transformer config)"", ""attack-off (user decision D20): all attack/falsification stages disabled, see config.attack.overrides"", ""L1 API: explicit solver.alpha-crown.share_alphas=true (ViT ONNX hook is not triggered by native modules); avoids large independent alpha tensors"", ""Python 3.11 typing.override compatibility via typing_extensions (no ACT source change)"", ""float32 stable interpreter; general.double_fp=false; solver.use_float64_in_last_iteration=false"", ""solver.batch_size=16; auto_enlarge_batch_size=false for concurrent GPU memory budget"", ""API CLI biccos_off token selects adapter; actual config is official vit.yaml (BICCOS unchanged)"", ""input route: Python API ABCrownSolver instead of abcrown.py + VNN-LIB (VNN-LIB cannot encode an l1 ball)"", ""ABCrownSolver._build_vnnlib_handler overridden to pass the l1 range dict (X, eps, data_min, data_max)"", ""specification.norm = 1 (the official file is an l_inf VNN-COMP config)"", ""general.adhoc_tuning None: api.py cannot eval Customized(); the vit hook only sets share_alphas when >= 6 MatMul modules exist, and this PyTorch module has 0, so the hook is a no-op here""], ""mapping"": ""derived (no official category; vit_2023 transformer config)"", ""notes"": [], ""official"": ""exp_configs/vnncomp23/vit.yaml"", ""official_biccos"": false, ""official_pgd_order"": ""skip"", ""variant"": ""official""}","[""config mapping: derived (no official category; vit_2023 transformer config)"", ""attack-off (user decision D20): all attack/falsification stages disabled, see config.attack.overrides"", ""L1 API: explicit solver.alpha-crown.share_alphas=true (ViT ONNX hook is not triggered by native modules); avoids large independent alpha tensors"", ""Python 3.11 typing.override compatibility via typing_extensions (no ACT source change)"", ""float32 stable interpreter; general.double_fp=false; solver.use_float64_in_last_iteration=false"", ""solver.batch_size=16; auto_enlarge_batch_size=false for concurrent GPU memory budget"", ""API CLI biccos_off token selects adapter; actual config is official vit.yaml (BICCOS unchanged)"", ""input route: Python API ABCrownSolver instead of abcrown.py + VNN-LIB (VNN-LIB cannot encode an l1 ball)"", ""ABCrownSolver._build_vnnlib_handler overridden to pass the l1 range dict (X, eps, data_min, data_max)"", ""specification.norm = 1 (the official file is an l_inf VNN-COMP config)"", ""general.adhoc_tuning None: api.py cannot eval Customized(); the vit hook only sets share_alphas when >= 6 MatMul modules exist, and this PyTorch module has 0, so the hook is a no-op here""]",,,99.0,84664.0,official_attack_off_f32_lp1_sharedalpha_batch16,"[""abcrown"",""scratch/text_export/yelp_p1/yelp_buffet/onnx/yelp_d3_L13.onnx"",""scratch/text_export/yelp_p1/yelp_buffet/vnnlib/query_index_q0001_d3_L13_e14465_p1_eps0p2.v1.vnnlib"",30.0,""official_attack_off_f32_lp1_sharedalpha_batch16""]",
yelp_p1,2,yelp_d3_L17.onnx,query_index_q0002_d3_L17_e33469_p1_eps0p2.v1.vnnlib,unsat,4.889,CERTIFIED,1,30.0,4.889,27.33,22.441,28.391946015879512,0,0,,,Native API unsafe is conservatively UNKNOWN; no unvalidated L1 witness accepted,0,scratch/logs/fse2026/abcrown/yelp_p1/00002_lp1_ddzxmg6_.log,6b8bbcfac1c01da1cabd240a87e4dce1a65f5a2b,"{""attack"": {""attack_off"": true, ""hook_replacements"": {}, ""overrides"": {""attack"": {""enable_mip_attack"": false, ""input_split_check_adv"": {""enabled"": ""false""}, ""pgd_order"": ""skip""}, ""bab"": {""attack"": {""enabled"": false}, ""branching"": {""input_split"": {""update_rhs_with_attack"": false}}}}}, ""biccos_applicable"": true, ""biccos_effective"": false, ""deviations"": [""config mapping: derived (no official category; vit_2023 transformer config)"", ""attack-off (user decision D20): all attack/falsification stages disabled, see config.attack.overrides"", ""L1 API: explicit solver.alpha-crown.share_alphas=true (ViT ONNX hook is not triggered by native modules); avoids large independent alpha tensors"", ""Python 3.11 typing.override compatibility via typing_extensions (no ACT source change)"", ""float32 stable interpreter; general.double_fp=false; solver.use_float64_in_last_iteration=false"", ""solver.batch_size=16; auto_enlarge_batch_size=false for concurrent GPU memory budget"", ""API CLI biccos_off token selects adapter; actual config is official vit.yaml (BICCOS unchanged)"", ""input route: Python API ABCrownSolver instead of abcrown.py + VNN-LIB (VNN-LIB cannot encode an l1 ball)"", ""ABCrownSolver._build_vnnlib_handler overridden to pass the l1 range dict (X, eps, data_min, data_max)"", ""specification.norm = 1 (the official file is an l_inf VNN-COMP config)"", ""general.adhoc_tuning None: api.py cannot eval Customized(); the vit hook only sets share_alphas when >= 6 MatMul modules exist, and this PyTorch module has 0, so the hook is a no-op here""], ""mapping"": ""derived (no official category; vit_2023 transformer config)"", ""notes"": [], ""official"": ""exp_configs/vnncomp23/vit.yaml"", ""official_biccos"": false, ""official_pgd_order"": ""skip"", ""variant"": ""official""}","[""config mapping: derived (no official category; vit_2023 transformer config)"", ""attack-off (user decision D20): all attack/falsification stages disabled, see config.attack.overrides"", ""L1 API: explicit solver.alpha-crown.share_alphas=true (ViT ONNX hook is not triggered by native modules); avoids large independent alpha tensors"", ""Python 3.11 typing.override compatibility via typing_extensions (no ACT source change)"", ""float32 stable interpreter; general.double_fp=false; solver.use_float64_in_last_iteration=false"", ""solver.batch_size=16; auto_enlarge_batch_size=false for concurrent GPU memory budget"", ""API CLI biccos_off token selects adapter; actual config is official vit.yaml (BICCOS unchanged)"", ""input route: Python API ABCrownSolver instead of abcrown.py + VNN-LIB (VNN-LIB cannot encode an l1 ball)"", ""ABCrownSolver._build_vnnlib_handler overridden to pass the l1 range dict (X, eps, data_min, data_max)"", ""specification.norm = 1 (the official file is an l_inf VNN-COMP config)"", ""general.adhoc_tuning None: api.py cannot eval Customized(); the vit hook only sets share_alphas when >= 6 MatMul modules exist, and this PyTorch module has 0, so the hook is a no-op here""]",,,5.0,84664.0,official_attack_off_f32_lp1_sharedalpha_batch16,"[""abcrown"",""scratch/text_export/yelp_p1/yelp_buffet/onnx/yelp_d3_L17.onnx"",""scratch/text_export/yelp_p1/yelp_buffet/vnnlib/query_index_q0002_d3_L17_e33469_p1_eps0p2.v1.vnnlib"",30.0,""official_attack_off_f32_lp1_sharedalpha_batch16""]",
yelp_p1,3,yelp_d3_L14.onnx,query_index_q0003_d3_L14_e23177_p1_eps0p2.v1.vnnlib,unsat,1.036,CERTIFIED,1,30.0,1.036,22.804,21.767,23.787854991853237,0,0,,,Native API unsafe is conservatively UNKNOWN; no unvalidated L1 witness accepted,0,scratch/logs/fse2026/abcrown/yelp_p1/00003_lp1_he2te24l.log,6b8bbcfac1c01da1cabd240a87e4dce1a65f5a2b,"{""attack"": {""attack_off"": true, ""hook_replacements"": {}, ""overrides"": {""attack"": {""enable_mip_attack"": false, ""input_split_check_adv"": {""enabled"": ""false""}, ""pgd_order"": ""skip""}, ""bab"": {""attack"": {""enabled"": false}, ""branching"": {""input_split"": {""update_rhs_with_attack"": false}}}}}, ""biccos_applicable"": true, ""biccos_effective"": false, ""deviations"": [""config mapping: derived (no official category; vit_2023 transformer config)"", ""attack-off (user decision D20): all attack/falsification stages disabled, see config.attack.overrides"", ""L1 API: explicit solver.alpha-crown.share_alphas=true (ViT ONNX hook is not triggered by native modules); avoids large independent alpha tensors"", ""Python 3.11 typing.override compatibility via typing_extensions (no ACT source change)"", ""float32 stable interpreter; general.double_fp=false; solver.use_float64_in_last_iteration=false"", ""solver.batch_size=16; auto_enlarge_batch_size=false for concurrent GPU memory budget"", ""API CLI biccos_off token selects adapter; actual config is official vit.yaml (BICCOS unchanged)"", ""input route: Python API ABCrownSolver instead of abcrown.py + VNN-LIB (VNN-LIB cannot encode an l1 ball)"", ""ABCrownSolver._build_vnnlib_handler overridden to pass the l1 range dict (X, eps, data_min, data_max)"", ""specification.norm = 1 (the official file is an l_inf VNN-COMP config)"", ""general.adhoc_tuning None: api.py cannot eval Customized(); the vit hook only sets share_alphas when >= 6 MatMul modules exist, and this PyTorch module has 0, so the hook is a no-op here""], ""mapping"": ""derived (no official category; vit_2023 transformer config)"", ""notes"": [], ""official"": ""exp_configs/vnncomp23/vit.yaml"", ""official_biccos"": false, ""official_pgd_order"": ""skip"", ""variant"": ""official""}","[""config mapping: derived (no official category; vit_2023 transformer config)"", ""attack-off (user decision D20): all attack/falsification stages disabled, see config.attack.overrides"", ""L1 API: explicit solver.alpha-crown.share_alphas=true (ViT ONNX hook is not triggered by native modules); avoids large independent alpha tensors"", ""Python 3.11 typing.override compatibility via typing_extensions (no ACT source change)"", ""float32 stable interpreter; general.double_fp=false; solver.use_float64_in_last_iteration=false"", ""solver.batch_size=16; auto_enlarge_batch_size=false for concurrent GPU memory budget"", ""API CLI biccos_off token selects adapter; actual config is official vit.yaml (BICCOS unchanged)"", ""input route: Python API ABCrownSolver instead of abcrown.py + VNN-LIB (VNN-LIB cannot encode an l1 ball)"", ""ABCrownSolver._build_vnnlib_handler overridden to pass the l1 range dict (X, eps, data_min, data_max)"", ""specification.norm = 1 (the official file is an l_inf VNN-COMP config)"", ""general.adhoc_tuning None: api.py cannot eval Customized(); the vit hook only sets share_alphas when >= 6 MatMul modules exist, and this PyTorch module has 0, so the hook is a no-op here""]",,,94.0,84666.0,official_attack_off_f32_lp1_sharedalpha_batch16,"[""abcrown"",""scratch/text_export/yelp_p1/yelp_buffet/onnx/yelp_d3_L14.onnx"",""scratch/text_export/yelp_p1/yelp_buffet/vnnlib/query_index_q0003_d3_L14_e23177_p1_eps0p2.v1.vnnlib"",30.0,""official_attack_off_f32_lp1_sharedalpha_batch16""]",
yelp_p1,4,yelp_d3_L5.onnx,query_index_q0004_d3_L5_e12566_p1_eps0p2.v1.vnnlib,unsat,1.059,CERTIFIED,1,30.0,1.059,23.022,21.963,24.03749717399478,0,0,,,Native API unsafe is conservatively UNKNOWN; no unvalidated L1 witness accepted,0,scratch/logs/fse2026/abcrown/yelp_p1/00004_lp1_ju1bjf62.log,6b8bbcfac1c01da1cabd240a87e4dce1a65f5a2b,"{""attack"": {""attack_off"": true, ""hook_replacements"": {}, ""overrides"": {""attack"": {""enable_mip_attack"": false, ""input_split_check_adv"": {""enabled"": ""false""}, ""pgd_order"": ""skip""}, ""bab"": {""attack"": {""enabled"": false}, ""branching"": {""input_split"": {""update_rhs_with_attack"": false}}}}}, ""biccos_applicable"": true, ""biccos_effective"": false, ""deviations"": [""config mapping: derived (no official category; vit_2023 transformer config)"", ""attack-off (user decision D20): all attack/falsification stages disabled, see config.attack.overrides"", ""L1 API: explicit solver.alpha-crown.share_alphas=true (ViT ONNX hook is not triggered by native modules); avoids large independent alpha tensors"", ""Python 3.11 typing.override compatibility via typing_extensions (no ACT source change)"", ""float32 stable interpreter; general.double_fp=false; solver.use_float64_in_last_iteration=false"", ""solver.batch_size=16; auto_enlarge_batch_size=false for concurrent GPU memory budget"", ""API CLI biccos_off token selects adapter; actual config is official vit.yaml (BICCOS unchanged)"", ""input route: Python API ABCrownSolver instead of abcrown.py + VNN-LIB (VNN-LIB cannot encode an l1 ball)"", ""ABCrownSolver._build_vnnlib_handler overridden to pass the l1 range dict (X, eps, data_min, data_max)"", ""specification.norm = 1 (the official file is an l_inf VNN-COMP config)"", ""general.adhoc_tuning None: api.py cannot eval Customized(); the vit hook only sets share_alphas when >= 6 MatMul modules exist, and this PyTorch module has 0, so the hook is a no-op here""], ""mapping"": ""derived (no official category; vit_2023 transformer config)"", ""notes"": [], ""official"": ""exp_configs/vnncomp23/vit.yaml"", ""official_biccos"": false, ""official_pgd_order"": ""skip"", ""variant"": ""official""}","[""config mapping: derived (no official category; vit_2023 transformer config)"", ""attack-off (user decision D20): all attack/falsification stages disabled, see config.attack.overrides"", ""L1 API: explicit solver.alpha-crown.share_alphas=true (ViT ONNX hook is not triggered by native modules); avoids large independent alpha tensors"", ""Python 3.11 typing.override compatibility via typing_extensions (no ACT source change)"", ""float32 stable interpreter; general.double_fp=false; solver.use_float64_in_last_iteration=false"", ""solver.batch_size=16; auto_enlarge_batch_size=false for concurrent GPU memory budget"", ""API CLI biccos_off token selects adapter; actual config is official vit.yaml (BICCOS unchanged)"", ""input route: Python API ABCrownSolver instead of abcrown.py + VNN-LIB (VNN-LIB cannot encode an l1 ball)"", ""ABCrownSolver._build_vnnlib_handler overridden to pass the l1 range dict (X, eps, data_min, data_max)"", ""specification.norm = 1 (the official file is an l_inf VNN-COMP config)"", ""general.adhoc_tuning None: api.py cannot eval Customized(); the vit hook only sets share_alphas when >= 6 MatMul modules exist, and this PyTorch module has 0, so the hook is a no-op here""]",,,0.0,11526.0,official_attack_off_f32_lp1_sharedalpha_batch16,"[""abcrown"",""scratch/text_export/yelp_p1/yelp_buffet/onnx/yelp_d3_L5.onnx"",""scratch/text_export/yelp_p1/yelp_buffet/vnnlib/query_index_q0004_d3_L5_e12566_p1_eps0p2.v1.vnnlib"",30.0,""official_attack_off_f32_lp1_sharedalpha_batch16""]",
yelp_p1,5,yelp_d3_L16.onnx,query_index_q0005_d3_L16_e29715_p1_eps0p2.v1.vnnlib,unsat,1.443,CERTIFIED,1,30.0,1.443,23.565,22.121,24.53673342242837,0,0,,,Native API unsafe is conservatively UNKNOWN; no unvalidated L1 witness accepted,0,scratch/logs/fse2026/abcrown/yelp_p1/00005_lp1_u8tg5abl.log,6b8bbcfac1c01da1cabd240a87e4dce1a65f5a2b,"{""attack"": {""attack_off"": true, ""hook_replacements"": {}, ""overrides"": {""attack"": {""enable_mip_attack"": false, ""input_split_check_adv"": {""enabled"": ""false""}, ""pgd_order"": ""skip""}, ""bab"": {""attack"": {""enabled"": false}, ""branching"": {""input_split"": {""update_rhs_with_attack"": false}}}}}, ""biccos_applicable"": true, ""biccos_effective"": false, ""deviations"": [""config mapping: derived (no official category; vit_2023 transformer config)"", ""attack-off (user decision D20): all attack/falsification stages disabled, see config.attack.overrides"", ""L1 API: explicit solver.alpha-crown.share_alphas=true (ViT ONNX hook is not triggered by native modules); avoids large independent alpha tensors"", ""Python 3.11 typing.override compatibility via typing_extensions (no ACT source change)"", ""float32 stable interpreter; general.double_fp=false; solver.use_float64_in_last_iteration=false"", ""solver.batch_size=16; auto_enlarge_batch_size=false for concurrent GPU memory budget"", ""API CLI biccos_off token selects adapter; actual config is official vit.yaml (BICCOS unchanged)"", ""input route: Python API ABCrownSolver instead of abcrown.py + VNN-LIB (VNN-LIB cannot encode an l1 ball)"", ""ABCrownSolver._build_vnnlib_handler overridden to pass the l1 range dict (X, eps, data_min, data_max)"", ""specification.norm = 1 (the official file is an l_inf VNN-COMP config)"", ""general.adhoc_tuning None: api.py cannot eval Customized(); the vit hook only sets share_alphas when >= 6 MatMul modules exist, and this PyTorch module has 0, so the hook is a no-op here""], ""mapping"": ""derived (no official category; vit_2023 transformer config)"", ""notes"": [], ""official"": ""exp_configs/vnncomp23/vit.yaml"", ""official_biccos"": false, ""official_pgd_order"": ""skip"", ""variant"": ""official""}","[""config mapping: derived (no official category; vit_2023 transformer config)"", ""attack-off (user decision D20): all attack/falsification stages disabled, see config.attack.overrides"", ""L1 API: explicit solver.alpha-crown.share_alphas=true (ViT ONNX hook is not triggered by native modules); avoids large independent alpha tensors"", ""Python 3.11 typing.override compatibility via typing_extensions (no ACT source change)"", ""float32 stable interpreter; general.double_fp=false; solver.use_float64_in_last_iteration=false"", ""solver.batch_size=16; auto_enlarge_batch_size=false for concurrent GPU memory budget"", ""API CLI biccos_off token selects adapter; actual config is official vit.yaml (BICCOS unchanged)"", ""input route: Python API ABCrownSolver instead of abcrown.py + VNN-LIB (VNN-LIB cannot encode an l1 ball)"", ""ABCrownSolver._build_vnnlib_handler overridden to pass the l1 range dict (X, eps, data_min, data_max)"", ""specification.norm = 1 (the official file is an l_inf VNN-COMP config)"", ""general.adhoc_tuning None: api.py cannot eval Customized(); the vit hook only sets share_alphas when >= 6 MatMul modules exist, and this PyTorch module has 0, so the hook is a no-op here""]",,,0.0,11526.0,official_attack_off_f32_lp1_sharedalpha_batch16,"[""abcrown"",""scratch/text_export/yelp_p1/yelp_buffet/onnx/yelp_d3_L16.onnx"",""scratch/text_export/yelp_p1/yelp_buffet/vnnlib/query_index_q0005_d3_L16_e29715_p1_eps0p2.v1.vnnlib"",30.0,""official_attack_off_f32_lp1_sharedalpha_batch16""]",
yelp_p1,6,yelp_d3_L9.onnx,query_index_q0006_d3_L9_e23563_p1_eps0p2.v1.vnnlib,unsat,3.818,CERTIFIED,1,30.0,3.818,25.696,21.878,26.740218514576554,0,0,,,Native API unsafe is conservatively UNKNOWN; no unvalidated L1 witness accepted,0,scratch/logs/fse2026/abcrown/yelp_p1/00006_lp1_a24r2d1z.log,6b8bbcfac1c01da1cabd240a87e4dce1a65f5a2b,"{""attack"": {""attack_off"": true, ""hook_replacements"": {}, ""overrides"": {""attack"": {""enable_mip_attack"": false, ""input_split_check_adv"": {""enabled"": ""false""}, ""pgd_order"": ""skip""}, ""bab"": {""attack"": {""enabled"": false}, ""branching"": {""input_split"": {""update_rhs_with_attack"": false}}}}}, ""biccos_applicable"": true, ""biccos_effective"": false, ""deviations"": [""config mapping: derived (no official category; vit_2023 transformer config)"", ""attack-off (user decision D20): all attack/falsification stages disabled, see config.attack.overrides"", ""L1 API: explicit solver.alpha-crown.share_alphas=true (ViT ONNX hook is not triggered by native modules); avoids large independent alpha tensors"", ""Python 3.11 typing.override compatibility via typing_extensions (no ACT source change)"", ""float32 stable interpreter; general.double_fp=false; solver.use_float64_in_last_iteration=false"", ""solver.batch_size=16; auto_enlarge_batch_size=false for concurrent GPU memory budget"", ""API CLI biccos_off token selects adapter; actual config is official vit.yaml (BICCOS unchanged)"", ""input route: Python API ABCrownSolver instead of abcrown.py + VNN-LIB (VNN-LIB cannot encode an l1 ball)"", ""ABCrownSolver._build_vnnlib_handler overridden to pass the l1 range dict (X, eps, data_min, data_max)"", ""specification.norm = 1 (the official file is an l_inf VNN-COMP config)"", ""general.adhoc_tuning None: api.py cannot eval Customized(); the vit hook only sets share_alphas when >= 6 MatMul modules exist, and this PyTorch module has 0, so the hook is a no-op here""], ""mapping"": ""derived (no official category; vit_2023 transformer config)"", ""notes"": [], ""official"": ""exp_configs/vnncomp23/vit.yaml"", ""official_biccos"": false, ""official_pgd_order"": ""skip"", ""variant"": ""official""}","[""config mapping: derived (no official category; vit_2023 transformer config)"", ""attack-off (user decision D20): all attack/falsification stages disabled, see config.attack.overrides"", ""L1 API: explicit solver.alpha-crown.share_alphas=true (ViT ONNX hook is not triggered by native modules); avoids large independent alpha tensors"", ""Python 3.11 typing.override compatibility via typing_extensions (no ACT source change)"", ""float32 stable interpreter; general.double_fp=false; solver.use_float64_in_last_iteration=false"", ""solver.batch_size=16; auto_enlarge_batch_size=false for concurrent GPU memory budget"", ""API CLI biccos_off token selects adapter; actual config is official vit.yaml (BICCOS unchanged)"", ""input route: Python API ABCrownSolver instead of abcrown.py + VNN-LIB (VNN-LIB cannot encode an l1 ball)"", ""ABCrownSolver._build_vnnlib_handler overridden to pass the l1 range dict (X, eps, data_min, data_max)"", ""specification.norm = 1 (the official file is an l_inf VNN-COMP config)"", ""general.adhoc_tuning None: api.py cannot eval Customized(); the vit hook only sets share_alphas when >= 6 MatMul modules exist, and this PyTorch module has 0, so the hook is a no-op here""]",,,28.0,16038.0,official_attack_off_f32_lp1_sharedalpha_batch16,"[""abcrown"",""scratch/text_export/yelp_p1/yelp_buffet/onnx/yelp_d3_L9.onnx"",""scratch/text_export/yelp_p1/yelp_buffet/vnnlib/query_index_q0006_d3_L9_e23563_p1_eps0p2.v1.vnnlib"",30.0,""official_attack_off_f32_lp1_sharedalpha_batch16""]",
yelp_p1,7,yelp_d3_L11.onnx,query_index_q0007_d3_L11_e11857_p1_eps0p2.v1.vnnlib,unsat,6.535,CERTIFIED,1,30.0,6.535,28.524,21.988,29.536207338795066,0,0,,,Native API unsafe is conservatively UNKNOWN; no unvalidated L1 witness accepted,0,scratch/logs/fse2026/abcrown/yelp_p1/00007_lp1_7sbtr_q3.log,6b8bbcfac1c01da1cabd240a87e4dce1a65f5a2b,"{""attack"": {""attack_off"": true, ""hook_replacements"": {}, ""overrides"": {""attack"": {""enable_mip_attack"": false, ""input_split_check_adv"": {""enabled"": ""false""}, ""pgd_order"": ""skip""}, ""bab"": {""attack"": {""enabled"": false}, ""branching"": {""input_split"": {""update_rhs_with_attack"": false}}}}}, ""biccos_applicable"": true, ""biccos_effective"": false, ""deviations"": [""config mapping: derived (no official category; vit_2023 transformer config)"", ""attack-off (user decision D20): all attack/falsification stages disabled, see config.attack.overrides"", ""L1 API: explicit solver.alpha-crown.share_alphas=true (ViT ONNX hook is not triggered by native modules); avoids large independent alpha tensors"", ""Python 3.11 typing.override compatibility via typing_extensions (no ACT source change)"", ""float32 stable interpreter; general.double_fp=false; solver.use_float64_in_last_iteration=false"", ""solver.batch_size=16; auto_enlarge_batch_size=false for concurrent GPU memory budget"", ""API CLI biccos_off token selects adapter; actual config is official vit.yaml (BICCOS unchanged)"", ""input route: Python API ABCrownSolver instead of abcrown.py + VNN-LIB (VNN-LIB cannot encode an l1 ball)"", ""ABCrownSolver._build_vnnlib_handler overridden to pass the l1 range dict (X, eps, data_min, data_max)"", ""specification.norm = 1 (the official file is an l_inf VNN-COMP config)"", ""general.adhoc_tuning None: api.py cannot eval Customized(); the vit hook only sets share_alphas when >= 6 MatMul modules exist, and this PyTorch module has 0, so the hook is a no-op here""], ""mapping"": ""derived (no official category; vit_2023 transformer config)"", ""notes"": [], ""official"": ""exp_configs/vnncomp23/vit.yaml"", ""official_biccos"": false, ""official_pgd_order"": ""skip"", ""variant"": ""official""}","[""config mapping: derived (no official category; vit_2023 transformer config)"", ""attack-off (user decision D20): all attack/falsification stages disabled, see config.attack.overrides"", ""L1 API: explicit solver.alpha-crown.share_alphas=true (ViT ONNX hook is not triggered by native modules); avoids large independent alpha tensors"", ""Python 3.11 typing.override compatibility via typing_extensions (no ACT source change)"", ""float32 stable interpreter; general.double_fp=false; solver.use_float64_in_last_iteration=false"", ""solver.batch_size=16; auto_enlarge_batch_size=false for concurrent GPU memory budget"", ""API CLI biccos_off token selects adapter; actual config is official vit.yaml (BICCOS unchanged)"", ""input route: Python API ABCrownSolver instead of abcrown.py + VNN-LIB (VNN-LIB cannot encode an l1 ball)"", ""ABCrownSolver._build_vnnlib_handler overridden to pass the l1 range dict (X, eps, data_min, data_max)"", ""specification.norm = 1 (the official file is an l_inf VNN-COMP config)"", ""general.adhoc_tuning None: api.py cannot eval Customized(); the vit hook only sets share_alphas when >= 6 MatMul modules exist, and this PyTorch module has 0, so the hook is a no-op here""]",,,98.0,50270.0,official_attack_off_f32_lp1_sharedalpha_batch16,"[""abcrown"",""scratch/text_export/yelp_p1/yelp_buffet/onnx/yelp_d3_L11.onnx"",""scratch/text_export/yelp_p1/yelp_buffet/vnnlib/query_index_q0007_d3_L11_e11857_p1_eps0p2.v1.vnnlib"",30.0,""official_attack_off_f32_lp1_sharedalpha_batch16""]",
yelp_p1,8,yelp_d3_L8.onnx,query_index_q0008_d3_L8_e421_p1_eps0p2.v1.vnnlib,unsat,3.576,CERTIFIED,1,30.0,3.576,25.279,21.703,26.290532598271966,0,0,,,Native API unsafe is conservatively UNKNOWN; no unvalidated L1 witness accepted,0,scratch/logs/fse2026/abcrown/yelp_p1/00008_lp1_u3jt7oqv.log,6b8bbcfac1c01da1cabd240a87e4dce1a65f5a2b,"{""attack"": {""attack_off"": true, ""hook_replacements"": {}, ""overrides"": {""attack"": {""enable_mip_attack"": false, ""input_split_check_adv"": {""enabled"": ""false""}, ""pgd_order"": ""skip""}, ""bab"": {""attack"": {""enabled"": false}, ""branching"": {""input_split"": {""update_rhs_with_attack"": false}}}}}, ""biccos_applicable"": true, ""biccos_effective"": false, ""deviations"": [""config mapping: derived (no official category; vit_2023 transformer config)"", ""attack-off (user decision D20): all attack/falsification stages disabled, see config.attack.overrides"", ""L1 API: explicit solver.alpha-crown.share_alphas=true (ViT ONNX hook is not triggered by native modules); avoids large independent alpha tensors"", ""Python 3.11 typing.override compatibility via typing_extensions (no ACT source change)"", ""float32 stable interpreter; general.double_fp=false; solver.use_float64_in_last_iteration=false"", ""solver.batch_size=16; auto_enlarge_batch_size=false for concurrent GPU memory budget"", ""API CLI biccos_off token selects adapter; actual config is official vit.yaml (BICCOS unchanged)"", ""input route: Python API ABCrownSolver instead of abcrown.py + VNN-LIB (VNN-LIB cannot encode an l1 ball)"", ""ABCrownSolver._build_vnnlib_handler overridden to pass the l1 range dict (X, eps, data_min, data_max)"", ""specification.norm = 1 (the official file is an l_inf VNN-COMP config)"", ""general.adhoc_tuning None: api.py cannot eval Customized(); the vit hook only sets share_alphas when >= 6 MatMul modules exist, and this PyTorch module has 0, so the hook is a no-op here""], ""mapping"": ""derived (no official category; vit_2023 transformer config)"", ""notes"": [], ""official"": ""exp_configs/vnncomp23/vit.yaml"", ""official_biccos"": false, ""official_pgd_order"": ""skip"", ""variant"": ""official""}","[""config mapping: derived (no official category; vit_2023 transformer config)"", ""attack-off (user decision D20): all attack/falsification stages disabled, see config.attack.overrides"", ""L1 API: explicit solver.alpha-crown.share_alphas=true (ViT ONNX hook is not triggered by native modules); avoids large independent alpha tensors"", ""Python 3.11 typing.override compatibility via typing_extensions (no ACT source change)"", ""float32 stable interpreter; general.double_fp=false; solver.use_float64_in_last_iteration=false"", ""solver.batch_size=16; auto_enlarge_batch_size=false for concurrent GPU memory budget"", ""API CLI biccos_off token selects adapter; actual config is official vit.yaml (BICCOS unchanged)"", ""input route: Python API ABCrownSolver instead of abcrown.py + VNN-LIB (VNN-LIB cannot encode an l1 ball)"", ""ABCrownSolver._build_vnnlib_handler overridden to pass the l1 range dict (X, eps, data_min, data_max)"", ""specification.norm = 1 (the official file is an l_inf VNN-COMP config)"", ""general.adhoc_tuning None: api.py cannot eval Customized(); the vit hook only sets share_alphas when >= 6 MatMul modules exist, and this PyTorch module has 0, so the hook is a no-op here""]",,,0.0,81802.0,official_attack_off_f32_lp1_sharedalpha_batch16,"[""abcrown"",""scratch/text_export/yelp_p1/yelp_buffet/onnx/yelp_d3_L8.onnx"",""scratch/text_export/yelp_p1/yelp_buffet/vnnlib/query_index_q0008_d3_L8_e421_p1_eps0p2.v1.vnnlib"",30.0,""official_attack_off_f32_lp1_sharedalpha_batch16""]",
yelp_p1,9,yelp_d3_L19.onnx,query_index_q0009_d3_L19_e4817_p1_eps0p2.v1.vnnlib,unsat,3.117,CERTIFIED,1,30.0,3.117,24.735,21.618,25.73948855511844,0,0,,,Native API unsafe is conservatively UNKNOWN; no unvalidated L1 witness accepted,0,scratch/logs/fse2026/abcrown/yelp_p1/00009_lp1_kry4iags.log,6b8bbcfac1c01da1cabd240a87e4dce1a65f5a2b,"{""attack"": {""attack_off"": true, ""hook_replacements"": {}, ""overrides"": {""attack"": {""enable_mip_attack"": false, ""input_split_check_adv"": {""enabled"": ""false""}, ""pgd_order"": ""skip""}, ""bab"": {""attack"": {""enabled"": false}, ""branching"": {""input_split"": {""update_rhs_with_attack"": false}}}}}, ""biccos_applicable"": true, ""biccos_effective"": false, ""deviations"": [""config mapping: derived (no official category; vit_2023 transformer config)"", ""attack-off (user decision D20): all attack/falsification stages disabled, see config.attack.overrides"", ""L1 API: explicit solver.alpha-crown.share_alphas=true (ViT ONNX hook is not triggered by native modules); avoids large independent alpha tensors"", ""Python 3.11 typing.override compatibility via typing_extensions (no ACT source change)"", ""float32 stable interpreter; general.double_fp=false; solver.use_float64_in_last_iteration=false"", ""solver.batch_size=16; auto_enlarge_batch_size=false for concurrent GPU memory budget"", ""API CLI biccos_off token selects adapter; actual config is official vit.yaml (BICCOS unchanged)"", ""input route: Python API ABCrownSolver instead of abcrown.py + VNN-LIB (VNN-LIB cannot encode an l1 ball)"", ""ABCrownSolver._build_vnnlib_handler overridden to pass the l1 range dict (X, eps, data_min, data_max)"", ""specification.norm = 1 (the official file is an l_inf VNN-COMP config)"", ""general.adhoc_tuning None: api.py cannot eval Customized(); the vit hook only sets share_alphas when >= 6 MatMul modules exist, and this PyTorch module has 0, so the hook is a no-op here""], ""mapping"": ""derived (no official category; vit_2023 transformer config)"", ""notes"": [], ""official"": ""exp_configs/vnncomp23/vit.yaml"", ""official_biccos"": false, ""official_pgd_order"": ""skip"", ""variant"": ""official""}","[""config mapping: derived (no official category; vit_2023 transformer config)"", ""attack-off (user decision D20): all attack/falsification stages disabled, see config.attack.overrides"", ""L1 API: explicit solver.alpha-crown.share_alphas=true (ViT ONNX hook is not triggered by native modules); avoids large independent alpha tensors"", ""Python 3.11 typing.override compatibility via typing_extensions (no ACT source change)"", ""float32 stable interpreter; general.double_fp=false; solver.use_float64_in_last_iteration=false"", ""solver.batch_size=16; auto_enlarge_batch_size=false for concurrent GPU memory budget"", ""API CLI biccos_off token selects adapter; actual config is official vit.yaml (BICCOS unchanged)"", ""input route: Python API ABCrownSolver instead of abcrown.py + VNN-LIB (VNN-LIB cannot encode an l1 ball)"", ""ABCrownSolver._build_vnnlib_handler overridden to pass the l1 range dict (X, eps, data_min, data_max)"", ""specification.norm = 1 (the official file is an l_inf VNN-COMP config)"", ""general.adhoc_tuning None: api.py cannot eval Customized(); the vit hook only sets share_alphas when >= 6 MatMul modules exist, and this PyTorch module has 0, so the hook is a no-op here""]",,,100.0,81802.0,official_attack_off_f32_lp1_sharedalpha_batch16,"[""abcrown"",""scratch/text_export/yelp_p1/yelp_buffet/onnx/yelp_d3_L19.onnx"",""scratch/text_export/yelp_p1/yelp_buffet/vnnlib/query_index_q0009_d3_L19_e4817_p1_eps0p2.v1.vnnlib"",30.0,""official_attack_off_f32_lp1_sharedalpha_batch16""]",
yelp_p1,10,yelp_d3_L11.onnx,query_index_q0010_d3_L11_e20032_p1_eps0p2.v1.vnnlib,unsat,1.269,CERTIFIED,1,30.0,1.269,23.678,22.409,24.79751859791577,0,0,,,Native API unsafe is conservatively UNKNOWN; no unvalidated L1 witness accepted,0,scratch/logs/fse2026/abcrown/yelp_p1/00010_lp1_z2gx9tpx.log,6b8bbcfac1c01da1cabd240a87e4dce1a65f5a2b,"{""attack"": {""attack_off"": true, ""hook_replacements"": {}, ""overrides"": {""attack"": {""enable_mip_attack"": false, ""input_split_check_adv"": {""enabled"": ""false""}, ""pgd_order"": ""skip""}, ""bab"": {""attack"": {""enabled"": false}, ""branching"": {""input_split"": {""update_rhs_with_attack"": false}}}}}, ""biccos_applicable"": true, ""biccos_effective"": false, ""deviations"": [""config mapping: derived (no official category; vit_2023 transformer config)"", ""attack-off (user decision D20): all attack/falsification stages disabled, see config.attack.overrides"", ""L1 API: explicit solver.alpha-crown.share_alphas=true (ViT ONNX hook is not triggered by native modules); avoids large independent alpha tensors"", ""Python 3.11 typing.override compatibility via typing_extensions (no ACT source change)"", ""float32 stable interpreter; general.double_fp=false; solver.use_float64_in_last_iteration=false"", ""solver.batch_size=16; auto_enlarge_batch_size=false for concurrent GPU memory budget"", ""API CLI biccos_off token selects adapter; actual config is official vit.yaml (BICCOS unchanged)"", ""input route: Python API ABCrownSolver instead of abcrown.py + VNN-LIB (VNN-LIB cannot encode an l1 ball)"", ""ABCrownSolver._build_vnnlib_handler overridden to pass the l1 range dict (X, eps, data_min, data_max)"", ""specification.norm = 1 (the official file is an l_inf VNN-COMP config)"", ""general.adhoc_tuning None: api.py cannot eval Customized(); the vit hook only sets share_alphas when >= 6 MatMul modules exist, and this PyTorch module has 0, so the hook is a no-op here""], ""mapping"": ""derived (no official category; vit_2023 transformer config)"", ""notes"": [], ""official"": ""exp_configs/vnncomp23/vit.yaml"", ""official_biccos"": false, ""official_pgd_order"": ""skip"", ""variant"": ""official""}","[""config mapping: derived (no official category; vit_2023 transformer config)"", ""attack-off (user decision D20): all attack/falsification stages disabled, see config.attack.overrides"", ""L1 API: explicit solver.alpha-crown.share_alphas=true (ViT ONNX hook is not triggered by native modules); avoids large independent alpha tensors"", ""Python 3.11 typing.override compatibility via typing_extensions (no ACT source change)"", ""float32 stable interpreter; general.double_fp=false; solver.use_float64_in_last_iteration=false"", ""solver.batch_size=16; auto_enlarge_batch_size=false for concurrent GPU memory budget"", ""API CLI biccos_off token selects adapter; actual config is official vit.yaml (BICCOS unchanged)"", ""input route: Python API ABCrownSolver instead of abcrown.py + VNN-LIB (VNN-LIB cannot encode an l1 ball)"", ""ABCrownSolver._build_vnnlib_handler overridden to pass the l1 range dict (X, eps, data_min, data_max)"", ""specification.norm = 1 (the official file is an l_inf VNN-COMP config)"", ""general.adhoc_tuning None: api.py cannot eval Customized(); the vit hook only sets share_alphas when >= 6 MatMul modules exist, and this PyTorch module has 0, so the hook is a no-op here""]",,,100.0,81802.0,official_attack_off_f32_lp1_sharedalpha_batch16,"[""abcrown"",""scratch/text_export/yelp_p1/yelp_buffet/onnx/yelp_d3_L11.onnx"",""scratch/text_export/yelp_p1/yelp_buffet/vnnlib/query_index_q0010_d3_L11_e20032_p1_eps0p2.v1.vnnlib"",30.0,""official_attack_off_f32_lp1_sharedalpha_batch16""]",
yelp_p1,11,yelp_d3_L8.onnx,query_index_q0011_d3_L8_e22272_p1_eps0p2.v1.vnnlib,unsat,1.344,CERTIFIED,1,30.0,1.344,24.156,22.811,25.191714219748974,0,0,,,Native API unsafe is conservatively UNKNOWN; no unvalidated L1 witness accepted,0,scratch/logs/fse2026/abcrown/yelp_p1/00011_lp1_l4rwa89i.log,6b8bbcfac1c01da1cabd240a87e4dce1a65f5a2b,"{""attack"": {""attack_off"": true, ""hook_replacements"": {}, ""overrides"": {""attack"": {""enable_mip_attack"": false, ""input_split_check_adv"": {""enabled"": ""false""}, ""pgd_order"": ""skip""}, ""bab"": {""attack"": {""enabled"": false}, ""branching"": {""input_split"": {""update_rhs_with_attack"": false}}}}}, ""biccos_applicable"": true, ""biccos_effective"": false, ""deviations"": [""config mapping: derived (no official category; vit_2023 transformer config)"", ""attack-off (user decision D20): all attack/falsification stages disabled, see config.attack.overrides"", ""L1 API: explicit solver.alpha-crown.share_alphas=true (ViT ONNX hook is not triggered by native modules); avoids large independent alpha tensors"", ""Python 3.11 typing.override compatibility via typing_extensions (no ACT source change)"", ""float32 stable interpreter; general.double_fp=false; solver.use_float64_in_last_iteration=false"", ""solver.batch_size=16; auto_enlarge_batch_size=false for concurrent GPU memory budget"", ""API CLI biccos_off token selects adapter; actual config is official vit.yaml (BICCOS unchanged)"", ""input route: Python API ABCrownSolver instead of abcrown.py + VNN-LIB (VNN-LIB cannot encode an l1 ball)"", ""ABCrownSolver._build_vnnlib_handler overridden to pass the l1 range dict (X, eps, data_min, data_max)"", ""specification.norm = 1 (the official file is an l_inf VNN-COMP config)"", ""general.adhoc_tuning None: api.py cannot eval Customized(); the vit hook only sets share_alphas when >= 6 MatMul modules exist, and this PyTorch module has 0, so the hook is a no-op here""], ""mapping"": ""derived (no official category; vit_2023 transformer config)"", ""notes"": [], ""official"": ""exp_configs/vnncomp23/vit.yaml"", ""official_biccos"": false, ""official_pgd_order"": ""skip"", ""variant"": ""official""}","[""config mapping: derived (no official category; vit_2023 transformer config)"", ""attack-off (user decision D20): all attack/falsification stages disabled, see config.attack.overrides"", ""L1 API: explicit solver.alpha-crown.share_alphas=true (ViT ONNX hook is not triggered by native modules); avoids large independent alpha tensors"", ""Python 3.11 typing.override compatibility via typing_extensions (no ACT source change)"", ""float32 stable interpreter; general.double_fp=false; solver.use_float64_in_last_iteration=false"", ""solver.batch_size=16; auto_enlarge_batch_size=false for concurrent GPU memory budget"", ""API CLI biccos_off token selects adapter; actual config is official vit.yaml (BICCOS unchanged)"", ""input route: Python API ABCrownSolver instead of abcrown.py + VNN-LIB (VNN-LIB cannot encode an l1 ball)"", ""ABCrownSolver._build_vnnlib_handler overridden to pass the l1 range dict (X, eps, data_min, data_max)"", ""specification.norm = 1 (the official file is an l_inf VNN-COMP config)"", ""general.adhoc_tuning None: api.py cannot eval Customized(); the vit hook only sets share_alphas when >= 6 MatMul modules exist, and this PyTorch module has 0, so the hook is a no-op here""]",,,15.0,12762.0,official_attack_off_f32_lp1_sharedalpha_batch16,"[""abcrown"",""scratch/text_export/yelp_p1/yelp_buffet/onnx/yelp_d3_L8.onnx"",""scratch/text_export/yelp_p1/yelp_buffet/vnnlib/query_index_q0011_d3_L8_e22272_p1_eps0p2.v1.vnnlib"",30.0,""official_attack_off_f32_lp1_sharedalpha_batch16""]",
yelp_p1,12,yelp_d3_L9.onnx,query_index_q0012_d3_L9_e7941_p1_eps0p2.v1.vnnlib,unsat,5.779,CERTIFIED,1,30.0,5.779,27.696,21.917,28.69308103993535,0,0,,,Native API unsafe is conservatively UNKNOWN; no unvalidated L1 witness accepted,0,scratch/logs/fse2026/abcrown/yelp_p1/00012_lp1_vuosz404.log,6b8bbcfac1c01da1cabd240a87e4dce1a65f5a2b,"{""attack"": {""attack_off"": true, ""hook_replacements"": {}, ""overrides"": {""attack"": {""enable_mip_attack"": false, ""input_split_check_adv"": {""enabled"": ""false""}, ""pgd_order"": ""skip""}, ""bab"": {""attack"": {""enabled"": false}, ""branching"": {""input_split"": {""update_rhs_with_attack"": false}}}}}, ""biccos_applicable"": true, ""biccos_effective"": false, ""deviations"": [""config mapping: derived (no official category; vit_2023 transformer config)"", ""attack-off (user decision D20): all attack/falsification stages disabled, see config.attack.overrides"", ""L1 API: explicit solver.alpha-crown.share_alphas=true (ViT ONNX hook is not triggered by native modules); avoids large independent alpha tensors"", ""Python 3.11 typing.override compatibility via typing_extensions (no ACT source change)"", ""float32 stable interpreter; general.double_fp=false; solver.use_float64_in_last_iteration=false"", ""solver.batch_size=16; auto_enlarge_batch_size=false for concurrent GPU memory budget"", ""API CLI biccos_off token selects adapter; actual config is official vit.yaml (BICCOS unchanged)"", ""input route: Python API ABCrownSolver instead of abcrown.py + VNN-LIB (VNN-LIB cannot encode an l1 ball)"", ""ABCrownSolver._build_vnnlib_handler overridden to pass the l1 range dict (X, eps, data_min, data_max)"", ""specification.norm = 1 (the official file is an l_inf VNN-COMP config)"", ""general.adhoc_tuning None: api.py cannot eval Customized(); the vit hook only sets share_alphas when >= 6 MatMul modules exist, and this PyTorch module has 0, so the hook is a no-op here""], ""mapping"": ""derived (no official category; vit_2023 transformer config)"", ""notes"": [], ""official"": ""exp_configs/vnncomp23/vit.yaml"", ""official_biccos"": false, ""official_pgd_order"": ""skip"", ""variant"": ""official""}","[""config mapping: derived (no official category; vit_2023 transformer config)"", ""attack-off (user decision D20): all attack/falsification stages disabled, see config.attack.overrides"", ""L1 API: explicit solver.alpha-crown.share_alphas=true (ViT ONNX hook is not triggered by native modules); avoids large independent alpha tensors"", ""Python 3.11 typing.override compatibility via typing_extensions (no ACT source change)"", ""float32 stable interpreter; general.double_fp=false; solver.use_float64_in_last_iteration=false"", ""solver.batch_size=16; auto_enlarge_batch_size=false for concurrent GPU memory budget"", ""API CLI biccos_off token selects adapter; actual config is official vit.yaml (BICCOS unchanged)"", ""input route: Python API ABCrownSolver instead of abcrown.py + VNN-LIB (VNN-LIB cannot encode an l1 ball)"", ""ABCrownSolver._build_vnnlib_handler overridden to pass the l1 range dict (X, eps, data_min, data_max)"", ""specification.norm = 1 (the official file is an l_inf VNN-COMP config)"", ""general.adhoc_tuning None: api.py cannot eval Customized(); the vit hook only sets share_alphas when >= 6 MatMul modules exist, and this PyTorch module has 0, so the hook is a no-op here""]",,,19.0,16058.0,official_attack_off_f32_lp1_sharedalpha_batch16,"[""abcrown"",""scratch/text_export/yelp_p1/yelp_buffet/onnx/yelp_d3_L9.onnx"",""scratch/text_export/yelp_p1/yelp_buffet/vnnlib/query_index_q0012_d3_L9_e7941_p1_eps0p2.v1.vnnlib"",30.0,""official_attack_off_f32_lp1_sharedalpha_batch16""]",
yelp_p1,13,yelp_d3_L10.onnx,query_index_q0013_d3_L10_e37590_p1_eps0p2.v1.vnnlib,unsat,1.033,CERTIFIED,1,30.0,1.033,22.587,21.555,23.576221749186516,0,0,,,Native API unsafe is conservatively UNKNOWN; no unvalidated L1 witness accepted,0,scratch/logs/fse2026/abcrown/yelp_p1/00013_lp1_5dcuabea.log,6b8bbcfac1c01da1cabd240a87e4dce1a65f5a2b,"{""attack"": {""attack_off"": true, ""hook_replacements"": {}, ""overrides"": {""attack"": {""enable_mip_attack"": false, ""input_split_check_adv"": {""enabled"": ""false""}, ""pgd_order"": ""skip""}, ""bab"": {""attack"": {""enabled"": false}, ""branching"": {""input_split"": {""update_rhs_with_attack"": false}}}}}, ""biccos_applicable"": true, ""biccos_effective"": false, ""deviations"": [""config mapping: derived (no official category; vit_2023 transformer config)"", ""attack-off (user decision D20): all attack/falsification stages disabled, see config.attack.overrides"", ""L1 API: explicit solver.alpha-crown.share_alphas=true (ViT ONNX hook is not triggered by native modules); avoids large independent alpha tensors"", ""Python 3.11 typing.override compatibility via typing_extensions (no ACT source change)"", ""float32 stable interpreter; general.double_fp=false; solver.use_float64_in_last_iteration=false"", ""solver.batch_size=16; auto_enlarge_batch_size=false for concurrent GPU memory budget"", ""API CLI biccos_off token selects adapter; actual config is official vit.yaml (BICCOS unchanged)"", ""input route: Python API ABCrownSolver instead of abcrown.py + VNN-LIB (VNN-LIB cannot encode an l1 ball)"", ""ABCrownSolver._build_vnnlib_handler overridden to pass the l1 range dict (X, eps, data_min, data_max)"", ""specification.norm = 1 (the official file is an l_inf VNN-COMP config)"", ""general.adhoc_tuning None: api.py cannot eval Customized(); the vit hook only sets share_alphas when >= 6 MatMul modules exist, and this PyTorch module has 0, so the hook is a no-op here""], ""mapping"": ""derived (no official category; vit_2023 transformer config)"", ""notes"": [], ""official"": ""exp_configs/vnncomp23/vit.yaml"", ""official_biccos"": false, ""official_pgd_order"": ""skip"", ""variant"": ""official""}","[""config mapping: derived (no official category; vit_2023 transformer config)"", ""attack-off (user decision D20): all attack/falsification stages disabled, see config.attack.overrides"", ""L1 API: explicit solver.alpha-crown.share_alphas=true (ViT ONNX hook is not triggered by native modules); avoids large independent alpha tensors"", ""Python 3.11 typing.override compatibility via typing_extensions (no ACT source change)"", ""float32 stable interpreter; general.double_fp=false; solver.use_float64_in_last_iteration=false"", ""solver.batch_size=16; auto_enlarge_batch_size=false for concurrent GPU memory budget"", ""API CLI biccos_off token selects adapter; actual config is official vit.yaml (BICCOS unchanged)"", ""input route: Python API ABCrownSolver instead of abcrown.py + VNN-LIB (VNN-LIB cannot encode an l1 ball)"", ""ABCrownSolver._build_vnnlib_handler overridden to pass the l1 range dict (X, eps, data_min, data_max)"", ""specification.norm = 1 (the official file is an l_inf VNN-COMP config)"", ""general.adhoc_tuning None: api.py cannot eval Customized(); the vit hook only sets share_alphas when >= 6 MatMul modules exist, and this PyTorch module has 0, so the hook is a no-op here""]",,,0.0,82640.0,official_attack_off_f32_lp1_sharedalpha_batch16,"[""abcrown"",""scratch/text_export/yelp_p1/yelp_buffet/onnx/yelp_d3_L10.onnx"",""scratch/text_export/yelp_p1/yelp_buffet/vnnlib/query_index_q0013_d3_L10_e37590_p1_eps0p2.v1.vnnlib"",30.0,""official_attack_off_f32_lp1_sharedalpha_batch16""]",
yelp_p1,14,yelp_d3_L11.onnx,query_index_q0014_d3_L11_e9935_p1_eps0p2.v1.vnnlib,unsat,5.369,CERTIFIED,1,30.0,5.369,27.003,21.635,27.987540224567056,0,0,,,Native API unsafe is conservatively UNKNOWN; no unvalidated L1 witness accepted,0,scratch/logs/fse2026/abcrown/yelp_p1/00014_lp1_ruslnydc.log,6b8bbcfac1c01da1cabd240a87e4dce1a65f5a2b,"{""attack"": {""attack_off"": true, ""hook_replacements"": {}, ""overrides"": {""attack"": {""enable_mip_attack"": false, ""input_split_check_adv"": {""enabled"": ""false""}, ""pgd_order"": ""skip""}, ""bab"": {""attack"": {""enabled"": false}, ""branching"": {""input_split"": {""update_rhs_with_attack"": false}}}}}, ""biccos_applicable"": true, ""biccos_effective"": false, ""deviations"": [""config mapping: derived (no official category; vit_2023 transformer config)"", ""attack-off (user decision D20): all attack/falsification stages disabled, see config.attack.overrides"", ""L1 API: explicit solver.alpha-crown.share_alphas=true (ViT ONNX hook is not triggered by native modules); avoids large independent alpha tensors"", ""Python 3.11 typing.override compatibility via typing_extensions (no ACT source change)"", ""float32 stable interpreter; general.double_fp=false; solver.use_float64_in_last_iteration=false"", ""solver.batch_size=16; auto_enlarge_batch_size=false for concurrent GPU memory budget"", ""API CLI biccos_off token selects adapter; actual config is official vit.yaml (BICCOS unchanged)"", ""input route: Python API ABCrownSolver instead of abcrown.py + VNN-LIB (VNN-LIB cannot encode an l1 ball)"", ""ABCrownSolver._build_vnnlib_handler overridden to pass the l1 range dict (X, eps, data_min, data_max)"", ""specification.norm = 1 (the official file is an l_inf VNN-COMP config)"", ""general.adhoc_tuning None: api.py cannot eval Customized(); the vit hook only sets share_alphas when >= 6 MatMul modules exist, and this PyTorch module has 0, so the hook is a no-op here""], ""mapping"": ""derived (no official category; vit_2023 transformer config)"", ""notes"": [], ""official"": ""exp_configs/vnncomp23/vit.yaml"", ""official_biccos"": false, ""official_pgd_order"": ""skip"", ""variant"": ""official""}","[""config mapping: derived (no official category; vit_2023 transformer config)"", ""attack-off (user decision D20): all attack/falsification stages disabled, see config.attack.overrides"", ""L1 API: explicit solver.alpha-crown.share_alphas=true (ViT ONNX hook is not triggered by native modules); avoids large independent alpha tensors"", ""Python 3.11 typing.override compatibility via typing_extensions (no ACT source change)"", ""float32 stable interpreter; general.double_fp=false; solver.use_float64_in_last_iteration=false"", ""solver.batch_size=16; auto_enlarge_batch_size=false for concurrent GPU memory budget"", ""API CLI biccos_off token selects adapter; actual config is official vit.yaml (BICCOS unchanged)"", ""input route: Python API ABCrownSolver instead of abcrown.py + VNN-LIB (VNN-LIB cannot encode an l1 ball)"", ""ABCrownSolver._build_vnnlib_handler overridden to pass the l1 range dict (X, eps, data_min, data_max)"", ""specification.norm = 1 (the official file is an l_inf VNN-COMP config)"", ""general.adhoc_tuning None: api.py cannot eval Customized(); the vit hook only sets share_alphas when >= 6 MatMul modules exist, and this PyTorch module has 0, so the hook is a no-op here""]",,,0.0,86032.0,official_attack_off_f32_lp1_sharedalpha_batch16,"[""abcrown"",""scratch/text_export/yelp_p1/yelp_buffet/onnx/yelp_d3_L11.onnx"",""scratch/text_export/yelp_p1/yelp_buffet/vnnlib/query_index_q0014_d3_L11_e9935_p1_eps0p2.v1.vnnlib"",30.0,""official_attack_off_f32_lp1_sharedalpha_batch16""]",
yelp_p1,15,yelp_d3_L8.onnx,query_index_q0015_d3_L8_e19222_p1_eps0p2.v1.vnnlib,unsat,1.018,CERTIFIED,1,30.0,1.018,22.889,21.871,23.886129338294268,0,0,,,Native API unsafe is conservatively UNKNOWN; no unvalidated L1 witness accepted,0,scratch/logs/fse2026/abcrown/yelp_p1/00015_lp1_st0hddv_.log,6b8bbcfac1c01da1cabd240a87e4dce1a65f5a2b,"{""attack"": {""attack_off"": true, ""hook_replacements"": {}, ""overrides"": {""attack"": {""enable_mip_attack"": false, ""input_split_check_adv"": {""enabled"": ""false""}, ""pgd_order"": ""skip""}, ""bab"": {""attack"": {""enabled"": false}, ""branching"": {""input_split"": {""update_rhs_with_attack"": false}}}}}, ""biccos_applicable"": true, ""biccos_effective"": false, ""deviations"": [""config mapping: derived (no official category; vit_2023 transformer config)"", ""attack-off (user decision D20): all attack/falsification stages disabled, see config.attack.overrides"", ""L1 API: explicit solver.alpha-crown.share_alphas=true (ViT ONNX hook is not triggered by native modules); avoids large independent alpha tensors"", ""Python 3.11 typing.override compatibility via typing_extensions (no ACT source change)"", ""float32 stable interpreter; general.double_fp=false; solver.use_float64_in_last_iteration=false"", ""solver.batch_size=16; auto_enlarge_batch_size=false for concurrent GPU memory budget"", ""API CLI biccos_off token selects adapter; actual config is official vit.yaml (BICCOS unchanged)"", ""input route: Python API ABCrownSolver instead of abcrown.py + VNN-LIB (VNN-LIB cannot encode an l1 ball)"", ""ABCrownSolver._build_vnnlib_handler overridden to pass the l1 range dict (X, eps, data_min, data_max)"", ""specification.norm = 1 (the official file is an l_inf VNN-COMP config)"", ""general.adhoc_tuning None: api.py cannot eval Customized(); the vit hook only sets share_alphas when >= 6 MatMul modules exist, and this PyTorch module has 0, so the hook is a no-op here""], ""mapping"": ""derived (no official category; vit_2023 transformer config)"", ""notes"": [], ""official"": ""exp_configs/vnncomp23/vit.yaml"", ""official_biccos"": false, ""official_pgd_order"": ""skip"", ""variant"": ""official""}","[""config mapping: derived (no official category; vit_2023 transformer config)"", ""attack-off (user decision D20): all attack/falsification stages disabled, see config.attack.overrides"", ""L1 API: explicit solver.alpha-crown.share_alphas=true (ViT ONNX hook is not triggered by native modules); avoids large independent alpha tensors"", ""Python 3.11 typing.override compatibility via typing_extensions (no ACT source change)"", ""float32 stable interpreter; general.double_fp=false; solver.use_float64_in_last_iteration=false"", ""solver.batch_size=16; auto_enlarge_batch_size=false for concurrent GPU memory budget"", ""API CLI biccos_off token selects adapter; actual config is official vit.yaml (BICCOS unchanged)"", ""input route: Python API ABCrownSolver instead of abcrown.py + VNN-LIB (VNN-LIB cannot encode an l1 ball)"", ""ABCrownSolver._build_vnnlib_handler overridden to pass the l1 range dict (X, eps, data_min, data_max)"", ""specification.norm = 1 (the official file is an l_inf VNN-COMP config)"", ""general.adhoc_tuning None: api.py cannot eval Customized(); the vit hook only sets share_alphas when >= 6 MatMul modules exist, and this PyTorch module has 0, so the hook is a no-op here""]",,,12.0,86032.0,official_attack_off_f32_lp1_sharedalpha_batch16,"[""abcrown"",""scratch/text_export/yelp_p1/yelp_buffet/onnx/yelp_d3_L8.onnx"",""scratch/text_export/yelp_p1/yelp_buffet/vnnlib/query_index_q0015_d3_L8_e19222_p1_eps0p2.v1.vnnlib"",30.0,""official_attack_off_f32_lp1_sharedalpha_batch16""]",
yelp_p1,16,yelp_d3_L20.onnx,query_index_q0016_d3_L20_e23947_p1_eps0p2.v1.vnnlib,unsat,2.987,CERTIFIED,1,30.0,2.987,25.198,22.21,26.240151699632406,0,0,,,Native API unsafe is conservatively UNKNOWN; no unvalidated L1 witness accepted,0,scratch/logs/fse2026/abcrown/yelp_p1/00016_lp1_2yxleulx.log,6b8bbcfac1c01da1cabd240a87e4dce1a65f5a2b,"{""attack"": {""attack_off"": true, ""hook_replacements"": {}, ""overrides"": {""attack"": {""enable_mip_attack"": false, ""input_split_check_adv"": {""enabled"": ""false""}, ""pgd_order"": ""skip""}, ""bab"": {""attack"": {""enabled"": false}, ""branching"": {""input_split"": {""update_rhs_with_attack"": false}}}}}, ""biccos_applicable"": true, ""biccos_effective"": false, ""deviations"": [""config mapping: derived (no official category; vit_2023 transformer config)"", ""attack-off (user decision D20): all attack/falsification stages disabled, see config.attack.overrides"", ""L1 API: explicit solver.alpha-crown.share_alphas=true (ViT ONNX hook is not triggered by native modules); avoids large independent alpha tensors"", ""Python 3.11 typing.override compatibility via typing_extensions (no ACT source change)"", ""float32 stable interpreter; general.double_fp=false; solver.use_float64_in_last_iteration=false"", ""solver.batch_size=16; auto_enlarge_batch_size=false for concurrent GPU memory budget"", ""API CLI biccos_off token selects adapter; actual config is official vit.yaml (BICCOS unchanged)"", ""input route: Python API ABCrownSolver instead of abcrown.py + VNN-LIB (VNN-LIB cannot encode an l1 ball)"", ""ABCrownSolver._build_vnnlib_handler overridden to pass the l1 range dict (X, eps, data_min, data_max)"", ""specification.norm = 1 (the official file is an l_inf VNN-COMP config)"", ""general.adhoc_tuning None: api.py cannot eval Customized(); the vit hook only sets share_alphas when >= 6 MatMul modules exist, and this PyTorch module has 0, so the hook is a no-op here""], ""mapping"": ""derived (no official category; vit_2023 transformer config)"", ""notes"": [], ""official"": ""exp_configs/vnncomp23/vit.yaml"", ""official_biccos"": false, ""official_pgd_order"": ""skip"", ""variant"": ""official""}","[""config mapping: derived (no official category; vit_2023 transformer config)"", ""attack-off (user decision D20): all attack/falsification stages disabled, see config.attack.overrides"", ""L1 API: explicit solver.alpha-crown.share_alphas=true (ViT ONNX hook is not triggered by native modules); avoids large independent alpha tensors"", ""Python 3.11 typing.override compatibility via typing_extensions (no ACT source change)"", ""float32 stable interpreter; general.double_fp=false; solver.use_float64_in_last_iteration=false"", ""solver.batch_size=16; auto_enlarge_batch_size=false for concurrent GPU memory budget"", ""API CLI biccos_off token selects adapter; actual config is official vit.yaml (BICCOS unchanged)"", ""input route: Python API ABCrownSolver instead of abcrown.py + VNN-LIB (VNN-LIB cannot encode an l1 ball)"", ""ABCrownSolver._build_vnnlib_handler overridden to pass the l1 range dict (X, eps, data_min, data_max)"", ""specification.norm = 1 (the official file is an l_inf VNN-COMP config)"", ""general.adhoc_tuning None: api.py cannot eval Customized(); the vit hook only sets share_alphas when >= 6 MatMul modules exist, and this PyTorch module has 0, so the hook is a no-op here""]",,,0.0,12214.0,official_attack_off_f32_lp1_sharedalpha_batch16,"[""abcrown"",""scratch/text_export/yelp_p1/yelp_buffet/onnx/yelp_d3_L20.onnx"",""scratch/text_export/yelp_p1/yelp_buffet/vnnlib/query_index_q0016_d3_L20_e23947_p1_eps0p2.v1.vnnlib"",30.0,""official_attack_off_f32_lp1_sharedalpha_batch16""]",
yelp_p1,17,yelp_d3_L6.onnx,query_index_q0017_d3_L6_e26110_p1_eps0p2.v1.vnnlib,unsat,1.79,CERTIFIED,1,30.0,1.79,23.904,22.114,24.942648565396667,0,0,,,Native API unsafe is conservatively UNKNOWN; no unvalidated L1 witness accepted,0,scratch/logs/fse2026/abcrown/yelp_p1/00017_lp1_kyxnwv2c.log,6b8bbcfac1c01da1cabd240a87e4dce1a65f5a2b,"{""attack"": {""attack_off"": true, ""hook_replacements"": {}, ""overrides"": {""attack"": {""enable_mip_attack"": false, ""input_split_check_adv"": {""enabled"": ""false""}, ""pgd_order"": ""skip""}, ""bab"": {""attack"": {""enabled"": false}, ""branching"": {""input_split"": {""update_rhs_with_attack"": false}}}}}, ""biccos_applicable"": true, ""biccos_effective"": false, ""deviations"": [""config mapping: derived (no official category; vit_2023 transformer config)"", ""attack-off (user decision D20): all attack/falsification stages disabled, see config.attack.overrides"", ""L1 API: explicit solver.alpha-crown.share_alphas=true (ViT ONNX hook is not triggered by native modules); avoids large independent alpha tensors"", ""Python 3.11 typing.override compatibility via typing_extensions (no ACT source change)"", ""float32 stable interpreter; general.double_fp=false; solver.use_float64_in_last_iteration=false"", ""solver.batch_size=16; auto_enlarge_batch_size=false for concurrent GPU memory budget"", ""API CLI biccos_off token selects adapter; actual config is official vit.yaml (BICCOS unchanged)"", ""input route: Python API ABCrownSolver instead of abcrown.py + VNN-LIB (VNN-LIB cannot encode an l1 ball)"", ""ABCrownSolver._build_vnnlib_handler overridden to pass the l1 range dict (X, eps, data_min, data_max)"", ""specification.norm = 1 (the official file is an l_inf VNN-COMP config)"", ""general.adhoc_tuning None: api.py cannot eval Customized(); the vit hook only sets share_alphas when >= 6 MatMul modules exist, and this PyTorch module has 0, so the hook is a no-op here""], ""mapping"": ""derived (no official category; vit_2023 transformer config)"", ""notes"": [], ""official"": ""exp_configs/vnncomp23/vit.yaml"", ""official_biccos"": false, ""official_pgd_order"": ""skip"", ""variant"": ""official""}","[""config mapping: derived (no official category; vit_2023 transformer config)"", ""attack-off (user decision D20): all attack/falsification stages disabled, see config.attack.overrides"", ""L1 API: explicit solver.alpha-crown.share_alphas=true (ViT ONNX hook is not triggered by native modules); avoids large independent alpha tensors"", ""Python 3.11 typing.override compatibility via typing_extensions (no ACT source change)"", ""float32 stable interpreter; general.double_fp=false; solver.use_float64_in_last_iteration=false"", ""solver.batch_size=16; auto_enlarge_batch_size=false for concurrent GPU memory budget"", ""API CLI biccos_off token selects adapter; actual config is official vit.yaml (BICCOS unchanged)"", ""input route: Python API ABCrownSolver instead of abcrown.py + VNN-LIB (VNN-LIB cannot encode an l1 ball)"", ""ABCrownSolver._build_vnnlib_handler overridden to pass the l1 range dict (X, eps, data_min, data_max)"", ""specification.norm = 1 (the official file is an l_inf VNN-COMP config)"", ""general.adhoc_tuning None: api.py cannot eval Customized(); the vit hook only sets share_alphas when >= 6 MatMul modules exist, and this PyTorch module has 0, so the hook is a no-op here""]",,,92.0,45224.0,official_attack_off_f32_lp1_sharedalpha_batch16,"[""abcrown"",""scratch/text_export/yelp_p1/yelp_buffet/onnx/yelp_d3_L6.onnx"",""scratch/text_export/yelp_p1/yelp_buffet/vnnlib/query_index_q0017_d3_L6_e26110_p1_eps0p2.v1.vnnlib"",30.0,""official_attack_off_f32_lp1_sharedalpha_batch16""]",
yelp_p1,18,yelp_d3_L15.onnx,query_index_q0018_d3_L15_e27872_p1_eps0p2.v1.vnnlib,unsat,2.5,CERTIFIED,1,30.0,2.5,25.563,23.062,26.692366601899266,0,0,,,Native API unsafe is conservatively UNKNOWN; no unvalidated L1 witness accepted,0,scratch/logs/fse2026/abcrown/yelp_p1/00018_lp1_p89lmaog.log,6b8bbcfac1c01da1cabd240a87e4dce1a65f5a2b,"{""attack"": {""attack_off"": true, ""hook_replacements"": {}, ""overrides"": {""attack"": {""enable_mip_attack"": false, ""input_split_check_adv"": {""enabled"": ""false""}, ""pgd_order"": ""skip""}, ""bab"": {""attack"": {""enabled"": false}, ""branching"": {""input_split"": {""update_rhs_with_attack"": false}}}}}, ""biccos_applicable"": true, ""biccos_effective"": false, ""deviations"": [""config mapping: derived (no official category; vit_2023 transformer config)"", ""attack-off (user decision D20): all attack/falsification stages disabled, see config.attack.overrides"", ""L1 API: explicit solver.alpha-crown.share_alphas=true (ViT ONNX hook is not triggered by native modules); avoids large independent alpha tensors"", ""Python 3.11 typing.override compatibility via typing_extensions (no ACT source change)"", ""float32 stable interpreter; general.double_fp=false; solver.use_float64_in_last_iteration=false"", ""solver.batch_size=16; auto_enlarge_batch_size=false for concurrent GPU memory budget"", ""API CLI biccos_off token selects adapter; actual config is official vit.yaml (BICCOS unchanged)"", ""input route: Python API ABCrownSolver instead of abcrown.py + VNN-LIB (VNN-LIB cannot encode an l1 ball)"", ""ABCrownSolver._build_vnnlib_handler overridden to pass the l1 range dict (X, eps, data_min, data_max)"", ""specification.norm = 1 (the official file is an l_inf VNN-COMP config)"", ""general.adhoc_tuning None: api.py cannot eval Customized(); the vit hook only sets share_alphas when >= 6 MatMul modules exist, and this PyTorch module has 0, so the hook is a no-op here""], ""mapping"": ""derived (no official category; vit_2023 transformer config)"", ""notes"": [], ""official"": ""exp_configs/vnncomp23/vit.yaml"", ""official_biccos"": false, ""official_pgd_order"": ""skip"", ""variant"": ""official""}","[""config mapping: derived (no official category; vit_2023 transformer config)"", ""attack-off (user decision D20): all attack/falsification stages disabled, see config.attack.overrides"", ""L1 API: explicit solver.alpha-crown.share_alphas=true (ViT ONNX hook is not triggered by native modules); avoids large independent alpha tensors"", ""Python 3.11 typing.override compatibility via typing_extensions (no ACT source change)"", ""float32 stable interpreter; general.double_fp=false; solver.use_float64_in_last_iteration=false"", ""solver.batch_size=16; auto_enlarge_batch_size=false for concurrent GPU memory budget"", ""API CLI biccos_off token selects adapter; actual config is official vit.yaml (BICCOS unchanged)"", ""input route: Python API ABCrownSolver instead of abcrown.py + VNN-LIB (VNN-LIB cannot encode an l1 ball)"", ""ABCrownSolver._build_vnnlib_handler overridden to pass the l1 range dict (X, eps, data_min, data_max)"", ""specification.norm = 1 (the official file is an l_inf VNN-COMP config)"", ""general.adhoc_tuning None: api.py cannot eval Customized(); the vit hook only sets share_alphas when >= 6 MatMul modules exist, and this PyTorch module has 0, so the hook is a no-op here""]",,,6.0,51860.0,official_attack_off_f32_lp1_sharedalpha_batch16,"[""abcrown"",""scratch/text_export/yelp_p1/yelp_buffet/onnx/yelp_d3_L15.onnx"",""scratch/text_export/yelp_p1/yelp_buffet/vnnlib/query_index_q0018_d3_L15_e27872_p1_eps0p2.v1.vnnlib"",30.0,""official_attack_off_f32_lp1_sharedalpha_batch16""]",
yelp_p1,19,yelp_d3_L7.onnx,query_index_q0019_d3_L7_e23476_p1_eps0p2.v1.vnnlib,unsat,1.484,CERTIFIED,1,30.0,1.484,23.803,22.319,24.856572998687625,0,0,,,Native API unsafe is conservatively UNKNOWN; no unvalidated L1 witness accepted,0,scratch/logs/fse2026/abcrown/yelp_p1/00019_lp1_q7dkyk50.log,6b8bbcfac1c01da1cabd240a87e4dce1a65f5a2b,"{""attack"": {""attack_off"": true, ""hook_replacements"": {}, ""overrides"": {""attack"": {""enable_mip_attack"": false, ""input_split_check_adv"": {""enabled"": ""false""}, ""pgd_order"": ""skip""}, ""bab"": {""attack"": {""enabled"": false}, ""branching"": {""input_split"": {""update_rhs_with_attack"": false}}}}}, ""biccos_applicable"": true, ""biccos_effective"": false, ""deviations"": [""config mapping: derived (no official category; vit_2023 transformer config)"", ""attack-off (user decision D20): all attack/falsification stages disabled, see config.attack.overrides"", ""L1 API: explicit solver.alpha-crown.share_alphas=true (ViT ONNX hook is not triggered by native modules); avoids large independent alpha tensors"", ""Python 3.11 typing.override compatibility via typing_extensions (no ACT source change)"", ""float32 stable interpreter; general.double_fp=false; solver.use_float64_in_last_iteration=false"", ""solver.batch_size=16; auto_enlarge_batch_size=false for concurrent GPU memory budget"", ""API CLI biccos_off token selects adapter; actual config is official vit.yaml (BICCOS unchanged)"", ""input route: Python API ABCrownSolver instead of abcrown.py + VNN-LIB (VNN-LIB cannot encode an l1 ball)"", ""ABCrownSolver._build_vnnlib_handler overridden to pass the l1 range dict (X, eps, data_min, data_max)"", ""specification.norm = 1 (the official file is an l_inf VNN-COMP config)"", ""general.adhoc_tuning None: api.py cannot eval Customized(); the vit hook only sets share_alphas when >= 6 MatMul modules exist, and this PyTorch module has 0, so the hook is a no-op here""], ""mapping"": ""derived (no official category; vit_2023 transformer config)"", ""notes"": [], ""official"": ""exp_configs/vnncomp23/vit.yaml"", ""official_biccos"": false, ""official_pgd_order"": ""skip"", ""variant"": ""official""}","[""config mapping: derived (no official category; vit_2023 transformer config)"", ""attack-off (user decision D20): all attack/falsification stages disabled, see config.attack.overrides"", ""L1 API: explicit solver.alpha-crown.share_alphas=true (ViT ONNX hook is not triggered by native modules); avoids large independent alpha tensors"", ""Python 3.11 typing.override compatibility via typing_extensions (no ACT source change)"", ""float32 stable interpreter; general.double_fp=false; solver.use_float64_in_last_iteration=false"", ""solver.batch_size=16; auto_enlarge_batch_size=false for concurrent GPU memory budget"", ""API CLI biccos_off token selects adapter; actual config is official vit.yaml (BICCOS unchanged)"", ""input route: Python API ABCrownSolver instead of abcrown.py + VNN-LIB (VNN-LIB cannot encode an l1 ball)"", ""ABCrownSolver._build_vnnlib_handler overridden to pass the l1 range dict (X, eps, data_min, data_max)"", ""specification.norm = 1 (the official file is an l_inf VNN-COMP config)"", ""general.adhoc_tuning None: api.py cannot eval Customized(); the vit hook only sets share_alphas when >= 6 MatMul modules exist, and this PyTorch module has 0, so the hook is a no-op here""]",,,0.0,45320.0,official_attack_off_f32_lp1_sharedalpha_batch16,"[""abcrown"",""scratch/text_export/yelp_p1/yelp_buffet/onnx/yelp_d3_L7.onnx"",""scratch/text_export/yelp_p1/yelp_buffet/vnnlib/query_index_q0019_d3_L7_e23476_p1_eps0p2.v1.vnnlib"",30.0,""official_attack_off_f32_lp1_sharedalpha_batch16""]",
yelp_p1,20,yelp_d3_L13.onnx,query_index_q0020_d3_L13_e22016_p1_eps0p3.v1.vnnlib,unsat,4.692,CERTIFIED,1,30.0,4.692,26.668,21.976,27.8488788921386,0,0,,,Native API unsafe is conservatively UNKNOWN; no unvalidated L1 witness accepted,0,scratch/logs/fse2026/abcrown/yelp_p1/00020_lp1_7e5d44tr.log,6b8bbcfac1c01da1cabd240a87e4dce1a65f5a2b,"{""attack"": {""attack_off"": true, ""hook_replacements"": {}, ""overrides"": {""attack"": {""enable_mip_attack"": false, ""input_split_check_adv"": {""enabled"": ""false""}, ""pgd_order"": ""skip""}, ""bab"": {""attack"": {""enabled"": false}, ""branching"": {""input_split"": {""update_rhs_with_attack"": false}}}}}, ""biccos_applicable"": true, ""biccos_effective"": false, ""deviations"": [""config mapping: derived (no official category; vit_2023 transformer config)"", ""attack-off (user decision D20): all attack/falsification stages disabled, see config.attack.overrides"", ""L1 API: explicit solver.alpha-crown.share_alphas=true (ViT ONNX hook is not triggered by native modules); avoids large independent alpha tensors"", ""Python 3.11 typing.override compatibility via typing_extensions (no ACT source change)"", ""float32 stable interpreter; general.double_fp=false; solver.use_float64_in_last_iteration=false"", ""solver.batch_size=16; auto_enlarge_batch_size=false for concurrent GPU memory budget"", ""API CLI biccos_off token selects adapter; actual config is official vit.yaml (BICCOS unchanged)"", ""input route: Python API ABCrownSolver instead of abcrown.py + VNN-LIB (VNN-LIB cannot encode an l1 ball)"", ""ABCrownSolver._build_vnnlib_handler overridden to pass the l1 range dict (X, eps, data_min, data_max)"", ""specification.norm = 1 (the official file is an l_inf VNN-COMP config)"", ""general.adhoc_tuning None: api.py cannot eval Customized(); the vit hook only sets share_alphas when >= 6 MatMul modules exist, and this PyTorch module has 0, so the hook is a no-op here""], ""mapping"": ""derived (no official category; vit_2023 transformer config)"", ""notes"": [], ""official"": ""exp_configs/vnncomp23/vit.yaml"", ""official_biccos"": false, ""official_pgd_order"": ""skip"", ""variant"": ""official""}","[""config mapping: derived (no official category; vit_2023 transformer config)"", ""attack-off (user decision D20): all attack/falsification stages disabled, see config.attack.overrides"", ""L1 API: explicit solver.alpha-crown.share_alphas=true (ViT ONNX hook is not triggered by native modules); avoids large independent alpha tensors"", ""Python 3.11 typing.override compatibility via typing_extensions (no ACT source change)"", ""float32 stable interpreter; general.double_fp=false; solver.use_float64_in_last_iteration=false"", ""solver.batch_size=16; auto_enlarge_batch_size=false for concurrent GPU memory budget"", ""API CLI biccos_off token selects adapter; actual config is official vit.yaml (BICCOS unchanged)"", ""input route: Python API ABCrownSolver instead of abcrown.py + VNN-LIB (VNN-LIB cannot encode an l1 ball)"", ""ABCrownSolver._build_vnnlib_handler overridden to pass the l1 range dict (X, eps, data_min, data_max)"", ""specification.norm = 1 (the official file is an l_inf VNN-COMP config)"", ""general.adhoc_tuning None: api.py cannot eval Customized(); the vit hook only sets share_alphas when >= 6 MatMul modules exist, and this PyTorch module has 0, so the hook is a no-op here""]",,,0.0,69686.0,official_attack_off_f32_lp1_sharedalpha_batch16,"[""abcrown"",""scratch/text_export/yelp_p1/yelp_buffet/onnx/yelp_d3_L13.onnx"",""scratch/text_export/yelp_p1/yelp_buffet/vnnlib/query_index_q0020_d3_L13_e22016_p1_eps0p3.v1.vnnlib"",30.0,""official_attack_off_f32_lp1_sharedalpha_batch16""]",
yelp_p1,21,yelp_d3_L13.onnx,query_index_q0021_d3_L13_e14465_p1_eps0p3.v1.vnnlib,unsat,4.774,CERTIFIED,1,30.0,4.774,26.659,21.885,27.69179419055581,0,0,,,Native API unsafe is conservatively UNKNOWN; no unvalidated L1 witness accepted,0,scratch/logs/fse2026/abcrown/yelp_p1/00021_lp1_3ync170p.log,6b8bbcfac1c01da1cabd240a87e4dce1a65f5a2b,"{""attack"": {""attack_off"": true, ""hook_replacements"": {}, ""overrides"": {""attack"": {""enable_mip_attack"": false, ""input_split_check_adv"": {""enabled"": ""false""}, ""pgd_order"": ""skip""}, ""bab"": {""attack"": {""enabled"": false}, ""branching"": {""input_split"": {""update_rhs_with_attack"": false}}}}}, ""biccos_applicable"": true, ""biccos_effective"": false, ""deviations"": [""config mapping: derived (no official category; vit_2023 transformer config)"", ""attack-off (user decision D20): all attack/falsification stages disabled, see config.attack.overrides"", ""L1 API: explicit solver.alpha-crown.share_alphas=true (ViT ONNX hook is not triggered by native modules); avoids large independent alpha tensors"", ""Python 3.11 typing.override compatibility via typing_extensions (no ACT source change)"", ""float32 stable interpreter; general.double_fp=false; solver.use_float64_in_last_iteration=false"", ""solver.batch_size=16; auto_enlarge_batch_size=false for concurrent GPU memory budget"", ""API CLI biccos_off token selects adapter; actual config is official vit.yaml (BICCOS unchanged)"", ""input route: Python API ABCrownSolver instead of abcrown.py + VNN-LIB (VNN-LIB cannot encode an l1 ball)"", ""ABCrownSolver._build_vnnlib_handler overridden to pass the l1 range dict (X, eps, data_min, data_max)"", ""specification.norm = 1 (the official file is an l_inf VNN-COMP config)"", ""general.adhoc_tuning None: api.py cannot eval Customized(); the vit hook only sets share_alphas when >= 6 MatMul modules exist, and this PyTorch module has 0, so the hook is a no-op here""], ""mapping"": ""derived (no official category; vit_2023 transformer config)"", ""notes"": [], ""official"": ""exp_configs/vnncomp23/vit.yaml"", ""official_biccos"": false, ""official_pgd_order"": ""skip"", ""variant"": ""official""}","[""config mapping: derived (no official category; vit_2023 transformer config)"", ""attack-off (user decision D20): all attack/falsification stages disabled, see config.attack.overrides"", ""L1 API: explicit solver.alpha-crown.share_alphas=true (ViT ONNX hook is not triggered by native modules); avoids large independent alpha tensors"", ""Python 3.11 typing.override compatibility via typing_extensions (no ACT source change)"", ""float32 stable interpreter; general.double_fp=false; solver.use_float64_in_last_iteration=false"", ""solver.batch_size=16; auto_enlarge_batch_size=false for concurrent GPU memory budget"", ""API CLI biccos_off token selects adapter; actual config is official vit.yaml (BICCOS unchanged)"", ""input route: Python API ABCrownSolver instead of abcrown.py + VNN-LIB (VNN-LIB cannot encode an l1 ball)"", ""ABCrownSolver._build_vnnlib_handler overridden to pass the l1 range dict (X, eps, data_min, data_max)"", ""specification.norm = 1 (the official file is an l_inf VNN-COMP config)"", ""general.adhoc_tuning None: api.py cannot eval Customized(); the vit hook only sets share_alphas when >= 6 MatMul modules exist, and this PyTorch module has 0, so the hook is a no-op here""]",,,99.0,87162.0,official_attack_off_f32_lp1_sharedalpha_batch16,"[""abcrown"",""scratch/text_export/yelp_p1/yelp_buffet/onnx/yelp_d3_L13.onnx"",""scratch/text_export/yelp_p1/yelp_buffet/vnnlib/query_index_q0021_d3_L13_e14465_p1_eps0p3.v1.vnnlib"",30.0,""official_attack_off_f32_lp1_sharedalpha_batch16""]",
yelp_p1,22,yelp_d3_L17.onnx,query_index_q0022_d3_L17_e33469_p1_eps0p3.v1.vnnlib,unsat,1.454,CERTIFIED,1,30.0,1.454,23.417,21.963,24.390115916728973,0,0,,,Native API unsafe is conservatively UNKNOWN; no unvalidated L1 witness accepted,0,scratch/logs/fse2026/abcrown/yelp_p1/00022_lp1_olsnh9je.log,6b8bbcfac1c01da1cabd240a87e4dce1a65f5a2b,"{""attack"": {""attack_off"": true, ""hook_replacements"": {}, ""overrides"": {""attack"": {""enable_mip_attack"": false, ""input_split_check_adv"": {""enabled"": ""false""}, ""pgd_order"": ""skip""}, ""bab"": {""attack"": {""enabled"": false}, ""branching"": {""input_split"": {""update_rhs_with_attack"": false}}}}}, ""biccos_applicable"": true, ""biccos_effective"": false, ""deviations"": [""config mapping: derived (no official category; vit_2023 transformer config)"", ""attack-off (user decision D20): all attack/falsification stages disabled, see config.attack.overrides"", ""L1 API: explicit solver.alpha-crown.share_alphas=true (ViT ONNX hook is not triggered by native modules); avoids large independent alpha tensors"", ""Python 3.11 typing.override compatibility via typing_extensions (no ACT source change)"", ""float32 stable interpreter; general.double_fp=false; solver.use_float64_in_last_iteration=false"", ""solver.batch_size=16; auto_enlarge_batch_size=false for concurrent GPU memory budget"", ""API CLI biccos_off token selects adapter; actual config is official vit.yaml (BICCOS unchanged)"", ""input route: Python API ABCrownSolver instead of abcrown.py + VNN-LIB (VNN-LIB cannot encode an l1 ball)"", ""ABCrownSolver._build_vnnlib_handler overridden to pass the l1 range dict (X, eps, data_min, data_max)"", ""specification.norm = 1 (the official file is an l_inf VNN-COMP config)"", ""general.adhoc_tuning None: api.py cannot eval Customized(); the vit hook only sets share_alphas when >= 6 MatMul modules exist, and this PyTorch module has 0, so the hook is a no-op here""], ""mapping"": ""derived (no official category; vit_2023 transformer config)"", ""notes"": [], ""official"": ""exp_configs/vnncomp23/vit.yaml"", ""official_biccos"": false, ""official_pgd_order"": ""skip"", ""variant"": ""official""}","[""config mapping: derived (no official category; vit_2023 transformer config)"", ""attack-off (user decision D20): all attack/falsification stages disabled, see config.attack.overrides"", ""L1 API: explicit solver.alpha-crown.share_alphas=true (ViT ONNX hook is not triggered by native modules); avoids large independent alpha tensors"", ""Python 3.11 typing.override compatibility via typing_extensions (no ACT source change)"", ""float32 stable interpreter; general.double_fp=false; solver.use_float64_in_last_iteration=false"", ""solver.batch_size=16; auto_enlarge_batch_size=false for concurrent GPU memory budget"", ""API CLI biccos_off token selects adapter; actual config is official vit.yaml (BICCOS unchanged)"", ""input route: Python API ABCrownSolver instead of abcrown.py + VNN-LIB (VNN-LIB cannot encode an l1 ball)"", ""ABCrownSolver._build_vnnlib_handler overridden to pass the l1 range dict (X, eps, data_min, data_max)"", ""specification.norm = 1 (the official file is an l_inf VNN-COMP config)"", ""general.adhoc_tuning None: api.py cannot eval Customized(); the vit hook only sets share_alphas when >= 6 MatMul modules exist, and this PyTorch module has 0, so the hook is a no-op here""]",,,90.0,87162.0,official_attack_off_f32_lp1_sharedalpha_batch16,"[""abcrown"",""scratch/text_export/yelp_p1/yelp_buffet/onnx/yelp_d3_L17.onnx"",""scratch/text_export/yelp_p1/yelp_buffet/vnnlib/query_index_q0022_d3_L17_e33469_p1_eps0p3.v1.vnnlib"",30.0,""official_attack_off_f32_lp1_sharedalpha_batch16""]",
yelp_p1,23,yelp_d3_L14.onnx,query_index_q0023_d3_L14_e23177_p1_eps0p3.v1.vnnlib,unsat,1.049,CERTIFIED,1,30.0,1.049,23.944,22.895,25.000494239851832,0,0,,,Native API unsafe is conservatively UNKNOWN; no unvalidated L1 witness accepted,0,scratch/logs/fse2026/abcrown/yelp_p1/00023_lp1_1vywzoxh.log,6b8bbcfac1c01da1cabd240a87e4dce1a65f5a2b,"{""attack"": {""attack_off"": true, ""hook_replacements"": {}, ""overrides"": {""attack"": {""enable_mip_attack"": false, ""input_split_check_adv"": {""enabled"": ""false""}, ""pgd_order"": ""skip""}, ""bab"": {""attack"": {""enabled"": false}, ""branching"": {""input_split"": {""update_rhs_with_attack"": false}}}}}, ""biccos_applicable"": true, ""biccos_effective"": false, ""deviations"": [""config mapping: derived (no official category; vit_2023 transformer config)"", ""attack-off (user decision D20): all attack/falsification stages disabled, see config.attack.overrides"", ""L1 API: explicit solver.alpha-crown.share_alphas=true (ViT ONNX hook is not triggered by native modules); avoids large independent alpha tensors"", ""Python 3.11 typing.override compatibility via typing_extensions (no ACT source change)"", ""float32 stable interpreter; general.double_fp=false; solver.use_float64_in_last_iteration=false"", ""solver.batch_size=16; auto_enlarge_batch_size=false for concurrent GPU memory budget"", ""API CLI biccos_off token selects adapter; actual config is official vit.yaml (BICCOS unchanged)"", ""input route: Python API ABCrownSolver instead of abcrown.py + VNN-LIB (VNN-LIB cannot encode an l1 ball)"", ""ABCrownSolver._build_vnnlib_handler overridden to pass the l1 range dict (X, eps, data_min, data_max)"", ""specification.norm = 1 (the official file is an l_inf VNN-COMP config)"", ""general.adhoc_tuning None: api.py cannot eval Customized(); the vit hook only sets share_alphas when >= 6 MatMul modules exist, and this PyTorch module has 0, so the hook is a no-op here""], ""mapping"": ""derived (no official category; vit_2023 transformer config)"", ""notes"": [], ""official"": ""exp_configs/vnncomp23/vit.yaml"", ""official_biccos"": false, ""official_pgd_order"": ""skip"", ""variant"": ""official""}","[""config mapping: derived (no official category; vit_2023 transformer config)"", ""attack-off (user decision D20): all attack/falsification stages disabled, see config.attack.overrides"", ""L1 API: explicit solver.alpha-crown.share_alphas=true (ViT ONNX hook is not triggered by native modules); avoids large independent alpha tensors"", ""Python 3.11 typing.override compatibility via typing_extensions (no ACT source change)"", ""float32 stable interpreter; general.double_fp=false; solver.use_float64_in_last_iteration=false"", ""solver.batch_size=16; auto_enlarge_batch_size=false for concurrent GPU memory budget"", ""API CLI biccos_off token selects adapter; actual config is official vit.yaml (BICCOS unchanged)"", ""input route: Python API ABCrownSolver instead of abcrown.py + VNN-LIB (VNN-LIB cannot encode an l1 ball)"", ""ABCrownSolver._build_vnnlib_handler overridden to pass the l1 range dict (X, eps, data_min, data_max)"", ""specification.norm = 1 (the official file is an l_inf VNN-COMP config)"", ""general.adhoc_tuning None: api.py cannot eval Customized(); the vit hook only sets share_alphas when >= 6 MatMul modules exist, and this PyTorch module has 0, so the hook is a no-op here""]",,,63.0,21628.0,official_attack_off_f32_lp1_sharedalpha_batch16,"[""abcrown"",""scratch/text_export/yelp_p1/yelp_buffet/onnx/yelp_d3_L14.onnx"",""scratch/text_export/yelp_p1/yelp_buffet/vnnlib/query_index_q0023_d3_L14_e23177_p1_eps0p3.v1.vnnlib"",30.0,""official_attack_off_f32_lp1_sharedalpha_batch16""]",
yelp_p1,24,yelp_d3_L5.onnx,query_index_q0024_d3_L5_e12566_p1_eps0p3.v1.vnnlib,unsat,1.453,CERTIFIED,1,30.0,1.453,23.839,22.386,24.950530502945185,0,0,,,Native API unsafe is conservatively UNKNOWN; no unvalidated L1 witness accepted,0,scratch/logs/fse2026/abcrown/yelp_p1/00024_lp1_smf0z4xk.log,6b8bbcfac1c01da1cabd240a87e4dce1a65f5a2b,"{""attack"": {""attack_off"": true, ""hook_replacements"": {}, ""overrides"": {""attack"": {""enable_mip_attack"": false, ""input_split_check_adv"": {""enabled"": ""false""}, ""pgd_order"": ""skip""}, ""bab"": {""attack"": {""enabled"": false}, ""branching"": {""input_split"": {""update_rhs_with_attack"": false}}}}}, ""biccos_applicable"": true, ""biccos_effective"": false, ""deviations"": [""config mapping: derived (no official category; vit_2023 transformer config)"", ""attack-off (user decision D20): all attack/falsification stages disabled, see config.attack.overrides"", ""L1 API: explicit solver.alpha-crown.share_alphas=true (ViT ONNX hook is not triggered by native modules); avoids large independent alpha tensors"", ""Python 3.11 typing.override compatibility via typing_extensions (no ACT source change)"", ""float32 stable interpreter; general.double_fp=false; solver.use_float64_in_last_iteration=false"", ""solver.batch_size=16; auto_enlarge_batch_size=false for concurrent GPU memory budget"", ""API CLI biccos_off token selects adapter; actual config is official vit.yaml (BICCOS unchanged)"", ""input route: Python API ABCrownSolver instead of abcrown.py + VNN-LIB (VNN-LIB cannot encode an l1 ball)"", ""ABCrownSolver._build_vnnlib_handler overridden to pass the l1 range dict (X, eps, data_min, data_max)"", ""specification.norm = 1 (the official file is an l_inf VNN-COMP config)"", ""general.adhoc_tuning None: api.py cannot eval Customized(); the vit hook only sets share_alphas when >= 6 MatMul modules exist, and this PyTorch module has 0, so the hook is a no-op here""], ""mapping"": ""derived (no official category; vit_2023 transformer config)"", ""notes"": [], ""official"": ""exp_configs/vnncomp23/vit.yaml"", ""official_biccos"": false, ""official_pgd_order"": ""skip"", ""variant"": ""official""}","[""config mapping: derived (no official category; vit_2023 transformer config)"", ""attack-off (user decision D20): all attack/falsification stages disabled, see config.attack.overrides"", ""L1 API: explicit solver.alpha-crown.share_alphas=true (ViT ONNX hook is not triggered by native modules); avoids large independent alpha tensors"", ""Python 3.11 typing.override compatibility via typing_extensions (no ACT source change)"", ""float32 stable interpreter; general.double_fp=false; solver.use_float64_in_last_iteration=false"", ""solver.batch_size=16; auto_enlarge_batch_size=false for concurrent GPU memory budget"", ""API CLI biccos_off token selects adapter; actual config is official vit.yaml (BICCOS unchanged)"", ""input route: Python API ABCrownSolver instead of abcrown.py + VNN-LIB (VNN-LIB cannot encode an l1 ball)"", ""ABCrownSolver._build_vnnlib_handler overridden to pass the l1 range dict (X, eps, data_min, data_max)"", ""specification.norm = 1 (the official file is an l_inf VNN-COMP config)"", ""general.adhoc_tuning None: api.py cannot eval Customized(); the vit hook only sets share_alphas when >= 6 MatMul modules exist, and this PyTorch module has 0, so the hook is a no-op here""]",,,0.0,12174.0,official_attack_off_f32_lp1_sharedalpha_batch16,"[""abcrown"",""scratch/text_export/yelp_p1/yelp_buffet/onnx/yelp_d3_L5.onnx"",""scratch/text_export/yelp_p1/yelp_buffet/vnnlib/query_index_q0024_d3_L5_e12566_p1_eps0p3.v1.vnnlib"",30.0,""official_attack_off_f32_lp1_sharedalpha_batch16""]",
yelp_p1,25,yelp_d3_L16.onnx,query_index_q0025_d3_L16_e29715_p1_eps0p3.v1.vnnlib,unsat,2.852,CERTIFIED,1,30.0,2.852,24.593,21.74,25.59086497873068,0,0,,,Native API unsafe is conservatively UNKNOWN; no unvalidated L1 witness accepted,0,scratch/logs/fse2026/abcrown/yelp_p1/00025_lp1_b92b5wyf.log,6b8bbcfac1c01da1cabd240a87e4dce1a65f5a2b,"{""attack"": {""attack_off"": true, ""hook_replacements"": {}, ""overrides"": {""attack"": {""enable_mip_attack"": false, ""input_split_check_adv"": {""enabled"": ""false""}, ""pgd_order"": ""skip""}, ""bab"": {""attack"": {""enabled"": false}, ""branching"": {""input_split"": {""update_rhs_with_attack"": false}}}}}, ""biccos_applicable"": true, ""biccos_effective"": false, ""deviations"": [""config mapping: derived (no official category; vit_2023 transformer config)"", ""attack-off (user decision D20): all attack/falsification stages disabled, see config.attack.overrides"", ""L1 API: explicit solver.alpha-crown.share_alphas=true (ViT ONNX hook is not triggered by native modules); avoids large independent alpha tensors"", ""Python 3.11 typing.override compatibility via typing_extensions (no ACT source change)"", ""float32 stable interpreter; general.double_fp=false; solver.use_float64_in_last_iteration=false"", ""solver.batch_size=16; auto_enlarge_batch_size=false for concurrent GPU memory budget"", ""API CLI biccos_off token selects adapter; actual config is official vit.yaml (BICCOS unchanged)"", ""input route: Python API ABCrownSolver instead of abcrown.py + VNN-LIB (VNN-LIB cannot encode an l1 ball)"", ""ABCrownSolver._build_vnnlib_handler overridden to pass the l1 range dict (X, eps, data_min, data_max)"", ""specification.norm = 1 (the official file is an l_inf VNN-COMP config)"", ""general.adhoc_tuning None: api.py cannot eval Customized(); the vit hook only sets share_alphas when >= 6 MatMul modules exist, and this PyTorch module has 0, so the hook is a no-op here""], ""mapping"": ""derived (no official category; vit_2023 transformer config)"", ""notes"": [], ""official"": ""exp_configs/vnncomp23/vit.yaml"", ""official_biccos"": false, ""official_pgd_order"": ""skip"", ""variant"": ""official""}","[""config mapping: derived (no official category; vit_2023 transformer config)"", ""attack-off (user decision D20): all attack/falsification stages disabled, see config.attack.overrides"", ""L1 API: explicit solver.alpha-crown.share_alphas=true (ViT ONNX hook is not triggered by native modules); avoids large independent alpha tensors"", ""Python 3.11 typing.override compatibility via typing_extensions (no ACT source change)"", ""float32 stable interpreter; general.double_fp=false; solver.use_float64_in_last_iteration=false"", ""solver.batch_size=16; auto_enlarge_batch_size=false for concurrent GPU memory budget"", ""API CLI biccos_off token selects adapter; actual config is official vit.yaml (BICCOS unchanged)"", ""input route: Python API ABCrownSolver instead of abcrown.py + VNN-LIB (VNN-LIB cannot encode an l1 ball)"", ""ABCrownSolver._build_vnnlib_handler overridden to pass the l1 range dict (X, eps, data_min, data_max)"", ""specification.norm = 1 (the official file is an l_inf VNN-COMP config)"", ""general.adhoc_tuning None: api.py cannot eval Customized(); the vit hook only sets share_alphas when >= 6 MatMul modules exist, and this PyTorch module has 0, so the hook is a no-op here""]",,,78.0,51970.0,official_attack_off_f32_lp1_sharedalpha_batch16,"[""abcrown"",""scratch/text_export/yelp_p1/yelp_buffet/onnx/yelp_d3_L16.onnx"",""scratch/text_export/yelp_p1/yelp_buffet/vnnlib/query_index_q0025_d3_L16_e29715_p1_eps0p3.v1.vnnlib"",30.0,""official_attack_off_f32_lp1_sharedalpha_batch16""]",
yelp_p1,26,yelp_d3_L9.onnx,query_index_q0026_d3_L9_e23563_p1_eps0p3.v1.vnnlib,unsat,3.547,CERTIFIED,1,30.0,3.547,25.15,21.603,26.139216562733054,0,0,,,Native API unsafe is conservatively UNKNOWN; no unvalidated L1 witness accepted,0,scratch/logs/fse2026/abcrown/yelp_p1/00026_lp1_8il87onk.log,6b8bbcfac1c01da1cabd240a87e4dce1a65f5a2b,"{""attack"": {""attack_off"": true, ""hook_replacements"": {}, ""overrides"": {""attack"": {""enable_mip_attack"": false, ""input_split_check_adv"": {""enabled"": ""false""}, ""pgd_order"": ""skip""}, ""bab"": {""attack"": {""enabled"": false}, ""branching"": {""input_split"": {""update_rhs_with_attack"": false}}}}}, ""biccos_applicable"": true, ""biccos_effective"": false, ""deviations"": [""config mapping: derived (no official category; vit_2023 transformer config)"", ""attack-off (user decision D20): all attack/falsification stages disabled, see config.attack.overrides"", ""L1 API: explicit solver.alpha-crown.share_alphas=true (ViT ONNX hook is not triggered by native modules); avoids large independent alpha tensors"", ""Python 3.11 typing.override compatibility via typing_extensions (no ACT source change)"", ""float32 stable interpreter; general.double_fp=false; solver.use_float64_in_last_iteration=false"", ""solver.batch_size=16; auto_enlarge_batch_size=false for concurrent GPU memory budget"", ""API CLI biccos_off token selects adapter; actual config is official vit.yaml (BICCOS unchanged)"", ""input route: Python API ABCrownSolver instead of abcrown.py + VNN-LIB (VNN-LIB cannot encode an l1 ball)"", ""ABCrownSolver._build_vnnlib_handler overridden to pass the l1 range dict (X, eps, data_min, data_max)"", ""specification.norm = 1 (the official file is an l_inf VNN-COMP config)"", ""general.adhoc_tuning None: api.py cannot eval Customized(); the vit hook only sets share_alphas when >= 6 MatMul modules exist, and this PyTorch module has 0, so the hook is a no-op here""], ""mapping"": ""derived (no official category; vit_2023 transformer config)"", ""notes"": [], ""official"": ""exp_configs/vnncomp23/vit.yaml"", ""official_biccos"": false, ""official_pgd_order"": ""skip"", ""variant"": ""official""}","[""config mapping: derived (no official category; vit_2023 transformer config)"", ""attack-off (user decision D20): all attack/falsification stages disabled, see config.attack.overrides"", ""L1 API: explicit solver.alpha-crown.share_alphas=true (ViT ONNX hook is not triggered by native modules); avoids large independent alpha tensors"", ""Python 3.11 typing.override compatibility via typing_extensions (no ACT source change)"", ""float32 stable interpreter; general.double_fp=false; solver.use_float64_in_last_iteration=false"", ""solver.batch_size=16; auto_enlarge_batch_size=false for concurrent GPU memory budget"", ""API CLI biccos_off token selects adapter; actual config is official vit.yaml (BICCOS unchanged)"", ""input route: Python API ABCrownSolver instead of abcrown.py + VNN-LIB (VNN-LIB cannot encode an l1 ball)"", ""ABCrownSolver._build_vnnlib_handler overridden to pass the l1 range dict (X, eps, data_min, data_max)"", ""specification.norm = 1 (the official file is an l_inf VNN-COMP config)"", ""general.adhoc_tuning None: api.py cannot eval Customized(); the vit hook only sets share_alphas when >= 6 MatMul modules exist, and this PyTorch module has 0, so the hook is a no-op here""]",,,90.0,60742.0,official_attack_off_f32_lp1_sharedalpha_batch16,"[""abcrown"",""scratch/text_export/yelp_p1/yelp_buffet/onnx/yelp_d3_L9.onnx"",""scratch/text_export/yelp_p1/yelp_buffet/vnnlib/query_index_q0026_d3_L9_e23563_p1_eps0p3.v1.vnnlib"",30.0,""official_attack_off_f32_lp1_sharedalpha_batch16""]",
yelp_p1,27,yelp_d3_L11.onnx,query_index_q0027_d3_L11_e11857_p1_eps0p3.v1.vnnlib,unknown,30.162,UNKNOWN,0,30.0,30.162,51.88,21.717,52.88720685429871,1,0,,,Native API unsafe is conservatively UNKNOWN; no unvalidated L1 witness accepted,0,scratch/logs/fse2026/abcrown/yelp_p1/00027_lp1_day5mgl4.log,6b8bbcfac1c01da1cabd240a87e4dce1a65f5a2b,"{""attack"": {""attack_off"": true, ""hook_replacements"": {}, ""overrides"": {""attack"": {""enable_mip_attack"": false, ""input_split_check_adv"": {""enabled"": ""false""}, ""pgd_order"": ""skip""}, ""bab"": {""attack"": {""enabled"": false}, ""branching"": {""input_split"": {""update_rhs_with_attack"": false}}}}}, ""biccos_applicable"": true, ""biccos_effective"": false, ""deviations"": [""config mapping: derived (no official category; vit_2023 transformer config)"", ""attack-off (user decision D20): all attack/falsification stages disabled, see config.attack.overrides"", ""L1 API: explicit solver.alpha-crown.share_alphas=true (ViT ONNX hook is not triggered by native modules); avoids large independent alpha tensors"", ""Python 3.11 typing.override compatibility via typing_extensions (no ACT source change)"", ""float32 stable interpreter; general.double_fp=false; solver.use_float64_in_last_iteration=false"", ""solver.batch_size=16; auto_enlarge_batch_size=false for concurrent GPU memory budget"", ""API CLI biccos_off token selects adapter; actual config is official vit.yaml (BICCOS unchanged)"", ""input route: Python API ABCrownSolver instead of abcrown.py + VNN-LIB (VNN-LIB cannot encode an l1 ball)"", ""ABCrownSolver._build_vnnlib_handler overridden to pass the l1 range dict (X, eps, data_min, data_max)"", ""specification.norm = 1 (the official file is an l_inf VNN-COMP config)"", ""general.adhoc_tuning None: api.py cannot eval Customized(); the vit hook only sets share_alphas when >= 6 MatMul modules exist, and this PyTorch module has 0, so the hook is a no-op here""], ""mapping"": ""derived (no official category; vit_2023 transformer config)"", ""notes"": [], ""official"": ""exp_configs/vnncomp23/vit.yaml"", ""official_biccos"": false, ""official_pgd_order"": ""skip"", ""variant"": ""official""}","[""config mapping: derived (no official category; vit_2023 transformer config)"", ""attack-off (user decision D20): all attack/falsification stages disabled, see config.attack.overrides"", ""L1 API: explicit solver.alpha-crown.share_alphas=true (ViT ONNX hook is not triggered by native modules); avoids large independent alpha tensors"", ""Python 3.11 typing.override compatibility via typing_extensions (no ACT source change)"", ""float32 stable interpreter; general.double_fp=false; solver.use_float64_in_last_iteration=false"", ""solver.batch_size=16; auto_enlarge_batch_size=false for concurrent GPU memory budget"", ""API CLI biccos_off token selects adapter; actual config is official vit.yaml (BICCOS unchanged)"", ""input route: Python API ABCrownSolver instead of abcrown.py + VNN-LIB (VNN-LIB cannot encode an l1 ball)"", ""ABCrownSolver._build_vnnlib_handler overridden to pass the l1 range dict (X, eps, data_min, data_max)"", ""specification.norm = 1 (the official file is an l_inf VNN-COMP config)"", ""general.adhoc_tuning None: api.py cannot eval Customized(); the vit hook only sets share_alphas when >= 6 MatMul modules exist, and this PyTorch module has 0, so the hook is a no-op here""]",,,96.0,60742.0,official_attack_off_f32_lp1_sharedalpha_batch16,"[""abcrown"",""scratch/text_export/yelp_p1/yelp_buffet/onnx/yelp_d3_L11.onnx"",""scratch/text_export/yelp_p1/yelp_buffet/vnnlib/query_index_q0027_d3_L11_e11857_p1_eps0p3.v1.vnnlib"",30.0,""official_attack_off_f32_lp1_sharedalpha_batch16""]",
yelp_p1,28,yelp_d3_L8.onnx,query_index_q0028_d3_L8_e421_p1_eps0p3.v1.vnnlib,unsat,4.424,CERTIFIED,1,30.0,4.424,26.606,22.182,27.591862363740802,0,0,,,Native API unsafe is conservatively UNKNOWN; no unvalidated L1 witness accepted,0,scratch/logs/fse2026/abcrown/yelp_p1/00028_lp1_xz69p5sz.log,6b8bbcfac1c01da1cabd240a87e4dce1a65f5a2b,"{""attack"": {""attack_off"": true, ""hook_replacements"": {}, ""overrides"": {""attack"": {""enable_mip_attack"": false, ""input_split_check_adv"": {""enabled"": ""false""}, ""pgd_order"": ""skip""}, ""bab"": {""attack"": {""enabled"": false}, ""branching"": {""input_split"": {""update_rhs_with_attack"": false}}}}}, ""biccos_applicable"": true, ""biccos_effective"": false, ""deviations"": [""config mapping: derived (no official category; vit_2023 transformer config)"", ""attack-off (user decision D20): all attack/falsification stages disabled, see config.attack.overrides"", ""L1 API: explicit solver.alpha-crown.share_alphas=true (ViT ONNX hook is not triggered by native modules); avoids large independent alpha tensors"", ""Python 3.11 typing.override compatibility via typing_extensions (no ACT source change)"", ""float32 stable interpreter; general.double_fp=false; solver.use_float64_in_last_iteration=false"", ""solver.batch_size=16; auto_enlarge_batch_size=false for concurrent GPU memory budget"", ""API CLI biccos_off token selects adapter; actual config is official vit.yaml (BICCOS unchanged)"", ""input route: Python API ABCrownSolver instead of abcrown.py + VNN-LIB (VNN-LIB cannot encode an l1 ball)"", ""ABCrownSolver._build_vnnlib_handler overridden to pass the l1 range dict (X, eps, data_min, data_max)"", ""specification.norm = 1 (the official file is an l_inf VNN-COMP config)"", ""general.adhoc_tuning None: api.py cannot eval Customized(); the vit hook only sets share_alphas when >= 6 MatMul modules exist, and this PyTorch module has 0, so the hook is a no-op here""], ""mapping"": ""derived (no official category; vit_2023 transformer config)"", ""notes"": [], ""official"": ""exp_configs/vnncomp23/vit.yaml"", ""official_biccos"": false, ""official_pgd_order"": ""skip"", ""variant"": ""official""}","[""config mapping: derived (no official category; vit_2023 transformer config)"", ""attack-off (user decision D20): all attack/falsification stages disabled, see config.attack.overrides"", ""L1 API: explicit solver.alpha-crown.share_alphas=true (ViT ONNX hook is not triggered by native modules); avoids large independent alpha tensors"", ""Python 3.11 typing.override compatibility via typing_extensions (no ACT source change)"", ""float32 stable interpreter; general.double_fp=false; solver.use_float64_in_last_iteration=false"", ""solver.batch_size=16; auto_enlarge_batch_size=false for concurrent GPU memory budget"", ""API CLI biccos_off token selects adapter; actual config is official vit.yaml (BICCOS unchanged)"", ""input route: Python API ABCrownSolver instead of abcrown.py + VNN-LIB (VNN-LIB cannot encode an l1 ball)"", ""ABCrownSolver._build_vnnlib_handler overridden to pass the l1 range dict (X, eps, data_min, data_max)"", ""specification.norm = 1 (the official file is an l_inf VNN-COMP config)"", ""general.adhoc_tuning None: api.py cannot eval Customized(); the vit hook only sets share_alphas when >= 6 MatMul modules exist, and this PyTorch module has 0, so the hook is a no-op here""]",,,89.0,21736.0,official_attack_off_f32_lp1_sharedalpha_batch16,"[""abcrown"",""scratch/text_export/yelp_p1/yelp_buffet/onnx/yelp_d3_L8.onnx"",""scratch/text_export/yelp_p1/yelp_buffet/vnnlib/query_index_q0028_d3_L8_e421_p1_eps0p3.v1.vnnlib"",30.0,""official_attack_off_f32_lp1_sharedalpha_batch16""]",
yelp_p1,29,yelp_d3_L19.onnx,query_index_q0029_d3_L19_e4817_p1_eps0p3.v1.vnnlib,unsat,6.143,CERTIFIED,1,30.0,6.143,28.276,22.133,29.19826938584447,0,0,,,Native API unsafe is conservatively UNKNOWN; no unvalidated L1 witness accepted,0,scratch/logs/fse2026/abcrown/yelp_p1/00029_lp1_2s7fk72y.log,6b8bbcfac1c01da1cabd240a87e4dce1a65f5a2b,"{""attack"": {""attack_off"": true, ""hook_replacements"": {}, ""overrides"": {""attack"": {""enable_mip_attack"": false, ""input_split_check_adv"": {""enabled"": ""false""}, ""pgd_order"": ""skip""}, ""bab"": {""attack"": {""enabled"": false}, ""branching"": {""input_split"": {""update_rhs_with_attack"": false}}}}}, ""biccos_applicable"": true, ""biccos_effective"": false, ""deviations"": [""config mapping: derived (no official category; vit_2023 transformer config)"", ""attack-off (user decision D20): all attack/falsification stages disabled, see config.attack.overrides"", ""L1 API: explicit solver.alpha-crown.share_alphas=true (ViT ONNX hook is not triggered by native modules); avoids large independent alpha tensors"", ""Python 3.11 typing.override compatibility via typing_extensions (no ACT source change)"", ""float32 stable interpreter; general.double_fp=false; solver.use_float64_in_last_iteration=false"", ""solver.batch_size=16; auto_enlarge_batch_size=false for concurrent GPU memory budget"", ""API CLI biccos_off token selects adapter; actual config is official vit.yaml (BICCOS unchanged)"", ""input route: Python API ABCrownSolver instead of abcrown.py + VNN-LIB (VNN-LIB cannot encode an l1 ball)"", ""ABCrownSolver._build_vnnlib_handler overridden to pass the l1 range dict (X, eps, data_min, data_max)"", ""specification.norm = 1 (the official file is an l_inf VNN-COMP config)"", ""general.adhoc_tuning None: api.py cannot eval Customized(); the vit hook only sets share_alphas when >= 6 MatMul modules exist, and this PyTorch module has 0, so the hook is a no-op here""], ""mapping"": ""derived (no official category; vit_2023 transformer config)"", ""notes"": [], ""official"": ""exp_configs/vnncomp23/vit.yaml"", ""official_biccos"": false, ""official_pgd_order"": ""skip"", ""variant"": ""official""}","[""config mapping: derived (no official category; vit_2023 transformer config)"", ""attack-off (user decision D20): all attack/falsification stages disabled, see config.attack.overrides"", ""L1 API: explicit solver.alpha-crown.share_alphas=true (ViT ONNX hook is not triggered by native modules); avoids large independent alpha tensors"", ""Python 3.11 typing.override compatibility via typing_extensions (no ACT source change)"", ""float32 stable interpreter; general.double_fp=false; solver.use_float64_in_last_iteration=false"", ""solver.batch_size=16; auto_enlarge_batch_size=false for concurrent GPU memory budget"", ""API CLI biccos_off token selects adapter; actual config is official vit.yaml (BICCOS unchanged)"", ""input route: Python API ABCrownSolver instead of abcrown.py + VNN-LIB (VNN-LIB cannot encode an l1 ball)"", ""ABCrownSolver._build_vnnlib_handler overridden to pass the l1 range dict (X, eps, data_min, data_max)"", ""specification.norm = 1 (the official file is an l_inf VNN-COMP config)"", ""general.adhoc_tuning None: api.py cannot eval Customized(); the vit hook only sets share_alphas when >= 6 MatMul modules exist, and this PyTorch module has 0, so the hook is a no-op here""]",,,24.0,64646.0,official_attack_off_f32_lp1_sharedalpha_batch16,"[""abcrown"",""scratch/text_export/yelp_p1/yelp_buffet/onnx/yelp_d3_L19.onnx"",""scratch/text_export/yelp_p1/yelp_buffet/vnnlib/query_index_q0029_d3_L19_e4817_p1_eps0p3.v1.vnnlib"",30.0,""official_attack_off_f32_lp1_sharedalpha_batch16""]",
yelp_p1,30,yelp_d3_L11.onnx,query_index_q0030_d3_L11_e20032_p1_eps0p3.v1.vnnlib,unsat,3.689,CERTIFIED,1,30.0,3.689,25.581,21.892,26.589079154655337,0,0,,,Native API unsafe is conservatively UNKNOWN; no unvalidated L1 witness accepted,0,scratch/logs/fse2026/abcrown/yelp_p1/00030_lp1_bt91o5y7.log,6b8bbcfac1c01da1cabd240a87e4dce1a65f5a2b,"{""attack"": {""attack_off"": true, ""hook_replacements"": {}, ""overrides"": {""attack"": {""enable_mip_attack"": false, ""input_split_check_adv"": {""enabled"": ""false""}, ""pgd_order"": ""skip""}, ""bab"": {""attack"": {""enabled"": false}, ""branching"": {""input_split"": {""update_rhs_with_attack"": false}}}}}, ""biccos_applicable"": true, ""biccos_effective"": false, ""deviations"": [""config mapping: derived (no official category; vit_2023 transformer config)"", ""attack-off (user decision D20): all attack/falsification stages disabled, see config.attack.overrides"", ""L1 API: explicit solver.alpha-crown.share_alphas=true (ViT ONNX hook is not triggered by native modules); avoids large independent alpha tensors"", ""Python 3.11 typing.override compatibility via typing_extensions (no ACT source change)"", ""float32 stable interpreter; general.double_fp=false; solver.use_float64_in_last_iteration=false"", ""solver.batch_size=16; auto_enlarge_batch_size=false for concurrent GPU memory budget"", ""API CLI biccos_off token selects adapter; actual config is official vit.yaml (BICCOS unchanged)"", ""input route: Python API ABCrownSolver instead of abcrown.py + VNN-LIB (VNN-LIB cannot encode an l1 ball)"", ""ABCrownSolver._build_vnnlib_handler overridden to pass the l1 range dict (X, eps, data_min, data_max)"", ""specification.norm = 1 (the official file is an l_inf VNN-COMP config)"", ""general.adhoc_tuning None: api.py cannot eval Customized(); the vit hook only sets share_alphas when >= 6 MatMul modules exist, and this PyTorch module has 0, so the hook is a no-op here""], ""mapping"": ""derived (no official category; vit_2023 transformer config)"", ""notes"": [], ""official"": ""exp_configs/vnncomp23/vit.yaml"", ""official_biccos"": false, ""official_pgd_order"": ""skip"", ""variant"": ""official""}","[""config mapping: derived (no official category; vit_2023 transformer config)"", ""attack-off (user decision D20): all attack/falsification stages disabled, see config.attack.overrides"", ""L1 API: explicit solver.alpha-crown.share_alphas=true (ViT ONNX hook is not triggered by native modules); avoids large independent alpha tensors"", ""Python 3.11 typing.override compatibility via typing_extensions (no ACT source change)"", ""float32 stable interpreter; general.double_fp=false; solver.use_float64_in_last_iteration=false"", ""solver.batch_size=16; auto_enlarge_batch_size=false for concurrent GPU memory budget"", ""API CLI biccos_off token selects adapter; actual config is official vit.yaml (BICCOS unchanged)"", ""input route: Python API ABCrownSolver instead of abcrown.py + VNN-LIB (VNN-LIB cannot encode an l1 ball)"", ""ABCrownSolver._build_vnnlib_handler overridden to pass the l1 range dict (X, eps, data_min, data_max)"", ""specification.norm = 1 (the official file is an l_inf VNN-COMP config)"", ""general.adhoc_tuning None: api.py cannot eval Customized(); the vit hook only sets share_alphas when >= 6 MatMul modules exist, and this PyTorch module has 0, so the hook is a no-op here""]",,,12.0,82122.0,official_attack_off_f32_lp1_sharedalpha_batch16,"[""abcrown"",""scratch/text_export/yelp_p1/yelp_buffet/onnx/yelp_d3_L11.onnx"",""scratch/text_export/yelp_p1/yelp_buffet/vnnlib/query_index_q0030_d3_L11_e20032_p1_eps0p3.v1.vnnlib"",30.0,""official_attack_off_f32_lp1_sharedalpha_batch16""]",
yelp_p1,31,yelp_d3_L8.onnx,query_index_q0031_d3_L8_e22272_p1_eps0p3.v1.vnnlib,unsat,1.036,CERTIFIED,1,30.0,1.036,23.265,22.229,24.276618871837854,0,0,,,Native API unsafe is conservatively UNKNOWN; no unvalidated L1 witness accepted,0,scratch/logs/fse2026/abcrown/yelp_p1/00031_lp1_ylyelf4v.log,6b8bbcfac1c01da1cabd240a87e4dce1a65f5a2b,"{""attack"": {""attack_off"": true, ""hook_replacements"": {}, ""overrides"": {""attack"": {""enable_mip_attack"": false, ""input_split_check_adv"": {""enabled"": ""false""}, ""pgd_order"": ""skip""}, ""bab"": {""attack"": {""enabled"": false}, ""branching"": {""input_split"": {""update_rhs_with_attack"": false}}}}}, ""biccos_applicable"": true, ""biccos_effective"": false, ""deviations"": [""config mapping: derived (no official category; vit_2023 transformer config)"", ""attack-off (user decision D20): all attack/falsification stages disabled, see config.attack.overrides"", ""L1 API: explicit solver.alpha-crown.share_alphas=true (ViT ONNX hook is not triggered by native modules); avoids large independent alpha tensors"", ""Python 3.11 typing.override compatibility via typing_extensions (no ACT source change)"", ""float32 stable interpreter; general.double_fp=false; solver.use_float64_in_last_iteration=false"", ""solver.batch_size=16; auto_enlarge_batch_size=false for concurrent GPU memory budget"", ""API CLI biccos_off token selects adapter; actual config is official vit.yaml (BICCOS unchanged)"", ""input route: Python API ABCrownSolver instead of abcrown.py + VNN-LIB (VNN-LIB cannot encode an l1 ball)"", ""ABCrownSolver._build_vnnlib_handler overridden to pass the l1 range dict (X, eps, data_min, data_max)"", ""specification.norm = 1 (the official file is an l_inf VNN-COMP config)"", ""general.adhoc_tuning None: api.py cannot eval Customized(); the vit hook only sets share_alphas when >= 6 MatMul modules exist, and this PyTorch module has 0, so the hook is a no-op here""], ""mapping"": ""derived (no official category; vit_2023 transformer config)"", ""notes"": [], ""official"": ""exp_configs/vnncomp23/vit.yaml"", ""official_biccos"": false, ""official_pgd_order"": ""skip"", ""variant"": ""official""}","[""config mapping: derived (no official category; vit_2023 transformer config)"", ""attack-off (user decision D20): all attack/falsification stages disabled, see config.attack.overrides"", ""L1 API: explicit solver.alpha-crown.share_alphas=true (ViT ONNX hook is not triggered by native modules); avoids large independent alpha tensors"", ""Python 3.11 typing.override compatibility via typing_extensions (no ACT source change)"", ""float32 stable interpreter; general.double_fp=false; solver.use_float64_in_last_iteration=false"", ""solver.batch_size=16; auto_enlarge_batch_size=false for concurrent GPU memory budget"", ""API CLI biccos_off token selects adapter; actual config is official vit.yaml (BICCOS unchanged)"", ""input route: Python API ABCrownSolver instead of abcrown.py + VNN-LIB (VNN-LIB cannot encode an l1 ball)"", ""ABCrownSolver._build_vnnlib_handler overridden to pass the l1 range dict (X, eps, data_min, data_max)"", ""specification.norm = 1 (the official file is an l_inf VNN-COMP config)"", ""general.adhoc_tuning None: api.py cannot eval Customized(); the vit hook only sets share_alphas when >= 6 MatMul modules exist, and this PyTorch module has 0, so the hook is a no-op here""]",,,98.0,82122.0,official_attack_off_f32_lp1_sharedalpha_batch16,"[""abcrown"",""scratch/text_export/yelp_p1/yelp_buffet/onnx/yelp_d3_L8.onnx"",""scratch/text_export/yelp_p1/yelp_buffet/vnnlib/query_index_q0031_d3_L8_e22272_p1_eps0p3.v1.vnnlib"",30.0,""official_attack_off_f32_lp1_sharedalpha_batch16""]",
yelp_p1,32,yelp_d3_L9.onnx,query_index_q0032_d3_L9_e7941_p1_eps0p3.v1.vnnlib,unsat,1.052,CERTIFIED,1,30.0,1.052,22.976,21.924,23.98404004611075,0,0,,,Native API unsafe is conservatively UNKNOWN; no unvalidated L1 witness accepted,0,scratch/logs/fse2026/abcrown/yelp_p1/00032_lp1_2tdl1ykb.log,6b8bbcfac1c01da1cabd240a87e4dce1a65f5a2b,"{""attack"": {""attack_off"": true, ""hook_replacements"": {}, ""overrides"": {""attack"": {""enable_mip_attack"": false, ""input_split_check_adv"": {""enabled"": ""false""}, ""pgd_order"": ""skip""}, ""bab"": {""attack"": {""enabled"": false}, ""branching"": {""input_split"": {""update_rhs_with_attack"": false}}}}}, ""biccos_applicable"": true, ""biccos_effective"": false, ""deviations"": [""config mapping: derived (no official category; vit_2023 transformer config)"", ""attack-off (user decision D20): all attack/falsification stages disabled, see config.attack.overrides"", ""L1 API: explicit solver.alpha-crown.share_alphas=true (ViT ONNX hook is not triggered by native modules); avoids large independent alpha tensors"", ""Python 3.11 typing.override compatibility via typing_extensions (no ACT source change)"", ""float32 stable interpreter; general.double_fp=false; solver.use_float64_in_last_iteration=false"", ""solver.batch_size=16; auto_enlarge_batch_size=false for concurrent GPU memory budget"", ""API CLI biccos_off token selects adapter; actual config is official vit.yaml (BICCOS unchanged)"", ""input route: Python API ABCrownSolver instead of abcrown.py + VNN-LIB (VNN-LIB cannot encode an l1 ball)"", ""ABCrownSolver._build_vnnlib_handler overridden to pass the l1 range dict (X, eps, data_min, data_max)"", ""specification.norm = 1 (the official file is an l_inf VNN-COMP config)"", ""general.adhoc_tuning None: api.py cannot eval Customized(); the vit hook only sets share_alphas when >= 6 MatMul modules exist, and this PyTorch module has 0, so the hook is a no-op here""], ""mapping"": ""derived (no official category; vit_2023 transformer config)"", ""notes"": [], ""official"": ""exp_configs/vnncomp23/vit.yaml"", ""official_biccos"": false, ""official_pgd_order"": ""skip"", ""variant"": ""official""}","[""config mapping: derived (no official category; vit_2023 transformer config)"", ""attack-off (user decision D20): all attack/falsification stages disabled, see config.attack.overrides"", ""L1 API: explicit solver.alpha-crown.share_alphas=true (ViT ONNX hook is not triggered by native modules); avoids large independent alpha tensors"", ""Python 3.11 typing.override compatibility via typing_extensions (no ACT source change)"", ""float32 stable interpreter; general.double_fp=false; solver.use_float64_in_last_iteration=false"", ""solver.batch_size=16; auto_enlarge_batch_size=false for concurrent GPU memory budget"", ""API CLI biccos_off token selects adapter; actual config is official vit.yaml (BICCOS unchanged)"", ""input route: Python API ABCrownSolver instead of abcrown.py + VNN-LIB (VNN-LIB cannot encode an l1 ball)"", ""ABCrownSolver._build_vnnlib_handler overridden to pass the l1 range dict (X, eps, data_min, data_max)"", ""specification.norm = 1 (the official file is an l_inf VNN-COMP config)"", ""general.adhoc_tuning None: api.py cannot eval Customized(); the vit hook only sets share_alphas when >= 6 MatMul modules exist, and this PyTorch module has 0, so the hook is a no-op here""]",,,0.0,12214.0,official_attack_off_f32_lp1_sharedalpha_batch16,"[""abcrown"",""scratch/text_export/yelp_p1/yelp_buffet/onnx/yelp_d3_L9.onnx"",""scratch/text_export/yelp_p1/yelp_buffet/vnnlib/query_index_q0032_d3_L9_e7941_p1_eps0p3.v1.vnnlib"",30.0,""official_attack_off_f32_lp1_sharedalpha_batch16""]",
yelp_p1,33,yelp_d3_L10.onnx,query_index_q0033_d3_L10_e37590_p1_eps0p3.v1.vnnlib,unsat,1.02,CERTIFIED,1,30.0,1.02,22.485,21.464,23.485784981399775,0,0,,,Native API unsafe is conservatively UNKNOWN; no unvalidated L1 witness accepted,0,scratch/logs/fse2026/abcrown/yelp_p1/00033_lp1_3egdlslt.log,6b8bbcfac1c01da1cabd240a87e4dce1a65f5a2b,"{""attack"": {""attack_off"": true, ""hook_replacements"": {}, ""overrides"": {""attack"": {""enable_mip_attack"": false, ""input_split_check_adv"": {""enabled"": ""false""}, ""pgd_order"": ""skip""}, ""bab"": {""attack"": {""enabled"": false}, ""branching"": {""input_split"": {""update_rhs_with_attack"": false}}}}}, ""biccos_applicable"": true, ""biccos_effective"": false, ""deviations"": [""config mapping: derived (no official category; vit_2023 transformer config)"", ""attack-off (user decision D20): all attack/falsification stages disabled, see config.attack.overrides"", ""L1 API: explicit solver.alpha-crown.share_alphas=true (ViT ONNX hook is not triggered by native modules); avoids large independent alpha tensors"", ""Python 3.11 typing.override compatibility via typing_extensions (no ACT source change)"", ""float32 stable interpreter; general.double_fp=false; solver.use_float64_in_last_iteration=false"", ""solver.batch_size=16; auto_enlarge_batch_size=false for concurrent GPU memory budget"", ""API CLI biccos_off token selects adapter; actual config is official vit.yaml (BICCOS unchanged)"", ""input route: Python API ABCrownSolver instead of abcrown.py + VNN-LIB (VNN-LIB cannot encode an l1 ball)"", ""ABCrownSolver._build_vnnlib_handler overridden to pass the l1 range dict (X, eps, data_min, data_max)"", ""specification.norm = 1 (the official file is an l_inf VNN-COMP config)"", ""general.adhoc_tuning None: api.py cannot eval Customized(); the vit hook only sets share_alphas when >= 6 MatMul modules exist, and this PyTorch module has 0, so the hook is a no-op here""], ""mapping"": ""derived (no official category; vit_2023 transformer config)"", ""notes"": [], ""official"": ""exp_configs/vnncomp23/vit.yaml"", ""official_biccos"": false, ""official_pgd_order"": ""skip"", ""variant"": ""official""}","[""config mapping: derived (no official category; vit_2023 transformer config)"", ""attack-off (user decision D20): all attack/falsification stages disabled, see config.attack.overrides"", ""L1 API: explicit solver.alpha-crown.share_alphas=true (ViT ONNX hook is not triggered by native modules); avoids large independent alpha tensors"", ""Python 3.11 typing.override compatibility via typing_extensions (no ACT source change)"", ""float32 stable interpreter; general.double_fp=false; solver.use_float64_in_last_iteration=false"", ""solver.batch_size=16; auto_enlarge_batch_size=false for concurrent GPU memory budget"", ""API CLI biccos_off token selects adapter; actual config is official vit.yaml (BICCOS unchanged)"", ""input route: Python API ABCrownSolver instead of abcrown.py + VNN-LIB (VNN-LIB cannot encode an l1 ball)"", ""ABCrownSolver._build_vnnlib_handler overridden to pass the l1 range dict (X, eps, data_min, data_max)"", ""specification.norm = 1 (the official file is an l_inf VNN-COMP config)"", ""general.adhoc_tuning None: api.py cannot eval Customized(); the vit hook only sets share_alphas when >= 6 MatMul modules exist, and this PyTorch module has 0, so the hook is a no-op here""]",,,0.0,12214.0,official_attack_off_f32_lp1_sharedalpha_batch16,"[""abcrown"",""scratch/text_export/yelp_p1/yelp_buffet/onnx/yelp_d3_L10.onnx"",""scratch/text_export/yelp_p1/yelp_buffet/vnnlib/query_index_q0033_d3_L10_e37590_p1_eps0p3.v1.vnnlib"",30.0,""official_attack_off_f32_lp1_sharedalpha_batch16""]",
yelp_p1,34,yelp_d3_L11.onnx,query_index_q0034_d3_L11_e9935_p1_eps0p3.v1.vnnlib,unsat,1.016,CERTIFIED,1,30.0,1.016,23.266,22.25,24.239575408399105,0,0,,,Native API unsafe is conservatively UNKNOWN; no unvalidated L1 witness accepted,0,scratch/logs/fse2026/abcrown/yelp_p1/00034_lp1_i15m1u0u.log,6b8bbcfac1c01da1cabd240a87e4dce1a65f5a2b,"{""attack"": {""attack_off"": true, ""hook_replacements"": {}, ""overrides"": {""attack"": {""enable_mip_attack"": false, ""input_split_check_adv"": {""enabled"": ""false""}, ""pgd_order"": ""skip""}, ""bab"": {""attack"": {""enabled"": false}, ""branching"": {""input_split"": {""update_rhs_with_attack"": false}}}}}, ""biccos_applicable"": true, ""biccos_effective"": false, ""deviations"": [""config mapping: derived (no official category; vit_2023 transformer config)"", ""attack-off (user decision D20): all attack/falsification stages disabled, see config.attack.overrides"", ""L1 API: explicit solver.alpha-crown.share_alphas=true (ViT ONNX hook is not triggered by native modules); avoids large independent alpha tensors"", ""Python 3.11 typing.override compatibility via typing_extensions (no ACT source change)"", ""float32 stable interpreter; general.double_fp=false; solver.use_float64_in_last_iteration=false"", ""solver.batch_size=16; auto_enlarge_batch_size=false for concurrent GPU memory budget"", ""API CLI biccos_off token selects adapter; actual config is official vit.yaml (BICCOS unchanged)"", ""input route: Python API ABCrownSolver instead of abcrown.py + VNN-LIB (VNN-LIB cannot encode an l1 ball)"", ""ABCrownSolver._build_vnnlib_handler overridden to pass the l1 range dict (X, eps, data_min, data_max)"", ""specification.norm = 1 (the official file is an l_inf VNN-COMP config)"", ""general.adhoc_tuning None: api.py cannot eval Customized(); the vit hook only sets share_alphas when >= 6 MatMul modules exist, and this PyTorch module has 0, so the hook is a no-op here""], ""mapping"": ""derived (no official category; vit_2023 transformer config)"", ""notes"": [], ""official"": ""exp_configs/vnncomp23/vit.yaml"", ""official_biccos"": false, ""official_pgd_order"": ""skip"", ""variant"": ""official""}","[""config mapping: derived (no official category; vit_2023 transformer config)"", ""attack-off (user decision D20): all attack/falsification stages disabled, see config.attack.overrides"", ""L1 API: explicit solver.alpha-crown.share_alphas=true (ViT ONNX hook is not triggered by native modules); avoids large independent alpha tensors"", ""Python 3.11 typing.override compatibility via typing_extensions (no ACT source change)"", ""float32 stable interpreter; general.double_fp=false; solver.use_float64_in_last_iteration=false"", ""solver.batch_size=16; auto_enlarge_batch_size=false for concurrent GPU memory budget"", ""API CLI biccos_off token selects adapter; actual config is official vit.yaml (BICCOS unchanged)"", ""input route: Python API ABCrownSolver instead of abcrown.py + VNN-LIB (VNN-LIB cannot encode an l1 ball)"", ""ABCrownSolver._build_vnnlib_handler overridden to pass the l1 range dict (X, eps, data_min, data_max)"", ""specification.norm = 1 (the official file is an l_inf VNN-COMP config)"", ""general.adhoc_tuning None: api.py cannot eval Customized(); the vit hook only sets share_alphas when >= 6 MatMul modules exist, and this PyTorch module has 0, so the hook is a no-op here""]",,,0.0,11526.0,official_attack_off_f32_lp1_sharedalpha_batch16,"[""abcrown"",""scratch/text_export/yelp_p1/yelp_buffet/onnx/yelp_d3_L11.onnx"",""scratch/text_export/yelp_p1/yelp_buffet/vnnlib/query_index_q0034_d3_L11_e9935_p1_eps0p3.v1.vnnlib"",30.0,""official_attack_off_f32_lp1_sharedalpha_batch16""]",
yelp_p1,35,yelp_d3_L8.onnx,query_index_q0035_d3_L8_e19222_p1_eps0p3.v1.vnnlib,unsat,2.921,CERTIFIED,1,30.0,2.921,25.626,22.705,26.644429812207818,0,0,,,Native API unsafe is conservatively UNKNOWN; no unvalidated L1 witness accepted,0,scratch/logs/fse2026/abcrown/yelp_p1/00035_lp1_5ioc3rht.log,6b8bbcfac1c01da1cabd240a87e4dce1a65f5a2b,"{""attack"": {""attack_off"": true, ""hook_replacements"": {}, ""overrides"": {""attack"": {""enable_mip_attack"": false, ""input_split_check_adv"": {""enabled"": ""false""}, ""pgd_order"": ""skip""}, ""bab"": {""attack"": {""enabled"": false}, ""branching"": {""input_split"": {""update_rhs_with_attack"": false}}}}}, ""biccos_applicable"": true, ""biccos_effective"": false, ""deviations"": [""config mapping: derived (no official category; vit_2023 transformer config)"", ""attack-off (user decision D20): all attack/falsification stages disabled, see config.attack.overrides"", ""L1 API: explicit solver.alpha-crown.share_alphas=true (ViT ONNX hook is not triggered by native modules); avoids large independent alpha tensors"", ""Python 3.11 typing.override compatibility via typing_extensions (no ACT source change)"", ""float32 stable interpreter; general.double_fp=false; solver.use_float64_in_last_iteration=false"", ""solver.batch_size=16; auto_enlarge_batch_size=false for concurrent GPU memory budget"", ""API CLI biccos_off token selects adapter; actual config is official vit.yaml (BICCOS unchanged)"", ""input route: Python API ABCrownSolver instead of abcrown.py + VNN-LIB (VNN-LIB cannot encode an l1 ball)"", ""ABCrownSolver._build_vnnlib_handler overridden to pass the l1 range dict (X, eps, data_min, data_max)"", ""specification.norm = 1 (the official file is an l_inf VNN-COMP config)"", ""general.adhoc_tuning None: api.py cannot eval Customized(); the vit hook only sets share_alphas when >= 6 MatMul modules exist, and this PyTorch module has 0, so the hook is a no-op here""], ""mapping"": ""derived (no official category; vit_2023 transformer config)"", ""notes"": [], ""official"": ""exp_configs/vnncomp23/vit.yaml"", ""official_biccos"": false, ""official_pgd_order"": ""skip"", ""variant"": ""official""}","[""config mapping: derived (no official category; vit_2023 transformer config)"", ""attack-off (user decision D20): all attack/falsification stages disabled, see config.attack.overrides"", ""L1 API: explicit solver.alpha-crown.share_alphas=true (ViT ONNX hook is not triggered by native modules); avoids large independent alpha tensors"", ""Python 3.11 typing.override compatibility via typing_extensions (no ACT source change)"", ""float32 stable interpreter; general.double_fp=false; solver.use_float64_in_last_iteration=false"", ""solver.batch_size=16; auto_enlarge_batch_size=false for concurrent GPU memory budget"", ""API CLI biccos_off token selects adapter; actual config is official vit.yaml (BICCOS unchanged)"", ""input route: Python API ABCrownSolver instead of abcrown.py + VNN-LIB (VNN-LIB cannot encode an l1 ball)"", ""ABCrownSolver._build_vnnlib_handler overridden to pass the l1 range dict (X, eps, data_min, data_max)"", ""specification.norm = 1 (the official file is an l_inf VNN-COMP config)"", ""general.adhoc_tuning None: api.py cannot eval Customized(); the vit hook only sets share_alphas when >= 6 MatMul modules exist, and this PyTorch module has 0, so the hook is a no-op here""]",,,0.0,11526.0,official_attack_off_f32_lp1_sharedalpha_batch16,"[""abcrown"",""scratch/text_export/yelp_p1/yelp_buffet/onnx/yelp_d3_L8.onnx"",""scratch/text_export/yelp_p1/yelp_buffet/vnnlib/query_index_q0035_d3_L8_e19222_p1_eps0p3.v1.vnnlib"",30.0,""official_attack_off_f32_lp1_sharedalpha_batch16""]",
yelp_p1,36,yelp_d3_L20.onnx,query_index_q0036_d3_L20_e23947_p1_eps0p3.v1.vnnlib,unsat,1.638,CERTIFIED,1,30.0,1.638,23.627,21.988,24.637525023892522,0,0,,,Native API unsafe is conservatively UNKNOWN; no unvalidated L1 witness accepted,0,scratch/logs/fse2026/abcrown/yelp_p1/00036_lp1_z_0n_vth.log,6b8bbcfac1c01da1cabd240a87e4dce1a65f5a2b,"{""attack"": {""attack_off"": true, ""hook_replacements"": {}, ""overrides"": {""attack"": {""enable_mip_attack"": false, ""input_split_check_adv"": {""enabled"": ""false""}, ""pgd_order"": ""skip""}, ""bab"": {""attack"": {""enabled"": false}, ""branching"": {""input_split"": {""update_rhs_with_attack"": false}}}}}, ""biccos_applicable"": true, ""biccos_effective"": false, ""deviations"": [""config mapping: derived (no official category; vit_2023 transformer config)"", ""attack-off (user decision D20): all attack/falsification stages disabled, see config.attack.overrides"", ""L1 API: explicit solver.alpha-crown.share_alphas=true (ViT ONNX hook is not triggered by native modules); avoids large independent alpha tensors"", ""Python 3.11 typing.override compatibility via typing_extensions (no ACT source change)"", ""float32 stable interpreter; general.double_fp=false; solver.use_float64_in_last_iteration=false"", ""solver.batch_size=16; auto_enlarge_batch_size=false for concurrent GPU memory budget"", ""API CLI biccos_off token selects adapter; actual config is official vit.yaml (BICCOS unchanged)"", ""input route: Python API ABCrownSolver instead of abcrown.py + VNN-LIB (VNN-LIB cannot encode an l1 ball)"", ""ABCrownSolver._build_vnnlib_handler overridden to pass the l1 range dict (X, eps, data_min, data_max)"", ""specification.norm = 1 (the official file is an l_inf VNN-COMP config)"", ""general.adhoc_tuning None: api.py cannot eval Customized(); the vit hook only sets share_alphas when >= 6 MatMul modules exist, and this PyTorch module has 0, so the hook is a no-op here""], ""mapping"": ""derived (no official category; vit_2023 transformer config)"", ""notes"": [], ""official"": ""exp_configs/vnncomp23/vit.yaml"", ""official_biccos"": false, ""official_pgd_order"": ""skip"", ""variant"": ""official""}","[""config mapping: derived (no official category; vit_2023 transformer config)"", ""attack-off (user decision D20): all attack/falsification stages disabled, see config.attack.overrides"", ""L1 API: explicit solver.alpha-crown.share_alphas=true (ViT ONNX hook is not triggered by native modules); avoids large independent alpha tensors"", ""Python 3.11 typing.override compatibility via typing_extensions (no ACT source change)"", ""float32 stable interpreter; general.double_fp=false; solver.use_float64_in_last_iteration=false"", ""solver.batch_size=16; auto_enlarge_batch_size=false for concurrent GPU memory budget"", ""API CLI biccos_off token selects adapter; actual config is official vit.yaml (BICCOS unchanged)"", ""input route: Python API ABCrownSolver instead of abcrown.py + VNN-LIB (VNN-LIB cannot encode an l1 ball)"", ""ABCrownSolver._build_vnnlib_handler overridden to pass the l1 range dict (X, eps, data_min, data_max)"", ""specification.norm = 1 (the official file is an l_inf VNN-COMP config)"", ""general.adhoc_tuning None: api.py cannot eval Customized(); the vit hook only sets share_alphas when >= 6 MatMul modules exist, and this PyTorch module has 0, so the hook is a no-op here""]",,,0.0,54324.0,official_attack_off_f32_lp1_sharedalpha_batch16,"[""abcrown"",""scratch/text_export/yelp_p1/yelp_buffet/onnx/yelp_d3_L20.onnx"",""scratch/text_export/yelp_p1/yelp_buffet/vnnlib/query_index_q0036_d3_L20_e23947_p1_eps0p3.v1.vnnlib"",30.0,""official_attack_off_f32_lp1_sharedalpha_batch16""]",
yelp_p1,37,yelp_d3_L6.onnx,query_index_q0037_d3_L6_e26110_p1_eps0p3.v1.vnnlib,unsat,0.992,CERTIFIED,1,30.0,0.992,22.411,21.418,23.334835596382618,0,0,,,Native API unsafe is conservatively UNKNOWN; no unvalidated L1 witness accepted,0,scratch/logs/fse2026/abcrown/yelp_p1/00037_lp1_zpyh89ho.log,6b8bbcfac1c01da1cabd240a87e4dce1a65f5a2b,"{""attack"": {""attack_off"": true, ""hook_replacements"": {}, ""overrides"": {""attack"": {""enable_mip_attack"": false, ""input_split_check_adv"": {""enabled"": ""false""}, ""pgd_order"": ""skip""}, ""bab"": {""attack"": {""enabled"": false}, ""branching"": {""input_split"": {""update_rhs_with_attack"": false}}}}}, ""biccos_applicable"": true, ""biccos_effective"": false, ""deviations"": [""config mapping: derived (no official category; vit_2023 transformer config)"", ""attack-off (user decision D20): all attack/falsification stages disabled, see config.attack.overrides"", ""L1 API: explicit solver.alpha-crown.share_alphas=true (ViT ONNX hook is not triggered by native modules); avoids large independent alpha tensors"", ""Python 3.11 typing.override compatibility via typing_extensions (no ACT source change)"", ""float32 stable interpreter; general.double_fp=false; solver.use_float64_in_last_iteration=false"", ""solver.batch_size=16; auto_enlarge_batch_size=false for concurrent GPU memory budget"", ""API CLI biccos_off token selects adapter; actual config is official vit.yaml (BICCOS unchanged)"", ""input route: Python API ABCrownSolver instead of abcrown.py + VNN-LIB (VNN-LIB cannot encode an l1 ball)"", ""ABCrownSolver._build_vnnlib_handler overridden to pass the l1 range dict (X, eps, data_min, data_max)"", ""specification.norm = 1 (the official file is an l_inf VNN-COMP config)"", ""general.adhoc_tuning None: api.py cannot eval Customized(); the vit hook only sets share_alphas when >= 6 MatMul modules exist, and this PyTorch module has 0, so the hook is a no-op here""], ""mapping"": ""derived (no official category; vit_2023 transformer config)"", ""notes"": [], ""official"": ""exp_configs/vnncomp23/vit.yaml"", ""official_biccos"": false, ""official_pgd_order"": ""skip"", ""variant"": ""official""}","[""config mapping: derived (no official category; vit_2023 transformer config)"", ""attack-off (user decision D20): all attack/falsification stages disabled, see config.attack.overrides"", ""L1 API: explicit solver.alpha-crown.share_alphas=true (ViT ONNX hook is not triggered by native modules); avoids large independent alpha tensors"", ""Python 3.11 typing.override compatibility via typing_extensions (no ACT source change)"", ""float32 stable interpreter; general.double_fp=false; solver.use_float64_in_last_iteration=false"", ""solver.batch_size=16; auto_enlarge_batch_size=false for concurrent GPU memory budget"", ""API CLI biccos_off token selects adapter; actual config is official vit.yaml (BICCOS unchanged)"", ""input route: Python API ABCrownSolver instead of abcrown.py + VNN-LIB (VNN-LIB cannot encode an l1 ball)"", ""ABCrownSolver._build_vnnlib_handler overridden to pass the l1 range dict (X, eps, data_min, data_max)"", ""specification.norm = 1 (the official file is an l_inf VNN-COMP config)"", ""general.adhoc_tuning None: api.py cannot eval Customized(); the vit hook only sets share_alphas when >= 6 MatMul modules exist, and this PyTorch module has 0, so the hook is a no-op here""]",,,100.0,89276.0,official_attack_off_f32_lp1_sharedalpha_batch16,"[""abcrown"",""scratch/text_export/yelp_p1/yelp_buffet/onnx/yelp_d3_L6.onnx"",""scratch/text_export/yelp_p1/yelp_buffet/vnnlib/query_index_q0037_d3_L6_e26110_p1_eps0p3.v1.vnnlib"",30.0,""official_attack_off_f32_lp1_sharedalpha_batch16""]",
yelp_p1,38,yelp_d3_L15.onnx,query_index_q0038_d3_L15_e27872_p1_eps0p3.v1.vnnlib,unsat,2.461,CERTIFIED,1,30.0,2.461,24.544,22.082,25.587944583967328,0,0,,,Native API unsafe is conservatively UNKNOWN; no unvalidated L1 witness accepted,0,scratch/logs/fse2026/abcrown/yelp_p1/00038_lp1_z0xb9_pb.log,6b8bbcfac1c01da1cabd240a87e4dce1a65f5a2b,"{""attack"": {""attack_off"": true, ""hook_replacements"": {}, ""overrides"": {""attack"": {""enable_mip_attack"": false, ""input_split_check_adv"": {""enabled"": ""false""}, ""pgd_order"": ""skip""}, ""bab"": {""attack"": {""enabled"": false}, ""branching"": {""input_split"": {""update_rhs_with_attack"": false}}}}}, ""biccos_applicable"": true, ""biccos_effective"": false, ""deviations"": [""config mapping: derived (no official category; vit_2023 transformer config)"", ""attack-off (user decision D20): all attack/falsification stages disabled, see config.attack.overrides"", ""L1 API: explicit solver.alpha-crown.share_alphas=true (ViT ONNX hook is not triggered by native modules); avoids large independent alpha tensors"", ""Python 3.11 typing.override compatibility via typing_extensions (no ACT source change)"", ""float32 stable interpreter; general.double_fp=false; solver.use_float64_in_last_iteration=false"", ""solver.batch_size=16; auto_enlarge_batch_size=false for concurrent GPU memory budget"", ""API CLI biccos_off token selects adapter; actual config is official vit.yaml (BICCOS unchanged)"", ""input route: Python API ABCrownSolver instead of abcrown.py + VNN-LIB (VNN-LIB cannot encode an l1 ball)"", ""ABCrownSolver._build_vnnlib_handler overridden to pass the l1 range dict (X, eps, data_min, data_max)"", ""specification.norm = 1 (the official file is an l_inf VNN-COMP config)"", ""general.adhoc_tuning None: api.py cannot eval Customized(); the vit hook only sets share_alphas when >= 6 MatMul modules exist, and this PyTorch module has 0, so the hook is a no-op here""], ""mapping"": ""derived (no official category; vit_2023 transformer config)"", ""notes"": [], ""official"": ""exp_configs/vnncomp23/vit.yaml"", ""official_biccos"": false, ""official_pgd_order"": ""skip"", ""variant"": ""official""}","[""config mapping: derived (no official category; vit_2023 transformer config)"", ""attack-off (user decision D20): all attack/falsification stages disabled, see config.attack.overrides"", ""L1 API: explicit solver.alpha-crown.share_alphas=true (ViT ONNX hook is not triggered by native modules); avoids large independent alpha tensors"", ""Python 3.11 typing.override compatibility via typing_extensions (no ACT source change)"", ""float32 stable interpreter; general.double_fp=false; solver.use_float64_in_last_iteration=false"", ""solver.batch_size=16; auto_enlarge_batch_size=false for concurrent GPU memory budget"", ""API CLI biccos_off token selects adapter; actual config is official vit.yaml (BICCOS unchanged)"", ""input route: Python API ABCrownSolver instead of abcrown.py + VNN-LIB (VNN-LIB cannot encode an l1 ball)"", ""ABCrownSolver._build_vnnlib_handler overridden to pass the l1 range dict (X, eps, data_min, data_max)"", ""specification.norm = 1 (the official file is an l_inf VNN-COMP config)"", ""general.adhoc_tuning None: api.py cannot eval Customized(); the vit hook only sets share_alphas when >= 6 MatMul modules exist, and this PyTorch module has 0, so the hook is a no-op here""]",,,3.0,89276.0,official_attack_off_f32_lp1_sharedalpha_batch16,"[""abcrown"",""scratch/text_export/yelp_p1/yelp_buffet/onnx/yelp_d3_L15.onnx"",""scratch/text_export/yelp_p1/yelp_buffet/vnnlib/query_index_q0038_d3_L15_e27872_p1_eps0p3.v1.vnnlib"",30.0,""official_attack_off_f32_lp1_sharedalpha_batch16""]",
yelp_p1,39,yelp_d3_L7.onnx,query_index_q0039_d3_L7_e23476_p1_eps0p3.v1.vnnlib,unsat,1.091,CERTIFIED,1,30.0,1.091,23.37,22.279,24.44186995178461,0,0,,,Native API unsafe is conservatively UNKNOWN; no unvalidated L1 witness accepted,0,scratch/logs/fse2026/abcrown/yelp_p1/00039_lp1_n8vznv3x.log,6b8bbcfac1c01da1cabd240a87e4dce1a65f5a2b,"{""attack"": {""attack_off"": true, ""hook_replacements"": {}, ""overrides"": {""attack"": {""enable_mip_attack"": false, ""input_split_check_adv"": {""enabled"": ""false""}, ""pgd_order"": ""skip""}, ""bab"": {""attack"": {""enabled"": false}, ""branching"": {""input_split"": {""update_rhs_with_attack"": false}}}}}, ""biccos_applicable"": true, ""biccos_effective"": false, ""deviations"": [""config mapping: derived (no official category; vit_2023 transformer config)"", ""attack-off (user decision D20): all attack/falsification stages disabled, see config.attack.overrides"", ""L1 API: explicit solver.alpha-crown.share_alphas=true (ViT ONNX hook is not triggered by native modules); avoids large independent alpha tensors"", ""Python 3.11 typing.override compatibility via typing_extensions (no ACT source change)"", ""float32 stable interpreter; general.double_fp=false; solver.use_float64_in_last_iteration=false"", ""solver.batch_size=16; auto_enlarge_batch_size=false for concurrent GPU memory budget"", ""API CLI biccos_off token selects adapter; actual config is official vit.yaml (BICCOS unchanged)"", ""input route: Python API ABCrownSolver instead of abcrown.py + VNN-LIB (VNN-LIB cannot encode an l1 ball)"", ""ABCrownSolver._build_vnnlib_handler overridden to pass the l1 range dict (X, eps, data_min, data_max)"", ""specification.norm = 1 (the official file is an l_inf VNN-COMP config)"", ""general.adhoc_tuning None: api.py cannot eval Customized(); the vit hook only sets share_alphas when >= 6 MatMul modules exist, and this PyTorch module has 0, so the hook is a no-op here""], ""mapping"": ""derived (no official category; vit_2023 transformer config)"", ""notes"": [], ""official"": ""exp_configs/vnncomp23/vit.yaml"", ""official_biccos"": false, ""official_pgd_order"": ""skip"", ""variant"": ""official""}","[""config mapping: derived (no official category; vit_2023 transformer config)"", ""attack-off (user decision D20): all attack/falsification stages disabled, see config.attack.overrides"", ""L1 API: explicit solver.alpha-crown.share_alphas=true (ViT ONNX hook is not triggered by native modules); avoids large independent alpha tensors"", ""Python 3.11 typing.override compatibility via typing_extensions (no ACT source change)"", ""float32 stable interpreter; general.double_fp=false; solver.use_float64_in_last_iteration=false"", ""solver.batch_size=16; auto_enlarge_batch_size=false for concurrent GPU memory budget"", ""API CLI biccos_off token selects adapter; actual config is official vit.yaml (BICCOS unchanged)"", ""input route: Python API ABCrownSolver instead of abcrown.py + VNN-LIB (VNN-LIB cannot encode an l1 ball)"", ""ABCrownSolver._build_vnnlib_handler overridden to pass the l1 range dict (X, eps, data_min, data_max)"", ""specification.norm = 1 (the official file is an l_inf VNN-COMP config)"", ""general.adhoc_tuning None: api.py cannot eval Customized(); the vit hook only sets share_alphas when >= 6 MatMul modules exist, and this PyTorch module has 0, so the hook is a no-op here""]",,,100.0,89276.0,official_attack_off_f32_lp1_sharedalpha_batch16,"[""abcrown"",""scratch/text_export/yelp_p1/yelp_buffet/onnx/yelp_d3_L7.onnx"",""scratch/text_export/yelp_p1/yelp_buffet/vnnlib/query_index_q0039_d3_L7_e23476_p1_eps0p3.v1.vnnlib"",30.0,""official_attack_off_f32_lp1_sharedalpha_batch16""]",
yelp_p1,40,yelp_d3_L10.onnx,query_index_q0040_d3_L10_e19057_p1_eps0p2.v1.vnnlib,unsat,2.796,CERTIFIED,1,30.0,2.796,24.684,21.888,25.74166412651539,0,0,,,Native API unsafe is conservatively UNKNOWN; no unvalidated L1 witness accepted,0,scratch/logs/fse2026/abcrown/yelp_p1/00040_lp1_xr0x6z4g.log,6b8bbcfac1c01da1cabd240a87e4dce1a65f5a2b,"{""attack"": {""attack_off"": true, ""hook_replacements"": {}, ""overrides"": {""attack"": {""enable_mip_attack"": false, ""input_split_check_adv"": {""enabled"": ""false""}, ""pgd_order"": ""skip""}, ""bab"": {""attack"": {""enabled"": false}, ""branching"": {""input_split"": {""update_rhs_with_attack"": false}}}}}, ""biccos_applicable"": true, ""biccos_effective"": false, ""deviations"": [""config mapping: derived (no official category; vit_2023 transformer config)"", ""attack-off (user decision D20): all attack/falsification stages disabled, see config.attack.overrides"", ""L1 API: explicit solver.alpha-crown.share_alphas=true (ViT ONNX hook is not triggered by native modules); avoids large independent alpha tensors"", ""Python 3.11 typing.override compatibility via typing_extensions (no ACT source change)"", ""float32 stable interpreter; general.double_fp=false; solver.use_float64_in_last_iteration=false"", ""solver.batch_size=16; auto_enlarge_batch_size=false for concurrent GPU memory budget"", ""API CLI biccos_off token selects adapter; actual config is official vit.yaml (BICCOS unchanged)"", ""input route: Python API ABCrownSolver instead of abcrown.py + VNN-LIB (VNN-LIB cannot encode an l1 ball)"", ""ABCrownSolver._build_vnnlib_handler overridden to pass the l1 range dict (X, eps, data_min, data_max)"", ""specification.norm = 1 (the official file is an l_inf VNN-COMP config)"", ""general.adhoc_tuning None: api.py cannot eval Customized(); the vit hook only sets share_alphas when >= 6 MatMul modules exist, and this PyTorch module has 0, so the hook is a no-op here""], ""mapping"": ""derived (no official category; vit_2023 transformer config)"", ""notes"": [], ""official"": ""exp_configs/vnncomp23/vit.yaml"", ""official_biccos"": false, ""official_pgd_order"": ""skip"", ""variant"": ""official""}","[""config mapping: derived (no official category; vit_2023 transformer config)"", ""attack-off (user decision D20): all attack/falsification stages disabled, see config.attack.overrides"", ""L1 API: explicit solver.alpha-crown.share_alphas=true (ViT ONNX hook is not triggered by native modules); avoids large independent alpha tensors"", ""Python 3.11 typing.override compatibility via typing_extensions (no ACT source change)"", ""float32 stable interpreter; general.double_fp=false; solver.use_float64_in_last_iteration=false"", ""solver.batch_size=16; auto_enlarge_batch_size=false for concurrent GPU memory budget"", ""API CLI biccos_off token selects adapter; actual config is official vit.yaml (BICCOS unchanged)"", ""input route: Python API ABCrownSolver instead of abcrown.py + VNN-LIB (VNN-LIB cannot encode an l1 ball)"", ""ABCrownSolver._build_vnnlib_handler overridden to pass the l1 range dict (X, eps, data_min, data_max)"", ""specification.norm = 1 (the official file is an l_inf VNN-COMP config)"", ""general.adhoc_tuning None: api.py cannot eval Customized(); the vit hook only sets share_alphas when >= 6 MatMul modules exist, and this PyTorch module has 0, so the hook is a no-op here""]",,,55.0,3456.0,official_attack_off_f32_lp1_sharedalpha_batch16,"[""abcrown"",""scratch/text_export/yelp_p1/yelp_buffet/onnx/yelp_d3_L10.onnx"",""scratch/text_export/yelp_p1/yelp_buffet/vnnlib/query_index_q0040_d3_L10_e19057_p1_eps0p2.v1.vnnlib"",30.0,""official_attack_off_f32_lp1_sharedalpha_batch16""]",
yelp_p1,41,yelp_d3_L19.onnx,query_index_q0041_d3_L19_e7952_p1_eps0p2.v1.vnnlib,unsat,2.967,CERTIFIED,1,30.0,2.967,25.441,22.473,26.542368227615952,0,0,,,Native API unsafe is conservatively UNKNOWN; no unvalidated L1 witness accepted,0,scratch/logs/fse2026/abcrown/yelp_p1/00041_lp1_rfmkwt82.log,6b8bbcfac1c01da1cabd240a87e4dce1a65f5a2b,"{""attack"": {""attack_off"": true, ""hook_replacements"": {}, ""overrides"": {""attack"": {""enable_mip_attack"": false, ""input_split_check_adv"": {""enabled"": ""false""}, ""pgd_order"": ""skip""}, ""bab"": {""attack"": {""enabled"": false}, ""branching"": {""input_split"": {""update_rhs_with_attack"": false}}}}}, ""biccos_applicable"": true, ""biccos_effective"": false, ""deviations"": [""config mapping: derived (no official category; vit_2023 transformer config)"", ""attack-off (user decision D20): all attack/falsification stages disabled, see config.attack.overrides"", ""L1 API: explicit solver.alpha-crown.share_alphas=true (ViT ONNX hook is not triggered by native modules); avoids large independent alpha tensors"", ""Python 3.11 typing.override compatibility via typing_extensions (no ACT source change)"", ""float32 stable interpreter; general.double_fp=false; solver.use_float64_in_last_iteration=false"", ""solver.batch_size=16; auto_enlarge_batch_size=false for concurrent GPU memory budget"", ""API CLI biccos_off token selects adapter; actual config is official vit.yaml (BICCOS unchanged)"", ""input route: Python API ABCrownSolver instead of abcrown.py + VNN-LIB (VNN-LIB cannot encode an l1 ball)"", ""ABCrownSolver._build_vnnlib_handler overridden to pass the l1 range dict (X, eps, data_min, data_max)"", ""specification.norm = 1 (the official file is an l_inf VNN-COMP config)"", ""general.adhoc_tuning None: api.py cannot eval Customized(); the vit hook only sets share_alphas when >= 6 MatMul modules exist, and this PyTorch module has 0, so the hook is a no-op here""], ""mapping"": ""derived (no official category; vit_2023 transformer config)"", ""notes"": [], ""official"": ""exp_configs/vnncomp23/vit.yaml"", ""official_biccos"": false, ""official_pgd_order"": ""skip"", ""variant"": ""official""}","[""config mapping: derived (no official category; vit_2023 transformer config)"", ""attack-off (user decision D20): all attack/falsification stages disabled, see config.attack.overrides"", ""L1 API: explicit solver.alpha-crown.share_alphas=true (ViT ONNX hook is not triggered by native modules); avoids large independent alpha tensors"", ""Python 3.11 typing.override compatibility via typing_extensions (no ACT source change)"", ""float32 stable interpreter; general.double_fp=false; solver.use_float64_in_last_iteration=false"", ""solver.batch_size=16; auto_enlarge_batch_size=false for concurrent GPU memory budget"", ""API CLI biccos_off token selects adapter; actual config is official vit.yaml (BICCOS unchanged)"", ""input route: Python API ABCrownSolver instead of abcrown.py + VNN-LIB (VNN-LIB cannot encode an l1 ball)"", ""ABCrownSolver._build_vnnlib_handler overridden to pass the l1 range dict (X, eps, data_min, data_max)"", ""specification.norm = 1 (the official file is an l_inf VNN-COMP config)"", ""general.adhoc_tuning None: api.py cannot eval Customized(); the vit hook only sets share_alphas when >= 6 MatMul modules exist, and this PyTorch module has 0, so the hook is a no-op here""]",,,95.0,23348.0,official_attack_off_f32_lp1_sharedalpha_batch16,"[""abcrown"",""scratch/text_export/yelp_p1/yelp_buffet/onnx/yelp_d3_L19.onnx"",""scratch/text_export/yelp_p1/yelp_buffet/vnnlib/query_index_q0041_d3_L19_e7952_p1_eps0p2.v1.vnnlib"",30.0,""official_attack_off_f32_lp1_sharedalpha_batch16""]",
yelp_p1,42,yelp_d3_L11.onnx,query_index_q0042_d3_L11_e35137_p1_eps0p2.v1.vnnlib,unsat,1.059,CERTIFIED,1,30.0,1.059,22.715,21.656,23.728355614468455,0,0,,,Native API unsafe is conservatively UNKNOWN; no unvalidated L1 witness accepted,0,scratch/logs/fse2026/abcrown/yelp_p1/00042_lp1_yb7ywaiz.log,6b8bbcfac1c01da1cabd240a87e4dce1a65f5a2b,"{""attack"": {""attack_off"": true, ""hook_replacements"": {}, ""overrides"": {""attack"": {""enable_mip_attack"": false, ""input_split_check_adv"": {""enabled"": ""false""}, ""pgd_order"": ""skip""}, ""bab"": {""attack"": {""enabled"": false}, ""branching"": {""input_split"": {""update_rhs_with_attack"": false}}}}}, ""biccos_applicable"": true, ""biccos_effective"": false, ""deviations"": [""config mapping: derived (no official category; vit_2023 transformer config)"", ""attack-off (user decision D20): all attack/falsification stages disabled, see config.attack.overrides"", ""L1 API: explicit solver.alpha-crown.share_alphas=true (ViT ONNX hook is not triggered by native modules); avoids large independent alpha tensors"", ""Python 3.11 typing.override compatibility via typing_extensions (no ACT source change)"", ""float32 stable interpreter; general.double_fp=false; solver.use_float64_in_last_iteration=false"", ""solver.batch_size=16; auto_enlarge_batch_size=false for concurrent GPU memory budget"", ""API CLI biccos_off token selects adapter; actual config is official vit.yaml (BICCOS unchanged)"", ""input route: Python API ABCrownSolver instead of abcrown.py + VNN-LIB (VNN-LIB cannot encode an l1 ball)"", ""ABCrownSolver._build_vnnlib_handler overridden to pass the l1 range dict (X, eps, data_min, data_max)"", ""specification.norm = 1 (the official file is an l_inf VNN-COMP config)"", ""general.adhoc_tuning None: api.py cannot eval Customized(); the vit hook only sets share_alphas when >= 6 MatMul modules exist, and this PyTorch module has 0, so the hook is a no-op here""], ""mapping"": ""derived (no official category; vit_2023 transformer config)"", ""notes"": [], ""official"": ""exp_configs/vnncomp23/vit.yaml"", ""official_biccos"": false, ""official_pgd_order"": ""skip"", ""variant"": ""official""}","[""config mapping: derived (no official category; vit_2023 transformer config)"", ""attack-off (user decision D20): all attack/falsification stages disabled, see config.attack.overrides"", ""L1 API: explicit solver.alpha-crown.share_alphas=true (ViT ONNX hook is not triggered by native modules); avoids large independent alpha tensors"", ""Python 3.11 typing.override compatibility via typing_extensions (no ACT source change)"", ""float32 stable interpreter; general.double_fp=false; solver.use_float64_in_last_iteration=false"", ""solver.batch_size=16; auto_enlarge_batch_size=false for concurrent GPU memory budget"", ""API CLI biccos_off token selects adapter; actual config is official vit.yaml (BICCOS unchanged)"", ""input route: Python API ABCrownSolver instead of abcrown.py + VNN-LIB (VNN-LIB cannot encode an l1 ball)"", ""ABCrownSolver._build_vnnlib_handler overridden to pass the l1 range dict (X, eps, data_min, data_max)"", ""specification.norm = 1 (the official file is an l_inf VNN-COMP config)"", ""general.adhoc_tuning None: api.py cannot eval Customized(); the vit hook only sets share_alphas when >= 6 MatMul modules exist, and this PyTorch module has 0, so the hook is a no-op here""]",,,54.0,5402.0,official_attack_off_f32_lp1_sharedalpha_batch16,"[""abcrown"",""scratch/text_export/yelp_p1/yelp_buffet/onnx/yelp_d3_L11.onnx"",""scratch/text_export/yelp_p1/yelp_buffet/vnnlib/query_index_q0042_d3_L11_e35137_p1_eps0p2.v1.vnnlib"",30.0,""official_attack_off_f32_lp1_sharedalpha_batch16""]",
yelp_p1,43,yelp_d3_L15.onnx,query_index_q0043_d3_L15_e31746_p1_eps0p2.v1.vnnlib,unsat,2.794,CERTIFIED,1,30.0,2.794,24.714,21.919,25.791912605986,0,0,,,Native API unsafe is conservatively UNKNOWN; no unvalidated L1 witness accepted,0,scratch/logs/fse2026/abcrown/yelp_p1/00043_lp1__8raxp2a.log,6b8bbcfac1c01da1cabd240a87e4dce1a65f5a2b,"{""attack"": {""attack_off"": true, ""hook_replacements"": {}, ""overrides"": {""attack"": {""enable_mip_attack"": false, ""input_split_check_adv"": {""enabled"": ""false""}, ""pgd_order"": ""skip""}, ""bab"": {""attack"": {""enabled"": false}, ""branching"": {""input_split"": {""update_rhs_with_attack"": false}}}}}, ""biccos_applicable"": true, ""biccos_effective"": false, ""deviations"": [""config mapping: derived (no official category; vit_2023 transformer config)"", ""attack-off (user decision D20): all attack/falsification stages disabled, see config.attack.overrides"", ""L1 API: explicit solver.alpha-crown.share_alphas=true (ViT ONNX hook is not triggered by native modules); avoids large independent alpha tensors"", ""Python 3.11 typing.override compatibility via typing_extensions (no ACT source change)"", ""float32 stable interpreter; general.double_fp=false; solver.use_float64_in_last_iteration=false"", ""solver.batch_size=16; auto_enlarge_batch_size=false for concurrent GPU memory budget"", ""API CLI biccos_off token selects adapter; actual config is official vit.yaml (BICCOS unchanged)"", ""input route: Python API ABCrownSolver instead of abcrown.py + VNN-LIB (VNN-LIB cannot encode an l1 ball)"", ""ABCrownSolver._build_vnnlib_handler overridden to pass the l1 range dict (X, eps, data_min, data_max)"", ""specification.norm = 1 (the official file is an l_inf VNN-COMP config)"", ""general.adhoc_tuning None: api.py cannot eval Customized(); the vit hook only sets share_alphas when >= 6 MatMul modules exist, and this PyTorch module has 0, so the hook is a no-op here""], ""mapping"": ""derived (no official category; vit_2023 transformer config)"", ""notes"": [], ""official"": ""exp_configs/vnncomp23/vit.yaml"", ""official_biccos"": false, ""official_pgd_order"": ""skip"", ""variant"": ""official""}","[""config mapping: derived (no official category; vit_2023 transformer config)"", ""attack-off (user decision D20): all attack/falsification stages disabled, see config.attack.overrides"", ""L1 API: explicit solver.alpha-crown.share_alphas=true (ViT ONNX hook is not triggered by native modules); avoids large independent alpha tensors"", ""Python 3.11 typing.override compatibility via typing_extensions (no ACT source change)"", ""float32 stable interpreter; general.double_fp=false; solver.use_float64_in_last_iteration=false"", ""solver.batch_size=16; auto_enlarge_batch_size=false for concurrent GPU memory budget"", ""API CLI biccos_off token selects adapter; actual config is official vit.yaml (BICCOS unchanged)"", ""input route: Python API ABCrownSolver instead of abcrown.py + VNN-LIB (VNN-LIB cannot encode an l1 ball)"", ""ABCrownSolver._build_vnnlib_handler overridden to pass the l1 range dict (X, eps, data_min, data_max)"", ""specification.norm = 1 (the official file is an l_inf VNN-COMP config)"", ""general.adhoc_tuning None: api.py cannot eval Customized(); the vit hook only sets share_alphas when >= 6 MatMul modules exist, and this PyTorch module has 0, so the hook is a no-op here""]",,,19.0,37.0,official_attack_off_f32_lp1_sharedalpha_batch16,"[""abcrown"",""scratch/text_export/yelp_p1/yelp_buffet/onnx/yelp_d3_L15.onnx"",""scratch/text_export/yelp_p1/yelp_buffet/vnnlib/query_index_q0043_d3_L15_e31746_p1_eps0p2.v1.vnnlib"",30.0,""official_attack_off_f32_lp1_sharedalpha_batch16""]",
yelp_p1,44,yelp_d3_L8.onnx,query_index_q0044_d3_L8_e17711_p1_eps0p2.v1.vnnlib,unsat,2.586,CERTIFIED,1,30.0,2.586,24.639,22.052,25.78141121007502,0,0,,,Native API unsafe is conservatively UNKNOWN; no unvalidated L1 witness accepted,0,scratch/logs/fse2026/abcrown/yelp_p1/00044_lp1_c7g5007h.log,6b8bbcfac1c01da1cabd240a87e4dce1a65f5a2b,"{""attack"": {""attack_off"": true, ""hook_replacements"": {}, ""overrides"": {""attack"": {""enable_mip_attack"": false, ""input_split_check_adv"": {""enabled"": ""false""}, ""pgd_order"": ""skip""}, ""bab"": {""attack"": {""enabled"": false}, ""branching"": {""input_split"": {""update_rhs_with_attack"": false}}}}}, ""biccos_applicable"": true, ""biccos_effective"": false, ""deviations"": [""config mapping: derived (no official category; vit_2023 transformer config)"", ""attack-off (user decision D20): all attack/falsification stages disabled, see config.attack.overrides"", ""L1 API: explicit solver.alpha-crown.share_alphas=true (ViT ONNX hook is not triggered by native modules); avoids large independent alpha tensors"", ""Python 3.11 typing.override compatibility via typing_extensions (no ACT source change)"", ""float32 stable interpreter; general.double_fp=false; solver.use_float64_in_last_iteration=false"", ""solver.batch_size=16; auto_enlarge_batch_size=false for concurrent GPU memory budget"", ""API CLI biccos_off token selects adapter; actual config is official vit.yaml (BICCOS unchanged)"", ""input route: Python API ABCrownSolver instead of abcrown.py + VNN-LIB (VNN-LIB cannot encode an l1 ball)"", ""ABCrownSolver._build_vnnlib_handler overridden to pass the l1 range dict (X, eps, data_min, data_max)"", ""specification.norm = 1 (the official file is an l_inf VNN-COMP config)"", ""general.adhoc_tuning None: api.py cannot eval Customized(); the vit hook only sets share_alphas when >= 6 MatMul modules exist, and this PyTorch module has 0, so the hook is a no-op here""], ""mapping"": ""derived (no official category; vit_2023 transformer config)"", ""notes"": [], ""official"": ""exp_configs/vnncomp23/vit.yaml"", ""official_biccos"": false, ""official_pgd_order"": ""skip"", ""variant"": ""official""}","[""config mapping: derived (no official category; vit_2023 transformer config)"", ""attack-off (user decision D20): all attack/falsification stages disabled, see config.attack.overrides"", ""L1 API: explicit solver.alpha-crown.share_alphas=true (ViT ONNX hook is not triggered by native modules); avoids large independent alpha tensors"", ""Python 3.11 typing.override compatibility via typing_extensions (no ACT source change)"", ""float32 stable interpreter; general.double_fp=false; solver.use_float64_in_last_iteration=false"", ""solver.batch_size=16; auto_enlarge_batch_size=false for concurrent GPU memory budget"", ""API CLI biccos_off token selects adapter; actual config is official vit.yaml (BICCOS unchanged)"", ""input route: Python API ABCrownSolver instead of abcrown.py + VNN-LIB (VNN-LIB cannot encode an l1 ball)"", ""ABCrownSolver._build_vnnlib_handler overridden to pass the l1 range dict (X, eps, data_min, data_max)"", ""specification.norm = 1 (the official file is an l_inf VNN-COMP config)"", ""general.adhoc_tuning None: api.py cannot eval Customized(); the vit hook only sets share_alphas when >= 6 MatMul modules exist, and this PyTorch module has 0, so the hook is a no-op here""]",,,98.0,23572.0,official_attack_off_f32_lp1_sharedalpha_batch16,"[""abcrown"",""scratch/text_export/yelp_p1/yelp_buffet/onnx/yelp_d3_L8.onnx"",""scratch/text_export/yelp_p1/yelp_buffet/vnnlib/query_index_q0044_d3_L8_e17711_p1_eps0p2.v1.vnnlib"",30.0,""official_attack_off_f32_lp1_sharedalpha_batch16""]",
yelp_p1,45,yelp_d3_L12.onnx,query_index_q0045_d3_L12_e8376_p1_eps0p2.v1.vnnlib,unknown,31.312,UNKNOWN,0,30.0,31.312,52.641,21.328,53.82806400768459,1,0,,,Native API unsafe is conservatively UNKNOWN; no unvalidated L1 witness accepted,0,scratch/logs/fse2026/abcrown/yelp_p1/00045_lp1_4xmw4z7_.log,6b8bbcfac1c01da1cabd240a87e4dce1a65f5a2b,"{""attack"": {""attack_off"": true, ""hook_replacements"": {}, ""overrides"": {""attack"": {""enable_mip_attack"": false, ""input_split_check_adv"": {""enabled"": ""false""}, ""pgd_order"": ""skip""}, ""bab"": {""attack"": {""enabled"": false}, ""branching"": {""input_split"": {""update_rhs_with_attack"": false}}}}}, ""biccos_applicable"": true, ""biccos_effective"": false, ""deviations"": [""config mapping: derived (no official category; vit_2023 transformer config)"", ""attack-off (user decision D20): all attack/falsification stages disabled, see config.attack.overrides"", ""L1 API: explicit solver.alpha-crown.share_alphas=true (ViT ONNX hook is not triggered by native modules); avoids large independent alpha tensors"", ""Python 3.11 typing.override compatibility via typing_extensions (no ACT source change)"", ""float32 stable interpreter; general.double_fp=false; solver.use_float64_in_last_iteration=false"", ""solver.batch_size=16; auto_enlarge_batch_size=false for concurrent GPU memory budget"", ""API CLI biccos_off token selects adapter; actual config is official vit.yaml (BICCOS unchanged)"", ""input route: Python API ABCrownSolver instead of abcrown.py + VNN-LIB (VNN-LIB cannot encode an l1 ball)"", ""ABCrownSolver._build_vnnlib_handler overridden to pass the l1 range dict (X, eps, data_min, data_max)"", ""specification.norm = 1 (the official file is an l_inf VNN-COMP config)"", ""general.adhoc_tuning None: api.py cannot eval Customized(); the vit hook only sets share_alphas when >= 6 MatMul modules exist, and this PyTorch module has 0, so the hook is a no-op here""], ""mapping"": ""derived (no official category; vit_2023 transformer config)"", ""notes"": [], ""official"": ""exp_configs/vnncomp23/vit.yaml"", ""official_biccos"": false, ""official_pgd_order"": ""skip"", ""variant"": ""official""}","[""config mapping: derived (no official category; vit_2023 transformer config)"", ""attack-off (user decision D20): all attack/falsification stages disabled, see config.attack.overrides"", ""L1 API: explicit solver.alpha-crown.share_alphas=true (ViT ONNX hook is not triggered by native modules); avoids large independent alpha tensors"", ""Python 3.11 typing.override compatibility via typing_extensions (no ACT source change)"", ""float32 stable interpreter; general.double_fp=false; solver.use_float64_in_last_iteration=false"", ""solver.batch_size=16; auto_enlarge_batch_size=false for concurrent GPU memory budget"", ""API CLI biccos_off token selects adapter; actual config is official vit.yaml (BICCOS unchanged)"", ""input route: Python API ABCrownSolver instead of abcrown.py + VNN-LIB (VNN-LIB cannot encode an l1 ball)"", ""ABCrownSolver._build_vnnlib_handler overridden to pass the l1 range dict (X, eps, data_min, data_max)"", ""specification.norm = 1 (the official file is an l_inf VNN-COMP config)"", ""general.adhoc_tuning None: api.py cannot eval Customized(); the vit hook only sets share_alphas when >= 6 MatMul modules exist, and this PyTorch module has 0, so the hook is a no-op here""]",,,91.0,32412.0,official_attack_off_f32_lp1_sharedalpha_batch16,"[""abcrown"",""scratch/text_export/yelp_p1/yelp_buffet/onnx/yelp_d3_L12.onnx"",""scratch/text_export/yelp_p1/yelp_buffet/vnnlib/query_index_q0045_d3_L12_e8376_p1_eps0p2.v1.vnnlib"",30.0,""official_attack_off_f32_lp1_sharedalpha_batch16""]",
yelp_p1,46,yelp_d3_L11.onnx,query_index_q0046_d3_L11_e2354_p1_eps0p2.v1.vnnlib,unsat,2.154,CERTIFIED,1,30.0,2.154,23.708,21.554,24.73843351379037,0,0,,,Native API unsafe is conservatively UNKNOWN; no unvalidated L1 witness accepted,0,scratch/logs/fse2026/abcrown/yelp_p1/00046_lp1_x4uja2_a.log,6b8bbcfac1c01da1cabd240a87e4dce1a65f5a2b,"{""attack"": {""attack_off"": true, ""hook_replacements"": {}, ""overrides"": {""attack"": {""enable_mip_attack"": false, ""input_split_check_adv"": {""enabled"": ""false""}, ""pgd_order"": ""skip""}, ""bab"": {""attack"": {""enabled"": false}, ""branching"": {""input_split"": {""update_rhs_with_attack"": false}}}}}, ""biccos_applicable"": true, ""biccos_effective"": false, ""deviations"": [""config mapping: derived (no official category; vit_2023 transformer config)"", ""attack-off (user decision D20): all attack/falsification stages disabled, see config.attack.overrides"", ""L1 API: explicit solver.alpha-crown.share_alphas=true (ViT ONNX hook is not triggered by native modules); avoids large independent alpha tensors"", ""Python 3.11 typing.override compatibility via typing_extensions (no ACT source change)"", ""float32 stable interpreter; general.double_fp=false; solver.use_float64_in_last_iteration=false"", ""solver.batch_size=16; auto_enlarge_batch_size=false for concurrent GPU memory budget"", ""API CLI biccos_off token selects adapter; actual config is official vit.yaml (BICCOS unchanged)"", ""input route: Python API ABCrownSolver instead of abcrown.py + VNN-LIB (VNN-LIB cannot encode an l1 ball)"", ""ABCrownSolver._build_vnnlib_handler overridden to pass the l1 range dict (X, eps, data_min, data_max)"", ""specification.norm = 1 (the official file is an l_inf VNN-COMP config)"", ""general.adhoc_tuning None: api.py cannot eval Customized(); the vit hook only sets share_alphas when >= 6 MatMul modules exist, and this PyTorch module has 0, so the hook is a no-op here""], ""mapping"": ""derived (no official category; vit_2023 transformer config)"", ""notes"": [], ""official"": ""exp_configs/vnncomp23/vit.yaml"", ""official_biccos"": false, ""official_pgd_order"": ""skip"", ""variant"": ""official""}","[""config mapping: derived (no official category; vit_2023 transformer config)"", ""attack-off (user decision D20): all attack/falsification stages disabled, see config.attack.overrides"", ""L1 API: explicit solver.alpha-crown.share_alphas=true (ViT ONNX hook is not triggered by native modules); avoids large independent alpha tensors"", ""Python 3.11 typing.override compatibility via typing_extensions (no ACT source change)"", ""float32 stable interpreter; general.double_fp=false; solver.use_float64_in_last_iteration=false"", ""solver.batch_size=16; auto_enlarge_batch_size=false for concurrent GPU memory budget"", ""API CLI biccos_off token selects adapter; actual config is official vit.yaml (BICCOS unchanged)"", ""input route: Python API ABCrownSolver instead of abcrown.py + VNN-LIB (VNN-LIB cannot encode an l1 ball)"", ""ABCrownSolver._build_vnnlib_handler overridden to pass the l1 range dict (X, eps, data_min, data_max)"", ""specification.norm = 1 (the official file is an l_inf VNN-COMP config)"", ""general.adhoc_tuning None: api.py cannot eval Customized(); the vit hook only sets share_alphas when >= 6 MatMul modules exist, and this PyTorch module has 0, so the hook is a no-op here""]",,,80.0,22002.0,official_attack_off_f32_lp1_sharedalpha_batch16,"[""abcrown"",""scratch/text_export/yelp_p1/yelp_buffet/onnx/yelp_d3_L11.onnx"",""scratch/text_export/yelp_p1/yelp_buffet/vnnlib/query_index_q0046_d3_L11_e2354_p1_eps0p2.v1.vnnlib"",30.0,""official_attack_off_f32_lp1_sharedalpha_batch16""]",
yelp_p1,47,yelp_d3_L14.onnx,query_index_q0047_d3_L14_e30013_p1_eps0p2.v1.vnnlib,unsat,1.916,CERTIFIED,1,30.0,1.916,23.858,21.942,24.887516805902123,0,0,,,Native API unsafe is conservatively UNKNOWN; no unvalidated L1 witness accepted,0,scratch/logs/fse2026/abcrown/yelp_p1/00047_lp1_sgrd3ydx.log,6b8bbcfac1c01da1cabd240a87e4dce1a65f5a2b,"{""attack"": {""attack_off"": true, ""hook_replacements"": {}, ""overrides"": {""attack"": {""enable_mip_attack"": false, ""input_split_check_adv"": {""enabled"": ""false""}, ""pgd_order"": ""skip""}, ""bab"": {""attack"": {""enabled"": false}, ""branching"": {""input_split"": {""update_rhs_with_attack"": false}}}}}, ""biccos_applicable"": true, ""biccos_effective"": false, ""deviations"": [""config mapping: derived (no official category; vit_2023 transformer config)"", ""attack-off (user decision D20): all attack/falsification stages disabled, see config.attack.overrides"", ""L1 API: explicit solver.alpha-crown.share_alphas=true (ViT ONNX hook is not triggered by native modules); avoids large independent alpha tensors"", ""Python 3.11 typing.override compatibility via typing_extensions (no ACT source change)"", ""float32 stable interpreter; general.double_fp=false; solver.use_float64_in_last_iteration=false"", ""solver.batch_size=16; auto_enlarge_batch_size=false for concurrent GPU memory budget"", ""API CLI biccos_off token selects adapter; actual config is official vit.yaml (BICCOS unchanged)"", ""input route: Python API ABCrownSolver instead of abcrown.py + VNN-LIB (VNN-LIB cannot encode an l1 ball)"", ""ABCrownSolver._build_vnnlib_handler overridden to pass the l1 range dict (X, eps, data_min, data_max)"", ""specification.norm = 1 (the official file is an l_inf VNN-COMP config)"", ""general.adhoc_tuning None: api.py cannot eval Customized(); the vit hook only sets share_alphas when >= 6 MatMul modules exist, and this PyTorch module has 0, so the hook is a no-op here""], ""mapping"": ""derived (no official category; vit_2023 transformer config)"", ""notes"": [], ""official"": ""exp_configs/vnncomp23/vit.yaml"", ""official_biccos"": false, ""official_pgd_order"": ""skip"", ""variant"": ""official""}","[""config mapping: derived (no official category; vit_2023 transformer config)"", ""attack-off (user decision D20): all attack/falsification stages disabled, see config.attack.overrides"", ""L1 API: explicit solver.alpha-crown.share_alphas=true (ViT ONNX hook is not triggered by native modules); avoids large independent alpha tensors"", ""Python 3.11 typing.override compatibility via typing_extensions (no ACT source change)"", ""float32 stable interpreter; general.double_fp=false; solver.use_float64_in_last_iteration=false"", ""solver.batch_size=16; auto_enlarge_batch_size=false for concurrent GPU memory budget"", ""API CLI biccos_off token selects adapter; actual config is official vit.yaml (BICCOS unchanged)"", ""input route: Python API ABCrownSolver instead of abcrown.py + VNN-LIB (VNN-LIB cannot encode an l1 ball)"", ""ABCrownSolver._build_vnnlib_handler overridden to pass the l1 range dict (X, eps, data_min, data_max)"", ""specification.norm = 1 (the official file is an l_inf VNN-COMP config)"", ""general.adhoc_tuning None: api.py cannot eval Customized(); the vit hook only sets share_alphas when >= 6 MatMul modules exist, and this PyTorch module has 0, so the hook is a no-op here""]",,,54.0,4970.0,official_attack_off_f32_lp1_sharedalpha_batch16,"[""abcrown"",""scratch/text_export/yelp_p1/yelp_buffet/onnx/yelp_d3_L14.onnx"",""scratch/text_export/yelp_p1/yelp_buffet/vnnlib/query_index_q0047_d3_L14_e30013_p1_eps0p2.v1.vnnlib"",30.0,""official_attack_off_f32_lp1_sharedalpha_batch16""]",
yelp_p1,48,yelp_d3_L14.onnx,query_index_q0048_d3_L14_e23796_p1_eps0p2.v1.vnnlib,unsat,1.821,CERTIFIED,1,30.0,1.821,23.357,21.536,24.280514866113663,0,0,,,Native API unsafe is conservatively UNKNOWN; no unvalidated L1 witness accepted,0,scratch/logs/fse2026/abcrown/yelp_p1/00048_lp1_oft6000x.log,6b8bbcfac1c01da1cabd240a87e4dce1a65f5a2b,"{""attack"": {""attack_off"": true, ""hook_replacements"": {}, ""overrides"": {""attack"": {""enable_mip_attack"": false, ""input_split_check_adv"": {""enabled"": ""false""}, ""pgd_order"": ""skip""}, ""bab"": {""attack"": {""enabled"": false}, ""branching"": {""input_split"": {""update_rhs_with_attack"": false}}}}}, ""biccos_applicable"": true, ""biccos_effective"": false, ""deviations"": [""config mapping: derived (no official category; vit_2023 transformer config)"", ""attack-off (user decision D20): all attack/falsification stages disabled, see config.attack.overrides"", ""L1 API: explicit solver.alpha-crown.share_alphas=true (ViT ONNX hook is not triggered by native modules); avoids large independent alpha tensors"", ""Python 3.11 typing.override compatibility via typing_extensions (no ACT source change)"", ""float32 stable interpreter; general.double_fp=false; solver.use_float64_in_last_iteration=false"", ""solver.batch_size=16; auto_enlarge_batch_size=false for concurrent GPU memory budget"", ""API CLI biccos_off token selects adapter; actual config is official vit.yaml (BICCOS unchanged)"", ""input route: Python API ABCrownSolver instead of abcrown.py + VNN-LIB (VNN-LIB cannot encode an l1 ball)"", ""ABCrownSolver._build_vnnlib_handler overridden to pass the l1 range dict (X, eps, data_min, data_max)"", ""specification.norm = 1 (the official file is an l_inf VNN-COMP config)"", ""general.adhoc_tuning None: api.py cannot eval Customized(); the vit hook only sets share_alphas when >= 6 MatMul modules exist, and this PyTorch module has 0, so the hook is a no-op here""], ""mapping"": ""derived (no official category; vit_2023 transformer config)"", ""notes"": [], ""official"": ""exp_configs/vnncomp23/vit.yaml"", ""official_biccos"": false, ""official_pgd_order"": ""skip"", ""variant"": ""official""}","[""config mapping: derived (no official category; vit_2023 transformer config)"", ""attack-off (user decision D20): all attack/falsification stages disabled, see config.attack.overrides"", ""L1 API: explicit solver.alpha-crown.share_alphas=true (ViT ONNX hook is not triggered by native modules); avoids large independent alpha tensors"", ""Python 3.11 typing.override compatibility via typing_extensions (no ACT source change)"", ""float32 stable interpreter; general.double_fp=false; solver.use_float64_in_last_iteration=false"", ""solver.batch_size=16; auto_enlarge_batch_size=false for concurrent GPU memory budget"", ""API CLI biccos_off token selects adapter; actual config is official vit.yaml (BICCOS unchanged)"", ""input route: Python API ABCrownSolver instead of abcrown.py + VNN-LIB (VNN-LIB cannot encode an l1 ball)"", ""ABCrownSolver._build_vnnlib_handler overridden to pass the l1 range dict (X, eps, data_min, data_max)"", ""specification.norm = 1 (the official file is an l_inf VNN-COMP config)"", ""general.adhoc_tuning None: api.py cannot eval Customized(); the vit hook only sets share_alphas when >= 6 MatMul modules exist, and this PyTorch module has 0, so the hook is a no-op here""]",,,48.0,4670.0,official_attack_off_f32_lp1_sharedalpha_batch16,"[""abcrown"",""scratch/text_export/yelp_p1/yelp_buffet/onnx/yelp_d3_L14.onnx"",""scratch/text_export/yelp_p1/yelp_buffet/vnnlib/query_index_q0048_d3_L14_e23796_p1_eps0p2.v1.vnnlib"",30.0,""official_attack_off_f32_lp1_sharedalpha_batch16""]",
yelp_p1,49,yelp_d3_L14.onnx,query_index_q0049_d3_L14_e8751_p1_eps0p2.v1.vnnlib,unsat,3.98,CERTIFIED,1,30.0,3.98,25.937,21.957,26.889602744951844,0,0,,,Native API unsafe is conservatively UNKNOWN; no unvalidated L1 witness accepted,0,scratch/logs/fse2026/abcrown/yelp_p1/00049_lp1_cu9i5z96.log,6b8bbcfac1c01da1cabd240a87e4dce1a65f5a2b,"{""attack"": {""attack_off"": true, ""hook_replacements"": {}, ""overrides"": {""attack"": {""enable_mip_attack"": false, ""input_split_check_adv"": {""enabled"": ""false""}, ""pgd_order"": ""skip""}, ""bab"": {""attack"": {""enabled"": false}, ""branching"": {""input_split"": {""update_rhs_with_attack"": false}}}}}, ""biccos_applicable"": true, ""biccos_effective"": false, ""deviations"": [""config mapping: derived (no official category; vit_2023 transformer config)"", ""attack-off (user decision D20): all attack/falsification stages disabled, see config.attack.overrides"", ""L1 API: explicit solver.alpha-crown.share_alphas=true (ViT ONNX hook is not triggered by native modules); avoids large independent alpha tensors"", ""Python 3.11 typing.override compatibility via typing_extensions (no ACT source change)"", ""float32 stable interpreter; general.double_fp=false; solver.use_float64_in_last_iteration=false"", ""solver.batch_size=16; auto_enlarge_batch_size=false for concurrent GPU memory budget"", ""API CLI biccos_off token selects adapter; actual config is official vit.yaml (BICCOS unchanged)"", ""input route: Python API ABCrownSolver instead of abcrown.py + VNN-LIB (VNN-LIB cannot encode an l1 ball)"", ""ABCrownSolver._build_vnnlib_handler overridden to pass the l1 range dict (X, eps, data_min, data_max)"", ""specification.norm = 1 (the official file is an l_inf VNN-COMP config)"", ""general.adhoc_tuning None: api.py cannot eval Customized(); the vit hook only sets share_alphas when >= 6 MatMul modules exist, and this PyTorch module has 0, so the hook is a no-op here""], ""mapping"": ""derived (no official category; vit_2023 transformer config)"", ""notes"": [], ""official"": ""exp_configs/vnncomp23/vit.yaml"", ""official_biccos"": false, ""official_pgd_order"": ""skip"", ""variant"": ""official""}","[""config mapping: derived (no official category; vit_2023 transformer config)"", ""attack-off (user decision D20): all attack/falsification stages disabled, see config.attack.overrides"", ""L1 API: explicit solver.alpha-crown.share_alphas=true (ViT ONNX hook is not triggered by native modules); avoids large independent alpha tensors"", ""Python 3.11 typing.override compatibility via typing_extensions (no ACT source change)"", ""float32 stable interpreter; general.double_fp=false; solver.use_float64_in_last_iteration=false"", ""solver.batch_size=16; auto_enlarge_batch_size=false for concurrent GPU memory budget"", ""API CLI biccos_off token selects adapter; actual config is official vit.yaml (BICCOS unchanged)"", ""input route: Python API ABCrownSolver instead of abcrown.py + VNN-LIB (VNN-LIB cannot encode an l1 ball)"", ""ABCrownSolver._build_vnnlib_handler overridden to pass the l1 range dict (X, eps, data_min, data_max)"", ""specification.norm = 1 (the official file is an l_inf VNN-COMP config)"", ""general.adhoc_tuning None: api.py cannot eval Customized(); the vit hook only sets share_alphas when >= 6 MatMul modules exist, and this PyTorch module has 0, so the hook is a no-op here""]",,,86.0,35884.0,official_attack_off_f32_lp1_sharedalpha_batch16,"[""abcrown"",""scratch/text_export/yelp_p1/yelp_buffet/onnx/yelp_d3_L14.onnx"",""scratch/text_export/yelp_p1/yelp_buffet/vnnlib/query_index_q0049_d3_L14_e8751_p1_eps0p2.v1.vnnlib"",30.0,""official_attack_off_f32_lp1_sharedalpha_batch16""]",
yelp_p1,50,yelp_d3_L10.onnx,query_index_q0050_d3_L10_e19057_p1_eps0p3.v1.vnnlib,unsat,1.692,CERTIFIED,1,30.0,1.692,23.096,21.404,24.033883521333337,0,0,,,Native API unsafe is conservatively UNKNOWN; no unvalidated L1 witness accepted,0,scratch/logs/fse2026/abcrown/yelp_p1/00050_lp1_pyj4sgvy.log,6b8bbcfac1c01da1cabd240a87e4dce1a65f5a2b,"{""attack"": {""attack_off"": true, ""hook_replacements"": {}, ""overrides"": {""attack"": {""enable_mip_attack"": false, ""input_split_check_adv"": {""enabled"": ""false""}, ""pgd_order"": ""skip""}, ""bab"": {""attack"": {""enabled"": false}, ""branching"": {""input_split"": {""update_rhs_with_attack"": false}}}}}, ""biccos_applicable"": true, ""biccos_effective"": false, ""deviations"": [""config mapping: derived (no official category; vit_2023 transformer config)"", ""attack-off (user decision D20): all attack/falsification stages disabled, see config.attack.overrides"", ""L1 API: explicit solver.alpha-crown.share_alphas=true (ViT ONNX hook is not triggered by native modules); avoids large independent alpha tensors"", ""Python 3.11 typing.override compatibility via typing_extensions (no ACT source change)"", ""float32 stable interpreter; general.double_fp=false; solver.use_float64_in_last_iteration=false"", ""solver.batch_size=16; auto_enlarge_batch_size=false for concurrent GPU memory budget"", ""API CLI biccos_off token selects adapter; actual config is official vit.yaml (BICCOS unchanged)"", ""input route: Python API ABCrownSolver instead of abcrown.py + VNN-LIB (VNN-LIB cannot encode an l1 ball)"", ""ABCrownSolver._build_vnnlib_handler overridden to pass the l1 range dict (X, eps, data_min, data_max)"", ""specification.norm = 1 (the official file is an l_inf VNN-COMP config)"", ""general.adhoc_tuning None: api.py cannot eval Customized(); the vit hook only sets share_alphas when >= 6 MatMul modules exist, and this PyTorch module has 0, so the hook is a no-op here""], ""mapping"": ""derived (no official category; vit_2023 transformer config)"", ""notes"": [], ""official"": ""exp_configs/vnncomp23/vit.yaml"", ""official_biccos"": false, ""official_pgd_order"": ""skip"", ""variant"": ""official""}","[""config mapping: derived (no official category; vit_2023 transformer config)"", ""attack-off (user decision D20): all attack/falsification stages disabled, see config.attack.overrides"", ""L1 API: explicit solver.alpha-crown.share_alphas=true (ViT ONNX hook is not triggered by native modules); avoids large independent alpha tensors"", ""Python 3.11 typing.override compatibility via typing_extensions (no ACT source change)"", ""float32 stable interpreter; general.double_fp=false; solver.use_float64_in_last_iteration=false"", ""solver.batch_size=16; auto_enlarge_batch_size=false for concurrent GPU memory budget"", ""API CLI biccos_off token selects adapter; actual config is official vit.yaml (BICCOS unchanged)"", ""input route: Python API ABCrownSolver instead of abcrown.py + VNN-LIB (VNN-LIB cannot encode an l1 ball)"", ""ABCrownSolver._build_vnnlib_handler overridden to pass the l1 range dict (X, eps, data_min, data_max)"", ""specification.norm = 1 (the official file is an l_inf VNN-COMP config)"", ""general.adhoc_tuning None: api.py cannot eval Customized(); the vit hook only sets share_alphas when >= 6 MatMul modules exist, and this PyTorch module has 0, so the hook is a no-op here""]",,,75.0,3744.0,official_attack_off_f32_lp1_sharedalpha_batch16,"[""abcrown"",""scratch/text_export/yelp_p1/yelp_buffet/onnx/yelp_d3_L10.onnx"",""scratch/text_export/yelp_p1/yelp_buffet/vnnlib/query_index_q0050_d3_L10_e19057_p1_eps0p3.v1.vnnlib"",30.0,""official_attack_off_f32_lp1_sharedalpha_batch16""]",
yelp_p1,51,yelp_d3_L19.onnx,query_index_q0051_d3_L19_e7952_p1_eps0p3.v1.vnnlib,unsat,1.691,CERTIFIED,1,30.0,1.691,23.255,21.565,24.183229088783264,0,0,,,Native API unsafe is conservatively UNKNOWN; no unvalidated L1 witness accepted,0,scratch/logs/fse2026/abcrown/yelp_p1/00051_lp1_5_o2uy24.log,6b8bbcfac1c01da1cabd240a87e4dce1a65f5a2b,"{""attack"": {""attack_off"": true, ""hook_replacements"": {}, ""overrides"": {""attack"": {""enable_mip_attack"": false, ""input_split_check_adv"": {""enabled"": ""false""}, ""pgd_order"": ""skip""}, ""bab"": {""attack"": {""enabled"": false}, ""branching"": {""input_split"": {""update_rhs_with_attack"": false}}}}}, ""biccos_applicable"": true, ""biccos_effective"": false, ""deviations"": [""config mapping: derived (no official category; vit_2023 transformer config)"", ""attack-off (user decision D20): all attack/falsification stages disabled, see config.attack.overrides"", ""L1 API: explicit solver.alpha-crown.share_alphas=true (ViT ONNX hook is not triggered by native modules); avoids large independent alpha tensors"", ""Python 3.11 typing.override compatibility via typing_extensions (no ACT source change)"", ""float32 stable interpreter; general.double_fp=false; solver.use_float64_in_last_iteration=false"", ""solver.batch_size=16; auto_enlarge_batch_size=false for concurrent GPU memory budget"", ""API CLI biccos_off token selects adapter; actual config is official vit.yaml (BICCOS unchanged)"", ""input route: Python API ABCrownSolver instead of abcrown.py + VNN-LIB (VNN-LIB cannot encode an l1 ball)"", ""ABCrownSolver._build_vnnlib_handler overridden to pass the l1 range dict (X, eps, data_min, data_max)"", ""specification.norm = 1 (the official file is an l_inf VNN-COMP config)"", ""general.adhoc_tuning None: api.py cannot eval Customized(); the vit hook only sets share_alphas when >= 6 MatMul modules exist, and this PyTorch module has 0, so the hook is a no-op here""], ""mapping"": ""derived (no official category; vit_2023 transformer config)"", ""notes"": [], ""official"": ""exp_configs/vnncomp23/vit.yaml"", ""official_biccos"": false, ""official_pgd_order"": ""skip"", ""variant"": ""official""}","[""config mapping: derived (no official category; vit_2023 transformer config)"", ""attack-off (user decision D20): all attack/falsification stages disabled, see config.attack.overrides"", ""L1 API: explicit solver.alpha-crown.share_alphas=true (ViT ONNX hook is not triggered by native modules); avoids large independent alpha tensors"", ""Python 3.11 typing.override compatibility via typing_extensions (no ACT source change)"", ""float32 stable interpreter; general.double_fp=false; solver.use_float64_in_last_iteration=false"", ""solver.batch_size=16; auto_enlarge_batch_size=false for concurrent GPU memory budget"", ""API CLI biccos_off token selects adapter; actual config is official vit.yaml (BICCOS unchanged)"", ""input route: Python API ABCrownSolver instead of abcrown.py + VNN-LIB (VNN-LIB cannot encode an l1 ball)"", ""ABCrownSolver._build_vnnlib_handler overridden to pass the l1 range dict (X, eps, data_min, data_max)"", ""specification.norm = 1 (the official file is an l_inf VNN-COMP config)"", ""general.adhoc_tuning None: api.py cannot eval Customized(); the vit hook only sets share_alphas when >= 6 MatMul modules exist, and this PyTorch module has 0, so the hook is a no-op here""]",,,0.0,37.0,official_attack_off_f32_lp1_sharedalpha_batch16,"[""abcrown"",""scratch/text_export/yelp_p1/yelp_buffet/onnx/yelp_d3_L19.onnx"",""scratch/text_export/yelp_p1/yelp_buffet/vnnlib/query_index_q0051_d3_L19_e7952_p1_eps0p3.v1.vnnlib"",30.0,""official_attack_off_f32_lp1_sharedalpha_batch16""]",
yelp_p1,52,yelp_d3_L11.onnx,query_index_q0052_d3_L11_e35137_p1_eps0p3.v1.vnnlib,unsat,1.514,CERTIFIED,1,30.0,1.514,22.967,21.453,23.933320863172412,0,0,,,Native API unsafe is conservatively UNKNOWN; no unvalidated L1 witness accepted,0,scratch/logs/fse2026/abcrown/yelp_p1/00052_lp1_is5t6ikj.log,6b8bbcfac1c01da1cabd240a87e4dce1a65f5a2b,"{""attack"": {""attack_off"": true, ""hook_replacements"": {}, ""overrides"": {""attack"": {""enable_mip_attack"": false, ""input_split_check_adv"": {""enabled"": ""false""}, ""pgd_order"": ""skip""}, ""bab"": {""attack"": {""enabled"": false}, ""branching"": {""input_split"": {""update_rhs_with_attack"": false}}}}}, ""biccos_applicable"": true, ""biccos_effective"": false, ""deviations"": [""config mapping: derived (no official category; vit_2023 transformer config)"", ""attack-off (user decision D20): all attack/falsification stages disabled, see config.attack.overrides"", ""L1 API: explicit solver.alpha-crown.share_alphas=true (ViT ONNX hook is not triggered by native modules); avoids large independent alpha tensors"", ""Python 3.11 typing.override compatibility via typing_extensions (no ACT source change)"", ""float32 stable interpreter; general.double_fp=false; solver.use_float64_in_last_iteration=false"", ""solver.batch_size=16; auto_enlarge_batch_size=false for concurrent GPU memory budget"", ""API CLI biccos_off token selects adapter; actual config is official vit.yaml (BICCOS unchanged)"", ""input route: Python API ABCrownSolver instead of abcrown.py + VNN-LIB (VNN-LIB cannot encode an l1 ball)"", ""ABCrownSolver._build_vnnlib_handler overridden to pass the l1 range dict (X, eps, data_min, data_max)"", ""specification.norm = 1 (the official file is an l_inf VNN-COMP config)"", ""general.adhoc_tuning None: api.py cannot eval Customized(); the vit hook only sets share_alphas when >= 6 MatMul modules exist, and this PyTorch module has 0, so the hook is a no-op here""], ""mapping"": ""derived (no official category; vit_2023 transformer config)"", ""notes"": [], ""official"": ""exp_configs/vnncomp23/vit.yaml"", ""official_biccos"": false, ""official_pgd_order"": ""skip"", ""variant"": ""official""}","[""config mapping: derived (no official category; vit_2023 transformer config)"", ""attack-off (user decision D20): all attack/falsification stages disabled, see config.attack.overrides"", ""L1 API: explicit solver.alpha-crown.share_alphas=true (ViT ONNX hook is not triggered by native modules); avoids large independent alpha tensors"", ""Python 3.11 typing.override compatibility via typing_extensions (no ACT source change)"", ""float32 stable interpreter; general.double_fp=false; solver.use_float64_in_last_iteration=false"", ""solver.batch_size=16; auto_enlarge_batch_size=false for concurrent GPU memory budget"", ""API CLI biccos_off token selects adapter; actual config is official vit.yaml (BICCOS unchanged)"", ""input route: Python API ABCrownSolver instead of abcrown.py + VNN-LIB (VNN-LIB cannot encode an l1 ball)"", ""ABCrownSolver._build_vnnlib_handler overridden to pass the l1 range dict (X, eps, data_min, data_max)"", ""specification.norm = 1 (the official file is an l_inf VNN-COMP config)"", ""general.adhoc_tuning None: api.py cannot eval Customized(); the vit hook only sets share_alphas when >= 6 MatMul modules exist, and this PyTorch module has 0, so the hook is a no-op here""]",,,88.0,3744.0,official_attack_off_f32_lp1_sharedalpha_batch16,"[""abcrown"",""scratch/text_export/yelp_p1/yelp_buffet/onnx/yelp_d3_L11.onnx"",""scratch/text_export/yelp_p1/yelp_buffet/vnnlib/query_index_q0052_d3_L11_e35137_p1_eps0p3.v1.vnnlib"",30.0,""official_attack_off_f32_lp1_sharedalpha_batch16""]",
yelp_p1,53,yelp_d3_L15.onnx,query_index_q0053_d3_L15_e31746_p1_eps0p3.v1.vnnlib,unsat,3.04,CERTIFIED,1,30.0,3.04,24.241,21.201,25.236749041825533,0,0,,,Native API unsafe is conservatively UNKNOWN; no unvalidated L1 witness accepted,0,scratch/logs/fse2026/abcrown/yelp_p1/00053_lp1_dmhmujec.log,6b8bbcfac1c01da1cabd240a87e4dce1a65f5a2b,"{""attack"": {""attack_off"": true, ""hook_replacements"": {}, ""overrides"": {""attack"": {""enable_mip_attack"": false, ""input_split_check_adv"": {""enabled"": ""false""}, ""pgd_order"": ""skip""}, ""bab"": {""attack"": {""enabled"": false}, ""branching"": {""input_split"": {""update_rhs_with_attack"": false}}}}}, ""biccos_applicable"": true, ""biccos_effective"": false, ""deviations"": [""config mapping: derived (no official category; vit_2023 transformer config)"", ""attack-off (user decision D20): all attack/falsification stages disabled, see config.attack.overrides"", ""L1 API: explicit solver.alpha-crown.share_alphas=true (ViT ONNX hook is not triggered by native modules); avoids large independent alpha tensors"", ""Python 3.11 typing.override compatibility via typing_extensions (no ACT source change)"", ""float32 stable interpreter; general.double_fp=false; solver.use_float64_in_last_iteration=false"", ""solver.batch_size=16; auto_enlarge_batch_size=false for concurrent GPU memory budget"", ""API CLI biccos_off token selects adapter; actual config is official vit.yaml (BICCOS unchanged)"", ""input route: Python API ABCrownSolver instead of abcrown.py + VNN-LIB (VNN-LIB cannot encode an l1 ball)"", ""ABCrownSolver._build_vnnlib_handler overridden to pass the l1 range dict (X, eps, data_min, data_max)"", ""specification.norm = 1 (the official file is an l_inf VNN-COMP config)"", ""general.adhoc_tuning None: api.py cannot eval Customized(); the vit hook only sets share_alphas when >= 6 MatMul modules exist, and this PyTorch module has 0, so the hook is a no-op here""], ""mapping"": ""derived (no official category; vit_2023 transformer config)"", ""notes"": [], ""official"": ""exp_configs/vnncomp23/vit.yaml"", ""official_biccos"": false, ""official_pgd_order"": ""skip"", ""variant"": ""official""}","[""config mapping: derived (no official category; vit_2023 transformer config)"", ""attack-off (user decision D20): all attack/falsification stages disabled, see config.attack.overrides"", ""L1 API: explicit solver.alpha-crown.share_alphas=true (ViT ONNX hook is not triggered by native modules); avoids large independent alpha tensors"", ""Python 3.11 typing.override compatibility via typing_extensions (no ACT source change)"", ""float32 stable interpreter; general.double_fp=false; solver.use_float64_in_last_iteration=false"", ""solver.batch_size=16; auto_enlarge_batch_size=false for concurrent GPU memory budget"", ""API CLI biccos_off token selects adapter; actual config is official vit.yaml (BICCOS unchanged)"", ""input route: Python API ABCrownSolver instead of abcrown.py + VNN-LIB (VNN-LIB cannot encode an l1 ball)"", ""ABCrownSolver._build_vnnlib_handler overridden to pass the l1 range dict (X, eps, data_min, data_max)"", ""specification.norm = 1 (the official file is an l_inf VNN-COMP config)"", ""general.adhoc_tuning None: api.py cannot eval Customized(); the vit hook only sets share_alphas when >= 6 MatMul modules exist, and this PyTorch module has 0, so the hook is a no-op here""]",,,70.0,7084.0,official_attack_off_f32_lp1_sharedalpha_batch16,"[""abcrown"",""scratch/text_export/yelp_p1/yelp_buffet/onnx/yelp_d3_L15.onnx"",""scratch/text_export/yelp_p1/yelp_buffet/vnnlib/query_index_q0053_d3_L15_e31746_p1_eps0p3.v1.vnnlib"",30.0,""official_attack_off_f32_lp1_sharedalpha_batch16""]",
yelp_p1,54,yelp_d3_L8.onnx,query_index_q0054_d3_L8_e17711_p1_eps0p3.v1.vnnlib,unsat,2.938,CERTIFIED,1,30.0,2.938,24.851,21.913,25.83790430985391,0,0,,,Native API unsafe is conservatively UNKNOWN; no unvalidated L1 witness accepted,0,scratch/logs/fse2026/abcrown/yelp_p1/00054_lp1_ylwtd_vj.log,6b8bbcfac1c01da1cabd240a87e4dce1a65f5a2b,"{""attack"": {""attack_off"": true, ""hook_replacements"": {}, ""overrides"": {""attack"": {""enable_mip_attack"": false, ""input_split_check_adv"": {""enabled"": ""false""}, ""pgd_order"": ""skip""}, ""bab"": {""attack"": {""enabled"": false}, ""branching"": {""input_split"": {""update_rhs_with_attack"": false}}}}}, ""biccos_applicable"": true, ""biccos_effective"": false, ""deviations"": [""config mapping: derived (no official category; vit_2023 transformer config)"", ""attack-off (user decision D20): all attack/falsification stages disabled, see config.attack.overrides"", ""L1 API: explicit solver.alpha-crown.share_alphas=true (ViT ONNX hook is not triggered by native modules); avoids large independent alpha tensors"", ""Python 3.11 typing.override compatibility via typing_extensions (no ACT source change)"", ""float32 stable interpreter; general.double_fp=false; solver.use_float64_in_last_iteration=false"", ""solver.batch_size=16; auto_enlarge_batch_size=false for concurrent GPU memory budget"", ""API CLI biccos_off token selects adapter; actual config is official vit.yaml (BICCOS unchanged)"", ""input route: Python API ABCrownSolver instead of abcrown.py + VNN-LIB (VNN-LIB cannot encode an l1 ball)"", ""ABCrownSolver._build_vnnlib_handler overridden to pass the l1 range dict (X, eps, data_min, data_max)"", ""specification.norm = 1 (the official file is an l_inf VNN-COMP config)"", ""general.adhoc_tuning None: api.py cannot eval Customized(); the vit hook only sets share_alphas when >= 6 MatMul modules exist, and this PyTorch module has 0, so the hook is a no-op here""], ""mapping"": ""derived (no official category; vit_2023 transformer config)"", ""notes"": [], ""official"": ""exp_configs/vnncomp23/vit.yaml"", ""official_biccos"": false, ""official_pgd_order"": ""skip"", ""variant"": ""official""}","[""config mapping: derived (no official category; vit_2023 transformer config)"", ""attack-off (user decision D20): all attack/falsification stages disabled, see config.attack.overrides"", ""L1 API: explicit solver.alpha-crown.share_alphas=true (ViT ONNX hook is not triggered by native modules); avoids large independent alpha tensors"", ""Python 3.11 typing.override compatibility via typing_extensions (no ACT source change)"", ""float32 stable interpreter; general.double_fp=false; solver.use_float64_in_last_iteration=false"", ""solver.batch_size=16; auto_enlarge_batch_size=false for concurrent GPU memory budget"", ""API CLI biccos_off token selects adapter; actual config is official vit.yaml (BICCOS unchanged)"", ""input route: Python API ABCrownSolver instead of abcrown.py + VNN-LIB (VNN-LIB cannot encode an l1 ball)"", ""ABCrownSolver._build_vnnlib_handler overridden to pass the l1 range dict (X, eps, data_min, data_max)"", ""specification.norm = 1 (the official file is an l_inf VNN-COMP config)"", ""general.adhoc_tuning None: api.py cannot eval Customized(); the vit hook only sets share_alphas when >= 6 MatMul modules exist, and this PyTorch module has 0, so the hook is a no-op here""]",,,57.0,4840.0,official_attack_off_f32_lp1_sharedalpha_batch16,"[""abcrown"",""scratch/text_export/yelp_p1/yelp_buffet/onnx/yelp_d3_L8.onnx"",""scratch/text_export/yelp_p1/yelp_buffet/vnnlib/query_index_q0054_d3_L8_e17711_p1_eps0p3.v1.vnnlib"",30.0,""official_attack_off_f32_lp1_sharedalpha_batch16""]",
yelp_p1,55,yelp_d3_L12.onnx,query_index_q0055_d3_L12_e8376_p1_eps0p3.v1.vnnlib,unknown,31.775,UNKNOWN,0,30.0,31.775,53.509,21.734,54.48908838443458,1,0,,,Native API unsafe is conservatively UNKNOWN; no unvalidated L1 witness accepted,0,scratch/logs/fse2026/abcrown/yelp_p1/00055_lp1_2462fzah.log,6b8bbcfac1c01da1cabd240a87e4dce1a65f5a2b,"{""attack"": {""attack_off"": true, ""hook_replacements"": {}, ""overrides"": {""attack"": {""enable_mip_attack"": false, ""input_split_check_adv"": {""enabled"": ""false""}, ""pgd_order"": ""skip""}, ""bab"": {""attack"": {""enabled"": false}, ""branching"": {""input_split"": {""update_rhs_with_attack"": false}}}}}, ""biccos_applicable"": true, ""biccos_effective"": false, ""deviations"": [""config mapping: derived (no official category; vit_2023 transformer config)"", ""attack-off (user decision D20): all attack/falsification stages disabled, see config.attack.overrides"", ""L1 API: explicit solver.alpha-crown.share_alphas=true (ViT ONNX hook is not triggered by native modules); avoids large independent alpha tensors"", ""Python 3.11 typing.override compatibility via typing_extensions (no ACT source change)"", ""float32 stable interpreter; general.double_fp=false; solver.use_float64_in_last_iteration=false"", ""solver.batch_size=16; auto_enlarge_batch_size=false for concurrent GPU memory budget"", ""API CLI biccos_off token selects adapter; actual config is official vit.yaml (BICCOS unchanged)"", ""input route: Python API ABCrownSolver instead of abcrown.py + VNN-LIB (VNN-LIB cannot encode an l1 ball)"", ""ABCrownSolver._build_vnnlib_handler overridden to pass the l1 range dict (X, eps, data_min, data_max)"", ""specification.norm = 1 (the official file is an l_inf VNN-COMP config)"", ""general.adhoc_tuning None: api.py cannot eval Customized(); the vit hook only sets share_alphas when >= 6 MatMul modules exist, and this PyTorch module has 0, so the hook is a no-op here""], ""mapping"": ""derived (no official category; vit_2023 transformer config)"", ""notes"": [], ""official"": ""exp_configs/vnncomp23/vit.yaml"", ""official_biccos"": false, ""official_pgd_order"": ""skip"", ""variant"": ""official""}","[""config mapping: derived (no official category; vit_2023 transformer config)"", ""attack-off (user decision D20): all attack/falsification stages disabled, see config.attack.overrides"", ""L1 API: explicit solver.alpha-crown.share_alphas=true (ViT ONNX hook is not triggered by native modules); avoids large independent alpha tensors"", ""Python 3.11 typing.override compatibility via typing_extensions (no ACT source change)"", ""float32 stable interpreter; general.double_fp=false; solver.use_float64_in_last_iteration=false"", ""solver.batch_size=16; auto_enlarge_batch_size=false for concurrent GPU memory budget"", ""API CLI biccos_off token selects adapter; actual config is official vit.yaml (BICCOS unchanged)"", ""input route: Python API ABCrownSolver instead of abcrown.py + VNN-LIB (VNN-LIB cannot encode an l1 ball)"", ""ABCrownSolver._build_vnnlib_handler overridden to pass the l1 range dict (X, eps, data_min, data_max)"", ""specification.norm = 1 (the official file is an l_inf VNN-COMP config)"", ""general.adhoc_tuning None: api.py cannot eval Customized(); the vit hook only sets share_alphas when >= 6 MatMul modules exist, and this PyTorch module has 0, so the hook is a no-op here""]",,,48.0,4890.0,official_attack_off_f32_lp1_sharedalpha_batch16,"[""abcrown"",""scratch/text_export/yelp_p1/yelp_buffet/onnx/yelp_d3_L12.onnx"",""scratch/text_export/yelp_p1/yelp_buffet/vnnlib/query_index_q0055_d3_L12_e8376_p1_eps0p3.v1.vnnlib"",30.0,""official_attack_off_f32_lp1_sharedalpha_batch16""]",
yelp_p1,56,yelp_d3_L11.onnx,query_index_q0056_d3_L11_e2354_p1_eps0p3.v1.vnnlib,unsat,3.312,CERTIFIED,1,30.0,3.312,25.015,21.703,26.03643210604787,0,0,,,Native API unsafe is conservatively UNKNOWN; no unvalidated L1 witness accepted,0,scratch/logs/fse2026/abcrown/yelp_p1/00056_lp1_7hne4ahl.log,6b8bbcfac1c01da1cabd240a87e4dce1a65f5a2b,"{""attack"": {""attack_off"": true, ""hook_replacements"": {}, ""overrides"": {""attack"": {""enable_mip_attack"": false, ""input_split_check_adv"": {""enabled"": ""false""}, ""pgd_order"": ""skip""}, ""bab"": {""attack"": {""enabled"": false}, ""branching"": {""input_split"": {""update_rhs_with_attack"": false}}}}}, ""biccos_applicable"": true, ""biccos_effective"": false, ""deviations"": [""config mapping: derived (no official category; vit_2023 transformer config)"", ""attack-off (user decision D20): all attack/falsification stages disabled, see config.attack.overrides"", ""L1 API: explicit solver.alpha-crown.share_alphas=true (ViT ONNX hook is not triggered by native modules); avoids large independent alpha tensors"", ""Python 3.11 typing.override compatibility via typing_extensions (no ACT source change)"", ""float32 stable interpreter; general.double_fp=false; solver.use_float64_in_last_iteration=false"", ""solver.batch_size=16; auto_enlarge_batch_size=false for concurrent GPU memory budget"", ""API CLI biccos_off token selects adapter; actual config is official vit.yaml (BICCOS unchanged)"", ""input route: Python API ABCrownSolver instead of abcrown.py + VNN-LIB (VNN-LIB cannot encode an l1 ball)"", ""ABCrownSolver._build_vnnlib_handler overridden to pass the l1 range dict (X, eps, data_min, data_max)"", ""specification.norm = 1 (the official file is an l_inf VNN-COMP config)"", ""general.adhoc_tuning None: api.py cannot eval Customized(); the vit hook only sets share_alphas when >= 6 MatMul modules exist, and this PyTorch module has 0, so the hook is a no-op here""], ""mapping"": ""derived (no official category; vit_2023 transformer config)"", ""notes"": [], ""official"": ""exp_configs/vnncomp23/vit.yaml"", ""official_biccos"": false, ""official_pgd_order"": ""skip"", ""variant"": ""official""}","[""config mapping: derived (no official category; vit_2023 transformer config)"", ""attack-off (user decision D20): all attack/falsification stages disabled, see config.attack.overrides"", ""L1 API: explicit solver.alpha-crown.share_alphas=true (ViT ONNX hook is not triggered by native modules); avoids large independent alpha tensors"", ""Python 3.11 typing.override compatibility via typing_extensions (no ACT source change)"", ""float32 stable interpreter; general.double_fp=false; solver.use_float64_in_last_iteration=false"", ""solver.batch_size=16; auto_enlarge_batch_size=false for concurrent GPU memory budget"", ""API CLI biccos_off token selects adapter; actual config is official vit.yaml (BICCOS unchanged)"", ""input route: Python API ABCrownSolver instead of abcrown.py + VNN-LIB (VNN-LIB cannot encode an l1 ball)"", ""ABCrownSolver._build_vnnlib_handler overridden to pass the l1 range dict (X, eps, data_min, data_max)"", ""specification.norm = 1 (the official file is an l_inf VNN-COMP config)"", ""general.adhoc_tuning None: api.py cannot eval Customized(); the vit hook only sets share_alphas when >= 6 MatMul modules exist, and this PyTorch module has 0, so the hook is a no-op here""]",,,51.0,7412.0,official_attack_off_f32_lp1_sharedalpha_batch16,"[""abcrown"",""scratch/text_export/yelp_p1/yelp_buffet/onnx/yelp_d3_L11.onnx"",""scratch/text_export/yelp_p1/yelp_buffet/vnnlib/query_index_q0056_d3_L11_e2354_p1_eps0p3.v1.vnnlib"",30.0,""official_attack_off_f32_lp1_sharedalpha_batch16""]",
yelp_p1,57,yelp_d3_L14.onnx,query_index_q0057_d3_L14_e30013_p1_eps0p3.v1.vnnlib,unsat,1.84,CERTIFIED,1,30.0,1.84,23.24,21.4,24.185242291539907,0,0,,,Native API unsafe is conservatively UNKNOWN; no unvalidated L1 witness accepted,0,scratch/logs/fse2026/abcrown/yelp_p1/00057_lp1_tapmo151.log,6b8bbcfac1c01da1cabd240a87e4dce1a65f5a2b,"{""attack"": {""attack_off"": true, ""hook_replacements"": {}, ""overrides"": {""attack"": {""enable_mip_attack"": false, ""input_split_check_adv"": {""enabled"": ""false""}, ""pgd_order"": ""skip""}, ""bab"": {""attack"": {""enabled"": false}, ""branching"": {""input_split"": {""update_rhs_with_attack"": false}}}}}, ""biccos_applicable"": true, ""biccos_effective"": false, ""deviations"": [""config mapping: derived (no official category; vit_2023 transformer config)"", ""attack-off (user decision D20): all attack/falsification stages disabled, see config.attack.overrides"", ""L1 API: explicit solver.alpha-crown.share_alphas=true (ViT ONNX hook is not triggered by native modules); avoids large independent alpha tensors"", ""Python 3.11 typing.override compatibility via typing_extensions (no ACT source change)"", ""float32 stable interpreter; general.double_fp=false; solver.use_float64_in_last_iteration=false"", ""solver.batch_size=16; auto_enlarge_batch_size=false for concurrent GPU memory budget"", ""API CLI biccos_off token selects adapter; actual config is official vit.yaml (BICCOS unchanged)"", ""input route: Python API ABCrownSolver instead of abcrown.py + VNN-LIB (VNN-LIB cannot encode an l1 ball)"", ""ABCrownSolver._build_vnnlib_handler overridden to pass the l1 range dict (X, eps, data_min, data_max)"", ""specification.norm = 1 (the official file is an l_inf VNN-COMP config)"", ""general.adhoc_tuning None: api.py cannot eval Customized(); the vit hook only sets share_alphas when >= 6 MatMul modules exist, and this PyTorch module has 0, so the hook is a no-op here""], ""mapping"": ""derived (no official category; vit_2023 transformer config)"", ""notes"": [], ""official"": ""exp_configs/vnncomp23/vit.yaml"", ""official_biccos"": false, ""official_pgd_order"": ""skip"", ""variant"": ""official""}","[""config mapping: derived (no official category; vit_2023 transformer config)"", ""attack-off (user decision D20): all attack/falsification stages disabled, see config.attack.overrides"", ""L1 API: explicit solver.alpha-crown.share_alphas=true (ViT ONNX hook is not triggered by native modules); avoids large independent alpha tensors"", ""Python 3.11 typing.override compatibility via typing_extensions (no ACT source change)"", ""float32 stable interpreter; general.double_fp=false; solver.use_float64_in_last_iteration=false"", ""solver.batch_size=16; auto_enlarge_batch_size=false for concurrent GPU memory budget"", ""API CLI biccos_off token selects adapter; actual config is official vit.yaml (BICCOS unchanged)"", ""input route: Python API ABCrownSolver instead of abcrown.py + VNN-LIB (VNN-LIB cannot encode an l1 ball)"", ""ABCrownSolver._build_vnnlib_handler overridden to pass the l1 range dict (X, eps, data_min, data_max)"", ""specification.norm = 1 (the official file is an l_inf VNN-COMP config)"", ""general.adhoc_tuning None: api.py cannot eval Customized(); the vit hook only sets share_alphas when >= 6 MatMul modules exist, and this PyTorch module has 0, so the hook is a no-op here""]",,,28.0,3444.0,official_attack_off_f32_lp1_sharedalpha_batch16,"[""abcrown"",""scratch/text_export/yelp_p1/yelp_buffet/onnx/yelp_d3_L14.onnx"",""scratch/text_export/yelp_p1/yelp_buffet/vnnlib/query_index_q0057_d3_L14_e30013_p1_eps0p3.v1.vnnlib"",30.0,""official_attack_off_f32_lp1_sharedalpha_batch16""]",
yelp_p1,58,yelp_d3_L14.onnx,query_index_q0058_d3_L14_e23796_p1_eps0p3.v1.vnnlib,unsat,1.571,CERTIFIED,1,30.0,1.571,22.78,21.209,23.73515395820141,0,0,,,Native API unsafe is conservatively UNKNOWN; no unvalidated L1 witness accepted,0,scratch/logs/fse2026/abcrown/yelp_p1/00058_lp1_glmrr_3i.log,6b8bbcfac1c01da1cabd240a87e4dce1a65f5a2b,"{""attack"": {""attack_off"": true, ""hook_replacements"": {}, ""overrides"": {""attack"": {""enable_mip_attack"": false, ""input_split_check_adv"": {""enabled"": ""false""}, ""pgd_order"": ""skip""}, ""bab"": {""attack"": {""enabled"": false}, ""branching"": {""input_split"": {""update_rhs_with_attack"": false}}}}}, ""biccos_applicable"": true, ""biccos_effective"": false, ""deviations"": [""config mapping: derived (no official category; vit_2023 transformer config)"", ""attack-off (user decision D20): all attack/falsification stages disabled, see config.attack.overrides"", ""L1 API: explicit solver.alpha-crown.share_alphas=true (ViT ONNX hook is not triggered by native modules); avoids large independent alpha tensors"", ""Python 3.11 typing.override compatibility via typing_extensions (no ACT source change)"", ""float32 stable interpreter; general.double_fp=false; solver.use_float64_in_last_iteration=false"", ""solver.batch_size=16; auto_enlarge_batch_size=false for concurrent GPU memory budget"", ""API CLI biccos_off token selects adapter; actual config is official vit.yaml (BICCOS unchanged)"", ""input route: Python API ABCrownSolver instead of abcrown.py + VNN-LIB (VNN-LIB cannot encode an l1 ball)"", ""ABCrownSolver._build_vnnlib_handler overridden to pass the l1 range dict (X, eps, data_min, data_max)"", ""specification.norm = 1 (the official file is an l_inf VNN-COMP config)"", ""general.adhoc_tuning None: api.py cannot eval Customized(); the vit hook only sets share_alphas when >= 6 MatMul modules exist, and this PyTorch module has 0, so the hook is a no-op here""], ""mapping"": ""derived (no official category; vit_2023 transformer config)"", ""notes"": [], ""official"": ""exp_configs/vnncomp23/vit.yaml"", ""official_biccos"": false, ""official_pgd_order"": ""skip"", ""variant"": ""official""}","[""config mapping: derived (no official category; vit_2023 transformer config)"", ""attack-off (user decision D20): all attack/falsification stages disabled, see config.attack.overrides"", ""L1 API: explicit solver.alpha-crown.share_alphas=true (ViT ONNX hook is not triggered by native modules); avoids large independent alpha tensors"", ""Python 3.11 typing.override compatibility via typing_extensions (no ACT source change)"", ""float32 stable interpreter; general.double_fp=false; solver.use_float64_in_last_iteration=false"", ""solver.batch_size=16; auto_enlarge_batch_size=false for concurrent GPU memory budget"", ""API CLI biccos_off token selects adapter; actual config is official vit.yaml (BICCOS unchanged)"", ""input route: Python API ABCrownSolver instead of abcrown.py + VNN-LIB (VNN-LIB cannot encode an l1 ball)"", ""ABCrownSolver._build_vnnlib_handler overridden to pass the l1 range dict (X, eps, data_min, data_max)"", ""specification.norm = 1 (the official file is an l_inf VNN-COMP config)"", ""general.adhoc_tuning None: api.py cannot eval Customized(); the vit hook only sets share_alphas when >= 6 MatMul modules exist, and this PyTorch module has 0, so the hook is a no-op here""]",,,89.0,3744.0,official_attack_off_f32_lp1_sharedalpha_batch16,"[""abcrown"",""scratch/text_export/yelp_p1/yelp_buffet/onnx/yelp_d3_L14.onnx"",""scratch/text_export/yelp_p1/yelp_buffet/vnnlib/query_index_q0058_d3_L14_e23796_p1_eps0p3.v1.vnnlib"",30.0,""official_attack_off_f32_lp1_sharedalpha_batch16""]",
yelp_p1,59,yelp_d3_L14.onnx,query_index_q0059_d3_L14_e8751_p1_eps0p3.v1.vnnlib,unsat,1.929,CERTIFIED,1,30.0,1.929,23.199,21.269,24.13954888843,0,0,,,Native API unsafe is conservatively UNKNOWN; no unvalidated L1 witness accepted,0,scratch/logs/fse2026/abcrown/yelp_p1/00059_lp1_ngfjdorv.log,6b8bbcfac1c01da1cabd240a87e4dce1a65f5a2b,"{""attack"": {""attack_off"": true, ""hook_replacements"": {}, ""overrides"": {""attack"": {""enable_mip_attack"": false, ""input_split_check_adv"": {""enabled"": ""false""}, ""pgd_order"": ""skip""}, ""bab"": {""attack"": {""enabled"": false}, ""branching"": {""input_split"": {""update_rhs_with_attack"": false}}}}}, ""biccos_applicable"": true, ""biccos_effective"": false, ""deviations"": [""config mapping: derived (no official category; vit_2023 transformer config)"", ""attack-off (user decision D20): all attack/falsification stages disabled, see config.attack.overrides"", ""L1 API: explicit solver.alpha-crown.share_alphas=true (ViT ONNX hook is not triggered by native modules); avoids large independent alpha tensors"", ""Python 3.11 typing.override compatibility via typing_extensions (no ACT source change)"", ""float32 stable interpreter; general.double_fp=false; solver.use_float64_in_last_iteration=false"", ""solver.batch_size=16; auto_enlarge_batch_size=false for concurrent GPU memory budget"", ""API CLI biccos_off token selects adapter; actual config is official vit.yaml (BICCOS unchanged)"", ""input route: Python API ABCrownSolver instead of abcrown.py + VNN-LIB (VNN-LIB cannot encode an l1 ball)"", ""ABCrownSolver._build_vnnlib_handler overridden to pass the l1 range dict (X, eps, data_min, data_max)"", ""specification.norm = 1 (the official file is an l_inf VNN-COMP config)"", ""general.adhoc_tuning None: api.py cannot eval Customized(); the vit hook only sets share_alphas when >= 6 MatMul modules exist, and this PyTorch module has 0, so the hook is a no-op here""], ""mapping"": ""derived (no official category; vit_2023 transformer config)"", ""notes"": [], ""official"": ""exp_configs/vnncomp23/vit.yaml"", ""official_biccos"": false, ""official_pgd_order"": ""skip"", ""variant"": ""official""}","[""config mapping: derived (no official category; vit_2023 transformer config)"", ""attack-off (user decision D20): all attack/falsification stages disabled, see config.attack.overrides"", ""L1 API: explicit solver.alpha-crown.share_alphas=true (ViT ONNX hook is not triggered by native modules); avoids large independent alpha tensors"", ""Python 3.11 typing.override compatibility via typing_extensions (no ACT source change)"", ""float32 stable interpreter; general.double_fp=false; solver.use_float64_in_last_iteration=false"", ""solver.batch_size=16; auto_enlarge_batch_size=false for concurrent GPU memory budget"", ""API CLI biccos_off token selects adapter; actual config is official vit.yaml (BICCOS unchanged)"", ""input route: Python API ABCrownSolver instead of abcrown.py + VNN-LIB (VNN-LIB cannot encode an l1 ball)"", ""ABCrownSolver._build_vnnlib_handler overridden to pass the l1 range dict (X, eps, data_min, data_max)"", ""specification.norm = 1 (the official file is an l_inf VNN-COMP config)"", ""general.adhoc_tuning None: api.py cannot eval Customized(); the vit hook only sets share_alphas when >= 6 MatMul modules exist, and this PyTorch module has 0, so the hook is a no-op here""]",,,75.0,35712.0,official_attack_off_f32_lp1_sharedalpha_batch16,"[""abcrown"",""scratch/text_export/yelp_p1/yelp_buffet/onnx/yelp_d3_L14.onnx"",""scratch/text_export/yelp_p1/yelp_buffet/vnnlib/query_index_q0059_d3_L14_e8751_p1_eps0p3.v1.vnnlib"",30.0,""official_attack_off_f32_lp1_sharedalpha_batch16""]",
