file,rq,tool,dataset,config,used_in,rows,sha256,source,matches_current_pdf,note
make_rq1_main_table.py,rq1,-,-,script,generates Table 2 (tab:exp-rq1) from rq1/,,b3a7bddd5626fc2262f150bd6cbc73f370f2fb2658b47aa80347ee8fee12a2bb,written by the archive build,yes,Run from this folder: python make_rq1_main_table.py [--out table.tex]. Output is byte-identical to the paper's exp_rq1_main.tex.
make_rq1_text_table.py,rq1,-,-,script,generates Table 3 (tab:exp-rq1-text) from rq1/,,c652d31502c528b48ba8d5592169bcccbaef4aec9eb11956f3d37f01e116fa56,written by the archive build,yes,Run from this folder: python make_rq1_text_table.py [--out table.tex]. Output is byte-identical to the paper's exp_rq1_text.tex.
make_rq2_scatter.py,rq2,-,-,script,generates Figure 6 (fig:exp-scatter) from rq2/,,fed8b6c91213ed95daff915358ec19d0525a5dbe59e64aaca6909c6a9dabdbd4,written by the archive build,yes,"Run from this folder: python make_rq2_scatter.py --out-dir <folder>. Output is byte-identical to the paper's exp_rq2_scatter_nodes.pdf, exp_rq2_scatter_time.pdf."
make_rq2_table.py,rq2,-,-,script,generates Table 4 (tab:exp-rq2) from rq2/,,0a5983dc15ae5cdb1c9a6812aecd5788146841f17201876627eb935b474a41a1,written by the archive build,yes,Run from this folder: python make_rq2_table.py [--out table.tex]. Output is byte-identical to the paper's exp_rq2.tex.
make_rq2_trace.py,rq2,-,-,script,generates Figure 7 (fig:exp-trace) from rq2/,,ab49f89ed3e2031c032ee24eae4dfd1bc35efb196e809f1b16b748a323df650c,written by the archive build,yes,"Run from this folder: python make_rq2_trace.py --out-dir <folder>. Output is byte-identical to the paper's exp_trace_nodes.pdf, exp_trace_frontier.pdf, exp_trace_frontier_gap.pdf."
make_rq3_table.py,rq3,-,-,script,generates Table 5 (tab:exp-rq3) from rq3/,,983ec1dd1df69087d1274e2d874434e919f4215695f35aca014228f2193806ed,written by the archive build,yes,Run from this folder: python make_rq3_table.py [--out table.tex]. Output is byte-identical to the paper's exp_rq3.tex.
make_rq4_table.py,rq4,-,-,script,generates Table 6 (tab:exp-rq4-batch) from rq4/,,8d55d46a0fec07e44ae70dd3421025bde3ad7e796910a481c36be3af3fb78ac7,written by the archive build,yes,Run from this folder: python make_rq4_table.py [--out table.tex]. Output is byte-identical to the paper's exp_rq4_batch.tex.
rq1/abcrown/cifar100_2024/results.csv,rq1,abcrown,cifar100_2024,attacks disabled,Table 2 (tab:exp-rq1); Figure 5 (fig:exp-cactus),200,548e278863ab7ff498a2470b133a3204bf1829c5e6f77b4cc4a93e57c0ca0b19,fse2026/abcrown/cifar100_2024/results.csv,yes,Absolute paths rewritten as relative paths.
rq1/abcrown/cifar100_2024/solved_query_times.csv,rq1,abcrown,cifar100_2024,time per query solved in our run,Table 2 (tab:exp-rq1) Mean/Median; Figure 5 (fig:exp-cactus),120,3dfa2362f926707dedbe51744f1c16dd7701f58c38beea6ef8b27c16ca78ea92,fse2026/abcrown/cifar100_2024/results.csv; vnncomp2026_results/alpha_beta_crown/2026_cifar100_2024/results.csv,yes,"One row per query solved in our run: time_used_s is the VNN-COMP raw run time when VNN-COMP credits that query (120 queries), otherwise our local verification time (0); computed with make_exp_assets.official_baseline_times."
rq1/abcrown/cifar100_2024/vnncomp2026_official_results.csv,rq1,abcrown,cifar100_2024,VNN-COMP 2026 official run,Table 2 (tab:exp-rq1) Mean/Median; Figure 5 (fig:exp-cactus),201,9b63f58ceadebb48b06f34e8d793ef79e554c8ad6489fed509b6d5f56a46bed2,vnncomp2026_results/alpha_beta_crown/2026_cifar100_2024/results.csv,yes,"Official VNN-COMP 2026 results (header added, rows verbatim). Only run times are used: counts and verdicts in the paper come from results.csv (our run)."
rq1/abcrown/cora_2024/results.csv,rq1,abcrown,cora_2024,attacks disabled,Table 2 (tab:exp-rq1); Figure 5 (fig:exp-cactus),180,e9a21637b9822c599908ffc336207bda6841ef175aed6ee8a0d420256ad91d56,fse2026/abcrown/cora_2024/results.csv,yes,Absolute paths rewritten as relative paths.
rq1/abcrown/cora_2024/solved_query_times.csv,rq1,abcrown,cora_2024,time per query solved in our run,Table 2 (tab:exp-rq1) Mean/Median; Figure 5 (fig:exp-cactus),25,03be2b21dddb840363490a19566fff4b83234c2d58bf5122299c4b2b2f46c7dc,fse2026/abcrown/cora_2024/results.csv; vnncomp2026_results/alpha_beta_crown/2026_cora_2024/results.csv,yes,"One row per query solved in our run: time_used_s is the VNN-COMP raw run time when VNN-COMP credits that query (25 queries), otherwise our local verification time (0); computed with make_exp_assets.official_baseline_times."
rq1/abcrown/cora_2024/vnncomp2026_official_results.csv,rq1,abcrown,cora_2024,VNN-COMP 2026 official run,Table 2 (tab:exp-rq1) Mean/Median; Figure 5 (fig:exp-cactus),181,cb590096801f3d9d255cbcbbf1f767eb871ce4bf39e34119aae38723d399b987,vnncomp2026_results/alpha_beta_crown/2026_cora_2024/results.csv,yes,"Official VNN-COMP 2026 results (header added, rows verbatim). Only run times are used: counts and verdicts in the paper come from results.csv (our run)."
rq1/abcrown/safenlp_2024/results.csv,rq1,abcrown,safenlp_2024,attacks disabled,Table 2 (tab:exp-rq1); Figure 5 (fig:exp-cactus),1080,047ed261f0d8941c94a24d0ac140d40d8d31f4b952700835caa5870deb9509c9,fse2026/abcrown/safenlp_2024/results.csv,yes,Absolute paths rewritten as relative paths.
rq1/abcrown/safenlp_2024/solved_query_times.csv,rq1,abcrown,safenlp_2024,time per query solved in our run,Table 2 (tab:exp-rq1) Mean/Median; Figure 5 (fig:exp-cactus),1079,583d921c98585df8728e71d386ac2d5127caed18b94e56b9e5bf408277fd58fb,fse2026/abcrown/safenlp_2024/results.csv; vnncomp2026_results/alpha_beta_crown/2026_safenlp_2024/results.csv,yes,"One row per query solved in our run: time_used_s is the VNN-COMP raw run time when VNN-COMP credits that query (1079 queries), otherwise our local verification time (0); computed with make_exp_assets.official_baseline_times."
rq1/abcrown/safenlp_2024/vnncomp2026_official_results.csv,rq1,abcrown,safenlp_2024,VNN-COMP 2026 official run,Table 2 (tab:exp-rq1) Mean/Median; Figure 5 (fig:exp-cactus),1081,a1058b16f1c4d6f9ed767007f6af4133050591cba3404670edb5a0a1a2e7b36f,vnncomp2026_results/alpha_beta_crown/2026_safenlp_2024/results.csv,yes,"Official VNN-COMP 2026 results (header added, rows verbatim). Only run times are used: counts and verdicts in the paper come from results.csv (our run)."
rq1/abcrown/sst_p1/results.csv,rq1,abcrown,sst_p1,attacks disabled,Table 3 (tab:exp-rq1-text),60,cf9e50904f13a09cb31ad1da0d3e7cbeab6816218a430ec3d23d32aa58d26b6e,fse2026/abcrown/sst_p1/results.csv,yes,Absolute paths rewritten as relative paths.
rq1/abcrown/sst_pinf/results.csv,rq1,abcrown,sst_pinf,attacks disabled,Table 3 (tab:exp-rq1-text),60,aa78b0e1198528ee8ecbe03f792e2a50d8deb3eb3fd8c7f7ca4df7a6ad932035,fse2026/abcrown/sst_pinf/results.csv,yes,Absolute paths rewritten as relative paths.
rq1/abcrown/tinyimagenet_2024/results.csv,rq1,abcrown,tinyimagenet_2024,attacks disabled,Table 2 (tab:exp-rq1); Figure 5 (fig:exp-cactus),200,12694512f6287d1887901e434942d2d41f7156fad1740a44b69e555da4657f07,fse2026/abcrown/tinyimagenet_2024/results.csv,yes,Absolute paths rewritten as relative paths.
rq1/abcrown/tinyimagenet_2024/solved_query_times.csv,rq1,abcrown,tinyimagenet_2024,time per query solved in our run,Table 2 (tab:exp-rq1) Mean/Median; Figure 5 (fig:exp-cactus),136,0004cbb8f8e3fa54e87bbb4c08f4ef2cdb5fd39ca1a4a85ee35af884fc3a8fdd,fse2026/abcrown/tinyimagenet_2024/results.csv; vnncomp2026_results/alpha_beta_crown/2026_tinyimagenet_2024/results.csv,yes,"One row per query solved in our run: time_used_s is the VNN-COMP raw run time when VNN-COMP credits that query (136 queries), otherwise our local verification time (0); computed with make_exp_assets.official_baseline_times."
rq1/abcrown/tinyimagenet_2024/vnncomp2026_official_results.csv,rq1,abcrown,tinyimagenet_2024,VNN-COMP 2026 official run,Table 2 (tab:exp-rq1) Mean/Median; Figure 5 (fig:exp-cactus),201,90af9ebc28fc3c94f84a601a7b4fea7dde5d69f8ee3ab8f5035a03bb698d94ff,vnncomp2026_results/alpha_beta_crown/2026_tinyimagenet_2024/results.csv,yes,"Official VNN-COMP 2026 results (header added, rows verbatim). Only run times are used: counts and verdicts in the paper come from results.csv (our run)."
rq1/abcrown/yelp_p1/results.csv,rq1,abcrown,yelp_p1,attacks disabled,Table 3 (tab:exp-rq1-text),60,5ae1ed40b3ab7ca6dc85a69bd142443fb18f7c1058490c53f94918466966970d,fse2026/abcrown/yelp_p1/results.csv,yes,Absolute paths rewritten as relative paths.
rq1/abcrown/yelp_pinf/results.csv,rq1,abcrown,yelp_pinf,attacks disabled,Table 3 (tab:exp-rq1-text),60,382591af43072cca1b88df2423ff1601f17a8898a66682933a17d0463ef29626,fse2026/abcrown/yelp_pinf/results.csv,yes,Absolute paths rewritten as relative paths.
rq1/climb/cifar100_2024/results.csv,rq1,climb,cifar100_2024,"FSB branching, attacks disabled",Table 2 (tab:exp-rq1); Figure 5 (fig:exp-cactus),200,7b780b832b086147e9bb269da0ba428ec68c5efba52e00ae0a3cc68edf30f8d7,fse2026/climb_fsb/cifar100_2024/results.csv,yes,Absolute paths rewritten as relative paths.
rq1/climb/cora_2024/results.csv,rq1,climb,cora_2024,"FSB branching, attacks disabled",Table 2 (tab:exp-rq1); Figure 5 (fig:exp-cactus),180,bc1a89713fc32baa1242ff6fc3627056e8055e223664c1bafab4c90304eda608,fse2026/climb_fsb/cora_2024/results.csv,yes,Absolute paths rewritten as relative paths.
rq1/climb/safenlp_2024/results.csv,rq1,climb,safenlp_2024,"FSB branching, attacks disabled",Table 2 (tab:exp-rq1); Figure 5 (fig:exp-cactus),1080,0908cf13c52ecf4d5fd2038c99b07bf38023035b92d6f0f30a36cd4c7f80e335,fse2026/climb_fsb/safenlp_2024/results.csv,yes,Absolute paths rewritten as relative paths.
rq1/climb/sst_p1/results.csv,rq1,climb,sst_p1,attacks disabled,Table 3 (tab:exp-rq1-text),60,25267b4b190b5cf49b9144abcefc07ef3da5c443383a9cf8e0f88cbe4921b272,fse2026/climb/sst_p1/results.csv,yes,Absolute paths rewritten as relative paths.
rq1/climb/sst_pinf/results.csv,rq1,climb,sst_pinf,attacks disabled,Table 3 (tab:exp-rq1-text),60,9609a76eef4119bde51895d0f9f843e617e73bf7b018b55c6a88ec74cf6cb225,fse2026/climb/sst_pinf/results.csv,yes,Absolute paths rewritten as relative paths.
rq1/climb/tinyimagenet_2024/results.csv,rq1,climb,tinyimagenet_2024,"FSB branching, attacks disabled",Table 2 (tab:exp-rq1); Figure 5 (fig:exp-cactus),200,5d1d80e558def8d78acdfaaddcaafd4e4b17fd2d4cd18a08e82caff6e6ce4da1,fse2026/climb_fsb/tinyimagenet_2024/results.csv,yes,Absolute paths rewritten as relative paths.
rq1/climb/yelp_p1/results.csv,rq1,climb,yelp_p1,attacks disabled,Table 3 (tab:exp-rq1-text),60,d9900972c736248d14069f5751b1d820c048b057f769024c556b94dd215f5b00,fse2026/climb/yelp_p1/results.csv,yes,Absolute paths rewritten as relative paths.
rq1/climb/yelp_pinf/results.csv,rq1,climb,yelp_pinf,attacks disabled,Table 3 (tab:exp-rq1-text),60,eba5a41bc78a014f2fe5b904c01f369c6c4322e149765c649c59d044fe64889c,fse2026/climb/yelp_pinf/results.csv,yes,Absolute paths rewritten as relative paths.
rq1/neuralsat/cifar100_2024/results.csv,rq1,neuralsat,cifar100_2024,attacks disabled,Table 2 (tab:exp-rq1); Figure 5 (fig:exp-cactus),200,d9ca9c6c25d0995e645e1e67ecd29b2d26398f56fa94eca255de22d0e4146816,fse2026/neuralsat/cifar100_2024/results.csv,yes,Absolute paths rewritten as relative paths.
rq1/neuralsat/cifar100_2024/solved_query_times.csv,rq1,neuralsat,cifar100_2024,time per query solved in our run,Table 2 (tab:exp-rq1) Mean/Median; Figure 5 (fig:exp-cactus),111,df9dd9537df55d6c8038c24ebec47e33036add81cb2d48692152ac69ecb5bf30,fse2026/neuralsat/cifar100_2024/results.csv; vnncomp2026_results/neuralsat/2026_cifar100_2024/results.csv,yes,"One row per query solved in our run: time_used_s is the VNN-COMP raw run time when VNN-COMP credits that query (103 queries), otherwise our local verification time (8); computed with make_exp_assets.official_baseline_times."
rq1/neuralsat/cifar100_2024/vnncomp2026_official_results.csv,rq1,neuralsat,cifar100_2024,VNN-COMP 2026 official run,Table 2 (tab:exp-rq1) Mean/Median; Figure 5 (fig:exp-cactus),201,7515b2b45d120e01c75df2fde5e3fd545787fe8bb50445bca4713c5e732d13d9,vnncomp2026_results/neuralsat/2026_cifar100_2024/results.csv,yes,"Official VNN-COMP 2026 results (header added, rows verbatim). Only run times are used: counts and verdicts in the paper come from results.csv (our run)."
rq1/neuralsat/cora_2024/results.csv,rq1,neuralsat,cora_2024,attacks disabled,Table 2 (tab:exp-rq1); Figure 5 (fig:exp-cactus),180,7a7d11b4b41e68fb8e9104378fee583c5c20b2a184e8fae6c04fc2dac1992d78,fse2026/neuralsat/cora_2024/results.csv,yes,Restored on 2026-10-03 from runs.jsonl with fse2026/scripts/baseline_to_csv.py after the original disappeared on 2026-10-02 (~16:17); byte-identical to the original (sha256 recorded by the 15:29 generator run). Absolute paths rewritten as relative paths.
rq1/neuralsat/cora_2024/solved_query_times.csv,rq1,neuralsat,cora_2024,time per query solved in our run,Table 2 (tab:exp-rq1) Mean/Median; Figure 5 (fig:exp-cactus),25,38d9b129d2c9dad26774ebb75c746f3bc3f76cf519089534b3457952e2c007fb,fse2026/neuralsat/cora_2024/results.csv; vnncomp2026_results/neuralsat/2026_cora_2024/results.csv,yes,"One row per query solved in our run: time_used_s is the VNN-COMP raw run time when VNN-COMP credits that query (24 queries), otherwise our local verification time (1); computed with make_exp_assets.official_baseline_times."
rq1/neuralsat/cora_2024/vnncomp2026_official_results.csv,rq1,neuralsat,cora_2024,VNN-COMP 2026 official run,Table 2 (tab:exp-rq1) Mean/Median; Figure 5 (fig:exp-cactus),181,6b3b0cddb62025adf89755d06bae93720c8c5d3aa0c694cfc5b4b5cbfdaaa2f4,vnncomp2026_results/neuralsat/2026_cora_2024/results.csv,yes,"Official VNN-COMP 2026 results (header added, rows verbatim). Only run times are used: counts and verdicts in the paper come from results.csv (our run)."
rq1/neuralsat/safenlp_2024/results.csv,rq1,neuralsat,safenlp_2024,attacks disabled,Table 2 (tab:exp-rq1); Figure 5 (fig:exp-cactus),1080,869d728c70c8efbb62c10630dec6072b32cd49e46e34b364dbd10525e00ba5dc,fse2026/neuralsat/safenlp_2024/results.csv,yes,Absolute paths rewritten as relative paths.
rq1/neuralsat/safenlp_2024/solved_query_times.csv,rq1,neuralsat,safenlp_2024,time per query solved in our run,Table 2 (tab:exp-rq1) Mean/Median; Figure 5 (fig:exp-cactus),856,a5eb73de0dc880027a9d77de0e75cd009d2ec88ceb7c47edc4937d81b1f8b885,fse2026/neuralsat/safenlp_2024/results.csv; vnncomp2026_results/neuralsat/2026_safenlp_2024/results.csv,yes,"One row per query solved in our run: time_used_s is the VNN-COMP raw run time when VNN-COMP credits that query (785 queries), otherwise our local verification time (71); computed with make_exp_assets.official_baseline_times."
rq1/neuralsat/safenlp_2024/vnncomp2026_official_results.csv,rq1,neuralsat,safenlp_2024,VNN-COMP 2026 official run,Table 2 (tab:exp-rq1) Mean/Median; Figure 5 (fig:exp-cactus),1081,6270649b769c2043a5a1d5ec69924e2ebb104a247fb002d42b2ba0e73069c70f,vnncomp2026_results/neuralsat/2026_safenlp_2024/results.csv,yes,"Official VNN-COMP 2026 results (header added, rows verbatim). Only run times are used: counts and verdicts in the paper come from results.csv (our run)."
rq1/neuralsat/sst_pinf/results.csv,rq1,neuralsat,sst_pinf,attacks disabled,Table 3 (tab:exp-rq1-text),60,bff5b743316f67371e6cc6ff05a2a6a92cd41fb1c3028f72b77d02d97360abab,fse2026/neuralsat/sst_pinf/results.csv,yes,Absolute paths rewritten as relative paths.
rq1/neuralsat/tinyimagenet_2024/results.csv,rq1,neuralsat,tinyimagenet_2024,attacks disabled,Table 2 (tab:exp-rq1); Figure 5 (fig:exp-cactus),200,6cbf2c9c5e1fc09117e96109f726c4e4444cef231a9e388abb44bd63c27ce5f8,fse2026/neuralsat/tinyimagenet_2024/results.csv,yes,Absolute paths rewritten as relative paths.
rq1/neuralsat/tinyimagenet_2024/solved_query_times.csv,rq1,neuralsat,tinyimagenet_2024,time per query solved in our run,Table 2 (tab:exp-rq1) Mean/Median; Figure 5 (fig:exp-cactus),127,544249ac4eb9dbf7220eaf1ab61d1fb64a4f27ce073732643eab49222e22825b,fse2026/neuralsat/tinyimagenet_2024/results.csv; vnncomp2026_results/neuralsat/2026_tinyimagenet_2024/results.csv,yes,"One row per query solved in our run: time_used_s is the VNN-COMP raw run time when VNN-COMP credits that query (100 queries), otherwise our local verification time (27); computed with make_exp_assets.official_baseline_times."
rq1/neuralsat/tinyimagenet_2024/vnncomp2026_official_results.csv,rq1,neuralsat,tinyimagenet_2024,VNN-COMP 2026 official run,Table 2 (tab:exp-rq1) Mean/Median; Figure 5 (fig:exp-cactus),201,6fe372fc1c51cd89143b48a1f7f67a2667fcb5faedc8349ce4746c5d873b6415,vnncomp2026_results/neuralsat/2026_tinyimagenet_2024/results.csv,yes,"Official VNN-COMP 2026 results (header added, rows verbatim). Only run times are used: counts and verdicts in the paper come from results.csv (our run)."
rq1/neuralsat/yelp_pinf/results.csv,rq1,neuralsat,yelp_pinf,attacks disabled,Table 3 (tab:exp-rq1-text),60,8de7f8cdb662845ee00765ffe235ba7050303cc4c0d50a31f7913088596a330d,fse2026/neuralsat/yelp_pinf/results.csv,yes,Absolute paths rewritten as relative paths.
rq1/nnenum/cifar100_2024/results.csv,rq1,nnenum,cifar100_2024,attacks disabled,Table 2 (tab:exp-rq1) (N/A),200,51438ec6b349cf94c6318619f64db394acc1e0003921de60979b1bfbf949885d,fse2026/nnenum/cifar100_2024/results.csv,yes,Every query failed with unsupported_op; Table 2 shows N/A. Absolute paths rewritten as relative paths.
rq1/nnenum/cora_2024/results.csv,rq1,nnenum,cora_2024,attacks disabled,Table 2 (tab:exp-rq1); Figure 5 (fig:exp-cactus),180,760a9faa06a5b63aecd9849c338d55e6167a4dcb2e5485cee0ae5298dedae74d,fse2026/nnenum/cora_2024/results.csv,yes,Absolute paths rewritten as relative paths.
rq1/nnenum/cora_2024/solved_query_times.csv,rq1,nnenum,cora_2024,time per query solved in our run,Table 2 (tab:exp-rq1) Mean/Median; Figure 5 (fig:exp-cactus),22,f6a00572c566accd1d37532586bdf3752d253c94747d200de80854a142693e8a,fse2026/nnenum/cora_2024/results.csv; vnncomp2026_results/nnenum/2026_cora_2024/results.csv,yes,"One row per query solved in our run: time_used_s is the VNN-COMP raw run time when VNN-COMP credits that query (22 queries), otherwise our local verification time (0); computed with make_exp_assets.official_baseline_times."
rq1/nnenum/cora_2024/vnncomp2026_official_results.csv,rq1,nnenum,cora_2024,VNN-COMP 2026 official run,Table 2 (tab:exp-rq1) Mean/Median; Figure 5 (fig:exp-cactus),181,e9a1c0dc2ece2f67ffc1b2c6c955d279d7a7427936ad98c14e258f2b61a74c01,vnncomp2026_results/nnenum/2026_cora_2024/results.csv,yes,"Official VNN-COMP 2026 results (header added, rows verbatim). Only run times are used: counts and verdicts in the paper come from results.csv (our run)."
rq1/nnenum/safenlp_2024/results.csv,rq1,nnenum,safenlp_2024,attacks disabled,Table 2 (tab:exp-rq1); Figure 5 (fig:exp-cactus),1080,e962ee3d05a94eff8cb0d0adfeeed4fa563674c3368facd3012583d132030470,fse2026/nnenum/safenlp_2024/results.csv,yes,Absolute paths rewritten as relative paths.
rq1/nnenum/safenlp_2024/solved_query_times.csv,rq1,nnenum,safenlp_2024,time per query solved in our run,Table 2 (tab:exp-rq1) Mean/Median; Figure 5 (fig:exp-cactus),809,1b8d7bccdc433ce7bc8cbfb3f1c1f8543045f5f39dd67ead2351b62cf127c4b3,fse2026/nnenum/safenlp_2024/results.csv; vnncomp2026_results/nnenum/2026_safenlp_2024/results.csv,yes,"One row per query solved in our run: time_used_s is the VNN-COMP raw run time when VNN-COMP credits that query (728 queries), otherwise our local verification time (81); computed with make_exp_assets.official_baseline_times."
rq1/nnenum/safenlp_2024/vnncomp2026_official_results.csv,rq1,nnenum,safenlp_2024,VNN-COMP 2026 official run,Table 2 (tab:exp-rq1) Mean/Median; Figure 5 (fig:exp-cactus),1081,ded1a13703d5bc1f53260d32f9c49d35a51a1e154b580dafce4c9ff39b09e090,vnncomp2026_results/nnenum/2026_safenlp_2024/results.csv,yes,"Official VNN-COMP 2026 results (header added, rows verbatim). Only run times are used: counts and verdicts in the paper come from results.csv (our run)."
rq1/nnenum/tinyimagenet_2024/results.csv,rq1,nnenum,tinyimagenet_2024,attacks disabled,Table 2 (tab:exp-rq1) (N/A),3,a1cd3d1dd4409b683bb26395c5ecde24daeb52959411480c372b5a9ffbdd3184,fse2026/nnenum/tinyimagenet_2024/results.csv,yes,Every query failed with unsupported_op; Table 2 shows N/A. Absolute paths rewritten as relative paths.
rq1_appendix/abcrown/cifar100_2024/comparison.csv,rq1_appendix,abcrown,cifar100_2024,per query: our run vs VNN-COMP 2026,RQ1 appendix: our runs vs official VNN-COMP 2026 (no paper table yet),200,7f7a1fe6f03209ae1039149e1c9be363e817d9789e681f5d21ae1cc110490a95,fse2026/abcrown/cifar100_2024/results.csv; vnncomp2026_results/alpha_beta_crown/2026_cifar100_2024/results.csv,yes,"ours_solved: VNN-COMP convention applied to our run; vnncomp_credit: official scoring (V = certified, F = falsified with a valid counterexample, penalty = incorrect, blank = unsolved); each side keeps its own time. Outcomes: both_solved 120, neither 40, vnncomp_only 40."
rq1_appendix/abcrown/cifar100_2024/results.csv,rq1_appendix,abcrown,cifar100_2024,attacks disabled,RQ1 appendix: our runs vs official VNN-COMP 2026 (no paper table yet),200,548e278863ab7ff498a2470b133a3204bf1829c5e6f77b4cc4a93e57c0ca0b19,fse2026/abcrown/cifar100_2024/results.csv,yes,Absolute paths rewritten as relative paths.
rq1_appendix/abcrown/cifar100_2024/vnncomp2026_official_results.csv,rq1_appendix,abcrown,cifar100_2024,VNN-COMP 2026 official run,RQ1 appendix: our runs vs official VNN-COMP 2026 (no paper table yet),201,9b63f58ceadebb48b06f34e8d793ef79e554c8ad6489fed509b6d5f56a46bed2,vnncomp2026_results/alpha_beta_crown/2026_cifar100_2024/results.csv,yes,"Official VNN-COMP 2026 results (header added, rows verbatim)."
rq1_appendix/abcrown/cora_2024/comparison.csv,rq1_appendix,abcrown,cora_2024,per query: our run vs VNN-COMP 2026,RQ1 appendix: our runs vs official VNN-COMP 2026 (no paper table yet),180,e9538bad6cae6c30da39f53c9ac810ae074de321262900d5849fe86a016929d2,fse2026/abcrown/cora_2024/results.csv; vnncomp2026_results/alpha_beta_crown/2026_cora_2024/results.csv,yes,"ours_solved: VNN-COMP convention applied to our run; vnncomp_credit: official scoring (V = certified, F = falsified with a valid counterexample, penalty = incorrect, blank = unsolved); each side keeps its own time. Outcomes: both_solved 25, neither 28, vnncomp_only 127."
rq1_appendix/abcrown/cora_2024/results.csv,rq1_appendix,abcrown,cora_2024,attacks disabled,RQ1 appendix: our runs vs official VNN-COMP 2026 (no paper table yet),180,e9a21637b9822c599908ffc336207bda6841ef175aed6ee8a0d420256ad91d56,fse2026/abcrown/cora_2024/results.csv,yes,Absolute paths rewritten as relative paths.
rq1_appendix/abcrown/cora_2024/vnncomp2026_official_results.csv,rq1_appendix,abcrown,cora_2024,VNN-COMP 2026 official run,RQ1 appendix: our runs vs official VNN-COMP 2026 (no paper table yet),181,cb590096801f3d9d255cbcbbf1f767eb871ce4bf39e34119aae38723d399b987,vnncomp2026_results/alpha_beta_crown/2026_cora_2024/results.csv,yes,"Official VNN-COMP 2026 results (header added, rows verbatim)."
rq1_appendix/abcrown/safenlp_2024/comparison.csv,rq1_appendix,abcrown,safenlp_2024,per query: our run vs VNN-COMP 2026,RQ1 appendix: our runs vs official VNN-COMP 2026 (no paper table yet),1080,faf87a84cd5df80da6d08ab2246e301532babbc4e8e5c6c4f01446a534444a7a,fse2026/abcrown/safenlp_2024/results.csv; vnncomp2026_results/alpha_beta_crown/2026_safenlp_2024/results.csv,yes,"ours_solved: VNN-COMP convention applied to our run; vnncomp_credit: official scoring (V = certified, F = falsified with a valid counterexample, penalty = incorrect, blank = unsolved); each side keeps its own time. Outcomes: both_solved 1079, vnncomp_only 1."
rq1_appendix/abcrown/safenlp_2024/results.csv,rq1_appendix,abcrown,safenlp_2024,attacks disabled,RQ1 appendix: our runs vs official VNN-COMP 2026 (no paper table yet),1080,047ed261f0d8941c94a24d0ac140d40d8d31f4b952700835caa5870deb9509c9,fse2026/abcrown/safenlp_2024/results.csv,yes,Absolute paths rewritten as relative paths.
rq1_appendix/abcrown/safenlp_2024/vnncomp2026_official_results.csv,rq1_appendix,abcrown,safenlp_2024,VNN-COMP 2026 official run,RQ1 appendix: our runs vs official VNN-COMP 2026 (no paper table yet),1081,a1058b16f1c4d6f9ed767007f6af4133050591cba3404670edb5a0a1a2e7b36f,vnncomp2026_results/alpha_beta_crown/2026_safenlp_2024/results.csv,yes,"Official VNN-COMP 2026 results (header added, rows verbatim)."
rq1_appendix/abcrown/tinyimagenet_2024/comparison.csv,rq1_appendix,abcrown,tinyimagenet_2024,per query: our run vs VNN-COMP 2026,RQ1 appendix: our runs vs official VNN-COMP 2026 (no paper table yet),200,8e1d8901bc4087eb35f7f7bf25bdab4a66035077e5dd01a22efb0c7de61c564c,fse2026/abcrown/tinyimagenet_2024/results.csv; vnncomp2026_results/alpha_beta_crown/2026_tinyimagenet_2024/results.csv,yes,"ours_solved: VNN-COMP convention applied to our run; vnncomp_credit: official scoring (V = certified, F = falsified with a valid counterexample, penalty = incorrect, blank = unsolved); each side keeps its own time. Outcomes: both_solved 136, neither 23, vnncomp_only 41."
rq1_appendix/abcrown/tinyimagenet_2024/results.csv,rq1_appendix,abcrown,tinyimagenet_2024,attacks disabled,RQ1 appendix: our runs vs official VNN-COMP 2026 (no paper table yet),200,12694512f6287d1887901e434942d2d41f7156fad1740a44b69e555da4657f07,fse2026/abcrown/tinyimagenet_2024/results.csv,yes,Absolute paths rewritten as relative paths.
rq1_appendix/abcrown/tinyimagenet_2024/vnncomp2026_official_results.csv,rq1_appendix,abcrown,tinyimagenet_2024,VNN-COMP 2026 official run,RQ1 appendix: our runs vs official VNN-COMP 2026 (no paper table yet),201,90af9ebc28fc3c94f84a601a7b4fea7dde5d69f8ee3ab8f5035a03bb698d94ff,vnncomp2026_results/alpha_beta_crown/2026_tinyimagenet_2024/results.csv,yes,"Official VNN-COMP 2026 results (header added, rows verbatim)."
rq1_appendix/climb/cifar100_2024/results.csv,rq1_appendix,climb,cifar100_2024,"FSB branching, attacks disabled",RQ1 appendix: our runs vs official VNN-COMP 2026 (no paper table yet),200,7b780b832b086147e9bb269da0ba428ec68c5efba52e00ae0a3cc68edf30f8d7,fse2026/climb_fsb/cifar100_2024/results.csv,yes,Absolute paths rewritten as relative paths.
rq1_appendix/climb/cora_2024/results.csv,rq1_appendix,climb,cora_2024,"FSB branching, attacks disabled",RQ1 appendix: our runs vs official VNN-COMP 2026 (no paper table yet),180,bc1a89713fc32baa1242ff6fc3627056e8055e223664c1bafab4c90304eda608,fse2026/climb_fsb/cora_2024/results.csv,yes,Absolute paths rewritten as relative paths.
rq1_appendix/climb/safenlp_2024/results.csv,rq1_appendix,climb,safenlp_2024,"FSB branching, attacks disabled",RQ1 appendix: our runs vs official VNN-COMP 2026 (no paper table yet),1080,0908cf13c52ecf4d5fd2038c99b07bf38023035b92d6f0f30a36cd4c7f80e335,fse2026/climb_fsb/safenlp_2024/results.csv,yes,Absolute paths rewritten as relative paths.
rq1_appendix/climb/tinyimagenet_2024/results.csv,rq1_appendix,climb,tinyimagenet_2024,"FSB branching, attacks disabled",RQ1 appendix: our runs vs official VNN-COMP 2026 (no paper table yet),200,5d1d80e558def8d78acdfaaddcaafd4e4b17fd2d4cd18a08e82caff6e6ce4da1,fse2026/climb_fsb/tinyimagenet_2024/results.csv,yes,Absolute paths rewritten as relative paths.
rq1_appendix/neuralsat/cifar100_2024/comparison.csv,rq1_appendix,neuralsat,cifar100_2024,per query: our run vs VNN-COMP 2026,RQ1 appendix: our runs vs official VNN-COMP 2026 (no paper table yet),200,7e6b07678235a1ff9a4f6a59fe1c761d3552346e7f72d21a8a4a7fdaf3cd10f0,fse2026/neuralsat/cifar100_2024/results.csv; vnncomp2026_results/neuralsat/2026_cifar100_2024/results.csv,yes,"ours_solved: VNN-COMP convention applied to our run; vnncomp_credit: official scoring (V = certified, F = falsified with a valid counterexample, penalty = incorrect, blank = unsolved); each side keeps its own time. Outcomes: both_solved 103, neither 55, ours_only 8, vnncomp_only 34."
rq1_appendix/neuralsat/cifar100_2024/results.csv,rq1_appendix,neuralsat,cifar100_2024,attacks disabled,RQ1 appendix: our runs vs official VNN-COMP 2026 (no paper table yet),200,d9ca9c6c25d0995e645e1e67ecd29b2d26398f56fa94eca255de22d0e4146816,fse2026/neuralsat/cifar100_2024/results.csv,yes,Absolute paths rewritten as relative paths.
rq1_appendix/neuralsat/cifar100_2024/vnncomp2026_official_results.csv,rq1_appendix,neuralsat,cifar100_2024,VNN-COMP 2026 official run,RQ1 appendix: our runs vs official VNN-COMP 2026 (no paper table yet),201,7515b2b45d120e01c75df2fde5e3fd545787fe8bb50445bca4713c5e732d13d9,vnncomp2026_results/neuralsat/2026_cifar100_2024/results.csv,yes,"Official VNN-COMP 2026 results (header added, rows verbatim)."
rq1_appendix/neuralsat/cora_2024/comparison.csv,rq1_appendix,neuralsat,cora_2024,per query: our run vs VNN-COMP 2026,RQ1 appendix: our runs vs official VNN-COMP 2026 (no paper table yet),180,2fa7c3ffd7b15905aa6b5f6871cdff276444aaa06b861bd17e9f55d31e9c3559,fse2026/neuralsat/cora_2024/results.csv; vnncomp2026_results/neuralsat/2026_cora_2024/results.csv,yes,"ours_solved: VNN-COMP convention applied to our run; vnncomp_credit: official scoring (V = certified, F = falsified with a valid counterexample, penalty = incorrect, blank = unsolved); each side keeps its own time. Outcomes: both_solved 24, neither 28, ours_only 1, vnncomp_only 127."
rq1_appendix/neuralsat/cora_2024/results.csv,rq1_appendix,neuralsat,cora_2024,attacks disabled,RQ1 appendix: our runs vs official VNN-COMP 2026 (no paper table yet),180,7a7d11b4b41e68fb8e9104378fee583c5c20b2a184e8fae6c04fc2dac1992d78,fse2026/neuralsat/cora_2024/results.csv,yes,Restored on 2026-10-03 from runs.jsonl with fse2026/scripts/baseline_to_csv.py after the original disappeared on 2026-10-02 (~16:17); byte-identical to the original (sha256 recorded by the 15:29 generator run). Absolute paths rewritten as relative paths.
rq1_appendix/neuralsat/cora_2024/vnncomp2026_official_results.csv,rq1_appendix,neuralsat,cora_2024,VNN-COMP 2026 official run,RQ1 appendix: our runs vs official VNN-COMP 2026 (no paper table yet),181,6b3b0cddb62025adf89755d06bae93720c8c5d3aa0c694cfc5b4b5cbfdaaa2f4,vnncomp2026_results/neuralsat/2026_cora_2024/results.csv,yes,"Official VNN-COMP 2026 results (header added, rows verbatim)."
rq1_appendix/neuralsat/safenlp_2024/comparison.csv,rq1_appendix,neuralsat,safenlp_2024,per query: our run vs VNN-COMP 2026,RQ1 appendix: our runs vs official VNN-COMP 2026 (no paper table yet),1080,ee06a258b39123a996ce063d3ea074e28a98842e2e9e1b5516404371ff824138,fse2026/neuralsat/safenlp_2024/results.csv; vnncomp2026_results/neuralsat/2026_safenlp_2024/results.csv,yes,"ours_solved: VNN-COMP convention applied to our run; vnncomp_credit: official scoring (V = certified, F = falsified with a valid counterexample, penalty = incorrect, blank = unsolved); each side keeps its own time. Outcomes: both_solved 785, neither 46, ours_only 71, vnncomp_only 178."
rq1_appendix/neuralsat/safenlp_2024/results.csv,rq1_appendix,neuralsat,safenlp_2024,attacks disabled,RQ1 appendix: our runs vs official VNN-COMP 2026 (no paper table yet),1080,869d728c70c8efbb62c10630dec6072b32cd49e46e34b364dbd10525e00ba5dc,fse2026/neuralsat/safenlp_2024/results.csv,yes,Absolute paths rewritten as relative paths.
rq1_appendix/neuralsat/safenlp_2024/vnncomp2026_official_results.csv,rq1_appendix,neuralsat,safenlp_2024,VNN-COMP 2026 official run,RQ1 appendix: our runs vs official VNN-COMP 2026 (no paper table yet),1081,6270649b769c2043a5a1d5ec69924e2ebb104a247fb002d42b2ba0e73069c70f,vnncomp2026_results/neuralsat/2026_safenlp_2024/results.csv,yes,"Official VNN-COMP 2026 results (header added, rows verbatim)."
rq1_appendix/neuralsat/tinyimagenet_2024/comparison.csv,rq1_appendix,neuralsat,tinyimagenet_2024,per query: our run vs VNN-COMP 2026,RQ1 appendix: our runs vs official VNN-COMP 2026 (no paper table yet),200,851afe7facb2fc39a2e911dfcde0fb4618a1de40000c5f1b88ba56b5fd98f7bf,fse2026/neuralsat/tinyimagenet_2024/results.csv; vnncomp2026_results/neuralsat/2026_tinyimagenet_2024/results.csv,yes,"ours_solved: VNN-COMP convention applied to our run; vnncomp_credit: official scoring (V = certified, F = falsified with a valid counterexample, penalty = incorrect, blank = unsolved); each side keeps its own time. Outcomes: both_solved 100, neither 37, ours_only 27, vnncomp_only 36."
rq1_appendix/neuralsat/tinyimagenet_2024/results.csv,rq1_appendix,neuralsat,tinyimagenet_2024,attacks disabled,RQ1 appendix: our runs vs official VNN-COMP 2026 (no paper table yet),200,6cbf2c9c5e1fc09117e96109f726c4e4444cef231a9e388abb44bd63c27ce5f8,fse2026/neuralsat/tinyimagenet_2024/results.csv,yes,Absolute paths rewritten as relative paths.
rq1_appendix/neuralsat/tinyimagenet_2024/vnncomp2026_official_results.csv,rq1_appendix,neuralsat,tinyimagenet_2024,VNN-COMP 2026 official run,RQ1 appendix: our runs vs official VNN-COMP 2026 (no paper table yet),201,6fe372fc1c51cd89143b48a1f7f67a2667fcb5faedc8349ce4746c5d873b6415,vnncomp2026_results/neuralsat/2026_tinyimagenet_2024/results.csv,yes,"Official VNN-COMP 2026 results (header added, rows verbatim)."
rq1_appendix/nnenum/cifar100_2024/comparison.csv,rq1_appendix,nnenum,cifar100_2024,per query: our run vs VNN-COMP 2026,RQ1 appendix: our runs vs official VNN-COMP 2026 (no paper table yet),200,d2e8ccea5a37cd8efcec83884fa6d698d5615acd723388ca4160bba6e74bd3c7,fse2026/nnenum/cifar100_2024/results.csv; vnncomp2026_results/nnenum/2026_cifar100_2024/results.csv,yes,"ours_solved: VNN-COMP convention applied to our run; vnncomp_credit: official scoring (V = certified, F = falsified with a valid counterexample, penalty = incorrect, blank = unsolved); each side keeps its own time. Outcomes: neither 200."
rq1_appendix/nnenum/cifar100_2024/results.csv,rq1_appendix,nnenum,cifar100_2024,attacks disabled,RQ1 appendix: our runs vs official VNN-COMP 2026 (no paper table yet),200,51438ec6b349cf94c6318619f64db394acc1e0003921de60979b1bfbf949885d,fse2026/nnenum/cifar100_2024/results.csv,yes,Every query failed with unsupported_op (N/A in Table 2). Absolute paths rewritten as relative paths.
rq1_appendix/nnenum/cifar100_2024/vnncomp2026_official_results.csv,rq1_appendix,nnenum,cifar100_2024,VNN-COMP 2026 official run,RQ1 appendix: our runs vs official VNN-COMP 2026 (no paper table yet),201,93ddfe12d86d5053d20f8c65a8b83fea98ceeb791e8e150c96fa0e3723acf2ce,vnncomp2026_results/nnenum/2026_cifar100_2024/results.csv,yes,"Official VNN-COMP 2026 results (header added, rows verbatim)."
rq1_appendix/nnenum/cora_2024/comparison.csv,rq1_appendix,nnenum,cora_2024,per query: our run vs VNN-COMP 2026,RQ1 appendix: our runs vs official VNN-COMP 2026 (no paper table yet),180,587454669ec7687477873236a63365600354aea9e06b8eb95851d646fb0f099c,fse2026/nnenum/cora_2024/results.csv; vnncomp2026_results/nnenum/2026_cora_2024/results.csv,yes,"ours_solved: VNN-COMP convention applied to our run; vnncomp_credit: official scoring (V = certified, F = falsified with a valid counterexample, penalty = incorrect, blank = unsolved); each side keeps its own time. Outcomes: both_solved 22, neither 158."
rq1_appendix/nnenum/cora_2024/results.csv,rq1_appendix,nnenum,cora_2024,attacks disabled,RQ1 appendix: our runs vs official VNN-COMP 2026 (no paper table yet),180,760a9faa06a5b63aecd9849c338d55e6167a4dcb2e5485cee0ae5298dedae74d,fse2026/nnenum/cora_2024/results.csv,yes,Absolute paths rewritten as relative paths.
rq1_appendix/nnenum/cora_2024/vnncomp2026_official_results.csv,rq1_appendix,nnenum,cora_2024,VNN-COMP 2026 official run,RQ1 appendix: our runs vs official VNN-COMP 2026 (no paper table yet),181,e9a1c0dc2ece2f67ffc1b2c6c955d279d7a7427936ad98c14e258f2b61a74c01,vnncomp2026_results/nnenum/2026_cora_2024/results.csv,yes,"Official VNN-COMP 2026 results (header added, rows verbatim)."
rq1_appendix/nnenum/safenlp_2024/comparison.csv,rq1_appendix,nnenum,safenlp_2024,per query: our run vs VNN-COMP 2026,RQ1 appendix: our runs vs official VNN-COMP 2026 (no paper table yet),1080,82a94154b2d1666f31571d9140aae2379e4f2030f17759a0825bb4a733d60160,fse2026/nnenum/safenlp_2024/results.csv; vnncomp2026_results/nnenum/2026_safenlp_2024/results.csv,yes,"ours_solved: VNN-COMP convention applied to our run; vnncomp_credit: official scoring (V = certified, F = falsified with a valid counterexample, penalty = incorrect, blank = unsolved); each side keeps its own time. Outcomes: both_solved 728, neither 158, ours_only 81, vnncomp_only 113."
rq1_appendix/nnenum/safenlp_2024/results.csv,rq1_appendix,nnenum,safenlp_2024,attacks disabled,RQ1 appendix: our runs vs official VNN-COMP 2026 (no paper table yet),1080,e962ee3d05a94eff8cb0d0adfeeed4fa563674c3368facd3012583d132030470,fse2026/nnenum/safenlp_2024/results.csv,yes,Absolute paths rewritten as relative paths.
rq1_appendix/nnenum/safenlp_2024/vnncomp2026_official_results.csv,rq1_appendix,nnenum,safenlp_2024,VNN-COMP 2026 official run,RQ1 appendix: our runs vs official VNN-COMP 2026 (no paper table yet),1081,ded1a13703d5bc1f53260d32f9c49d35a51a1e154b580dafce4c9ff39b09e090,vnncomp2026_results/nnenum/2026_safenlp_2024/results.csv,yes,"Official VNN-COMP 2026 results (header added, rows verbatim)."
rq1_appendix/nnenum/tinyimagenet_2024/comparison.csv,rq1_appendix,nnenum,tinyimagenet_2024,per query: our run vs VNN-COMP 2026,RQ1 appendix: our runs vs official VNN-COMP 2026 (no paper table yet),200,f5d8b39ab3a28bda44f8648c21da9b69dbb000daa61569d6251d544ad8013775,fse2026/nnenum/tinyimagenet_2024/results.csv; vnncomp2026_results/nnenum/2026_tinyimagenet_2024/results.csv,yes,"ours_solved: VNN-COMP convention applied to our run; vnncomp_credit: official scoring (V = certified, F = falsified with a valid counterexample, penalty = incorrect, blank = unsolved); each side keeps its own time. Outcomes: neither 200."
rq1_appendix/nnenum/tinyimagenet_2024/results.csv,rq1_appendix,nnenum,tinyimagenet_2024,attacks disabled,RQ1 appendix: our runs vs official VNN-COMP 2026 (no paper table yet),3,a1cd3d1dd4409b683bb26395c5ecde24daeb52959411480c372b5a9ffbdd3184,fse2026/nnenum/tinyimagenet_2024/results.csv,yes,Every query failed with unsupported_op (N/A in Table 2). Absolute paths rewritten as relative paths.
rq1_appendix/nnenum/tinyimagenet_2024/vnncomp2026_official_results.csv,rq1_appendix,nnenum,tinyimagenet_2024,VNN-COMP 2026 official run,RQ1 appendix: our runs vs official VNN-COMP 2026 (no paper table yet),201,3b066cd5e92c0e4200fc57e9ad2bf4664a93ec5046db9fdefc132535fc4205ce,vnncomp2026_results/nnenum/2026_tinyimagenet_2024/results.csv,yes,"Official VNN-COMP 2026 results (header added, rows verbatim)."
rq1_appendix/summary.csv,rq1_appendix,all,all,our runs (our times) vs official VNN-COMP 2026 (official raw times),RQ1 appendix: our runs vs official VNN-COMP 2026 (no paper table yet),28,956dfb23d34cb5d5cc755155219271d8dd54c62345c89eced4587f0fd54ef78c,rq1_appendix/<verifier>/<dataset>/results.csv and vnncomp2026_official_results.csv,yes,"One row per dataset, verifier and source; solved = certified + falsified. Ours: VNN-COMP convention (certified, or falsified with a witness valid at 1e-6, within T) and our local times. vnncomp2026: official scores (credited results) and official raw run times."
rq2/climb/cifar100_2024/off_k256.csv,rq2,climb,cifar100_2024,"CLIMB disabled, FSB, B=256",Table 4 (tab:exp-rq2); Figure 6 (fig:exp-scatter),30,634df5dfabac83cb91a443598f7c953cfd451e6c6edc87e436f4af79f7d48fca,fse2026/rq23_fsb/runs/cifar100_2024/off_k256/results.csv; fse2026/rq23_fsb/runs/cifar100_2024/off_k256/raw.jsonl,yes,results.csv columns (nodes = processed sub-problems) plus search counters from raw.jsonl joined on run_id as in make_exp_assets.Gen.runs. Absolute paths rewritten as relative paths.
rq2/climb/cifar100_2024/on_k256.csv,rq2,climb,cifar100_2024,"CLIMB enabled, FSB, B=256 (full/primary CLIMB)",Table 4 (tab:exp-rq2); Figure 6 (fig:exp-scatter),30,d81d4f1d67a7a3f3f8c7c2297feec2bdc5ac7f838b777721baeeec6df05013c4,fse2026/rq23_fsb/runs/cifar100_2024/on_k256/results.csv; fse2026/rq23_fsb/runs/cifar100_2024/on_k256/raw.jsonl,yes,results.csv columns (nodes = processed sub-problems) plus search counters from raw.jsonl joined on run_id as in make_exp_assets.Gen.runs. Absolute paths rewritten as relative paths.
rq2/climb/cifar100_2024/queries.csv,rq2,climb,cifar100_2024,query selection,Table 4 (tab:exp-rq2); Figure 6 (fig:exp-scatter),30,f7c78fd7acea4a97276107c9d98f65b8c01e38f9f9467c44b0f3e28a77a2475e,fse2026/rq23_fsb/plan.json,yes,"Queries of plan.json stage(s) rq2; every other file in this folder has one row per query, in this order. Absolute paths rewritten as relative paths."
rq2/climb/sst_p1/text_bab.csv,rq2,climb,sst_p1,attacks disabled (the Table 3 runs),RQ2 text (text BaB statistics),60,c103c3b0f2015a52019df044b333b9f058758e7db34ef599f4ca6cde896537aa,fse2026/climb/sst_p1/results.csv; fse2026/climb/sst_p1/raw.jsonl,yes,Table 3 CLIMB rows plus BaB counters from raw.jsonl joined on run_id as in make_exp_assets.Gen.text_bab; entered_bab = more than one processed sub-problem. Absolute paths rewritten as relative paths.
rq2/climb/sst_pinf/text_bab.csv,rq2,climb,sst_pinf,attacks disabled (the Table 3 runs),RQ2 text (text BaB statistics),60,1d7fd3255b3d3f746f7615bf314e2ad1dc3f868b8e5b658e8c75e5807809e128,fse2026/climb/sst_pinf/results.csv; fse2026/climb/sst_pinf/raw.jsonl,yes,Table 3 CLIMB rows plus BaB counters from raw.jsonl joined on run_id as in make_exp_assets.Gen.text_bab; entered_bab = more than one processed sub-problem. Absolute paths rewritten as relative paths.
rq2/climb/tinyimagenet_2024/off_k256.csv,rq2,climb,tinyimagenet_2024,"CLIMB disabled, FSB, B=256",Table 4 (tab:exp-rq2); Figure 6 (fig:exp-scatter),30,55730e46c2d79d9d18b0ccdb8cb7313d57e0724e9411fcf4737afe2b0e573704,fse2026/rq23_fsb/runs/tinyimagenet_2024/off_k256/results.csv; fse2026/rq23_fsb/runs/tinyimagenet_2024/off_k256/raw.jsonl,yes,results.csv columns (nodes = processed sub-problems) plus search counters from raw.jsonl joined on run_id as in make_exp_assets.Gen.runs. Absolute paths rewritten as relative paths.
rq2/climb/tinyimagenet_2024/on_k256.csv,rq2,climb,tinyimagenet_2024,"CLIMB enabled, FSB, B=256 (full/primary CLIMB)",Table 4 (tab:exp-rq2); Figure 6 (fig:exp-scatter),30,4a733c0fc4d6101d9ad9a2cd97559bf994d31b56418c18ff4c089fd4eba943f0,fse2026/rq23_fsb/runs/tinyimagenet_2024/on_k256/results.csv; fse2026/rq23_fsb/runs/tinyimagenet_2024/on_k256/raw.jsonl,yes,results.csv columns (nodes = processed sub-problems) plus search counters from raw.jsonl joined on run_id as in make_exp_assets.Gen.runs. Absolute paths rewritten as relative paths.
rq2/climb/tinyimagenet_2024/queries.csv,rq2,climb,tinyimagenet_2024,query selection,Table 4 (tab:exp-rq2); Figure 6 (fig:exp-scatter),30,08ebf719a4aa0c68ebc4f61923ebb1b36bfe02461c77a1002a85f5a347012486,fse2026/rq23_fsb/plan.json,yes,"Queries of plan.json stage(s) rq2; every other file in this folder has one row per query, in this order. Absolute paths rewritten as relative paths."
rq2/climb/tinyimagenet_2024/traced_runs.csv,rq2,climb,tinyimagenet_2024,"CLIMB enabled (on_k256) and disabled (off_k256), FSB, B=256",Figure 7 (fig:exp-trace); RQ2 text,112,bc6d58d08b6032d8498eb6cf8dae7bb7eff995141ba2cd89a38bb0db11d582fa,"fse2026/<set>/<query>/<variant>/raw.jsonl (run records, not archived)",yes,"One row per traced run, in the order Figure 7 draws them. Sets: climb_trace = the RQ2 queries both configurations solve in 100 s (both budgets 100 s); climb_trace_t300 = harder queries (CLIMB 100 s, disabled 300 s). trace is the per-wave trace under this folder, for solved runs; every run's record and log are in traces/<set>/<query>/<variant>/ (raw.jsonl, run.log), and the campaign logs in traces/logs/."
rq2/climb/tinyimagenet_2024/traces/climb_trace/TinyImageNet_resnet_medium_prop_idx_1126_sidx_4974_eps_0.0039/off_k256/raw.jsonl,rq2,climb,tinyimagenet_2024,"CLIMB disabled, FSB, B=256, budget 100 s; query TinyImageNet_resnet_medium_prop_idx_1126_sidx_4974_eps_0.0039",Figure 7 (fig:exp-trace); RQ2 text (run provenance),1,e972c2327da0808be9137101cbb58ef8d677df32d9258624e2f95a2acfcc800c,fse2026/climb_trace/TinyImageNet_resnet_medium_prop_idx_1126_sidx_4974_eps_0.0039/off_k256/raw.jsonl,yes,"Runner record of the run: status, budget, processed and pending sub-problems, metadata. The generator checks the trace's final row against it. Absolute paths rewritten as relative paths."
rq2/climb/tinyimagenet_2024/traces/climb_trace/TinyImageNet_resnet_medium_prop_idx_1126_sidx_4974_eps_0.0039/off_k256/run.log,rq2,climb,tinyimagenet_2024,"CLIMB disabled, FSB, B=256, budget 100 s; query TinyImageNet_resnet_medium_prop_idx_1126_sidx_4974_eps_0.0039",Figure 7 (fig:exp-trace) (run log),0,76e74e2a0aa2128b467c43d9c5f54210bef4b7d9de5fb86fc75feacda897f3ad,scratch/logs/fse2026/climb_trace/TinyImageNet_resnet_medium_prop_idx_1126_sidx_4974_eps_0.0039/off_k256/e1_a9dac5eff780df631a7c.log,yes,Verifier log of the run; its CLIMB_TRACE lines are the per-wave trace (trace_<variant>.csv). Absolute paths rewritten as relative paths.
rq2/climb/tinyimagenet_2024/traces/climb_trace/TinyImageNet_resnet_medium_prop_idx_1126_sidx_4974_eps_0.0039/on_k256/raw.jsonl,rq2,climb,tinyimagenet_2024,"CLIMB enabled, FSB, B=256, budget 100 s; query TinyImageNet_resnet_medium_prop_idx_1126_sidx_4974_eps_0.0039",Figure 7 (fig:exp-trace); RQ2 text (run provenance),1,471ee6d97e0416d22fbc8556dcf5de36f8d2583592c584e0aa7b4cc5b1747251,fse2026/climb_trace/TinyImageNet_resnet_medium_prop_idx_1126_sidx_4974_eps_0.0039/on_k256/raw.jsonl,yes,"Runner record of the run: status, budget, processed and pending sub-problems, metadata. The generator checks the trace's final row against it. Absolute paths rewritten as relative paths."
rq2/climb/tinyimagenet_2024/traces/climb_trace/TinyImageNet_resnet_medium_prop_idx_1126_sidx_4974_eps_0.0039/on_k256/run.log,rq2,climb,tinyimagenet_2024,"CLIMB enabled, FSB, B=256, budget 100 s; query TinyImageNet_resnet_medium_prop_idx_1126_sidx_4974_eps_0.0039",Figure 7 (fig:exp-trace) (run log),0,3fe585b5414b8fae72b4cd14957cf542988bdd48d5481f861545e3bb7b8168e4,scratch/logs/fse2026/climb_trace/TinyImageNet_resnet_medium_prop_idx_1126_sidx_4974_eps_0.0039/on_k256/e1_9c5801bdabdec188608a.log,yes,Verifier log of the run; its CLIMB_TRACE lines are the per-wave trace (trace_<variant>.csv). Absolute paths rewritten as relative paths.
rq2/climb/tinyimagenet_2024/traces/climb_trace/TinyImageNet_resnet_medium_prop_idx_1126_sidx_4974_eps_0.0039/trace_off_k256.csv,rq2,climb,tinyimagenet_2024,"CLIMB disabled, FSB, B=256, budget 100 s; query TinyImageNet_resnet_medium_prop_idx_1126_sidx_4974_eps_0.0039",Figure 7 (fig:exp-trace); RQ2 text,18,b6c138d3ea40fa954ba5a7f2698c6b73a329cd5084494345fdfd8578b013a1cc,fse2026/climb_trace/TinyImageNet_resnet_medium_prop_idx_1126_sidx_4974_eps_0.0039/trace_off_k256.csv,yes,"Per-wave trace: time since BaB entry (t), wave, pending (frontier) and processed (nodes) sub-problems."
rq2/climb/tinyimagenet_2024/traces/climb_trace/TinyImageNet_resnet_medium_prop_idx_1126_sidx_4974_eps_0.0039/trace_on_k256.csv,rq2,climb,tinyimagenet_2024,"CLIMB enabled, FSB, B=256, budget 100 s; query TinyImageNet_resnet_medium_prop_idx_1126_sidx_4974_eps_0.0039",Figure 7 (fig:exp-trace); RQ2 text,13,d97bf00946e8da814b4b3fc7cdce20f10e9cb6ec38addc68dad5af0958c7ff27,fse2026/climb_trace/TinyImageNet_resnet_medium_prop_idx_1126_sidx_4974_eps_0.0039/trace_on_k256.csv,yes,"Per-wave trace: time since BaB entry (t), wave, pending (frontier) and processed (nodes) sub-problems."
rq2/climb/tinyimagenet_2024/traces/climb_trace/TinyImageNet_resnet_medium_prop_idx_1733_sidx_5415_eps_0.0039/off_k256/raw.jsonl,rq2,climb,tinyimagenet_2024,"CLIMB disabled, FSB, B=256, budget 100 s; query TinyImageNet_resnet_medium_prop_idx_1733_sidx_5415_eps_0.0039",Figure 7 (fig:exp-trace); RQ2 text (run provenance),1,15ad88c1596ae509e6ec5e3edcc09ab1648ac3080ad74368f8266c20b9f3ffe0,fse2026/climb_trace/TinyImageNet_resnet_medium_prop_idx_1733_sidx_5415_eps_0.0039/off_k256/raw.jsonl,yes,"Runner record of the run: status, budget, processed and pending sub-problems, metadata. The generator checks the trace's final row against it. Absolute paths rewritten as relative paths."
rq2/climb/tinyimagenet_2024/traces/climb_trace/TinyImageNet_resnet_medium_prop_idx_1733_sidx_5415_eps_0.0039/off_k256/run.log,rq2,climb,tinyimagenet_2024,"CLIMB disabled, FSB, B=256, budget 100 s; query TinyImageNet_resnet_medium_prop_idx_1733_sidx_5415_eps_0.0039",Figure 7 (fig:exp-trace) (run log),0,d15ce23c2e95a91f38364b3514a9141945ca5b57a820401bf259eae1a839ff4f,scratch/logs/fse2026/climb_trace/TinyImageNet_resnet_medium_prop_idx_1733_sidx_5415_eps_0.0039/off_k256/e1_3979823237caa01d95e4.log,yes,Verifier log of the run; its CLIMB_TRACE lines are the per-wave trace (trace_<variant>.csv). Absolute paths rewritten as relative paths.
rq2/climb/tinyimagenet_2024/traces/climb_trace/TinyImageNet_resnet_medium_prop_idx_1733_sidx_5415_eps_0.0039/on_k256/raw.jsonl,rq2,climb,tinyimagenet_2024,"CLIMB enabled, FSB, B=256, budget 100 s; query TinyImageNet_resnet_medium_prop_idx_1733_sidx_5415_eps_0.0039",Figure 7 (fig:exp-trace); RQ2 text (run provenance),1,7a47514b920f0d7eea46f6ab82e41cd1647e1a48d6a2f6a672c34e92de881992,fse2026/climb_trace/TinyImageNet_resnet_medium_prop_idx_1733_sidx_5415_eps_0.0039/on_k256/raw.jsonl,yes,"Runner record of the run: status, budget, processed and pending sub-problems, metadata. The generator checks the trace's final row against it. Absolute paths rewritten as relative paths."
rq2/climb/tinyimagenet_2024/traces/climb_trace/TinyImageNet_resnet_medium_prop_idx_1733_sidx_5415_eps_0.0039/on_k256/run.log,rq2,climb,tinyimagenet_2024,"CLIMB enabled, FSB, B=256, budget 100 s; query TinyImageNet_resnet_medium_prop_idx_1733_sidx_5415_eps_0.0039",Figure 7 (fig:exp-trace) (run log),0,c576f1910982a2f3c293d5ac251b05eaad70a5602938457ed3e9ac2564e0016e,scratch/logs/fse2026/climb_trace/TinyImageNet_resnet_medium_prop_idx_1733_sidx_5415_eps_0.0039/on_k256/e1_3a995cd28328bf2446b4.log,yes,Verifier log of the run; its CLIMB_TRACE lines are the per-wave trace (trace_<variant>.csv). Absolute paths rewritten as relative paths.
rq2/climb/tinyimagenet_2024/traces/climb_trace/TinyImageNet_resnet_medium_prop_idx_1733_sidx_5415_eps_0.0039/trace_off_k256.csv,rq2,climb,tinyimagenet_2024,"CLIMB disabled, FSB, B=256, budget 100 s; query TinyImageNet_resnet_medium_prop_idx_1733_sidx_5415_eps_0.0039",Figure 7 (fig:exp-trace); RQ2 text,9,d5463c546bec43c8d2ca0f405ae215da12f89df3504536f3e69ae8a861b44cc7,fse2026/climb_trace/TinyImageNet_resnet_medium_prop_idx_1733_sidx_5415_eps_0.0039/trace_off_k256.csv,yes,"Per-wave trace: time since BaB entry (t), wave, pending (frontier) and processed (nodes) sub-problems."
rq2/climb/tinyimagenet_2024/traces/climb_trace/TinyImageNet_resnet_medium_prop_idx_1733_sidx_5415_eps_0.0039/trace_on_k256.csv,rq2,climb,tinyimagenet_2024,"CLIMB enabled, FSB, B=256, budget 100 s; query TinyImageNet_resnet_medium_prop_idx_1733_sidx_5415_eps_0.0039",Figure 7 (fig:exp-trace); RQ2 text,7,3dd77bcae374a1f0361bc76a64f7aad8de9bbabec4278184edd9828a5a9869df,fse2026/climb_trace/TinyImageNet_resnet_medium_prop_idx_1733_sidx_5415_eps_0.0039/trace_on_k256.csv,yes,"Per-wave trace: time since BaB entry (t), wave, pending (frontier) and processed (nodes) sub-problems."
rq2/climb/tinyimagenet_2024/traces/climb_trace/TinyImageNet_resnet_medium_prop_idx_1754_sidx_9786_eps_0.0039/off_k256/raw.jsonl,rq2,climb,tinyimagenet_2024,"CLIMB disabled, FSB, B=256, budget 100 s; query TinyImageNet_resnet_medium_prop_idx_1754_sidx_9786_eps_0.0039",Figure 7 (fig:exp-trace); RQ2 text (run provenance),1,6aa00842db6a59f1edf1808d0bd47b07290be80c66015976e5a05c1b43bd5394,fse2026/climb_trace/TinyImageNet_resnet_medium_prop_idx_1754_sidx_9786_eps_0.0039/off_k256/raw.jsonl,yes,"Runner record of the run: status, budget, processed and pending sub-problems, metadata. The generator checks the trace's final row against it. Absolute paths rewritten as relative paths."
rq2/climb/tinyimagenet_2024/traces/climb_trace/TinyImageNet_resnet_medium_prop_idx_1754_sidx_9786_eps_0.0039/off_k256/run.log,rq2,climb,tinyimagenet_2024,"CLIMB disabled, FSB, B=256, budget 100 s; query TinyImageNet_resnet_medium_prop_idx_1754_sidx_9786_eps_0.0039",Figure 7 (fig:exp-trace) (run log),0,b46eecdea4d35e30e9c2e1d9421dfddaa5b65d2d9b6c46ebd2c4a08d72f5e6b5,scratch/logs/fse2026/climb_trace/TinyImageNet_resnet_medium_prop_idx_1754_sidx_9786_eps_0.0039/off_k256/e1_06986396267ad4bc503c.log,yes,Verifier log of the run; its CLIMB_TRACE lines are the per-wave trace (trace_<variant>.csv). Absolute paths rewritten as relative paths.
rq2/climb/tinyimagenet_2024/traces/climb_trace/TinyImageNet_resnet_medium_prop_idx_1754_sidx_9786_eps_0.0039/on_k256/raw.jsonl,rq2,climb,tinyimagenet_2024,"CLIMB enabled, FSB, B=256, budget 100 s; query TinyImageNet_resnet_medium_prop_idx_1754_sidx_9786_eps_0.0039",Figure 7 (fig:exp-trace); RQ2 text (run provenance),1,c677bcaec06acba544548794def73e41cf0c7004d03d52f3f8ff89193c3d828b,fse2026/climb_trace/TinyImageNet_resnet_medium_prop_idx_1754_sidx_9786_eps_0.0039/on_k256/raw.jsonl,yes,"Runner record of the run: status, budget, processed and pending sub-problems, metadata. The generator checks the trace's final row against it. Absolute paths rewritten as relative paths."
rq2/climb/tinyimagenet_2024/traces/climb_trace/TinyImageNet_resnet_medium_prop_idx_1754_sidx_9786_eps_0.0039/on_k256/run.log,rq2,climb,tinyimagenet_2024,"CLIMB enabled, FSB, B=256, budget 100 s; query TinyImageNet_resnet_medium_prop_idx_1754_sidx_9786_eps_0.0039",Figure 7 (fig:exp-trace) (run log),0,95360bfb1eba2f76d8a2c30a4b33087641369dd1e8484fda0e6316649903db6d,scratch/logs/fse2026/climb_trace/TinyImageNet_resnet_medium_prop_idx_1754_sidx_9786_eps_0.0039/on_k256/e1_30440855a7654aca4254.log,yes,Verifier log of the run; its CLIMB_TRACE lines are the per-wave trace (trace_<variant>.csv). Absolute paths rewritten as relative paths.
rq2/climb/tinyimagenet_2024/traces/climb_trace/TinyImageNet_resnet_medium_prop_idx_1754_sidx_9786_eps_0.0039/trace_off_k256.csv,rq2,climb,tinyimagenet_2024,"CLIMB disabled, FSB, B=256, budget 100 s; query TinyImageNet_resnet_medium_prop_idx_1754_sidx_9786_eps_0.0039",Figure 7 (fig:exp-trace); RQ2 text,4,9465a5f5b671e86a490fca37480c78aab27673340695b6b3ffd08f5db2e43377,fse2026/climb_trace/TinyImageNet_resnet_medium_prop_idx_1754_sidx_9786_eps_0.0039/trace_off_k256.csv,yes,"Per-wave trace: time since BaB entry (t), wave, pending (frontier) and processed (nodes) sub-problems."
rq2/climb/tinyimagenet_2024/traces/climb_trace/TinyImageNet_resnet_medium_prop_idx_1754_sidx_9786_eps_0.0039/trace_on_k256.csv,rq2,climb,tinyimagenet_2024,"CLIMB enabled, FSB, B=256, budget 100 s; query TinyImageNet_resnet_medium_prop_idx_1754_sidx_9786_eps_0.0039",Figure 7 (fig:exp-trace); RQ2 text,4,e2ba39c6d59c35f2a22eb852d2d3d9733028bdb73e64dd74caebf43b0747c17a,fse2026/climb_trace/TinyImageNet_resnet_medium_prop_idx_1754_sidx_9786_eps_0.0039/trace_on_k256.csv,yes,"Per-wave trace: time since BaB entry (t), wave, pending (frontier) and processed (nodes) sub-problems."
rq2/climb/tinyimagenet_2024/traces/climb_trace/TinyImageNet_resnet_medium_prop_idx_2212_sidx_6450_eps_0.0039/off_k256/raw.jsonl,rq2,climb,tinyimagenet_2024,"CLIMB disabled, FSB, B=256, budget 100 s; query TinyImageNet_resnet_medium_prop_idx_2212_sidx_6450_eps_0.0039",Figure 7 (fig:exp-trace); RQ2 text (run provenance),1,4a85039cc9d42d5377f59a44dd46b2afc8e0c79f93def582872e075dca7a574b,fse2026/climb_trace/TinyImageNet_resnet_medium_prop_idx_2212_sidx_6450_eps_0.0039/off_k256/raw.jsonl,yes,"Runner record of the run: status, budget, processed and pending sub-problems, metadata. The generator checks the trace's final row against it. Absolute paths rewritten as relative paths."
rq2/climb/tinyimagenet_2024/traces/climb_trace/TinyImageNet_resnet_medium_prop_idx_2212_sidx_6450_eps_0.0039/off_k256/run.log,rq2,climb,tinyimagenet_2024,"CLIMB disabled, FSB, B=256, budget 100 s; query TinyImageNet_resnet_medium_prop_idx_2212_sidx_6450_eps_0.0039",Figure 7 (fig:exp-trace) (run log),0,59578d2a926961579b26db45b2ff797934dbe121dae3e2d0acc5c1cfb97c1210,scratch/logs/fse2026/climb_trace/TinyImageNet_resnet_medium_prop_idx_2212_sidx_6450_eps_0.0039/off_k256/e1_5a10e0975dca03ebbdce.log,yes,Verifier log of the run; its CLIMB_TRACE lines are the per-wave trace (trace_<variant>.csv). Absolute paths rewritten as relative paths.
rq2/climb/tinyimagenet_2024/traces/climb_trace/TinyImageNet_resnet_medium_prop_idx_2212_sidx_6450_eps_0.0039/on_k256/raw.jsonl,rq2,climb,tinyimagenet_2024,"CLIMB enabled, FSB, B=256, budget 100 s; query TinyImageNet_resnet_medium_prop_idx_2212_sidx_6450_eps_0.0039",Figure 7 (fig:exp-trace); RQ2 text (run provenance),1,c858d779285928509041eed09a55b0b050c4161fa4c2af33862bd356a8a6c55d,fse2026/climb_trace/TinyImageNet_resnet_medium_prop_idx_2212_sidx_6450_eps_0.0039/on_k256/raw.jsonl,yes,"Runner record of the run: status, budget, processed and pending sub-problems, metadata. The generator checks the trace's final row against it. Absolute paths rewritten as relative paths."
rq2/climb/tinyimagenet_2024/traces/climb_trace/TinyImageNet_resnet_medium_prop_idx_2212_sidx_6450_eps_0.0039/on_k256/run.log,rq2,climb,tinyimagenet_2024,"CLIMB enabled, FSB, B=256, budget 100 s; query TinyImageNet_resnet_medium_prop_idx_2212_sidx_6450_eps_0.0039",Figure 7 (fig:exp-trace) (run log),0,020e6e9396da3550b6c4d834d1c7b40e5dd7bc3d15853e30458651df9321a755,scratch/logs/fse2026/climb_trace/TinyImageNet_resnet_medium_prop_idx_2212_sidx_6450_eps_0.0039/on_k256/e1_7e4bc3284736fe86fe3d.log,yes,Verifier log of the run; its CLIMB_TRACE lines are the per-wave trace (trace_<variant>.csv). Absolute paths rewritten as relative paths.
rq2/climb/tinyimagenet_2024/traces/climb_trace/TinyImageNet_resnet_medium_prop_idx_2212_sidx_6450_eps_0.0039/trace_off_k256.csv,rq2,climb,tinyimagenet_2024,"CLIMB disabled, FSB, B=256, budget 100 s; query TinyImageNet_resnet_medium_prop_idx_2212_sidx_6450_eps_0.0039",Figure 7 (fig:exp-trace); RQ2 text,39,33db9f136fde008e6a0126bbac8d69cf47d6d66d3763ce54df3cb2351f85e78a,fse2026/climb_trace/TinyImageNet_resnet_medium_prop_idx_2212_sidx_6450_eps_0.0039/trace_off_k256.csv,yes,"Per-wave trace: time since BaB entry (t), wave, pending (frontier) and processed (nodes) sub-problems."
rq2/climb/tinyimagenet_2024/traces/climb_trace/TinyImageNet_resnet_medium_prop_idx_2212_sidx_6450_eps_0.0039/trace_on_k256.csv,rq2,climb,tinyimagenet_2024,"CLIMB enabled, FSB, B=256, budget 100 s; query TinyImageNet_resnet_medium_prop_idx_2212_sidx_6450_eps_0.0039",Figure 7 (fig:exp-trace); RQ2 text,22,d641ca00db086963d20b36e0fcc4c75ba1afddacaf279e2f14a328c7e481fd4e,fse2026/climb_trace/TinyImageNet_resnet_medium_prop_idx_2212_sidx_6450_eps_0.0039/trace_on_k256.csv,yes,"Per-wave trace: time since BaB entry (t), wave, pending (frontier) and processed (nodes) sub-problems."
rq2/climb/tinyimagenet_2024/traces/climb_trace/TinyImageNet_resnet_medium_prop_idx_3133_sidx_2042_eps_0.0039/off_k256/raw.jsonl,rq2,climb,tinyimagenet_2024,"CLIMB disabled, FSB, B=256, budget 100 s; query TinyImageNet_resnet_medium_prop_idx_3133_sidx_2042_eps_0.0039",Figure 7 (fig:exp-trace); RQ2 text (run provenance),1,6b1d2c7cb924f19ab5f3440237e9e0ac2fbdf0eca8fe92eb5a13b725417d0d31,fse2026/climb_trace/TinyImageNet_resnet_medium_prop_idx_3133_sidx_2042_eps_0.0039/off_k256/raw.jsonl,yes,"Runner record of the run: status, budget, processed and pending sub-problems, metadata. The generator checks the trace's final row against it. Absolute paths rewritten as relative paths."
rq2/climb/tinyimagenet_2024/traces/climb_trace/TinyImageNet_resnet_medium_prop_idx_3133_sidx_2042_eps_0.0039/off_k256/run.log,rq2,climb,tinyimagenet_2024,"CLIMB disabled, FSB, B=256, budget 100 s; query TinyImageNet_resnet_medium_prop_idx_3133_sidx_2042_eps_0.0039",Figure 7 (fig:exp-trace) (run log),0,a9fff6ccefc712e62ae34c3f1c62ae4636a034679d4f7ecc3a57f2b4e9a89641,scratch/logs/fse2026/climb_trace/TinyImageNet_resnet_medium_prop_idx_3133_sidx_2042_eps_0.0039/off_k256/e1_e4f1bfd28d80a950d6b0.log,yes,Verifier log of the run; its CLIMB_TRACE lines are the per-wave trace (trace_<variant>.csv). Absolute paths rewritten as relative paths.
rq2/climb/tinyimagenet_2024/traces/climb_trace/TinyImageNet_resnet_medium_prop_idx_3133_sidx_2042_eps_0.0039/on_k256/raw.jsonl,rq2,climb,tinyimagenet_2024,"CLIMB enabled, FSB, B=256, budget 100 s; query TinyImageNet_resnet_medium_prop_idx_3133_sidx_2042_eps_0.0039",Figure 7 (fig:exp-trace); RQ2 text (run provenance),1,4e465ae0664a5f984d0ce36c1b344bf878a2a88a0c3f15df7a4e32eb8f82339d,fse2026/climb_trace/TinyImageNet_resnet_medium_prop_idx_3133_sidx_2042_eps_0.0039/on_k256/raw.jsonl,yes,"Runner record of the run: status, budget, processed and pending sub-problems, metadata. The generator checks the trace's final row against it. Absolute paths rewritten as relative paths."
rq2/climb/tinyimagenet_2024/traces/climb_trace/TinyImageNet_resnet_medium_prop_idx_3133_sidx_2042_eps_0.0039/on_k256/run.log,rq2,climb,tinyimagenet_2024,"CLIMB enabled, FSB, B=256, budget 100 s; query TinyImageNet_resnet_medium_prop_idx_3133_sidx_2042_eps_0.0039",Figure 7 (fig:exp-trace) (run log),0,d9c98171003b40deeb7fd30aa30b6b65391282d78b99a1a9fa6d571dc4dac547,scratch/logs/fse2026/climb_trace/TinyImageNet_resnet_medium_prop_idx_3133_sidx_2042_eps_0.0039/on_k256/e1_ca6da6a6e25814ba90eb.log,yes,Verifier log of the run; its CLIMB_TRACE lines are the per-wave trace (trace_<variant>.csv). Absolute paths rewritten as relative paths.
rq2/climb/tinyimagenet_2024/traces/climb_trace/TinyImageNet_resnet_medium_prop_idx_3133_sidx_2042_eps_0.0039/trace_off_k256.csv,rq2,climb,tinyimagenet_2024,"CLIMB disabled, FSB, B=256, budget 100 s; query TinyImageNet_resnet_medium_prop_idx_3133_sidx_2042_eps_0.0039",Figure 7 (fig:exp-trace); RQ2 text,7,666b38f03ddb6938bd7e3eb94c58a040972131de44037adf1da031e3faf466e2,fse2026/climb_trace/TinyImageNet_resnet_medium_prop_idx_3133_sidx_2042_eps_0.0039/trace_off_k256.csv,yes,"Per-wave trace: time since BaB entry (t), wave, pending (frontier) and processed (nodes) sub-problems."
rq2/climb/tinyimagenet_2024/traces/climb_trace/TinyImageNet_resnet_medium_prop_idx_3133_sidx_2042_eps_0.0039/trace_on_k256.csv,rq2,climb,tinyimagenet_2024,"CLIMB enabled, FSB, B=256, budget 100 s; query TinyImageNet_resnet_medium_prop_idx_3133_sidx_2042_eps_0.0039",Figure 7 (fig:exp-trace); RQ2 text,10,73de036cac406f2e0e5ac0bc40bb5548f964652b7ef716dc62f3a3fcbbecc068,fse2026/climb_trace/TinyImageNet_resnet_medium_prop_idx_3133_sidx_2042_eps_0.0039/trace_on_k256.csv,yes,"Per-wave trace: time since BaB entry (t), wave, pending (frontier) and processed (nodes) sub-problems."
rq2/climb/tinyimagenet_2024/traces/climb_trace/TinyImageNet_resnet_medium_prop_idx_3178_sidx_7992_eps_0.0039/off_k256/raw.jsonl,rq2,climb,tinyimagenet_2024,"CLIMB disabled, FSB, B=256, budget 100 s; query TinyImageNet_resnet_medium_prop_idx_3178_sidx_7992_eps_0.0039",Figure 7 (fig:exp-trace); RQ2 text (run provenance),1,5b1f43e9e45d2e2a705997b805f521bf85ad58f7ae2a718c045f182cf5209073,fse2026/climb_trace/TinyImageNet_resnet_medium_prop_idx_3178_sidx_7992_eps_0.0039/off_k256/raw.jsonl,yes,"Runner record of the run: status, budget, processed and pending sub-problems, metadata. The generator checks the trace's final row against it. Absolute paths rewritten as relative paths."
rq2/climb/tinyimagenet_2024/traces/climb_trace/TinyImageNet_resnet_medium_prop_idx_3178_sidx_7992_eps_0.0039/off_k256/run.log,rq2,climb,tinyimagenet_2024,"CLIMB disabled, FSB, B=256, budget 100 s; query TinyImageNet_resnet_medium_prop_idx_3178_sidx_7992_eps_0.0039",Figure 7 (fig:exp-trace) (run log),0,0eb09081014ab7d53dc001b92b775ca03f0d8366340df41e2eb5b60451e1ee9b,scratch/logs/fse2026/climb_trace/TinyImageNet_resnet_medium_prop_idx_3178_sidx_7992_eps_0.0039/off_k256/e1_77042f1265037a5432d8.log,yes,Verifier log of the run; its CLIMB_TRACE lines are the per-wave trace (trace_<variant>.csv). Absolute paths rewritten as relative paths.
rq2/climb/tinyimagenet_2024/traces/climb_trace/TinyImageNet_resnet_medium_prop_idx_3178_sidx_7992_eps_0.0039/on_k256/raw.jsonl,rq2,climb,tinyimagenet_2024,"CLIMB enabled, FSB, B=256, budget 100 s; query TinyImageNet_resnet_medium_prop_idx_3178_sidx_7992_eps_0.0039",Figure 7 (fig:exp-trace); RQ2 text (run provenance),1,4b19e670a47a0d1f4340fd40eea06eea70140128a200694c6c3c461715a828c6,fse2026/climb_trace/TinyImageNet_resnet_medium_prop_idx_3178_sidx_7992_eps_0.0039/on_k256/raw.jsonl,yes,"Runner record of the run: status, budget, processed and pending sub-problems, metadata. The generator checks the trace's final row against it. Absolute paths rewritten as relative paths."
rq2/climb/tinyimagenet_2024/traces/climb_trace/TinyImageNet_resnet_medium_prop_idx_3178_sidx_7992_eps_0.0039/on_k256/run.log,rq2,climb,tinyimagenet_2024,"CLIMB enabled, FSB, B=256, budget 100 s; query TinyImageNet_resnet_medium_prop_idx_3178_sidx_7992_eps_0.0039",Figure 7 (fig:exp-trace) (run log),0,d3aae62a7c85727cbd7dd42cf0b3821e0993b7c06308db45f46f592818400a5c,scratch/logs/fse2026/climb_trace/TinyImageNet_resnet_medium_prop_idx_3178_sidx_7992_eps_0.0039/on_k256/e1_29cdfb06bb05f95c5021.log,yes,Verifier log of the run; its CLIMB_TRACE lines are the per-wave trace (trace_<variant>.csv). Absolute paths rewritten as relative paths.
rq2/climb/tinyimagenet_2024/traces/climb_trace/TinyImageNet_resnet_medium_prop_idx_3178_sidx_7992_eps_0.0039/trace_off_k256.csv,rq2,climb,tinyimagenet_2024,"CLIMB disabled, FSB, B=256, budget 100 s; query TinyImageNet_resnet_medium_prop_idx_3178_sidx_7992_eps_0.0039",Figure 7 (fig:exp-trace); RQ2 text,15,34cb7d257d4816f07094d2aa716c4344387449eb997935dc489ea5c90db13ec4,fse2026/climb_trace/TinyImageNet_resnet_medium_prop_idx_3178_sidx_7992_eps_0.0039/trace_off_k256.csv,yes,"Per-wave trace: time since BaB entry (t), wave, pending (frontier) and processed (nodes) sub-problems."
rq2/climb/tinyimagenet_2024/traces/climb_trace/TinyImageNet_resnet_medium_prop_idx_3178_sidx_7992_eps_0.0039/trace_on_k256.csv,rq2,climb,tinyimagenet_2024,"CLIMB enabled, FSB, B=256, budget 100 s; query TinyImageNet_resnet_medium_prop_idx_3178_sidx_7992_eps_0.0039",Figure 7 (fig:exp-trace); RQ2 text,7,3ef157417fdec5555e23357846a81c7d8c34d4296feabfaee6d7a1a79c33dfc9,fse2026/climb_trace/TinyImageNet_resnet_medium_prop_idx_3178_sidx_7992_eps_0.0039/trace_on_k256.csv,yes,"Per-wave trace: time since BaB entry (t), wave, pending (frontier) and processed (nodes) sub-problems."
rq2/climb/tinyimagenet_2024/traces/climb_trace/TinyImageNet_resnet_medium_prop_idx_3218_sidx_5420_eps_0.0039/off_k256/raw.jsonl,rq2,climb,tinyimagenet_2024,"CLIMB disabled, FSB, B=256, budget 100 s; query TinyImageNet_resnet_medium_prop_idx_3218_sidx_5420_eps_0.0039",Figure 7 (fig:exp-trace); RQ2 text (run provenance),1,38431c0c34d3d53c6985b54727c0dc3af6fa9d206436e80ac4e759c3cd8726cf,fse2026/climb_trace/TinyImageNet_resnet_medium_prop_idx_3218_sidx_5420_eps_0.0039/off_k256/raw.jsonl,yes,"Runner record of the run: status, budget, processed and pending sub-problems, metadata. The generator checks the trace's final row against it. Absolute paths rewritten as relative paths."
rq2/climb/tinyimagenet_2024/traces/climb_trace/TinyImageNet_resnet_medium_prop_idx_3218_sidx_5420_eps_0.0039/off_k256/run.log,rq2,climb,tinyimagenet_2024,"CLIMB disabled, FSB, B=256, budget 100 s; query TinyImageNet_resnet_medium_prop_idx_3218_sidx_5420_eps_0.0039",Figure 7 (fig:exp-trace) (run log),0,3b2264800b0e0f4fc2acff715cf1d3c6a03bee6b3bb1a0cd1752672c8d77c730,scratch/logs/fse2026/climb_trace/TinyImageNet_resnet_medium_prop_idx_3218_sidx_5420_eps_0.0039/off_k256/e1_3c8ef460599eddcaa8eb.log,yes,Verifier log of the run; its CLIMB_TRACE lines are the per-wave trace (trace_<variant>.csv). Absolute paths rewritten as relative paths.
rq2/climb/tinyimagenet_2024/traces/climb_trace/TinyImageNet_resnet_medium_prop_idx_3218_sidx_5420_eps_0.0039/on_k256/raw.jsonl,rq2,climb,tinyimagenet_2024,"CLIMB enabled, FSB, B=256, budget 100 s; query TinyImageNet_resnet_medium_prop_idx_3218_sidx_5420_eps_0.0039",Figure 7 (fig:exp-trace); RQ2 text (run provenance),1,81ec7e2ac64320adcfb950da878005c7026e1ab236598054e99c8c07b7127cd1,fse2026/climb_trace/TinyImageNet_resnet_medium_prop_idx_3218_sidx_5420_eps_0.0039/on_k256/raw.jsonl,yes,"Runner record of the run: status, budget, processed and pending sub-problems, metadata. The generator checks the trace's final row against it. Absolute paths rewritten as relative paths."
rq2/climb/tinyimagenet_2024/traces/climb_trace/TinyImageNet_resnet_medium_prop_idx_3218_sidx_5420_eps_0.0039/on_k256/run.log,rq2,climb,tinyimagenet_2024,"CLIMB enabled, FSB, B=256, budget 100 s; query TinyImageNet_resnet_medium_prop_idx_3218_sidx_5420_eps_0.0039",Figure 7 (fig:exp-trace) (run log),0,09a625475fdf1ad3dd6f03cfbb451f8e41b915014fd54c1442f6d966fce2d516,scratch/logs/fse2026/climb_trace/TinyImageNet_resnet_medium_prop_idx_3218_sidx_5420_eps_0.0039/on_k256/e1_20d09f4288cbabdf601f.log,yes,Verifier log of the run; its CLIMB_TRACE lines are the per-wave trace (trace_<variant>.csv). Absolute paths rewritten as relative paths.
rq2/climb/tinyimagenet_2024/traces/climb_trace/TinyImageNet_resnet_medium_prop_idx_3218_sidx_5420_eps_0.0039/trace_off_k256.csv,rq2,climb,tinyimagenet_2024,"CLIMB disabled, FSB, B=256, budget 100 s; query TinyImageNet_resnet_medium_prop_idx_3218_sidx_5420_eps_0.0039",Figure 7 (fig:exp-trace); RQ2 text,50,a677c802cdf5bf327efeee42173b8d86a223bbf19303cc7eb3e84fdc71c6d093,fse2026/climb_trace/TinyImageNet_resnet_medium_prop_idx_3218_sidx_5420_eps_0.0039/trace_off_k256.csv,yes,"Per-wave trace: time since BaB entry (t), wave, pending (frontier) and processed (nodes) sub-problems."
rq2/climb/tinyimagenet_2024/traces/climb_trace/TinyImageNet_resnet_medium_prop_idx_3218_sidx_5420_eps_0.0039/trace_on_k256.csv,rq2,climb,tinyimagenet_2024,"CLIMB enabled, FSB, B=256, budget 100 s; query TinyImageNet_resnet_medium_prop_idx_3218_sidx_5420_eps_0.0039",Figure 7 (fig:exp-trace); RQ2 text,18,0b5d377c0baddacf5ef80fb0e52f033dd56f86403bc8592cba418f2b708cd435,fse2026/climb_trace/TinyImageNet_resnet_medium_prop_idx_3218_sidx_5420_eps_0.0039/trace_on_k256.csv,yes,"Per-wave trace: time since BaB entry (t), wave, pending (frontier) and processed (nodes) sub-problems."
rq2/climb/tinyimagenet_2024/traces/climb_trace/TinyImageNet_resnet_medium_prop_idx_3417_sidx_7200_eps_0.0039/off_k256/raw.jsonl,rq2,climb,tinyimagenet_2024,"CLIMB disabled, FSB, B=256, budget 100 s; query TinyImageNet_resnet_medium_prop_idx_3417_sidx_7200_eps_0.0039",Figure 7 (fig:exp-trace); RQ2 text (run provenance),1,f63a065bf6bb24f10989e7d0127feb1b1bdebf2a55d5ec794b2633e2d526c377,fse2026/climb_trace/TinyImageNet_resnet_medium_prop_idx_3417_sidx_7200_eps_0.0039/off_k256/raw.jsonl,yes,"Runner record of the run: status, budget, processed and pending sub-problems, metadata. The generator checks the trace's final row against it. Absolute paths rewritten as relative paths."
rq2/climb/tinyimagenet_2024/traces/climb_trace/TinyImageNet_resnet_medium_prop_idx_3417_sidx_7200_eps_0.0039/off_k256/run.log,rq2,climb,tinyimagenet_2024,"CLIMB disabled, FSB, B=256, budget 100 s; query TinyImageNet_resnet_medium_prop_idx_3417_sidx_7200_eps_0.0039",Figure 7 (fig:exp-trace) (run log),0,7792c8934dd82772fa3cb01d53dc216adfeebd39af2d33df663976bd342babb6,scratch/logs/fse2026/climb_trace/TinyImageNet_resnet_medium_prop_idx_3417_sidx_7200_eps_0.0039/off_k256/e1_6bea57218f43f69eb717.log,yes,Verifier log of the run; its CLIMB_TRACE lines are the per-wave trace (trace_<variant>.csv). Absolute paths rewritten as relative paths.
rq2/climb/tinyimagenet_2024/traces/climb_trace/TinyImageNet_resnet_medium_prop_idx_3417_sidx_7200_eps_0.0039/on_k256/raw.jsonl,rq2,climb,tinyimagenet_2024,"CLIMB enabled, FSB, B=256, budget 100 s; query TinyImageNet_resnet_medium_prop_idx_3417_sidx_7200_eps_0.0039",Figure 7 (fig:exp-trace); RQ2 text (run provenance),1,6cbc419d27d739382bc7c5f0ae6757d0f775ce6aca033a8b438726e27586cc85,fse2026/climb_trace/TinyImageNet_resnet_medium_prop_idx_3417_sidx_7200_eps_0.0039/on_k256/raw.jsonl,yes,"Runner record of the run: status, budget, processed and pending sub-problems, metadata. The generator checks the trace's final row against it. Absolute paths rewritten as relative paths."
rq2/climb/tinyimagenet_2024/traces/climb_trace/TinyImageNet_resnet_medium_prop_idx_3417_sidx_7200_eps_0.0039/on_k256/run.log,rq2,climb,tinyimagenet_2024,"CLIMB enabled, FSB, B=256, budget 100 s; query TinyImageNet_resnet_medium_prop_idx_3417_sidx_7200_eps_0.0039",Figure 7 (fig:exp-trace) (run log),0,3993047ef5c8de7214d7b6fd50b02ee698f1c6e5bb743e7832e6d11742afc120,scratch/logs/fse2026/climb_trace/TinyImageNet_resnet_medium_prop_idx_3417_sidx_7200_eps_0.0039/on_k256/e1_5ddca64dc41aaf6b054d.log,yes,Verifier log of the run; its CLIMB_TRACE lines are the per-wave trace (trace_<variant>.csv). Absolute paths rewritten as relative paths.
rq2/climb/tinyimagenet_2024/traces/climb_trace/TinyImageNet_resnet_medium_prop_idx_3417_sidx_7200_eps_0.0039/trace_off_k256.csv,rq2,climb,tinyimagenet_2024,"CLIMB disabled, FSB, B=256, budget 100 s; query TinyImageNet_resnet_medium_prop_idx_3417_sidx_7200_eps_0.0039",Figure 7 (fig:exp-trace); RQ2 text,9,daec3f9f26d1ab8a7ac9a4aa2d399862b250a5e69710a8003dedd5e594197d7d,fse2026/climb_trace/TinyImageNet_resnet_medium_prop_idx_3417_sidx_7200_eps_0.0039/trace_off_k256.csv,yes,"Per-wave trace: time since BaB entry (t), wave, pending (frontier) and processed (nodes) sub-problems."
rq2/climb/tinyimagenet_2024/traces/climb_trace/TinyImageNet_resnet_medium_prop_idx_3417_sidx_7200_eps_0.0039/trace_on_k256.csv,rq2,climb,tinyimagenet_2024,"CLIMB enabled, FSB, B=256, budget 100 s; query TinyImageNet_resnet_medium_prop_idx_3417_sidx_7200_eps_0.0039",Figure 7 (fig:exp-trace); RQ2 text,7,c15b472489b8ea1806b4414b6588d6530abe21af2e1f48e2ff596b2dcda90dae,fse2026/climb_trace/TinyImageNet_resnet_medium_prop_idx_3417_sidx_7200_eps_0.0039/trace_on_k256.csv,yes,"Per-wave trace: time since BaB entry (t), wave, pending (frontier) and processed (nodes) sub-problems."
rq2/climb/tinyimagenet_2024/traces/climb_trace/TinyImageNet_resnet_medium_prop_idx_4361_sidx_106_eps_0.0039/off_k256/raw.jsonl,rq2,climb,tinyimagenet_2024,"CLIMB disabled, FSB, B=256, budget 100 s; query TinyImageNet_resnet_medium_prop_idx_4361_sidx_106_eps_0.0039",Figure 7 (fig:exp-trace); RQ2 text (run provenance),1,abb9259540b270c1a0a35cd8d871548a0544b7eee2445c2acad42bf1ff6566f8,fse2026/climb_trace/TinyImageNet_resnet_medium_prop_idx_4361_sidx_106_eps_0.0039/off_k256/raw.jsonl,yes,"Runner record of the run: status, budget, processed and pending sub-problems, metadata. The generator checks the trace's final row against it. Absolute paths rewritten as relative paths."
rq2/climb/tinyimagenet_2024/traces/climb_trace/TinyImageNet_resnet_medium_prop_idx_4361_sidx_106_eps_0.0039/off_k256/run.log,rq2,climb,tinyimagenet_2024,"CLIMB disabled, FSB, B=256, budget 100 s; query TinyImageNet_resnet_medium_prop_idx_4361_sidx_106_eps_0.0039",Figure 7 (fig:exp-trace) (run log),0,0d6bd1ba0bac0d05e8805b06f1094789def77c412aed4a95a44161074943ae78,scratch/logs/fse2026/climb_trace/TinyImageNet_resnet_medium_prop_idx_4361_sidx_106_eps_0.0039/off_k256/e1_31ea6b071dccf965535c.log,yes,Verifier log of the run; its CLIMB_TRACE lines are the per-wave trace (trace_<variant>.csv). Absolute paths rewritten as relative paths.
rq2/climb/tinyimagenet_2024/traces/climb_trace/TinyImageNet_resnet_medium_prop_idx_4361_sidx_106_eps_0.0039/on_k256/raw.jsonl,rq2,climb,tinyimagenet_2024,"CLIMB enabled, FSB, B=256, budget 100 s; query TinyImageNet_resnet_medium_prop_idx_4361_sidx_106_eps_0.0039",Figure 7 (fig:exp-trace); RQ2 text (run provenance),1,727d9abe8ef8ed5e07326bcbdeca041912c643b0e1bba9a11d420b6ac1075905,fse2026/climb_trace/TinyImageNet_resnet_medium_prop_idx_4361_sidx_106_eps_0.0039/on_k256/raw.jsonl,yes,"Runner record of the run: status, budget, processed and pending sub-problems, metadata. The generator checks the trace's final row against it. Absolute paths rewritten as relative paths."
rq2/climb/tinyimagenet_2024/traces/climb_trace/TinyImageNet_resnet_medium_prop_idx_4361_sidx_106_eps_0.0039/on_k256/run.log,rq2,climb,tinyimagenet_2024,"CLIMB enabled, FSB, B=256, budget 100 s; query TinyImageNet_resnet_medium_prop_idx_4361_sidx_106_eps_0.0039",Figure 7 (fig:exp-trace) (run log),0,a2a97b538086f6a1707a7754ea2020732952e81f179dd0e18d5bfc52a4dc6690,scratch/logs/fse2026/climb_trace/TinyImageNet_resnet_medium_prop_idx_4361_sidx_106_eps_0.0039/on_k256/e1_6a6c7aa2044a195c6551.log,yes,Verifier log of the run; its CLIMB_TRACE lines are the per-wave trace (trace_<variant>.csv). Absolute paths rewritten as relative paths.
rq2/climb/tinyimagenet_2024/traces/climb_trace/TinyImageNet_resnet_medium_prop_idx_4361_sidx_106_eps_0.0039/trace_off_k256.csv,rq2,climb,tinyimagenet_2024,"CLIMB disabled, FSB, B=256, budget 100 s; query TinyImageNet_resnet_medium_prop_idx_4361_sidx_106_eps_0.0039",Figure 7 (fig:exp-trace); RQ2 text,8,b558b39614056eee1be3a91449208d199cbaeedbd6b065bb04b62dde216b2d21,fse2026/climb_trace/TinyImageNet_resnet_medium_prop_idx_4361_sidx_106_eps_0.0039/trace_off_k256.csv,yes,"Per-wave trace: time since BaB entry (t), wave, pending (frontier) and processed (nodes) sub-problems."
rq2/climb/tinyimagenet_2024/traces/climb_trace/TinyImageNet_resnet_medium_prop_idx_4361_sidx_106_eps_0.0039/trace_on_k256.csv,rq2,climb,tinyimagenet_2024,"CLIMB enabled, FSB, B=256, budget 100 s; query TinyImageNet_resnet_medium_prop_idx_4361_sidx_106_eps_0.0039",Figure 7 (fig:exp-trace); RQ2 text,5,297f8c5593abdb0792c437b92416a3e92b4d37a3669487fda6e5371624261782,fse2026/climb_trace/TinyImageNet_resnet_medium_prop_idx_4361_sidx_106_eps_0.0039/trace_on_k256.csv,yes,"Per-wave trace: time since BaB entry (t), wave, pending (frontier) and processed (nodes) sub-problems."
rq2/climb/tinyimagenet_2024/traces/climb_trace/TinyImageNet_resnet_medium_prop_idx_4441_sidx_6620_eps_0.0039/off_k256/raw.jsonl,rq2,climb,tinyimagenet_2024,"CLIMB disabled, FSB, B=256, budget 100 s; query TinyImageNet_resnet_medium_prop_idx_4441_sidx_6620_eps_0.0039",Figure 7 (fig:exp-trace); RQ2 text (run provenance),1,948189577314ecb0676b855ba432370bc91f2124747054f7fb96b59d48369bff,fse2026/climb_trace/TinyImageNet_resnet_medium_prop_idx_4441_sidx_6620_eps_0.0039/off_k256/raw.jsonl,yes,"Runner record of the run: status, budget, processed and pending sub-problems, metadata. The generator checks the trace's final row against it. Absolute paths rewritten as relative paths."
rq2/climb/tinyimagenet_2024/traces/climb_trace/TinyImageNet_resnet_medium_prop_idx_4441_sidx_6620_eps_0.0039/off_k256/run.log,rq2,climb,tinyimagenet_2024,"CLIMB disabled, FSB, B=256, budget 100 s; query TinyImageNet_resnet_medium_prop_idx_4441_sidx_6620_eps_0.0039",Figure 7 (fig:exp-trace) (run log),0,9cbc889833ee432fe74c4f5533789718d6650e6e9f47cc39892570f12ff5a5dc,scratch/logs/fse2026/climb_trace/TinyImageNet_resnet_medium_prop_idx_4441_sidx_6620_eps_0.0039/off_k256/e1_57156572542fa6d8ce16.log,yes,Verifier log of the run; its CLIMB_TRACE lines are the per-wave trace (trace_<variant>.csv). Absolute paths rewritten as relative paths.
rq2/climb/tinyimagenet_2024/traces/climb_trace/TinyImageNet_resnet_medium_prop_idx_4441_sidx_6620_eps_0.0039/on_k256/raw.jsonl,rq2,climb,tinyimagenet_2024,"CLIMB enabled, FSB, B=256, budget 100 s; query TinyImageNet_resnet_medium_prop_idx_4441_sidx_6620_eps_0.0039",Figure 7 (fig:exp-trace); RQ2 text (run provenance),1,9c1a64524d4f37a9fd0afad518fc46548ecfe2e5e22fc22875d997b4bacecfea,fse2026/climb_trace/TinyImageNet_resnet_medium_prop_idx_4441_sidx_6620_eps_0.0039/on_k256/raw.jsonl,yes,"Runner record of the run: status, budget, processed and pending sub-problems, metadata. The generator checks the trace's final row against it. Absolute paths rewritten as relative paths."
rq2/climb/tinyimagenet_2024/traces/climb_trace/TinyImageNet_resnet_medium_prop_idx_4441_sidx_6620_eps_0.0039/on_k256/run.log,rq2,climb,tinyimagenet_2024,"CLIMB enabled, FSB, B=256, budget 100 s; query TinyImageNet_resnet_medium_prop_idx_4441_sidx_6620_eps_0.0039",Figure 7 (fig:exp-trace) (run log),0,4fd69e065047e7dd2fa81d408f8580a79f569015218a71fa183a0ff4e17254cf,scratch/logs/fse2026/climb_trace/TinyImageNet_resnet_medium_prop_idx_4441_sidx_6620_eps_0.0039/on_k256/e1_9a07e601464b94456f18.log,yes,Verifier log of the run; its CLIMB_TRACE lines are the per-wave trace (trace_<variant>.csv). Absolute paths rewritten as relative paths.
rq2/climb/tinyimagenet_2024/traces/climb_trace/TinyImageNet_resnet_medium_prop_idx_4441_sidx_6620_eps_0.0039/trace_off_k256.csv,rq2,climb,tinyimagenet_2024,"CLIMB disabled, FSB, B=256, budget 100 s; query TinyImageNet_resnet_medium_prop_idx_4441_sidx_6620_eps_0.0039",Figure 7 (fig:exp-trace); RQ2 text,4,ed660c966073f90e84ee9576b58744fffd3d4e050df9efa5eb5e18b6a0161786,fse2026/climb_trace/TinyImageNet_resnet_medium_prop_idx_4441_sidx_6620_eps_0.0039/trace_off_k256.csv,yes,"Per-wave trace: time since BaB entry (t), wave, pending (frontier) and processed (nodes) sub-problems."
rq2/climb/tinyimagenet_2024/traces/climb_trace/TinyImageNet_resnet_medium_prop_idx_4441_sidx_6620_eps_0.0039/trace_on_k256.csv,rq2,climb,tinyimagenet_2024,"CLIMB enabled, FSB, B=256, budget 100 s; query TinyImageNet_resnet_medium_prop_idx_4441_sidx_6620_eps_0.0039",Figure 7 (fig:exp-trace); RQ2 text,3,132119d608e0ad53673c89c53677309e9a744aa1b56feca192fffe37d0546d2f,fse2026/climb_trace/TinyImageNet_resnet_medium_prop_idx_4441_sidx_6620_eps_0.0039/trace_on_k256.csv,yes,"Per-wave trace: time since BaB entry (t), wave, pending (frontier) and processed (nodes) sub-problems."
rq2/climb/tinyimagenet_2024/traces/climb_trace/TinyImageNet_resnet_medium_prop_idx_4535_sidx_3722_eps_0.0039/off_k256/raw.jsonl,rq2,climb,tinyimagenet_2024,"CLIMB disabled, FSB, B=256, budget 100 s; query TinyImageNet_resnet_medium_prop_idx_4535_sidx_3722_eps_0.0039",Figure 7 (fig:exp-trace); RQ2 text (run provenance),1,66c137111f829073cccd0049a9877ad2492d8b55cb3ace701bed0d9e4ae6093d,fse2026/climb_trace/TinyImageNet_resnet_medium_prop_idx_4535_sidx_3722_eps_0.0039/off_k256/raw.jsonl,yes,"Runner record of the run: status, budget, processed and pending sub-problems, metadata. The generator checks the trace's final row against it. Absolute paths rewritten as relative paths."
rq2/climb/tinyimagenet_2024/traces/climb_trace/TinyImageNet_resnet_medium_prop_idx_4535_sidx_3722_eps_0.0039/off_k256/run.log,rq2,climb,tinyimagenet_2024,"CLIMB disabled, FSB, B=256, budget 100 s; query TinyImageNet_resnet_medium_prop_idx_4535_sidx_3722_eps_0.0039",Figure 7 (fig:exp-trace) (run log),0,fb4497cc304ec1203571e3601cafcf3c964e27c57d7f327925e2972ee36cb07d,scratch/logs/fse2026/climb_trace/TinyImageNet_resnet_medium_prop_idx_4535_sidx_3722_eps_0.0039/off_k256/e1_e23563efba0b61489a4c.log,yes,Verifier log of the run; its CLIMB_TRACE lines are the per-wave trace (trace_<variant>.csv). Absolute paths rewritten as relative paths.
rq2/climb/tinyimagenet_2024/traces/climb_trace/TinyImageNet_resnet_medium_prop_idx_4535_sidx_3722_eps_0.0039/on_k256/raw.jsonl,rq2,climb,tinyimagenet_2024,"CLIMB enabled, FSB, B=256, budget 100 s; query TinyImageNet_resnet_medium_prop_idx_4535_sidx_3722_eps_0.0039",Figure 7 (fig:exp-trace); RQ2 text (run provenance),1,4a14177bea8641838697f1dc82f8bbb7eb90bdc6d425ad7ea6debd4ab4418204,fse2026/climb_trace/TinyImageNet_resnet_medium_prop_idx_4535_sidx_3722_eps_0.0039/on_k256/raw.jsonl,yes,"Runner record of the run: status, budget, processed and pending sub-problems, metadata. The generator checks the trace's final row against it. Absolute paths rewritten as relative paths."
rq2/climb/tinyimagenet_2024/traces/climb_trace/TinyImageNet_resnet_medium_prop_idx_4535_sidx_3722_eps_0.0039/on_k256/run.log,rq2,climb,tinyimagenet_2024,"CLIMB enabled, FSB, B=256, budget 100 s; query TinyImageNet_resnet_medium_prop_idx_4535_sidx_3722_eps_0.0039",Figure 7 (fig:exp-trace) (run log),0,82c886ab28d7a9fe0bda0cbf54f34fa0e2b9ed97d5eeceea8c0b01831617f14e,scratch/logs/fse2026/climb_trace/TinyImageNet_resnet_medium_prop_idx_4535_sidx_3722_eps_0.0039/on_k256/e1_b7e4024d2ad1a2c99bb4.log,yes,Verifier log of the run; its CLIMB_TRACE lines are the per-wave trace (trace_<variant>.csv). Absolute paths rewritten as relative paths.
rq2/climb/tinyimagenet_2024/traces/climb_trace/TinyImageNet_resnet_medium_prop_idx_4535_sidx_3722_eps_0.0039/trace_off_k256.csv,rq2,climb,tinyimagenet_2024,"CLIMB disabled, FSB, B=256, budget 100 s; query TinyImageNet_resnet_medium_prop_idx_4535_sidx_3722_eps_0.0039",Figure 7 (fig:exp-trace); RQ2 text,4,f1e73a6eca25a12012b2393f0f6e21a30bc90d9f792bf3c20e392d1584735504,fse2026/climb_trace/TinyImageNet_resnet_medium_prop_idx_4535_sidx_3722_eps_0.0039/trace_off_k256.csv,yes,"Per-wave trace: time since BaB entry (t), wave, pending (frontier) and processed (nodes) sub-problems."
rq2/climb/tinyimagenet_2024/traces/climb_trace/TinyImageNet_resnet_medium_prop_idx_4535_sidx_3722_eps_0.0039/trace_on_k256.csv,rq2,climb,tinyimagenet_2024,"CLIMB enabled, FSB, B=256, budget 100 s; query TinyImageNet_resnet_medium_prop_idx_4535_sidx_3722_eps_0.0039",Figure 7 (fig:exp-trace); RQ2 text,3,0cc826ca66addf23db2fef6aacb859f971da5187bc9222e340427aaf163e6e23,fse2026/climb_trace/TinyImageNet_resnet_medium_prop_idx_4535_sidx_3722_eps_0.0039/trace_on_k256.csv,yes,"Per-wave trace: time since BaB entry (t), wave, pending (frontier) and processed (nodes) sub-problems."
rq2/climb/tinyimagenet_2024/traces/climb_trace/TinyImageNet_resnet_medium_prop_idx_5421_sidx_558_eps_0.0039/off_k256/raw.jsonl,rq2,climb,tinyimagenet_2024,"CLIMB disabled, FSB, B=256, budget 100 s; query TinyImageNet_resnet_medium_prop_idx_5421_sidx_558_eps_0.0039",Figure 7 (fig:exp-trace); RQ2 text (run provenance),1,8d2f8cd429c578ae763083f6acc9754a4f7e94198b7fbba6bb2d6555ea345411,fse2026/climb_trace/TinyImageNet_resnet_medium_prop_idx_5421_sidx_558_eps_0.0039/off_k256/raw.jsonl,yes,"Runner record of the run: status, budget, processed and pending sub-problems, metadata. The generator checks the trace's final row against it. Absolute paths rewritten as relative paths."
rq2/climb/tinyimagenet_2024/traces/climb_trace/TinyImageNet_resnet_medium_prop_idx_5421_sidx_558_eps_0.0039/off_k256/run.log,rq2,climb,tinyimagenet_2024,"CLIMB disabled, FSB, B=256, budget 100 s; query TinyImageNet_resnet_medium_prop_idx_5421_sidx_558_eps_0.0039",Figure 7 (fig:exp-trace) (run log),0,c8085c4b079ec3ae789ca68f5c2d4f1ae8dfe9ae8b0f93626e079b64b2c0f709,scratch/logs/fse2026/climb_trace/TinyImageNet_resnet_medium_prop_idx_5421_sidx_558_eps_0.0039/off_k256/e1_99fdaec96b71aefb0ec9.log,yes,Verifier log of the run; its CLIMB_TRACE lines are the per-wave trace (trace_<variant>.csv). Absolute paths rewritten as relative paths.
rq2/climb/tinyimagenet_2024/traces/climb_trace/TinyImageNet_resnet_medium_prop_idx_5421_sidx_558_eps_0.0039/on_k256/raw.jsonl,rq2,climb,tinyimagenet_2024,"CLIMB enabled, FSB, B=256, budget 100 s; query TinyImageNet_resnet_medium_prop_idx_5421_sidx_558_eps_0.0039",Figure 7 (fig:exp-trace); RQ2 text (run provenance),1,32cce3cd0428badaa954fe37b63a822fdde57517ac84ccf3e4fcc8e176e10dfc,fse2026/climb_trace/TinyImageNet_resnet_medium_prop_idx_5421_sidx_558_eps_0.0039/on_k256/raw.jsonl,yes,"Runner record of the run: status, budget, processed and pending sub-problems, metadata. The generator checks the trace's final row against it. Absolute paths rewritten as relative paths."
rq2/climb/tinyimagenet_2024/traces/climb_trace/TinyImageNet_resnet_medium_prop_idx_5421_sidx_558_eps_0.0039/on_k256/run.log,rq2,climb,tinyimagenet_2024,"CLIMB enabled, FSB, B=256, budget 100 s; query TinyImageNet_resnet_medium_prop_idx_5421_sidx_558_eps_0.0039",Figure 7 (fig:exp-trace) (run log),0,2429177a92df1874ae7a3dde043bcee21c7c54ed9866322b85afae87ce7cf919,scratch/logs/fse2026/climb_trace/TinyImageNet_resnet_medium_prop_idx_5421_sidx_558_eps_0.0039/on_k256/e1_c0317addf5d78042a383.log,yes,Verifier log of the run; its CLIMB_TRACE lines are the per-wave trace (trace_<variant>.csv). Absolute paths rewritten as relative paths.
rq2/climb/tinyimagenet_2024/traces/climb_trace/TinyImageNet_resnet_medium_prop_idx_5421_sidx_558_eps_0.0039/trace_off_k256.csv,rq2,climb,tinyimagenet_2024,"CLIMB disabled, FSB, B=256, budget 100 s; query TinyImageNet_resnet_medium_prop_idx_5421_sidx_558_eps_0.0039",Figure 7 (fig:exp-trace); RQ2 text,4,cee2cd094fa469840440b9768c95e56b6b0315001db4048ee668298fd4d3864c,fse2026/climb_trace/TinyImageNet_resnet_medium_prop_idx_5421_sidx_558_eps_0.0039/trace_off_k256.csv,yes,"Per-wave trace: time since BaB entry (t), wave, pending (frontier) and processed (nodes) sub-problems."
rq2/climb/tinyimagenet_2024/traces/climb_trace/TinyImageNet_resnet_medium_prop_idx_5421_sidx_558_eps_0.0039/trace_on_k256.csv,rq2,climb,tinyimagenet_2024,"CLIMB enabled, FSB, B=256, budget 100 s; query TinyImageNet_resnet_medium_prop_idx_5421_sidx_558_eps_0.0039",Figure 7 (fig:exp-trace); RQ2 text,3,e228f135e8b4404e6257c475143921d82a61e73fafe2f25bfb86376318e046a1,fse2026/climb_trace/TinyImageNet_resnet_medium_prop_idx_5421_sidx_558_eps_0.0039/trace_on_k256.csv,yes,"Per-wave trace: time since BaB entry (t), wave, pending (frontier) and processed (nodes) sub-problems."
rq2/climb/tinyimagenet_2024/traces/climb_trace/TinyImageNet_resnet_medium_prop_idx_7026_sidx_3752_eps_0.0039/off_k256/raw.jsonl,rq2,climb,tinyimagenet_2024,"CLIMB disabled, FSB, B=256, budget 100 s; query TinyImageNet_resnet_medium_prop_idx_7026_sidx_3752_eps_0.0039",Figure 7 (fig:exp-trace); RQ2 text (run provenance),1,cf1982b7b034bf2f0d11ffd0fbbc4c9ffffd3e647e9b0d08b479dae265308f14,fse2026/climb_trace/TinyImageNet_resnet_medium_prop_idx_7026_sidx_3752_eps_0.0039/off_k256/raw.jsonl,yes,"Runner record of the run: status, budget, processed and pending sub-problems, metadata. The generator checks the trace's final row against it. Absolute paths rewritten as relative paths."
rq2/climb/tinyimagenet_2024/traces/climb_trace/TinyImageNet_resnet_medium_prop_idx_7026_sidx_3752_eps_0.0039/off_k256/run.log,rq2,climb,tinyimagenet_2024,"CLIMB disabled, FSB, B=256, budget 100 s; query TinyImageNet_resnet_medium_prop_idx_7026_sidx_3752_eps_0.0039",Figure 7 (fig:exp-trace) (run log),0,ba50f16310f20eea2312fef06d6ba8c0ff9f6c8a6d49f702ea7347eb5ef66dcf,scratch/logs/fse2026/climb_trace/TinyImageNet_resnet_medium_prop_idx_7026_sidx_3752_eps_0.0039/off_k256/e1_58b17b3054c98f7b4920.log,yes,Verifier log of the run; its CLIMB_TRACE lines are the per-wave trace (trace_<variant>.csv). Absolute paths rewritten as relative paths.
rq2/climb/tinyimagenet_2024/traces/climb_trace/TinyImageNet_resnet_medium_prop_idx_7026_sidx_3752_eps_0.0039/on_k256/raw.jsonl,rq2,climb,tinyimagenet_2024,"CLIMB enabled, FSB, B=256, budget 100 s; query TinyImageNet_resnet_medium_prop_idx_7026_sidx_3752_eps_0.0039",Figure 7 (fig:exp-trace); RQ2 text (run provenance),1,89a01a757245b0bcdd427c5785f039af14daa377b3329c835503884452ab2a06,fse2026/climb_trace/TinyImageNet_resnet_medium_prop_idx_7026_sidx_3752_eps_0.0039/on_k256/raw.jsonl,yes,"Runner record of the run: status, budget, processed and pending sub-problems, metadata. The generator checks the trace's final row against it. Absolute paths rewritten as relative paths."
rq2/climb/tinyimagenet_2024/traces/climb_trace/TinyImageNet_resnet_medium_prop_idx_7026_sidx_3752_eps_0.0039/on_k256/run.log,rq2,climb,tinyimagenet_2024,"CLIMB enabled, FSB, B=256, budget 100 s; query TinyImageNet_resnet_medium_prop_idx_7026_sidx_3752_eps_0.0039",Figure 7 (fig:exp-trace) (run log),0,0e75ea269890d5d96b8c3c841c90c644b798dd16eaf8b2442c69280e4578d32f,scratch/logs/fse2026/climb_trace/TinyImageNet_resnet_medium_prop_idx_7026_sidx_3752_eps_0.0039/on_k256/e1_31fdbe17be62ba43fa14.log,yes,Verifier log of the run; its CLIMB_TRACE lines are the per-wave trace (trace_<variant>.csv). Absolute paths rewritten as relative paths.
rq2/climb/tinyimagenet_2024/traces/climb_trace/TinyImageNet_resnet_medium_prop_idx_7026_sidx_3752_eps_0.0039/trace_off_k256.csv,rq2,climb,tinyimagenet_2024,"CLIMB disabled, FSB, B=256, budget 100 s; query TinyImageNet_resnet_medium_prop_idx_7026_sidx_3752_eps_0.0039",Figure 7 (fig:exp-trace); RQ2 text,36,1c3aa11fd6a1339c91f7423170a4920e6dba09797ca4df41a39b663bafa14cd6,fse2026/climb_trace/TinyImageNet_resnet_medium_prop_idx_7026_sidx_3752_eps_0.0039/trace_off_k256.csv,yes,"Per-wave trace: time since BaB entry (t), wave, pending (frontier) and processed (nodes) sub-problems."
rq2/climb/tinyimagenet_2024/traces/climb_trace/TinyImageNet_resnet_medium_prop_idx_7026_sidx_3752_eps_0.0039/trace_on_k256.csv,rq2,climb,tinyimagenet_2024,"CLIMB enabled, FSB, B=256, budget 100 s; query TinyImageNet_resnet_medium_prop_idx_7026_sidx_3752_eps_0.0039",Figure 7 (fig:exp-trace); RQ2 text,24,121a1b489bc6f3981dbe1bee052072c85bb95deff47ec06590e0e7a078e2d035,fse2026/climb_trace/TinyImageNet_resnet_medium_prop_idx_7026_sidx_3752_eps_0.0039/trace_on_k256.csv,yes,"Per-wave trace: time since BaB entry (t), wave, pending (frontier) and processed (nodes) sub-problems."
rq2/climb/tinyimagenet_2024/traces/climb_trace/TinyImageNet_resnet_medium_prop_idx_7632_sidx_2106_eps_0.0039/off_k256/raw.jsonl,rq2,climb,tinyimagenet_2024,"CLIMB disabled, FSB, B=256, budget 100 s; query TinyImageNet_resnet_medium_prop_idx_7632_sidx_2106_eps_0.0039",Figure 7 (fig:exp-trace); RQ2 text (run provenance),1,ff613e09cb7a5d10dda7575ead2925fafcb681d121c6356031bf977ad943ed68,fse2026/climb_trace/TinyImageNet_resnet_medium_prop_idx_7632_sidx_2106_eps_0.0039/off_k256/raw.jsonl,yes,"Runner record of the run: status, budget, processed and pending sub-problems, metadata. The generator checks the trace's final row against it. Absolute paths rewritten as relative paths."
rq2/climb/tinyimagenet_2024/traces/climb_trace/TinyImageNet_resnet_medium_prop_idx_7632_sidx_2106_eps_0.0039/off_k256/run.log,rq2,climb,tinyimagenet_2024,"CLIMB disabled, FSB, B=256, budget 100 s; query TinyImageNet_resnet_medium_prop_idx_7632_sidx_2106_eps_0.0039",Figure 7 (fig:exp-trace) (run log),0,bd2a3599c6e56a907c2122605677f0c0c5250522d492050adfda74742d71c3a5,scratch/logs/fse2026/climb_trace/TinyImageNet_resnet_medium_prop_idx_7632_sidx_2106_eps_0.0039/off_k256/e1_f7ccbb13b8430c359a8c.log,yes,Verifier log of the run; its CLIMB_TRACE lines are the per-wave trace (trace_<variant>.csv). Absolute paths rewritten as relative paths.
rq2/climb/tinyimagenet_2024/traces/climb_trace/TinyImageNet_resnet_medium_prop_idx_7632_sidx_2106_eps_0.0039/on_k256/raw.jsonl,rq2,climb,tinyimagenet_2024,"CLIMB enabled, FSB, B=256, budget 100 s; query TinyImageNet_resnet_medium_prop_idx_7632_sidx_2106_eps_0.0039",Figure 7 (fig:exp-trace); RQ2 text (run provenance),1,d7c8ae2849be8ca0b3d8b2e656eef1c99fb1e4f8d3a16cbccef5a355615ebd3f,fse2026/climb_trace/TinyImageNet_resnet_medium_prop_idx_7632_sidx_2106_eps_0.0039/on_k256/raw.jsonl,yes,"Runner record of the run: status, budget, processed and pending sub-problems, metadata. The generator checks the trace's final row against it. Absolute paths rewritten as relative paths."
rq2/climb/tinyimagenet_2024/traces/climb_trace/TinyImageNet_resnet_medium_prop_idx_7632_sidx_2106_eps_0.0039/on_k256/run.log,rq2,climb,tinyimagenet_2024,"CLIMB enabled, FSB, B=256, budget 100 s; query TinyImageNet_resnet_medium_prop_idx_7632_sidx_2106_eps_0.0039",Figure 7 (fig:exp-trace) (run log),0,2a8db85a286221d2618560c8a57e92e468e79c0732fb0a7428dad63be5ea2dbc,scratch/logs/fse2026/climb_trace/TinyImageNet_resnet_medium_prop_idx_7632_sidx_2106_eps_0.0039/on_k256/e1_75292eff0c0a94d51ffc.log,yes,Verifier log of the run; its CLIMB_TRACE lines are the per-wave trace (trace_<variant>.csv). Absolute paths rewritten as relative paths.
rq2/climb/tinyimagenet_2024/traces/climb_trace/TinyImageNet_resnet_medium_prop_idx_7632_sidx_2106_eps_0.0039/trace_off_k256.csv,rq2,climb,tinyimagenet_2024,"CLIMB disabled, FSB, B=256, budget 100 s; query TinyImageNet_resnet_medium_prop_idx_7632_sidx_2106_eps_0.0039",Figure 7 (fig:exp-trace); RQ2 text,4,a52047c20be92e588de628f7cb1dc68e5a4ad566cef7788b991cd9cd5b12b685,fse2026/climb_trace/TinyImageNet_resnet_medium_prop_idx_7632_sidx_2106_eps_0.0039/trace_off_k256.csv,yes,"Per-wave trace: time since BaB entry (t), wave, pending (frontier) and processed (nodes) sub-problems."
rq2/climb/tinyimagenet_2024/traces/climb_trace/TinyImageNet_resnet_medium_prop_idx_7632_sidx_2106_eps_0.0039/trace_on_k256.csv,rq2,climb,tinyimagenet_2024,"CLIMB enabled, FSB, B=256, budget 100 s; query TinyImageNet_resnet_medium_prop_idx_7632_sidx_2106_eps_0.0039",Figure 7 (fig:exp-trace); RQ2 text,3,9869f216233a567688f5aa53df6f019feee363d9d97f6429e41b8b9e5334fac9,fse2026/climb_trace/TinyImageNet_resnet_medium_prop_idx_7632_sidx_2106_eps_0.0039/trace_on_k256.csv,yes,"Per-wave trace: time since BaB entry (t), wave, pending (frontier) and processed (nodes) sub-problems."
rq2/climb/tinyimagenet_2024/traces/climb_trace/TinyImageNet_resnet_medium_prop_idx_8472_sidx_7499_eps_0.0039/off_k256/raw.jsonl,rq2,climb,tinyimagenet_2024,"CLIMB disabled, FSB, B=256, budget 100 s; query TinyImageNet_resnet_medium_prop_idx_8472_sidx_7499_eps_0.0039",Figure 7 (fig:exp-trace); RQ2 text (run provenance),1,d2d29165a27e4da3029eaf34948980d9a6e446d086f4a9808a97dc27343b97d4,fse2026/climb_trace/TinyImageNet_resnet_medium_prop_idx_8472_sidx_7499_eps_0.0039/off_k256/raw.jsonl,yes,"Runner record of the run: status, budget, processed and pending sub-problems, metadata. The generator checks the trace's final row against it. Absolute paths rewritten as relative paths."
rq2/climb/tinyimagenet_2024/traces/climb_trace/TinyImageNet_resnet_medium_prop_idx_8472_sidx_7499_eps_0.0039/off_k256/run.log,rq2,climb,tinyimagenet_2024,"CLIMB disabled, FSB, B=256, budget 100 s; query TinyImageNet_resnet_medium_prop_idx_8472_sidx_7499_eps_0.0039",Figure 7 (fig:exp-trace) (run log),0,89d4f17d88961882cfc1134234ba279fd42ef2a40d3c5f0150a83262d434cf42,scratch/logs/fse2026/climb_trace/TinyImageNet_resnet_medium_prop_idx_8472_sidx_7499_eps_0.0039/off_k256/e1_5b0e62166eb70c2c43df.log,yes,Verifier log of the run; its CLIMB_TRACE lines are the per-wave trace (trace_<variant>.csv). Absolute paths rewritten as relative paths.
rq2/climb/tinyimagenet_2024/traces/climb_trace/TinyImageNet_resnet_medium_prop_idx_8472_sidx_7499_eps_0.0039/on_k256/raw.jsonl,rq2,climb,tinyimagenet_2024,"CLIMB enabled, FSB, B=256, budget 100 s; query TinyImageNet_resnet_medium_prop_idx_8472_sidx_7499_eps_0.0039",Figure 7 (fig:exp-trace); RQ2 text (run provenance),1,863ad8606a1f163ddfb30cbdea18d3c07f978cf5f6d89b1f3ab2312e6fffd4de,fse2026/climb_trace/TinyImageNet_resnet_medium_prop_idx_8472_sidx_7499_eps_0.0039/on_k256/raw.jsonl,yes,"Runner record of the run: status, budget, processed and pending sub-problems, metadata. The generator checks the trace's final row against it. Absolute paths rewritten as relative paths."
rq2/climb/tinyimagenet_2024/traces/climb_trace/TinyImageNet_resnet_medium_prop_idx_8472_sidx_7499_eps_0.0039/on_k256/run.log,rq2,climb,tinyimagenet_2024,"CLIMB enabled, FSB, B=256, budget 100 s; query TinyImageNet_resnet_medium_prop_idx_8472_sidx_7499_eps_0.0039",Figure 7 (fig:exp-trace) (run log),0,984dc4c7534b8bc85cab2d997ea6ea5eb41daa7e2e7f9081dcfb84bdc2675d22,scratch/logs/fse2026/climb_trace/TinyImageNet_resnet_medium_prop_idx_8472_sidx_7499_eps_0.0039/on_k256/e1_47519cd890c933596c7d.log,yes,Verifier log of the run; its CLIMB_TRACE lines are the per-wave trace (trace_<variant>.csv). Absolute paths rewritten as relative paths.
rq2/climb/tinyimagenet_2024/traces/climb_trace/TinyImageNet_resnet_medium_prop_idx_8472_sidx_7499_eps_0.0039/trace_off_k256.csv,rq2,climb,tinyimagenet_2024,"CLIMB disabled, FSB, B=256, budget 100 s; query TinyImageNet_resnet_medium_prop_idx_8472_sidx_7499_eps_0.0039",Figure 7 (fig:exp-trace); RQ2 text,15,03b29b0b73d199b40e5257f79549866f505411c7ba1549bce5e8cf8e997ca408,fse2026/climb_trace/TinyImageNet_resnet_medium_prop_idx_8472_sidx_7499_eps_0.0039/trace_off_k256.csv,yes,"Per-wave trace: time since BaB entry (t), wave, pending (frontier) and processed (nodes) sub-problems."
rq2/climb/tinyimagenet_2024/traces/climb_trace/TinyImageNet_resnet_medium_prop_idx_8472_sidx_7499_eps_0.0039/trace_on_k256.csv,rq2,climb,tinyimagenet_2024,"CLIMB enabled, FSB, B=256, budget 100 s; query TinyImageNet_resnet_medium_prop_idx_8472_sidx_7499_eps_0.0039",Figure 7 (fig:exp-trace); RQ2 text,13,e7c6d7c5701fba593437e968cd7173a5a515d383b07a5feafc6e0c6f74a01ce2,fse2026/climb_trace/TinyImageNet_resnet_medium_prop_idx_8472_sidx_7499_eps_0.0039/trace_on_k256.csv,yes,"Per-wave trace: time since BaB entry (t), wave, pending (frontier) and processed (nodes) sub-problems."
rq2/climb/tinyimagenet_2024/traces/climb_trace/TinyImageNet_resnet_medium_prop_idx_9396_sidx_3885_eps_0.0039/off_k256/raw.jsonl,rq2,climb,tinyimagenet_2024,"CLIMB disabled, FSB, B=256, budget 100 s; query TinyImageNet_resnet_medium_prop_idx_9396_sidx_3885_eps_0.0039",Figure 7 (fig:exp-trace); RQ2 text (run provenance),1,080bc8275c2f1e14d4c75e093b98d66485601889f6f0a546c14664e6b52391cf,fse2026/climb_trace/TinyImageNet_resnet_medium_prop_idx_9396_sidx_3885_eps_0.0039/off_k256/raw.jsonl,yes,"Runner record of the run: status, budget, processed and pending sub-problems, metadata. The generator checks the trace's final row against it. Absolute paths rewritten as relative paths."
rq2/climb/tinyimagenet_2024/traces/climb_trace/TinyImageNet_resnet_medium_prop_idx_9396_sidx_3885_eps_0.0039/off_k256/run.log,rq2,climb,tinyimagenet_2024,"CLIMB disabled, FSB, B=256, budget 100 s; query TinyImageNet_resnet_medium_prop_idx_9396_sidx_3885_eps_0.0039",Figure 7 (fig:exp-trace) (run log),0,6b9976264374892a2e46d803a989e0fce3fb93f990ed7d9b260b988af0e4a276,scratch/logs/fse2026/climb_trace/TinyImageNet_resnet_medium_prop_idx_9396_sidx_3885_eps_0.0039/off_k256/e1_b13ee3e5a77f2e038667.log,yes,Verifier log of the run; its CLIMB_TRACE lines are the per-wave trace (trace_<variant>.csv). Absolute paths rewritten as relative paths.
rq2/climb/tinyimagenet_2024/traces/climb_trace/TinyImageNet_resnet_medium_prop_idx_9396_sidx_3885_eps_0.0039/on_k256/raw.jsonl,rq2,climb,tinyimagenet_2024,"CLIMB enabled, FSB, B=256, budget 100 s; query TinyImageNet_resnet_medium_prop_idx_9396_sidx_3885_eps_0.0039",Figure 7 (fig:exp-trace); RQ2 text (run provenance),1,016c6f5f8287ee245578078a243db20d6aa0ef2df676308b0840cedad810f11d,fse2026/climb_trace/TinyImageNet_resnet_medium_prop_idx_9396_sidx_3885_eps_0.0039/on_k256/raw.jsonl,yes,"Runner record of the run: status, budget, processed and pending sub-problems, metadata. The generator checks the trace's final row against it. Absolute paths rewritten as relative paths."
rq2/climb/tinyimagenet_2024/traces/climb_trace/TinyImageNet_resnet_medium_prop_idx_9396_sidx_3885_eps_0.0039/on_k256/run.log,rq2,climb,tinyimagenet_2024,"CLIMB enabled, FSB, B=256, budget 100 s; query TinyImageNet_resnet_medium_prop_idx_9396_sidx_3885_eps_0.0039",Figure 7 (fig:exp-trace) (run log),0,49656cd5932d0d4479a5ee10ed21771e2da16ed8a1a5ed0803af5f70e8729026,scratch/logs/fse2026/climb_trace/TinyImageNet_resnet_medium_prop_idx_9396_sidx_3885_eps_0.0039/on_k256/e1_647e5b57687b94b72724.log,yes,Verifier log of the run; its CLIMB_TRACE lines are the per-wave trace (trace_<variant>.csv). Absolute paths rewritten as relative paths.
rq2/climb/tinyimagenet_2024/traces/climb_trace/TinyImageNet_resnet_medium_prop_idx_9396_sidx_3885_eps_0.0039/trace_off_k256.csv,rq2,climb,tinyimagenet_2024,"CLIMB disabled, FSB, B=256, budget 100 s; query TinyImageNet_resnet_medium_prop_idx_9396_sidx_3885_eps_0.0039",Figure 7 (fig:exp-trace); RQ2 text,27,c234285e1ae646a3d5342d9ceb07cfa780414dedb595f27ee96413e9c59961ff,fse2026/climb_trace/TinyImageNet_resnet_medium_prop_idx_9396_sidx_3885_eps_0.0039/trace_off_k256.csv,yes,"Per-wave trace: time since BaB entry (t), wave, pending (frontier) and processed (nodes) sub-problems."
rq2/climb/tinyimagenet_2024/traces/climb_trace/TinyImageNet_resnet_medium_prop_idx_9396_sidx_3885_eps_0.0039/trace_on_k256.csv,rq2,climb,tinyimagenet_2024,"CLIMB enabled, FSB, B=256, budget 100 s; query TinyImageNet_resnet_medium_prop_idx_9396_sidx_3885_eps_0.0039",Figure 7 (fig:exp-trace); RQ2 text,14,e1525888523943d1fe594b7435c685317930e8fc9ce41661f3f73c651da6b0c0,fse2026/climb_trace/TinyImageNet_resnet_medium_prop_idx_9396_sidx_3885_eps_0.0039/trace_on_k256.csv,yes,"Per-wave trace: time since BaB entry (t), wave, pending (frontier) and processed (nodes) sub-problems."
rq2/climb/tinyimagenet_2024/traces/climb_trace/TinyImageNet_resnet_medium_prop_idx_9443_sidx_9318_eps_0.0039/off_k256/raw.jsonl,rq2,climb,tinyimagenet_2024,"CLIMB disabled, FSB, B=256, budget 100 s; query TinyImageNet_resnet_medium_prop_idx_9443_sidx_9318_eps_0.0039",Figure 7 (fig:exp-trace); RQ2 text (run provenance),1,ca0098997fe9e1984e1d3b437d40f673898ab9e8e9e44e03a2aec2f6ce996647,fse2026/climb_trace/TinyImageNet_resnet_medium_prop_idx_9443_sidx_9318_eps_0.0039/off_k256/raw.jsonl,yes,"Runner record of the run: status, budget, processed and pending sub-problems, metadata. The generator checks the trace's final row against it. Absolute paths rewritten as relative paths."
rq2/climb/tinyimagenet_2024/traces/climb_trace/TinyImageNet_resnet_medium_prop_idx_9443_sidx_9318_eps_0.0039/off_k256/run.log,rq2,climb,tinyimagenet_2024,"CLIMB disabled, FSB, B=256, budget 100 s; query TinyImageNet_resnet_medium_prop_idx_9443_sidx_9318_eps_0.0039",Figure 7 (fig:exp-trace) (run log),0,d287a2070ff47b083ff4fd1d2ae03ff0de2eaca13874fb9401fb9e08633260e4,scratch/logs/fse2026/climb_trace/TinyImageNet_resnet_medium_prop_idx_9443_sidx_9318_eps_0.0039/off_k256/e1_cb762b2c53fa75c151c9.log,yes,Verifier log of the run; its CLIMB_TRACE lines are the per-wave trace (trace_<variant>.csv). Absolute paths rewritten as relative paths.
rq2/climb/tinyimagenet_2024/traces/climb_trace/TinyImageNet_resnet_medium_prop_idx_9443_sidx_9318_eps_0.0039/on_k256/raw.jsonl,rq2,climb,tinyimagenet_2024,"CLIMB enabled, FSB, B=256, budget 100 s; query TinyImageNet_resnet_medium_prop_idx_9443_sidx_9318_eps_0.0039",Figure 7 (fig:exp-trace); RQ2 text (run provenance),1,760cd7653613ff6e568d0b338d575d4fb4b056d1c16b21db6556d20f39cb7e67,fse2026/climb_trace/TinyImageNet_resnet_medium_prop_idx_9443_sidx_9318_eps_0.0039/on_k256/raw.jsonl,yes,"Runner record of the run: status, budget, processed and pending sub-problems, metadata. The generator checks the trace's final row against it. Absolute paths rewritten as relative paths."
rq2/climb/tinyimagenet_2024/traces/climb_trace/TinyImageNet_resnet_medium_prop_idx_9443_sidx_9318_eps_0.0039/on_k256/run.log,rq2,climb,tinyimagenet_2024,"CLIMB enabled, FSB, B=256, budget 100 s; query TinyImageNet_resnet_medium_prop_idx_9443_sidx_9318_eps_0.0039",Figure 7 (fig:exp-trace) (run log),0,631425bcbb7cf234753f33eea176ccc87a037a31e18ec5641837a5888b1f9b9f,scratch/logs/fse2026/climb_trace/TinyImageNet_resnet_medium_prop_idx_9443_sidx_9318_eps_0.0039/on_k256/e1_3690a9498a41a40a9ae2.log,yes,Verifier log of the run; its CLIMB_TRACE lines are the per-wave trace (trace_<variant>.csv). Absolute paths rewritten as relative paths.
rq2/climb/tinyimagenet_2024/traces/climb_trace/TinyImageNet_resnet_medium_prop_idx_9443_sidx_9318_eps_0.0039/trace_off_k256.csv,rq2,climb,tinyimagenet_2024,"CLIMB disabled, FSB, B=256, budget 100 s; query TinyImageNet_resnet_medium_prop_idx_9443_sidx_9318_eps_0.0039",Figure 7 (fig:exp-trace); RQ2 text,14,0fa68b859b5a1a35c95572954357005976922a5cf72e8a5a4a359b11d3ffad05,fse2026/climb_trace/TinyImageNet_resnet_medium_prop_idx_9443_sidx_9318_eps_0.0039/trace_off_k256.csv,yes,"Per-wave trace: time since BaB entry (t), wave, pending (frontier) and processed (nodes) sub-problems."
rq2/climb/tinyimagenet_2024/traces/climb_trace/TinyImageNet_resnet_medium_prop_idx_9443_sidx_9318_eps_0.0039/trace_on_k256.csv,rq2,climb,tinyimagenet_2024,"CLIMB enabled, FSB, B=256, budget 100 s; query TinyImageNet_resnet_medium_prop_idx_9443_sidx_9318_eps_0.0039",Figure 7 (fig:exp-trace); RQ2 text,10,c5c0af66dddc3dd99135079cc71a988e6f5dbf6bbbbe8547eeadaccdc6ee1e14,fse2026/climb_trace/TinyImageNet_resnet_medium_prop_idx_9443_sidx_9318_eps_0.0039/trace_on_k256.csv,yes,"Per-wave trace: time since BaB entry (t), wave, pending (frontier) and processed (nodes) sub-problems."
rq2/climb/tinyimagenet_2024/traces/climb_trace/TinyImageNet_resnet_medium_prop_idx_9542_sidx_2775_eps_0.0039/off_k256/raw.jsonl,rq2,climb,tinyimagenet_2024,"CLIMB disabled, FSB, B=256, budget 100 s; query TinyImageNet_resnet_medium_prop_idx_9542_sidx_2775_eps_0.0039",Figure 7 (fig:exp-trace); RQ2 text (run provenance),1,cc400a942f7f39c47734183d3c41a294b0a44d390114c89588e66c8ee2af657f,fse2026/climb_trace/TinyImageNet_resnet_medium_prop_idx_9542_sidx_2775_eps_0.0039/off_k256/raw.jsonl,yes,"Runner record of the run: status, budget, processed and pending sub-problems, metadata. The generator checks the trace's final row against it. Absolute paths rewritten as relative paths."
rq2/climb/tinyimagenet_2024/traces/climb_trace/TinyImageNet_resnet_medium_prop_idx_9542_sidx_2775_eps_0.0039/off_k256/run.log,rq2,climb,tinyimagenet_2024,"CLIMB disabled, FSB, B=256, budget 100 s; query TinyImageNet_resnet_medium_prop_idx_9542_sidx_2775_eps_0.0039",Figure 7 (fig:exp-trace) (run log),0,a80e82be2799c7bce151aeb27a47ae4aacd625db6d2945cd99a42da0755d4f5b,scratch/logs/fse2026/climb_trace/TinyImageNet_resnet_medium_prop_idx_9542_sidx_2775_eps_0.0039/off_k256/e1_ebe83de6e393a0e381ce.log,yes,Verifier log of the run; its CLIMB_TRACE lines are the per-wave trace (trace_<variant>.csv). Absolute paths rewritten as relative paths.
rq2/climb/tinyimagenet_2024/traces/climb_trace/TinyImageNet_resnet_medium_prop_idx_9542_sidx_2775_eps_0.0039/on_k256/raw.jsonl,rq2,climb,tinyimagenet_2024,"CLIMB enabled, FSB, B=256, budget 100 s; query TinyImageNet_resnet_medium_prop_idx_9542_sidx_2775_eps_0.0039",Figure 7 (fig:exp-trace); RQ2 text (run provenance),1,f1d0a607a527c587f9ab111b3f6803b0a7a9b89231681c53c6b8d6169513a0a1,fse2026/climb_trace/TinyImageNet_resnet_medium_prop_idx_9542_sidx_2775_eps_0.0039/on_k256/raw.jsonl,yes,"Runner record of the run: status, budget, processed and pending sub-problems, metadata. The generator checks the trace's final row against it. Absolute paths rewritten as relative paths."
rq2/climb/tinyimagenet_2024/traces/climb_trace/TinyImageNet_resnet_medium_prop_idx_9542_sidx_2775_eps_0.0039/on_k256/run.log,rq2,climb,tinyimagenet_2024,"CLIMB enabled, FSB, B=256, budget 100 s; query TinyImageNet_resnet_medium_prop_idx_9542_sidx_2775_eps_0.0039",Figure 7 (fig:exp-trace) (run log),0,0d6b56ce477508413574c155f4f50f252d25139dc6af324691b0fc631d7eb5eb,scratch/logs/fse2026/climb_trace/TinyImageNet_resnet_medium_prop_idx_9542_sidx_2775_eps_0.0039/on_k256/e1_ade4a2260a0f81230434.log,yes,Verifier log of the run; its CLIMB_TRACE lines are the per-wave trace (trace_<variant>.csv). Absolute paths rewritten as relative paths.
rq2/climb/tinyimagenet_2024/traces/climb_trace/TinyImageNet_resnet_medium_prop_idx_9542_sidx_2775_eps_0.0039/trace_off_k256.csv,rq2,climb,tinyimagenet_2024,"CLIMB disabled, FSB, B=256, budget 100 s; query TinyImageNet_resnet_medium_prop_idx_9542_sidx_2775_eps_0.0039",Figure 7 (fig:exp-trace); RQ2 text,20,74814e4c2ce3a546dd3197c6d6c63b7ec4a8addcad7149ddc43362610646ede6,fse2026/climb_trace/TinyImageNet_resnet_medium_prop_idx_9542_sidx_2775_eps_0.0039/trace_off_k256.csv,yes,"Per-wave trace: time since BaB entry (t), wave, pending (frontier) and processed (nodes) sub-problems."
rq2/climb/tinyimagenet_2024/traces/climb_trace/TinyImageNet_resnet_medium_prop_idx_9542_sidx_2775_eps_0.0039/trace_on_k256.csv,rq2,climb,tinyimagenet_2024,"CLIMB enabled, FSB, B=256, budget 100 s; query TinyImageNet_resnet_medium_prop_idx_9542_sidx_2775_eps_0.0039",Figure 7 (fig:exp-trace); RQ2 text,16,7889f31e2a31398afcc041399821473fd125c7d25883030772084948e174fb41,fse2026/climb_trace/TinyImageNet_resnet_medium_prop_idx_9542_sidx_2775_eps_0.0039/trace_on_k256.csv,yes,"Per-wave trace: time since BaB entry (t), wave, pending (frontier) and processed (nodes) sub-problems."
rq2/climb/tinyimagenet_2024/traces/climb_trace/TinyImageNet_resnet_medium_prop_idx_9586_sidx_1970_eps_0.0039/off_k256/raw.jsonl,rq2,climb,tinyimagenet_2024,"CLIMB disabled, FSB, B=256, budget 100 s; query TinyImageNet_resnet_medium_prop_idx_9586_sidx_1970_eps_0.0039",Figure 7 (fig:exp-trace); RQ2 text (run provenance),1,9ea80618759f5cbd131bb1bcb8ca34bc631a402b3ad34b7e1c490462eedb94c8,fse2026/climb_trace/TinyImageNet_resnet_medium_prop_idx_9586_sidx_1970_eps_0.0039/off_k256/raw.jsonl,yes,"Runner record of the run: status, budget, processed and pending sub-problems, metadata. The generator checks the trace's final row against it. Absolute paths rewritten as relative paths."
rq2/climb/tinyimagenet_2024/traces/climb_trace/TinyImageNet_resnet_medium_prop_idx_9586_sidx_1970_eps_0.0039/off_k256/run.log,rq2,climb,tinyimagenet_2024,"CLIMB disabled, FSB, B=256, budget 100 s; query TinyImageNet_resnet_medium_prop_idx_9586_sidx_1970_eps_0.0039",Figure 7 (fig:exp-trace) (run log),0,24322e592c4382aa477b61aea38a5059dcc89fab2435a3d3f09be1b8cb4b9f1e,scratch/logs/fse2026/climb_trace/TinyImageNet_resnet_medium_prop_idx_9586_sidx_1970_eps_0.0039/off_k256/e1_e1d1ef03b8318863dff3.log,yes,Verifier log of the run; its CLIMB_TRACE lines are the per-wave trace (trace_<variant>.csv). Absolute paths rewritten as relative paths.
rq2/climb/tinyimagenet_2024/traces/climb_trace/TinyImageNet_resnet_medium_prop_idx_9586_sidx_1970_eps_0.0039/on_k256/raw.jsonl,rq2,climb,tinyimagenet_2024,"CLIMB enabled, FSB, B=256, budget 100 s; query TinyImageNet_resnet_medium_prop_idx_9586_sidx_1970_eps_0.0039",Figure 7 (fig:exp-trace); RQ2 text (run provenance),1,0c72514f83785483c89ef6252bc744b0f57012cd55bf35c3c4b4d381af4aa1f2,fse2026/climb_trace/TinyImageNet_resnet_medium_prop_idx_9586_sidx_1970_eps_0.0039/on_k256/raw.jsonl,yes,"Runner record of the run: status, budget, processed and pending sub-problems, metadata. The generator checks the trace's final row against it. Absolute paths rewritten as relative paths."
rq2/climb/tinyimagenet_2024/traces/climb_trace/TinyImageNet_resnet_medium_prop_idx_9586_sidx_1970_eps_0.0039/on_k256/run.log,rq2,climb,tinyimagenet_2024,"CLIMB enabled, FSB, B=256, budget 100 s; query TinyImageNet_resnet_medium_prop_idx_9586_sidx_1970_eps_0.0039",Figure 7 (fig:exp-trace) (run log),0,57c126d104d925605ec6a6ae19673b43abe32605284828b1a976d2940b33bd02,scratch/logs/fse2026/climb_trace/TinyImageNet_resnet_medium_prop_idx_9586_sidx_1970_eps_0.0039/on_k256/e1_ae5a905abd749775fe8b.log,yes,Verifier log of the run; its CLIMB_TRACE lines are the per-wave trace (trace_<variant>.csv). Absolute paths rewritten as relative paths.
rq2/climb/tinyimagenet_2024/traces/climb_trace/TinyImageNet_resnet_medium_prop_idx_9586_sidx_1970_eps_0.0039/trace_off_k256.csv,rq2,climb,tinyimagenet_2024,"CLIMB disabled, FSB, B=256, budget 100 s; query TinyImageNet_resnet_medium_prop_idx_9586_sidx_1970_eps_0.0039",Figure 7 (fig:exp-trace); RQ2 text,14,a3939569f26220b765f5ea58b83a47f50965d7a629d65dd13fea195a7d97759e,fse2026/climb_trace/TinyImageNet_resnet_medium_prop_idx_9586_sidx_1970_eps_0.0039/trace_off_k256.csv,yes,"Per-wave trace: time since BaB entry (t), wave, pending (frontier) and processed (nodes) sub-problems."
rq2/climb/tinyimagenet_2024/traces/climb_trace/TinyImageNet_resnet_medium_prop_idx_9586_sidx_1970_eps_0.0039/trace_on_k256.csv,rq2,climb,tinyimagenet_2024,"CLIMB enabled, FSB, B=256, budget 100 s; query TinyImageNet_resnet_medium_prop_idx_9586_sidx_1970_eps_0.0039",Figure 7 (fig:exp-trace); RQ2 text,10,ec38ef8120647f76652490f16b5109c8370d524f5b3f9991b71574a7ca7ee893,fse2026/climb_trace/TinyImageNet_resnet_medium_prop_idx_9586_sidx_1970_eps_0.0039/trace_on_k256.csv,yes,"Per-wave trace: time since BaB entry (t), wave, pending (frontier) and processed (nodes) sub-problems."
rq2/climb/tinyimagenet_2024/traces/climb_trace/TinyImageNet_resnet_medium_prop_idx_9634_sidx_2838_eps_0.0039/off_k256/raw.jsonl,rq2,climb,tinyimagenet_2024,"CLIMB disabled, FSB, B=256, budget 100 s; query TinyImageNet_resnet_medium_prop_idx_9634_sidx_2838_eps_0.0039",Figure 7 (fig:exp-trace); RQ2 text (run provenance),1,e97a3806fc464131e982e2a315604174b828adb9fbf70dda1c6a3052dcf793f2,fse2026/climb_trace/TinyImageNet_resnet_medium_prop_idx_9634_sidx_2838_eps_0.0039/off_k256/raw.jsonl,yes,"Runner record of the run: status, budget, processed and pending sub-problems, metadata. The generator checks the trace's final row against it. Absolute paths rewritten as relative paths."
rq2/climb/tinyimagenet_2024/traces/climb_trace/TinyImageNet_resnet_medium_prop_idx_9634_sidx_2838_eps_0.0039/off_k256/run.log,rq2,climb,tinyimagenet_2024,"CLIMB disabled, FSB, B=256, budget 100 s; query TinyImageNet_resnet_medium_prop_idx_9634_sidx_2838_eps_0.0039",Figure 7 (fig:exp-trace) (run log),0,17292ad3bdfde9fb7db4dec13da9635637a00363d32f383402d48bfdbb325833,scratch/logs/fse2026/climb_trace/TinyImageNet_resnet_medium_prop_idx_9634_sidx_2838_eps_0.0039/off_k256/e1_a81a17dd4e972c2e4a25.log,yes,Verifier log of the run; its CLIMB_TRACE lines are the per-wave trace (trace_<variant>.csv). Absolute paths rewritten as relative paths.
rq2/climb/tinyimagenet_2024/traces/climb_trace/TinyImageNet_resnet_medium_prop_idx_9634_sidx_2838_eps_0.0039/on_k256/raw.jsonl,rq2,climb,tinyimagenet_2024,"CLIMB enabled, FSB, B=256, budget 100 s; query TinyImageNet_resnet_medium_prop_idx_9634_sidx_2838_eps_0.0039",Figure 7 (fig:exp-trace); RQ2 text (run provenance),1,740f360f353a46946dba3d40979383397fb18273d67bb9c8e8d4bd75e7509dfb,fse2026/climb_trace/TinyImageNet_resnet_medium_prop_idx_9634_sidx_2838_eps_0.0039/on_k256/raw.jsonl,yes,"Runner record of the run: status, budget, processed and pending sub-problems, metadata. The generator checks the trace's final row against it. Absolute paths rewritten as relative paths."
rq2/climb/tinyimagenet_2024/traces/climb_trace/TinyImageNet_resnet_medium_prop_idx_9634_sidx_2838_eps_0.0039/on_k256/run.log,rq2,climb,tinyimagenet_2024,"CLIMB enabled, FSB, B=256, budget 100 s; query TinyImageNet_resnet_medium_prop_idx_9634_sidx_2838_eps_0.0039",Figure 7 (fig:exp-trace) (run log),0,ea014eef181bca1e9f2d8522b36d6248cd2acf4405a2b4fdf5e9c099d7769006,scratch/logs/fse2026/climb_trace/TinyImageNet_resnet_medium_prop_idx_9634_sidx_2838_eps_0.0039/on_k256/e1_31623ba053c55e2053fa.log,yes,Verifier log of the run; its CLIMB_TRACE lines are the per-wave trace (trace_<variant>.csv). Absolute paths rewritten as relative paths.
rq2/climb/tinyimagenet_2024/traces/climb_trace/TinyImageNet_resnet_medium_prop_idx_9634_sidx_2838_eps_0.0039/trace_off_k256.csv,rq2,climb,tinyimagenet_2024,"CLIMB disabled, FSB, B=256, budget 100 s; query TinyImageNet_resnet_medium_prop_idx_9634_sidx_2838_eps_0.0039",Figure 7 (fig:exp-trace); RQ2 text,5,0d6c9ed38c97ff855aa665c3e145768c0926df388d858ddb142ddbeb34858ef4,fse2026/climb_trace/TinyImageNet_resnet_medium_prop_idx_9634_sidx_2838_eps_0.0039/trace_off_k256.csv,yes,"Per-wave trace: time since BaB entry (t), wave, pending (frontier) and processed (nodes) sub-problems."
rq2/climb/tinyimagenet_2024/traces/climb_trace/TinyImageNet_resnet_medium_prop_idx_9634_sidx_2838_eps_0.0039/trace_on_k256.csv,rq2,climb,tinyimagenet_2024,"CLIMB enabled, FSB, B=256, budget 100 s; query TinyImageNet_resnet_medium_prop_idx_9634_sidx_2838_eps_0.0039",Figure 7 (fig:exp-trace); RQ2 text,4,029d8cfc7e0b2eb933f72f843e3bb11f5cafd59a4477bbef17825baca7daa478,fse2026/climb_trace/TinyImageNet_resnet_medium_prop_idx_9634_sidx_2838_eps_0.0039/trace_on_k256.csv,yes,"Per-wave trace: time since BaB entry (t), wave, pending (frontier) and processed (nodes) sub-problems."
rq2/climb/tinyimagenet_2024/traces/climb_trace_t300/TinyImageNet_resnet_medium_prop_idx_1134_sidx_5880_eps_0.0039/off_k256/raw.jsonl,rq2,climb,tinyimagenet_2024,"CLIMB disabled, FSB, B=256, budget 300 s; query TinyImageNet_resnet_medium_prop_idx_1134_sidx_5880_eps_0.0039",Figure 7 (fig:exp-trace); RQ2 text (run provenance),1,f71c0408cabd8658b2201458b71c115be27fecc6732704781ea6707d8c4e140f,fse2026/climb_trace_t300/TinyImageNet_resnet_medium_prop_idx_1134_sidx_5880_eps_0.0039/off_k256/raw.jsonl,yes,"Runner record of the run: status, budget, processed and pending sub-problems, metadata. The generator checks the trace's final row against it. Absolute paths rewritten as relative paths."
rq2/climb/tinyimagenet_2024/traces/climb_trace_t300/TinyImageNet_resnet_medium_prop_idx_1134_sidx_5880_eps_0.0039/off_k256/run.log,rq2,climb,tinyimagenet_2024,"CLIMB disabled, FSB, B=256, budget 300 s; query TinyImageNet_resnet_medium_prop_idx_1134_sidx_5880_eps_0.0039",Figure 7 (fig:exp-trace) (run log),0,6cd885e8f0033aabd1321b98d48449c36f04b160ff73e7f5d6b38cff8e615778,scratch/logs/fse2026/climb_trace_t300/TinyImageNet_resnet_medium_prop_idx_1134_sidx_5880_eps_0.0039/off_k256/e1_50c650ef3d9ed65648bb.log,yes,Verifier log of the run; its CLIMB_TRACE lines are the per-wave trace (trace_<variant>.csv). Absolute paths rewritten as relative paths.
rq2/climb/tinyimagenet_2024/traces/climb_trace_t300/TinyImageNet_resnet_medium_prop_idx_1134_sidx_5880_eps_0.0039/on_k256/raw.jsonl,rq2,climb,tinyimagenet_2024,"CLIMB enabled, FSB, B=256, budget 100 s; query TinyImageNet_resnet_medium_prop_idx_1134_sidx_5880_eps_0.0039",Figure 7 (fig:exp-trace); RQ2 text (run provenance),1,5896ad38fa18b8d32c10f44a9e0cb2d7b771daa42851a03f837c775e6da7d9ed,fse2026/climb_trace_t300/TinyImageNet_resnet_medium_prop_idx_1134_sidx_5880_eps_0.0039/on_k256/raw.jsonl,yes,"Runner record of the run: status, budget, processed and pending sub-problems, metadata. The generator checks the trace's final row against it. Absolute paths rewritten as relative paths."
rq2/climb/tinyimagenet_2024/traces/climb_trace_t300/TinyImageNet_resnet_medium_prop_idx_1134_sidx_5880_eps_0.0039/on_k256/run.log,rq2,climb,tinyimagenet_2024,"CLIMB enabled, FSB, B=256, budget 100 s; query TinyImageNet_resnet_medium_prop_idx_1134_sidx_5880_eps_0.0039",Figure 7 (fig:exp-trace) (run log),0,d340ccc226207c593296798d3bb76f97edc2cd77ed2fca275daa4fa13c49cd7f,scratch/logs/fse2026/climb_trace_t300/TinyImageNet_resnet_medium_prop_idx_1134_sidx_5880_eps_0.0039/on_k256/e1_1150635d2e97c55b4aac.log,yes,Verifier log of the run; its CLIMB_TRACE lines are the per-wave trace (trace_<variant>.csv). Absolute paths rewritten as relative paths.
rq2/climb/tinyimagenet_2024/traces/climb_trace_t300/TinyImageNet_resnet_medium_prop_idx_1134_sidx_5880_eps_0.0039/trace_off_k256.csv,rq2,climb,tinyimagenet_2024,"CLIMB disabled, FSB, B=256, budget 300 s; query TinyImageNet_resnet_medium_prop_idx_1134_sidx_5880_eps_0.0039",Figure 7 (fig:exp-trace); RQ2 text,139,f7b3d250b3eed47e37611d20ef80b8240365f5ad8b29ca500918f05d107da021,fse2026/climb_trace_t300/TinyImageNet_resnet_medium_prop_idx_1134_sidx_5880_eps_0.0039/trace_off_k256.csv,yes,"Per-wave trace: time since BaB entry (t), wave, pending (frontier) and processed (nodes) sub-problems."
rq2/climb/tinyimagenet_2024/traces/climb_trace_t300/TinyImageNet_resnet_medium_prop_idx_1134_sidx_5880_eps_0.0039/trace_on_k256.csv,rq2,climb,tinyimagenet_2024,"CLIMB enabled, FSB, B=256, budget 100 s; query TinyImageNet_resnet_medium_prop_idx_1134_sidx_5880_eps_0.0039",Figure 7 (fig:exp-trace); RQ2 text,30,9607d977fc04ce31b6d350cfd67029ebea9e188fdfe3c833bb652b9bdc87e7bb,fse2026/climb_trace_t300/TinyImageNet_resnet_medium_prop_idx_1134_sidx_5880_eps_0.0039/trace_on_k256.csv,yes,"Per-wave trace: time since BaB entry (t), wave, pending (frontier) and processed (nodes) sub-problems."
rq2/climb/tinyimagenet_2024/traces/climb_trace_t300/TinyImageNet_resnet_medium_prop_idx_1247_sidx_5409_eps_0.0039/off_k256/raw.jsonl,rq2,climb,tinyimagenet_2024,"CLIMB disabled, FSB, B=256, budget 300 s; query TinyImageNet_resnet_medium_prop_idx_1247_sidx_5409_eps_0.0039",Figure 7 (fig:exp-trace); RQ2 text (run provenance),1,04269782cbf4c184164e9c8bc6f13045e290e013f58433e5dcb1c5750e9e10eb,fse2026/climb_trace_t300/TinyImageNet_resnet_medium_prop_idx_1247_sidx_5409_eps_0.0039/off_k256/raw.jsonl,yes,"Runner record of the run: status, budget, processed and pending sub-problems, metadata. The generator checks the trace's final row against it. Absolute paths rewritten as relative paths."
rq2/climb/tinyimagenet_2024/traces/climb_trace_t300/TinyImageNet_resnet_medium_prop_idx_1247_sidx_5409_eps_0.0039/off_k256/run.log,rq2,climb,tinyimagenet_2024,"CLIMB disabled, FSB, B=256, budget 300 s; query TinyImageNet_resnet_medium_prop_idx_1247_sidx_5409_eps_0.0039",Figure 7 (fig:exp-trace) (run log),0,1d6670e0ea071d11038ca0fe8c72dc195461f2db9dbb36247e61b2bf9e5d49d4,scratch/logs/fse2026/climb_trace_t300/TinyImageNet_resnet_medium_prop_idx_1247_sidx_5409_eps_0.0039/off_k256/e1_b8b2846cae8a6d8c6745.log,yes,Verifier log of the run; its CLIMB_TRACE lines are the per-wave trace (trace_<variant>.csv). Absolute paths rewritten as relative paths.
rq2/climb/tinyimagenet_2024/traces/climb_trace_t300/TinyImageNet_resnet_medium_prop_idx_1247_sidx_5409_eps_0.0039/on_k256/raw.jsonl,rq2,climb,tinyimagenet_2024,"CLIMB enabled, FSB, B=256, budget 100 s; query TinyImageNet_resnet_medium_prop_idx_1247_sidx_5409_eps_0.0039",Figure 7 (fig:exp-trace); RQ2 text (run provenance),1,fb057af95b9009749fb33cd2e7906cbbbb911839a706a918f7386249b0390509,fse2026/climb_trace_t300/TinyImageNet_resnet_medium_prop_idx_1247_sidx_5409_eps_0.0039/on_k256/raw.jsonl,yes,"Runner record of the run: status, budget, processed and pending sub-problems, metadata. The generator checks the trace's final row against it. Absolute paths rewritten as relative paths."
rq2/climb/tinyimagenet_2024/traces/climb_trace_t300/TinyImageNet_resnet_medium_prop_idx_1247_sidx_5409_eps_0.0039/on_k256/run.log,rq2,climb,tinyimagenet_2024,"CLIMB enabled, FSB, B=256, budget 100 s; query TinyImageNet_resnet_medium_prop_idx_1247_sidx_5409_eps_0.0039",Figure 7 (fig:exp-trace) (run log),0,ae58b9d84a2166a2273c98ff5597553770441439bc7de0d5dfdcb0d181467962,scratch/logs/fse2026/climb_trace_t300/TinyImageNet_resnet_medium_prop_idx_1247_sidx_5409_eps_0.0039/on_k256/e1_38643f22380843f05701.log,yes,Verifier log of the run; its CLIMB_TRACE lines are the per-wave trace (trace_<variant>.csv). Absolute paths rewritten as relative paths.
rq2/climb/tinyimagenet_2024/traces/climb_trace_t300/TinyImageNet_resnet_medium_prop_idx_1247_sidx_5409_eps_0.0039/trace_on_k256.csv,rq2,climb,tinyimagenet_2024,"CLIMB enabled, FSB, B=256, budget 100 s; query TinyImageNet_resnet_medium_prop_idx_1247_sidx_5409_eps_0.0039","RQ2 text (checked, not drawn: the disabled run is unsolved)",108,8e37d8b045e81451747400d80c40d40fd9ff1f8503cae94b02cb7311fbef226e,fse2026/climb_trace_t300/TinyImageNet_resnet_medium_prop_idx_1247_sidx_5409_eps_0.0039/trace_on_k256.csv,yes,"Per-wave trace: time since BaB entry (t), wave, pending (frontier) and processed (nodes) sub-problems."
rq2/climb/tinyimagenet_2024/traces/climb_trace_t300/TinyImageNet_resnet_medium_prop_idx_1417_sidx_8632_eps_0.0039/off_k256/raw.jsonl,rq2,climb,tinyimagenet_2024,"CLIMB disabled, FSB, B=256, budget 300 s; query TinyImageNet_resnet_medium_prop_idx_1417_sidx_8632_eps_0.0039",Figure 7 (fig:exp-trace); RQ2 text (run provenance),1,f5c41b85c3c55edf4ae357fd771635a6e8399483e11a33f5507cb989ec3eb8ca,fse2026/climb_trace_t300/TinyImageNet_resnet_medium_prop_idx_1417_sidx_8632_eps_0.0039/off_k256/raw.jsonl,yes,"Runner record of the run: status, budget, processed and pending sub-problems, metadata. The generator checks the trace's final row against it. Absolute paths rewritten as relative paths."
rq2/climb/tinyimagenet_2024/traces/climb_trace_t300/TinyImageNet_resnet_medium_prop_idx_1417_sidx_8632_eps_0.0039/off_k256/run.log,rq2,climb,tinyimagenet_2024,"CLIMB disabled, FSB, B=256, budget 300 s; query TinyImageNet_resnet_medium_prop_idx_1417_sidx_8632_eps_0.0039",Figure 7 (fig:exp-trace) (run log),0,9a5371b0467750bee349906a5ad9d0799eb057e939502cbf6d375cb8d028dc1b,scratch/logs/fse2026/climb_trace_t300/TinyImageNet_resnet_medium_prop_idx_1417_sidx_8632_eps_0.0039/off_k256/e1_c03d043ab7c827723642.log,yes,Verifier log of the run; its CLIMB_TRACE lines are the per-wave trace (trace_<variant>.csv). Absolute paths rewritten as relative paths.
rq2/climb/tinyimagenet_2024/traces/climb_trace_t300/TinyImageNet_resnet_medium_prop_idx_1417_sidx_8632_eps_0.0039/on_k256/raw.jsonl,rq2,climb,tinyimagenet_2024,"CLIMB enabled, FSB, B=256, budget 100 s; query TinyImageNet_resnet_medium_prop_idx_1417_sidx_8632_eps_0.0039",Figure 7 (fig:exp-trace); RQ2 text (run provenance),1,651bf7a9a5e1a8b40e560baf183ebbd08b24af83fa09fdd935b5107f2ea7aa49,fse2026/climb_trace_t300/TinyImageNet_resnet_medium_prop_idx_1417_sidx_8632_eps_0.0039/on_k256/raw.jsonl,yes,"Runner record of the run: status, budget, processed and pending sub-problems, metadata. The generator checks the trace's final row against it. Absolute paths rewritten as relative paths."
rq2/climb/tinyimagenet_2024/traces/climb_trace_t300/TinyImageNet_resnet_medium_prop_idx_1417_sidx_8632_eps_0.0039/on_k256/run.log,rq2,climb,tinyimagenet_2024,"CLIMB enabled, FSB, B=256, budget 100 s; query TinyImageNet_resnet_medium_prop_idx_1417_sidx_8632_eps_0.0039",Figure 7 (fig:exp-trace) (run log),0,a678c79b2c64dd1965b15b190c7d6e8edea30deb6047ac8e6957b42d26b7b778,scratch/logs/fse2026/climb_trace_t300/TinyImageNet_resnet_medium_prop_idx_1417_sidx_8632_eps_0.0039/on_k256/e1_c2861b848aae547b8967.log,yes,Verifier log of the run; its CLIMB_TRACE lines are the per-wave trace (trace_<variant>.csv). Absolute paths rewritten as relative paths.
rq2/climb/tinyimagenet_2024/traces/climb_trace_t300/TinyImageNet_resnet_medium_prop_idx_1417_sidx_8632_eps_0.0039/trace_on_k256.csv,rq2,climb,tinyimagenet_2024,"CLIMB enabled, FSB, B=256, budget 100 s; query TinyImageNet_resnet_medium_prop_idx_1417_sidx_8632_eps_0.0039","RQ2 text (checked, not drawn: the disabled run is unsolved)",64,3d5abfdb8484dd6d967692b3ae4b358db00ac1b8d3697ff6e708224e5a585aec,fse2026/climb_trace_t300/TinyImageNet_resnet_medium_prop_idx_1417_sidx_8632_eps_0.0039/trace_on_k256.csv,yes,"Per-wave trace: time since BaB entry (t), wave, pending (frontier) and processed (nodes) sub-problems."
rq2/climb/tinyimagenet_2024/traces/climb_trace_t300/TinyImageNet_resnet_medium_prop_idx_1731_sidx_6691_eps_0.0039/off_k256/raw.jsonl,rq2,climb,tinyimagenet_2024,"CLIMB disabled, FSB, B=256, budget 300 s; query TinyImageNet_resnet_medium_prop_idx_1731_sidx_6691_eps_0.0039",Figure 7 (fig:exp-trace); RQ2 text (run provenance),1,f31bcf0e27354707fb977d1b4d5ac99825391e647e08d788a2d82ae5c2d6a678,fse2026/climb_trace_t300/TinyImageNet_resnet_medium_prop_idx_1731_sidx_6691_eps_0.0039/off_k256/raw.jsonl,yes,"Runner record of the run: status, budget, processed and pending sub-problems, metadata. The generator checks the trace's final row against it. Absolute paths rewritten as relative paths."
rq2/climb/tinyimagenet_2024/traces/climb_trace_t300/TinyImageNet_resnet_medium_prop_idx_1731_sidx_6691_eps_0.0039/off_k256/run.log,rq2,climb,tinyimagenet_2024,"CLIMB disabled, FSB, B=256, budget 300 s; query TinyImageNet_resnet_medium_prop_idx_1731_sidx_6691_eps_0.0039",Figure 7 (fig:exp-trace) (run log),0,3e0498f3b279ded94f96ab4a9daa72fb3da6a8f8e17339cf6d98cfa19b0b1691,scratch/logs/fse2026/climb_trace_t300/TinyImageNet_resnet_medium_prop_idx_1731_sidx_6691_eps_0.0039/off_k256/e1_3c14207ed22ed35287b1.log,yes,Verifier log of the run; its CLIMB_TRACE lines are the per-wave trace (trace_<variant>.csv). Absolute paths rewritten as relative paths.
rq2/climb/tinyimagenet_2024/traces/climb_trace_t300/TinyImageNet_resnet_medium_prop_idx_1731_sidx_6691_eps_0.0039/on_k256/raw.jsonl,rq2,climb,tinyimagenet_2024,"CLIMB enabled, FSB, B=256, budget 100 s; query TinyImageNet_resnet_medium_prop_idx_1731_sidx_6691_eps_0.0039",Figure 7 (fig:exp-trace); RQ2 text (run provenance),1,c5b8e6e7d5f3bdb63b3612726753794edd83e3f332b0bac26f6aac96d4cbf2fb,fse2026/climb_trace_t300/TinyImageNet_resnet_medium_prop_idx_1731_sidx_6691_eps_0.0039/on_k256/raw.jsonl,yes,"Runner record of the run: status, budget, processed and pending sub-problems, metadata. The generator checks the trace's final row against it. Absolute paths rewritten as relative paths."
rq2/climb/tinyimagenet_2024/traces/climb_trace_t300/TinyImageNet_resnet_medium_prop_idx_1731_sidx_6691_eps_0.0039/on_k256/run.log,rq2,climb,tinyimagenet_2024,"CLIMB enabled, FSB, B=256, budget 100 s; query TinyImageNet_resnet_medium_prop_idx_1731_sidx_6691_eps_0.0039",Figure 7 (fig:exp-trace) (run log),0,113cca48cd28d488cc8e10f0c4296eb1cfabaa3a1160de21505b925c12614a60,scratch/logs/fse2026/climb_trace_t300/TinyImageNet_resnet_medium_prop_idx_1731_sidx_6691_eps_0.0039/on_k256/e1_9a8cd40c1a293968ebc5.log,yes,Verifier log of the run; its CLIMB_TRACE lines are the per-wave trace (trace_<variant>.csv). Absolute paths rewritten as relative paths.
rq2/climb/tinyimagenet_2024/traces/climb_trace_t300/TinyImageNet_resnet_medium_prop_idx_1731_sidx_6691_eps_0.0039/trace_off_k256.csv,rq2,climb,tinyimagenet_2024,"CLIMB disabled, FSB, B=256, budget 300 s; query TinyImageNet_resnet_medium_prop_idx_1731_sidx_6691_eps_0.0039",Figure 7 (fig:exp-trace); RQ2 text,192,2980cb8aee6407b8796969b5c6b54bc1b17f6f6211d35c78a168705128303c9c,fse2026/climb_trace_t300/TinyImageNet_resnet_medium_prop_idx_1731_sidx_6691_eps_0.0039/trace_off_k256.csv,yes,"Per-wave trace: time since BaB entry (t), wave, pending (frontier) and processed (nodes) sub-problems."
rq2/climb/tinyimagenet_2024/traces/climb_trace_t300/TinyImageNet_resnet_medium_prop_idx_1731_sidx_6691_eps_0.0039/trace_on_k256.csv,rq2,climb,tinyimagenet_2024,"CLIMB enabled, FSB, B=256, budget 100 s; query TinyImageNet_resnet_medium_prop_idx_1731_sidx_6691_eps_0.0039",Figure 7 (fig:exp-trace); RQ2 text,31,f82478e7658eba0d539f74b98599bad84534a1c2900248470c77363f7c6adf6e,fse2026/climb_trace_t300/TinyImageNet_resnet_medium_prop_idx_1731_sidx_6691_eps_0.0039/trace_on_k256.csv,yes,"Per-wave trace: time since BaB entry (t), wave, pending (frontier) and processed (nodes) sub-problems."
rq2/climb/tinyimagenet_2024/traces/climb_trace_t300/TinyImageNet_resnet_medium_prop_idx_1777_sidx_439_eps_0.0039/off_k256/raw.jsonl,rq2,climb,tinyimagenet_2024,"CLIMB disabled, FSB, B=256, budget 300 s; query TinyImageNet_resnet_medium_prop_idx_1777_sidx_439_eps_0.0039",Figure 7 (fig:exp-trace); RQ2 text (run provenance),1,ddc0048439ffae95954c252d6c6bf922354652c3c278f3bd5dead24dff1381e0,fse2026/climb_trace_t300/TinyImageNet_resnet_medium_prop_idx_1777_sidx_439_eps_0.0039/off_k256/raw.jsonl,yes,"Runner record of the run: status, budget, processed and pending sub-problems, metadata. The generator checks the trace's final row against it. Absolute paths rewritten as relative paths."
rq2/climb/tinyimagenet_2024/traces/climb_trace_t300/TinyImageNet_resnet_medium_prop_idx_1777_sidx_439_eps_0.0039/off_k256/run.log,rq2,climb,tinyimagenet_2024,"CLIMB disabled, FSB, B=256, budget 300 s; query TinyImageNet_resnet_medium_prop_idx_1777_sidx_439_eps_0.0039",Figure 7 (fig:exp-trace) (run log),0,3a52cc70e236e5df42832dc9cb5fcad1823b415e69c9a63bf3bd977e27534e6a,scratch/logs/fse2026/climb_trace_t300/TinyImageNet_resnet_medium_prop_idx_1777_sidx_439_eps_0.0039/off_k256/e1_1402f1fa9e93036d1eeb.log,yes,Verifier log of the run; its CLIMB_TRACE lines are the per-wave trace (trace_<variant>.csv). Absolute paths rewritten as relative paths.
rq2/climb/tinyimagenet_2024/traces/climb_trace_t300/TinyImageNet_resnet_medium_prop_idx_1777_sidx_439_eps_0.0039/on_k256/raw.jsonl,rq2,climb,tinyimagenet_2024,"CLIMB enabled, FSB, B=256, budget 100 s; query TinyImageNet_resnet_medium_prop_idx_1777_sidx_439_eps_0.0039",Figure 7 (fig:exp-trace); RQ2 text (run provenance),1,7752997f6ed8b100542d21feb2ff6aac06ab88e55c16c089fcecf3cfc1d80920,fse2026/climb_trace_t300/TinyImageNet_resnet_medium_prop_idx_1777_sidx_439_eps_0.0039/on_k256/raw.jsonl,yes,"Runner record of the run: status, budget, processed and pending sub-problems, metadata. The generator checks the trace's final row against it. Absolute paths rewritten as relative paths."
rq2/climb/tinyimagenet_2024/traces/climb_trace_t300/TinyImageNet_resnet_medium_prop_idx_1777_sidx_439_eps_0.0039/on_k256/run.log,rq2,climb,tinyimagenet_2024,"CLIMB enabled, FSB, B=256, budget 100 s; query TinyImageNet_resnet_medium_prop_idx_1777_sidx_439_eps_0.0039",Figure 7 (fig:exp-trace) (run log),0,5f961a74dd4725fa319cf9f967abcae2ae45529412c472a9f9929c0918f4e885,scratch/logs/fse2026/climb_trace_t300/TinyImageNet_resnet_medium_prop_idx_1777_sidx_439_eps_0.0039/on_k256/e1_09fc636220ba20359f8c.log,yes,Verifier log of the run; its CLIMB_TRACE lines are the per-wave trace (trace_<variant>.csv). Absolute paths rewritten as relative paths.
rq2/climb/tinyimagenet_2024/traces/climb_trace_t300/TinyImageNet_resnet_medium_prop_idx_1777_sidx_439_eps_0.0039/trace_off_k256.csv,rq2,climb,tinyimagenet_2024,"CLIMB disabled, FSB, B=256, budget 300 s; query TinyImageNet_resnet_medium_prop_idx_1777_sidx_439_eps_0.0039",Figure 7 (fig:exp-trace); RQ2 text,16,54d643f19de473cf7db15680d2d2b532ee4e8717196f699056deec1caaa0ed66,fse2026/climb_trace_t300/TinyImageNet_resnet_medium_prop_idx_1777_sidx_439_eps_0.0039/trace_off_k256.csv,yes,"Per-wave trace: time since BaB entry (t), wave, pending (frontier) and processed (nodes) sub-problems."
rq2/climb/tinyimagenet_2024/traces/climb_trace_t300/TinyImageNet_resnet_medium_prop_idx_1777_sidx_439_eps_0.0039/trace_on_k256.csv,rq2,climb,tinyimagenet_2024,"CLIMB enabled, FSB, B=256, budget 100 s; query TinyImageNet_resnet_medium_prop_idx_1777_sidx_439_eps_0.0039",Figure 7 (fig:exp-trace); RQ2 text,12,cafc46289a7631a3e3b8d8819d39ed033108155b5d9c59d9659c6cfab1d930ac,fse2026/climb_trace_t300/TinyImageNet_resnet_medium_prop_idx_1777_sidx_439_eps_0.0039/trace_on_k256.csv,yes,"Per-wave trace: time since BaB entry (t), wave, pending (frontier) and processed (nodes) sub-problems."
rq2/climb/tinyimagenet_2024/traces/climb_trace_t300/TinyImageNet_resnet_medium_prop_idx_208_sidx_4376_eps_0.0039/off_k256/raw.jsonl,rq2,climb,tinyimagenet_2024,"CLIMB disabled, FSB, B=256, budget 300 s; query TinyImageNet_resnet_medium_prop_idx_208_sidx_4376_eps_0.0039",Figure 7 (fig:exp-trace); RQ2 text (run provenance),1,7ed85eea529a425847b2e42209aa2041d0672915a53c1e2dd85c14a0d06c51e4,fse2026/climb_trace_t300/TinyImageNet_resnet_medium_prop_idx_208_sidx_4376_eps_0.0039/off_k256/raw.jsonl,yes,"Runner record of the run: status, budget, processed and pending sub-problems, metadata. The generator checks the trace's final row against it. Absolute paths rewritten as relative paths."
rq2/climb/tinyimagenet_2024/traces/climb_trace_t300/TinyImageNet_resnet_medium_prop_idx_208_sidx_4376_eps_0.0039/off_k256/run.log,rq2,climb,tinyimagenet_2024,"CLIMB disabled, FSB, B=256, budget 300 s; query TinyImageNet_resnet_medium_prop_idx_208_sidx_4376_eps_0.0039",Figure 7 (fig:exp-trace) (run log),0,6140e1b325d119be2fa6a1e71157d39b7ff173551ee8e854d356074fe44be55b,scratch/logs/fse2026/climb_trace_t300/TinyImageNet_resnet_medium_prop_idx_208_sidx_4376_eps_0.0039/off_k256/e1_fa42710bab3fc12b7ae2.log,yes,Verifier log of the run; its CLIMB_TRACE lines are the per-wave trace (trace_<variant>.csv). Absolute paths rewritten as relative paths.
rq2/climb/tinyimagenet_2024/traces/climb_trace_t300/TinyImageNet_resnet_medium_prop_idx_208_sidx_4376_eps_0.0039/on_k256/raw.jsonl,rq2,climb,tinyimagenet_2024,"CLIMB enabled, FSB, B=256, budget 100 s; query TinyImageNet_resnet_medium_prop_idx_208_sidx_4376_eps_0.0039",Figure 7 (fig:exp-trace); RQ2 text (run provenance),1,0d38e93807e7715d90ec061bbab5ef21ea6c8bc9560c3f4792ef51b7a3d82546,fse2026/climb_trace_t300/TinyImageNet_resnet_medium_prop_idx_208_sidx_4376_eps_0.0039/on_k256/raw.jsonl,yes,"Runner record of the run: status, budget, processed and pending sub-problems, metadata. The generator checks the trace's final row against it. Absolute paths rewritten as relative paths."
rq2/climb/tinyimagenet_2024/traces/climb_trace_t300/TinyImageNet_resnet_medium_prop_idx_208_sidx_4376_eps_0.0039/on_k256/run.log,rq2,climb,tinyimagenet_2024,"CLIMB enabled, FSB, B=256, budget 100 s; query TinyImageNet_resnet_medium_prop_idx_208_sidx_4376_eps_0.0039",Figure 7 (fig:exp-trace) (run log),0,62e457612e5c4175e079e1fe559d2da7f3ddc64a29c3586a1a98aaa055c70894,scratch/logs/fse2026/climb_trace_t300/TinyImageNet_resnet_medium_prop_idx_208_sidx_4376_eps_0.0039/on_k256/e1_8ab4bb3c78df830f7ba7.log,yes,Verifier log of the run; its CLIMB_TRACE lines are the per-wave trace (trace_<variant>.csv). Absolute paths rewritten as relative paths.
rq2/climb/tinyimagenet_2024/traces/climb_trace_t300/TinyImageNet_resnet_medium_prop_idx_208_sidx_4376_eps_0.0039/trace_off_k256.csv,rq2,climb,tinyimagenet_2024,"CLIMB disabled, FSB, B=256, budget 300 s; query TinyImageNet_resnet_medium_prop_idx_208_sidx_4376_eps_0.0039",Figure 7 (fig:exp-trace); RQ2 text,128,d4941bffb56acbbb1dd9980d52505e4380fbffcd499bc02d63f2ee12f8cd88fa,fse2026/climb_trace_t300/TinyImageNet_resnet_medium_prop_idx_208_sidx_4376_eps_0.0039/trace_off_k256.csv,yes,"Per-wave trace: time since BaB entry (t), wave, pending (frontier) and processed (nodes) sub-problems."
rq2/climb/tinyimagenet_2024/traces/climb_trace_t300/TinyImageNet_resnet_medium_prop_idx_208_sidx_4376_eps_0.0039/trace_on_k256.csv,rq2,climb,tinyimagenet_2024,"CLIMB enabled, FSB, B=256, budget 100 s; query TinyImageNet_resnet_medium_prop_idx_208_sidx_4376_eps_0.0039",Figure 7 (fig:exp-trace); RQ2 text,33,a8e38909c08a9520765cecdd9e1206dd615a69a4c826344d4716765c5200f859,fse2026/climb_trace_t300/TinyImageNet_resnet_medium_prop_idx_208_sidx_4376_eps_0.0039/trace_on_k256.csv,yes,"Per-wave trace: time since BaB entry (t), wave, pending (frontier) and processed (nodes) sub-problems."
rq2/climb/tinyimagenet_2024/traces/climb_trace_t300/TinyImageNet_resnet_medium_prop_idx_247_sidx_1124_eps_0.0039/off_k256/raw.jsonl,rq2,climb,tinyimagenet_2024,"CLIMB disabled, FSB, B=256, budget 300 s; query TinyImageNet_resnet_medium_prop_idx_247_sidx_1124_eps_0.0039",Figure 7 (fig:exp-trace); RQ2 text (run provenance),1,fabe14065cdf4c1ccd02c51781d32757e0543b25650dbe959b54beb5426b5fff,fse2026/climb_trace_t300/TinyImageNet_resnet_medium_prop_idx_247_sidx_1124_eps_0.0039/off_k256/raw.jsonl,yes,"Runner record of the run: status, budget, processed and pending sub-problems, metadata. The generator checks the trace's final row against it. Absolute paths rewritten as relative paths."
rq2/climb/tinyimagenet_2024/traces/climb_trace_t300/TinyImageNet_resnet_medium_prop_idx_247_sidx_1124_eps_0.0039/off_k256/run.log,rq2,climb,tinyimagenet_2024,"CLIMB disabled, FSB, B=256, budget 300 s; query TinyImageNet_resnet_medium_prop_idx_247_sidx_1124_eps_0.0039",Figure 7 (fig:exp-trace) (run log),0,20664643fe7aa20d733e4b85c423ef0b3d4480d0f2c37e3ec01d45ea552fff2f,scratch/logs/fse2026/climb_trace_t300/TinyImageNet_resnet_medium_prop_idx_247_sidx_1124_eps_0.0039/off_k256/e1_b4e7aa987cae00a9d740.log,yes,Verifier log of the run; its CLIMB_TRACE lines are the per-wave trace (trace_<variant>.csv). Absolute paths rewritten as relative paths.
rq2/climb/tinyimagenet_2024/traces/climb_trace_t300/TinyImageNet_resnet_medium_prop_idx_247_sidx_1124_eps_0.0039/on_k256/raw.jsonl,rq2,climb,tinyimagenet_2024,"CLIMB enabled, FSB, B=256, budget 100 s; query TinyImageNet_resnet_medium_prop_idx_247_sidx_1124_eps_0.0039",Figure 7 (fig:exp-trace); RQ2 text (run provenance),1,49cdc77e5bae5a1b26921e83f732bfa3b1bc70f18da3b5fb83574e0ffe845a49,fse2026/climb_trace_t300/TinyImageNet_resnet_medium_prop_idx_247_sidx_1124_eps_0.0039/on_k256/raw.jsonl,yes,"Runner record of the run: status, budget, processed and pending sub-problems, metadata. The generator checks the trace's final row against it. Absolute paths rewritten as relative paths."
rq2/climb/tinyimagenet_2024/traces/climb_trace_t300/TinyImageNet_resnet_medium_prop_idx_247_sidx_1124_eps_0.0039/on_k256/run.log,rq2,climb,tinyimagenet_2024,"CLIMB enabled, FSB, B=256, budget 100 s; query TinyImageNet_resnet_medium_prop_idx_247_sidx_1124_eps_0.0039",Figure 7 (fig:exp-trace) (run log),0,dd1c4803d2abb3c978c37e1b7ea956f2c437fc15ed590a9ade9886592550ed64,scratch/logs/fse2026/climb_trace_t300/TinyImageNet_resnet_medium_prop_idx_247_sidx_1124_eps_0.0039/on_k256/e1_8793bc776a1074fa08f0.log,yes,Verifier log of the run; its CLIMB_TRACE lines are the per-wave trace (trace_<variant>.csv). Absolute paths rewritten as relative paths.
rq2/climb/tinyimagenet_2024/traces/climb_trace_t300/TinyImageNet_resnet_medium_prop_idx_247_sidx_1124_eps_0.0039/trace_on_k256.csv,rq2,climb,tinyimagenet_2024,"CLIMB enabled, FSB, B=256, budget 100 s; query TinyImageNet_resnet_medium_prop_idx_247_sidx_1124_eps_0.0039","RQ2 text (checked, not drawn: the disabled run is unsolved)",55,cde682b1ecdfb1573e7341375b868b9d0cd28d32634f041608fa5353df326e09,fse2026/climb_trace_t300/TinyImageNet_resnet_medium_prop_idx_247_sidx_1124_eps_0.0039/trace_on_k256.csv,yes,"Per-wave trace: time since BaB entry (t), wave, pending (frontier) and processed (nodes) sub-problems."
rq2/climb/tinyimagenet_2024/traces/climb_trace_t300/TinyImageNet_resnet_medium_prop_idx_2712_sidx_2558_eps_0.0039/off_k256/raw.jsonl,rq2,climb,tinyimagenet_2024,"CLIMB disabled, FSB, B=256, budget 300 s; query TinyImageNet_resnet_medium_prop_idx_2712_sidx_2558_eps_0.0039",Figure 7 (fig:exp-trace); RQ2 text (run provenance),1,7aa262bc38a57a6d3750aeeb09eeedb426716bf454c7682eb4b06d30fc714625,fse2026/climb_trace_t300/TinyImageNet_resnet_medium_prop_idx_2712_sidx_2558_eps_0.0039/off_k256/raw.jsonl,yes,"Runner record of the run: status, budget, processed and pending sub-problems, metadata. The generator checks the trace's final row against it. Absolute paths rewritten as relative paths."
rq2/climb/tinyimagenet_2024/traces/climb_trace_t300/TinyImageNet_resnet_medium_prop_idx_2712_sidx_2558_eps_0.0039/off_k256/run.log,rq2,climb,tinyimagenet_2024,"CLIMB disabled, FSB, B=256, budget 300 s; query TinyImageNet_resnet_medium_prop_idx_2712_sidx_2558_eps_0.0039",Figure 7 (fig:exp-trace) (run log),0,117da2f14b646cf0d80b3d4e1d59c2e601f03f0dc6a5fa25e809d2226ef70e26,scratch/logs/fse2026/climb_trace_t300/TinyImageNet_resnet_medium_prop_idx_2712_sidx_2558_eps_0.0039/off_k256/e1_230819cad458eadd55a3.log,yes,Verifier log of the run; its CLIMB_TRACE lines are the per-wave trace (trace_<variant>.csv). Absolute paths rewritten as relative paths.
rq2/climb/tinyimagenet_2024/traces/climb_trace_t300/TinyImageNet_resnet_medium_prop_idx_2712_sidx_2558_eps_0.0039/on_k256/raw.jsonl,rq2,climb,tinyimagenet_2024,"CLIMB enabled, FSB, B=256, budget 100 s; query TinyImageNet_resnet_medium_prop_idx_2712_sidx_2558_eps_0.0039",Figure 7 (fig:exp-trace); RQ2 text (run provenance),1,bf64454fcd6fe08b4467ffd51b34ea332f1c3a639fe85714e974080cb5266d85,fse2026/climb_trace_t300/TinyImageNet_resnet_medium_prop_idx_2712_sidx_2558_eps_0.0039/on_k256/raw.jsonl,yes,"Runner record of the run: status, budget, processed and pending sub-problems, metadata. The generator checks the trace's final row against it. Absolute paths rewritten as relative paths."
rq2/climb/tinyimagenet_2024/traces/climb_trace_t300/TinyImageNet_resnet_medium_prop_idx_2712_sidx_2558_eps_0.0039/on_k256/run.log,rq2,climb,tinyimagenet_2024,"CLIMB enabled, FSB, B=256, budget 100 s; query TinyImageNet_resnet_medium_prop_idx_2712_sidx_2558_eps_0.0039",Figure 7 (fig:exp-trace) (run log),0,96eeacae6c85d9bb823e587f921f9793b08f69bef1d96d3f7d1a036deeb71a27,scratch/logs/fse2026/climb_trace_t300/TinyImageNet_resnet_medium_prop_idx_2712_sidx_2558_eps_0.0039/on_k256/e1_9a7b29a8758c3486e642.log,yes,Verifier log of the run; its CLIMB_TRACE lines are the per-wave trace (trace_<variant>.csv). Absolute paths rewritten as relative paths.
rq2/climb/tinyimagenet_2024/traces/climb_trace_t300/TinyImageNet_resnet_medium_prop_idx_2712_sidx_2558_eps_0.0039/trace_off_k256.csv,rq2,climb,tinyimagenet_2024,"CLIMB disabled, FSB, B=256, budget 300 s; query TinyImageNet_resnet_medium_prop_idx_2712_sidx_2558_eps_0.0039",Figure 7 (fig:exp-trace); RQ2 text,52,1f3114836da61d11ecad089f6034fdff02c29af79436d1517161d0a8228b28e7,fse2026/climb_trace_t300/TinyImageNet_resnet_medium_prop_idx_2712_sidx_2558_eps_0.0039/trace_off_k256.csv,yes,"Per-wave trace: time since BaB entry (t), wave, pending (frontier) and processed (nodes) sub-problems."
rq2/climb/tinyimagenet_2024/traces/climb_trace_t300/TinyImageNet_resnet_medium_prop_idx_2712_sidx_2558_eps_0.0039/trace_on_k256.csv,rq2,climb,tinyimagenet_2024,"CLIMB enabled, FSB, B=256, budget 100 s; query TinyImageNet_resnet_medium_prop_idx_2712_sidx_2558_eps_0.0039",Figure 7 (fig:exp-trace); RQ2 text,32,ba7bf1a6f6d3fecdc9b461d85b59c58efca5a8e2e992dd154de0fc55e0545f2e,fse2026/climb_trace_t300/TinyImageNet_resnet_medium_prop_idx_2712_sidx_2558_eps_0.0039/trace_on_k256.csv,yes,"Per-wave trace: time since BaB entry (t), wave, pending (frontier) and processed (nodes) sub-problems."
rq2/climb/tinyimagenet_2024/traces/climb_trace_t300/TinyImageNet_resnet_medium_prop_idx_3139_sidx_2973_eps_0.0039/off_k256/raw.jsonl,rq2,climb,tinyimagenet_2024,"CLIMB disabled, FSB, B=256, budget 300 s; query TinyImageNet_resnet_medium_prop_idx_3139_sidx_2973_eps_0.0039",Figure 7 (fig:exp-trace); RQ2 text (run provenance),1,ca5a9d76bc8ce54482dd280aac56ecb7c44c98736a94b48a3ba4130eafa18dea,fse2026/climb_trace_t300/TinyImageNet_resnet_medium_prop_idx_3139_sidx_2973_eps_0.0039/off_k256/raw.jsonl,yes,"Runner record of the run: status, budget, processed and pending sub-problems, metadata. The generator checks the trace's final row against it. Absolute paths rewritten as relative paths."
rq2/climb/tinyimagenet_2024/traces/climb_trace_t300/TinyImageNet_resnet_medium_prop_idx_3139_sidx_2973_eps_0.0039/off_k256/run.log,rq2,climb,tinyimagenet_2024,"CLIMB disabled, FSB, B=256, budget 300 s; query TinyImageNet_resnet_medium_prop_idx_3139_sidx_2973_eps_0.0039",Figure 7 (fig:exp-trace) (run log),0,1a01b5e2fdd1374e6b675fdfb2c7eaf393ad9582bd21100ef54ba2276bce2b60,scratch/logs/fse2026/climb_trace_t300/TinyImageNet_resnet_medium_prop_idx_3139_sidx_2973_eps_0.0039/off_k256/e1_88778d7b920da7999e1d.log,yes,Verifier log of the run; its CLIMB_TRACE lines are the per-wave trace (trace_<variant>.csv). Absolute paths rewritten as relative paths.
rq2/climb/tinyimagenet_2024/traces/climb_trace_t300/TinyImageNet_resnet_medium_prop_idx_3139_sidx_2973_eps_0.0039/on_k256/raw.jsonl,rq2,climb,tinyimagenet_2024,"CLIMB enabled, FSB, B=256, budget 100 s; query TinyImageNet_resnet_medium_prop_idx_3139_sidx_2973_eps_0.0039",Figure 7 (fig:exp-trace); RQ2 text (run provenance),1,32156a621890157434ce6f78b902b8b81e6c53f4382ce0ea4678a369e92f41a8,fse2026/climb_trace_t300/TinyImageNet_resnet_medium_prop_idx_3139_sidx_2973_eps_0.0039/on_k256/raw.jsonl,yes,"Runner record of the run: status, budget, processed and pending sub-problems, metadata. The generator checks the trace's final row against it. Absolute paths rewritten as relative paths."
rq2/climb/tinyimagenet_2024/traces/climb_trace_t300/TinyImageNet_resnet_medium_prop_idx_3139_sidx_2973_eps_0.0039/on_k256/run.log,rq2,climb,tinyimagenet_2024,"CLIMB enabled, FSB, B=256, budget 100 s; query TinyImageNet_resnet_medium_prop_idx_3139_sidx_2973_eps_0.0039",Figure 7 (fig:exp-trace) (run log),0,7f7b7ece4bb73c0e302e1356907d0cd28c120232bfe428a11c1cf6528d405ffa,scratch/logs/fse2026/climb_trace_t300/TinyImageNet_resnet_medium_prop_idx_3139_sidx_2973_eps_0.0039/on_k256/e1_1ec04469413e88553a96.log,yes,Verifier log of the run; its CLIMB_TRACE lines are the per-wave trace (trace_<variant>.csv). Absolute paths rewritten as relative paths.
rq2/climb/tinyimagenet_2024/traces/climb_trace_t300/TinyImageNet_resnet_medium_prop_idx_3139_sidx_2973_eps_0.0039/trace_on_k256.csv,rq2,climb,tinyimagenet_2024,"CLIMB enabled, FSB, B=256, budget 100 s; query TinyImageNet_resnet_medium_prop_idx_3139_sidx_2973_eps_0.0039","RQ2 text (checked, not drawn: the disabled run is unsolved)",34,81c7ac35cf1d263dae7b6b8ae9a8207444706fa7828b1ccc3df860d5f1d905cb,fse2026/climb_trace_t300/TinyImageNet_resnet_medium_prop_idx_3139_sidx_2973_eps_0.0039/trace_on_k256.csv,yes,"Per-wave trace: time since BaB entry (t), wave, pending (frontier) and processed (nodes) sub-problems."
rq2/climb/tinyimagenet_2024/traces/climb_trace_t300/TinyImageNet_resnet_medium_prop_idx_3511_sidx_721_eps_0.0039/off_k256/raw.jsonl,rq2,climb,tinyimagenet_2024,"CLIMB disabled, FSB, B=256, budget 300 s; query TinyImageNet_resnet_medium_prop_idx_3511_sidx_721_eps_0.0039",Figure 7 (fig:exp-trace); RQ2 text (run provenance),1,133f8a0c10ffc4492ca048860fbe098e74e93053449efc239f05c46b25fe8f17,fse2026/climb_trace_t300/TinyImageNet_resnet_medium_prop_idx_3511_sidx_721_eps_0.0039/off_k256/raw.jsonl,yes,"Runner record of the run: status, budget, processed and pending sub-problems, metadata. The generator checks the trace's final row against it. Absolute paths rewritten as relative paths."
rq2/climb/tinyimagenet_2024/traces/climb_trace_t300/TinyImageNet_resnet_medium_prop_idx_3511_sidx_721_eps_0.0039/off_k256/run.log,rq2,climb,tinyimagenet_2024,"CLIMB disabled, FSB, B=256, budget 300 s; query TinyImageNet_resnet_medium_prop_idx_3511_sidx_721_eps_0.0039",Figure 7 (fig:exp-trace) (run log),0,6d6d743d130e27c84da63074f4287cea4dc1950dd0329ac79c53a3cc9134c1ef,scratch/logs/fse2026/climb_trace_t300/TinyImageNet_resnet_medium_prop_idx_3511_sidx_721_eps_0.0039/off_k256/e1_21daf09886bead3b3311.log,yes,Verifier log of the run; its CLIMB_TRACE lines are the per-wave trace (trace_<variant>.csv). Absolute paths rewritten as relative paths.
rq2/climb/tinyimagenet_2024/traces/climb_trace_t300/TinyImageNet_resnet_medium_prop_idx_3511_sidx_721_eps_0.0039/on_k256/raw.jsonl,rq2,climb,tinyimagenet_2024,"CLIMB enabled, FSB, B=256, budget 100 s; query TinyImageNet_resnet_medium_prop_idx_3511_sidx_721_eps_0.0039",Figure 7 (fig:exp-trace); RQ2 text (run provenance),1,7799aaa8d79c31d7302f7cfb550c6f5c8720b8d4f72c62a55b783b7e81b83d92,fse2026/climb_trace_t300/TinyImageNet_resnet_medium_prop_idx_3511_sidx_721_eps_0.0039/on_k256/raw.jsonl,yes,"Runner record of the run: status, budget, processed and pending sub-problems, metadata. The generator checks the trace's final row against it. Absolute paths rewritten as relative paths."
rq2/climb/tinyimagenet_2024/traces/climb_trace_t300/TinyImageNet_resnet_medium_prop_idx_3511_sidx_721_eps_0.0039/on_k256/run.log,rq2,climb,tinyimagenet_2024,"CLIMB enabled, FSB, B=256, budget 100 s; query TinyImageNet_resnet_medium_prop_idx_3511_sidx_721_eps_0.0039",Figure 7 (fig:exp-trace) (run log),0,4fa5270629d80929e3dbb22a3cb707b27451775164431bd10e424769935d2bed,scratch/logs/fse2026/climb_trace_t300/TinyImageNet_resnet_medium_prop_idx_3511_sidx_721_eps_0.0039/on_k256/e1_fbdebf796a9c9958a442.log,yes,Verifier log of the run; its CLIMB_TRACE lines are the per-wave trace (trace_<variant>.csv). Absolute paths rewritten as relative paths.
rq2/climb/tinyimagenet_2024/traces/climb_trace_t300/TinyImageNet_resnet_medium_prop_idx_3511_sidx_721_eps_0.0039/trace_on_k256.csv,rq2,climb,tinyimagenet_2024,"CLIMB enabled, FSB, B=256, budget 100 s; query TinyImageNet_resnet_medium_prop_idx_3511_sidx_721_eps_0.0039","RQ2 text (checked, not drawn: the disabled run is unsolved)",6,42c921c1df584cd4b3838a2f61ff5e37f71d388c13209410275bb3fc42f9db76,fse2026/climb_trace_t300/TinyImageNet_resnet_medium_prop_idx_3511_sidx_721_eps_0.0039/trace_on_k256.csv,yes,"Per-wave trace: time since BaB entry (t), wave, pending (frontier) and processed (nodes) sub-problems."
rq2/climb/tinyimagenet_2024/traces/climb_trace_t300/TinyImageNet_resnet_medium_prop_idx_3558_sidx_7280_eps_0.0039/off_k256/raw.jsonl,rq2,climb,tinyimagenet_2024,"CLIMB disabled, FSB, B=256, budget 300 s; query TinyImageNet_resnet_medium_prop_idx_3558_sidx_7280_eps_0.0039",Figure 7 (fig:exp-trace); RQ2 text (run provenance),1,786063e12ef57000195846ee23bf385dba3a58dc82147558f7da7702e682ef8b,fse2026/climb_trace_t300/TinyImageNet_resnet_medium_prop_idx_3558_sidx_7280_eps_0.0039/off_k256/raw.jsonl,yes,"Runner record of the run: status, budget, processed and pending sub-problems, metadata. The generator checks the trace's final row against it. Absolute paths rewritten as relative paths."
rq2/climb/tinyimagenet_2024/traces/climb_trace_t300/TinyImageNet_resnet_medium_prop_idx_3558_sidx_7280_eps_0.0039/off_k256/run.log,rq2,climb,tinyimagenet_2024,"CLIMB disabled, FSB, B=256, budget 300 s; query TinyImageNet_resnet_medium_prop_idx_3558_sidx_7280_eps_0.0039",Figure 7 (fig:exp-trace) (run log),0,5a87edd75aa7921b906166c75a749dd561bca95ca0552162cdd26aa33f006b43,scratch/logs/fse2026/climb_trace_t300/TinyImageNet_resnet_medium_prop_idx_3558_sidx_7280_eps_0.0039/off_k256/e1_c1fd4e09525727deeb3c.log,yes,Verifier log of the run; its CLIMB_TRACE lines are the per-wave trace (trace_<variant>.csv). Absolute paths rewritten as relative paths.
rq2/climb/tinyimagenet_2024/traces/climb_trace_t300/TinyImageNet_resnet_medium_prop_idx_3558_sidx_7280_eps_0.0039/on_k256/raw.jsonl,rq2,climb,tinyimagenet_2024,"CLIMB enabled, FSB, B=256, budget 100 s; query TinyImageNet_resnet_medium_prop_idx_3558_sidx_7280_eps_0.0039",Figure 7 (fig:exp-trace); RQ2 text (run provenance),1,2ab3befa81528c0f990e9d301ba610352be0bb49ebbb5454d68902fd96de8902,fse2026/climb_trace_t300/TinyImageNet_resnet_medium_prop_idx_3558_sidx_7280_eps_0.0039/on_k256/raw.jsonl,yes,"Runner record of the run: status, budget, processed and pending sub-problems, metadata. The generator checks the trace's final row against it. Absolute paths rewritten as relative paths."
rq2/climb/tinyimagenet_2024/traces/climb_trace_t300/TinyImageNet_resnet_medium_prop_idx_3558_sidx_7280_eps_0.0039/on_k256/run.log,rq2,climb,tinyimagenet_2024,"CLIMB enabled, FSB, B=256, budget 100 s; query TinyImageNet_resnet_medium_prop_idx_3558_sidx_7280_eps_0.0039",Figure 7 (fig:exp-trace) (run log),0,4f98580e23f4e9a0d968542a13565ea1797d889fff8437917412f0a8fb61f5dc,scratch/logs/fse2026/climb_trace_t300/TinyImageNet_resnet_medium_prop_idx_3558_sidx_7280_eps_0.0039/on_k256/e1_46def757f3b77b8bbc2a.log,yes,Verifier log of the run; its CLIMB_TRACE lines are the per-wave trace (trace_<variant>.csv). Absolute paths rewritten as relative paths.
rq2/climb/tinyimagenet_2024/traces/climb_trace_t300/TinyImageNet_resnet_medium_prop_idx_3558_sidx_7280_eps_0.0039/trace_off_k256.csv,rq2,climb,tinyimagenet_2024,"CLIMB disabled, FSB, B=256, budget 300 s; query TinyImageNet_resnet_medium_prop_idx_3558_sidx_7280_eps_0.0039",Figure 7 (fig:exp-trace); RQ2 text,67,1bb6bf902afe7f82f5c99843e400eec98163edf6e95b51269d946e32b8900de9,fse2026/climb_trace_t300/TinyImageNet_resnet_medium_prop_idx_3558_sidx_7280_eps_0.0039/trace_off_k256.csv,yes,"Per-wave trace: time since BaB entry (t), wave, pending (frontier) and processed (nodes) sub-problems."
rq2/climb/tinyimagenet_2024/traces/climb_trace_t300/TinyImageNet_resnet_medium_prop_idx_3558_sidx_7280_eps_0.0039/trace_on_k256.csv,rq2,climb,tinyimagenet_2024,"CLIMB enabled, FSB, B=256, budget 100 s; query TinyImageNet_resnet_medium_prop_idx_3558_sidx_7280_eps_0.0039",Figure 7 (fig:exp-trace); RQ2 text,32,d04afc077e10b81a899f8659f5492c4060b51f37214cb0bbbdd30e8b1e96cb55,fse2026/climb_trace_t300/TinyImageNet_resnet_medium_prop_idx_3558_sidx_7280_eps_0.0039/trace_on_k256.csv,yes,"Per-wave trace: time since BaB entry (t), wave, pending (frontier) and processed (nodes) sub-problems."
rq2/climb/tinyimagenet_2024/traces/climb_trace_t300/TinyImageNet_resnet_medium_prop_idx_4109_sidx_3134_eps_0.0039/off_k256/raw.jsonl,rq2,climb,tinyimagenet_2024,"CLIMB disabled, FSB, B=256, budget 300 s; query TinyImageNet_resnet_medium_prop_idx_4109_sidx_3134_eps_0.0039",Figure 7 (fig:exp-trace); RQ2 text (run provenance),1,9a5d34661bba3cfa2dad011a219f0cd15944b882e77c5d8f948c20e44aef5c32,fse2026/climb_trace_t300/TinyImageNet_resnet_medium_prop_idx_4109_sidx_3134_eps_0.0039/off_k256/raw.jsonl,yes,"Runner record of the run: status, budget, processed and pending sub-problems, metadata. The generator checks the trace's final row against it. Absolute paths rewritten as relative paths."
rq2/climb/tinyimagenet_2024/traces/climb_trace_t300/TinyImageNet_resnet_medium_prop_idx_4109_sidx_3134_eps_0.0039/off_k256/run.log,rq2,climb,tinyimagenet_2024,"CLIMB disabled, FSB, B=256, budget 300 s; query TinyImageNet_resnet_medium_prop_idx_4109_sidx_3134_eps_0.0039",Figure 7 (fig:exp-trace) (run log),0,71bc80c8e3792ac5e822eaf8a16a2ae5fd0a37fc0e1f06160fd31e57d58f9006,scratch/logs/fse2026/climb_trace_t300/TinyImageNet_resnet_medium_prop_idx_4109_sidx_3134_eps_0.0039/off_k256/e1_efdee4ece45081136cbf.log,yes,Verifier log of the run; its CLIMB_TRACE lines are the per-wave trace (trace_<variant>.csv). Absolute paths rewritten as relative paths.
rq2/climb/tinyimagenet_2024/traces/climb_trace_t300/TinyImageNet_resnet_medium_prop_idx_4109_sidx_3134_eps_0.0039/on_k256/raw.jsonl,rq2,climb,tinyimagenet_2024,"CLIMB enabled, FSB, B=256, budget 100 s; query TinyImageNet_resnet_medium_prop_idx_4109_sidx_3134_eps_0.0039",Figure 7 (fig:exp-trace); RQ2 text (run provenance),1,0a973c3711fb39984fa3fff2ce0ff6d28e49008bfc2a0cfcc530ac96a844d80c,fse2026/climb_trace_t300/TinyImageNet_resnet_medium_prop_idx_4109_sidx_3134_eps_0.0039/on_k256/raw.jsonl,yes,"Runner record of the run: status, budget, processed and pending sub-problems, metadata. The generator checks the trace's final row against it. Absolute paths rewritten as relative paths."
rq2/climb/tinyimagenet_2024/traces/climb_trace_t300/TinyImageNet_resnet_medium_prop_idx_4109_sidx_3134_eps_0.0039/on_k256/run.log,rq2,climb,tinyimagenet_2024,"CLIMB enabled, FSB, B=256, budget 100 s; query TinyImageNet_resnet_medium_prop_idx_4109_sidx_3134_eps_0.0039",Figure 7 (fig:exp-trace) (run log),0,cb3d3c3ba1cf88a10d3b6f6af415c20abe8ef7517c63e22c5f17a746ecdf8f29,scratch/logs/fse2026/climb_trace_t300/TinyImageNet_resnet_medium_prop_idx_4109_sidx_3134_eps_0.0039/on_k256/e1_e09d0cd8a9af59607c55.log,yes,Verifier log of the run; its CLIMB_TRACE lines are the per-wave trace (trace_<variant>.csv). Absolute paths rewritten as relative paths.
rq2/climb/tinyimagenet_2024/traces/climb_trace_t300/TinyImageNet_resnet_medium_prop_idx_4109_sidx_3134_eps_0.0039/trace_off_k256.csv,rq2,climb,tinyimagenet_2024,"CLIMB disabled, FSB, B=256, budget 300 s; query TinyImageNet_resnet_medium_prop_idx_4109_sidx_3134_eps_0.0039",Figure 7 (fig:exp-trace); RQ2 text,65,b5fe1d69aea2ee9895e310835e2e2a703b2c0f1024e0d720b01724e984a27367,fse2026/climb_trace_t300/TinyImageNet_resnet_medium_prop_idx_4109_sidx_3134_eps_0.0039/trace_off_k256.csv,yes,"Per-wave trace: time since BaB entry (t), wave, pending (frontier) and processed (nodes) sub-problems."
rq2/climb/tinyimagenet_2024/traces/climb_trace_t300/TinyImageNet_resnet_medium_prop_idx_4109_sidx_3134_eps_0.0039/trace_on_k256.csv,rq2,climb,tinyimagenet_2024,"CLIMB enabled, FSB, B=256, budget 100 s; query TinyImageNet_resnet_medium_prop_idx_4109_sidx_3134_eps_0.0039",Figure 7 (fig:exp-trace); RQ2 text,37,a86d364e4b4f7d48255368d54a03ce3e113cc7813fd4c315b070d1a389fc58a4,fse2026/climb_trace_t300/TinyImageNet_resnet_medium_prop_idx_4109_sidx_3134_eps_0.0039/trace_on_k256.csv,yes,"Per-wave trace: time since BaB entry (t), wave, pending (frontier) and processed (nodes) sub-problems."
rq2/climb/tinyimagenet_2024/traces/climb_trace_t300/TinyImageNet_resnet_medium_prop_idx_4312_sidx_1349_eps_0.0039/off_k256/raw.jsonl,rq2,climb,tinyimagenet_2024,"CLIMB disabled, FSB, B=256, budget 300 s; query TinyImageNet_resnet_medium_prop_idx_4312_sidx_1349_eps_0.0039",Figure 7 (fig:exp-trace); RQ2 text (run provenance),1,3791bbd4e94c9a2be88a186327bf8a13513f67d41dc575ab1c6fb096ab525244,fse2026/climb_trace_t300/TinyImageNet_resnet_medium_prop_idx_4312_sidx_1349_eps_0.0039/off_k256/raw.jsonl,yes,"Runner record of the run: status, budget, processed and pending sub-problems, metadata. The generator checks the trace's final row against it. Absolute paths rewritten as relative paths."
rq2/climb/tinyimagenet_2024/traces/climb_trace_t300/TinyImageNet_resnet_medium_prop_idx_4312_sidx_1349_eps_0.0039/off_k256/run.log,rq2,climb,tinyimagenet_2024,"CLIMB disabled, FSB, B=256, budget 300 s; query TinyImageNet_resnet_medium_prop_idx_4312_sidx_1349_eps_0.0039",Figure 7 (fig:exp-trace) (run log),0,4acb95e6ccbad46af73f22558e5728ceff4577e64fd9bf98a10235f6c00d72e9,scratch/logs/fse2026/climb_trace_t300/TinyImageNet_resnet_medium_prop_idx_4312_sidx_1349_eps_0.0039/off_k256/e1_3642d3d87743edb98cf7.log,yes,Verifier log of the run; its CLIMB_TRACE lines are the per-wave trace (trace_<variant>.csv). Absolute paths rewritten as relative paths.
rq2/climb/tinyimagenet_2024/traces/climb_trace_t300/TinyImageNet_resnet_medium_prop_idx_4312_sidx_1349_eps_0.0039/on_k256/raw.jsonl,rq2,climb,tinyimagenet_2024,"CLIMB enabled, FSB, B=256, budget 100 s; query TinyImageNet_resnet_medium_prop_idx_4312_sidx_1349_eps_0.0039",Figure 7 (fig:exp-trace); RQ2 text (run provenance),1,3f26b13342a5531af34403e27526e23569bb37ee513f5585f58a059326243cd3,fse2026/climb_trace_t300/TinyImageNet_resnet_medium_prop_idx_4312_sidx_1349_eps_0.0039/on_k256/raw.jsonl,yes,"Runner record of the run: status, budget, processed and pending sub-problems, metadata. The generator checks the trace's final row against it. Absolute paths rewritten as relative paths."
rq2/climb/tinyimagenet_2024/traces/climb_trace_t300/TinyImageNet_resnet_medium_prop_idx_4312_sidx_1349_eps_0.0039/on_k256/run.log,rq2,climb,tinyimagenet_2024,"CLIMB enabled, FSB, B=256, budget 100 s; query TinyImageNet_resnet_medium_prop_idx_4312_sidx_1349_eps_0.0039",Figure 7 (fig:exp-trace) (run log),0,b52e8fb7ed349bc789f26c62352ba2b1bfd6af8895ba6c30701cc08476283bab,scratch/logs/fse2026/climb_trace_t300/TinyImageNet_resnet_medium_prop_idx_4312_sidx_1349_eps_0.0039/on_k256/e1_4a58135b3cf3cae5c7cb.log,yes,Verifier log of the run; its CLIMB_TRACE lines are the per-wave trace (trace_<variant>.csv). Absolute paths rewritten as relative paths.
rq2/climb/tinyimagenet_2024/traces/climb_trace_t300/TinyImageNet_resnet_medium_prop_idx_4312_sidx_1349_eps_0.0039/trace_off_k256.csv,rq2,climb,tinyimagenet_2024,"CLIMB disabled, FSB, B=256, budget 300 s; query TinyImageNet_resnet_medium_prop_idx_4312_sidx_1349_eps_0.0039",Figure 7 (fig:exp-trace); RQ2 text,42,4debe2f51ddfb9082a9020c30f2c5a905e20c9bafb9b3390a1b23cbd218986bf,fse2026/climb_trace_t300/TinyImageNet_resnet_medium_prop_idx_4312_sidx_1349_eps_0.0039/trace_off_k256.csv,yes,"Per-wave trace: time since BaB entry (t), wave, pending (frontier) and processed (nodes) sub-problems."
rq2/climb/tinyimagenet_2024/traces/climb_trace_t300/TinyImageNet_resnet_medium_prop_idx_4312_sidx_1349_eps_0.0039/trace_on_k256.csv,rq2,climb,tinyimagenet_2024,"CLIMB enabled, FSB, B=256, budget 100 s; query TinyImageNet_resnet_medium_prop_idx_4312_sidx_1349_eps_0.0039",Figure 7 (fig:exp-trace); RQ2 text,29,a2ac833ce4589e762214825d37f39eafccd07c9d1cf800f48db004dc358ca462,fse2026/climb_trace_t300/TinyImageNet_resnet_medium_prop_idx_4312_sidx_1349_eps_0.0039/trace_on_k256.csv,yes,"Per-wave trace: time since BaB entry (t), wave, pending (frontier) and processed (nodes) sub-problems."
rq2/climb/tinyimagenet_2024/traces/climb_trace_t300/TinyImageNet_resnet_medium_prop_idx_4409_sidx_8244_eps_0.0039/off_k256/raw.jsonl,rq2,climb,tinyimagenet_2024,"CLIMB disabled, FSB, B=256, budget 300 s; query TinyImageNet_resnet_medium_prop_idx_4409_sidx_8244_eps_0.0039",Figure 7 (fig:exp-trace); RQ2 text (run provenance),1,729fe57fb42b95edfc885e7b069c6a2ec2dea2677d32cd0e43a15d227e40d3a7,fse2026/climb_trace_t300/TinyImageNet_resnet_medium_prop_idx_4409_sidx_8244_eps_0.0039/off_k256/raw.jsonl,yes,"Runner record of the run: status, budget, processed and pending sub-problems, metadata. The generator checks the trace's final row against it. Absolute paths rewritten as relative paths."
rq2/climb/tinyimagenet_2024/traces/climb_trace_t300/TinyImageNet_resnet_medium_prop_idx_4409_sidx_8244_eps_0.0039/off_k256/run.log,rq2,climb,tinyimagenet_2024,"CLIMB disabled, FSB, B=256, budget 300 s; query TinyImageNet_resnet_medium_prop_idx_4409_sidx_8244_eps_0.0039",Figure 7 (fig:exp-trace) (run log),0,aaac0b274fb2689b9a3250800faa818aaf5d1a7d0b7ba1924e51119af14b2e17,scratch/logs/fse2026/climb_trace_t300/TinyImageNet_resnet_medium_prop_idx_4409_sidx_8244_eps_0.0039/off_k256/e1_58e8804bf5f6c15f7c73.log,yes,Verifier log of the run; its CLIMB_TRACE lines are the per-wave trace (trace_<variant>.csv). Absolute paths rewritten as relative paths.
rq2/climb/tinyimagenet_2024/traces/climb_trace_t300/TinyImageNet_resnet_medium_prop_idx_4409_sidx_8244_eps_0.0039/on_k256/raw.jsonl,rq2,climb,tinyimagenet_2024,"CLIMB enabled, FSB, B=256, budget 100 s; query TinyImageNet_resnet_medium_prop_idx_4409_sidx_8244_eps_0.0039",Figure 7 (fig:exp-trace); RQ2 text (run provenance),1,123ebd73f18bbbe383400a974de4a78a5b1cb38cad7a6217a90e5519856fc1d1,fse2026/climb_trace_t300/TinyImageNet_resnet_medium_prop_idx_4409_sidx_8244_eps_0.0039/on_k256/raw.jsonl,yes,"Runner record of the run: status, budget, processed and pending sub-problems, metadata. The generator checks the trace's final row against it. Absolute paths rewritten as relative paths."
rq2/climb/tinyimagenet_2024/traces/climb_trace_t300/TinyImageNet_resnet_medium_prop_idx_4409_sidx_8244_eps_0.0039/on_k256/run.log,rq2,climb,tinyimagenet_2024,"CLIMB enabled, FSB, B=256, budget 100 s; query TinyImageNet_resnet_medium_prop_idx_4409_sidx_8244_eps_0.0039",Figure 7 (fig:exp-trace) (run log),0,3ae59fa9e482a3bbfa8513b47df303a50f79220d11d57468fd8c208b0f8cbec2,scratch/logs/fse2026/climb_trace_t300/TinyImageNet_resnet_medium_prop_idx_4409_sidx_8244_eps_0.0039/on_k256/e1_b5c2246490ca1eff1b3b.log,yes,Verifier log of the run; its CLIMB_TRACE lines are the per-wave trace (trace_<variant>.csv). Absolute paths rewritten as relative paths.
rq2/climb/tinyimagenet_2024/traces/climb_trace_t300/TinyImageNet_resnet_medium_prop_idx_4409_sidx_8244_eps_0.0039/trace_on_k256.csv,rq2,climb,tinyimagenet_2024,"CLIMB enabled, FSB, B=256, budget 100 s; query TinyImageNet_resnet_medium_prop_idx_4409_sidx_8244_eps_0.0039","RQ2 text (checked, not drawn: the disabled run is unsolved)",79,789ffd31b5229c2297cb41ac17a841467e7865b08e2a0057c67b9d2e157b423b,fse2026/climb_trace_t300/TinyImageNet_resnet_medium_prop_idx_4409_sidx_8244_eps_0.0039/trace_on_k256.csv,yes,"Per-wave trace: time since BaB entry (t), wave, pending (frontier) and processed (nodes) sub-problems."
rq2/climb/tinyimagenet_2024/traces/climb_trace_t300/TinyImageNet_resnet_medium_prop_idx_5050_sidx_9269_eps_0.0039/off_k256/raw.jsonl,rq2,climb,tinyimagenet_2024,"CLIMB disabled, FSB, B=256, budget 300 s; query TinyImageNet_resnet_medium_prop_idx_5050_sidx_9269_eps_0.0039",Figure 7 (fig:exp-trace); RQ2 text (run provenance),1,089b7f5e3032b72db8645e2b67477abe3e11526bf43cdb25eacdc0f5edf14bdf,fse2026/climb_trace_t300/TinyImageNet_resnet_medium_prop_idx_5050_sidx_9269_eps_0.0039/off_k256/raw.jsonl,yes,"Runner record of the run: status, budget, processed and pending sub-problems, metadata. The generator checks the trace's final row against it. Absolute paths rewritten as relative paths."
rq2/climb/tinyimagenet_2024/traces/climb_trace_t300/TinyImageNet_resnet_medium_prop_idx_5050_sidx_9269_eps_0.0039/off_k256/run.log,rq2,climb,tinyimagenet_2024,"CLIMB disabled, FSB, B=256, budget 300 s; query TinyImageNet_resnet_medium_prop_idx_5050_sidx_9269_eps_0.0039",Figure 7 (fig:exp-trace) (run log),0,1edf383862f7c1d14ca8434c4d1b212f5929534386f26ec06e21ca07849382cd,scratch/logs/fse2026/climb_trace_t300/TinyImageNet_resnet_medium_prop_idx_5050_sidx_9269_eps_0.0039/off_k256/e1_938508117dcddc0620d4.log,yes,Verifier log of the run; its CLIMB_TRACE lines are the per-wave trace (trace_<variant>.csv). Absolute paths rewritten as relative paths.
rq2/climb/tinyimagenet_2024/traces/climb_trace_t300/TinyImageNet_resnet_medium_prop_idx_5050_sidx_9269_eps_0.0039/on_k256/raw.jsonl,rq2,climb,tinyimagenet_2024,"CLIMB enabled, FSB, B=256, budget 100 s; query TinyImageNet_resnet_medium_prop_idx_5050_sidx_9269_eps_0.0039",Figure 7 (fig:exp-trace); RQ2 text (run provenance),1,85b51770b19eeb1f6d3ff0de41b7bc4411c63c38cf0214d566bb1fb1cbdf69b1,fse2026/climb_trace_t300/TinyImageNet_resnet_medium_prop_idx_5050_sidx_9269_eps_0.0039/on_k256/raw.jsonl,yes,"Runner record of the run: status, budget, processed and pending sub-problems, metadata. The generator checks the trace's final row against it. Absolute paths rewritten as relative paths."
rq2/climb/tinyimagenet_2024/traces/climb_trace_t300/TinyImageNet_resnet_medium_prop_idx_5050_sidx_9269_eps_0.0039/on_k256/run.log,rq2,climb,tinyimagenet_2024,"CLIMB enabled, FSB, B=256, budget 100 s; query TinyImageNet_resnet_medium_prop_idx_5050_sidx_9269_eps_0.0039",Figure 7 (fig:exp-trace) (run log),0,ea8e04f363a0edf0d872d874d8f6eb8d5ba2e68937fa0c459d3c956221c457d2,scratch/logs/fse2026/climb_trace_t300/TinyImageNet_resnet_medium_prop_idx_5050_sidx_9269_eps_0.0039/on_k256/e1_8b840dc8b494dade6d1b.log,yes,Verifier log of the run; its CLIMB_TRACE lines are the per-wave trace (trace_<variant>.csv). Absolute paths rewritten as relative paths.
rq2/climb/tinyimagenet_2024/traces/climb_trace_t300/TinyImageNet_resnet_medium_prop_idx_5050_sidx_9269_eps_0.0039/trace_off_k256.csv,rq2,climb,tinyimagenet_2024,"CLIMB disabled, FSB, B=256, budget 300 s; query TinyImageNet_resnet_medium_prop_idx_5050_sidx_9269_eps_0.0039",Figure 7 (fig:exp-trace); RQ2 text,68,3b871cc54e5ed164046814217af14f2cdc226ec1b5573c4b6abe03882700abae,fse2026/climb_trace_t300/TinyImageNet_resnet_medium_prop_idx_5050_sidx_9269_eps_0.0039/trace_off_k256.csv,yes,"Per-wave trace: time since BaB entry (t), wave, pending (frontier) and processed (nodes) sub-problems."
rq2/climb/tinyimagenet_2024/traces/climb_trace_t300/TinyImageNet_resnet_medium_prop_idx_5050_sidx_9269_eps_0.0039/trace_on_k256.csv,rq2,climb,tinyimagenet_2024,"CLIMB enabled, FSB, B=256, budget 100 s; query TinyImageNet_resnet_medium_prop_idx_5050_sidx_9269_eps_0.0039",Figure 7 (fig:exp-trace); RQ2 text,26,a9af3c09948510abcfdd3df5d068fd6f2fcc1cf264c0ad0295d01a3485fa85f1,fse2026/climb_trace_t300/TinyImageNet_resnet_medium_prop_idx_5050_sidx_9269_eps_0.0039/trace_on_k256.csv,yes,"Per-wave trace: time since BaB entry (t), wave, pending (frontier) and processed (nodes) sub-problems."
rq2/climb/tinyimagenet_2024/traces/climb_trace_t300/TinyImageNet_resnet_medium_prop_idx_5234_sidx_7711_eps_0.0039/off_k256/raw.jsonl,rq2,climb,tinyimagenet_2024,"CLIMB disabled, FSB, B=256, budget 300 s; query TinyImageNet_resnet_medium_prop_idx_5234_sidx_7711_eps_0.0039",Figure 7 (fig:exp-trace); RQ2 text (run provenance),1,7555587419c029e389a9e3034e1d646e545d72b62780ccddb7f137d892aecbed,fse2026/climb_trace_t300/TinyImageNet_resnet_medium_prop_idx_5234_sidx_7711_eps_0.0039/off_k256/raw.jsonl,yes,"Runner record of the run: status, budget, processed and pending sub-problems, metadata. The generator checks the trace's final row against it. Absolute paths rewritten as relative paths."
rq2/climb/tinyimagenet_2024/traces/climb_trace_t300/TinyImageNet_resnet_medium_prop_idx_5234_sidx_7711_eps_0.0039/off_k256/run.log,rq2,climb,tinyimagenet_2024,"CLIMB disabled, FSB, B=256, budget 300 s; query TinyImageNet_resnet_medium_prop_idx_5234_sidx_7711_eps_0.0039",Figure 7 (fig:exp-trace) (run log),0,1c545cb9c64f50a856c5189032d4ba1f70d23d5baeb364e88a1aac0a62b558a0,scratch/logs/fse2026/climb_trace_t300/TinyImageNet_resnet_medium_prop_idx_5234_sidx_7711_eps_0.0039/off_k256/e1_eb051e87c777dc44f227.log,yes,Verifier log of the run; its CLIMB_TRACE lines are the per-wave trace (trace_<variant>.csv). Absolute paths rewritten as relative paths.
rq2/climb/tinyimagenet_2024/traces/climb_trace_t300/TinyImageNet_resnet_medium_prop_idx_5234_sidx_7711_eps_0.0039/on_k256/raw.jsonl,rq2,climb,tinyimagenet_2024,"CLIMB enabled, FSB, B=256, budget 100 s; query TinyImageNet_resnet_medium_prop_idx_5234_sidx_7711_eps_0.0039",Figure 7 (fig:exp-trace); RQ2 text (run provenance),1,d9c691088b6f4650153fae1e12a30f4b0a7830cd50f96751ce4dff7ceb4c85a8,fse2026/climb_trace_t300/TinyImageNet_resnet_medium_prop_idx_5234_sidx_7711_eps_0.0039/on_k256/raw.jsonl,yes,"Runner record of the run: status, budget, processed and pending sub-problems, metadata. The generator checks the trace's final row against it. Absolute paths rewritten as relative paths."
rq2/climb/tinyimagenet_2024/traces/climb_trace_t300/TinyImageNet_resnet_medium_prop_idx_5234_sidx_7711_eps_0.0039/on_k256/run.log,rq2,climb,tinyimagenet_2024,"CLIMB enabled, FSB, B=256, budget 100 s; query TinyImageNet_resnet_medium_prop_idx_5234_sidx_7711_eps_0.0039",Figure 7 (fig:exp-trace) (run log),0,a671739eba0fd2bc0db62df0fd8a793aac1a992cd68b377db671f157d8453f6e,scratch/logs/fse2026/climb_trace_t300/TinyImageNet_resnet_medium_prop_idx_5234_sidx_7711_eps_0.0039/on_k256/e1_614a2a4e430eb7771157.log,yes,Verifier log of the run; its CLIMB_TRACE lines are the per-wave trace (trace_<variant>.csv). Absolute paths rewritten as relative paths.
rq2/climb/tinyimagenet_2024/traces/climb_trace_t300/TinyImageNet_resnet_medium_prop_idx_5234_sidx_7711_eps_0.0039/trace_on_k256.csv,rq2,climb,tinyimagenet_2024,"CLIMB enabled, FSB, B=256, budget 100 s; query TinyImageNet_resnet_medium_prop_idx_5234_sidx_7711_eps_0.0039","RQ2 text (checked, not drawn: the disabled run is unsolved)",42,5a5375fdb0b06697b6f37407a49b181dde94f69d9e9cc135a61bd2fd77303183,fse2026/climb_trace_t300/TinyImageNet_resnet_medium_prop_idx_5234_sidx_7711_eps_0.0039/trace_on_k256.csv,yes,"Per-wave trace: time since BaB entry (t), wave, pending (frontier) and processed (nodes) sub-problems."
rq2/climb/tinyimagenet_2024/traces/climb_trace_t300/TinyImageNet_resnet_medium_prop_idx_5440_sidx_1808_eps_0.0039/off_k256/raw.jsonl,rq2,climb,tinyimagenet_2024,"CLIMB disabled, FSB, B=256, budget 300 s; query TinyImageNet_resnet_medium_prop_idx_5440_sidx_1808_eps_0.0039",Figure 7 (fig:exp-trace); RQ2 text (run provenance),1,e2cbd735ed128683e73c7eb6f00e04a725892d05773cbf3ffbe3c5e74f458c05,fse2026/climb_trace_t300/TinyImageNet_resnet_medium_prop_idx_5440_sidx_1808_eps_0.0039/off_k256/raw.jsonl,yes,"Runner record of the run: status, budget, processed and pending sub-problems, metadata. The generator checks the trace's final row against it. Absolute paths rewritten as relative paths."
rq2/climb/tinyimagenet_2024/traces/climb_trace_t300/TinyImageNet_resnet_medium_prop_idx_5440_sidx_1808_eps_0.0039/off_k256/run.log,rq2,climb,tinyimagenet_2024,"CLIMB disabled, FSB, B=256, budget 300 s; query TinyImageNet_resnet_medium_prop_idx_5440_sidx_1808_eps_0.0039",Figure 7 (fig:exp-trace) (run log),0,d7350c10068cda8d5f1baf8bd83bd824853b9b675f2133b2300ba6e875944c40,scratch/logs/fse2026/climb_trace_t300/TinyImageNet_resnet_medium_prop_idx_5440_sidx_1808_eps_0.0039/off_k256/e1_15ef010fcec74a29adc0.log,yes,Verifier log of the run; its CLIMB_TRACE lines are the per-wave trace (trace_<variant>.csv). Absolute paths rewritten as relative paths.
rq2/climb/tinyimagenet_2024/traces/climb_trace_t300/TinyImageNet_resnet_medium_prop_idx_5440_sidx_1808_eps_0.0039/on_k256/raw.jsonl,rq2,climb,tinyimagenet_2024,"CLIMB enabled, FSB, B=256, budget 100 s; query TinyImageNet_resnet_medium_prop_idx_5440_sidx_1808_eps_0.0039",Figure 7 (fig:exp-trace); RQ2 text (run provenance),1,6b6bb3a366169d1e33d40545714e2d983a176c4fdaa6b2110d2606caf62b3e67,fse2026/climb_trace_t300/TinyImageNet_resnet_medium_prop_idx_5440_sidx_1808_eps_0.0039/on_k256/raw.jsonl,yes,"Runner record of the run: status, budget, processed and pending sub-problems, metadata. The generator checks the trace's final row against it. Absolute paths rewritten as relative paths."
rq2/climb/tinyimagenet_2024/traces/climb_trace_t300/TinyImageNet_resnet_medium_prop_idx_5440_sidx_1808_eps_0.0039/on_k256/run.log,rq2,climb,tinyimagenet_2024,"CLIMB enabled, FSB, B=256, budget 100 s; query TinyImageNet_resnet_medium_prop_idx_5440_sidx_1808_eps_0.0039",Figure 7 (fig:exp-trace) (run log),0,b4e3d423161dc7c758c0afed8d74a5a1aebfd252836179809356229bcfe5c82e,scratch/logs/fse2026/climb_trace_t300/TinyImageNet_resnet_medium_prop_idx_5440_sidx_1808_eps_0.0039/on_k256/e1_44a6a5b644ef6bf8f8bb.log,yes,Verifier log of the run; its CLIMB_TRACE lines are the per-wave trace (trace_<variant>.csv). Absolute paths rewritten as relative paths.
rq2/climb/tinyimagenet_2024/traces/climb_trace_t300/TinyImageNet_resnet_medium_prop_idx_5440_sidx_1808_eps_0.0039/trace_on_k256.csv,rq2,climb,tinyimagenet_2024,"CLIMB enabled, FSB, B=256, budget 100 s; query TinyImageNet_resnet_medium_prop_idx_5440_sidx_1808_eps_0.0039","RQ2 text (checked, not drawn: the disabled run is unsolved)",47,041e1dc2e5f30c08584d6e752d03b68c0ab39ebdb563b2281e2567909e39abe4,fse2026/climb_trace_t300/TinyImageNet_resnet_medium_prop_idx_5440_sidx_1808_eps_0.0039/trace_on_k256.csv,yes,"Per-wave trace: time since BaB entry (t), wave, pending (frontier) and processed (nodes) sub-problems."
rq2/climb/tinyimagenet_2024/traces/climb_trace_t300/TinyImageNet_resnet_medium_prop_idx_5442_sidx_6087_eps_0.0039/off_k256/raw.jsonl,rq2,climb,tinyimagenet_2024,"CLIMB disabled, FSB, B=256, budget 300 s; query TinyImageNet_resnet_medium_prop_idx_5442_sidx_6087_eps_0.0039",Figure 7 (fig:exp-trace); RQ2 text (run provenance),1,1b2109135841695825921b1cd3d6788e2040437392f0fca00ab087bad46783f0,fse2026/climb_trace_t300/TinyImageNet_resnet_medium_prop_idx_5442_sidx_6087_eps_0.0039/off_k256/raw.jsonl,yes,"Runner record of the run: status, budget, processed and pending sub-problems, metadata. The generator checks the trace's final row against it. Absolute paths rewritten as relative paths."
rq2/climb/tinyimagenet_2024/traces/climb_trace_t300/TinyImageNet_resnet_medium_prop_idx_5442_sidx_6087_eps_0.0039/off_k256/run.log,rq2,climb,tinyimagenet_2024,"CLIMB disabled, FSB, B=256, budget 300 s; query TinyImageNet_resnet_medium_prop_idx_5442_sidx_6087_eps_0.0039",Figure 7 (fig:exp-trace) (run log),0,e2d2cea6398bf5b1169fbcbc6e46a8f0c09b6dc89cb701b1b929e40d53be533b,scratch/logs/fse2026/climb_trace_t300/TinyImageNet_resnet_medium_prop_idx_5442_sidx_6087_eps_0.0039/off_k256/e1_0be7355c707baa71efbc.log,yes,Verifier log of the run; its CLIMB_TRACE lines are the per-wave trace (trace_<variant>.csv). Absolute paths rewritten as relative paths.
rq2/climb/tinyimagenet_2024/traces/climb_trace_t300/TinyImageNet_resnet_medium_prop_idx_5442_sidx_6087_eps_0.0039/on_k256/raw.jsonl,rq2,climb,tinyimagenet_2024,"CLIMB enabled, FSB, B=256, budget 100 s; query TinyImageNet_resnet_medium_prop_idx_5442_sidx_6087_eps_0.0039",Figure 7 (fig:exp-trace); RQ2 text (run provenance),1,86c5fa177658c60ba1eddb4a8443e670d663ea1a48747f4bdd6f5986f324c6f2,fse2026/climb_trace_t300/TinyImageNet_resnet_medium_prop_idx_5442_sidx_6087_eps_0.0039/on_k256/raw.jsonl,yes,"Runner record of the run: status, budget, processed and pending sub-problems, metadata. The generator checks the trace's final row against it. Absolute paths rewritten as relative paths."
rq2/climb/tinyimagenet_2024/traces/climb_trace_t300/TinyImageNet_resnet_medium_prop_idx_5442_sidx_6087_eps_0.0039/on_k256/run.log,rq2,climb,tinyimagenet_2024,"CLIMB enabled, FSB, B=256, budget 100 s; query TinyImageNet_resnet_medium_prop_idx_5442_sidx_6087_eps_0.0039",Figure 7 (fig:exp-trace) (run log),0,0e6f494de973dd6ec01bb67fc3ee1a744b86650225469c9aedced875c77f160f,scratch/logs/fse2026/climb_trace_t300/TinyImageNet_resnet_medium_prop_idx_5442_sidx_6087_eps_0.0039/on_k256/e1_f23ec2a07091c1de3ff3.log,yes,Verifier log of the run; its CLIMB_TRACE lines are the per-wave trace (trace_<variant>.csv). Absolute paths rewritten as relative paths.
rq2/climb/tinyimagenet_2024/traces/climb_trace_t300/TinyImageNet_resnet_medium_prop_idx_5442_sidx_6087_eps_0.0039/trace_off_k256.csv,rq2,climb,tinyimagenet_2024,"CLIMB disabled, FSB, B=256, budget 300 s; query TinyImageNet_resnet_medium_prop_idx_5442_sidx_6087_eps_0.0039",Figure 7 (fig:exp-trace); RQ2 text,161,36dbc088206666d50228c42e783af82c02351200dd8743863167bf5358351ecf,fse2026/climb_trace_t300/TinyImageNet_resnet_medium_prop_idx_5442_sidx_6087_eps_0.0039/trace_off_k256.csv,yes,"Per-wave trace: time since BaB entry (t), wave, pending (frontier) and processed (nodes) sub-problems."
rq2/climb/tinyimagenet_2024/traces/climb_trace_t300/TinyImageNet_resnet_medium_prop_idx_5442_sidx_6087_eps_0.0039/trace_on_k256.csv,rq2,climb,tinyimagenet_2024,"CLIMB enabled, FSB, B=256, budget 100 s; query TinyImageNet_resnet_medium_prop_idx_5442_sidx_6087_eps_0.0039",Figure 7 (fig:exp-trace); RQ2 text,33,95eee4e31a31c4cb6652fb9271db44110c821c12a2f6e8cec0073dd81fb8c391,fse2026/climb_trace_t300/TinyImageNet_resnet_medium_prop_idx_5442_sidx_6087_eps_0.0039/trace_on_k256.csv,yes,"Per-wave trace: time since BaB entry (t), wave, pending (frontier) and processed (nodes) sub-problems."
rq2/climb/tinyimagenet_2024/traces/climb_trace_t300/TinyImageNet_resnet_medium_prop_idx_5652_sidx_8781_eps_0.0039/off_k256/raw.jsonl,rq2,climb,tinyimagenet_2024,"CLIMB disabled, FSB, B=256, budget 300 s; query TinyImageNet_resnet_medium_prop_idx_5652_sidx_8781_eps_0.0039",Figure 7 (fig:exp-trace); RQ2 text (run provenance),1,0d718479a3dbe805d05c34174f54011b4a97685465f2a299acb3245185179a74,fse2026/climb_trace_t300/TinyImageNet_resnet_medium_prop_idx_5652_sidx_8781_eps_0.0039/off_k256/raw.jsonl,yes,"Runner record of the run: status, budget, processed and pending sub-problems, metadata. The generator checks the trace's final row against it. Absolute paths rewritten as relative paths."
rq2/climb/tinyimagenet_2024/traces/climb_trace_t300/TinyImageNet_resnet_medium_prop_idx_5652_sidx_8781_eps_0.0039/off_k256/run.log,rq2,climb,tinyimagenet_2024,"CLIMB disabled, FSB, B=256, budget 300 s; query TinyImageNet_resnet_medium_prop_idx_5652_sidx_8781_eps_0.0039",Figure 7 (fig:exp-trace) (run log),0,c18ac756d5d2bc22c15935a7c914a0cb482465d25a81e5f3f68457c1b3d138ec,scratch/logs/fse2026/climb_trace_t300/TinyImageNet_resnet_medium_prop_idx_5652_sidx_8781_eps_0.0039/off_k256/e1_9fbb70eab183e7f68c6c.log,yes,Verifier log of the run; its CLIMB_TRACE lines are the per-wave trace (trace_<variant>.csv). Absolute paths rewritten as relative paths.
rq2/climb/tinyimagenet_2024/traces/climb_trace_t300/TinyImageNet_resnet_medium_prop_idx_5652_sidx_8781_eps_0.0039/on_k256/raw.jsonl,rq2,climb,tinyimagenet_2024,"CLIMB enabled, FSB, B=256, budget 100 s; query TinyImageNet_resnet_medium_prop_idx_5652_sidx_8781_eps_0.0039",Figure 7 (fig:exp-trace); RQ2 text (run provenance),1,4ceb4b071a96745b77047ce372a3cb443bac4d8b64c74164968a7b68656db0cc,fse2026/climb_trace_t300/TinyImageNet_resnet_medium_prop_idx_5652_sidx_8781_eps_0.0039/on_k256/raw.jsonl,yes,"Runner record of the run: status, budget, processed and pending sub-problems, metadata. The generator checks the trace's final row against it. Absolute paths rewritten as relative paths."
rq2/climb/tinyimagenet_2024/traces/climb_trace_t300/TinyImageNet_resnet_medium_prop_idx_5652_sidx_8781_eps_0.0039/on_k256/run.log,rq2,climb,tinyimagenet_2024,"CLIMB enabled, FSB, B=256, budget 100 s; query TinyImageNet_resnet_medium_prop_idx_5652_sidx_8781_eps_0.0039",Figure 7 (fig:exp-trace) (run log),0,b2c2a75d1c820a508b45b54455d081bfcbf7994df9244bee2ad912fa7990d3c4,scratch/logs/fse2026/climb_trace_t300/TinyImageNet_resnet_medium_prop_idx_5652_sidx_8781_eps_0.0039/on_k256/e1_a4bc936c93231ab3c81f.log,yes,Verifier log of the run; its CLIMB_TRACE lines are the per-wave trace (trace_<variant>.csv). Absolute paths rewritten as relative paths.
rq2/climb/tinyimagenet_2024/traces/climb_trace_t300/TinyImageNet_resnet_medium_prop_idx_5652_sidx_8781_eps_0.0039/trace_on_k256.csv,rq2,climb,tinyimagenet_2024,"CLIMB enabled, FSB, B=256, budget 100 s; query TinyImageNet_resnet_medium_prop_idx_5652_sidx_8781_eps_0.0039","RQ2 text (checked, not drawn: the disabled run is unsolved)",58,60f189987c947315b18dddaf9fb1ae0477d38b86c7a73a5cf14bda2cc32b2c11,fse2026/climb_trace_t300/TinyImageNet_resnet_medium_prop_idx_5652_sidx_8781_eps_0.0039/trace_on_k256.csv,yes,"Per-wave trace: time since BaB entry (t), wave, pending (frontier) and processed (nodes) sub-problems."
rq2/climb/tinyimagenet_2024/traces/climb_trace_t300/TinyImageNet_resnet_medium_prop_idx_6077_sidx_9485_eps_0.0039/off_k256/raw.jsonl,rq2,climb,tinyimagenet_2024,"CLIMB disabled, FSB, B=256, budget 300 s; query TinyImageNet_resnet_medium_prop_idx_6077_sidx_9485_eps_0.0039",Figure 7 (fig:exp-trace); RQ2 text (run provenance),1,3f0bbc2730a820e97b8e748edfc11d0ad4521c4182bf9638a4741988b6ddc756,fse2026/climb_trace_t300/TinyImageNet_resnet_medium_prop_idx_6077_sidx_9485_eps_0.0039/off_k256/raw.jsonl,yes,"Runner record of the run: status, budget, processed and pending sub-problems, metadata. The generator checks the trace's final row against it. Absolute paths rewritten as relative paths."
rq2/climb/tinyimagenet_2024/traces/climb_trace_t300/TinyImageNet_resnet_medium_prop_idx_6077_sidx_9485_eps_0.0039/off_k256/run.log,rq2,climb,tinyimagenet_2024,"CLIMB disabled, FSB, B=256, budget 300 s; query TinyImageNet_resnet_medium_prop_idx_6077_sidx_9485_eps_0.0039",Figure 7 (fig:exp-trace) (run log),0,c3f81a480c5c0b84219f2725eae6783ee6ee5f0c4e3ecfb36b6e5da66836d7e0,scratch/logs/fse2026/climb_trace_t300/TinyImageNet_resnet_medium_prop_idx_6077_sidx_9485_eps_0.0039/off_k256/e1_39cc4944b5006f10d5ab.log,yes,Verifier log of the run; its CLIMB_TRACE lines are the per-wave trace (trace_<variant>.csv). Absolute paths rewritten as relative paths.
rq2/climb/tinyimagenet_2024/traces/climb_trace_t300/TinyImageNet_resnet_medium_prop_idx_6077_sidx_9485_eps_0.0039/on_k256/raw.jsonl,rq2,climb,tinyimagenet_2024,"CLIMB enabled, FSB, B=256, budget 100 s; query TinyImageNet_resnet_medium_prop_idx_6077_sidx_9485_eps_0.0039",Figure 7 (fig:exp-trace); RQ2 text (run provenance),1,6ed103c869e99ad4eac70aa4143526cbed02c3ebe16fb4e2ef36219323ead093,fse2026/climb_trace_t300/TinyImageNet_resnet_medium_prop_idx_6077_sidx_9485_eps_0.0039/on_k256/raw.jsonl,yes,"Runner record of the run: status, budget, processed and pending sub-problems, metadata. The generator checks the trace's final row against it. Absolute paths rewritten as relative paths."
rq2/climb/tinyimagenet_2024/traces/climb_trace_t300/TinyImageNet_resnet_medium_prop_idx_6077_sidx_9485_eps_0.0039/on_k256/run.log,rq2,climb,tinyimagenet_2024,"CLIMB enabled, FSB, B=256, budget 100 s; query TinyImageNet_resnet_medium_prop_idx_6077_sidx_9485_eps_0.0039",Figure 7 (fig:exp-trace) (run log),0,90b8f7027b57d6b38877d335da0ebaf1c3565c9ae2cb7e467e3275fd9ee46c64,scratch/logs/fse2026/climb_trace_t300/TinyImageNet_resnet_medium_prop_idx_6077_sidx_9485_eps_0.0039/on_k256/e1_b10141cc9ee9ce42f898.log,yes,Verifier log of the run; its CLIMB_TRACE lines are the per-wave trace (trace_<variant>.csv). Absolute paths rewritten as relative paths.
rq2/climb/tinyimagenet_2024/traces/climb_trace_t300/TinyImageNet_resnet_medium_prop_idx_6077_sidx_9485_eps_0.0039/trace_on_k256.csv,rq2,climb,tinyimagenet_2024,"CLIMB enabled, FSB, B=256, budget 100 s; query TinyImageNet_resnet_medium_prop_idx_6077_sidx_9485_eps_0.0039","RQ2 text (checked, not drawn: the disabled run is unsolved)",45,8ac12772cc910273d45395aef4eb46372bc2368a26271b468b9ea79f81778082,fse2026/climb_trace_t300/TinyImageNet_resnet_medium_prop_idx_6077_sidx_9485_eps_0.0039/trace_on_k256.csv,yes,"Per-wave trace: time since BaB entry (t), wave, pending (frontier) and processed (nodes) sub-problems."
rq2/climb/tinyimagenet_2024/traces/climb_trace_t300/TinyImageNet_resnet_medium_prop_idx_6230_sidx_8544_eps_0.0039/off_k256/raw.jsonl,rq2,climb,tinyimagenet_2024,"CLIMB disabled, FSB, B=256, budget 300 s; query TinyImageNet_resnet_medium_prop_idx_6230_sidx_8544_eps_0.0039",Figure 7 (fig:exp-trace); RQ2 text (run provenance),1,3e2739b6e38472afe094f41553ea358c6af03ff715dda01ac0d5f87b42fb4b9a,fse2026/climb_trace_t300/TinyImageNet_resnet_medium_prop_idx_6230_sidx_8544_eps_0.0039/off_k256/raw.jsonl,yes,"Runner record of the run: status, budget, processed and pending sub-problems, metadata. The generator checks the trace's final row against it. Absolute paths rewritten as relative paths."
rq2/climb/tinyimagenet_2024/traces/climb_trace_t300/TinyImageNet_resnet_medium_prop_idx_6230_sidx_8544_eps_0.0039/off_k256/run.log,rq2,climb,tinyimagenet_2024,"CLIMB disabled, FSB, B=256, budget 300 s; query TinyImageNet_resnet_medium_prop_idx_6230_sidx_8544_eps_0.0039",Figure 7 (fig:exp-trace) (run log),0,81767e9e0ec659c651dc41a792c7cf392e75161590af49499782790ed9fddc71,scratch/logs/fse2026/climb_trace_t300/TinyImageNet_resnet_medium_prop_idx_6230_sidx_8544_eps_0.0039/off_k256/e1_ecf0d5893291b7c8f46b.log,yes,Verifier log of the run; its CLIMB_TRACE lines are the per-wave trace (trace_<variant>.csv). Absolute paths rewritten as relative paths.
rq2/climb/tinyimagenet_2024/traces/climb_trace_t300/TinyImageNet_resnet_medium_prop_idx_6230_sidx_8544_eps_0.0039/on_k256/raw.jsonl,rq2,climb,tinyimagenet_2024,"CLIMB enabled, FSB, B=256, budget 100 s; query TinyImageNet_resnet_medium_prop_idx_6230_sidx_8544_eps_0.0039",Figure 7 (fig:exp-trace); RQ2 text (run provenance),1,82b87e176fd08ef38ecd6910fb7a31d3b58bc934f4693321f8980c2f99034baf,fse2026/climb_trace_t300/TinyImageNet_resnet_medium_prop_idx_6230_sidx_8544_eps_0.0039/on_k256/raw.jsonl,yes,"Runner record of the run: status, budget, processed and pending sub-problems, metadata. The generator checks the trace's final row against it. Absolute paths rewritten as relative paths."
rq2/climb/tinyimagenet_2024/traces/climb_trace_t300/TinyImageNet_resnet_medium_prop_idx_6230_sidx_8544_eps_0.0039/on_k256/run.log,rq2,climb,tinyimagenet_2024,"CLIMB enabled, FSB, B=256, budget 100 s; query TinyImageNet_resnet_medium_prop_idx_6230_sidx_8544_eps_0.0039",Figure 7 (fig:exp-trace) (run log),0,da80de3c06b716293dde93b8fab6f3013335c1c2a8aacddb7761e4f1ff7bba79,scratch/logs/fse2026/climb_trace_t300/TinyImageNet_resnet_medium_prop_idx_6230_sidx_8544_eps_0.0039/on_k256/e1_d0e1cc0ac314e9b8e4e6.log,yes,Verifier log of the run; its CLIMB_TRACE lines are the per-wave trace (trace_<variant>.csv). Absolute paths rewritten as relative paths.
rq2/climb/tinyimagenet_2024/traces/climb_trace_t300/TinyImageNet_resnet_medium_prop_idx_6230_sidx_8544_eps_0.0039/trace_on_k256.csv,rq2,climb,tinyimagenet_2024,"CLIMB enabled, FSB, B=256, budget 100 s; query TinyImageNet_resnet_medium_prop_idx_6230_sidx_8544_eps_0.0039","RQ2 text (checked, not drawn: the disabled run is unsolved)",76,10594ea7c59ea192cab635174334a34a53a7452b564c724550dc58ff87545bd9,fse2026/climb_trace_t300/TinyImageNet_resnet_medium_prop_idx_6230_sidx_8544_eps_0.0039/trace_on_k256.csv,yes,"Per-wave trace: time since BaB entry (t), wave, pending (frontier) and processed (nodes) sub-problems."
rq2/climb/tinyimagenet_2024/traces/climb_trace_t300/TinyImageNet_resnet_medium_prop_idx_6569_sidx_5110_eps_0.0039/off_k256/raw.jsonl,rq2,climb,tinyimagenet_2024,"CLIMB disabled, FSB, B=256, budget 300 s; query TinyImageNet_resnet_medium_prop_idx_6569_sidx_5110_eps_0.0039",Figure 7 (fig:exp-trace); RQ2 text (run provenance),1,8da680b70a7da8be7a894e6c3036b682d8dedc6e51a2ad2d2463185423add1be,fse2026/climb_trace_t300/TinyImageNet_resnet_medium_prop_idx_6569_sidx_5110_eps_0.0039/off_k256/raw.jsonl,yes,"Runner record of the run: status, budget, processed and pending sub-problems, metadata. The generator checks the trace's final row against it. Absolute paths rewritten as relative paths."
rq2/climb/tinyimagenet_2024/traces/climb_trace_t300/TinyImageNet_resnet_medium_prop_idx_6569_sidx_5110_eps_0.0039/off_k256/run.log,rq2,climb,tinyimagenet_2024,"CLIMB disabled, FSB, B=256, budget 300 s; query TinyImageNet_resnet_medium_prop_idx_6569_sidx_5110_eps_0.0039",Figure 7 (fig:exp-trace) (run log),0,6740339bd4a8410f153b0ef163a4e4c8cdb716621c1d1854bbcc2c6fbee405a6,scratch/logs/fse2026/climb_trace_t300/TinyImageNet_resnet_medium_prop_idx_6569_sidx_5110_eps_0.0039/off_k256/e1_5f6e1a2b22cb20872fdf.log,yes,Verifier log of the run; its CLIMB_TRACE lines are the per-wave trace (trace_<variant>.csv). Absolute paths rewritten as relative paths.
rq2/climb/tinyimagenet_2024/traces/climb_trace_t300/TinyImageNet_resnet_medium_prop_idx_6569_sidx_5110_eps_0.0039/on_k256/raw.jsonl,rq2,climb,tinyimagenet_2024,"CLIMB enabled, FSB, B=256, budget 100 s; query TinyImageNet_resnet_medium_prop_idx_6569_sidx_5110_eps_0.0039",Figure 7 (fig:exp-trace); RQ2 text (run provenance),1,03ceeec1fe93e56f1cf5dc45a38ab9c9ca40886e35e009facc5771d43ef516f8,fse2026/climb_trace_t300/TinyImageNet_resnet_medium_prop_idx_6569_sidx_5110_eps_0.0039/on_k256/raw.jsonl,yes,"Runner record of the run: status, budget, processed and pending sub-problems, metadata. The generator checks the trace's final row against it. Absolute paths rewritten as relative paths."
rq2/climb/tinyimagenet_2024/traces/climb_trace_t300/TinyImageNet_resnet_medium_prop_idx_6569_sidx_5110_eps_0.0039/on_k256/run.log,rq2,climb,tinyimagenet_2024,"CLIMB enabled, FSB, B=256, budget 100 s; query TinyImageNet_resnet_medium_prop_idx_6569_sidx_5110_eps_0.0039",Figure 7 (fig:exp-trace) (run log),0,ab3355e3d5ea4f497d1c63a94b779256cc86b1153a466ad900f7345ab6ea8070,scratch/logs/fse2026/climb_trace_t300/TinyImageNet_resnet_medium_prop_idx_6569_sidx_5110_eps_0.0039/on_k256/e1_ec46d99361b2ef1cb654.log,yes,Verifier log of the run; its CLIMB_TRACE lines are the per-wave trace (trace_<variant>.csv). Absolute paths rewritten as relative paths.
rq2/climb/tinyimagenet_2024/traces/climb_trace_t300/TinyImageNet_resnet_medium_prop_idx_6569_sidx_5110_eps_0.0039/trace_on_k256.csv,rq2,climb,tinyimagenet_2024,"CLIMB enabled, FSB, B=256, budget 100 s; query TinyImageNet_resnet_medium_prop_idx_6569_sidx_5110_eps_0.0039","RQ2 text (checked, not drawn: the disabled run is unsolved)",51,8695471f120e0ca0564b7a3fd1c9b9bf345c0265b9b20f545b7c40972d6e25a7,fse2026/climb_trace_t300/TinyImageNet_resnet_medium_prop_idx_6569_sidx_5110_eps_0.0039/trace_on_k256.csv,yes,"Per-wave trace: time since BaB entry (t), wave, pending (frontier) and processed (nodes) sub-problems."
rq2/climb/tinyimagenet_2024/traces/climb_trace_t300/TinyImageNet_resnet_medium_prop_idx_670_sidx_7171_eps_0.0039/off_k256/raw.jsonl,rq2,climb,tinyimagenet_2024,"CLIMB disabled, FSB, B=256, budget 300 s; query TinyImageNet_resnet_medium_prop_idx_670_sidx_7171_eps_0.0039",Figure 7 (fig:exp-trace); RQ2 text (run provenance),1,d4b3d24bc600f231c8d396b75f8fd53fedf1e9b1c52ec217631cc58c1333d5ca,fse2026/climb_trace_t300/TinyImageNet_resnet_medium_prop_idx_670_sidx_7171_eps_0.0039/off_k256/raw.jsonl,yes,"Runner record of the run: status, budget, processed and pending sub-problems, metadata. The generator checks the trace's final row against it. Absolute paths rewritten as relative paths."
rq2/climb/tinyimagenet_2024/traces/climb_trace_t300/TinyImageNet_resnet_medium_prop_idx_670_sidx_7171_eps_0.0039/off_k256/run.log,rq2,climb,tinyimagenet_2024,"CLIMB disabled, FSB, B=256, budget 300 s; query TinyImageNet_resnet_medium_prop_idx_670_sidx_7171_eps_0.0039",Figure 7 (fig:exp-trace) (run log),0,4982eea0588a4e065f58d907639d1e0d11a070aaec3423e596f58ed946346558,scratch/logs/fse2026/climb_trace_t300/TinyImageNet_resnet_medium_prop_idx_670_sidx_7171_eps_0.0039/off_k256/e1_23370bf7c1d300f7ab5b.log,yes,Verifier log of the run; its CLIMB_TRACE lines are the per-wave trace (trace_<variant>.csv). Absolute paths rewritten as relative paths.
rq2/climb/tinyimagenet_2024/traces/climb_trace_t300/TinyImageNet_resnet_medium_prop_idx_670_sidx_7171_eps_0.0039/on_k256/raw.jsonl,rq2,climb,tinyimagenet_2024,"CLIMB enabled, FSB, B=256, budget 100 s; query TinyImageNet_resnet_medium_prop_idx_670_sidx_7171_eps_0.0039",Figure 7 (fig:exp-trace); RQ2 text (run provenance),1,3791949413b85c650cf2f945692cd283ee96482913c3eafb2d356a77f0fb6796,fse2026/climb_trace_t300/TinyImageNet_resnet_medium_prop_idx_670_sidx_7171_eps_0.0039/on_k256/raw.jsonl,yes,"Runner record of the run: status, budget, processed and pending sub-problems, metadata. The generator checks the trace's final row against it. Absolute paths rewritten as relative paths."
rq2/climb/tinyimagenet_2024/traces/climb_trace_t300/TinyImageNet_resnet_medium_prop_idx_670_sidx_7171_eps_0.0039/on_k256/run.log,rq2,climb,tinyimagenet_2024,"CLIMB enabled, FSB, B=256, budget 100 s; query TinyImageNet_resnet_medium_prop_idx_670_sidx_7171_eps_0.0039",Figure 7 (fig:exp-trace) (run log),0,355e4d29c533764f118cd20ea1177f2f65ab6a28bdd7aee68f70bb6e7f345bce,scratch/logs/fse2026/climb_trace_t300/TinyImageNet_resnet_medium_prop_idx_670_sidx_7171_eps_0.0039/on_k256/e1_ae0fdb72899de283e7f9.log,yes,Verifier log of the run; its CLIMB_TRACE lines are the per-wave trace (trace_<variant>.csv). Absolute paths rewritten as relative paths.
rq2/climb/tinyimagenet_2024/traces/climb_trace_t300/TinyImageNet_resnet_medium_prop_idx_670_sidx_7171_eps_0.0039/trace_on_k256.csv,rq2,climb,tinyimagenet_2024,"CLIMB enabled, FSB, B=256, budget 100 s; query TinyImageNet_resnet_medium_prop_idx_670_sidx_7171_eps_0.0039","RQ2 text (checked, not drawn: the disabled run is unsolved)",56,1d99b41c7011179ab51871324a3c6dbe6b120ce20637d5ba074983ed6c4d8375,fse2026/climb_trace_t300/TinyImageNet_resnet_medium_prop_idx_670_sidx_7171_eps_0.0039/trace_on_k256.csv,yes,"Per-wave trace: time since BaB entry (t), wave, pending (frontier) and processed (nodes) sub-problems."
rq2/climb/tinyimagenet_2024/traces/climb_trace_t300/TinyImageNet_resnet_medium_prop_idx_6958_sidx_1414_eps_0.0039/off_k256/raw.jsonl,rq2,climb,tinyimagenet_2024,"CLIMB disabled, FSB, B=256, budget 300 s; query TinyImageNet_resnet_medium_prop_idx_6958_sidx_1414_eps_0.0039",Figure 7 (fig:exp-trace); RQ2 text (run provenance),1,17a1c89cf054876b89172e7518e1952a5c80483529cbdcc88a54ae9da7dc7b43,fse2026/climb_trace_t300/TinyImageNet_resnet_medium_prop_idx_6958_sidx_1414_eps_0.0039/off_k256/raw.jsonl,yes,"Runner record of the run: status, budget, processed and pending sub-problems, metadata. The generator checks the trace's final row against it. Absolute paths rewritten as relative paths."
rq2/climb/tinyimagenet_2024/traces/climb_trace_t300/TinyImageNet_resnet_medium_prop_idx_6958_sidx_1414_eps_0.0039/off_k256/run.log,rq2,climb,tinyimagenet_2024,"CLIMB disabled, FSB, B=256, budget 300 s; query TinyImageNet_resnet_medium_prop_idx_6958_sidx_1414_eps_0.0039",Figure 7 (fig:exp-trace) (run log),0,5e294e4e39529363c04974f6dab9c506d7915b113d05c799c5a2c78cf97c40de,scratch/logs/fse2026/climb_trace_t300/TinyImageNet_resnet_medium_prop_idx_6958_sidx_1414_eps_0.0039/off_k256/e1_03946ee84e0ff0f1e6b6.log,yes,Verifier log of the run; its CLIMB_TRACE lines are the per-wave trace (trace_<variant>.csv). Absolute paths rewritten as relative paths.
rq2/climb/tinyimagenet_2024/traces/climb_trace_t300/TinyImageNet_resnet_medium_prop_idx_6958_sidx_1414_eps_0.0039/on_k256/raw.jsonl,rq2,climb,tinyimagenet_2024,"CLIMB enabled, FSB, B=256, budget 100 s; query TinyImageNet_resnet_medium_prop_idx_6958_sidx_1414_eps_0.0039",Figure 7 (fig:exp-trace); RQ2 text (run provenance),1,febbf544203e0bc32f65c7100f3e09cfc3daf1263b09c1252dccaf69e33e0a07,fse2026/climb_trace_t300/TinyImageNet_resnet_medium_prop_idx_6958_sidx_1414_eps_0.0039/on_k256/raw.jsonl,yes,"Runner record of the run: status, budget, processed and pending sub-problems, metadata. The generator checks the trace's final row against it. Absolute paths rewritten as relative paths."
rq2/climb/tinyimagenet_2024/traces/climb_trace_t300/TinyImageNet_resnet_medium_prop_idx_6958_sidx_1414_eps_0.0039/on_k256/run.log,rq2,climb,tinyimagenet_2024,"CLIMB enabled, FSB, B=256, budget 100 s; query TinyImageNet_resnet_medium_prop_idx_6958_sidx_1414_eps_0.0039",Figure 7 (fig:exp-trace) (run log),0,20ba2b41d491054a962b5e023bef4551174100d13492c4e0a2342347db96beee,scratch/logs/fse2026/climb_trace_t300/TinyImageNet_resnet_medium_prop_idx_6958_sidx_1414_eps_0.0039/on_k256/e1_50ce4b0b70c123c4c650.log,yes,Verifier log of the run; its CLIMB_TRACE lines are the per-wave trace (trace_<variant>.csv). Absolute paths rewritten as relative paths.
rq2/climb/tinyimagenet_2024/traces/climb_trace_t300/TinyImageNet_resnet_medium_prop_idx_6958_sidx_1414_eps_0.0039/trace_off_k256.csv,rq2,climb,tinyimagenet_2024,"CLIMB disabled, FSB, B=256, budget 300 s; query TinyImageNet_resnet_medium_prop_idx_6958_sidx_1414_eps_0.0039",Figure 7 (fig:exp-trace); RQ2 text,46,2a25c1e843cfcef641ea424a313c3151c90d7aa95ff0af226dc6adf1787c8164,fse2026/climb_trace_t300/TinyImageNet_resnet_medium_prop_idx_6958_sidx_1414_eps_0.0039/trace_off_k256.csv,yes,"Per-wave trace: time since BaB entry (t), wave, pending (frontier) and processed (nodes) sub-problems."
rq2/climb/tinyimagenet_2024/traces/climb_trace_t300/TinyImageNet_resnet_medium_prop_idx_6958_sidx_1414_eps_0.0039/trace_on_k256.csv,rq2,climb,tinyimagenet_2024,"CLIMB enabled, FSB, B=256, budget 100 s; query TinyImageNet_resnet_medium_prop_idx_6958_sidx_1414_eps_0.0039",Figure 7 (fig:exp-trace); RQ2 text,39,bd0b6e0f0a221007475ed194f05cd4f0a2648f6999216549beac02598c944f84,fse2026/climb_trace_t300/TinyImageNet_resnet_medium_prop_idx_6958_sidx_1414_eps_0.0039/trace_on_k256.csv,yes,"Per-wave trace: time since BaB entry (t), wave, pending (frontier) and processed (nodes) sub-problems."
rq2/climb/tinyimagenet_2024/traces/climb_trace_t300/TinyImageNet_resnet_medium_prop_idx_736_sidx_8938_eps_0.0039/off_k256/raw.jsonl,rq2,climb,tinyimagenet_2024,"CLIMB disabled, FSB, B=256, budget 300 s; query TinyImageNet_resnet_medium_prop_idx_736_sidx_8938_eps_0.0039",Figure 7 (fig:exp-trace); RQ2 text (run provenance),1,dc40c527022d21c7dfdc99b5fe1b8e3c3d6569bb15b5f8a0c216af0fffb5db9f,fse2026/climb_trace_t300/TinyImageNet_resnet_medium_prop_idx_736_sidx_8938_eps_0.0039/off_k256/raw.jsonl,yes,"Runner record of the run: status, budget, processed and pending sub-problems, metadata. The generator checks the trace's final row against it. Absolute paths rewritten as relative paths."
rq2/climb/tinyimagenet_2024/traces/climb_trace_t300/TinyImageNet_resnet_medium_prop_idx_736_sidx_8938_eps_0.0039/off_k256/run.log,rq2,climb,tinyimagenet_2024,"CLIMB disabled, FSB, B=256, budget 300 s; query TinyImageNet_resnet_medium_prop_idx_736_sidx_8938_eps_0.0039",Figure 7 (fig:exp-trace) (run log),0,0d0fca2f9bc39d818631e7201c04dfec44bd4ec5188cdd4a7109bf9c5718cdf1,scratch/logs/fse2026/climb_trace_t300/TinyImageNet_resnet_medium_prop_idx_736_sidx_8938_eps_0.0039/off_k256/e1_908fd788395b3dd5ee15.log,yes,Verifier log of the run; its CLIMB_TRACE lines are the per-wave trace (trace_<variant>.csv). Absolute paths rewritten as relative paths.
rq2/climb/tinyimagenet_2024/traces/climb_trace_t300/TinyImageNet_resnet_medium_prop_idx_736_sidx_8938_eps_0.0039/on_k256/raw.jsonl,rq2,climb,tinyimagenet_2024,"CLIMB enabled, FSB, B=256, budget 100 s; query TinyImageNet_resnet_medium_prop_idx_736_sidx_8938_eps_0.0039",Figure 7 (fig:exp-trace); RQ2 text (run provenance),1,21be724e0b9601763470938299d6de9b09d30638b9f63b11e79d8908630bb97b,fse2026/climb_trace_t300/TinyImageNet_resnet_medium_prop_idx_736_sidx_8938_eps_0.0039/on_k256/raw.jsonl,yes,"Runner record of the run: status, budget, processed and pending sub-problems, metadata. The generator checks the trace's final row against it. Absolute paths rewritten as relative paths."
rq2/climb/tinyimagenet_2024/traces/climb_trace_t300/TinyImageNet_resnet_medium_prop_idx_736_sidx_8938_eps_0.0039/on_k256/run.log,rq2,climb,tinyimagenet_2024,"CLIMB enabled, FSB, B=256, budget 100 s; query TinyImageNet_resnet_medium_prop_idx_736_sidx_8938_eps_0.0039",Figure 7 (fig:exp-trace) (run log),0,10b54cc1e9d84649a5af2dcfb84726ed6aad769f2f56c2e413f64e485e03d632,scratch/logs/fse2026/climb_trace_t300/TinyImageNet_resnet_medium_prop_idx_736_sidx_8938_eps_0.0039/on_k256/e1_283246db1728717e0667.log,yes,Verifier log of the run; its CLIMB_TRACE lines are the per-wave trace (trace_<variant>.csv). Absolute paths rewritten as relative paths.
rq2/climb/tinyimagenet_2024/traces/climb_trace_t300/TinyImageNet_resnet_medium_prop_idx_736_sidx_8938_eps_0.0039/trace_on_k256.csv,rq2,climb,tinyimagenet_2024,"CLIMB enabled, FSB, B=256, budget 100 s; query TinyImageNet_resnet_medium_prop_idx_736_sidx_8938_eps_0.0039","RQ2 text (checked, not drawn: the disabled run is unsolved)",60,5be55512e6e49e6660900cd8d157c1bd83280ad70cf64ce076732746c2b834de,fse2026/climb_trace_t300/TinyImageNet_resnet_medium_prop_idx_736_sidx_8938_eps_0.0039/trace_on_k256.csv,yes,"Per-wave trace: time since BaB entry (t), wave, pending (frontier) and processed (nodes) sub-problems."
rq2/climb/tinyimagenet_2024/traces/climb_trace_t300/TinyImageNet_resnet_medium_prop_idx_7926_sidx_589_eps_0.0039/off_k256/raw.jsonl,rq2,climb,tinyimagenet_2024,"CLIMB disabled, FSB, B=256, budget 300 s; query TinyImageNet_resnet_medium_prop_idx_7926_sidx_589_eps_0.0039",Figure 7 (fig:exp-trace); RQ2 text (run provenance),1,4def86e7db9e7431b01eeac2ed03a4b43eb110a3ad8a15b1e0a1b0414b648a2e,fse2026/climb_trace_t300/TinyImageNet_resnet_medium_prop_idx_7926_sidx_589_eps_0.0039/off_k256/raw.jsonl,yes,"Runner record of the run: status, budget, processed and pending sub-problems, metadata. The generator checks the trace's final row against it. Absolute paths rewritten as relative paths."
rq2/climb/tinyimagenet_2024/traces/climb_trace_t300/TinyImageNet_resnet_medium_prop_idx_7926_sidx_589_eps_0.0039/off_k256/run.log,rq2,climb,tinyimagenet_2024,"CLIMB disabled, FSB, B=256, budget 300 s; query TinyImageNet_resnet_medium_prop_idx_7926_sidx_589_eps_0.0039",Figure 7 (fig:exp-trace) (run log),0,d12dc4088f0fb794ce92706d66654b8301a6e242530c36b822b05ec25da4c177,scratch/logs/fse2026/climb_trace_t300/TinyImageNet_resnet_medium_prop_idx_7926_sidx_589_eps_0.0039/off_k256/e1_2ba541c68e29e199a057.log,yes,Verifier log of the run; its CLIMB_TRACE lines are the per-wave trace (trace_<variant>.csv). Absolute paths rewritten as relative paths.
rq2/climb/tinyimagenet_2024/traces/climb_trace_t300/TinyImageNet_resnet_medium_prop_idx_7926_sidx_589_eps_0.0039/on_k256/raw.jsonl,rq2,climb,tinyimagenet_2024,"CLIMB enabled, FSB, B=256, budget 100 s; query TinyImageNet_resnet_medium_prop_idx_7926_sidx_589_eps_0.0039",Figure 7 (fig:exp-trace); RQ2 text (run provenance),1,fdc325b013ee5aec3f3746702a59a145b29246b52649c1c09487f8255e53ee58,fse2026/climb_trace_t300/TinyImageNet_resnet_medium_prop_idx_7926_sidx_589_eps_0.0039/on_k256/raw.jsonl,yes,"Runner record of the run: status, budget, processed and pending sub-problems, metadata. The generator checks the trace's final row against it. Absolute paths rewritten as relative paths."
rq2/climb/tinyimagenet_2024/traces/climb_trace_t300/TinyImageNet_resnet_medium_prop_idx_7926_sidx_589_eps_0.0039/on_k256/run.log,rq2,climb,tinyimagenet_2024,"CLIMB enabled, FSB, B=256, budget 100 s; query TinyImageNet_resnet_medium_prop_idx_7926_sidx_589_eps_0.0039",Figure 7 (fig:exp-trace) (run log),0,6c1478979e7c7aff3896286a85508384842b56ac992cd32f1260485d842d019d,scratch/logs/fse2026/climb_trace_t300/TinyImageNet_resnet_medium_prop_idx_7926_sidx_589_eps_0.0039/on_k256/e1_058b08ce740126a90568.log,yes,Verifier log of the run; its CLIMB_TRACE lines are the per-wave trace (trace_<variant>.csv). Absolute paths rewritten as relative paths.
rq2/climb/tinyimagenet_2024/traces/climb_trace_t300/TinyImageNet_resnet_medium_prop_idx_7926_sidx_589_eps_0.0039/trace_off_k256.csv,rq2,climb,tinyimagenet_2024,"CLIMB disabled, FSB, B=256, budget 300 s; query TinyImageNet_resnet_medium_prop_idx_7926_sidx_589_eps_0.0039",Figure 7 (fig:exp-trace); RQ2 text,40,78de47cec7e9a839fa6308d3b7103b095160904dc2cd77f2ba45d4f19ca2874a,fse2026/climb_trace_t300/TinyImageNet_resnet_medium_prop_idx_7926_sidx_589_eps_0.0039/trace_off_k256.csv,yes,"Per-wave trace: time since BaB entry (t), wave, pending (frontier) and processed (nodes) sub-problems."
rq2/climb/tinyimagenet_2024/traces/climb_trace_t300/TinyImageNet_resnet_medium_prop_idx_7926_sidx_589_eps_0.0039/trace_on_k256.csv,rq2,climb,tinyimagenet_2024,"CLIMB enabled, FSB, B=256, budget 100 s; query TinyImageNet_resnet_medium_prop_idx_7926_sidx_589_eps_0.0039",Figure 7 (fig:exp-trace); RQ2 text,26,c2e604ffce94cde14b2f1113fd8778919c3001448673955c656c5e35aacab671,fse2026/climb_trace_t300/TinyImageNet_resnet_medium_prop_idx_7926_sidx_589_eps_0.0039/trace_on_k256.csv,yes,"Per-wave trace: time since BaB entry (t), wave, pending (frontier) and processed (nodes) sub-problems."
rq2/climb/tinyimagenet_2024/traces/climb_trace_t300/TinyImageNet_resnet_medium_prop_idx_8013_sidx_2238_eps_0.0039/off_k256/raw.jsonl,rq2,climb,tinyimagenet_2024,"CLIMB disabled, FSB, B=256, budget 300 s; query TinyImageNet_resnet_medium_prop_idx_8013_sidx_2238_eps_0.0039",Figure 7 (fig:exp-trace); RQ2 text (run provenance),1,c43a54dad8a16b54634dc656fbf2416974efff6951e0c934ec412ff90fcd1e91,fse2026/climb_trace_t300/TinyImageNet_resnet_medium_prop_idx_8013_sidx_2238_eps_0.0039/off_k256/raw.jsonl,yes,"Runner record of the run: status, budget, processed and pending sub-problems, metadata. The generator checks the trace's final row against it. Absolute paths rewritten as relative paths."
rq2/climb/tinyimagenet_2024/traces/climb_trace_t300/TinyImageNet_resnet_medium_prop_idx_8013_sidx_2238_eps_0.0039/off_k256/run.log,rq2,climb,tinyimagenet_2024,"CLIMB disabled, FSB, B=256, budget 300 s; query TinyImageNet_resnet_medium_prop_idx_8013_sidx_2238_eps_0.0039",Figure 7 (fig:exp-trace) (run log),0,6d155cbde4fae312f0a585c761e2a412507d59a1ac5a31a1768ef5ed95283c35,scratch/logs/fse2026/climb_trace_t300/TinyImageNet_resnet_medium_prop_idx_8013_sidx_2238_eps_0.0039/off_k256/e1_a0e7aa9d299fcea5b50d.log,yes,Verifier log of the run; its CLIMB_TRACE lines are the per-wave trace (trace_<variant>.csv). Absolute paths rewritten as relative paths.
rq2/climb/tinyimagenet_2024/traces/climb_trace_t300/TinyImageNet_resnet_medium_prop_idx_8013_sidx_2238_eps_0.0039/on_k256/raw.jsonl,rq2,climb,tinyimagenet_2024,"CLIMB enabled, FSB, B=256, budget 100 s; query TinyImageNet_resnet_medium_prop_idx_8013_sidx_2238_eps_0.0039",Figure 7 (fig:exp-trace); RQ2 text (run provenance),1,506453236746a7f1c904464757b0ae4a129740cc42727c3361f80a83e77666ae,fse2026/climb_trace_t300/TinyImageNet_resnet_medium_prop_idx_8013_sidx_2238_eps_0.0039/on_k256/raw.jsonl,yes,"Runner record of the run: status, budget, processed and pending sub-problems, metadata. The generator checks the trace's final row against it. Absolute paths rewritten as relative paths."
rq2/climb/tinyimagenet_2024/traces/climb_trace_t300/TinyImageNet_resnet_medium_prop_idx_8013_sidx_2238_eps_0.0039/on_k256/run.log,rq2,climb,tinyimagenet_2024,"CLIMB enabled, FSB, B=256, budget 100 s; query TinyImageNet_resnet_medium_prop_idx_8013_sidx_2238_eps_0.0039",Figure 7 (fig:exp-trace) (run log),0,0ddea6cecee2cc4b14d678b1c6525002cbd0e91eeddfd189983eee2287f3c732,scratch/logs/fse2026/climb_trace_t300/TinyImageNet_resnet_medium_prop_idx_8013_sidx_2238_eps_0.0039/on_k256/e1_05c31a5afe173200693a.log,yes,Verifier log of the run; its CLIMB_TRACE lines are the per-wave trace (trace_<variant>.csv). Absolute paths rewritten as relative paths.
rq2/climb/tinyimagenet_2024/traces/climb_trace_t300/TinyImageNet_resnet_medium_prop_idx_8013_sidx_2238_eps_0.0039/trace_off_k256.csv,rq2,climb,tinyimagenet_2024,"CLIMB disabled, FSB, B=256, budget 300 s; query TinyImageNet_resnet_medium_prop_idx_8013_sidx_2238_eps_0.0039",Figure 7 (fig:exp-trace); RQ2 text,73,ad99af025dd2d0bcb1ba28f33863052563ff9870b3a7d9f285c4df2f326d98e2,fse2026/climb_trace_t300/TinyImageNet_resnet_medium_prop_idx_8013_sidx_2238_eps_0.0039/trace_off_k256.csv,yes,"Per-wave trace: time since BaB entry (t), wave, pending (frontier) and processed (nodes) sub-problems."
rq2/climb/tinyimagenet_2024/traces/climb_trace_t300/TinyImageNet_resnet_medium_prop_idx_8013_sidx_2238_eps_0.0039/trace_on_k256.csv,rq2,climb,tinyimagenet_2024,"CLIMB enabled, FSB, B=256, budget 100 s; query TinyImageNet_resnet_medium_prop_idx_8013_sidx_2238_eps_0.0039",Figure 7 (fig:exp-trace); RQ2 text,52,a1485759a28cc141e5236f519a975465a0811a2c3cb63c3925d8f7da757bd17b,fse2026/climb_trace_t300/TinyImageNet_resnet_medium_prop_idx_8013_sidx_2238_eps_0.0039/trace_on_k256.csv,yes,"Per-wave trace: time since BaB entry (t), wave, pending (frontier) and processed (nodes) sub-problems."
rq2/climb/tinyimagenet_2024/traces/climb_trace_t300/TinyImageNet_resnet_medium_prop_idx_8041_sidx_395_eps_0.0039/off_k256/raw.jsonl,rq2,climb,tinyimagenet_2024,"CLIMB disabled, FSB, B=256, budget 300 s; query TinyImageNet_resnet_medium_prop_idx_8041_sidx_395_eps_0.0039",Figure 7 (fig:exp-trace); RQ2 text (run provenance),1,2de1b880172a2859327c40359529c51260a5df9c3487ce53ffeac6ee68934e9b,fse2026/climb_trace_t300/TinyImageNet_resnet_medium_prop_idx_8041_sidx_395_eps_0.0039/off_k256/raw.jsonl,yes,"Runner record of the run: status, budget, processed and pending sub-problems, metadata. The generator checks the trace's final row against it. Absolute paths rewritten as relative paths."
rq2/climb/tinyimagenet_2024/traces/climb_trace_t300/TinyImageNet_resnet_medium_prop_idx_8041_sidx_395_eps_0.0039/off_k256/run.log,rq2,climb,tinyimagenet_2024,"CLIMB disabled, FSB, B=256, budget 300 s; query TinyImageNet_resnet_medium_prop_idx_8041_sidx_395_eps_0.0039",Figure 7 (fig:exp-trace) (run log),0,8a5498b4061d3cb8c5ce0e9fc5974d728ac716021211b476fd3659c01058c183,scratch/logs/fse2026/climb_trace_t300/TinyImageNet_resnet_medium_prop_idx_8041_sidx_395_eps_0.0039/off_k256/e1_74bef0e0d5f1fc9e8f09.log,yes,Verifier log of the run; its CLIMB_TRACE lines are the per-wave trace (trace_<variant>.csv). Absolute paths rewritten as relative paths.
rq2/climb/tinyimagenet_2024/traces/climb_trace_t300/TinyImageNet_resnet_medium_prop_idx_8041_sidx_395_eps_0.0039/on_k256/raw.jsonl,rq2,climb,tinyimagenet_2024,"CLIMB enabled, FSB, B=256, budget 100 s; query TinyImageNet_resnet_medium_prop_idx_8041_sidx_395_eps_0.0039",Figure 7 (fig:exp-trace); RQ2 text (run provenance),1,844ed6057661ebda0703e810672d7f0676ab3f830e081133db0d39e2ef54c954,fse2026/climb_trace_t300/TinyImageNet_resnet_medium_prop_idx_8041_sidx_395_eps_0.0039/on_k256/raw.jsonl,yes,"Runner record of the run: status, budget, processed and pending sub-problems, metadata. The generator checks the trace's final row against it. Absolute paths rewritten as relative paths."
rq2/climb/tinyimagenet_2024/traces/climb_trace_t300/TinyImageNet_resnet_medium_prop_idx_8041_sidx_395_eps_0.0039/on_k256/run.log,rq2,climb,tinyimagenet_2024,"CLIMB enabled, FSB, B=256, budget 100 s; query TinyImageNet_resnet_medium_prop_idx_8041_sidx_395_eps_0.0039",Figure 7 (fig:exp-trace) (run log),0,3d6ed8e081c55c7757eea367831010870e998b12e1d463ccab1b2ac1c1d0aeb1,scratch/logs/fse2026/climb_trace_t300/TinyImageNet_resnet_medium_prop_idx_8041_sidx_395_eps_0.0039/on_k256/e1_7e1d14a69beff357578a.log,yes,Verifier log of the run; its CLIMB_TRACE lines are the per-wave trace (trace_<variant>.csv). Absolute paths rewritten as relative paths.
rq2/climb/tinyimagenet_2024/traces/climb_trace_t300/TinyImageNet_resnet_medium_prop_idx_8041_sidx_395_eps_0.0039/trace_off_k256.csv,rq2,climb,tinyimagenet_2024,"CLIMB disabled, FSB, B=256, budget 300 s; query TinyImageNet_resnet_medium_prop_idx_8041_sidx_395_eps_0.0039",Figure 7 (fig:exp-trace); RQ2 text,36,37d08885af4576b26df224c7b00e73291baf4106922447e4787609d80c360850,fse2026/climb_trace_t300/TinyImageNet_resnet_medium_prop_idx_8041_sidx_395_eps_0.0039/trace_off_k256.csv,yes,"Per-wave trace: time since BaB entry (t), wave, pending (frontier) and processed (nodes) sub-problems."
rq2/climb/tinyimagenet_2024/traces/climb_trace_t300/TinyImageNet_resnet_medium_prop_idx_8041_sidx_395_eps_0.0039/trace_on_k256.csv,rq2,climb,tinyimagenet_2024,"CLIMB enabled, FSB, B=256, budget 100 s; query TinyImageNet_resnet_medium_prop_idx_8041_sidx_395_eps_0.0039",Figure 7 (fig:exp-trace); RQ2 text,25,c66071bc87568ce3a75f3c14d365c24e787f0ce9546354238846c6f108aae5ac,fse2026/climb_trace_t300/TinyImageNet_resnet_medium_prop_idx_8041_sidx_395_eps_0.0039/trace_on_k256.csv,yes,"Per-wave trace: time since BaB entry (t), wave, pending (frontier) and processed (nodes) sub-problems."
rq2/climb/tinyimagenet_2024/traces/climb_trace_t300/TinyImageNet_resnet_medium_prop_idx_842_sidx_3836_eps_0.0039/off_k256/raw.jsonl,rq2,climb,tinyimagenet_2024,"CLIMB disabled, FSB, B=256, budget 300 s; query TinyImageNet_resnet_medium_prop_idx_842_sidx_3836_eps_0.0039",Figure 7 (fig:exp-trace); RQ2 text (run provenance),1,7cb315c251219136e4d692d1e09ae6a712ffb4136e90043214fa33a8d5eee4bd,fse2026/climb_trace_t300/TinyImageNet_resnet_medium_prop_idx_842_sidx_3836_eps_0.0039/off_k256/raw.jsonl,yes,"Runner record of the run: status, budget, processed and pending sub-problems, metadata. The generator checks the trace's final row against it. Absolute paths rewritten as relative paths."
rq2/climb/tinyimagenet_2024/traces/climb_trace_t300/TinyImageNet_resnet_medium_prop_idx_842_sidx_3836_eps_0.0039/off_k256/run.log,rq2,climb,tinyimagenet_2024,"CLIMB disabled, FSB, B=256, budget 300 s; query TinyImageNet_resnet_medium_prop_idx_842_sidx_3836_eps_0.0039",Figure 7 (fig:exp-trace) (run log),0,41926d3918827d25490ad7312612b628acfbce79b2166b72bed22c4f0c27ba38,scratch/logs/fse2026/climb_trace_t300/TinyImageNet_resnet_medium_prop_idx_842_sidx_3836_eps_0.0039/off_k256/e1_558ff7776a7e34378ab5.log,yes,Verifier log of the run; its CLIMB_TRACE lines are the per-wave trace (trace_<variant>.csv). Absolute paths rewritten as relative paths.
rq2/climb/tinyimagenet_2024/traces/climb_trace_t300/TinyImageNet_resnet_medium_prop_idx_842_sidx_3836_eps_0.0039/on_k256/raw.jsonl,rq2,climb,tinyimagenet_2024,"CLIMB enabled, FSB, B=256, budget 100 s; query TinyImageNet_resnet_medium_prop_idx_842_sidx_3836_eps_0.0039",Figure 7 (fig:exp-trace); RQ2 text (run provenance),1,73a0209a538159a4357a25d226de3888b52b6fef5fe109d0a8d02f49f6dec53c,fse2026/climb_trace_t300/TinyImageNet_resnet_medium_prop_idx_842_sidx_3836_eps_0.0039/on_k256/raw.jsonl,yes,"Runner record of the run: status, budget, processed and pending sub-problems, metadata. The generator checks the trace's final row against it. Absolute paths rewritten as relative paths."
rq2/climb/tinyimagenet_2024/traces/climb_trace_t300/TinyImageNet_resnet_medium_prop_idx_842_sidx_3836_eps_0.0039/on_k256/run.log,rq2,climb,tinyimagenet_2024,"CLIMB enabled, FSB, B=256, budget 100 s; query TinyImageNet_resnet_medium_prop_idx_842_sidx_3836_eps_0.0039",Figure 7 (fig:exp-trace) (run log),0,2267c088fd46186f8335e8fe2dc32cd9fa61d7fc0d45862f2988ee8c0acd9188,scratch/logs/fse2026/climb_trace_t300/TinyImageNet_resnet_medium_prop_idx_842_sidx_3836_eps_0.0039/on_k256/e1_bc50b758958171740508.log,yes,Verifier log of the run; its CLIMB_TRACE lines are the per-wave trace (trace_<variant>.csv). Absolute paths rewritten as relative paths.
rq2/climb/tinyimagenet_2024/traces/climb_trace_t300/TinyImageNet_resnet_medium_prop_idx_842_sidx_3836_eps_0.0039/trace_on_k256.csv,rq2,climb,tinyimagenet_2024,"CLIMB enabled, FSB, B=256, budget 100 s; query TinyImageNet_resnet_medium_prop_idx_842_sidx_3836_eps_0.0039","RQ2 text (checked, not drawn: the disabled run is unsolved)",56,a18816760439d6fb36f8fade16e78a94b33cd42bd27a78b4de58c611a4c1dc3a,fse2026/climb_trace_t300/TinyImageNet_resnet_medium_prop_idx_842_sidx_3836_eps_0.0039/trace_on_k256.csv,yes,"Per-wave trace: time since BaB entry (t), wave, pending (frontier) and processed (nodes) sub-problems."
rq2/climb/tinyimagenet_2024/traces/climb_trace_t300/TinyImageNet_resnet_medium_prop_idx_8436_sidx_1112_eps_0.0039/off_k256/raw.jsonl,rq2,climb,tinyimagenet_2024,"CLIMB disabled, FSB, B=256, budget 300 s; query TinyImageNet_resnet_medium_prop_idx_8436_sidx_1112_eps_0.0039",Figure 7 (fig:exp-trace); RQ2 text (run provenance),1,50b1613b46534bab617d25185ce722184e1ff9c4bd2afc722835e12c106bc3e3,fse2026/climb_trace_t300/TinyImageNet_resnet_medium_prop_idx_8436_sidx_1112_eps_0.0039/off_k256/raw.jsonl,yes,"Runner record of the run: status, budget, processed and pending sub-problems, metadata. The generator checks the trace's final row against it. Absolute paths rewritten as relative paths."
rq2/climb/tinyimagenet_2024/traces/climb_trace_t300/TinyImageNet_resnet_medium_prop_idx_8436_sidx_1112_eps_0.0039/off_k256/run.log,rq2,climb,tinyimagenet_2024,"CLIMB disabled, FSB, B=256, budget 300 s; query TinyImageNet_resnet_medium_prop_idx_8436_sidx_1112_eps_0.0039",Figure 7 (fig:exp-trace) (run log),0,a1406e2e74136066cf6d26a9a9ace8c4f2d22c970a7fdce4f432e8eacbe7bec0,scratch/logs/fse2026/climb_trace_t300/TinyImageNet_resnet_medium_prop_idx_8436_sidx_1112_eps_0.0039/off_k256/e1_6b091cf904e9e3a3d8ea.log,yes,Verifier log of the run; its CLIMB_TRACE lines are the per-wave trace (trace_<variant>.csv). Absolute paths rewritten as relative paths.
rq2/climb/tinyimagenet_2024/traces/climb_trace_t300/TinyImageNet_resnet_medium_prop_idx_8436_sidx_1112_eps_0.0039/on_k256/raw.jsonl,rq2,climb,tinyimagenet_2024,"CLIMB enabled, FSB, B=256, budget 100 s; query TinyImageNet_resnet_medium_prop_idx_8436_sidx_1112_eps_0.0039",Figure 7 (fig:exp-trace); RQ2 text (run provenance),1,b53bc594223a1b61f9389e9111adacbdb9f4ba61bfb61898115ff9b19344f852,fse2026/climb_trace_t300/TinyImageNet_resnet_medium_prop_idx_8436_sidx_1112_eps_0.0039/on_k256/raw.jsonl,yes,"Runner record of the run: status, budget, processed and pending sub-problems, metadata. The generator checks the trace's final row against it. Absolute paths rewritten as relative paths."
rq2/climb/tinyimagenet_2024/traces/climb_trace_t300/TinyImageNet_resnet_medium_prop_idx_8436_sidx_1112_eps_0.0039/on_k256/run.log,rq2,climb,tinyimagenet_2024,"CLIMB enabled, FSB, B=256, budget 100 s; query TinyImageNet_resnet_medium_prop_idx_8436_sidx_1112_eps_0.0039",Figure 7 (fig:exp-trace) (run log),0,c5c6838697ed103f938a0e23ea0fa64b079a98c83625c4928044d7020a6bcd0c,scratch/logs/fse2026/climb_trace_t300/TinyImageNet_resnet_medium_prop_idx_8436_sidx_1112_eps_0.0039/on_k256/e1_b192c4186ad8e9ff273d.log,yes,Verifier log of the run; its CLIMB_TRACE lines are the per-wave trace (trace_<variant>.csv). Absolute paths rewritten as relative paths.
rq2/climb/tinyimagenet_2024/traces/climb_trace_t300/TinyImageNet_resnet_medium_prop_idx_8436_sidx_1112_eps_0.0039/trace_off_k256.csv,rq2,climb,tinyimagenet_2024,"CLIMB disabled, FSB, B=256, budget 300 s; query TinyImageNet_resnet_medium_prop_idx_8436_sidx_1112_eps_0.0039",Figure 7 (fig:exp-trace); RQ2 text,28,330313b7dad8ca5a1c9ccacf2e0881331cd86ff829f851caedc39e12ef4b2b37,fse2026/climb_trace_t300/TinyImageNet_resnet_medium_prop_idx_8436_sidx_1112_eps_0.0039/trace_off_k256.csv,yes,"Per-wave trace: time since BaB entry (t), wave, pending (frontier) and processed (nodes) sub-problems."
rq2/climb/tinyimagenet_2024/traces/climb_trace_t300/TinyImageNet_resnet_medium_prop_idx_8436_sidx_1112_eps_0.0039/trace_on_k256.csv,rq2,climb,tinyimagenet_2024,"CLIMB enabled, FSB, B=256, budget 100 s; query TinyImageNet_resnet_medium_prop_idx_8436_sidx_1112_eps_0.0039",Figure 7 (fig:exp-trace); RQ2 text,27,2f4c18ae43e2cea92d13d233f5d9f1f1600b02143adac3435b29015d89db07eb,fse2026/climb_trace_t300/TinyImageNet_resnet_medium_prop_idx_8436_sidx_1112_eps_0.0039/trace_on_k256.csv,yes,"Per-wave trace: time since BaB entry (t), wave, pending (frontier) and processed (nodes) sub-problems."
rq2/climb/tinyimagenet_2024/traces/climb_trace_t300/TinyImageNet_resnet_medium_prop_idx_8623_sidx_6019_eps_0.0039/off_k256/raw.jsonl,rq2,climb,tinyimagenet_2024,"CLIMB disabled, FSB, B=256, budget 300 s; query TinyImageNet_resnet_medium_prop_idx_8623_sidx_6019_eps_0.0039",Figure 7 (fig:exp-trace); RQ2 text (run provenance),1,1eb61f7efa253ca42f4579826ed3a739728e1fcc545b125562c47e10ed4797f6,fse2026/climb_trace_t300/TinyImageNet_resnet_medium_prop_idx_8623_sidx_6019_eps_0.0039/off_k256/raw.jsonl,yes,"Runner record of the run: status, budget, processed and pending sub-problems, metadata. The generator checks the trace's final row against it. Absolute paths rewritten as relative paths."
rq2/climb/tinyimagenet_2024/traces/climb_trace_t300/TinyImageNet_resnet_medium_prop_idx_8623_sidx_6019_eps_0.0039/off_k256/run.log,rq2,climb,tinyimagenet_2024,"CLIMB disabled, FSB, B=256, budget 300 s; query TinyImageNet_resnet_medium_prop_idx_8623_sidx_6019_eps_0.0039",Figure 7 (fig:exp-trace) (run log),0,b9828f12e79c3ad11b016fff00173ecb582c283789cda1a1a3aa33f6086b95c2,scratch/logs/fse2026/climb_trace_t300/TinyImageNet_resnet_medium_prop_idx_8623_sidx_6019_eps_0.0039/off_k256/e1_7226aeb9183a5852bad1.log,yes,Verifier log of the run; its CLIMB_TRACE lines are the per-wave trace (trace_<variant>.csv). Absolute paths rewritten as relative paths.
rq2/climb/tinyimagenet_2024/traces/climb_trace_t300/TinyImageNet_resnet_medium_prop_idx_8623_sidx_6019_eps_0.0039/on_k256/raw.jsonl,rq2,climb,tinyimagenet_2024,"CLIMB enabled, FSB, B=256, budget 100 s; query TinyImageNet_resnet_medium_prop_idx_8623_sidx_6019_eps_0.0039",Figure 7 (fig:exp-trace); RQ2 text (run provenance),1,8e98a09bd6323e525bf2f8d474958d470c3fc0637966500bb3188f965009e46c,fse2026/climb_trace_t300/TinyImageNet_resnet_medium_prop_idx_8623_sidx_6019_eps_0.0039/on_k256/raw.jsonl,yes,"Runner record of the run: status, budget, processed and pending sub-problems, metadata. The generator checks the trace's final row against it. Absolute paths rewritten as relative paths."
rq2/climb/tinyimagenet_2024/traces/climb_trace_t300/TinyImageNet_resnet_medium_prop_idx_8623_sidx_6019_eps_0.0039/on_k256/run.log,rq2,climb,tinyimagenet_2024,"CLIMB enabled, FSB, B=256, budget 100 s; query TinyImageNet_resnet_medium_prop_idx_8623_sidx_6019_eps_0.0039",Figure 7 (fig:exp-trace) (run log),0,a4b9c5b17d7555a85b2ec0e59f4306b500d656f089e21501d5f8913fd0505074,scratch/logs/fse2026/climb_trace_t300/TinyImageNet_resnet_medium_prop_idx_8623_sidx_6019_eps_0.0039/on_k256/e1_8052d2ec3fbc088b48b0.log,yes,Verifier log of the run; its CLIMB_TRACE lines are the per-wave trace (trace_<variant>.csv). Absolute paths rewritten as relative paths.
rq2/climb/tinyimagenet_2024/traces/climb_trace_t300/TinyImageNet_resnet_medium_prop_idx_8623_sidx_6019_eps_0.0039/trace_on_k256.csv,rq2,climb,tinyimagenet_2024,"CLIMB enabled, FSB, B=256, budget 100 s; query TinyImageNet_resnet_medium_prop_idx_8623_sidx_6019_eps_0.0039","RQ2 text (checked, not drawn: the disabled run is unsolved)",77,61e91ff620d0beac4882fb3dbb2575e411166a1ecf86951d7cdae4dd48c44d53,fse2026/climb_trace_t300/TinyImageNet_resnet_medium_prop_idx_8623_sidx_6019_eps_0.0039/trace_on_k256.csv,yes,"Per-wave trace: time since BaB entry (t), wave, pending (frontier) and processed (nodes) sub-problems."
rq2/climb/tinyimagenet_2024/traces/climb_trace_t300/TinyImageNet_resnet_medium_prop_idx_8684_sidx_9001_eps_0.0039/off_k256/raw.jsonl,rq2,climb,tinyimagenet_2024,"CLIMB disabled, FSB, B=256, budget 300 s; query TinyImageNet_resnet_medium_prop_idx_8684_sidx_9001_eps_0.0039",Figure 7 (fig:exp-trace); RQ2 text (run provenance),1,31f5b4fa3b404ef0cf53c388751a1b998e7236514d5dce1f531b1948555229bd,fse2026/climb_trace_t300/TinyImageNet_resnet_medium_prop_idx_8684_sidx_9001_eps_0.0039/off_k256/raw.jsonl,yes,"Runner record of the run: status, budget, processed and pending sub-problems, metadata. The generator checks the trace's final row against it. Absolute paths rewritten as relative paths."
rq2/climb/tinyimagenet_2024/traces/climb_trace_t300/TinyImageNet_resnet_medium_prop_idx_8684_sidx_9001_eps_0.0039/off_k256/run.log,rq2,climb,tinyimagenet_2024,"CLIMB disabled, FSB, B=256, budget 300 s; query TinyImageNet_resnet_medium_prop_idx_8684_sidx_9001_eps_0.0039",Figure 7 (fig:exp-trace) (run log),0,e9f36c6920655fa3e207cf0fd316000d36016f4aef5c3ad0b84375caebadc2c7,scratch/logs/fse2026/climb_trace_t300/TinyImageNet_resnet_medium_prop_idx_8684_sidx_9001_eps_0.0039/off_k256/e1_daa2101dc27a9f5e1129.log,yes,Verifier log of the run; its CLIMB_TRACE lines are the per-wave trace (trace_<variant>.csv). Absolute paths rewritten as relative paths.
rq2/climb/tinyimagenet_2024/traces/climb_trace_t300/TinyImageNet_resnet_medium_prop_idx_8684_sidx_9001_eps_0.0039/on_k256/raw.jsonl,rq2,climb,tinyimagenet_2024,"CLIMB enabled, FSB, B=256, budget 100 s; query TinyImageNet_resnet_medium_prop_idx_8684_sidx_9001_eps_0.0039",Figure 7 (fig:exp-trace); RQ2 text (run provenance),1,47cfe5c728c04a7974a3f907ecf223f48e167f5c0f2eb5ac6dc2b1142ead0f03,fse2026/climb_trace_t300/TinyImageNet_resnet_medium_prop_idx_8684_sidx_9001_eps_0.0039/on_k256/raw.jsonl,yes,"Runner record of the run: status, budget, processed and pending sub-problems, metadata. The generator checks the trace's final row against it. Absolute paths rewritten as relative paths."
rq2/climb/tinyimagenet_2024/traces/climb_trace_t300/TinyImageNet_resnet_medium_prop_idx_8684_sidx_9001_eps_0.0039/on_k256/run.log,rq2,climb,tinyimagenet_2024,"CLIMB enabled, FSB, B=256, budget 100 s; query TinyImageNet_resnet_medium_prop_idx_8684_sidx_9001_eps_0.0039",Figure 7 (fig:exp-trace) (run log),0,faf762abbf064fddca53748be54cc239300854e5a1deb9b798a4b9632f8194e8,scratch/logs/fse2026/climb_trace_t300/TinyImageNet_resnet_medium_prop_idx_8684_sidx_9001_eps_0.0039/on_k256/e1_8d36661d156f8b00fee7.log,yes,Verifier log of the run; its CLIMB_TRACE lines are the per-wave trace (trace_<variant>.csv). Absolute paths rewritten as relative paths.
rq2/climb/tinyimagenet_2024/traces/climb_trace_t300/TinyImageNet_resnet_medium_prop_idx_8684_sidx_9001_eps_0.0039/trace_off_k256.csv,rq2,climb,tinyimagenet_2024,"CLIMB disabled, FSB, B=256, budget 300 s; query TinyImageNet_resnet_medium_prop_idx_8684_sidx_9001_eps_0.0039",Figure 7 (fig:exp-trace); RQ2 text,75,e4be3da57d6277f963c8c99b6961642a311ea52b034259f19f63516c963a2d1e,fse2026/climb_trace_t300/TinyImageNet_resnet_medium_prop_idx_8684_sidx_9001_eps_0.0039/trace_off_k256.csv,yes,"Per-wave trace: time since BaB entry (t), wave, pending (frontier) and processed (nodes) sub-problems."
rq2/climb/tinyimagenet_2024/traces/climb_trace_t300/TinyImageNet_resnet_medium_prop_idx_8684_sidx_9001_eps_0.0039/trace_on_k256.csv,rq2,climb,tinyimagenet_2024,"CLIMB enabled, FSB, B=256, budget 100 s; query TinyImageNet_resnet_medium_prop_idx_8684_sidx_9001_eps_0.0039",Figure 7 (fig:exp-trace); RQ2 text,31,cd59413044f0069e80dd8a5ede8b3045fc32537113ad117d31dd9175878b1db2,fse2026/climb_trace_t300/TinyImageNet_resnet_medium_prop_idx_8684_sidx_9001_eps_0.0039/trace_on_k256.csv,yes,"Per-wave trace: time since BaB entry (t), wave, pending (frontier) and processed (nodes) sub-problems."
rq2/climb/tinyimagenet_2024/traces/climb_trace_t300/TinyImageNet_resnet_medium_prop_idx_9653_sidx_4967_eps_0.0039/off_k256/raw.jsonl,rq2,climb,tinyimagenet_2024,"CLIMB disabled, FSB, B=256, budget 300 s; query TinyImageNet_resnet_medium_prop_idx_9653_sidx_4967_eps_0.0039",Figure 7 (fig:exp-trace); RQ2 text (run provenance),1,c4c22e52785e2f81ea2a980be831ce81fbfffaf70bd2b481b77bad2547f11abc,fse2026/climb_trace_t300/TinyImageNet_resnet_medium_prop_idx_9653_sidx_4967_eps_0.0039/off_k256/raw.jsonl,yes,"Runner record of the run: status, budget, processed and pending sub-problems, metadata. The generator checks the trace's final row against it. Absolute paths rewritten as relative paths."
rq2/climb/tinyimagenet_2024/traces/climb_trace_t300/TinyImageNet_resnet_medium_prop_idx_9653_sidx_4967_eps_0.0039/off_k256/run.log,rq2,climb,tinyimagenet_2024,"CLIMB disabled, FSB, B=256, budget 300 s; query TinyImageNet_resnet_medium_prop_idx_9653_sidx_4967_eps_0.0039",Figure 7 (fig:exp-trace) (run log),0,d04235adc2079533a6e271c1bf25ae656acf3f63ffa17564308f6b65d61ecdf4,scratch/logs/fse2026/climb_trace_t300/TinyImageNet_resnet_medium_prop_idx_9653_sidx_4967_eps_0.0039/off_k256/e1_6de16a321e3594dff211.log,yes,Verifier log of the run; its CLIMB_TRACE lines are the per-wave trace (trace_<variant>.csv). Absolute paths rewritten as relative paths.
rq2/climb/tinyimagenet_2024/traces/climb_trace_t300/TinyImageNet_resnet_medium_prop_idx_9653_sidx_4967_eps_0.0039/on_k256/raw.jsonl,rq2,climb,tinyimagenet_2024,"CLIMB enabled, FSB, B=256, budget 100 s; query TinyImageNet_resnet_medium_prop_idx_9653_sidx_4967_eps_0.0039",Figure 7 (fig:exp-trace); RQ2 text (run provenance),1,3fb5ee6e5349ec988248e5257e16510c656cc2f0d51d54efb7c57521f3960825,fse2026/climb_trace_t300/TinyImageNet_resnet_medium_prop_idx_9653_sidx_4967_eps_0.0039/on_k256/raw.jsonl,yes,"Runner record of the run: status, budget, processed and pending sub-problems, metadata. The generator checks the trace's final row against it. Absolute paths rewritten as relative paths."
rq2/climb/tinyimagenet_2024/traces/climb_trace_t300/TinyImageNet_resnet_medium_prop_idx_9653_sidx_4967_eps_0.0039/on_k256/run.log,rq2,climb,tinyimagenet_2024,"CLIMB enabled, FSB, B=256, budget 100 s; query TinyImageNet_resnet_medium_prop_idx_9653_sidx_4967_eps_0.0039",Figure 7 (fig:exp-trace) (run log),0,6faf65fe0aa48e8af914f38cc1323bf3f439c812cef180e3e42c4b1847fa0beb,scratch/logs/fse2026/climb_trace_t300/TinyImageNet_resnet_medium_prop_idx_9653_sidx_4967_eps_0.0039/on_k256/e1_14c5932ac9f9967ac5ce.log,yes,Verifier log of the run; its CLIMB_TRACE lines are the per-wave trace (trace_<variant>.csv). Absolute paths rewritten as relative paths.
rq2/climb/tinyimagenet_2024/traces/climb_trace_t300/TinyImageNet_resnet_medium_prop_idx_9653_sidx_4967_eps_0.0039/trace_on_k256.csv,rq2,climb,tinyimagenet_2024,"CLIMB enabled, FSB, B=256, budget 100 s; query TinyImageNet_resnet_medium_prop_idx_9653_sidx_4967_eps_0.0039","RQ2 text (checked, not drawn: the disabled run is unsolved)",44,3f910c658467d153283f085f17be047236bb58b87c744650330a96a69a240b33,fse2026/climb_trace_t300/TinyImageNet_resnet_medium_prop_idx_9653_sidx_4967_eps_0.0039/trace_on_k256.csv,yes,"Per-wave trace: time since BaB entry (t), wave, pending (frontier) and processed (nodes) sub-problems."
rq2/climb/tinyimagenet_2024/traces/climb_trace_t300/TinyImageNet_resnet_medium_prop_idx_9762_sidx_9367_eps_0.0039/off_k256/raw.jsonl,rq2,climb,tinyimagenet_2024,"CLIMB disabled, FSB, B=256, budget 300 s; query TinyImageNet_resnet_medium_prop_idx_9762_sidx_9367_eps_0.0039",Figure 7 (fig:exp-trace); RQ2 text (run provenance),1,b792fbae7d6859a5cfc18d410ee12b505f277c990c6f09a10118b690c815f6e5,fse2026/climb_trace_t300/TinyImageNet_resnet_medium_prop_idx_9762_sidx_9367_eps_0.0039/off_k256/raw.jsonl,yes,"Runner record of the run: status, budget, processed and pending sub-problems, metadata. The generator checks the trace's final row against it. Absolute paths rewritten as relative paths."
rq2/climb/tinyimagenet_2024/traces/climb_trace_t300/TinyImageNet_resnet_medium_prop_idx_9762_sidx_9367_eps_0.0039/off_k256/run.log,rq2,climb,tinyimagenet_2024,"CLIMB disabled, FSB, B=256, budget 300 s; query TinyImageNet_resnet_medium_prop_idx_9762_sidx_9367_eps_0.0039",Figure 7 (fig:exp-trace) (run log),0,56bff4dbcb624b49bc1821de76f4aa79fe8081f4a25ffef55f5bebd9a5d036a4,scratch/logs/fse2026/climb_trace_t300/TinyImageNet_resnet_medium_prop_idx_9762_sidx_9367_eps_0.0039/off_k256/e1_917b35121c889d59c9af.log,yes,Verifier log of the run; its CLIMB_TRACE lines are the per-wave trace (trace_<variant>.csv). Absolute paths rewritten as relative paths.
rq2/climb/tinyimagenet_2024/traces/climb_trace_t300/TinyImageNet_resnet_medium_prop_idx_9762_sidx_9367_eps_0.0039/on_k256/raw.jsonl,rq2,climb,tinyimagenet_2024,"CLIMB enabled, FSB, B=256, budget 100 s; query TinyImageNet_resnet_medium_prop_idx_9762_sidx_9367_eps_0.0039",Figure 7 (fig:exp-trace); RQ2 text (run provenance),1,ce0c4a4a93850f6ed7502364bceb48c34c4a8df5122dd5e24e57e5a51f985412,fse2026/climb_trace_t300/TinyImageNet_resnet_medium_prop_idx_9762_sidx_9367_eps_0.0039/on_k256/raw.jsonl,yes,"Runner record of the run: status, budget, processed and pending sub-problems, metadata. The generator checks the trace's final row against it. Absolute paths rewritten as relative paths."
rq2/climb/tinyimagenet_2024/traces/climb_trace_t300/TinyImageNet_resnet_medium_prop_idx_9762_sidx_9367_eps_0.0039/on_k256/run.log,rq2,climb,tinyimagenet_2024,"CLIMB enabled, FSB, B=256, budget 100 s; query TinyImageNet_resnet_medium_prop_idx_9762_sidx_9367_eps_0.0039",Figure 7 (fig:exp-trace) (run log),0,86ba3a14a37320d748c18b42d01f41e80fa43f1e8a3ac97d9209f5a7d1bd65b8,scratch/logs/fse2026/climb_trace_t300/TinyImageNet_resnet_medium_prop_idx_9762_sidx_9367_eps_0.0039/on_k256/e1_f4aabfebdccf8d9fab77.log,yes,Verifier log of the run; its CLIMB_TRACE lines are the per-wave trace (trace_<variant>.csv). Absolute paths rewritten as relative paths.
rq2/climb/tinyimagenet_2024/traces/climb_trace_t300/TinyImageNet_resnet_medium_prop_idx_9762_sidx_9367_eps_0.0039/trace_off_k256.csv,rq2,climb,tinyimagenet_2024,"CLIMB disabled, FSB, B=256, budget 300 s; query TinyImageNet_resnet_medium_prop_idx_9762_sidx_9367_eps_0.0039",Figure 7 (fig:exp-trace); RQ2 text,140,90cdc049244c098028d4a8021bce003fc7bfe33176a859356c1590a63cc8edf3,fse2026/climb_trace_t300/TinyImageNet_resnet_medium_prop_idx_9762_sidx_9367_eps_0.0039/trace_off_k256.csv,yes,"Per-wave trace: time since BaB entry (t), wave, pending (frontier) and processed (nodes) sub-problems."
rq2/climb/tinyimagenet_2024/traces/climb_trace_t300/TinyImageNet_resnet_medium_prop_idx_9762_sidx_9367_eps_0.0039/trace_on_k256.csv,rq2,climb,tinyimagenet_2024,"CLIMB enabled, FSB, B=256, budget 100 s; query TinyImageNet_resnet_medium_prop_idx_9762_sidx_9367_eps_0.0039",Figure 7 (fig:exp-trace); RQ2 text,50,3744bacea9d4e10154f151647dbdbb9b9e6a74c509672982e6c2e84da00666f5,fse2026/climb_trace_t300/TinyImageNet_resnet_medium_prop_idx_9762_sidx_9367_eps_0.0039/trace_on_k256.csv,yes,"Per-wave trace: time since BaB entry (t), wave, pending (frontier) and processed (nodes) sub-problems."
rq2/climb/tinyimagenet_2024/traces/climb_trace_t300/TinyImageNet_resnet_medium_prop_idx_9796_sidx_1847_eps_0.0039/off_k256/raw.jsonl,rq2,climb,tinyimagenet_2024,"CLIMB disabled, FSB, B=256, budget 300 s; query TinyImageNet_resnet_medium_prop_idx_9796_sidx_1847_eps_0.0039",Figure 7 (fig:exp-trace); RQ2 text (run provenance),1,7691e2b8cb1ec3a0390c18083a5771a4a1f23617fc7622b1b403e9a2b92d9de2,fse2026/climb_trace_t300/TinyImageNet_resnet_medium_prop_idx_9796_sidx_1847_eps_0.0039/off_k256/raw.jsonl,yes,"Runner record of the run: status, budget, processed and pending sub-problems, metadata. The generator checks the trace's final row against it. Absolute paths rewritten as relative paths."
rq2/climb/tinyimagenet_2024/traces/climb_trace_t300/TinyImageNet_resnet_medium_prop_idx_9796_sidx_1847_eps_0.0039/off_k256/run.log,rq2,climb,tinyimagenet_2024,"CLIMB disabled, FSB, B=256, budget 300 s; query TinyImageNet_resnet_medium_prop_idx_9796_sidx_1847_eps_0.0039",Figure 7 (fig:exp-trace) (run log),0,86c274a01c1d9f35ca0f52cab3eb2f730f956fbf7b11eabddc705fc3eaa96daf,scratch/logs/fse2026/climb_trace_t300/TinyImageNet_resnet_medium_prop_idx_9796_sidx_1847_eps_0.0039/off_k256/e1_b5016984eb2f6fa9abec.log,yes,Verifier log of the run; its CLIMB_TRACE lines are the per-wave trace (trace_<variant>.csv). Absolute paths rewritten as relative paths.
rq2/climb/tinyimagenet_2024/traces/climb_trace_t300/TinyImageNet_resnet_medium_prop_idx_9796_sidx_1847_eps_0.0039/on_k256/raw.jsonl,rq2,climb,tinyimagenet_2024,"CLIMB enabled, FSB, B=256, budget 100 s; query TinyImageNet_resnet_medium_prop_idx_9796_sidx_1847_eps_0.0039",Figure 7 (fig:exp-trace); RQ2 text (run provenance),1,8cde3c8f3461d45e6da29a3f0ed8a24c2d73dcfa52cd8cad5fa29b4c638efe69,fse2026/climb_trace_t300/TinyImageNet_resnet_medium_prop_idx_9796_sidx_1847_eps_0.0039/on_k256/raw.jsonl,yes,"Runner record of the run: status, budget, processed and pending sub-problems, metadata. The generator checks the trace's final row against it. Absolute paths rewritten as relative paths."
rq2/climb/tinyimagenet_2024/traces/climb_trace_t300/TinyImageNet_resnet_medium_prop_idx_9796_sidx_1847_eps_0.0039/on_k256/run.log,rq2,climb,tinyimagenet_2024,"CLIMB enabled, FSB, B=256, budget 100 s; query TinyImageNet_resnet_medium_prop_idx_9796_sidx_1847_eps_0.0039",Figure 7 (fig:exp-trace) (run log),0,0ca66cbccd8bc14523fa484bd18beaa7c9025ea1b50ce41a42881188dd0ce234,scratch/logs/fse2026/climb_trace_t300/TinyImageNet_resnet_medium_prop_idx_9796_sidx_1847_eps_0.0039/on_k256/e1_2c6d29e0819d70fef043.log,yes,Verifier log of the run; its CLIMB_TRACE lines are the per-wave trace (trace_<variant>.csv). Absolute paths rewritten as relative paths.
rq2/climb/tinyimagenet_2024/traces/climb_trace_t300/TinyImageNet_resnet_medium_prop_idx_9796_sidx_1847_eps_0.0039/trace_on_k256.csv,rq2,climb,tinyimagenet_2024,"CLIMB enabled, FSB, B=256, budget 100 s; query TinyImageNet_resnet_medium_prop_idx_9796_sidx_1847_eps_0.0039","RQ2 text (checked, not drawn: the disabled run is unsolved)",57,026446f4e91fd42f7b49bfd91ccf688d0f581b4ed887209d19fff3a1165fe4cf,fse2026/climb_trace_t300/TinyImageNet_resnet_medium_prop_idx_9796_sidx_1847_eps_0.0039/trace_on_k256.csv,yes,"Per-wave trace: time since BaB entry (t), wave, pending (frontier) and processed (nodes) sub-problems."
rq2/climb/tinyimagenet_2024/traces/climb_trace_t300/TinyImageNet_resnet_medium_prop_idx_9827_sidx_1673_eps_0.0039/off_k256/raw.jsonl,rq2,climb,tinyimagenet_2024,"CLIMB disabled, FSB, B=256, budget 300 s; query TinyImageNet_resnet_medium_prop_idx_9827_sidx_1673_eps_0.0039",Figure 7 (fig:exp-trace); RQ2 text (run provenance),1,09847e5905eea695a3b11fc99388c9d0cddc37f9efeef8424461f612c8e08944,fse2026/climb_trace_t300/TinyImageNet_resnet_medium_prop_idx_9827_sidx_1673_eps_0.0039/off_k256/raw.jsonl,yes,"Runner record of the run: status, budget, processed and pending sub-problems, metadata. The generator checks the trace's final row against it. Absolute paths rewritten as relative paths."
rq2/climb/tinyimagenet_2024/traces/climb_trace_t300/TinyImageNet_resnet_medium_prop_idx_9827_sidx_1673_eps_0.0039/off_k256/run.log,rq2,climb,tinyimagenet_2024,"CLIMB disabled, FSB, B=256, budget 300 s; query TinyImageNet_resnet_medium_prop_idx_9827_sidx_1673_eps_0.0039",Figure 7 (fig:exp-trace) (run log),0,30a59d83b08d4e040870b4ff30b7efc7591fc34357ca742469fa575653c6958c,scratch/logs/fse2026/climb_trace_t300/TinyImageNet_resnet_medium_prop_idx_9827_sidx_1673_eps_0.0039/off_k256/e1_beb38963fe87c220a4d3.log,yes,Verifier log of the run; its CLIMB_TRACE lines are the per-wave trace (trace_<variant>.csv). Absolute paths rewritten as relative paths.
rq2/climb/tinyimagenet_2024/traces/climb_trace_t300/TinyImageNet_resnet_medium_prop_idx_9827_sidx_1673_eps_0.0039/on_k256/raw.jsonl,rq2,climb,tinyimagenet_2024,"CLIMB enabled, FSB, B=256, budget 100 s; query TinyImageNet_resnet_medium_prop_idx_9827_sidx_1673_eps_0.0039",Figure 7 (fig:exp-trace); RQ2 text (run provenance),1,f0d79575c501f99c23ad36b4b026c2cf1d56fba989aa618cd48d6ac13a82d577,fse2026/climb_trace_t300/TinyImageNet_resnet_medium_prop_idx_9827_sidx_1673_eps_0.0039/on_k256/raw.jsonl,yes,"Runner record of the run: status, budget, processed and pending sub-problems, metadata. The generator checks the trace's final row against it. Absolute paths rewritten as relative paths."
rq2/climb/tinyimagenet_2024/traces/climb_trace_t300/TinyImageNet_resnet_medium_prop_idx_9827_sidx_1673_eps_0.0039/on_k256/run.log,rq2,climb,tinyimagenet_2024,"CLIMB enabled, FSB, B=256, budget 100 s; query TinyImageNet_resnet_medium_prop_idx_9827_sidx_1673_eps_0.0039",Figure 7 (fig:exp-trace) (run log),0,ee088c1d6e9cf5f3d9ff091050d4cced626cabe285cdd5b353de30e02cad9907,scratch/logs/fse2026/climb_trace_t300/TinyImageNet_resnet_medium_prop_idx_9827_sidx_1673_eps_0.0039/on_k256/e1_53cc897e2a3460e7e529.log,yes,Verifier log of the run; its CLIMB_TRACE lines are the per-wave trace (trace_<variant>.csv). Absolute paths rewritten as relative paths.
rq2/climb/tinyimagenet_2024/traces/climb_trace_t300/TinyImageNet_resnet_medium_prop_idx_9827_sidx_1673_eps_0.0039/trace_on_k256.csv,rq2,climb,tinyimagenet_2024,"CLIMB enabled, FSB, B=256, budget 100 s; query TinyImageNet_resnet_medium_prop_idx_9827_sidx_1673_eps_0.0039","RQ2 text (checked, not drawn: the disabled run is unsolved)",48,894737dbe7655d0227b5ffa2de02384c4b36a1a1dff411a88c3fcce5feb5b1e4,fse2026/climb_trace_t300/TinyImageNet_resnet_medium_prop_idx_9827_sidx_1673_eps_0.0039/trace_on_k256.csv,yes,"Per-wave trace: time since BaB entry (t), wave, pending (frontier) and processed (nodes) sub-problems."
rq2/climb/tinyimagenet_2024/traces/logs/campaign_driver.log,rq2,climb,tinyimagenet_2024,Figure 7 trace campaign,Figure 7 (fig:exp-trace) (provenance),0,415da8f9c26fe68f8fd77c668e4b27fcb8899377117319735e7dfc814d05620c,scratch/rq1_2026_tmp/trace_campaign/driver.log,yes,"Driver log of the 2026-10-04 trace campaign (run_all.sh): every run attempt with its start/end time, budget and other users' GPU use (SM%) at start and at most during the run. Absolute paths rewritten as relative paths."
rq2/climb/tinyimagenet_2024/traces/logs/campaign_redo.log,rq2,climb,tinyimagenet_2024,Figure 7 trace campaign,Figure 7 (fig:exp-trace) (provenance),0,3965d4ebb7f0d13910bdbad535b2a20adcf4bc90a056ac16d4c70f88c7470cf7,scratch/rq1_2026_tmp/trace_campaign/redo.log,yes,Clean reruns (redo_clean.sh) of attempts during which another user computed on the GPU; the disturbed attempts were set aside and redone until another user's GPU use stayed at or below 10% SM. Absolute paths rewritten as relative paths.
rq2/climb/tinyimagenet_2024/traces/logs/gpu_monitor.tsv,rq2,climb,tinyimagenet_2024,Figure 7 trace campaign,Figure 7 (fig:exp-trace) (provenance),0,375d9101386b43b75b33796e76efc227156fe4e4c9163ca95eadcf36cbe6ad22,scratch/rq1_2026_tmp/trace_campaign/gpu_monitor.tsv,yes,"One line per monitored attempt, no header: query, variant, other users' max GPU SM% during the attempt, number of samples (every ~4 s). The last line of a query/variant is the archived run."
rq2/climb/tinyimagenet_2024/traces/logs/oct3_driver.log,rq2,climb,tinyimagenet_2024,Figure 7 trace campaign,Figure 7 (fig:exp-trace) (provenance),0,115f52bc80479e9b2253ceb80f8210d79bdd6abe3b26efc991b643c070f718bd,scratch/rq1_2026_tmp/tiny_trace/driver.log,yes,"Driver log of the 2026-10-03 runs of the queries idx_2212 and idx_7026 (climb_trace), GPU idle at start. Absolute paths rewritten as relative paths."
rq2/climb/tinyimagenet_2024/traces/logs/oct3_report.md,rq2,climb,tinyimagenet_2024,Figure 7 trace campaign,Figure 7 (fig:exp-trace) (provenance),0,6c177cea98abe2304a7e485fc20e0dc11d1ecc0f35e99bda2f9a55a8f7df33f0,scratch/rq1_2026_tmp/tiny_trace/report.md,yes,"Summary of the 2026-10-03 runs of idx_2212 and idx_7026, including the GPU state before each run."
rq2/climb/tinyimagenet_2024/traces/logs/selection_rq1.json,rq2,climb,tinyimagenet_2024,Figure 7 trace campaign,Figure 7 (fig:exp-trace) (provenance),0,c126d03629e5aae77a7c142b5e9bef60d383c7d5e51eca421a6fea918a7561d0,scratch/rq1_2026_tmp/trace_campaign/selection_rq1.json,yes,Selection rule and queries of the other climb_trace_t300 queries (CLIMB needs 20-99 s in RQ1).
rq2/climb/tinyimagenet_2024/traces/logs/selection_rq2.json,rq2,climb,tinyimagenet_2024,Figure 7 trace campaign,Figure 7 (fig:exp-trace) (provenance),0,0c4605838ee4d09bfcf592884c0d62c9151a17589b1764b1916b1e181f953a98,scratch/rq1_2026_tmp/trace_campaign/selection_rq2.json,yes,Selection rule and queries of climb_trace (RQ2 queries both solve in 100 s) and of the RQ2 queries only CLIMB solves (part of climb_trace_t300).
rq2/climb/yelp_p1/text_bab.csv,rq2,climb,yelp_p1,attacks disabled (the Table 3 runs),RQ2 text (text BaB statistics),60,90611784b4ce8eb19abc2879141aa24ee034c1964b605bb89c32743394f3d1f6,fse2026/climb/yelp_p1/results.csv; fse2026/climb/yelp_p1/raw.jsonl,yes,Table 3 CLIMB rows plus BaB counters from raw.jsonl joined on run_id as in make_exp_assets.Gen.text_bab; entered_bab = more than one processed sub-problem. Absolute paths rewritten as relative paths.
rq2/climb/yelp_pinf/text_bab.csv,rq2,climb,yelp_pinf,attacks disabled (the Table 3 runs),RQ2 text (text BaB statistics),60,40fd7cf45ea200e21f75524c3ed6e562294773aee90ad4b3c085e4c6c7e1dbb0,fse2026/climb/yelp_pinf/results.csv; fse2026/climb/yelp_pinf/raw.jsonl,yes,Table 3 CLIMB rows plus BaB counters from raw.jsonl joined on run_id as in make_exp_assets.Gen.text_bab; entered_bab = more than one processed sub-problem. Absolute paths rewritten as relative paths.
rq3/climb/cifar100_2024/coarsening_off_k256.csv,rq3,climb,cifar100_2024,"CLIMB without coarsening, FSB, B=256",Table 5 (tab:exp-rq3),25,99b071eb61205a279dcc33a395f1329222848d7c6210e34fd4a438d63c8ec9d6,fse2026/rq23_fsb/runs/cifar100_2024/coarsening_off_k256/results.csv; fse2026/rq23_fsb/runs/cifar100_2024/coarsening_off_k256/raw.jsonl,yes,results.csv columns (nodes = processed sub-problems) plus search counters from raw.jsonl joined on run_id as in make_exp_assets.Gen.runs. Absolute paths rewritten as relative paths.
rq3/climb/cifar100_2024/merge_off_k256.csv,rq3,climb,cifar100_2024,"CLIMB without merging, FSB, B=256",Table 5 (tab:exp-rq3),25,1583eac67e7229f37cb9012d32ef15c0bfaa82c79837632b331401098e9ed812,fse2026/rq23_fsb/runs/cifar100_2024/merge_off_k256/results.csv; fse2026/rq23_fsb/runs/cifar100_2024/merge_off_k256/raw.jsonl,yes,results.csv columns (nodes = processed sub-problems) plus search counters from raw.jsonl joined on run_id as in make_exp_assets.Gen.runs. Absolute paths rewritten as relative paths.
rq3/climb/cifar100_2024/on_k256.csv,rq3,climb,cifar100_2024,"CLIMB enabled, FSB, B=256 (full/primary CLIMB)",Table 5 (tab:exp-rq3),25,974c68d97dc68c250f69f353de5c523dbbe7468008c56cd08e15b7538423807e,fse2026/rq23_fsb/runs/cifar100_2024/on_k256/results.csv; fse2026/rq23_fsb/runs/cifar100_2024/on_k256/raw.jsonl,yes,results.csv columns (nodes = processed sub-problems) plus search counters from raw.jsonl joined on run_id as in make_exp_assets.Gen.runs. Absolute paths rewritten as relative paths.
rq3/climb/cifar100_2024/propagation_off_k256.csv,rq3,climb,cifar100_2024,"CLIMB without propagation, FSB, B=256",Table 5 (tab:exp-rq3),25,5513191ed9fa14c8337d044f6cf240c8ceb541e4d2a44489192e78b02c70bfb1,fse2026/rq23_fsb/runs/cifar100_2024/propagation_off_k256/results.csv; fse2026/rq23_fsb/runs/cifar100_2024/propagation_off_k256/raw.jsonl,yes,results.csv columns (nodes = processed sub-problems) plus search counters from raw.jsonl joined on run_id as in make_exp_assets.Gen.runs. Absolute paths rewritten as relative paths.
rq3/climb/cifar100_2024/queries.csv,rq3,climb,cifar100_2024,query selection,Table 5 (tab:exp-rq3),25,0251a1b48fecd3d9aec78847550ef19a6a577a99337a88e9c5727d8b033fd51f,fse2026/rq23_fsb/plan.json,yes,"Queries of plan.json stage(s) rq3; every other file in this folder has one row per query, in this order. Absolute paths rewritten as relative paths."
rq3/climb/cifar100_2024/terminal_off_k256.csv,rq3,climb,cifar100_2024,"CLIMB without terminal-LP cores, FSB, B=256",Table 5 (tab:exp-rq3),25,9a73b04fbc322b44bb5fb908c2e07693772f42566eb3fcf891772cda626aca9f,fse2026/rq23_fsb/runs/cifar100_2024/terminal_off_k256/results.csv; fse2026/rq23_fsb/runs/cifar100_2024/terminal_off_k256/raw.jsonl,yes,results.csv columns (nodes = processed sub-problems) plus search counters from raw.jsonl joined on run_id as in make_exp_assets.Gen.runs. Absolute paths rewritten as relative paths.
rq3/climb/tinyimagenet_2024/coarsening_off_k256.csv,rq3,climb,tinyimagenet_2024,"CLIMB without coarsening, FSB, B=256",Table 5 (tab:exp-rq3),25,e829382371028b2b385cc8e1fc58b667fbb5342c926fb6ff1c8b68cea4353a74,fse2026/rq23_fsb/runs/tinyimagenet_2024/coarsening_off_k256/results.csv; fse2026/rq23_fsb/runs/tinyimagenet_2024/coarsening_off_k256/raw.jsonl,yes,results.csv columns (nodes = processed sub-problems) plus search counters from raw.jsonl joined on run_id as in make_exp_assets.Gen.runs. Absolute paths rewritten as relative paths.
rq3/climb/tinyimagenet_2024/merge_off_k256.csv,rq3,climb,tinyimagenet_2024,"CLIMB without merging, FSB, B=256",Table 5 (tab:exp-rq3),25,f7e6985ef216fb244bf4f872873b41895b8b495a823a0e5cc7671d9c1ec68e2a,fse2026/rq23_fsb/runs/tinyimagenet_2024/merge_off_k256/results.csv; fse2026/rq23_fsb/runs/tinyimagenet_2024/merge_off_k256/raw.jsonl,yes,results.csv columns (nodes = processed sub-problems) plus search counters from raw.jsonl joined on run_id as in make_exp_assets.Gen.runs. Absolute paths rewritten as relative paths.
rq3/climb/tinyimagenet_2024/on_k256.csv,rq3,climb,tinyimagenet_2024,"CLIMB enabled, FSB, B=256 (full/primary CLIMB)",Table 5 (tab:exp-rq3),25,c484d8cdeabb89d7737524992a6b82db0682e9d2c68f99e92284562c694fd598,fse2026/rq23_fsb/runs/tinyimagenet_2024/on_k256/results.csv; fse2026/rq23_fsb/runs/tinyimagenet_2024/on_k256/raw.jsonl,yes,results.csv columns (nodes = processed sub-problems) plus search counters from raw.jsonl joined on run_id as in make_exp_assets.Gen.runs. Absolute paths rewritten as relative paths.
rq3/climb/tinyimagenet_2024/propagation_off_k256.csv,rq3,climb,tinyimagenet_2024,"CLIMB without propagation, FSB, B=256",Table 5 (tab:exp-rq3),25,fcabb966ebb8ed11ca969363e20b2e429b5066fda1f7639846ed369dda017ed4,fse2026/rq23_fsb/runs/tinyimagenet_2024/propagation_off_k256/results.csv; fse2026/rq23_fsb/runs/tinyimagenet_2024/propagation_off_k256/raw.jsonl,yes,results.csv columns (nodes = processed sub-problems) plus search counters from raw.jsonl joined on run_id as in make_exp_assets.Gen.runs. Absolute paths rewritten as relative paths.
rq3/climb/tinyimagenet_2024/queries.csv,rq3,climb,tinyimagenet_2024,query selection,Table 5 (tab:exp-rq3),25,f729303d52347a011a3432fcf2790c75d6cb28c7610cadc3db6b49bf558dde89,fse2026/rq23_fsb/plan.json,yes,"Queries of plan.json stage(s) rq3; every other file in this folder has one row per query, in this order. Absolute paths rewritten as relative paths."
rq3/climb/tinyimagenet_2024/terminal_off_k256.csv,rq3,climb,tinyimagenet_2024,"CLIMB without terminal-LP cores, FSB, B=256",Table 5 (tab:exp-rq3),25,ff63f77c79520c3626e90b2cf9f688033c8d9928a499ed69aee901b62040a999,fse2026/rq23_fsb/runs/tinyimagenet_2024/terminal_off_k256/results.csv; fse2026/rq23_fsb/runs/tinyimagenet_2024/terminal_off_k256/raw.jsonl,yes,results.csv columns (nodes = processed sub-problems) plus search counters from raw.jsonl joined on run_id as in make_exp_assets.Gen.runs. Absolute paths rewritten as relative paths.
rq4/climb/cifar100_2024/off_k1024.csv,rq4,climb,cifar100_2024,"CLIMB disabled, FSB, B=1024",Table 6 (tab:exp-rq4-batch),10,19e75de030cb88b2dd6c945b9883855b0205ccdf711a52cd7e156c800d192814,fse2026/rq23_fsb/runs/cifar100_2024/off_k1024/results.csv; fse2026/rq23_fsb/runs/cifar100_2024/off_k1024/raw.jsonl,yes,results.csv columns (nodes = processed sub-problems) plus search counters from raw.jsonl joined on run_id as in make_exp_assets.Gen.runs. Absolute paths rewritten as relative paths.
rq4/climb/cifar100_2024/off_k256.csv,rq4,climb,cifar100_2024,"CLIMB disabled, FSB, B=256",Table 6 (tab:exp-rq4-batch),10,626e61afb0ceedb7e4c1838c53e43a0ea5275043fe6606cad80a3d4db869a761,fse2026/rq23_fsb/runs/cifar100_2024/off_k256/results.csv; fse2026/rq23_fsb/runs/cifar100_2024/off_k256/raw.jsonl,yes,results.csv columns (nodes = processed sub-problems) plus search counters from raw.jsonl joined on run_id as in make_exp_assets.Gen.runs. Absolute paths rewritten as relative paths.
rq4/climb/cifar100_2024/off_k64.csv,rq4,climb,cifar100_2024,"CLIMB disabled, FSB, B=64",Table 6 (tab:exp-rq4-batch),10,7e8de05faf40f0c006e0b9daf8c5426280f4b6d5e4c656bd6249d69594a32d0d,fse2026/rq23_fsb/runs/cifar100_2024/off_k64/results.csv; fse2026/rq23_fsb/runs/cifar100_2024/off_k64/raw.jsonl,yes,results.csv columns (nodes = processed sub-problems) plus search counters from raw.jsonl joined on run_id as in make_exp_assets.Gen.runs. Absolute paths rewritten as relative paths.
rq4/climb/cifar100_2024/on_k1024.csv,rq4,climb,cifar100_2024,"CLIMB enabled, FSB, B=1024",Table 6 (tab:exp-rq4-batch),10,ca40cc54b7787dbf020cffdd74ce235cb9d4b8a629c7599f227c0fbcd182fdc0,fse2026/rq23_fsb/runs/cifar100_2024/on_k1024/results.csv; fse2026/rq23_fsb/runs/cifar100_2024/on_k1024/raw.jsonl,yes,results.csv columns (nodes = processed sub-problems) plus search counters from raw.jsonl joined on run_id as in make_exp_assets.Gen.runs. Absolute paths rewritten as relative paths.
rq4/climb/cifar100_2024/on_k256.csv,rq4,climb,cifar100_2024,"CLIMB enabled, FSB, B=256 (full/primary CLIMB)",Table 6 (tab:exp-rq4-batch) (B=256); Table 7 (tab:exp-rq4-ext) (primary),10,b94c74cf6ee485618a480111a7221da1141333360757555d6d3f6e67ce506edf,fse2026/rq23_fsb/runs/cifar100_2024/on_k256/results.csv; fse2026/rq23_fsb/runs/cifar100_2024/on_k256/raw.jsonl,yes,results.csv columns (nodes = processed sub-problems) plus search counters from raw.jsonl joined on run_id as in make_exp_assets.Gen.runs. Absolute paths rewritten as relative paths.
rq4/climb/cifar100_2024/on_k64.csv,rq4,climb,cifar100_2024,"CLIMB enabled, FSB, B=64",Table 6 (tab:exp-rq4-batch),10,148a51a43204f0fde1585783c2c97425c7c6b9a89a108dd2181bf768c476c5d0,fse2026/rq23_fsb/runs/cifar100_2024/on_k64/results.csv; fse2026/rq23_fsb/runs/cifar100_2024/on_k64/raw.jsonl,yes,results.csv columns (nodes = processed sub-problems) plus search counters from raw.jsonl joined on run_id as in make_exp_assets.Gen.runs. Absolute paths rewritten as relative paths.
rq4/climb/cifar100_2024/queries.csv,rq4,climb,cifar100_2024,query selection,Table 6 (tab:exp-rq4-batch); Table 7 (tab:exp-rq4-ext),10,dfeca028254a17d51095c9f76cf66b9e42c9b0380c6cc46604c3d1c1d624fccf,fse2026/rq23_fsb/plan.json,yes,"Queries of plan.json stage(s) ksweep, rq4_theta, rq4_recheck; every other file in this folder has one row per query, in this order. Absolute paths rewritten as relative paths."
rq4/climb/cifar100_2024/recheck2_k256.csv,rq4,climb,cifar100_2024,"CLIMB re-check K=2, FSB, B=256",Table 7 (tab:exp-rq4-ext),10,feeea12ab349d1143db6374a052d5fef08d1eeedecc8534eadea4575f358f7a6,fse2026/rq23_fsb/runs/cifar100_2024/recheck2_k256/results.csv; fse2026/rq23_fsb/runs/cifar100_2024/recheck2_k256/raw.jsonl,yes,results.csv columns (nodes = processed sub-problems) plus search counters from raw.jsonl joined on run_id as in make_exp_assets.Gen.runs. Absolute paths rewritten as relative paths.
rq4/climb/cifar100_2024/recheck8_k256.csv,rq4,climb,cifar100_2024,"CLIMB re-check K=8, FSB, B=256",Table 7 (tab:exp-rq4-ext),10,0cb16617e092348a4d1b6449649ea8f208bf759226e90fcb14f28784ab96e86f,fse2026/rq23_fsb/runs/cifar100_2024/recheck8_k256/results.csv; fse2026/rq23_fsb/runs/cifar100_2024/recheck8_k256/raw.jsonl,yes,results.csv columns (nodes = processed sub-problems) plus search counters from raw.jsonl joined on run_id as in make_exp_assets.Gen.runs. Absolute paths rewritten as relative paths.
rq4/climb/cifar100_2024/theta025_k256.csv,rq4,climb,cifar100_2024,"CLIMB theta=0.25, FSB, B=256",Table 7 (tab:exp-rq4-ext),10,ca0a06120a4d3e5469ad83063ef9a5d3eeabe0614b8be5ff46bc87913038acd1,fse2026/rq23_fsb/runs/cifar100_2024/theta025_k256/results.csv; fse2026/rq23_fsb/runs/cifar100_2024/theta025_k256/raw.jsonl,yes,results.csv columns (nodes = processed sub-problems) plus search counters from raw.jsonl joined on run_id as in make_exp_assets.Gen.runs. Absolute paths rewritten as relative paths.
rq4/climb/cifar100_2024/theta05_k256.csv,rq4,climb,cifar100_2024,"CLIMB theta=0.5, FSB, B=256",Table 7 (tab:exp-rq4-ext),10,e06f89753258af9f569b39d73d51d0f1d99f7309b098b3cae298514dbd0b06af,fse2026/rq23_fsb/runs/cifar100_2024/theta05_k256/results.csv; fse2026/rq23_fsb/runs/cifar100_2024/theta05_k256/raw.jsonl,yes,results.csv columns (nodes = processed sub-problems) plus search counters from raw.jsonl joined on run_id as in make_exp_assets.Gen.runs. Absolute paths rewritten as relative paths.
rq4/climb/sat_relu_2025/on_k256.csv,rq4,climb,sat_relu_2025,"CLIMB enabled, FSB, B=256 (full/primary CLIMB)",Table 7 (tab:exp-rq4-ext) (primary),8,f7f7fd1fbc1f0dfa560d7b778039ce5c58c1f107d923909fcc1f3db4f9f6e1bb,fse2026/rq23_fsb/runs/sat_relu_2025/on_k256/results.csv; fse2026/rq23_fsb/runs/sat_relu_2025/on_k256/raw.jsonl,yes,results.csv columns (nodes = processed sub-problems) plus search counters from raw.jsonl joined on run_id as in make_exp_assets.Gen.runs. Absolute paths rewritten as relative paths.
rq4/climb/sat_relu_2025/queries.csv,rq4,climb,sat_relu_2025,query selection,Table 7 (tab:exp-rq4-ext),8,f617ae9f9ff82593ca2865f5c8a0573f544a1e74edd1ff59c95a6b1cbd42099f,fse2026/rq23_fsb/plan.json,yes,"Queries of plan.json stage(s) rq4_theta, rq4_recheck; every other file in this folder has one row per query, in this order. Absolute paths rewritten as relative paths."
rq4/climb/sat_relu_2025/recheck2_k256.csv,rq4,climb,sat_relu_2025,"CLIMB re-check K=2, FSB, B=256",Table 7 (tab:exp-rq4-ext),8,0609cdb13f78fe0fa5c95371627fd11368aeaa04870313e3663787cf91df9547,fse2026/rq23_fsb/runs/sat_relu_2025/recheck2_k256/results.csv; fse2026/rq23_fsb/runs/sat_relu_2025/recheck2_k256/raw.jsonl,yes,results.csv columns (nodes = processed sub-problems) plus search counters from raw.jsonl joined on run_id as in make_exp_assets.Gen.runs. Absolute paths rewritten as relative paths.
rq4/climb/sat_relu_2025/recheck8_k256.csv,rq4,climb,sat_relu_2025,"CLIMB re-check K=8, FSB, B=256",Table 7 (tab:exp-rq4-ext),8,85082346bf8eb9f3c29c3b1f9c8bc3ee4b6fc735abc221799abc4216e93bf0fa,fse2026/rq23_fsb/runs/sat_relu_2025/recheck8_k256/results.csv; fse2026/rq23_fsb/runs/sat_relu_2025/recheck8_k256/raw.jsonl,yes,results.csv columns (nodes = processed sub-problems) plus search counters from raw.jsonl joined on run_id as in make_exp_assets.Gen.runs. Absolute paths rewritten as relative paths.
rq4/climb/sat_relu_2025/theta025_k256.csv,rq4,climb,sat_relu_2025,"CLIMB theta=0.25, FSB, B=256",Table 7 (tab:exp-rq4-ext),8,1cce908526814ee817b8738e1c06d734a71a07b2583c7c52cc37eb9d4f8a6b73,fse2026/rq23_fsb/runs/sat_relu_2025/theta025_k256/results.csv; fse2026/rq23_fsb/runs/sat_relu_2025/theta025_k256/raw.jsonl,yes,results.csv columns (nodes = processed sub-problems) plus search counters from raw.jsonl joined on run_id as in make_exp_assets.Gen.runs. Absolute paths rewritten as relative paths.
rq4/climb/sat_relu_2025/theta05_k256.csv,rq4,climb,sat_relu_2025,"CLIMB theta=0.5, FSB, B=256",Table 7 (tab:exp-rq4-ext),8,db58c2c0224ada2394e51f8d3a4f8ac178a6904ad01b200111ef1198750883f7,fse2026/rq23_fsb/runs/sat_relu_2025/theta05_k256/results.csv; fse2026/rq23_fsb/runs/sat_relu_2025/theta05_k256/raw.jsonl,yes,results.csv columns (nodes = processed sub-problems) plus search counters from raw.jsonl joined on run_id as in make_exp_assets.Gen.runs. Absolute paths rewritten as relative paths.
rq4/climb/tinyimagenet_2024/off_k1024.csv,rq4,climb,tinyimagenet_2024,"CLIMB disabled, FSB, B=1024",Table 6 (tab:exp-rq4-batch),10,2add827ee192cac25fed64d0f4f5d4fb7958a3eb3195cfe19211eb3a7d622af5,fse2026/rq23_fsb/runs/tinyimagenet_2024/off_k1024/results.csv; fse2026/rq23_fsb/runs/tinyimagenet_2024/off_k1024/raw.jsonl,yes,results.csv columns (nodes = processed sub-problems) plus search counters from raw.jsonl joined on run_id as in make_exp_assets.Gen.runs. Absolute paths rewritten as relative paths.
rq4/climb/tinyimagenet_2024/off_k256.csv,rq4,climb,tinyimagenet_2024,"CLIMB disabled, FSB, B=256",Table 6 (tab:exp-rq4-batch),10,15268b4ec05f12cb5e67e5a0cf0dcfebf24ef656e278121ec7c542818d76f421,fse2026/rq23_fsb/runs/tinyimagenet_2024/off_k256/results.csv; fse2026/rq23_fsb/runs/tinyimagenet_2024/off_k256/raw.jsonl,yes,results.csv columns (nodes = processed sub-problems) plus search counters from raw.jsonl joined on run_id as in make_exp_assets.Gen.runs. Absolute paths rewritten as relative paths.
rq4/climb/tinyimagenet_2024/off_k64.csv,rq4,climb,tinyimagenet_2024,"CLIMB disabled, FSB, B=64",Table 6 (tab:exp-rq4-batch),10,3f53178900f7cc96ccd39e4060e5b2577697d647a03287bdc00d63479843ba52,fse2026/rq23_fsb/runs/tinyimagenet_2024/off_k64/results.csv; fse2026/rq23_fsb/runs/tinyimagenet_2024/off_k64/raw.jsonl,yes,results.csv columns (nodes = processed sub-problems) plus search counters from raw.jsonl joined on run_id as in make_exp_assets.Gen.runs. Absolute paths rewritten as relative paths.
rq4/climb/tinyimagenet_2024/on_k1024.csv,rq4,climb,tinyimagenet_2024,"CLIMB enabled, FSB, B=1024",Table 6 (tab:exp-rq4-batch),10,fd549b492ec6143e599c15c0f7223eaa86c3adc1e9173a417f9e86f85fcb54cc,fse2026/rq23_fsb/runs/tinyimagenet_2024/on_k1024/results.csv; fse2026/rq23_fsb/runs/tinyimagenet_2024/on_k1024/raw.jsonl,yes,results.csv columns (nodes = processed sub-problems) plus search counters from raw.jsonl joined on run_id as in make_exp_assets.Gen.runs. Absolute paths rewritten as relative paths.
rq4/climb/tinyimagenet_2024/on_k256.csv,rq4,climb,tinyimagenet_2024,"CLIMB enabled, FSB, B=256 (full/primary CLIMB)",Table 6 (tab:exp-rq4-batch),10,7319983906aaa6b9e70d3560b15268d064a0ff37bee4defdae1bd7b3545c8b37,fse2026/rq23_fsb/runs/tinyimagenet_2024/on_k256/results.csv; fse2026/rq23_fsb/runs/tinyimagenet_2024/on_k256/raw.jsonl,yes,results.csv columns (nodes = processed sub-problems) plus search counters from raw.jsonl joined on run_id as in make_exp_assets.Gen.runs. Absolute paths rewritten as relative paths.
rq4/climb/tinyimagenet_2024/on_k64.csv,rq4,climb,tinyimagenet_2024,"CLIMB enabled, FSB, B=64",Table 6 (tab:exp-rq4-batch),10,9d754922d2ef4f3562f823e65e4bd9ee1cfaf23acf2164673643e4fac461587f,fse2026/rq23_fsb/runs/tinyimagenet_2024/on_k64/results.csv; fse2026/rq23_fsb/runs/tinyimagenet_2024/on_k64/raw.jsonl,yes,results.csv columns (nodes = processed sub-problems) plus search counters from raw.jsonl joined on run_id as in make_exp_assets.Gen.runs. Absolute paths rewritten as relative paths.
rq4/climb/tinyimagenet_2024/queries.csv,rq4,climb,tinyimagenet_2024,query selection,Table 6 (tab:exp-rq4-batch),10,64223beea5086e2bc59c71afe46a6f8d03fc836f6f8adcdd0a58128ca61d0353,fse2026/rq23_fsb/plan.json,yes,"Queries of plan.json stage(s) ksweep; every other file in this folder has one row per query, in this order. Absolute paths rewritten as relative paths."
,rq1,climb,tinyimagenet_2024,,,,,fse2026/climb/tinyimagenet_2024/results.csv,,"NOT ARCHIVED: CLIMB with BaBSR branching (secondary configuration); read by the generator but not cited in any table, figure or sentence of the paper."
,rq1,climb,cifar100_2024,,,,,fse2026/climb/cifar100_2024/results.csv,,"NOT ARCHIVED: CLIMB with BaBSR branching (secondary configuration); read by the generator but not cited in any table, figure or sentence of the paper."
,rq1,climb,cora_2024,,,,,fse2026/climb/cora_2024/results.csv,,"NOT ARCHIVED: CLIMB with BaBSR branching (secondary configuration); read by the generator but not cited in any table, figure or sentence of the paper."
,rq1,climb,safenlp_2024,,,,,fse2026/climb/safenlp_2024/results.csv,,"NOT ARCHIVED: CLIMB with BaBSR branching (secondary configuration); read by the generator but not cited in any table, figure or sentence of the paper."
,rq1,nnenum,sst_p1,,,,,fse2026/nnenum/sst_p1/results.csv,,"NOT ARCHIVED: nnenum is not part of Table 3: it cannot load the Transformer models (Tanh, Softmax and attention are outside its ONNX support); never run."
,rq1,neuralsat,sst_p1,,,,,fse2026/neuralsat/sst_p1/results.csv,,NOT ARCHIVED: N/A by protocol: l1 balls cannot be passed through the box-only baseline interface (Table 3 shows N/A).
,rq1,nnenum,sst_pinf,,,,,fse2026/nnenum/sst_pinf/results.csv,,"NOT ARCHIVED: nnenum is not part of Table 3: it cannot load the Transformer models (Tanh, Softmax and attention are outside its ONNX support); never run."
,rq1,nnenum,yelp_p1,,,,,fse2026/nnenum/yelp_p1/results.csv,,"NOT ARCHIVED: nnenum is not part of Table 3: it cannot load the Transformer models (Tanh, Softmax and attention are outside its ONNX support); never run."
,rq1,neuralsat,yelp_p1,,,,,fse2026/neuralsat/yelp_p1/results.csv,,NOT ARCHIVED: N/A by protocol: l1 balls cannot be passed through the box-only baseline interface (Table 3 shows N/A).
,rq1,nnenum,yelp_pinf,,,,,fse2026/nnenum/yelp_pinf/results.csv,,"NOT ARCHIVED: nnenum is not part of Table 3: it cannot load the Transformer models (Tanh, Softmax and attention are outside its ONNX support); never run."
,-,-,-,,,,,fse2026/rq1_table.csv,,NOT ARCHIVED: aggregate used only to cross-check the generator.
,-,-,-,,,,,fse2026/rq23_fsb/RESULTS_RQ23.md,,NOT ARCHIVED: aggregate used only to cross-check the generator.
,rq2,climb,sat_relu_2025,,,,,fse2026/rq23_fsb/runs/sat_relu_2025/on_k256/results.csv,,"NOT ARCHIVED: SAT-ReLU is not reported in RQ2 (not in Table 4, Figure 6 or the RQ2 text)."
,rq2,climb,sat_relu_2025,,,,,fse2026/rq23_fsb/runs/sat_relu_2025/on_k256/raw.jsonl,,"NOT ARCHIVED: SAT-ReLU is not reported in RQ2 (not in Table 4, Figure 6 or the RQ2 text)."
,rq2,climb,sat_relu_2025,,,,,fse2026/rq23_fsb/runs/sat_relu_2025/off_k256/results.csv,,"NOT ARCHIVED: SAT-ReLU is not reported in RQ2 (not in Table 4, Figure 6 or the RQ2 text)."
,rq2,climb,sat_relu_2025,,,,,fse2026/rq23_fsb/runs/sat_relu_2025/off_k256/raw.jsonl,,"NOT ARCHIVED: SAT-ReLU is not reported in RQ2 (not in Table 4, Figure 6 or the RQ2 text)."
,rq2,climb,sat_relu_2025,,,,,fse2026/rq23_fsb/runs/sat_relu_2025/on_babsr_k256/results.csv,,"NOT ARCHIVED: SAT-ReLU is not reported in RQ2 (not in Table 4, Figure 6 or the RQ2 text)."
,rq2,climb,sat_relu_2025,,,,,fse2026/rq23_fsb/runs/sat_relu_2025/on_babsr_k256/raw.jsonl,,"NOT ARCHIVED: SAT-ReLU is not reported in RQ2 (not in Table 4, Figure 6 or the RQ2 text)."
,rq2,climb,sat_relu_2025,,,,,fse2026/rq23_fsb/runs/sat_relu_2025/off_babsr_k256/results.csv,,"NOT ARCHIVED: SAT-ReLU is not reported in RQ2 (not in Table 4, Figure 6 or the RQ2 text)."
,rq2,climb,sat_relu_2025,,,,,fse2026/rq23_fsb/runs/sat_relu_2025/off_babsr_k256/raw.jsonl,,"NOT ARCHIVED: SAT-ReLU is not reported in RQ2 (not in Table 4, Figure 6 or the RQ2 text)."
,rq3,climb,sat_relu_2025,,,,,fse2026/rq23_fsb/runs/sat_relu_2025/on_k256/results.csv,,NOT ARCHIVED: SAT-ReLU is not reported in Table 5.
,rq3,climb,sat_relu_2025,,,,,fse2026/rq23_fsb/runs/sat_relu_2025/on_k256/raw.jsonl,,NOT ARCHIVED: SAT-ReLU is not reported in Table 5.
,rq3,climb,sat_relu_2025,,,,,fse2026/rq23_fsb/runs/sat_relu_2025/coarsening_off_k256/results.csv,,NOT ARCHIVED: SAT-ReLU is not reported in Table 5.
,rq3,climb,sat_relu_2025,,,,,fse2026/rq23_fsb/runs/sat_relu_2025/coarsening_off_k256/raw.jsonl,,NOT ARCHIVED: SAT-ReLU is not reported in Table 5.
,rq3,climb,sat_relu_2025,,,,,fse2026/rq23_fsb/runs/sat_relu_2025/propagation_off_k256/results.csv,,NOT ARCHIVED: SAT-ReLU is not reported in Table 5.
,rq3,climb,sat_relu_2025,,,,,fse2026/rq23_fsb/runs/sat_relu_2025/propagation_off_k256/raw.jsonl,,NOT ARCHIVED: SAT-ReLU is not reported in Table 5.
,rq3,climb,sat_relu_2025,,,,,fse2026/rq23_fsb/runs/sat_relu_2025/merge_off_k256/results.csv,,NOT ARCHIVED: SAT-ReLU is not reported in Table 5.
,rq3,climb,sat_relu_2025,,,,,fse2026/rq23_fsb/runs/sat_relu_2025/merge_off_k256/raw.jsonl,,NOT ARCHIVED: SAT-ReLU is not reported in Table 5.
,rq3,climb,sat_relu_2025,,,,,fse2026/rq23_fsb/runs/sat_relu_2025/terminal_off_k256/results.csv,,NOT ARCHIVED: SAT-ReLU is not reported in Table 5.
,rq3,climb,sat_relu_2025,,,,,fse2026/rq23_fsb/runs/sat_relu_2025/terminal_off_k256/raw.jsonl,,NOT ARCHIVED: SAT-ReLU is not reported in Table 5.
,rq4,climb,sat_relu_2025,,,,,fse2026/rq23_fsb/runs/sat_relu_2025/on_k64/results.csv,,NOT ARCHIVED: SAT-ReLU is not reported in Table 6.
,rq4,climb,sat_relu_2025,,,,,fse2026/rq23_fsb/runs/sat_relu_2025/on_k64/raw.jsonl,,NOT ARCHIVED: SAT-ReLU is not reported in Table 6.
,rq4,climb,sat_relu_2025,,,,,fse2026/rq23_fsb/runs/sat_relu_2025/off_k64/results.csv,,NOT ARCHIVED: SAT-ReLU is not reported in Table 6.
,rq4,climb,sat_relu_2025,,,,,fse2026/rq23_fsb/runs/sat_relu_2025/off_k64/raw.jsonl,,NOT ARCHIVED: SAT-ReLU is not reported in Table 6.
,rq4,climb,sat_relu_2025,,,,,fse2026/rq23_fsb/runs/sat_relu_2025/off_k256/results.csv,,NOT ARCHIVED: SAT-ReLU is not reported in Table 6.
,rq4,climb,sat_relu_2025,,,,,fse2026/rq23_fsb/runs/sat_relu_2025/off_k256/raw.jsonl,,NOT ARCHIVED: SAT-ReLU is not reported in Table 6.
,rq4,climb,sat_relu_2025,,,,,fse2026/rq23_fsb/runs/sat_relu_2025/on_k1024/results.csv,,NOT ARCHIVED: SAT-ReLU is not reported in Table 6.
,rq4,climb,sat_relu_2025,,,,,fse2026/rq23_fsb/runs/sat_relu_2025/on_k1024/raw.jsonl,,NOT ARCHIVED: SAT-ReLU is not reported in Table 6.
,rq4,climb,sat_relu_2025,,,,,fse2026/rq23_fsb/runs/sat_relu_2025/off_k1024/results.csv,,NOT ARCHIVED: SAT-ReLU is not reported in Table 6.
,rq4,climb,sat_relu_2025,,,,,fse2026/rq23_fsb/runs/sat_relu_2025/off_k1024/raw.jsonl,,NOT ARCHIVED: SAT-ReLU is not reported in Table 6.
