dataset,row,onnx,vnnlib,result,time_sec,status,solved,timeout_s,verification_s,wall_s,prep_s,process_wall_s,over_timeout,witness_n,witness_valid,witness_valid_1e6,witness_note,exit_code,log_path,tool_commit,config,deviations,error_class,error_detail,gpu_util_pct_before,gpu_mem_used_mib_before,variant,key,reused_from_row
cifar100_2024,0,CIFAR100_resnet_medium.onnx,CIFAR100_resnet_medium_prop_idx_4855_sidx_8006_eps_0.0039.vnnlib,timeout,103.2227,TIMEOUT,0,100.0,103.2227,106.377,0,106.49570548348129,1,0,,,not a FALSIFIED row,0,scratch/logs/fse2026/neuralsat/cifar100_2024/00000_fe9896c5b2cf66489b4e_rpy42qet.log,c5097698a32a6dc04d176dcf72b61a931b89cdac,"{""attack"": {""attack_off"": true, ""overrides"": [""--disable_attack""]}, ""deviations"": [""GRB_LICENSE_FILE unset (run_instance.sh sets ~/gurobi.lic; no license on this machine, gurobipy size-limited pip license)"", ""attack-off (user decision D20): --disable_attack""], ""mapping"": ""default"", ""official"": ""vnncomp_scripts/run_instance.sh defaults (no per-family config)"", ""variant"": ""default""}","[""GRB_LICENSE_FILE unset (run_instance.sh sets ~/gurobi.lic; no license on this machine, gurobipy size-limited pip license)"", ""attack-off (user decision D20): --disable_attack"", ""float32 default NeuralSAT dtype; stable interpreter; no precision override""]",,,0.0,11534.0,default_attack_off_f32,"[""neuralsat"",""data/vnncomp2026/cifar100_2024/1.0/onnx/CIFAR100_resnet_medium.onnx"",""data/vnncomp2026/cifar100_2024/1.0/vnnlib/CIFAR100_resnet_medium_prop_idx_4855_sidx_8006_eps_0.0039.vnnlib"",100.0,""default_attack_off_f32""]",
cifar100_2024,1,CIFAR100_resnet_medium.onnx,CIFAR100_resnet_medium_prop_idx_8420_sidx_4285_eps_0.0039.vnnlib,unsat,15.6085,CERTIFIED,1,100.0,15.6085,17.747,0,17.833129320293665,0,0,,,not a FALSIFIED row,0,scratch/logs/fse2026/neuralsat/cifar100_2024/00001_a7499b85135af96a9bb2_mumjvzk6.log,c5097698a32a6dc04d176dcf72b61a931b89cdac,"{""attack"": {""attack_off"": true, ""overrides"": [""--disable_attack""]}, ""deviations"": [""GRB_LICENSE_FILE unset (run_instance.sh sets ~/gurobi.lic; no license on this machine, gurobipy size-limited pip license)"", ""attack-off (user decision D20): --disable_attack""], ""mapping"": ""default"", ""official"": ""vnncomp_scripts/run_instance.sh defaults (no per-family config)"", ""variant"": ""default""}","[""GRB_LICENSE_FILE unset (run_instance.sh sets ~/gurobi.lic; no license on this machine, gurobipy size-limited pip license)"", ""attack-off (user decision D20): --disable_attack"", ""float32 default NeuralSAT dtype; stable interpreter; no precision override""]",,,0.0,12090.0,default_attack_off_f32,"[""neuralsat"",""data/vnncomp2026/cifar100_2024/1.0/onnx/CIFAR100_resnet_medium.onnx"",""data/vnncomp2026/cifar100_2024/1.0/vnnlib/CIFAR100_resnet_medium_prop_idx_8420_sidx_4285_eps_0.0039.vnnlib"",100.0,""default_attack_off_f32""]",
cifar100_2024,2,CIFAR100_resnet_medium.onnx,CIFAR100_resnet_medium_prop_idx_2267_sidx_8602_eps_0.0039.vnnlib,timeout,102.7854,TIMEOUT,0,100.0,102.7854,105.238,0,105.35162797570229,1,0,,,not a FALSIFIED row,0,scratch/logs/fse2026/neuralsat/cifar100_2024/00002_41304d60c7598f1dde93_0z5q86ts.log,c5097698a32a6dc04d176dcf72b61a931b89cdac,"{""attack"": {""attack_off"": true, ""overrides"": [""--disable_attack""]}, ""deviations"": [""GRB_LICENSE_FILE unset (run_instance.sh sets ~/gurobi.lic; no license on this machine, gurobipy size-limited pip license)"", ""attack-off (user decision D20): --disable_attack""], ""mapping"": ""default"", ""official"": ""vnncomp_scripts/run_instance.sh defaults (no per-family config)"", ""variant"": ""default""}","[""GRB_LICENSE_FILE unset (run_instance.sh sets ~/gurobi.lic; no license on this machine, gurobipy size-limited pip license)"", ""attack-off (user decision D20): --disable_attack"", ""float32 default NeuralSAT dtype; stable interpreter; no precision override""]",,,0.0,11534.0,default_attack_off_f32,"[""neuralsat"",""data/vnncomp2026/cifar100_2024/1.0/onnx/CIFAR100_resnet_medium.onnx"",""data/vnncomp2026/cifar100_2024/1.0/vnnlib/CIFAR100_resnet_medium_prop_idx_2267_sidx_8602_eps_0.0039.vnnlib"",100.0,""default_attack_off_f32""]",
cifar100_2024,3,CIFAR100_resnet_medium.onnx,CIFAR100_resnet_medium_prop_idx_5316_sidx_6884_eps_0.0039.vnnlib,unsat,3.7474,CERTIFIED,1,100.0,3.7474,5.726,0,5.810352688655257,0,0,,,not a FALSIFIED row,0,scratch/logs/fse2026/neuralsat/cifar100_2024/00003_d99e8ebe0a345493a7e3_qksldaf3.log,c5097698a32a6dc04d176dcf72b61a931b89cdac,"{""attack"": {""attack_off"": true, ""overrides"": [""--disable_attack""]}, ""deviations"": [""GRB_LICENSE_FILE unset (run_instance.sh sets ~/gurobi.lic; no license on this machine, gurobipy size-limited pip license)"", ""attack-off (user decision D20): --disable_attack""], ""mapping"": ""default"", ""official"": ""vnncomp_scripts/run_instance.sh defaults (no per-family config)"", ""variant"": ""default""}","[""GRB_LICENSE_FILE unset (run_instance.sh sets ~/gurobi.lic; no license on this machine, gurobipy size-limited pip license)"", ""attack-off (user decision D20): --disable_attack"", ""float32 default NeuralSAT dtype; stable interpreter; no precision override""]",,,18.0,12496.0,default_attack_off_f32,"[""neuralsat"",""data/vnncomp2026/cifar100_2024/1.0/onnx/CIFAR100_resnet_medium.onnx"",""data/vnncomp2026/cifar100_2024/1.0/vnnlib/CIFAR100_resnet_medium_prop_idx_5316_sidx_6884_eps_0.0039.vnnlib"",100.0,""default_attack_off_f32""]",
cifar100_2024,4,CIFAR100_resnet_medium.onnx,CIFAR100_resnet_medium_prop_idx_431_sidx_7821_eps_0.0039.vnnlib,unsat,10.1679,CERTIFIED,1,100.0,10.1679,12.238,0,12.331623185425997,0,0,,,not a FALSIFIED row,0,scratch/logs/fse2026/neuralsat/cifar100_2024/00004_607a7c3707eb5f4427b7_yh7uue1k.log,c5097698a32a6dc04d176dcf72b61a931b89cdac,"{""attack"": {""attack_off"": true, ""overrides"": [""--disable_attack""]}, ""deviations"": [""GRB_LICENSE_FILE unset (run_instance.sh sets ~/gurobi.lic; no license on this machine, gurobipy size-limited pip license)"", ""attack-off (user decision D20): --disable_attack""], ""mapping"": ""default"", ""official"": ""vnncomp_scripts/run_instance.sh defaults (no per-family config)"", ""variant"": ""default""}","[""GRB_LICENSE_FILE unset (run_instance.sh sets ~/gurobi.lic; no license on this machine, gurobipy size-limited pip license)"", ""attack-off (user decision D20): --disable_attack"", ""float32 default NeuralSAT dtype; stable interpreter; no precision override""]",,,38.0,11534.0,default_attack_off_f32,"[""neuralsat"",""data/vnncomp2026/cifar100_2024/1.0/onnx/CIFAR100_resnet_medium.onnx"",""data/vnncomp2026/cifar100_2024/1.0/vnnlib/CIFAR100_resnet_medium_prop_idx_431_sidx_7821_eps_0.0039.vnnlib"",100.0,""default_attack_off_f32""]",
cifar100_2024,5,CIFAR100_resnet_medium.onnx,CIFAR100_resnet_medium_prop_idx_6919_sidx_325_eps_0.0039.vnnlib,timeout,104.5798,TIMEOUT,0,100.0,104.5798,107.334,0,107.4283851440996,1,0,,,not a FALSIFIED row,0,scratch/logs/fse2026/neuralsat/cifar100_2024/00005_99c3edd575b9027b4475_4b49a6_h.log,c5097698a32a6dc04d176dcf72b61a931b89cdac,"{""attack"": {""attack_off"": true, ""overrides"": [""--disable_attack""]}, ""deviations"": [""GRB_LICENSE_FILE unset (run_instance.sh sets ~/gurobi.lic; no license on this machine, gurobipy size-limited pip license)"", ""attack-off (user decision D20): --disable_attack""], ""mapping"": ""default"", ""official"": ""vnncomp_scripts/run_instance.sh defaults (no per-family config)"", ""variant"": ""default""}","[""GRB_LICENSE_FILE unset (run_instance.sh sets ~/gurobi.lic; no license on this machine, gurobipy size-limited pip license)"", ""attack-off (user decision D20): --disable_attack"", ""float32 default NeuralSAT dtype; stable interpreter; no precision override""]",,,1.0,11534.0,default_attack_off_f32,"[""neuralsat"",""data/vnncomp2026/cifar100_2024/1.0/onnx/CIFAR100_resnet_medium.onnx"",""data/vnncomp2026/cifar100_2024/1.0/vnnlib/CIFAR100_resnet_medium_prop_idx_6919_sidx_325_eps_0.0039.vnnlib"",100.0,""default_attack_off_f32""]",
cifar100_2024,6,CIFAR100_resnet_medium.onnx,CIFAR100_resnet_medium_prop_idx_2714_sidx_3569_eps_0.0039.vnnlib,unsat,15.4926,CERTIFIED,1,100.0,15.4926,17.496,0,17.582255128771067,0,0,,,not a FALSIFIED row,0,scratch/logs/fse2026/neuralsat/cifar100_2024/00006_21ef2b36c4f4e55f8295_yh7ld7xm.log,c5097698a32a6dc04d176dcf72b61a931b89cdac,"{""attack"": {""attack_off"": true, ""overrides"": [""--disable_attack""]}, ""deviations"": [""GRB_LICENSE_FILE unset (run_instance.sh sets ~/gurobi.lic; no license on this machine, gurobipy size-limited pip license)"", ""attack-off (user decision D20): --disable_attack""], ""mapping"": ""default"", ""official"": ""vnncomp_scripts/run_instance.sh defaults (no per-family config)"", ""variant"": ""default""}","[""GRB_LICENSE_FILE unset (run_instance.sh sets ~/gurobi.lic; no license on this machine, gurobipy size-limited pip license)"", ""attack-off (user decision D20): --disable_attack"", ""float32 default NeuralSAT dtype; stable interpreter; no precision override""]",,,3.0,12094.0,default_attack_off_f32,"[""neuralsat"",""data/vnncomp2026/cifar100_2024/1.0/onnx/CIFAR100_resnet_medium.onnx"",""data/vnncomp2026/cifar100_2024/1.0/vnnlib/CIFAR100_resnet_medium_prop_idx_2714_sidx_3569_eps_0.0039.vnnlib"",100.0,""default_attack_off_f32""]",
cifar100_2024,7,CIFAR100_resnet_medium.onnx,CIFAR100_resnet_medium_prop_idx_7770_sidx_5081_eps_0.0039.vnnlib,timeout,101.1307,TIMEOUT,0,100.0,101.1307,103.569,0,103.64600565098226,1,0,,,not a FALSIFIED row,0,scratch/logs/fse2026/neuralsat/cifar100_2024/00007_2d376a10a5791ff802e9_99jfgl1u.log,c5097698a32a6dc04d176dcf72b61a931b89cdac,"{""attack"": {""attack_off"": true, ""overrides"": [""--disable_attack""]}, ""deviations"": [""GRB_LICENSE_FILE unset (run_instance.sh sets ~/gurobi.lic; no license on this machine, gurobipy size-limited pip license)"", ""attack-off (user decision D20): --disable_attack""], ""mapping"": ""default"", ""official"": ""vnncomp_scripts/run_instance.sh defaults (no per-family config)"", ""variant"": ""default""}","[""GRB_LICENSE_FILE unset (run_instance.sh sets ~/gurobi.lic; no license on this machine, gurobipy size-limited pip license)"", ""attack-off (user decision D20): --disable_attack"", ""float32 default NeuralSAT dtype; stable interpreter; no precision override""]",,,0.0,11534.0,default_attack_off_f32,"[""neuralsat"",""data/vnncomp2026/cifar100_2024/1.0/onnx/CIFAR100_resnet_medium.onnx"",""data/vnncomp2026/cifar100_2024/1.0/vnnlib/CIFAR100_resnet_medium_prop_idx_7770_sidx_5081_eps_0.0039.vnnlib"",100.0,""default_attack_off_f32""]",
cifar100_2024,8,CIFAR100_resnet_medium.onnx,CIFAR100_resnet_medium_prop_idx_7218_sidx_5543_eps_0.0039.vnnlib,timeout,104.6858,TIMEOUT,0,100.0,104.6858,107.419,0,107.50356212444603,1,0,,,not a FALSIFIED row,0,scratch/logs/fse2026/neuralsat/cifar100_2024/00008_0773f45e8791a37974ab_gn_3wvp3.log,c5097698a32a6dc04d176dcf72b61a931b89cdac,"{""attack"": {""attack_off"": true, ""overrides"": [""--disable_attack""]}, ""deviations"": [""GRB_LICENSE_FILE unset (run_instance.sh sets ~/gurobi.lic; no license on this machine, gurobipy size-limited pip license)"", ""attack-off (user decision D20): --disable_attack""], ""mapping"": ""default"", ""official"": ""vnncomp_scripts/run_instance.sh defaults (no per-family config)"", ""variant"": ""default""}","[""GRB_LICENSE_FILE unset (run_instance.sh sets ~/gurobi.lic; no license on this machine, gurobipy size-limited pip license)"", ""attack-off (user decision D20): --disable_attack"", ""float32 default NeuralSAT dtype; stable interpreter; no precision override""]",,,0.0,11534.0,default_attack_off_f32,"[""neuralsat"",""data/vnncomp2026/cifar100_2024/1.0/onnx/CIFAR100_resnet_medium.onnx"",""data/vnncomp2026/cifar100_2024/1.0/vnnlib/CIFAR100_resnet_medium_prop_idx_7218_sidx_5543_eps_0.0039.vnnlib"",100.0,""default_attack_off_f32""]",
cifar100_2024,9,CIFAR100_resnet_medium.onnx,CIFAR100_resnet_medium_prop_idx_2518_sidx_7304_eps_0.0039.vnnlib,timeout,100.4192,TIMEOUT,0,100.0,100.4192,103.191,0,103.30871061421931,1,0,,,not a FALSIFIED row,0,scratch/logs/fse2026/neuralsat/cifar100_2024/00009_a68e7d813e8a10c2636f_khrzkswz.log,c5097698a32a6dc04d176dcf72b61a931b89cdac,"{""attack"": {""attack_off"": true, ""overrides"": [""--disable_attack""]}, ""deviations"": [""GRB_LICENSE_FILE unset (run_instance.sh sets ~/gurobi.lic; no license on this machine, gurobipy size-limited pip license)"", ""attack-off (user decision D20): --disable_attack""], ""mapping"": ""default"", ""official"": ""vnncomp_scripts/run_instance.sh defaults (no per-family config)"", ""variant"": ""default""}","[""GRB_LICENSE_FILE unset (run_instance.sh sets ~/gurobi.lic; no license on this machine, gurobipy size-limited pip license)"", ""attack-off (user decision D20): --disable_attack"", ""float32 default NeuralSAT dtype; stable interpreter; no precision override""]",,,26.0,12278.0,default_attack_off_f32,"[""neuralsat"",""data/vnncomp2026/cifar100_2024/1.0/onnx/CIFAR100_resnet_medium.onnx"",""data/vnncomp2026/cifar100_2024/1.0/vnnlib/CIFAR100_resnet_medium_prop_idx_2518_sidx_7304_eps_0.0039.vnnlib"",100.0,""default_attack_off_f32""]",
cifar100_2024,10,CIFAR100_resnet_medium.onnx,CIFAR100_resnet_medium_prop_idx_6983_sidx_607_eps_0.0039.vnnlib,unsat,10.6201,CERTIFIED,1,100.0,10.6201,12.586,0,12.668201319873333,0,0,,,not a FALSIFIED row,0,scratch/logs/fse2026/neuralsat/cifar100_2024/00010_3b3f0f6e5ce3a229bf98_j5y16f8n.log,c5097698a32a6dc04d176dcf72b61a931b89cdac,"{""attack"": {""attack_off"": true, ""overrides"": [""--disable_attack""]}, ""deviations"": [""GRB_LICENSE_FILE unset (run_instance.sh sets ~/gurobi.lic; no license on this machine, gurobipy size-limited pip license)"", ""attack-off (user decision D20): --disable_attack""], ""mapping"": ""default"", ""official"": ""vnncomp_scripts/run_instance.sh defaults (no per-family config)"", ""variant"": ""default""}","[""GRB_LICENSE_FILE unset (run_instance.sh sets ~/gurobi.lic; no license on this machine, gurobipy size-limited pip license)"", ""attack-off (user decision D20): --disable_attack"", ""float32 default NeuralSAT dtype; stable interpreter; no precision override""]",,,27.0,12260.0,default_attack_off_f32,"[""neuralsat"",""data/vnncomp2026/cifar100_2024/1.0/onnx/CIFAR100_resnet_medium.onnx"",""data/vnncomp2026/cifar100_2024/1.0/vnnlib/CIFAR100_resnet_medium_prop_idx_6983_sidx_607_eps_0.0039.vnnlib"",100.0,""default_attack_off_f32""]",
cifar100_2024,11,CIFAR100_resnet_medium.onnx,CIFAR100_resnet_medium_prop_idx_7764_sidx_254_eps_0.0039.vnnlib,timeout,104.3007,TIMEOUT,0,100.0,104.3007,106.724,0,106.79803063347936,1,0,,,not a FALSIFIED row,0,scratch/logs/fse2026/neuralsat/cifar100_2024/00011_a1932f748536f94412f4_uq_enqli.log,c5097698a32a6dc04d176dcf72b61a931b89cdac,"{""attack"": {""attack_off"": true, ""overrides"": [""--disable_attack""]}, ""deviations"": [""GRB_LICENSE_FILE unset (run_instance.sh sets ~/gurobi.lic; no license on this machine, gurobipy size-limited pip license)"", ""attack-off (user decision D20): --disable_attack""], ""mapping"": ""default"", ""official"": ""vnncomp_scripts/run_instance.sh defaults (no per-family config)"", ""variant"": ""default""}","[""GRB_LICENSE_FILE unset (run_instance.sh sets ~/gurobi.lic; no license on this machine, gurobipy size-limited pip license)"", ""attack-off (user decision D20): --disable_attack"", ""float32 default NeuralSAT dtype; stable interpreter; no precision override""]",,,0.0,13256.0,default_attack_off_f32,"[""neuralsat"",""data/vnncomp2026/cifar100_2024/1.0/onnx/CIFAR100_resnet_medium.onnx"",""data/vnncomp2026/cifar100_2024/1.0/vnnlib/CIFAR100_resnet_medium_prop_idx_7764_sidx_254_eps_0.0039.vnnlib"",100.0,""default_attack_off_f32""]",
cifar100_2024,12,CIFAR100_resnet_medium.onnx,CIFAR100_resnet_medium_prop_idx_1728_sidx_3229_eps_0.0039.vnnlib,unsat,11.1419,CERTIFIED,1,100.0,11.1419,13.29,0,13.363919729366899,0,0,,,not a FALSIFIED row,0,scratch/logs/fse2026/neuralsat/cifar100_2024/00012_370e0370ea3f031b75b3_2x3tgs8o.log,c5097698a32a6dc04d176dcf72b61a931b89cdac,"{""attack"": {""attack_off"": true, ""overrides"": [""--disable_attack""]}, ""deviations"": [""GRB_LICENSE_FILE unset (run_instance.sh sets ~/gurobi.lic; no license on this machine, gurobipy size-limited pip license)"", ""attack-off (user decision D20): --disable_attack""], ""mapping"": ""default"", ""official"": ""vnncomp_scripts/run_instance.sh defaults (no per-family config)"", ""variant"": ""default""}","[""GRB_LICENSE_FILE unset (run_instance.sh sets ~/gurobi.lic; no license on this machine, gurobipy size-limited pip license)"", ""attack-off (user decision D20): --disable_attack"", ""float32 default NeuralSAT dtype; stable interpreter; no precision override""]",,,0.0,11648.0,default_attack_off_f32,"[""neuralsat"",""data/vnncomp2026/cifar100_2024/1.0/onnx/CIFAR100_resnet_medium.onnx"",""data/vnncomp2026/cifar100_2024/1.0/vnnlib/CIFAR100_resnet_medium_prop_idx_1728_sidx_3229_eps_0.0039.vnnlib"",100.0,""default_attack_off_f32""]",
cifar100_2024,13,CIFAR100_resnet_medium.onnx,CIFAR100_resnet_medium_prop_idx_4576_sidx_8179_eps_0.0039.vnnlib,timeout,101.5974,TIMEOUT,0,100.0,101.5974,104.045,0,104.1573570612818,1,0,,,not a FALSIFIED row,0,scratch/logs/fse2026/neuralsat/cifar100_2024/00013_3cca16b3d069802df942_hllayirc.log,c5097698a32a6dc04d176dcf72b61a931b89cdac,"{""attack"": {""attack_off"": true, ""overrides"": [""--disable_attack""]}, ""deviations"": [""GRB_LICENSE_FILE unset (run_instance.sh sets ~/gurobi.lic; no license on this machine, gurobipy size-limited pip license)"", ""attack-off (user decision D20): --disable_attack""], ""mapping"": ""default"", ""official"": ""vnncomp_scripts/run_instance.sh defaults (no per-family config)"", ""variant"": ""default""}","[""GRB_LICENSE_FILE unset (run_instance.sh sets ~/gurobi.lic; no license on this machine, gurobipy size-limited pip license)"", ""attack-off (user decision D20): --disable_attack"", ""float32 default NeuralSAT dtype; stable interpreter; no precision override""]",,,1.0,12222.0,default_attack_off_f32,"[""neuralsat"",""data/vnncomp2026/cifar100_2024/1.0/onnx/CIFAR100_resnet_medium.onnx"",""data/vnncomp2026/cifar100_2024/1.0/vnnlib/CIFAR100_resnet_medium_prop_idx_4576_sidx_8179_eps_0.0039.vnnlib"",100.0,""default_attack_off_f32""]",
cifar100_2024,14,CIFAR100_resnet_medium.onnx,CIFAR100_resnet_medium_prop_idx_8117_sidx_3647_eps_0.0039.vnnlib,unsat,14.2244,CERTIFIED,1,100.0,14.2244,16.195,0,16.278838347643614,0,0,,,not a FALSIFIED row,0,scratch/logs/fse2026/neuralsat/cifar100_2024/00014_08f0632677c2fc91a01d__qu93u42.log,c5097698a32a6dc04d176dcf72b61a931b89cdac,"{""attack"": {""attack_off"": true, ""overrides"": [""--disable_attack""]}, ""deviations"": [""GRB_LICENSE_FILE unset (run_instance.sh sets ~/gurobi.lic; no license on this machine, gurobipy size-limited pip license)"", ""attack-off (user decision D20): --disable_attack""], ""mapping"": ""default"", ""official"": ""vnncomp_scripts/run_instance.sh defaults (no per-family config)"", ""variant"": ""default""}","[""GRB_LICENSE_FILE unset (run_instance.sh sets ~/gurobi.lic; no license on this machine, gurobipy size-limited pip license)"", ""attack-off (user decision D20): --disable_attack"", ""float32 default NeuralSAT dtype; stable interpreter; no precision override""]",,,29.0,12274.0,default_attack_off_f32,"[""neuralsat"",""data/vnncomp2026/cifar100_2024/1.0/onnx/CIFAR100_resnet_medium.onnx"",""data/vnncomp2026/cifar100_2024/1.0/vnnlib/CIFAR100_resnet_medium_prop_idx_8117_sidx_3647_eps_0.0039.vnnlib"",100.0,""default_attack_off_f32""]",
cifar100_2024,15,CIFAR100_resnet_medium.onnx,CIFAR100_resnet_medium_prop_idx_1527_sidx_2130_eps_0.0039.vnnlib,timeout,102.7656,TIMEOUT,0,100.0,102.7656,105.221,0,105.30663219280541,1,0,,,not a FALSIFIED row,0,scratch/logs/fse2026/neuralsat/cifar100_2024/00015_199affef776f70328251_q1rfquho.log,c5097698a32a6dc04d176dcf72b61a931b89cdac,"{""attack"": {""attack_off"": true, ""overrides"": [""--disable_attack""]}, ""deviations"": [""GRB_LICENSE_FILE unset (run_instance.sh sets ~/gurobi.lic; no license on this machine, gurobipy size-limited pip license)"", ""attack-off (user decision D20): --disable_attack""], ""mapping"": ""default"", ""official"": ""vnncomp_scripts/run_instance.sh defaults (no per-family config)"", ""variant"": ""default""}","[""GRB_LICENSE_FILE unset (run_instance.sh sets ~/gurobi.lic; no license on this machine, gurobipy size-limited pip license)"", ""attack-off (user decision D20): --disable_attack"", ""float32 default NeuralSAT dtype; stable interpreter; no precision override""]",,,29.0,12294.0,default_attack_off_f32,"[""neuralsat"",""data/vnncomp2026/cifar100_2024/1.0/onnx/CIFAR100_resnet_medium.onnx"",""data/vnncomp2026/cifar100_2024/1.0/vnnlib/CIFAR100_resnet_medium_prop_idx_1527_sidx_2130_eps_0.0039.vnnlib"",100.0,""default_attack_off_f32""]",
cifar100_2024,16,CIFAR100_resnet_medium.onnx,CIFAR100_resnet_medium_prop_idx_9726_sidx_4400_eps_0.0039.vnnlib,timeout,104.4085,TIMEOUT,0,100.0,104.4085,106.843,0,106.93675004318357,1,0,,,not a FALSIFIED row,0,scratch/logs/fse2026/neuralsat/cifar100_2024/00016_ab6d5b458fe3f9b48def_snrvyekk.log,c5097698a32a6dc04d176dcf72b61a931b89cdac,"{""attack"": {""attack_off"": true, ""overrides"": [""--disable_attack""]}, ""deviations"": [""GRB_LICENSE_FILE unset (run_instance.sh sets ~/gurobi.lic; no license on this machine, gurobipy size-limited pip license)"", ""attack-off (user decision D20): --disable_attack""], ""mapping"": ""default"", ""official"": ""vnncomp_scripts/run_instance.sh defaults (no per-family config)"", ""variant"": ""default""}","[""GRB_LICENSE_FILE unset (run_instance.sh sets ~/gurobi.lic; no license on this machine, gurobipy size-limited pip license)"", ""attack-off (user decision D20): --disable_attack"", ""float32 default NeuralSAT dtype; stable interpreter; no precision override""]",,,1.0,11534.0,default_attack_off_f32,"[""neuralsat"",""data/vnncomp2026/cifar100_2024/1.0/onnx/CIFAR100_resnet_medium.onnx"",""data/vnncomp2026/cifar100_2024/1.0/vnnlib/CIFAR100_resnet_medium_prop_idx_9726_sidx_4400_eps_0.0039.vnnlib"",100.0,""default_attack_off_f32""]",
cifar100_2024,17,CIFAR100_resnet_medium.onnx,CIFAR100_resnet_medium_prop_idx_1085_sidx_260_eps_0.0039.vnnlib,timeout,100.8822,TIMEOUT,0,100.0,100.8822,103.373,0,103.47102294676006,1,0,,,not a FALSIFIED row,0,scratch/logs/fse2026/neuralsat/cifar100_2024/00017_13ae6b5a4ebffc13eae3_97zris15.log,c5097698a32a6dc04d176dcf72b61a931b89cdac,"{""attack"": {""attack_off"": true, ""overrides"": [""--disable_attack""]}, ""deviations"": [""GRB_LICENSE_FILE unset (run_instance.sh sets ~/gurobi.lic; no license on this machine, gurobipy size-limited pip license)"", ""attack-off (user decision D20): --disable_attack""], ""mapping"": ""default"", ""official"": ""vnncomp_scripts/run_instance.sh defaults (no per-family config)"", ""variant"": ""default""}","[""GRB_LICENSE_FILE unset (run_instance.sh sets ~/gurobi.lic; no license on this machine, gurobipy size-limited pip license)"", ""attack-off (user decision D20): --disable_attack"", ""float32 default NeuralSAT dtype; stable interpreter; no precision override""]",,,0.0,11534.0,default_attack_off_f32,"[""neuralsat"",""data/vnncomp2026/cifar100_2024/1.0/onnx/CIFAR100_resnet_medium.onnx"",""data/vnncomp2026/cifar100_2024/1.0/vnnlib/CIFAR100_resnet_medium_prop_idx_1085_sidx_260_eps_0.0039.vnnlib"",100.0,""default_attack_off_f32""]",
cifar100_2024,18,CIFAR100_resnet_medium.onnx,CIFAR100_resnet_medium_prop_idx_4921_sidx_3617_eps_0.0039.vnnlib,unsat,13.4216,CERTIFIED,1,100.0,13.4216,15.491,0,15.575678827241063,0,0,,,not a FALSIFIED row,0,scratch/logs/fse2026/neuralsat/cifar100_2024/00018_d36c4c4c935ab897bad3_qidhsihj.log,c5097698a32a6dc04d176dcf72b61a931b89cdac,"{""attack"": {""attack_off"": true, ""overrides"": [""--disable_attack""]}, ""deviations"": [""GRB_LICENSE_FILE unset (run_instance.sh sets ~/gurobi.lic; no license on this machine, gurobipy size-limited pip license)"", ""attack-off (user decision D20): --disable_attack""], ""mapping"": ""default"", ""official"": ""vnncomp_scripts/run_instance.sh defaults (no per-family config)"", ""variant"": ""default""}","[""GRB_LICENSE_FILE unset (run_instance.sh sets ~/gurobi.lic; no license on this machine, gurobipy size-limited pip license)"", ""attack-off (user decision D20): --disable_attack"", ""float32 default NeuralSAT dtype; stable interpreter; no precision override""]",,,0.0,11534.0,default_attack_off_f32,"[""neuralsat"",""data/vnncomp2026/cifar100_2024/1.0/onnx/CIFAR100_resnet_medium.onnx"",""data/vnncomp2026/cifar100_2024/1.0/vnnlib/CIFAR100_resnet_medium_prop_idx_4921_sidx_3617_eps_0.0039.vnnlib"",100.0,""default_attack_off_f32""]",
cifar100_2024,19,CIFAR100_resnet_medium.onnx,CIFAR100_resnet_medium_prop_idx_6636_sidx_9774_eps_0.0039.vnnlib,timeout,100.251,TIMEOUT,0,100.0,100.251,102.53,0,102.61002199910581,1,0,,,not a FALSIFIED row,0,scratch/logs/fse2026/neuralsat/cifar100_2024/00019_895ebe2a395dc6b03e23_1b5d1_jj.log,c5097698a32a6dc04d176dcf72b61a931b89cdac,"{""attack"": {""attack_off"": true, ""overrides"": [""--disable_attack""]}, ""deviations"": [""GRB_LICENSE_FILE unset (run_instance.sh sets ~/gurobi.lic; no license on this machine, gurobipy size-limited pip license)"", ""attack-off (user decision D20): --disable_attack""], ""mapping"": ""default"", ""official"": ""vnncomp_scripts/run_instance.sh defaults (no per-family config)"", ""variant"": ""default""}","[""GRB_LICENSE_FILE unset (run_instance.sh sets ~/gurobi.lic; no license on this machine, gurobipy size-limited pip license)"", ""attack-off (user decision D20): --disable_attack"", ""float32 default NeuralSAT dtype; stable interpreter; no precision override""]",,,0.0,12662.0,default_attack_off_f32,"[""neuralsat"",""data/vnncomp2026/cifar100_2024/1.0/onnx/CIFAR100_resnet_medium.onnx"",""data/vnncomp2026/cifar100_2024/1.0/vnnlib/CIFAR100_resnet_medium_prop_idx_6636_sidx_9774_eps_0.0039.vnnlib"",100.0,""default_attack_off_f32""]",
cifar100_2024,20,CIFAR100_resnet_medium.onnx,CIFAR100_resnet_medium_prop_idx_7213_sidx_4604_eps_0.0039.vnnlib,timeout,102.1585,TIMEOUT,0,100.0,102.1585,104.948,0,105.070876294747,1,0,,,not a FALSIFIED row,0,scratch/logs/fse2026/neuralsat/cifar100_2024/00020_59410ebac8a11f9052e4__1zoi4c0.log,c5097698a32a6dc04d176dcf72b61a931b89cdac,"{""attack"": {""attack_off"": true, ""overrides"": [""--disable_attack""]}, ""deviations"": [""GRB_LICENSE_FILE unset (run_instance.sh sets ~/gurobi.lic; no license on this machine, gurobipy size-limited pip license)"", ""attack-off (user decision D20): --disable_attack""], ""mapping"": ""default"", ""official"": ""vnncomp_scripts/run_instance.sh defaults (no per-family config)"", ""variant"": ""default""}","[""GRB_LICENSE_FILE unset (run_instance.sh sets ~/gurobi.lic; no license on this machine, gurobipy size-limited pip license)"", ""attack-off (user decision D20): --disable_attack"", ""float32 default NeuralSAT dtype; stable interpreter; no precision override""]",,,13.0,12222.0,default_attack_off_f32,"[""neuralsat"",""data/vnncomp2026/cifar100_2024/1.0/onnx/CIFAR100_resnet_medium.onnx"",""data/vnncomp2026/cifar100_2024/1.0/vnnlib/CIFAR100_resnet_medium_prop_idx_7213_sidx_4604_eps_0.0039.vnnlib"",100.0,""default_attack_off_f32""]",
cifar100_2024,21,CIFAR100_resnet_medium.onnx,CIFAR100_resnet_medium_prop_idx_7466_sidx_5057_eps_0.0039.vnnlib,unsat,8.6267,CERTIFIED,1,100.0,8.6267,10.585,0,10.664789592847228,0,0,,,not a FALSIFIED row,0,scratch/logs/fse2026/neuralsat/cifar100_2024/00021_9ee7611ce6ca0371b418_58c9ij2i.log,c5097698a32a6dc04d176dcf72b61a931b89cdac,"{""attack"": {""attack_off"": true, ""overrides"": [""--disable_attack""]}, ""deviations"": [""GRB_LICENSE_FILE unset (run_instance.sh sets ~/gurobi.lic; no license on this machine, gurobipy size-limited pip license)"", ""attack-off (user decision D20): --disable_attack""], ""mapping"": ""default"", ""official"": ""vnncomp_scripts/run_instance.sh defaults (no per-family config)"", ""variant"": ""default""}","[""GRB_LICENSE_FILE unset (run_instance.sh sets ~/gurobi.lic; no license on this machine, gurobipy size-limited pip license)"", ""attack-off (user decision D20): --disable_attack"", ""float32 default NeuralSAT dtype; stable interpreter; no precision override""]",,,19.0,11534.0,default_attack_off_f32,"[""neuralsat"",""data/vnncomp2026/cifar100_2024/1.0/onnx/CIFAR100_resnet_medium.onnx"",""data/vnncomp2026/cifar100_2024/1.0/vnnlib/CIFAR100_resnet_medium_prop_idx_7466_sidx_5057_eps_0.0039.vnnlib"",100.0,""default_attack_off_f32""]",
cifar100_2024,22,CIFAR100_resnet_medium.onnx,CIFAR100_resnet_medium_prop_idx_1139_sidx_7939_eps_0.0039.vnnlib,unsat,8.744,CERTIFIED,1,100.0,8.744,10.736,0,10.81865450553596,0,0,,,not a FALSIFIED row,0,scratch/logs/fse2026/neuralsat/cifar100_2024/00022_26d3e2bd813c7d1886cf_rvn7vkke.log,c5097698a32a6dc04d176dcf72b61a931b89cdac,"{""attack"": {""attack_off"": true, ""overrides"": [""--disable_attack""]}, ""deviations"": [""GRB_LICENSE_FILE unset (run_instance.sh sets ~/gurobi.lic; no license on this machine, gurobipy size-limited pip license)"", ""attack-off (user decision D20): --disable_attack""], ""mapping"": ""default"", ""official"": ""vnncomp_scripts/run_instance.sh defaults (no per-family config)"", ""variant"": ""default""}","[""GRB_LICENSE_FILE unset (run_instance.sh sets ~/gurobi.lic; no license on this machine, gurobipy size-limited pip license)"", ""attack-off (user decision D20): --disable_attack"", ""float32 default NeuralSAT dtype; stable interpreter; no precision override""]",,,68.0,11534.0,default_attack_off_f32,"[""neuralsat"",""data/vnncomp2026/cifar100_2024/1.0/onnx/CIFAR100_resnet_medium.onnx"",""data/vnncomp2026/cifar100_2024/1.0/vnnlib/CIFAR100_resnet_medium_prop_idx_1139_sidx_7939_eps_0.0039.vnnlib"",100.0,""default_attack_off_f32""]",
cifar100_2024,23,CIFAR100_resnet_medium.onnx,CIFAR100_resnet_medium_prop_idx_4644_sidx_2110_eps_0.0039.vnnlib,unsat,9.1549,CERTIFIED,1,100.0,9.1549,11.142,0,11.268687514588237,0,0,,,not a FALSIFIED row,0,scratch/logs/fse2026/neuralsat/cifar100_2024/00023_a02e4ff8792575533232_s49us5uy.log,c5097698a32a6dc04d176dcf72b61a931b89cdac,"{""attack"": {""attack_off"": true, ""overrides"": [""--disable_attack""]}, ""deviations"": [""GRB_LICENSE_FILE unset (run_instance.sh sets ~/gurobi.lic; no license on this machine, gurobipy size-limited pip license)"", ""attack-off (user decision D20): --disable_attack""], ""mapping"": ""default"", ""official"": ""vnncomp_scripts/run_instance.sh defaults (no per-family config)"", ""variant"": ""default""}","[""GRB_LICENSE_FILE unset (run_instance.sh sets ~/gurobi.lic; no license on this machine, gurobipy size-limited pip license)"", ""attack-off (user decision D20): --disable_attack"", ""float32 default NeuralSAT dtype; stable interpreter; no precision override""]",,,8.0,11534.0,default_attack_off_f32,"[""neuralsat"",""data/vnncomp2026/cifar100_2024/1.0/onnx/CIFAR100_resnet_medium.onnx"",""data/vnncomp2026/cifar100_2024/1.0/vnnlib/CIFAR100_resnet_medium_prop_idx_4644_sidx_2110_eps_0.0039.vnnlib"",100.0,""default_attack_off_f32""]",
cifar100_2024,24,CIFAR100_resnet_medium.onnx,CIFAR100_resnet_medium_prop_idx_3905_sidx_6786_eps_0.0039.vnnlib,timeout,105.8959,TIMEOUT,0,100.0,105.8959,108.636,0,108.72385454550385,1,0,,,not a FALSIFIED row,0,scratch/logs/fse2026/neuralsat/cifar100_2024/00024_8536bcced25b40826c5b__y_d9qqb.log,c5097698a32a6dc04d176dcf72b61a931b89cdac,"{""attack"": {""attack_off"": true, ""overrides"": [""--disable_attack""]}, ""deviations"": [""GRB_LICENSE_FILE unset (run_instance.sh sets ~/gurobi.lic; no license on this machine, gurobipy size-limited pip license)"", ""attack-off (user decision D20): --disable_attack""], ""mapping"": ""default"", ""official"": ""vnncomp_scripts/run_instance.sh defaults (no per-family config)"", ""variant"": ""default""}","[""GRB_LICENSE_FILE unset (run_instance.sh sets ~/gurobi.lic; no license on this machine, gurobipy size-limited pip license)"", ""attack-off (user decision D20): --disable_attack"", ""float32 default NeuralSAT dtype; stable interpreter; no precision override""]",,,1.0,11534.0,default_attack_off_f32,"[""neuralsat"",""data/vnncomp2026/cifar100_2024/1.0/onnx/CIFAR100_resnet_medium.onnx"",""data/vnncomp2026/cifar100_2024/1.0/vnnlib/CIFAR100_resnet_medium_prop_idx_3905_sidx_6786_eps_0.0039.vnnlib"",100.0,""default_attack_off_f32""]",
cifar100_2024,25,CIFAR100_resnet_medium.onnx,CIFAR100_resnet_medium_prop_idx_2409_sidx_9513_eps_0.0039.vnnlib,timeout,103.7428,TIMEOUT,0,100.0,103.7428,106.176,0,106.29301799274981,1,0,,,not a FALSIFIED row,0,scratch/logs/fse2026/neuralsat/cifar100_2024/00025_a335628281517e64d139_293t7h60.log,c5097698a32a6dc04d176dcf72b61a931b89cdac,"{""attack"": {""attack_off"": true, ""overrides"": [""--disable_attack""]}, ""deviations"": [""GRB_LICENSE_FILE unset (run_instance.sh sets ~/gurobi.lic; no license on this machine, gurobipy size-limited pip license)"", ""attack-off (user decision D20): --disable_attack""], ""mapping"": ""default"", ""official"": ""vnncomp_scripts/run_instance.sh defaults (no per-family config)"", ""variant"": ""default""}","[""GRB_LICENSE_FILE unset (run_instance.sh sets ~/gurobi.lic; no license on this machine, gurobipy size-limited pip license)"", ""attack-off (user decision D20): --disable_attack"", ""float32 default NeuralSAT dtype; stable interpreter; no precision override""]",,,0.0,12216.0,default_attack_off_f32,"[""neuralsat"",""data/vnncomp2026/cifar100_2024/1.0/onnx/CIFAR100_resnet_medium.onnx"",""data/vnncomp2026/cifar100_2024/1.0/vnnlib/CIFAR100_resnet_medium_prop_idx_2409_sidx_9513_eps_0.0039.vnnlib"",100.0,""default_attack_off_f32""]",
cifar100_2024,26,CIFAR100_resnet_medium.onnx,CIFAR100_resnet_medium_prop_idx_8183_sidx_8618_eps_0.0039.vnnlib,unsat,9.4478,CERTIFIED,1,100.0,9.4478,11.494,0,11.589759076014161,0,0,,,not a FALSIFIED row,0,scratch/logs/fse2026/neuralsat/cifar100_2024/00026_be67565ae5a30d1b4e2e_3th9ch30.log,c5097698a32a6dc04d176dcf72b61a931b89cdac,"{""attack"": {""attack_off"": true, ""overrides"": [""--disable_attack""]}, ""deviations"": [""GRB_LICENSE_FILE unset (run_instance.sh sets ~/gurobi.lic; no license on this machine, gurobipy size-limited pip license)"", ""attack-off (user decision D20): --disable_attack""], ""mapping"": ""default"", ""official"": ""vnncomp_scripts/run_instance.sh defaults (no per-family config)"", ""variant"": ""default""}","[""GRB_LICENSE_FILE unset (run_instance.sh sets ~/gurobi.lic; no license on this machine, gurobipy size-limited pip license)"", ""attack-off (user decision D20): --disable_attack"", ""float32 default NeuralSAT dtype; stable interpreter; no precision override""]",,,12.0,11534.0,default_attack_off_f32,"[""neuralsat"",""data/vnncomp2026/cifar100_2024/1.0/onnx/CIFAR100_resnet_medium.onnx"",""data/vnncomp2026/cifar100_2024/1.0/vnnlib/CIFAR100_resnet_medium_prop_idx_8183_sidx_8618_eps_0.0039.vnnlib"",100.0,""default_attack_off_f32""]",
cifar100_2024,27,CIFAR100_resnet_medium.onnx,CIFAR100_resnet_medium_prop_idx_4829_sidx_7269_eps_0.0039.vnnlib,unsat,10.3309,CERTIFIED,1,100.0,10.3309,12.341,0,12.42600948177278,0,0,,,not a FALSIFIED row,0,scratch/logs/fse2026/neuralsat/cifar100_2024/00027_e00f7967f841cf090393_j8n7sd7m.log,c5097698a32a6dc04d176dcf72b61a931b89cdac,"{""attack"": {""attack_off"": true, ""overrides"": [""--disable_attack""]}, ""deviations"": [""GRB_LICENSE_FILE unset (run_instance.sh sets ~/gurobi.lic; no license on this machine, gurobipy size-limited pip license)"", ""attack-off (user decision D20): --disable_attack""], ""mapping"": ""default"", ""official"": ""vnncomp_scripts/run_instance.sh defaults (no per-family config)"", ""variant"": ""default""}","[""GRB_LICENSE_FILE unset (run_instance.sh sets ~/gurobi.lic; no license on this machine, gurobipy size-limited pip license)"", ""attack-off (user decision D20): --disable_attack"", ""float32 default NeuralSAT dtype; stable interpreter; no precision override""]",,,20.0,11534.0,default_attack_off_f32,"[""neuralsat"",""data/vnncomp2026/cifar100_2024/1.0/onnx/CIFAR100_resnet_medium.onnx"",""data/vnncomp2026/cifar100_2024/1.0/vnnlib/CIFAR100_resnet_medium_prop_idx_4829_sidx_7269_eps_0.0039.vnnlib"",100.0,""default_attack_off_f32""]",
cifar100_2024,28,CIFAR100_resnet_medium.onnx,CIFAR100_resnet_medium_prop_idx_7089_sidx_5353_eps_0.0039.vnnlib,unsat,3.708,CERTIFIED,1,100.0,3.708,5.675,0,5.770960638299584,0,0,,,not a FALSIFIED row,0,scratch/logs/fse2026/neuralsat/cifar100_2024/00028_1c50def8da3e24253c29_zajbefes.log,c5097698a32a6dc04d176dcf72b61a931b89cdac,"{""attack"": {""attack_off"": true, ""overrides"": [""--disable_attack""]}, ""deviations"": [""GRB_LICENSE_FILE unset (run_instance.sh sets ~/gurobi.lic; no license on this machine, gurobipy size-limited pip license)"", ""attack-off (user decision D20): --disable_attack""], ""mapping"": ""default"", ""official"": ""vnncomp_scripts/run_instance.sh defaults (no per-family config)"", ""variant"": ""default""}","[""GRB_LICENSE_FILE unset (run_instance.sh sets ~/gurobi.lic; no license on this machine, gurobipy size-limited pip license)"", ""attack-off (user decision D20): --disable_attack"", ""float32 default NeuralSAT dtype; stable interpreter; no precision override""]",,,0.0,12124.0,default_attack_off_f32,"[""neuralsat"",""data/vnncomp2026/cifar100_2024/1.0/onnx/CIFAR100_resnet_medium.onnx"",""data/vnncomp2026/cifar100_2024/1.0/vnnlib/CIFAR100_resnet_medium_prop_idx_7089_sidx_5353_eps_0.0039.vnnlib"",100.0,""default_attack_off_f32""]",
cifar100_2024,29,CIFAR100_resnet_medium.onnx,CIFAR100_resnet_medium_prop_idx_702_sidx_1022_eps_0.0039.vnnlib,timeout,102.8091,TIMEOUT,0,100.0,102.8091,105.23,0,105.32836204767227,1,0,,,not a FALSIFIED row,0,scratch/logs/fse2026/neuralsat/cifar100_2024/00029_ab9cecae9887a854cd24_pisegbnp.log,c5097698a32a6dc04d176dcf72b61a931b89cdac,"{""attack"": {""attack_off"": true, ""overrides"": [""--disable_attack""]}, ""deviations"": [""GRB_LICENSE_FILE unset (run_instance.sh sets ~/gurobi.lic; no license on this machine, gurobipy size-limited pip license)"", ""attack-off (user decision D20): --disable_attack""], ""mapping"": ""default"", ""official"": ""vnncomp_scripts/run_instance.sh defaults (no per-family config)"", ""variant"": ""default""}","[""GRB_LICENSE_FILE unset (run_instance.sh sets ~/gurobi.lic; no license on this machine, gurobipy size-limited pip license)"", ""attack-off (user decision D20): --disable_attack"", ""float32 default NeuralSAT dtype; stable interpreter; no precision override""]",,,0.0,11534.0,default_attack_off_f32,"[""neuralsat"",""data/vnncomp2026/cifar100_2024/1.0/onnx/CIFAR100_resnet_medium.onnx"",""data/vnncomp2026/cifar100_2024/1.0/vnnlib/CIFAR100_resnet_medium_prop_idx_702_sidx_1022_eps_0.0039.vnnlib"",100.0,""default_attack_off_f32""]",
cifar100_2024,30,CIFAR100_resnet_medium.onnx,CIFAR100_resnet_medium_prop_idx_4256_sidx_94_eps_0.0039.vnnlib,timeout,100.3803,TIMEOUT,0,100.0,100.3803,102.556,0,102.63366771303117,1,0,,,not a FALSIFIED row,0,scratch/logs/fse2026/neuralsat/cifar100_2024/00030_22950c134ea112e5195e_xwduh7d6.log,c5097698a32a6dc04d176dcf72b61a931b89cdac,"{""attack"": {""attack_off"": true, ""overrides"": [""--disable_attack""]}, ""deviations"": [""GRB_LICENSE_FILE unset (run_instance.sh sets ~/gurobi.lic; no license on this machine, gurobipy size-limited pip license)"", ""attack-off (user decision D20): --disable_attack""], ""mapping"": ""default"", ""official"": ""vnncomp_scripts/run_instance.sh defaults (no per-family config)"", ""variant"": ""default""}","[""GRB_LICENSE_FILE unset (run_instance.sh sets ~/gurobi.lic; no license on this machine, gurobipy size-limited pip license)"", ""attack-off (user decision D20): --disable_attack"", ""float32 default NeuralSAT dtype; stable interpreter; no precision override""]",,,0.0,11534.0,default_attack_off_f32,"[""neuralsat"",""data/vnncomp2026/cifar100_2024/1.0/onnx/CIFAR100_resnet_medium.onnx"",""data/vnncomp2026/cifar100_2024/1.0/vnnlib/CIFAR100_resnet_medium_prop_idx_4256_sidx_94_eps_0.0039.vnnlib"",100.0,""default_attack_off_f32""]",
cifar100_2024,31,CIFAR100_resnet_medium.onnx,CIFAR100_resnet_medium_prop_idx_8114_sidx_3076_eps_0.0039.vnnlib,unsat,9.2958,CERTIFIED,1,100.0,9.2958,11.335,0,11.420490169897676,0,0,,,not a FALSIFIED row,0,scratch/logs/fse2026/neuralsat/cifar100_2024/00031_b2730d80619c616f06bd_xlbdsmne.log,c5097698a32a6dc04d176dcf72b61a931b89cdac,"{""attack"": {""attack_off"": true, ""overrides"": [""--disable_attack""]}, ""deviations"": [""GRB_LICENSE_FILE unset (run_instance.sh sets ~/gurobi.lic; no license on this machine, gurobipy size-limited pip license)"", ""attack-off (user decision D20): --disable_attack""], ""mapping"": ""default"", ""official"": ""vnncomp_scripts/run_instance.sh defaults (no per-family config)"", ""variant"": ""default""}","[""GRB_LICENSE_FILE unset (run_instance.sh sets ~/gurobi.lic; no license on this machine, gurobipy size-limited pip license)"", ""attack-off (user decision D20): --disable_attack"", ""float32 default NeuralSAT dtype; stable interpreter; no precision override""]",,,2.0,11534.0,default_attack_off_f32,"[""neuralsat"",""data/vnncomp2026/cifar100_2024/1.0/onnx/CIFAR100_resnet_medium.onnx"",""data/vnncomp2026/cifar100_2024/1.0/vnnlib/CIFAR100_resnet_medium_prop_idx_8114_sidx_3076_eps_0.0039.vnnlib"",100.0,""default_attack_off_f32""]",
cifar100_2024,32,CIFAR100_resnet_medium.onnx,CIFAR100_resnet_medium_prop_idx_8279_sidx_1266_eps_0.0039.vnnlib,timeout,100.9796,TIMEOUT,0,100.0,100.9796,103.428,0,103.54209875315428,1,0,,,not a FALSIFIED row,0,scratch/logs/fse2026/neuralsat/cifar100_2024/00032_2b708e40c300b3cb32d4_efqawp3o.log,c5097698a32a6dc04d176dcf72b61a931b89cdac,"{""attack"": {""attack_off"": true, ""overrides"": [""--disable_attack""]}, ""deviations"": [""GRB_LICENSE_FILE unset (run_instance.sh sets ~/gurobi.lic; no license on this machine, gurobipy size-limited pip license)"", ""attack-off (user decision D20): --disable_attack""], ""mapping"": ""default"", ""official"": ""vnncomp_scripts/run_instance.sh defaults (no per-family config)"", ""variant"": ""default""}","[""GRB_LICENSE_FILE unset (run_instance.sh sets ~/gurobi.lic; no license on this machine, gurobipy size-limited pip license)"", ""attack-off (user decision D20): --disable_attack"", ""float32 default NeuralSAT dtype; stable interpreter; no precision override""]",,,0.0,11534.0,default_attack_off_f32,"[""neuralsat"",""data/vnncomp2026/cifar100_2024/1.0/onnx/CIFAR100_resnet_medium.onnx"",""data/vnncomp2026/cifar100_2024/1.0/vnnlib/CIFAR100_resnet_medium_prop_idx_8279_sidx_1266_eps_0.0039.vnnlib"",100.0,""default_attack_off_f32""]",
cifar100_2024,33,CIFAR100_resnet_medium.onnx,CIFAR100_resnet_medium_prop_idx_2304_sidx_7673_eps_0.0039.vnnlib,unsat,19.8082,CERTIFIED,1,100.0,19.8082,21.908,0,21.989865846931934,0,0,,,not a FALSIFIED row,0,scratch/logs/fse2026/neuralsat/cifar100_2024/00033_3366af353455ba6e031c_ny_a63ro.log,c5097698a32a6dc04d176dcf72b61a931b89cdac,"{""attack"": {""attack_off"": true, ""overrides"": [""--disable_attack""]}, ""deviations"": [""GRB_LICENSE_FILE unset (run_instance.sh sets ~/gurobi.lic; no license on this machine, gurobipy size-limited pip license)"", ""attack-off (user decision D20): --disable_attack""], ""mapping"": ""default"", ""official"": ""vnncomp_scripts/run_instance.sh defaults (no per-family config)"", ""variant"": ""default""}","[""GRB_LICENSE_FILE unset (run_instance.sh sets ~/gurobi.lic; no license on this machine, gurobipy size-limited pip license)"", ""attack-off (user decision D20): --disable_attack"", ""float32 default NeuralSAT dtype; stable interpreter; no precision override""]",,,9.0,11534.0,default_attack_off_f32,"[""neuralsat"",""data/vnncomp2026/cifar100_2024/1.0/onnx/CIFAR100_resnet_medium.onnx"",""data/vnncomp2026/cifar100_2024/1.0/vnnlib/CIFAR100_resnet_medium_prop_idx_2304_sidx_7673_eps_0.0039.vnnlib"",100.0,""default_attack_off_f32""]",
cifar100_2024,34,CIFAR100_resnet_medium.onnx,CIFAR100_resnet_medium_prop_idx_8502_sidx_2893_eps_0.0039.vnnlib,unsat,47.5468,CERTIFIED,1,100.0,47.5468,49.609,0,49.68756111711264,0,0,,,not a FALSIFIED row,0,scratch/logs/fse2026/neuralsat/cifar100_2024/00034_61d4d66be1b7ad90bcd4_ho66zbhy.log,c5097698a32a6dc04d176dcf72b61a931b89cdac,"{""attack"": {""attack_off"": true, ""overrides"": [""--disable_attack""]}, ""deviations"": [""GRB_LICENSE_FILE unset (run_instance.sh sets ~/gurobi.lic; no license on this machine, gurobipy size-limited pip license)"", ""attack-off (user decision D20): --disable_attack""], ""mapping"": ""default"", ""official"": ""vnncomp_scripts/run_instance.sh defaults (no per-family config)"", ""variant"": ""default""}","[""GRB_LICENSE_FILE unset (run_instance.sh sets ~/gurobi.lic; no license on this machine, gurobipy size-limited pip license)"", ""attack-off (user decision D20): --disable_attack"", ""float32 default NeuralSAT dtype; stable interpreter; no precision override""]",,,0.0,12222.0,default_attack_off_f32,"[""neuralsat"",""data/vnncomp2026/cifar100_2024/1.0/onnx/CIFAR100_resnet_medium.onnx"",""data/vnncomp2026/cifar100_2024/1.0/vnnlib/CIFAR100_resnet_medium_prop_idx_8502_sidx_2893_eps_0.0039.vnnlib"",100.0,""default_attack_off_f32""]",
cifar100_2024,35,CIFAR100_resnet_medium.onnx,CIFAR100_resnet_medium_prop_idx_4275_sidx_5391_eps_0.0039.vnnlib,unsat,8.9259,CERTIFIED,1,100.0,8.9259,10.937,0,11.016354020684958,0,0,,,not a FALSIFIED row,0,scratch/logs/fse2026/neuralsat/cifar100_2024/00035_b81318908361935dcb48_le9g5bt3.log,c5097698a32a6dc04d176dcf72b61a931b89cdac,"{""attack"": {""attack_off"": true, ""overrides"": [""--disable_attack""]}, ""deviations"": [""GRB_LICENSE_FILE unset (run_instance.sh sets ~/gurobi.lic; no license on this machine, gurobipy size-limited pip license)"", ""attack-off (user decision D20): --disable_attack""], ""mapping"": ""default"", ""official"": ""vnncomp_scripts/run_instance.sh defaults (no per-family config)"", ""variant"": ""default""}","[""GRB_LICENSE_FILE unset (run_instance.sh sets ~/gurobi.lic; no license on this machine, gurobipy size-limited pip license)"", ""attack-off (user decision D20): --disable_attack"", ""float32 default NeuralSAT dtype; stable interpreter; no precision override""]",,,17.0,13276.0,default_attack_off_f32,"[""neuralsat"",""data/vnncomp2026/cifar100_2024/1.0/onnx/CIFAR100_resnet_medium.onnx"",""data/vnncomp2026/cifar100_2024/1.0/vnnlib/CIFAR100_resnet_medium_prop_idx_4275_sidx_5391_eps_0.0039.vnnlib"",100.0,""default_attack_off_f32""]",
cifar100_2024,36,CIFAR100_resnet_medium.onnx,CIFAR100_resnet_medium_prop_idx_5371_sidx_1200_eps_0.0039.vnnlib,unsat,23.5815,CERTIFIED,1,100.0,23.5815,25.612,0,25.697577686980367,0,0,,,not a FALSIFIED row,0,scratch/logs/fse2026/neuralsat/cifar100_2024/00036_aaff36627d6594c265a7_vjn_bd7b.log,c5097698a32a6dc04d176dcf72b61a931b89cdac,"{""attack"": {""attack_off"": true, ""overrides"": [""--disable_attack""]}, ""deviations"": [""GRB_LICENSE_FILE unset (run_instance.sh sets ~/gurobi.lic; no license on this machine, gurobipy size-limited pip license)"", ""attack-off (user decision D20): --disable_attack""], ""mapping"": ""default"", ""official"": ""vnncomp_scripts/run_instance.sh defaults (no per-family config)"", ""variant"": ""default""}","[""GRB_LICENSE_FILE unset (run_instance.sh sets ~/gurobi.lic; no license on this machine, gurobipy size-limited pip license)"", ""attack-off (user decision D20): --disable_attack"", ""float32 default NeuralSAT dtype; stable interpreter; no precision override""]",,,81.0,13278.0,default_attack_off_f32,"[""neuralsat"",""data/vnncomp2026/cifar100_2024/1.0/onnx/CIFAR100_resnet_medium.onnx"",""data/vnncomp2026/cifar100_2024/1.0/vnnlib/CIFAR100_resnet_medium_prop_idx_5371_sidx_1200_eps_0.0039.vnnlib"",100.0,""default_attack_off_f32""]",
cifar100_2024,37,CIFAR100_resnet_medium.onnx,CIFAR100_resnet_medium_prop_idx_9585_sidx_4914_eps_0.0039.vnnlib,timeout,100.5084,TIMEOUT,0,100.0,100.5084,102.731,0,102.84686318039894,1,0,,,not a FALSIFIED row,0,scratch/logs/fse2026/neuralsat/cifar100_2024/00037_6b0c8c3e5d0e6f2cc999_3e6lyzg0.log,c5097698a32a6dc04d176dcf72b61a931b89cdac,"{""attack"": {""attack_off"": true, ""overrides"": [""--disable_attack""]}, ""deviations"": [""GRB_LICENSE_FILE unset (run_instance.sh sets ~/gurobi.lic; no license on this machine, gurobipy size-limited pip license)"", ""attack-off (user decision D20): --disable_attack""], ""mapping"": ""default"", ""official"": ""vnncomp_scripts/run_instance.sh defaults (no per-family config)"", ""variant"": ""default""}","[""GRB_LICENSE_FILE unset (run_instance.sh sets ~/gurobi.lic; no license on this machine, gurobipy size-limited pip license)"", ""attack-off (user decision D20): --disable_attack"", ""float32 default NeuralSAT dtype; stable interpreter; no precision override""]",,,27.0,12254.0,default_attack_off_f32,"[""neuralsat"",""data/vnncomp2026/cifar100_2024/1.0/onnx/CIFAR100_resnet_medium.onnx"",""data/vnncomp2026/cifar100_2024/1.0/vnnlib/CIFAR100_resnet_medium_prop_idx_9585_sidx_4914_eps_0.0039.vnnlib"",100.0,""default_attack_off_f32""]",
cifar100_2024,38,CIFAR100_resnet_medium.onnx,CIFAR100_resnet_medium_prop_idx_1682_sidx_7308_eps_0.0039.vnnlib,timeout,107.5598,TIMEOUT,0,100.0,107.5598,109.927,0,110.04968450963497,1,0,,,not a FALSIFIED row,0,scratch/logs/fse2026/neuralsat/cifar100_2024/00038_4f4c9c5b9e7edcbcee57_2695or57.log,c5097698a32a6dc04d176dcf72b61a931b89cdac,"{""attack"": {""attack_off"": true, ""overrides"": [""--disable_attack""]}, ""deviations"": [""GRB_LICENSE_FILE unset (run_instance.sh sets ~/gurobi.lic; no license on this machine, gurobipy size-limited pip license)"", ""attack-off (user decision D20): --disable_attack""], ""mapping"": ""default"", ""official"": ""vnncomp_scripts/run_instance.sh defaults (no per-family config)"", ""variant"": ""default""}","[""GRB_LICENSE_FILE unset (run_instance.sh sets ~/gurobi.lic; no license on this machine, gurobipy size-limited pip license)"", ""attack-off (user decision D20): --disable_attack"", ""float32 default NeuralSAT dtype; stable interpreter; no precision override""]",,,0.0,11534.0,default_attack_off_f32,"[""neuralsat"",""data/vnncomp2026/cifar100_2024/1.0/onnx/CIFAR100_resnet_medium.onnx"",""data/vnncomp2026/cifar100_2024/1.0/vnnlib/CIFAR100_resnet_medium_prop_idx_1682_sidx_7308_eps_0.0039.vnnlib"",100.0,""default_attack_off_f32""]",
cifar100_2024,39,CIFAR100_resnet_medium.onnx,CIFAR100_resnet_medium_prop_idx_5955_sidx_1517_eps_0.0039.vnnlib,timeout,106.8338,TIMEOUT,0,100.0,106.8338,109.539,0,109.65872544422746,1,0,,,not a FALSIFIED row,0,scratch/logs/fse2026/neuralsat/cifar100_2024/00039_d28a9529bd920d9b95d1_r1crb0p0.log,c5097698a32a6dc04d176dcf72b61a931b89cdac,"{""attack"": {""attack_off"": true, ""overrides"": [""--disable_attack""]}, ""deviations"": [""GRB_LICENSE_FILE unset (run_instance.sh sets ~/gurobi.lic; no license on this machine, gurobipy size-limited pip license)"", ""attack-off (user decision D20): --disable_attack""], ""mapping"": ""default"", ""official"": ""vnncomp_scripts/run_instance.sh defaults (no per-family config)"", ""variant"": ""default""}","[""GRB_LICENSE_FILE unset (run_instance.sh sets ~/gurobi.lic; no license on this machine, gurobipy size-limited pip license)"", ""attack-off (user decision D20): --disable_attack"", ""float32 default NeuralSAT dtype; stable interpreter; no precision override""]",,,24.0,12476.0,default_attack_off_f32,"[""neuralsat"",""data/vnncomp2026/cifar100_2024/1.0/onnx/CIFAR100_resnet_medium.onnx"",""data/vnncomp2026/cifar100_2024/1.0/vnnlib/CIFAR100_resnet_medium_prop_idx_5955_sidx_1517_eps_0.0039.vnnlib"",100.0,""default_attack_off_f32""]",
cifar100_2024,40,CIFAR100_resnet_medium.onnx,CIFAR100_resnet_medium_prop_idx_1777_sidx_439_eps_0.0039.vnnlib,timeout,105.863,TIMEOUT,0,100.0,105.863,108.373,0,108.45728083513677,1,0,,,not a FALSIFIED row,0,scratch/logs/fse2026/neuralsat/cifar100_2024/00040_0a3e80eaf4e17723938c_nm_3jk_0.log,c5097698a32a6dc04d176dcf72b61a931b89cdac,"{""attack"": {""attack_off"": true, ""overrides"": [""--disable_attack""]}, ""deviations"": [""GRB_LICENSE_FILE unset (run_instance.sh sets ~/gurobi.lic; no license on this machine, gurobipy size-limited pip license)"", ""attack-off (user decision D20): --disable_attack""], ""mapping"": ""default"", ""official"": ""vnncomp_scripts/run_instance.sh defaults (no per-family config)"", ""variant"": ""default""}","[""GRB_LICENSE_FILE unset (run_instance.sh sets ~/gurobi.lic; no license on this machine, gurobipy size-limited pip license)"", ""attack-off (user decision D20): --disable_attack"", ""float32 default NeuralSAT dtype; stable interpreter; no precision override""]",,,21.0,11534.0,default_attack_off_f32,"[""neuralsat"",""data/vnncomp2026/cifar100_2024/1.0/onnx/CIFAR100_resnet_medium.onnx"",""data/vnncomp2026/cifar100_2024/1.0/vnnlib/CIFAR100_resnet_medium_prop_idx_1777_sidx_439_eps_0.0039.vnnlib"",100.0,""default_attack_off_f32""]",
cifar100_2024,41,CIFAR100_resnet_medium.onnx,CIFAR100_resnet_medium_prop_idx_5523_sidx_8483_eps_0.0039.vnnlib,unsat,14.8348,CERTIFIED,1,100.0,14.8348,16.952,0,17.026308305561543,0,0,,,not a FALSIFIED row,0,scratch/logs/fse2026/neuralsat/cifar100_2024/00041_c238b15e8c818098c415_slmd0py9.log,c5097698a32a6dc04d176dcf72b61a931b89cdac,"{""attack"": {""attack_off"": true, ""overrides"": [""--disable_attack""]}, ""deviations"": [""GRB_LICENSE_FILE unset (run_instance.sh sets ~/gurobi.lic; no license on this machine, gurobipy size-limited pip license)"", ""attack-off (user decision D20): --disable_attack""], ""mapping"": ""default"", ""official"": ""vnncomp_scripts/run_instance.sh defaults (no per-family config)"", ""variant"": ""default""}","[""GRB_LICENSE_FILE unset (run_instance.sh sets ~/gurobi.lic; no license on this machine, gurobipy size-limited pip license)"", ""attack-off (user decision D20): --disable_attack"", ""float32 default NeuralSAT dtype; stable interpreter; no precision override""]",,,0.0,12214.0,default_attack_off_f32,"[""neuralsat"",""data/vnncomp2026/cifar100_2024/1.0/onnx/CIFAR100_resnet_medium.onnx"",""data/vnncomp2026/cifar100_2024/1.0/vnnlib/CIFAR100_resnet_medium_prop_idx_5523_sidx_8483_eps_0.0039.vnnlib"",100.0,""default_attack_off_f32""]",
cifar100_2024,42,CIFAR100_resnet_medium.onnx,CIFAR100_resnet_medium_prop_idx_1755_sidx_4411_eps_0.0039.vnnlib,timeout,100.1364,TIMEOUT,0,100.0,100.1364,102.388,0,102.49046621657908,1,0,,,not a FALSIFIED row,0,scratch/logs/fse2026/neuralsat/cifar100_2024/00042_45f019cb989bb701def0_g1u4sw_2.log,c5097698a32a6dc04d176dcf72b61a931b89cdac,"{""attack"": {""attack_off"": true, ""overrides"": [""--disable_attack""]}, ""deviations"": [""GRB_LICENSE_FILE unset (run_instance.sh sets ~/gurobi.lic; no license on this machine, gurobipy size-limited pip license)"", ""attack-off (user decision D20): --disable_attack""], ""mapping"": ""default"", ""official"": ""vnncomp_scripts/run_instance.sh defaults (no per-family config)"", ""variant"": ""default""}","[""GRB_LICENSE_FILE unset (run_instance.sh sets ~/gurobi.lic; no license on this machine, gurobipy size-limited pip license)"", ""attack-off (user decision D20): --disable_attack"", ""float32 default NeuralSAT dtype; stable interpreter; no precision override""]",,,14.0,12222.0,default_attack_off_f32,"[""neuralsat"",""data/vnncomp2026/cifar100_2024/1.0/onnx/CIFAR100_resnet_medium.onnx"",""data/vnncomp2026/cifar100_2024/1.0/vnnlib/CIFAR100_resnet_medium_prop_idx_1755_sidx_4411_eps_0.0039.vnnlib"",100.0,""default_attack_off_f32""]",
cifar100_2024,43,CIFAR100_resnet_medium.onnx,CIFAR100_resnet_medium_prop_idx_7027_sidx_7720_eps_0.0039.vnnlib,timeout,105.0248,TIMEOUT,0,100.0,105.0248,107.524,0,107.64568980969489,1,0,,,not a FALSIFIED row,0,scratch/logs/fse2026/neuralsat/cifar100_2024/00043_15bcd87adf4d60ec318c_sxtft_l7.log,c5097698a32a6dc04d176dcf72b61a931b89cdac,"{""attack"": {""attack_off"": true, ""overrides"": [""--disable_attack""]}, ""deviations"": [""GRB_LICENSE_FILE unset (run_instance.sh sets ~/gurobi.lic; no license on this machine, gurobipy size-limited pip license)"", ""attack-off (user decision D20): --disable_attack""], ""mapping"": ""default"", ""official"": ""vnncomp_scripts/run_instance.sh defaults (no per-family config)"", ""variant"": ""default""}","[""GRB_LICENSE_FILE unset (run_instance.sh sets ~/gurobi.lic; no license on this machine, gurobipy size-limited pip license)"", ""attack-off (user decision D20): --disable_attack"", ""float32 default NeuralSAT dtype; stable interpreter; no precision override""]",,,0.0,11534.0,default_attack_off_f32,"[""neuralsat"",""data/vnncomp2026/cifar100_2024/1.0/onnx/CIFAR100_resnet_medium.onnx"",""data/vnncomp2026/cifar100_2024/1.0/vnnlib/CIFAR100_resnet_medium_prop_idx_7027_sidx_7720_eps_0.0039.vnnlib"",100.0,""default_attack_off_f32""]",
cifar100_2024,44,CIFAR100_resnet_medium.onnx,CIFAR100_resnet_medium_prop_idx_5329_sidx_6773_eps_0.0039.vnnlib,timeout,101.5549,TIMEOUT,0,100.0,101.5549,104.31,0,104.38099294155836,1,0,,,not a FALSIFIED row,0,scratch/logs/fse2026/neuralsat/cifar100_2024/00044_8bf19ecc923731724d5c_h0bwhry5.log,c5097698a32a6dc04d176dcf72b61a931b89cdac,"{""attack"": {""attack_off"": true, ""overrides"": [""--disable_attack""]}, ""deviations"": [""GRB_LICENSE_FILE unset (run_instance.sh sets ~/gurobi.lic; no license on this machine, gurobipy size-limited pip license)"", ""attack-off (user decision D20): --disable_attack""], ""mapping"": ""default"", ""official"": ""vnncomp_scripts/run_instance.sh defaults (no per-family config)"", ""variant"": ""default""}","[""GRB_LICENSE_FILE unset (run_instance.sh sets ~/gurobi.lic; no license on this machine, gurobipy size-limited pip license)"", ""attack-off (user decision D20): --disable_attack"", ""float32 default NeuralSAT dtype; stable interpreter; no precision override""]",,,0.0,11534.0,default_attack_off_f32,"[""neuralsat"",""data/vnncomp2026/cifar100_2024/1.0/onnx/CIFAR100_resnet_medium.onnx"",""data/vnncomp2026/cifar100_2024/1.0/vnnlib/CIFAR100_resnet_medium_prop_idx_5329_sidx_6773_eps_0.0039.vnnlib"",100.0,""default_attack_off_f32""]",
cifar100_2024,45,CIFAR100_resnet_medium.onnx,CIFAR100_resnet_medium_prop_idx_3269_sidx_6816_eps_0.0039.vnnlib,unsat,10.3255,CERTIFIED,1,100.0,10.3255,12.338,0,12.411677310243249,0,0,,,not a FALSIFIED row,0,scratch/logs/fse2026/neuralsat/cifar100_2024/00045_564e5e81f2e88e826be1_9tyswz8o.log,c5097698a32a6dc04d176dcf72b61a931b89cdac,"{""attack"": {""attack_off"": true, ""overrides"": [""--disable_attack""]}, ""deviations"": [""GRB_LICENSE_FILE unset (run_instance.sh sets ~/gurobi.lic; no license on this machine, gurobipy size-limited pip license)"", ""attack-off (user decision D20): --disable_attack""], ""mapping"": ""default"", ""official"": ""vnncomp_scripts/run_instance.sh defaults (no per-family config)"", ""variant"": ""default""}","[""GRB_LICENSE_FILE unset (run_instance.sh sets ~/gurobi.lic; no license on this machine, gurobipy size-limited pip license)"", ""attack-off (user decision D20): --disable_attack"", ""float32 default NeuralSAT dtype; stable interpreter; no precision override""]",,,28.0,12216.0,default_attack_off_f32,"[""neuralsat"",""data/vnncomp2026/cifar100_2024/1.0/onnx/CIFAR100_resnet_medium.onnx"",""data/vnncomp2026/cifar100_2024/1.0/vnnlib/CIFAR100_resnet_medium_prop_idx_3269_sidx_6816_eps_0.0039.vnnlib"",100.0,""default_attack_off_f32""]",
cifar100_2024,46,CIFAR100_resnet_medium.onnx,CIFAR100_resnet_medium_prop_idx_2711_sidx_1466_eps_0.0039.vnnlib,unsat,8.7581,CERTIFIED,1,100.0,8.7581,10.743,0,10.825960731133819,0,0,,,not a FALSIFIED row,0,scratch/logs/fse2026/neuralsat/cifar100_2024/00046_524c8bca004cd818cb0e_y1l78w3k.log,c5097698a32a6dc04d176dcf72b61a931b89cdac,"{""attack"": {""attack_off"": true, ""overrides"": [""--disable_attack""]}, ""deviations"": [""GRB_LICENSE_FILE unset (run_instance.sh sets ~/gurobi.lic; no license on this machine, gurobipy size-limited pip license)"", ""attack-off (user decision D20): --disable_attack""], ""mapping"": ""default"", ""official"": ""vnncomp_scripts/run_instance.sh defaults (no per-family config)"", ""variant"": ""default""}","[""GRB_LICENSE_FILE unset (run_instance.sh sets ~/gurobi.lic; no license on this machine, gurobipy size-limited pip license)"", ""attack-off (user decision D20): --disable_attack"", ""float32 default NeuralSAT dtype; stable interpreter; no precision override""]",,,18.0,12222.0,default_attack_off_f32,"[""neuralsat"",""data/vnncomp2026/cifar100_2024/1.0/onnx/CIFAR100_resnet_medium.onnx"",""data/vnncomp2026/cifar100_2024/1.0/vnnlib/CIFAR100_resnet_medium_prop_idx_2711_sidx_1466_eps_0.0039.vnnlib"",100.0,""default_attack_off_f32""]",
cifar100_2024,47,CIFAR100_resnet_medium.onnx,CIFAR100_resnet_medium_prop_idx_6108_sidx_3179_eps_0.0039.vnnlib,unsat,9.6277,CERTIFIED,1,100.0,9.6277,11.635,0,11.719593305140734,0,0,,,not a FALSIFIED row,0,scratch/logs/fse2026/neuralsat/cifar100_2024/00047_d6d8933cafb00f6e9167_vykfqje8.log,c5097698a32a6dc04d176dcf72b61a931b89cdac,"{""attack"": {""attack_off"": true, ""overrides"": [""--disable_attack""]}, ""deviations"": [""GRB_LICENSE_FILE unset (run_instance.sh sets ~/gurobi.lic; no license on this machine, gurobipy size-limited pip license)"", ""attack-off (user decision D20): --disable_attack""], ""mapping"": ""default"", ""official"": ""vnncomp_scripts/run_instance.sh defaults (no per-family config)"", ""variant"": ""default""}","[""GRB_LICENSE_FILE unset (run_instance.sh sets ~/gurobi.lic; no license on this machine, gurobipy size-limited pip license)"", ""attack-off (user decision D20): --disable_attack"", ""float32 default NeuralSAT dtype; stable interpreter; no precision override""]",,,11.0,11534.0,default_attack_off_f32,"[""neuralsat"",""data/vnncomp2026/cifar100_2024/1.0/onnx/CIFAR100_resnet_medium.onnx"",""data/vnncomp2026/cifar100_2024/1.0/vnnlib/CIFAR100_resnet_medium_prop_idx_6108_sidx_3179_eps_0.0039.vnnlib"",100.0,""default_attack_off_f32""]",
cifar100_2024,48,CIFAR100_resnet_medium.onnx,CIFAR100_resnet_medium_prop_idx_3494_sidx_6936_eps_0.0039.vnnlib,unsat,18.6241,CERTIFIED,1,100.0,18.6241,20.603,0,20.688820267096162,0,0,,,not a FALSIFIED row,0,scratch/logs/fse2026/neuralsat/cifar100_2024/00048_71f6b21a1cb7eba48613_a9_qkvlr.log,c5097698a32a6dc04d176dcf72b61a931b89cdac,"{""attack"": {""attack_off"": true, ""overrides"": [""--disable_attack""]}, ""deviations"": [""GRB_LICENSE_FILE unset (run_instance.sh sets ~/gurobi.lic; no license on this machine, gurobipy size-limited pip license)"", ""attack-off (user decision D20): --disable_attack""], ""mapping"": ""default"", ""official"": ""vnncomp_scripts/run_instance.sh defaults (no per-family config)"", ""variant"": ""default""}","[""GRB_LICENSE_FILE unset (run_instance.sh sets ~/gurobi.lic; no license on this machine, gurobipy size-limited pip license)"", ""attack-off (user decision D20): --disable_attack"", ""float32 default NeuralSAT dtype; stable interpreter; no precision override""]",,,0.0,11534.0,default_attack_off_f32,"[""neuralsat"",""data/vnncomp2026/cifar100_2024/1.0/onnx/CIFAR100_resnet_medium.onnx"",""data/vnncomp2026/cifar100_2024/1.0/vnnlib/CIFAR100_resnet_medium_prop_idx_3494_sidx_6936_eps_0.0039.vnnlib"",100.0,""default_attack_off_f32""]",
cifar100_2024,49,CIFAR100_resnet_medium.onnx,CIFAR100_resnet_medium_prop_idx_3351_sidx_3809_eps_0.0039.vnnlib,unsat,3.8742,CERTIFIED,1,100.0,3.8742,5.744,0,5.859739638864994,0,0,,,not a FALSIFIED row,0,scratch/logs/fse2026/neuralsat/cifar100_2024/00049_311ae193768a18d36c5b_853ha9fo.log,c5097698a32a6dc04d176dcf72b61a931b89cdac,"{""attack"": {""attack_off"": true, ""overrides"": [""--disable_attack""]}, ""deviations"": [""GRB_LICENSE_FILE unset (run_instance.sh sets ~/gurobi.lic; no license on this machine, gurobipy size-limited pip license)"", ""attack-off (user decision D20): --disable_attack""], ""mapping"": ""default"", ""official"": ""vnncomp_scripts/run_instance.sh defaults (no per-family config)"", ""variant"": ""default""}","[""GRB_LICENSE_FILE unset (run_instance.sh sets ~/gurobi.lic; no license on this machine, gurobipy size-limited pip license)"", ""attack-off (user decision D20): --disable_attack"", ""float32 default NeuralSAT dtype; stable interpreter; no precision override""]",,,0.0,11534.0,default_attack_off_f32,"[""neuralsat"",""data/vnncomp2026/cifar100_2024/1.0/onnx/CIFAR100_resnet_medium.onnx"",""data/vnncomp2026/cifar100_2024/1.0/vnnlib/CIFAR100_resnet_medium_prop_idx_3351_sidx_3809_eps_0.0039.vnnlib"",100.0,""default_attack_off_f32""]",
cifar100_2024,50,CIFAR100_resnet_medium.onnx,CIFAR100_resnet_medium_prop_idx_148_sidx_3290_eps_0.0039.vnnlib,timeout,100.9936,TIMEOUT,0,100.0,100.9936,103.304,0,103.39322139881551,1,0,,,not a FALSIFIED row,0,scratch/logs/fse2026/neuralsat/cifar100_2024/00050_3b3c836571b7230bbf54_n6qc9la5.log,c5097698a32a6dc04d176dcf72b61a931b89cdac,"{""attack"": {""attack_off"": true, ""overrides"": [""--disable_attack""]}, ""deviations"": [""GRB_LICENSE_FILE unset (run_instance.sh sets ~/gurobi.lic; no license on this machine, gurobipy size-limited pip license)"", ""attack-off (user decision D20): --disable_attack""], ""mapping"": ""default"", ""official"": ""vnncomp_scripts/run_instance.sh defaults (no per-family config)"", ""variant"": ""default""}","[""GRB_LICENSE_FILE unset (run_instance.sh sets ~/gurobi.lic; no license on this machine, gurobipy size-limited pip license)"", ""attack-off (user decision D20): --disable_attack"", ""float32 default NeuralSAT dtype; stable interpreter; no precision override""]",,,0.0,12214.0,default_attack_off_f32,"[""neuralsat"",""data/vnncomp2026/cifar100_2024/1.0/onnx/CIFAR100_resnet_medium.onnx"",""data/vnncomp2026/cifar100_2024/1.0/vnnlib/CIFAR100_resnet_medium_prop_idx_148_sidx_3290_eps_0.0039.vnnlib"",100.0,""default_attack_off_f32""]",
cifar100_2024,51,CIFAR100_resnet_medium.onnx,CIFAR100_resnet_medium_prop_idx_1762_sidx_2982_eps_0.0039.vnnlib,unsat,19.7433,CERTIFIED,1,100.0,19.7433,21.714,0,21.79111041687429,0,0,,,not a FALSIFIED row,0,scratch/logs/fse2026/neuralsat/cifar100_2024/00051_5354d889b009637ed06a_m_ym9tit.log,c5097698a32a6dc04d176dcf72b61a931b89cdac,"{""attack"": {""attack_off"": true, ""overrides"": [""--disable_attack""]}, ""deviations"": [""GRB_LICENSE_FILE unset (run_instance.sh sets ~/gurobi.lic; no license on this machine, gurobipy size-limited pip license)"", ""attack-off (user decision D20): --disable_attack""], ""mapping"": ""default"", ""official"": ""vnncomp_scripts/run_instance.sh defaults (no per-family config)"", ""variant"": ""default""}","[""GRB_LICENSE_FILE unset (run_instance.sh sets ~/gurobi.lic; no license on this machine, gurobipy size-limited pip license)"", ""attack-off (user decision D20): --disable_attack"", ""float32 default NeuralSAT dtype; stable interpreter; no precision override""]",,,0.0,12214.0,default_attack_off_f32,"[""neuralsat"",""data/vnncomp2026/cifar100_2024/1.0/onnx/CIFAR100_resnet_medium.onnx"",""data/vnncomp2026/cifar100_2024/1.0/vnnlib/CIFAR100_resnet_medium_prop_idx_1762_sidx_2982_eps_0.0039.vnnlib"",100.0,""default_attack_off_f32""]",
cifar100_2024,52,CIFAR100_resnet_medium.onnx,CIFAR100_resnet_medium_prop_idx_6631_sidx_5931_eps_0.0039.vnnlib,unsat,3.5623,CERTIFIED,1,100.0,3.5623,5.574,0,5.658865554258227,0,0,,,not a FALSIFIED row,0,scratch/logs/fse2026/neuralsat/cifar100_2024/00052_c124fcd9b1fd456a5545_rd4wg775.log,c5097698a32a6dc04d176dcf72b61a931b89cdac,"{""attack"": {""attack_off"": true, ""overrides"": [""--disable_attack""]}, ""deviations"": [""GRB_LICENSE_FILE unset (run_instance.sh sets ~/gurobi.lic; no license on this machine, gurobipy size-limited pip license)"", ""attack-off (user decision D20): --disable_attack""], ""mapping"": ""default"", ""official"": ""vnncomp_scripts/run_instance.sh defaults (no per-family config)"", ""variant"": ""default""}","[""GRB_LICENSE_FILE unset (run_instance.sh sets ~/gurobi.lic; no license on this machine, gurobipy size-limited pip license)"", ""attack-off (user decision D20): --disable_attack"", ""float32 default NeuralSAT dtype; stable interpreter; no precision override""]",,,3.0,12214.0,default_attack_off_f32,"[""neuralsat"",""data/vnncomp2026/cifar100_2024/1.0/onnx/CIFAR100_resnet_medium.onnx"",""data/vnncomp2026/cifar100_2024/1.0/vnnlib/CIFAR100_resnet_medium_prop_idx_6631_sidx_5931_eps_0.0039.vnnlib"",100.0,""default_attack_off_f32""]",
cifar100_2024,53,CIFAR100_resnet_medium.onnx,CIFAR100_resnet_medium_prop_idx_4259_sidx_275_eps_0.0039.vnnlib,timeout,105.1426,TIMEOUT,0,100.0,105.1426,107.585,0,107.6714095491916,1,0,,,not a FALSIFIED row,0,scratch/logs/fse2026/neuralsat/cifar100_2024/00053_9e2dbd445b30b6d33183_99hqysbp.log,c5097698a32a6dc04d176dcf72b61a931b89cdac,"{""attack"": {""attack_off"": true, ""overrides"": [""--disable_attack""]}, ""deviations"": [""GRB_LICENSE_FILE unset (run_instance.sh sets ~/gurobi.lic; no license on this machine, gurobipy size-limited pip license)"", ""attack-off (user decision D20): --disable_attack""], ""mapping"": ""default"", ""official"": ""vnncomp_scripts/run_instance.sh defaults (no per-family config)"", ""variant"": ""default""}","[""GRB_LICENSE_FILE unset (run_instance.sh sets ~/gurobi.lic; no license on this machine, gurobipy size-limited pip license)"", ""attack-off (user decision D20): --disable_attack"", ""float32 default NeuralSAT dtype; stable interpreter; no precision override""]",,,0.0,11534.0,default_attack_off_f32,"[""neuralsat"",""data/vnncomp2026/cifar100_2024/1.0/onnx/CIFAR100_resnet_medium.onnx"",""data/vnncomp2026/cifar100_2024/1.0/vnnlib/CIFAR100_resnet_medium_prop_idx_4259_sidx_275_eps_0.0039.vnnlib"",100.0,""default_attack_off_f32""]",
cifar100_2024,54,CIFAR100_resnet_medium.onnx,CIFAR100_resnet_medium_prop_idx_2546_sidx_3292_eps_0.0039.vnnlib,unsat,11.9074,CERTIFIED,1,100.0,11.9074,13.94,0,14.026965549215674,0,0,,,not a FALSIFIED row,0,scratch/logs/fse2026/neuralsat/cifar100_2024/00054_b88530d14d8b60c11b25_pz1mhk9i.log,c5097698a32a6dc04d176dcf72b61a931b89cdac,"{""attack"": {""attack_off"": true, ""overrides"": [""--disable_attack""]}, ""deviations"": [""GRB_LICENSE_FILE unset (run_instance.sh sets ~/gurobi.lic; no license on this machine, gurobipy size-limited pip license)"", ""attack-off (user decision D20): --disable_attack""], ""mapping"": ""default"", ""official"": ""vnncomp_scripts/run_instance.sh defaults (no per-family config)"", ""variant"": ""default""}","[""GRB_LICENSE_FILE unset (run_instance.sh sets ~/gurobi.lic; no license on this machine, gurobipy size-limited pip license)"", ""attack-off (user decision D20): --disable_attack"", ""float32 default NeuralSAT dtype; stable interpreter; no precision override""]",,,4.0,11534.0,default_attack_off_f32,"[""neuralsat"",""data/vnncomp2026/cifar100_2024/1.0/onnx/CIFAR100_resnet_medium.onnx"",""data/vnncomp2026/cifar100_2024/1.0/vnnlib/CIFAR100_resnet_medium_prop_idx_2546_sidx_3292_eps_0.0039.vnnlib"",100.0,""default_attack_off_f32""]",
cifar100_2024,55,CIFAR100_resnet_medium.onnx,CIFAR100_resnet_medium_prop_idx_6528_sidx_5206_eps_0.0039.vnnlib,unsat,19.2605,CERTIFIED,1,100.0,19.2605,21.315,0,21.43618712387979,0,0,,,not a FALSIFIED row,0,scratch/logs/fse2026/neuralsat/cifar100_2024/00055_c8b3cfbb9346c8c21a9b_tu2u4ps3.log,c5097698a32a6dc04d176dcf72b61a931b89cdac,"{""attack"": {""attack_off"": true, ""overrides"": [""--disable_attack""]}, ""deviations"": [""GRB_LICENSE_FILE unset (run_instance.sh sets ~/gurobi.lic; no license on this machine, gurobipy size-limited pip license)"", ""attack-off (user decision D20): --disable_attack""], ""mapping"": ""default"", ""official"": ""vnncomp_scripts/run_instance.sh defaults (no per-family config)"", ""variant"": ""default""}","[""GRB_LICENSE_FILE unset (run_instance.sh sets ~/gurobi.lic; no license on this machine, gurobipy size-limited pip license)"", ""attack-off (user decision D20): --disable_attack"", ""float32 default NeuralSAT dtype; stable interpreter; no precision override""]",,,14.0,11534.0,default_attack_off_f32,"[""neuralsat"",""data/vnncomp2026/cifar100_2024/1.0/onnx/CIFAR100_resnet_medium.onnx"",""data/vnncomp2026/cifar100_2024/1.0/vnnlib/CIFAR100_resnet_medium_prop_idx_6528_sidx_5206_eps_0.0039.vnnlib"",100.0,""default_attack_off_f32""]",
cifar100_2024,56,CIFAR100_resnet_medium.onnx,CIFAR100_resnet_medium_prop_idx_1910_sidx_5960_eps_0.0039.vnnlib,timeout,104.4323,TIMEOUT,0,100.0,104.4323,106.769,0,106.8486920632422,1,0,,,not a FALSIFIED row,0,scratch/logs/fse2026/neuralsat/cifar100_2024/00056_ad3a2828a5dfd32712fe_v8etmirp.log,c5097698a32a6dc04d176dcf72b61a931b89cdac,"{""attack"": {""attack_off"": true, ""overrides"": [""--disable_attack""]}, ""deviations"": [""GRB_LICENSE_FILE unset (run_instance.sh sets ~/gurobi.lic; no license on this machine, gurobipy size-limited pip license)"", ""attack-off (user decision D20): --disable_attack""], ""mapping"": ""default"", ""official"": ""vnncomp_scripts/run_instance.sh defaults (no per-family config)"", ""variant"": ""default""}","[""GRB_LICENSE_FILE unset (run_instance.sh sets ~/gurobi.lic; no license on this machine, gurobipy size-limited pip license)"", ""attack-off (user decision D20): --disable_attack"", ""float32 default NeuralSAT dtype; stable interpreter; no precision override""]",,,0.0,11534.0,default_attack_off_f32,"[""neuralsat"",""data/vnncomp2026/cifar100_2024/1.0/onnx/CIFAR100_resnet_medium.onnx"",""data/vnncomp2026/cifar100_2024/1.0/vnnlib/CIFAR100_resnet_medium_prop_idx_1910_sidx_5960_eps_0.0039.vnnlib"",100.0,""default_attack_off_f32""]",
cifar100_2024,57,CIFAR100_resnet_medium.onnx,CIFAR100_resnet_medium_prop_idx_3890_sidx_8288_eps_0.0039.vnnlib,unsat,19.9856,CERTIFIED,1,100.0,19.9856,21.953,0,22.043105171993375,0,0,,,not a FALSIFIED row,0,scratch/logs/fse2026/neuralsat/cifar100_2024/00057_dadec785ebc4749bfdc7_0oxqg1ur.log,c5097698a32a6dc04d176dcf72b61a931b89cdac,"{""attack"": {""attack_off"": true, ""overrides"": [""--disable_attack""]}, ""deviations"": [""GRB_LICENSE_FILE unset (run_instance.sh sets ~/gurobi.lic; no license on this machine, gurobipy size-limited pip license)"", ""attack-off (user decision D20): --disable_attack""], ""mapping"": ""default"", ""official"": ""vnncomp_scripts/run_instance.sh defaults (no per-family config)"", ""variant"": ""default""}","[""GRB_LICENSE_FILE unset (run_instance.sh sets ~/gurobi.lic; no license on this machine, gurobipy size-limited pip license)"", ""attack-off (user decision D20): --disable_attack"", ""float32 default NeuralSAT dtype; stable interpreter; no precision override""]",,,3.0,11568.0,default_attack_off_f32,"[""neuralsat"",""data/vnncomp2026/cifar100_2024/1.0/onnx/CIFAR100_resnet_medium.onnx"",""data/vnncomp2026/cifar100_2024/1.0/vnnlib/CIFAR100_resnet_medium_prop_idx_3890_sidx_8288_eps_0.0039.vnnlib"",100.0,""default_attack_off_f32""]",
cifar100_2024,58,CIFAR100_resnet_medium.onnx,CIFAR100_resnet_medium_prop_idx_4444_sidx_8929_eps_0.0039.vnnlib,unsat,8.8416,CERTIFIED,1,100.0,8.8416,10.738,0,10.81955548748374,0,0,,,not a FALSIFIED row,0,scratch/logs/fse2026/neuralsat/cifar100_2024/00058_1ec7bbb3d1f7bd94d66c_akf5mf6h.log,c5097698a32a6dc04d176dcf72b61a931b89cdac,"{""attack"": {""attack_off"": true, ""overrides"": [""--disable_attack""]}, ""deviations"": [""GRB_LICENSE_FILE unset (run_instance.sh sets ~/gurobi.lic; no license on this machine, gurobipy size-limited pip license)"", ""attack-off (user decision D20): --disable_attack""], ""mapping"": ""default"", ""official"": ""vnncomp_scripts/run_instance.sh defaults (no per-family config)"", ""variant"": ""default""}","[""GRB_LICENSE_FILE unset (run_instance.sh sets ~/gurobi.lic; no license on this machine, gurobipy size-limited pip license)"", ""attack-off (user decision D20): --disable_attack"", ""float32 default NeuralSAT dtype; stable interpreter; no precision override""]",,,0.0,11534.0,default_attack_off_f32,"[""neuralsat"",""data/vnncomp2026/cifar100_2024/1.0/onnx/CIFAR100_resnet_medium.onnx"",""data/vnncomp2026/cifar100_2024/1.0/vnnlib/CIFAR100_resnet_medium_prop_idx_4444_sidx_8929_eps_0.0039.vnnlib"",100.0,""default_attack_off_f32""]",
cifar100_2024,59,CIFAR100_resnet_medium.onnx,CIFAR100_resnet_medium_prop_idx_8833_sidx_1276_eps_0.0039.vnnlib,timeout,105.0996,TIMEOUT,0,100.0,105.0996,107.779,0,107.8569781575352,1,0,,,not a FALSIFIED row,0,scratch/logs/fse2026/neuralsat/cifar100_2024/00059_841ce54d366d3f2df22e_j6_4x2v_.log,c5097698a32a6dc04d176dcf72b61a931b89cdac,"{""attack"": {""attack_off"": true, ""overrides"": [""--disable_attack""]}, ""deviations"": [""GRB_LICENSE_FILE unset (run_instance.sh sets ~/gurobi.lic; no license on this machine, gurobipy size-limited pip license)"", ""attack-off (user decision D20): --disable_attack""], ""mapping"": ""default"", ""official"": ""vnncomp_scripts/run_instance.sh defaults (no per-family config)"", ""variant"": ""default""}","[""GRB_LICENSE_FILE unset (run_instance.sh sets ~/gurobi.lic; no license on this machine, gurobipy size-limited pip license)"", ""attack-off (user decision D20): --disable_attack"", ""float32 default NeuralSAT dtype; stable interpreter; no precision override""]",,,0.0,11534.0,default_attack_off_f32,"[""neuralsat"",""data/vnncomp2026/cifar100_2024/1.0/onnx/CIFAR100_resnet_medium.onnx"",""data/vnncomp2026/cifar100_2024/1.0/vnnlib/CIFAR100_resnet_medium_prop_idx_8833_sidx_1276_eps_0.0039.vnnlib"",100.0,""default_attack_off_f32""]",
cifar100_2024,60,CIFAR100_resnet_medium.onnx,CIFAR100_resnet_medium_prop_idx_1602_sidx_8694_eps_0.0039.vnnlib,unsat,4.1503,CERTIFIED,1,100.0,4.1503,6.029,0,6.108390776440501,0,0,,,not a FALSIFIED row,0,scratch/logs/fse2026/neuralsat/cifar100_2024/00060_978944a66f2f2e89af3d_gib5naac.log,c5097698a32a6dc04d176dcf72b61a931b89cdac,"{""attack"": {""attack_off"": true, ""overrides"": [""--disable_attack""]}, ""deviations"": [""GRB_LICENSE_FILE unset (run_instance.sh sets ~/gurobi.lic; no license on this machine, gurobipy size-limited pip license)"", ""attack-off (user decision D20): --disable_attack""], ""mapping"": ""default"", ""official"": ""vnncomp_scripts/run_instance.sh defaults (no per-family config)"", ""variant"": ""default""}","[""GRB_LICENSE_FILE unset (run_instance.sh sets ~/gurobi.lic; no license on this machine, gurobipy size-limited pip license)"", ""attack-off (user decision D20): --disable_attack"", ""float32 default NeuralSAT dtype; stable interpreter; no precision override""]",,,0.0,12522.0,default_attack_off_f32,"[""neuralsat"",""data/vnncomp2026/cifar100_2024/1.0/onnx/CIFAR100_resnet_medium.onnx"",""data/vnncomp2026/cifar100_2024/1.0/vnnlib/CIFAR100_resnet_medium_prop_idx_1602_sidx_8694_eps_0.0039.vnnlib"",100.0,""default_attack_off_f32""]",
cifar100_2024,61,CIFAR100_resnet_medium.onnx,CIFAR100_resnet_medium_prop_idx_9101_sidx_2397_eps_0.0039.vnnlib,timeout,,TIMEOUT,0,100.0,,130.551,0,130.62996019609272,1,0,,,not a FALSIFIED row,,scratch/logs/fse2026/neuralsat/cifar100_2024/00061_a476f66235c31bfe4208_v3tqp037.log,c5097698a32a6dc04d176dcf72b61a931b89cdac,"{""attack"": {""attack_off"": true, ""overrides"": [""--disable_attack""]}, ""deviations"": [""GRB_LICENSE_FILE unset (run_instance.sh sets ~/gurobi.lic; no license on this machine, gurobipy size-limited pip license)"", ""attack-off (user decision D20): --disable_attack""], ""mapping"": ""default"", ""official"": ""vnncomp_scripts/run_instance.sh defaults (no per-family config)"", ""variant"": ""default""}","[""GRB_LICENSE_FILE unset (run_instance.sh sets ~/gurobi.lic; no license on this machine, gurobipy size-limited pip license)"", ""attack-off (user decision D20): --disable_attack"", ""float32 default NeuralSAT dtype; stable interpreter; no precision override""]",,,14.0,12230.0,default_attack_off_f32,"[""neuralsat"",""data/vnncomp2026/cifar100_2024/1.0/onnx/CIFAR100_resnet_medium.onnx"",""data/vnncomp2026/cifar100_2024/1.0/vnnlib/CIFAR100_resnet_medium_prop_idx_9101_sidx_2397_eps_0.0039.vnnlib"",100.0,""default_attack_off_f32""]",
cifar100_2024,62,CIFAR100_resnet_medium.onnx,CIFAR100_resnet_medium_prop_idx_8208_sidx_8378_eps_0.0039.vnnlib,unsat,13.2946,CERTIFIED,1,100.0,13.2946,15.395,0,15.477398743852973,0,0,,,not a FALSIFIED row,0,scratch/logs/fse2026/neuralsat/cifar100_2024/00062_9b8c2d18754732623250_ymuv97vm.log,c5097698a32a6dc04d176dcf72b61a931b89cdac,"{""attack"": {""attack_off"": true, ""overrides"": [""--disable_attack""]}, ""deviations"": [""GRB_LICENSE_FILE unset (run_instance.sh sets ~/gurobi.lic; no license on this machine, gurobipy size-limited pip license)"", ""attack-off (user decision D20): --disable_attack""], ""mapping"": ""default"", ""official"": ""vnncomp_scripts/run_instance.sh defaults (no per-family config)"", ""variant"": ""default""}","[""GRB_LICENSE_FILE unset (run_instance.sh sets ~/gurobi.lic; no license on this machine, gurobipy size-limited pip license)"", ""attack-off (user decision D20): --disable_attack"", ""float32 default NeuralSAT dtype; stable interpreter; no precision override""]",,,99.0,12296.0,default_attack_off_f32,"[""neuralsat"",""data/vnncomp2026/cifar100_2024/1.0/onnx/CIFAR100_resnet_medium.onnx"",""data/vnncomp2026/cifar100_2024/1.0/vnnlib/CIFAR100_resnet_medium_prop_idx_8208_sidx_8378_eps_0.0039.vnnlib"",100.0,""default_attack_off_f32""]",
cifar100_2024,63,CIFAR100_resnet_medium.onnx,CIFAR100_resnet_medium_prop_idx_3805_sidx_6219_eps_0.0039.vnnlib,timeout,107.9871,TIMEOUT,0,100.0,107.9871,110.743,0,110.82046481221914,1,0,,,not a FALSIFIED row,0,scratch/logs/fse2026/neuralsat/cifar100_2024/00063_2506f15afa87bfa2a64b_1lkxyvo7.log,c5097698a32a6dc04d176dcf72b61a931b89cdac,"{""attack"": {""attack_off"": true, ""overrides"": [""--disable_attack""]}, ""deviations"": [""GRB_LICENSE_FILE unset (run_instance.sh sets ~/gurobi.lic; no license on this machine, gurobipy size-limited pip license)"", ""attack-off (user decision D20): --disable_attack""], ""mapping"": ""default"", ""official"": ""vnncomp_scripts/run_instance.sh defaults (no per-family config)"", ""variant"": ""default""}","[""GRB_LICENSE_FILE unset (run_instance.sh sets ~/gurobi.lic; no license on this machine, gurobipy size-limited pip license)"", ""attack-off (user decision D20): --disable_attack"", ""float32 default NeuralSAT dtype; stable interpreter; no precision override""]",,,0.0,11553.0,default_attack_off_f32,"[""neuralsat"",""data/vnncomp2026/cifar100_2024/1.0/onnx/CIFAR100_resnet_medium.onnx"",""data/vnncomp2026/cifar100_2024/1.0/vnnlib/CIFAR100_resnet_medium_prop_idx_3805_sidx_6219_eps_0.0039.vnnlib"",100.0,""default_attack_off_f32""]",
cifar100_2024,64,CIFAR100_resnet_medium.onnx,CIFAR100_resnet_medium_prop_idx_7965_sidx_2482_eps_0.0039.vnnlib,unsat,11.3894,CERTIFIED,1,100.0,11.3894,13.34,0,13.422859394922853,0,0,,,not a FALSIFIED row,0,scratch/logs/fse2026/neuralsat/cifar100_2024/00064_353ab2a0745d619e9f3a_yslwfikr.log,c5097698a32a6dc04d176dcf72b61a931b89cdac,"{""attack"": {""attack_off"": true, ""overrides"": [""--disable_attack""]}, ""deviations"": [""GRB_LICENSE_FILE unset (run_instance.sh sets ~/gurobi.lic; no license on this machine, gurobipy size-limited pip license)"", ""attack-off (user decision D20): --disable_attack""], ""mapping"": ""default"", ""official"": ""vnncomp_scripts/run_instance.sh defaults (no per-family config)"", ""variant"": ""default""}","[""GRB_LICENSE_FILE unset (run_instance.sh sets ~/gurobi.lic; no license on this machine, gurobipy size-limited pip license)"", ""attack-off (user decision D20): --disable_attack"", ""float32 default NeuralSAT dtype; stable interpreter; no precision override""]",,,21.0,12216.0,default_attack_off_f32,"[""neuralsat"",""data/vnncomp2026/cifar100_2024/1.0/onnx/CIFAR100_resnet_medium.onnx"",""data/vnncomp2026/cifar100_2024/1.0/vnnlib/CIFAR100_resnet_medium_prop_idx_7965_sidx_2482_eps_0.0039.vnnlib"",100.0,""default_attack_off_f32""]",
cifar100_2024,65,CIFAR100_resnet_medium.onnx,CIFAR100_resnet_medium_prop_idx_6030_sidx_7369_eps_0.0039.vnnlib,unsat,21.8036,CERTIFIED,1,100.0,21.8036,23.815,0,23.926402965560555,0,0,,,not a FALSIFIED row,0,scratch/logs/fse2026/neuralsat/cifar100_2024/00065_cfc4d8951a2747d3a0aa_4dcg9htm.log,c5097698a32a6dc04d176dcf72b61a931b89cdac,"{""attack"": {""attack_off"": true, ""overrides"": [""--disable_attack""]}, ""deviations"": [""GRB_LICENSE_FILE unset (run_instance.sh sets ~/gurobi.lic; no license on this machine, gurobipy size-limited pip license)"", ""attack-off (user decision D20): --disable_attack""], ""mapping"": ""default"", ""official"": ""vnncomp_scripts/run_instance.sh defaults (no per-family config)"", ""variant"": ""default""}","[""GRB_LICENSE_FILE unset (run_instance.sh sets ~/gurobi.lic; no license on this machine, gurobipy size-limited pip license)"", ""attack-off (user decision D20): --disable_attack"", ""float32 default NeuralSAT dtype; stable interpreter; no precision override""]",,,7.0,11534.0,default_attack_off_f32,"[""neuralsat"",""data/vnncomp2026/cifar100_2024/1.0/onnx/CIFAR100_resnet_medium.onnx"",""data/vnncomp2026/cifar100_2024/1.0/vnnlib/CIFAR100_resnet_medium_prop_idx_6030_sidx_7369_eps_0.0039.vnnlib"",100.0,""default_attack_off_f32""]",
cifar100_2024,66,CIFAR100_resnet_medium.onnx,CIFAR100_resnet_medium_prop_idx_5123_sidx_9175_eps_0.0039.vnnlib,timeout,100.2677,TIMEOUT,0,100.0,100.2677,102.436,0,102.55502149835229,1,0,,,not a FALSIFIED row,0,scratch/logs/fse2026/neuralsat/cifar100_2024/00066_154743bed3e873d10cb6_iwfevsi9.log,c5097698a32a6dc04d176dcf72b61a931b89cdac,"{""attack"": {""attack_off"": true, ""overrides"": [""--disable_attack""]}, ""deviations"": [""GRB_LICENSE_FILE unset (run_instance.sh sets ~/gurobi.lic; no license on this machine, gurobipy size-limited pip license)"", ""attack-off (user decision D20): --disable_attack""], ""mapping"": ""default"", ""official"": ""vnncomp_scripts/run_instance.sh defaults (no per-family config)"", ""variant"": ""default""}","[""GRB_LICENSE_FILE unset (run_instance.sh sets ~/gurobi.lic; no license on this machine, gurobipy size-limited pip license)"", ""attack-off (user decision D20): --disable_attack"", ""float32 default NeuralSAT dtype; stable interpreter; no precision override""]",,,15.0,12414.0,default_attack_off_f32,"[""neuralsat"",""data/vnncomp2026/cifar100_2024/1.0/onnx/CIFAR100_resnet_medium.onnx"",""data/vnncomp2026/cifar100_2024/1.0/vnnlib/CIFAR100_resnet_medium_prop_idx_5123_sidx_9175_eps_0.0039.vnnlib"",100.0,""default_attack_off_f32""]",
cifar100_2024,67,CIFAR100_resnet_medium.onnx,CIFAR100_resnet_medium_prop_idx_6047_sidx_2202_eps_0.0039.vnnlib,unsat,15.7783,CERTIFIED,1,100.0,15.7783,17.753,0,17.82925877533853,0,0,,,not a FALSIFIED row,0,scratch/logs/fse2026/neuralsat/cifar100_2024/00067_e8e1fc10378e05d4632e_8bno1v4_.log,c5097698a32a6dc04d176dcf72b61a931b89cdac,"{""attack"": {""attack_off"": true, ""overrides"": [""--disable_attack""]}, ""deviations"": [""GRB_LICENSE_FILE unset (run_instance.sh sets ~/gurobi.lic; no license on this machine, gurobipy size-limited pip license)"", ""attack-off (user decision D20): --disable_attack""], ""mapping"": ""default"", ""official"": ""vnncomp_scripts/run_instance.sh defaults (no per-family config)"", ""variant"": ""default""}","[""GRB_LICENSE_FILE unset (run_instance.sh sets ~/gurobi.lic; no license on this machine, gurobipy size-limited pip license)"", ""attack-off (user decision D20): --disable_attack"", ""float32 default NeuralSAT dtype; stable interpreter; no precision override""]",,,0.0,11534.0,default_attack_off_f32,"[""neuralsat"",""data/vnncomp2026/cifar100_2024/1.0/onnx/CIFAR100_resnet_medium.onnx"",""data/vnncomp2026/cifar100_2024/1.0/vnnlib/CIFAR100_resnet_medium_prop_idx_6047_sidx_2202_eps_0.0039.vnnlib"",100.0,""default_attack_off_f32""]",
cifar100_2024,68,CIFAR100_resnet_medium.onnx,CIFAR100_resnet_medium_prop_idx_8594_sidx_5815_eps_0.0039.vnnlib,timeout,102.657,TIMEOUT,0,100.0,102.657,105.625,0,105.69717161916196,1,0,,,not a FALSIFIED row,0,scratch/logs/fse2026/neuralsat/cifar100_2024/00068_f25df008694deda48623_3_evz2hd.log,c5097698a32a6dc04d176dcf72b61a931b89cdac,"{""attack"": {""attack_off"": true, ""overrides"": [""--disable_attack""]}, ""deviations"": [""GRB_LICENSE_FILE unset (run_instance.sh sets ~/gurobi.lic; no license on this machine, gurobipy size-limited pip license)"", ""attack-off (user decision D20): --disable_attack""], ""mapping"": ""default"", ""official"": ""vnncomp_scripts/run_instance.sh defaults (no per-family config)"", ""variant"": ""default""}","[""GRB_LICENSE_FILE unset (run_instance.sh sets ~/gurobi.lic; no license on this machine, gurobipy size-limited pip license)"", ""attack-off (user decision D20): --disable_attack"", ""float32 default NeuralSAT dtype; stable interpreter; no precision override""]",,,0.0,12214.0,default_attack_off_f32,"[""neuralsat"",""data/vnncomp2026/cifar100_2024/1.0/onnx/CIFAR100_resnet_medium.onnx"",""data/vnncomp2026/cifar100_2024/1.0/vnnlib/CIFAR100_resnet_medium_prop_idx_8594_sidx_5815_eps_0.0039.vnnlib"",100.0,""default_attack_off_f32""]",
cifar100_2024,69,CIFAR100_resnet_medium.onnx,CIFAR100_resnet_medium_prop_idx_1761_sidx_3933_eps_0.0039.vnnlib,unsat,20.0237,CERTIFIED,1,100.0,20.0237,22.113,0,22.22961632348597,0,0,,,not a FALSIFIED row,0,scratch/logs/fse2026/neuralsat/cifar100_2024/00069_d1a087a1ef4aea1df1fa_5nj0sics.log,c5097698a32a6dc04d176dcf72b61a931b89cdac,"{""attack"": {""attack_off"": true, ""overrides"": [""--disable_attack""]}, ""deviations"": [""GRB_LICENSE_FILE unset (run_instance.sh sets ~/gurobi.lic; no license on this machine, gurobipy size-limited pip license)"", ""attack-off (user decision D20): --disable_attack""], ""mapping"": ""default"", ""official"": ""vnncomp_scripts/run_instance.sh defaults (no per-family config)"", ""variant"": ""default""}","[""GRB_LICENSE_FILE unset (run_instance.sh sets ~/gurobi.lic; no license on this machine, gurobipy size-limited pip license)"", ""attack-off (user decision D20): --disable_attack"", ""float32 default NeuralSAT dtype; stable interpreter; no precision override""]",,,0.0,11534.0,default_attack_off_f32,"[""neuralsat"",""data/vnncomp2026/cifar100_2024/1.0/onnx/CIFAR100_resnet_medium.onnx"",""data/vnncomp2026/cifar100_2024/1.0/vnnlib/CIFAR100_resnet_medium_prop_idx_1761_sidx_3933_eps_0.0039.vnnlib"",100.0,""default_attack_off_f32""]",
cifar100_2024,70,CIFAR100_resnet_medium.onnx,CIFAR100_resnet_medium_prop_idx_143_sidx_8839_eps_0.0039.vnnlib,timeout,100.422,TIMEOUT,0,100.0,100.422,102.823,0,102.89924539625645,1,0,,,not a FALSIFIED row,0,scratch/logs/fse2026/neuralsat/cifar100_2024/00070_5a65a752556b17ed7cb1_huykbha8.log,c5097698a32a6dc04d176dcf72b61a931b89cdac,"{""attack"": {""attack_off"": true, ""overrides"": [""--disable_attack""]}, ""deviations"": [""GRB_LICENSE_FILE unset (run_instance.sh sets ~/gurobi.lic; no license on this machine, gurobipy size-limited pip license)"", ""attack-off (user decision D20): --disable_attack""], ""mapping"": ""default"", ""official"": ""vnncomp_scripts/run_instance.sh defaults (no per-family config)"", ""variant"": ""default""}","[""GRB_LICENSE_FILE unset (run_instance.sh sets ~/gurobi.lic; no license on this machine, gurobipy size-limited pip license)"", ""attack-off (user decision D20): --disable_attack"", ""float32 default NeuralSAT dtype; stable interpreter; no precision override""]",,,0.0,11534.0,default_attack_off_f32,"[""neuralsat"",""data/vnncomp2026/cifar100_2024/1.0/onnx/CIFAR100_resnet_medium.onnx"",""data/vnncomp2026/cifar100_2024/1.0/vnnlib/CIFAR100_resnet_medium_prop_idx_143_sidx_8839_eps_0.0039.vnnlib"",100.0,""default_attack_off_f32""]",
cifar100_2024,71,CIFAR100_resnet_medium.onnx,CIFAR100_resnet_medium_prop_idx_9872_sidx_9280_eps_0.0039.vnnlib,unsat,10.9939,CERTIFIED,1,100.0,10.9939,13.039,0,13.116039583459496,0,0,,,not a FALSIFIED row,0,scratch/logs/fse2026/neuralsat/cifar100_2024/00071_4c38f987313e2db2943d_mu69_lar.log,c5097698a32a6dc04d176dcf72b61a931b89cdac,"{""attack"": {""attack_off"": true, ""overrides"": [""--disable_attack""]}, ""deviations"": [""GRB_LICENSE_FILE unset (run_instance.sh sets ~/gurobi.lic; no license on this machine, gurobipy size-limited pip license)"", ""attack-off (user decision D20): --disable_attack""], ""mapping"": ""default"", ""official"": ""vnncomp_scripts/run_instance.sh defaults (no per-family config)"", ""variant"": ""default""}","[""GRB_LICENSE_FILE unset (run_instance.sh sets ~/gurobi.lic; no license on this machine, gurobipy size-limited pip license)"", ""attack-off (user decision D20): --disable_attack"", ""float32 default NeuralSAT dtype; stable interpreter; no precision override""]",,,44.0,12214.0,default_attack_off_f32,"[""neuralsat"",""data/vnncomp2026/cifar100_2024/1.0/onnx/CIFAR100_resnet_medium.onnx"",""data/vnncomp2026/cifar100_2024/1.0/vnnlib/CIFAR100_resnet_medium_prop_idx_9872_sidx_9280_eps_0.0039.vnnlib"",100.0,""default_attack_off_f32""]",
cifar100_2024,72,CIFAR100_resnet_medium.onnx,CIFAR100_resnet_medium_prop_idx_6970_sidx_2728_eps_0.0039.vnnlib,unsat,9.0774,CERTIFIED,1,100.0,9.0774,11.138,0,11.211859922856092,0,0,,,not a FALSIFIED row,0,scratch/logs/fse2026/neuralsat/cifar100_2024/00072_fd66b0292661315fb251_ooy3zooc.log,c5097698a32a6dc04d176dcf72b61a931b89cdac,"{""attack"": {""attack_off"": true, ""overrides"": [""--disable_attack""]}, ""deviations"": [""GRB_LICENSE_FILE unset (run_instance.sh sets ~/gurobi.lic; no license on this machine, gurobipy size-limited pip license)"", ""attack-off (user decision D20): --disable_attack""], ""mapping"": ""default"", ""official"": ""vnncomp_scripts/run_instance.sh defaults (no per-family config)"", ""variant"": ""default""}","[""GRB_LICENSE_FILE unset (run_instance.sh sets ~/gurobi.lic; no license on this machine, gurobipy size-limited pip license)"", ""attack-off (user decision D20): --disable_attack"", ""float32 default NeuralSAT dtype; stable interpreter; no precision override""]",,,0.0,11534.0,default_attack_off_f32,"[""neuralsat"",""data/vnncomp2026/cifar100_2024/1.0/onnx/CIFAR100_resnet_medium.onnx"",""data/vnncomp2026/cifar100_2024/1.0/vnnlib/CIFAR100_resnet_medium_prop_idx_6970_sidx_2728_eps_0.0039.vnnlib"",100.0,""default_attack_off_f32""]",
cifar100_2024,73,CIFAR100_resnet_medium.onnx,CIFAR100_resnet_medium_prop_idx_8101_sidx_2821_eps_0.0039.vnnlib,unsat,8.0576,CERTIFIED,1,100.0,8.0576,9.932,0,10.005933018401265,0,0,,,not a FALSIFIED row,0,scratch/logs/fse2026/neuralsat/cifar100_2024/00073_45bb8ae12b26d0e6f3c4_uw66c_0n.log,c5097698a32a6dc04d176dcf72b61a931b89cdac,"{""attack"": {""attack_off"": true, ""overrides"": [""--disable_attack""]}, ""deviations"": [""GRB_LICENSE_FILE unset (run_instance.sh sets ~/gurobi.lic; no license on this machine, gurobipy size-limited pip license)"", ""attack-off (user decision D20): --disable_attack""], ""mapping"": ""default"", ""official"": ""vnncomp_scripts/run_instance.sh defaults (no per-family config)"", ""variant"": ""default""}","[""GRB_LICENSE_FILE unset (run_instance.sh sets ~/gurobi.lic; no license on this machine, gurobipy size-limited pip license)"", ""attack-off (user decision D20): --disable_attack"", ""float32 default NeuralSAT dtype; stable interpreter; no precision override""]",,,0.0,11534.0,default_attack_off_f32,"[""neuralsat"",""data/vnncomp2026/cifar100_2024/1.0/onnx/CIFAR100_resnet_medium.onnx"",""data/vnncomp2026/cifar100_2024/1.0/vnnlib/CIFAR100_resnet_medium_prop_idx_8101_sidx_2821_eps_0.0039.vnnlib"",100.0,""default_attack_off_f32""]",
cifar100_2024,74,CIFAR100_resnet_medium.onnx,CIFAR100_resnet_medium_prop_idx_3291_sidx_5013_eps_0.0039.vnnlib,unsat,9.557,CERTIFIED,1,100.0,9.557,11.484,0,11.56963175162673,0,0,,,not a FALSIFIED row,0,scratch/logs/fse2026/neuralsat/cifar100_2024/00074_a619452a7f42f704eb58_7_3ppv6d.log,c5097698a32a6dc04d176dcf72b61a931b89cdac,"{""attack"": {""attack_off"": true, ""overrides"": [""--disable_attack""]}, ""deviations"": [""GRB_LICENSE_FILE unset (run_instance.sh sets ~/gurobi.lic; no license on this machine, gurobipy size-limited pip license)"", ""attack-off (user decision D20): --disable_attack""], ""mapping"": ""default"", ""official"": ""vnncomp_scripts/run_instance.sh defaults (no per-family config)"", ""variant"": ""default""}","[""GRB_LICENSE_FILE unset (run_instance.sh sets ~/gurobi.lic; no license on this machine, gurobipy size-limited pip license)"", ""attack-off (user decision D20): --disable_attack"", ""float32 default NeuralSAT dtype; stable interpreter; no precision override""]",,,0.0,11534.0,default_attack_off_f32,"[""neuralsat"",""data/vnncomp2026/cifar100_2024/1.0/onnx/CIFAR100_resnet_medium.onnx"",""data/vnncomp2026/cifar100_2024/1.0/vnnlib/CIFAR100_resnet_medium_prop_idx_3291_sidx_5013_eps_0.0039.vnnlib"",100.0,""default_attack_off_f32""]",
cifar100_2024,75,CIFAR100_resnet_medium.onnx,CIFAR100_resnet_medium_prop_idx_6583_sidx_8860_eps_0.0039.vnnlib,unsat,34.4813,CERTIFIED,1,100.0,34.4813,36.433,0,36.50357083231211,0,0,,,not a FALSIFIED row,0,scratch/logs/fse2026/neuralsat/cifar100_2024/00075_13fecf5af9cb00f496f4_81opkbfq.log,c5097698a32a6dc04d176dcf72b61a931b89cdac,"{""attack"": {""attack_off"": true, ""overrides"": [""--disable_attack""]}, ""deviations"": [""GRB_LICENSE_FILE unset (run_instance.sh sets ~/gurobi.lic; no license on this machine, gurobipy size-limited pip license)"", ""attack-off (user decision D20): --disable_attack""], ""mapping"": ""default"", ""official"": ""vnncomp_scripts/run_instance.sh defaults (no per-family config)"", ""variant"": ""default""}","[""GRB_LICENSE_FILE unset (run_instance.sh sets ~/gurobi.lic; no license on this machine, gurobipy size-limited pip license)"", ""attack-off (user decision D20): --disable_attack"", ""float32 default NeuralSAT dtype; stable interpreter; no precision override""]",,,89.0,15242.0,default_attack_off_f32,"[""neuralsat"",""data/vnncomp2026/cifar100_2024/1.0/onnx/CIFAR100_resnet_medium.onnx"",""data/vnncomp2026/cifar100_2024/1.0/vnnlib/CIFAR100_resnet_medium_prop_idx_6583_sidx_8860_eps_0.0039.vnnlib"",100.0,""default_attack_off_f32""]",
cifar100_2024,76,CIFAR100_resnet_medium.onnx,CIFAR100_resnet_medium_prop_idx_4141_sidx_5393_eps_0.0039.vnnlib,timeout,103.9669,TIMEOUT,0,100.0,103.9669,106.313,0,106.38488532975316,1,0,,,not a FALSIFIED row,0,scratch/logs/fse2026/neuralsat/cifar100_2024/00076_c99d9c465c614ebd9d0e_7lhakiib.log,c5097698a32a6dc04d176dcf72b61a931b89cdac,"{""attack"": {""attack_off"": true, ""overrides"": [""--disable_attack""]}, ""deviations"": [""GRB_LICENSE_FILE unset (run_instance.sh sets ~/gurobi.lic; no license on this machine, gurobipy size-limited pip license)"", ""attack-off (user decision D20): --disable_attack""], ""mapping"": ""default"", ""official"": ""vnncomp_scripts/run_instance.sh defaults (no per-family config)"", ""variant"": ""default""}","[""GRB_LICENSE_FILE unset (run_instance.sh sets ~/gurobi.lic; no license on this machine, gurobipy size-limited pip license)"", ""attack-off (user decision D20): --disable_attack"", ""float32 default NeuralSAT dtype; stable interpreter; no precision override""]",,,61.0,15526.0,default_attack_off_f32,"[""neuralsat"",""data/vnncomp2026/cifar100_2024/1.0/onnx/CIFAR100_resnet_medium.onnx"",""data/vnncomp2026/cifar100_2024/1.0/vnnlib/CIFAR100_resnet_medium_prop_idx_4141_sidx_5393_eps_0.0039.vnnlib"",100.0,""default_attack_off_f32""]",
cifar100_2024,77,CIFAR100_resnet_medium.onnx,CIFAR100_resnet_medium_prop_idx_2921_sidx_3619_eps_0.0039.vnnlib,unsat,95.7219,CERTIFIED,1,100.0,95.7219,97.805,0,97.89439908787608,0,0,,,not a FALSIFIED row,0,scratch/logs/fse2026/neuralsat/cifar100_2024/00077_aaba3e6310469cf37b78_76ylps3h.log,c5097698a32a6dc04d176dcf72b61a931b89cdac,"{""attack"": {""attack_off"": true, ""overrides"": [""--disable_attack""]}, ""deviations"": [""GRB_LICENSE_FILE unset (run_instance.sh sets ~/gurobi.lic; no license on this machine, gurobipy size-limited pip license)"", ""attack-off (user decision D20): --disable_attack""], ""mapping"": ""default"", ""official"": ""vnncomp_scripts/run_instance.sh defaults (no per-family config)"", ""variant"": ""default""}","[""GRB_LICENSE_FILE unset (run_instance.sh sets ~/gurobi.lic; no license on this machine, gurobipy size-limited pip license)"", ""attack-off (user decision D20): --disable_attack"", ""float32 default NeuralSAT dtype; stable interpreter; no precision override""]",,,97.0,21468.0,default_attack_off_f32,"[""neuralsat"",""data/vnncomp2026/cifar100_2024/1.0/onnx/CIFAR100_resnet_medium.onnx"",""data/vnncomp2026/cifar100_2024/1.0/vnnlib/CIFAR100_resnet_medium_prop_idx_2921_sidx_3619_eps_0.0039.vnnlib"",100.0,""default_attack_off_f32""]",
cifar100_2024,78,CIFAR100_resnet_medium.onnx,CIFAR100_resnet_medium_prop_idx_955_sidx_7389_eps_0.0039.vnnlib,timeout,100.3699,TIMEOUT,0,100.0,100.3699,102.844,0,102.92256224155426,1,0,,,not a FALSIFIED row,0,scratch/logs/fse2026/neuralsat/cifar100_2024/00078_22db59005ba6c8e18bfb_00w9yyrk.log,c5097698a32a6dc04d176dcf72b61a931b89cdac,"{""attack"": {""attack_off"": true, ""overrides"": [""--disable_attack""]}, ""deviations"": [""GRB_LICENSE_FILE unset (run_instance.sh sets ~/gurobi.lic; no license on this machine, gurobipy size-limited pip license)"", ""attack-off (user decision D20): --disable_attack""], ""mapping"": ""default"", ""official"": ""vnncomp_scripts/run_instance.sh defaults (no per-family config)"", ""variant"": ""default""}","[""GRB_LICENSE_FILE unset (run_instance.sh sets ~/gurobi.lic; no license on this machine, gurobipy size-limited pip license)"", ""attack-off (user decision D20): --disable_attack"", ""float32 default NeuralSAT dtype; stable interpreter; no precision override""]",,,1.0,11534.0,default_attack_off_f32,"[""neuralsat"",""data/vnncomp2026/cifar100_2024/1.0/onnx/CIFAR100_resnet_medium.onnx"",""data/vnncomp2026/cifar100_2024/1.0/vnnlib/CIFAR100_resnet_medium_prop_idx_955_sidx_7389_eps_0.0039.vnnlib"",100.0,""default_attack_off_f32""]",
cifar100_2024,79,CIFAR100_resnet_medium.onnx,CIFAR100_resnet_medium_prop_idx_4164_sidx_3458_eps_0.0039.vnnlib,timeout,100.4408,TIMEOUT,0,100.0,100.4408,102.668,0,102.75079898349941,1,0,,,not a FALSIFIED row,0,scratch/logs/fse2026/neuralsat/cifar100_2024/00079_6ad31668ed38794453ff_7rp6inlw.log,c5097698a32a6dc04d176dcf72b61a931b89cdac,"{""attack"": {""attack_off"": true, ""overrides"": [""--disable_attack""]}, ""deviations"": [""GRB_LICENSE_FILE unset (run_instance.sh sets ~/gurobi.lic; no license on this machine, gurobipy size-limited pip license)"", ""attack-off (user decision D20): --disable_attack""], ""mapping"": ""default"", ""official"": ""vnncomp_scripts/run_instance.sh defaults (no per-family config)"", ""variant"": ""default""}","[""GRB_LICENSE_FILE unset (run_instance.sh sets ~/gurobi.lic; no license on this machine, gurobipy size-limited pip license)"", ""attack-off (user decision D20): --disable_attack"", ""float32 default NeuralSAT dtype; stable interpreter; no precision override""]",,,0.0,11534.0,default_attack_off_f32,"[""neuralsat"",""data/vnncomp2026/cifar100_2024/1.0/onnx/CIFAR100_resnet_medium.onnx"",""data/vnncomp2026/cifar100_2024/1.0/vnnlib/CIFAR100_resnet_medium_prop_idx_4164_sidx_3458_eps_0.0039.vnnlib"",100.0,""default_attack_off_f32""]",
cifar100_2024,80,CIFAR100_resnet_medium.onnx,CIFAR100_resnet_medium_prop_idx_4731_sidx_3010_eps_0.0039.vnnlib,timeout,101.0285,TIMEOUT,0,100.0,101.0285,103.41,0,103.487589687109,1,0,,,not a FALSIFIED row,0,scratch/logs/fse2026/neuralsat/cifar100_2024/00080_18cd9edd8dd426fa6cf1_33eah49t.log,c5097698a32a6dc04d176dcf72b61a931b89cdac,"{""attack"": {""attack_off"": true, ""overrides"": [""--disable_attack""]}, ""deviations"": [""GRB_LICENSE_FILE unset (run_instance.sh sets ~/gurobi.lic; no license on this machine, gurobipy size-limited pip license)"", ""attack-off (user decision D20): --disable_attack""], ""mapping"": ""default"", ""official"": ""vnncomp_scripts/run_instance.sh defaults (no per-family config)"", ""variant"": ""default""}","[""GRB_LICENSE_FILE unset (run_instance.sh sets ~/gurobi.lic; no license on this machine, gurobipy size-limited pip license)"", ""attack-off (user decision D20): --disable_attack"", ""float32 default NeuralSAT dtype; stable interpreter; no precision override""]",,,27.0,12218.0,default_attack_off_f32,"[""neuralsat"",""data/vnncomp2026/cifar100_2024/1.0/onnx/CIFAR100_resnet_medium.onnx"",""data/vnncomp2026/cifar100_2024/1.0/vnnlib/CIFAR100_resnet_medium_prop_idx_4731_sidx_3010_eps_0.0039.vnnlib"",100.0,""default_attack_off_f32""]",
cifar100_2024,81,CIFAR100_resnet_medium.onnx,CIFAR100_resnet_medium_prop_idx_3883_sidx_8369_eps_0.0039.vnnlib,unsat,29.6022,CERTIFIED,1,100.0,29.6022,31.624,0,31.702712206169963,0,0,,,not a FALSIFIED row,0,scratch/logs/fse2026/neuralsat/cifar100_2024/00081_777172d5deb804f78345_j8ik_ezx.log,c5097698a32a6dc04d176dcf72b61a931b89cdac,"{""attack"": {""attack_off"": true, ""overrides"": [""--disable_attack""]}, ""deviations"": [""GRB_LICENSE_FILE unset (run_instance.sh sets ~/gurobi.lic; no license on this machine, gurobipy size-limited pip license)"", ""attack-off (user decision D20): --disable_attack""], ""mapping"": ""default"", ""official"": ""vnncomp_scripts/run_instance.sh defaults (no per-family config)"", ""variant"": ""default""}","[""GRB_LICENSE_FILE unset (run_instance.sh sets ~/gurobi.lic; no license on this machine, gurobipy size-limited pip license)"", ""attack-off (user decision D20): --disable_attack"", ""float32 default NeuralSAT dtype; stable interpreter; no precision override""]",,,30.0,12220.0,default_attack_off_f32,"[""neuralsat"",""data/vnncomp2026/cifar100_2024/1.0/onnx/CIFAR100_resnet_medium.onnx"",""data/vnncomp2026/cifar100_2024/1.0/vnnlib/CIFAR100_resnet_medium_prop_idx_3883_sidx_8369_eps_0.0039.vnnlib"",100.0,""default_attack_off_f32""]",
cifar100_2024,82,CIFAR100_resnet_medium.onnx,CIFAR100_resnet_medium_prop_idx_8188_sidx_1723_eps_0.0039.vnnlib,unsat,16.8924,CERTIFIED,1,100.0,16.8924,18.948,0,19.032810039818287,0,0,,,not a FALSIFIED row,0,scratch/logs/fse2026/neuralsat/cifar100_2024/00082_273ab64013137c8753d1_ankc4h_2.log,c5097698a32a6dc04d176dcf72b61a931b89cdac,"{""attack"": {""attack_off"": true, ""overrides"": [""--disable_attack""]}, ""deviations"": [""GRB_LICENSE_FILE unset (run_instance.sh sets ~/gurobi.lic; no license on this machine, gurobipy size-limited pip license)"", ""attack-off (user decision D20): --disable_attack""], ""mapping"": ""default"", ""official"": ""vnncomp_scripts/run_instance.sh defaults (no per-family config)"", ""variant"": ""default""}","[""GRB_LICENSE_FILE unset (run_instance.sh sets ~/gurobi.lic; no license on this machine, gurobipy size-limited pip license)"", ""attack-off (user decision D20): --disable_attack"", ""float32 default NeuralSAT dtype; stable interpreter; no precision override""]",,,35.0,12886.0,default_attack_off_f32,"[""neuralsat"",""data/vnncomp2026/cifar100_2024/1.0/onnx/CIFAR100_resnet_medium.onnx"",""data/vnncomp2026/cifar100_2024/1.0/vnnlib/CIFAR100_resnet_medium_prop_idx_8188_sidx_1723_eps_0.0039.vnnlib"",100.0,""default_attack_off_f32""]",
cifar100_2024,83,CIFAR100_resnet_medium.onnx,CIFAR100_resnet_medium_prop_idx_2991_sidx_2524_eps_0.0039.vnnlib,timeout,101.7847,TIMEOUT,0,100.0,101.7847,104.061,0,104.13124296627939,1,0,,,not a FALSIFIED row,0,scratch/logs/fse2026/neuralsat/cifar100_2024/00083_1e1c5cc6ad1385b19aa9_jpivk5fd.log,c5097698a32a6dc04d176dcf72b61a931b89cdac,"{""attack"": {""attack_off"": true, ""overrides"": [""--disable_attack""]}, ""deviations"": [""GRB_LICENSE_FILE unset (run_instance.sh sets ~/gurobi.lic; no license on this machine, gurobipy size-limited pip license)"", ""attack-off (user decision D20): --disable_attack""], ""mapping"": ""default"", ""official"": ""vnncomp_scripts/run_instance.sh defaults (no per-family config)"", ""variant"": ""default""}","[""GRB_LICENSE_FILE unset (run_instance.sh sets ~/gurobi.lic; no license on this machine, gurobipy size-limited pip license)"", ""attack-off (user decision D20): --disable_attack"", ""float32 default NeuralSAT dtype; stable interpreter; no precision override""]",,,26.0,17744.0,default_attack_off_f32,"[""neuralsat"",""data/vnncomp2026/cifar100_2024/1.0/onnx/CIFAR100_resnet_medium.onnx"",""data/vnncomp2026/cifar100_2024/1.0/vnnlib/CIFAR100_resnet_medium_prop_idx_2991_sidx_2524_eps_0.0039.vnnlib"",100.0,""default_attack_off_f32""]",
cifar100_2024,84,CIFAR100_resnet_medium.onnx,CIFAR100_resnet_medium_prop_idx_546_sidx_9422_eps_0.0039.vnnlib,unsat,3.9279,CERTIFIED,1,100.0,3.9279,5.827,0,5.905744137242436,0,0,,,not a FALSIFIED row,0,scratch/logs/fse2026/neuralsat/cifar100_2024/00084_3884dd00a198fa773b34_58n4sgdy.log,c5097698a32a6dc04d176dcf72b61a931b89cdac,"{""attack"": {""attack_off"": true, ""overrides"": [""--disable_attack""]}, ""deviations"": [""GRB_LICENSE_FILE unset (run_instance.sh sets ~/gurobi.lic; no license on this machine, gurobipy size-limited pip license)"", ""attack-off (user decision D20): --disable_attack""], ""mapping"": ""default"", ""official"": ""vnncomp_scripts/run_instance.sh defaults (no per-family config)"", ""variant"": ""default""}","[""GRB_LICENSE_FILE unset (run_instance.sh sets ~/gurobi.lic; no license on this machine, gurobipy size-limited pip license)"", ""attack-off (user decision D20): --disable_attack"", ""float32 default NeuralSAT dtype; stable interpreter; no precision override""]",,,25.0,12886.0,default_attack_off_f32,"[""neuralsat"",""data/vnncomp2026/cifar100_2024/1.0/onnx/CIFAR100_resnet_medium.onnx"",""data/vnncomp2026/cifar100_2024/1.0/vnnlib/CIFAR100_resnet_medium_prop_idx_546_sidx_9422_eps_0.0039.vnnlib"",100.0,""default_attack_off_f32""]",
cifar100_2024,85,CIFAR100_resnet_medium.onnx,CIFAR100_resnet_medium_prop_idx_8134_sidx_6598_eps_0.0039.vnnlib,timeout,107.2533,TIMEOUT,0,100.0,107.2533,109.718,0,109.7947161551565,1,0,,,not a FALSIFIED row,0,scratch/logs/fse2026/neuralsat/cifar100_2024/00085_2300e8f658116bda27b8_vvwc7s74.log,c5097698a32a6dc04d176dcf72b61a931b89cdac,"{""attack"": {""attack_off"": true, ""overrides"": [""--disable_attack""]}, ""deviations"": [""GRB_LICENSE_FILE unset (run_instance.sh sets ~/gurobi.lic; no license on this machine, gurobipy size-limited pip license)"", ""attack-off (user decision D20): --disable_attack""], ""mapping"": ""default"", ""official"": ""vnncomp_scripts/run_instance.sh defaults (no per-family config)"", ""variant"": ""default""}","[""GRB_LICENSE_FILE unset (run_instance.sh sets ~/gurobi.lic; no license on this machine, gurobipy size-limited pip license)"", ""attack-off (user decision D20): --disable_attack"", ""float32 default NeuralSAT dtype; stable interpreter; no precision override""]",,,92.0,17442.0,default_attack_off_f32,"[""neuralsat"",""data/vnncomp2026/cifar100_2024/1.0/onnx/CIFAR100_resnet_medium.onnx"",""data/vnncomp2026/cifar100_2024/1.0/vnnlib/CIFAR100_resnet_medium_prop_idx_8134_sidx_6598_eps_0.0039.vnnlib"",100.0,""default_attack_off_f32""]",
cifar100_2024,86,CIFAR100_resnet_medium.onnx,CIFAR100_resnet_medium_prop_idx_4470_sidx_4218_eps_0.0039.vnnlib,unsat,13.6622,CERTIFIED,1,100.0,13.6622,15.902,0,15.986496862024069,0,0,,,not a FALSIFIED row,0,scratch/logs/fse2026/neuralsat/cifar100_2024/00086_b83a0a06503018b884ed_85oi7wb6.log,c5097698a32a6dc04d176dcf72b61a931b89cdac,"{""attack"": {""attack_off"": true, ""overrides"": [""--disable_attack""]}, ""deviations"": [""GRB_LICENSE_FILE unset (run_instance.sh sets ~/gurobi.lic; no license on this machine, gurobipy size-limited pip license)"", ""attack-off (user decision D20): --disable_attack""], ""mapping"": ""default"", ""official"": ""vnncomp_scripts/run_instance.sh defaults (no per-family config)"", ""variant"": ""default""}","[""GRB_LICENSE_FILE unset (run_instance.sh sets ~/gurobi.lic; no license on this machine, gurobipy size-limited pip license)"", ""attack-off (user decision D20): --disable_attack"", ""float32 default NeuralSAT dtype; stable interpreter; no precision override""]",,,28.0,12220.0,default_attack_off_f32,"[""neuralsat"",""data/vnncomp2026/cifar100_2024/1.0/onnx/CIFAR100_resnet_medium.onnx"",""data/vnncomp2026/cifar100_2024/1.0/vnnlib/CIFAR100_resnet_medium_prop_idx_4470_sidx_4218_eps_0.0039.vnnlib"",100.0,""default_attack_off_f32""]",
cifar100_2024,87,CIFAR100_resnet_medium.onnx,CIFAR100_resnet_medium_prop_idx_7500_sidx_40_eps_0.0039.vnnlib,unsat,13.434,CERTIFIED,1,100.0,13.434,15.658,0,15.782136023044586,0,0,,,not a FALSIFIED row,0,scratch/logs/fse2026/neuralsat/cifar100_2024/00087_0af98bf59ba6ba8ae5f1_gegkjl1z.log,c5097698a32a6dc04d176dcf72b61a931b89cdac,"{""attack"": {""attack_off"": true, ""overrides"": [""--disable_attack""]}, ""deviations"": [""GRB_LICENSE_FILE unset (run_instance.sh sets ~/gurobi.lic; no license on this machine, gurobipy size-limited pip license)"", ""attack-off (user decision D20): --disable_attack""], ""mapping"": ""default"", ""official"": ""vnncomp_scripts/run_instance.sh defaults (no per-family config)"", ""variant"": ""default""}","[""GRB_LICENSE_FILE unset (run_instance.sh sets ~/gurobi.lic; no license on this machine, gurobipy size-limited pip license)"", ""attack-off (user decision D20): --disable_attack"", ""float32 default NeuralSAT dtype; stable interpreter; no precision override""]",,,29.0,12220.0,default_attack_off_f32,"[""neuralsat"",""data/vnncomp2026/cifar100_2024/1.0/onnx/CIFAR100_resnet_medium.onnx"",""data/vnncomp2026/cifar100_2024/1.0/vnnlib/CIFAR100_resnet_medium_prop_idx_7500_sidx_40_eps_0.0039.vnnlib"",100.0,""default_attack_off_f32""]",
cifar100_2024,88,CIFAR100_resnet_medium.onnx,CIFAR100_resnet_medium_prop_idx_8629_sidx_338_eps_0.0039.vnnlib,unsat,11.9994,CERTIFIED,1,100.0,11.9994,14.141,0,14.2354936003685,0,0,,,not a FALSIFIED row,0,scratch/logs/fse2026/neuralsat/cifar100_2024/00088_3fe0ac31dbd421ac3ef2_9kxkbor7.log,c5097698a32a6dc04d176dcf72b61a931b89cdac,"{""attack"": {""attack_off"": true, ""overrides"": [""--disable_attack""]}, ""deviations"": [""GRB_LICENSE_FILE unset (run_instance.sh sets ~/gurobi.lic; no license on this machine, gurobipy size-limited pip license)"", ""attack-off (user decision D20): --disable_attack""], ""mapping"": ""default"", ""official"": ""vnncomp_scripts/run_instance.sh defaults (no per-family config)"", ""variant"": ""default""}","[""GRB_LICENSE_FILE unset (run_instance.sh sets ~/gurobi.lic; no license on this machine, gurobipy size-limited pip license)"", ""attack-off (user decision D20): --disable_attack"", ""float32 default NeuralSAT dtype; stable interpreter; no precision override""]",,,55.0,12220.0,default_attack_off_f32,"[""neuralsat"",""data/vnncomp2026/cifar100_2024/1.0/onnx/CIFAR100_resnet_medium.onnx"",""data/vnncomp2026/cifar100_2024/1.0/vnnlib/CIFAR100_resnet_medium_prop_idx_8629_sidx_338_eps_0.0039.vnnlib"",100.0,""default_attack_off_f32""]",
cifar100_2024,89,CIFAR100_resnet_medium.onnx,CIFAR100_resnet_medium_prop_idx_9655_sidx_5296_eps_0.0039.vnnlib,unsat,9.4918,CERTIFIED,1,100.0,9.4918,11.589,0,11.667021192610264,0,0,,,not a FALSIFIED row,0,scratch/logs/fse2026/neuralsat/cifar100_2024/00089_535dd0b477f0aa4402cd_y5cjhqb6.log,c5097698a32a6dc04d176dcf72b61a931b89cdac,"{""attack"": {""attack_off"": true, ""overrides"": [""--disable_attack""]}, ""deviations"": [""GRB_LICENSE_FILE unset (run_instance.sh sets ~/gurobi.lic; no license on this machine, gurobipy size-limited pip license)"", ""attack-off (user decision D20): --disable_attack""], ""mapping"": ""default"", ""official"": ""vnncomp_scripts/run_instance.sh defaults (no per-family config)"", ""variant"": ""default""}","[""GRB_LICENSE_FILE unset (run_instance.sh sets ~/gurobi.lic; no license on this machine, gurobipy size-limited pip license)"", ""attack-off (user decision D20): --disable_attack"", ""float32 default NeuralSAT dtype; stable interpreter; no precision override""]",,,83.0,17122.0,default_attack_off_f32,"[""neuralsat"",""data/vnncomp2026/cifar100_2024/1.0/onnx/CIFAR100_resnet_medium.onnx"",""data/vnncomp2026/cifar100_2024/1.0/vnnlib/CIFAR100_resnet_medium_prop_idx_9655_sidx_5296_eps_0.0039.vnnlib"",100.0,""default_attack_off_f32""]",
cifar100_2024,90,CIFAR100_resnet_medium.onnx,CIFAR100_resnet_medium_prop_idx_7202_sidx_1740_eps_0.0039.vnnlib,unsat,9.4215,CERTIFIED,1,100.0,9.4215,11.49,0,11.574085073545575,0,0,,,not a FALSIFIED row,0,scratch/logs/fse2026/neuralsat/cifar100_2024/00090_3a9e76b6d2f999d62aab_6wodqk_x.log,c5097698a32a6dc04d176dcf72b61a931b89cdac,"{""attack"": {""attack_off"": true, ""overrides"": [""--disable_attack""]}, ""deviations"": [""GRB_LICENSE_FILE unset (run_instance.sh sets ~/gurobi.lic; no license on this machine, gurobipy size-limited pip license)"", ""attack-off (user decision D20): --disable_attack""], ""mapping"": ""default"", ""official"": ""vnncomp_scripts/run_instance.sh defaults (no per-family config)"", ""variant"": ""default""}","[""GRB_LICENSE_FILE unset (run_instance.sh sets ~/gurobi.lic; no license on this machine, gurobipy size-limited pip license)"", ""attack-off (user decision D20): --disable_attack"", ""float32 default NeuralSAT dtype; stable interpreter; no precision override""]",,,92.0,17884.0,default_attack_off_f32,"[""neuralsat"",""data/vnncomp2026/cifar100_2024/1.0/onnx/CIFAR100_resnet_medium.onnx"",""data/vnncomp2026/cifar100_2024/1.0/vnnlib/CIFAR100_resnet_medium_prop_idx_7202_sidx_1740_eps_0.0039.vnnlib"",100.0,""default_attack_off_f32""]",
cifar100_2024,91,CIFAR100_resnet_medium.onnx,CIFAR100_resnet_medium_prop_idx_8366_sidx_3983_eps_0.0039.vnnlib,unsat,10.6214,CERTIFIED,1,100.0,10.6214,12.641,0,12.72296946682036,0,0,,,not a FALSIFIED row,0,scratch/logs/fse2026/neuralsat/cifar100_2024/00091_7f4427aecc9e73c89e25_3f01bvjb.log,c5097698a32a6dc04d176dcf72b61a931b89cdac,"{""attack"": {""attack_off"": true, ""overrides"": [""--disable_attack""]}, ""deviations"": [""GRB_LICENSE_FILE unset (run_instance.sh sets ~/gurobi.lic; no license on this machine, gurobipy size-limited pip license)"", ""attack-off (user decision D20): --disable_attack""], ""mapping"": ""default"", ""official"": ""vnncomp_scripts/run_instance.sh defaults (no per-family config)"", ""variant"": ""default""}","[""GRB_LICENSE_FILE unset (run_instance.sh sets ~/gurobi.lic; no license on this machine, gurobipy size-limited pip license)"", ""attack-off (user decision D20): --disable_attack"", ""float32 default NeuralSAT dtype; stable interpreter; no precision override""]",,,27.0,12218.0,default_attack_off_f32,"[""neuralsat"",""data/vnncomp2026/cifar100_2024/1.0/onnx/CIFAR100_resnet_medium.onnx"",""data/vnncomp2026/cifar100_2024/1.0/vnnlib/CIFAR100_resnet_medium_prop_idx_8366_sidx_3983_eps_0.0039.vnnlib"",100.0,""default_attack_off_f32""]",
cifar100_2024,92,CIFAR100_resnet_medium.onnx,CIFAR100_resnet_medium_prop_idx_5382_sidx_4518_eps_0.0039.vnnlib,timeout,102.649,TIMEOUT,0,100.0,102.649,105.326,0,105.39858022332191,1,0,,,not a FALSIFIED row,0,scratch/logs/fse2026/neuralsat/cifar100_2024/00092_72baa2d9aa7f59d1e8ea_ccbju_98.log,c5097698a32a6dc04d176dcf72b61a931b89cdac,"{""attack"": {""attack_off"": true, ""overrides"": [""--disable_attack""]}, ""deviations"": [""GRB_LICENSE_FILE unset (run_instance.sh sets ~/gurobi.lic; no license on this machine, gurobipy size-limited pip license)"", ""attack-off (user decision D20): --disable_attack""], ""mapping"": ""default"", ""official"": ""vnncomp_scripts/run_instance.sh defaults (no per-family config)"", ""variant"": ""default""}","[""GRB_LICENSE_FILE unset (run_instance.sh sets ~/gurobi.lic; no license on this machine, gurobipy size-limited pip license)"", ""attack-off (user decision D20): --disable_attack"", ""float32 default NeuralSAT dtype; stable interpreter; no precision override""]",,,27.0,12218.0,default_attack_off_f32,"[""neuralsat"",""data/vnncomp2026/cifar100_2024/1.0/onnx/CIFAR100_resnet_medium.onnx"",""data/vnncomp2026/cifar100_2024/1.0/vnnlib/CIFAR100_resnet_medium_prop_idx_5382_sidx_4518_eps_0.0039.vnnlib"",100.0,""default_attack_off_f32""]",
cifar100_2024,93,CIFAR100_resnet_medium.onnx,CIFAR100_resnet_medium_prop_idx_2525_sidx_2978_eps_0.0039.vnnlib,unsat,10.675,CERTIFIED,1,100.0,10.675,12.687,0,12.769244471564889,0,0,,,not a FALSIFIED row,0,scratch/logs/fse2026/neuralsat/cifar100_2024/00093_5d43d60842640402c3b8_a3coc0vu.log,c5097698a32a6dc04d176dcf72b61a931b89cdac,"{""attack"": {""attack_off"": true, ""overrides"": [""--disable_attack""]}, ""deviations"": [""GRB_LICENSE_FILE unset (run_instance.sh sets ~/gurobi.lic; no license on this machine, gurobipy size-limited pip license)"", ""attack-off (user decision D20): --disable_attack""], ""mapping"": ""default"", ""official"": ""vnncomp_scripts/run_instance.sh defaults (no per-family config)"", ""variant"": ""default""}","[""GRB_LICENSE_FILE unset (run_instance.sh sets ~/gurobi.lic; no license on this machine, gurobipy size-limited pip license)"", ""attack-off (user decision D20): --disable_attack"", ""float32 default NeuralSAT dtype; stable interpreter; no precision override""]",,,27.0,12220.0,default_attack_off_f32,"[""neuralsat"",""data/vnncomp2026/cifar100_2024/1.0/onnx/CIFAR100_resnet_medium.onnx"",""data/vnncomp2026/cifar100_2024/1.0/vnnlib/CIFAR100_resnet_medium_prop_idx_2525_sidx_2978_eps_0.0039.vnnlib"",100.0,""default_attack_off_f32""]",
cifar100_2024,94,CIFAR100_resnet_medium.onnx,CIFAR100_resnet_medium_prop_idx_7914_sidx_5010_eps_0.0039.vnnlib,timeout,103.8069,TIMEOUT,0,100.0,103.8069,106.075,0,106.1681001689285,1,0,,,not a FALSIFIED row,0,scratch/logs/fse2026/neuralsat/cifar100_2024/00094_6967de307b456b626994_9fdp27lz.log,c5097698a32a6dc04d176dcf72b61a931b89cdac,"{""attack"": {""attack_off"": true, ""overrides"": [""--disable_attack""]}, ""deviations"": [""GRB_LICENSE_FILE unset (run_instance.sh sets ~/gurobi.lic; no license on this machine, gurobipy size-limited pip license)"", ""attack-off (user decision D20): --disable_attack""], ""mapping"": ""default"", ""official"": ""vnncomp_scripts/run_instance.sh defaults (no per-family config)"", ""variant"": ""default""}","[""GRB_LICENSE_FILE unset (run_instance.sh sets ~/gurobi.lic; no license on this machine, gurobipy size-limited pip license)"", ""attack-off (user decision D20): --disable_attack"", ""float32 default NeuralSAT dtype; stable interpreter; no precision override""]",,,17.0,17222.0,default_attack_off_f32,"[""neuralsat"",""data/vnncomp2026/cifar100_2024/1.0/onnx/CIFAR100_resnet_medium.onnx"",""data/vnncomp2026/cifar100_2024/1.0/vnnlib/CIFAR100_resnet_medium_prop_idx_7914_sidx_5010_eps_0.0039.vnnlib"",100.0,""default_attack_off_f32""]",
cifar100_2024,95,CIFAR100_resnet_medium.onnx,CIFAR100_resnet_medium_prop_idx_6578_sidx_4058_eps_0.0039.vnnlib,timeout,103.4873,TIMEOUT,0,100.0,103.4873,105.812,0,105.8944018445909,1,0,,,not a FALSIFIED row,0,scratch/logs/fse2026/neuralsat/cifar100_2024/00095_25e9a66aed2a403aba0d_sfrtocqa.log,c5097698a32a6dc04d176dcf72b61a931b89cdac,"{""attack"": {""attack_off"": true, ""overrides"": [""--disable_attack""]}, ""deviations"": [""GRB_LICENSE_FILE unset (run_instance.sh sets ~/gurobi.lic; no license on this machine, gurobipy size-limited pip license)"", ""attack-off (user decision D20): --disable_attack""], ""mapping"": ""default"", ""official"": ""vnncomp_scripts/run_instance.sh defaults (no per-family config)"", ""variant"": ""default""}","[""GRB_LICENSE_FILE unset (run_instance.sh sets ~/gurobi.lic; no license on this machine, gurobipy size-limited pip license)"", ""attack-off (user decision D20): --disable_attack"", ""float32 default NeuralSAT dtype; stable interpreter; no precision override""]",,,0.0,11534.0,default_attack_off_f32,"[""neuralsat"",""data/vnncomp2026/cifar100_2024/1.0/onnx/CIFAR100_resnet_medium.onnx"",""data/vnncomp2026/cifar100_2024/1.0/vnnlib/CIFAR100_resnet_medium_prop_idx_6578_sidx_4058_eps_0.0039.vnnlib"",100.0,""default_attack_off_f32""]",
cifar100_2024,96,CIFAR100_resnet_medium.onnx,CIFAR100_resnet_medium_prop_idx_6448_sidx_4171_eps_0.0039.vnnlib,unsat,21.06,CERTIFIED,1,100.0,21.06,23.058,0,23.13929739035666,0,0,,,not a FALSIFIED row,0,scratch/logs/fse2026/neuralsat/cifar100_2024/00096_5e317a8fbbac11983b03_myhj3o_j.log,c5097698a32a6dc04d176dcf72b61a931b89cdac,"{""attack"": {""attack_off"": true, ""overrides"": [""--disable_attack""]}, ""deviations"": [""GRB_LICENSE_FILE unset (run_instance.sh sets ~/gurobi.lic; no license on this machine, gurobipy size-limited pip license)"", ""attack-off (user decision D20): --disable_attack""], ""mapping"": ""default"", ""official"": ""vnncomp_scripts/run_instance.sh defaults (no per-family config)"", ""variant"": ""default""}","[""GRB_LICENSE_FILE unset (run_instance.sh sets ~/gurobi.lic; no license on this machine, gurobipy size-limited pip license)"", ""attack-off (user decision D20): --disable_attack"", ""float32 default NeuralSAT dtype; stable interpreter; no precision override""]",,,0.0,11534.0,default_attack_off_f32,"[""neuralsat"",""data/vnncomp2026/cifar100_2024/1.0/onnx/CIFAR100_resnet_medium.onnx"",""data/vnncomp2026/cifar100_2024/1.0/vnnlib/CIFAR100_resnet_medium_prop_idx_6448_sidx_4171_eps_0.0039.vnnlib"",100.0,""default_attack_off_f32""]",
cifar100_2024,97,CIFAR100_resnet_medium.onnx,CIFAR100_resnet_medium_prop_idx_3731_sidx_4544_eps_0.0039.vnnlib,timeout,104.0081,TIMEOUT,0,100.0,104.0081,106.466,0,106.5518345553428,1,0,,,not a FALSIFIED row,0,scratch/logs/fse2026/neuralsat/cifar100_2024/00097_195639d0693642b297bf_c5wh8nxh.log,c5097698a32a6dc04d176dcf72b61a931b89cdac,"{""attack"": {""attack_off"": true, ""overrides"": [""--disable_attack""]}, ""deviations"": [""GRB_LICENSE_FILE unset (run_instance.sh sets ~/gurobi.lic; no license on this machine, gurobipy size-limited pip license)"", ""attack-off (user decision D20): --disable_attack""], ""mapping"": ""default"", ""official"": ""vnncomp_scripts/run_instance.sh defaults (no per-family config)"", ""variant"": ""default""}","[""GRB_LICENSE_FILE unset (run_instance.sh sets ~/gurobi.lic; no license on this machine, gurobipy size-limited pip license)"", ""attack-off (user decision D20): --disable_attack"", ""float32 default NeuralSAT dtype; stable interpreter; no precision override""]",,,14.0,11534.0,default_attack_off_f32,"[""neuralsat"",""data/vnncomp2026/cifar100_2024/1.0/onnx/CIFAR100_resnet_medium.onnx"",""data/vnncomp2026/cifar100_2024/1.0/vnnlib/CIFAR100_resnet_medium_prop_idx_3731_sidx_4544_eps_0.0039.vnnlib"",100.0,""default_attack_off_f32""]",
cifar100_2024,98,CIFAR100_resnet_medium.onnx,CIFAR100_resnet_medium_prop_idx_1798_sidx_1061_eps_0.0039.vnnlib,unsat,11.4085,CERTIFIED,1,100.0,11.4085,13.488,0,13.57164441421628,0,0,,,not a FALSIFIED row,0,scratch/logs/fse2026/neuralsat/cifar100_2024/00098_aa6a546018b4e3450470_k54xh6en.log,c5097698a32a6dc04d176dcf72b61a931b89cdac,"{""attack"": {""attack_off"": true, ""overrides"": [""--disable_attack""]}, ""deviations"": [""GRB_LICENSE_FILE unset (run_instance.sh sets ~/gurobi.lic; no license on this machine, gurobipy size-limited pip license)"", ""attack-off (user decision D20): --disable_attack""], ""mapping"": ""default"", ""official"": ""vnncomp_scripts/run_instance.sh defaults (no per-family config)"", ""variant"": ""default""}","[""GRB_LICENSE_FILE unset (run_instance.sh sets ~/gurobi.lic; no license on this machine, gurobipy size-limited pip license)"", ""attack-off (user decision D20): --disable_attack"", ""float32 default NeuralSAT dtype; stable interpreter; no precision override""]",,,0.0,11534.0,default_attack_off_f32,"[""neuralsat"",""data/vnncomp2026/cifar100_2024/1.0/onnx/CIFAR100_resnet_medium.onnx"",""data/vnncomp2026/cifar100_2024/1.0/vnnlib/CIFAR100_resnet_medium_prop_idx_1798_sidx_1061_eps_0.0039.vnnlib"",100.0,""default_attack_off_f32""]",
cifar100_2024,99,CIFAR100_resnet_medium.onnx,CIFAR100_resnet_medium_prop_idx_2037_sidx_8492_eps_0.0039.vnnlib,unsat,8.5007,CERTIFIED,1,100.0,8.5007,10.533,0,10.61750227957964,0,0,,,not a FALSIFIED row,0,scratch/logs/fse2026/neuralsat/cifar100_2024/00099_2b9a54d185bde98eb64f_9840o1bg.log,c5097698a32a6dc04d176dcf72b61a931b89cdac,"{""attack"": {""attack_off"": true, ""overrides"": [""--disable_attack""]}, ""deviations"": [""GRB_LICENSE_FILE unset (run_instance.sh sets ~/gurobi.lic; no license on this machine, gurobipy size-limited pip license)"", ""attack-off (user decision D20): --disable_attack""], ""mapping"": ""default"", ""official"": ""vnncomp_scripts/run_instance.sh defaults (no per-family config)"", ""variant"": ""default""}","[""GRB_LICENSE_FILE unset (run_instance.sh sets ~/gurobi.lic; no license on this machine, gurobipy size-limited pip license)"", ""attack-off (user decision D20): --disable_attack"", ""float32 default NeuralSAT dtype; stable interpreter; no precision override""]",,,1.0,11534.0,default_attack_off_f32,"[""neuralsat"",""data/vnncomp2026/cifar100_2024/1.0/onnx/CIFAR100_resnet_medium.onnx"",""data/vnncomp2026/cifar100_2024/1.0/vnnlib/CIFAR100_resnet_medium_prop_idx_2037_sidx_8492_eps_0.0039.vnnlib"",100.0,""default_attack_off_f32""]",
cifar100_2024,100,CIFAR100_resnet_large.onnx,CIFAR100_resnet_large_prop_idx_7397_sidx_9274_eps_0.0039.vnnlib,unsat,18.2075,CERTIFIED,1,100.0,18.2075,20.402,0,20.483985854312778,0,0,,,not a FALSIFIED row,0,scratch/logs/fse2026/neuralsat/cifar100_2024/00100_ad50ead0321059398dec_d8tstphg.log,c5097698a32a6dc04d176dcf72b61a931b89cdac,"{""attack"": {""attack_off"": true, ""overrides"": [""--disable_attack""]}, ""deviations"": [""GRB_LICENSE_FILE unset (run_instance.sh sets ~/gurobi.lic; no license on this machine, gurobipy size-limited pip license)"", ""attack-off (user decision D20): --disable_attack""], ""mapping"": ""default"", ""official"": ""vnncomp_scripts/run_instance.sh defaults (no per-family config)"", ""variant"": ""default""}","[""GRB_LICENSE_FILE unset (run_instance.sh sets ~/gurobi.lic; no license on this machine, gurobipy size-limited pip license)"", ""attack-off (user decision D20): --disable_attack"", ""float32 default NeuralSAT dtype; stable interpreter; no precision override""]",,,7.0,11534.0,default_attack_off_f32,"[""neuralsat"",""data/vnncomp2026/cifar100_2024/1.0/onnx/CIFAR100_resnet_large.onnx"",""data/vnncomp2026/cifar100_2024/1.0/vnnlib/CIFAR100_resnet_large_prop_idx_7397_sidx_9274_eps_0.0039.vnnlib"",100.0,""default_attack_off_f32""]",
cifar100_2024,101,CIFAR100_resnet_large.onnx,CIFAR100_resnet_large_prop_idx_9084_sidx_6195_eps_0.0039.vnnlib,unsat,5.9578,CERTIFIED,1,100.0,5.9578,7.878,0,7.953874638304114,0,0,,,not a FALSIFIED row,0,scratch/logs/fse2026/neuralsat/cifar100_2024/00101_dd20ee62cf8cf47871bb__dcv8a62.log,c5097698a32a6dc04d176dcf72b61a931b89cdac,"{""attack"": {""attack_off"": true, ""overrides"": [""--disable_attack""]}, ""deviations"": [""GRB_LICENSE_FILE unset (run_instance.sh sets ~/gurobi.lic; no license on this machine, gurobipy size-limited pip license)"", ""attack-off (user decision D20): --disable_attack""], ""mapping"": ""default"", ""official"": ""vnncomp_scripts/run_instance.sh defaults (no per-family config)"", ""variant"": ""default""}","[""GRB_LICENSE_FILE unset (run_instance.sh sets ~/gurobi.lic; no license on this machine, gurobipy size-limited pip license)"", ""attack-off (user decision D20): --disable_attack"", ""float32 default NeuralSAT dtype; stable interpreter; no precision override""]",,,2.0,11534.0,default_attack_off_f32,"[""neuralsat"",""data/vnncomp2026/cifar100_2024/1.0/onnx/CIFAR100_resnet_large.onnx"",""data/vnncomp2026/cifar100_2024/1.0/vnnlib/CIFAR100_resnet_large_prop_idx_9084_sidx_6195_eps_0.0039.vnnlib"",100.0,""default_attack_off_f32""]",
cifar100_2024,102,CIFAR100_resnet_large.onnx,CIFAR100_resnet_large_prop_idx_415_sidx_6188_eps_0.0039.vnnlib,unsat,66.1414,CERTIFIED,1,100.0,66.1414,68.441,0,68.51969555206597,0,0,,,not a FALSIFIED row,0,scratch/logs/fse2026/neuralsat/cifar100_2024/00102_6fd3dbfa6d463acef262_bt9_inzw.log,c5097698a32a6dc04d176dcf72b61a931b89cdac,"{""attack"": {""attack_off"": true, ""overrides"": [""--disable_attack""]}, ""deviations"": [""GRB_LICENSE_FILE unset (run_instance.sh sets ~/gurobi.lic; no license on this machine, gurobipy size-limited pip license)"", ""attack-off (user decision D20): --disable_attack""], ""mapping"": ""default"", ""official"": ""vnncomp_scripts/run_instance.sh defaults (no per-family config)"", ""variant"": ""default""}","[""GRB_LICENSE_FILE unset (run_instance.sh sets ~/gurobi.lic; no license on this machine, gurobipy size-limited pip license)"", ""attack-off (user decision D20): --disable_attack"", ""float32 default NeuralSAT dtype; stable interpreter; no precision override""]",,,0.0,11534.0,default_attack_off_f32,"[""neuralsat"",""data/vnncomp2026/cifar100_2024/1.0/onnx/CIFAR100_resnet_large.onnx"",""data/vnncomp2026/cifar100_2024/1.0/vnnlib/CIFAR100_resnet_large_prop_idx_415_sidx_6188_eps_0.0039.vnnlib"",100.0,""default_attack_off_f32""]",
cifar100_2024,103,CIFAR100_resnet_large.onnx,CIFAR100_resnet_large_prop_idx_2441_sidx_6205_eps_0.0039.vnnlib,timeout,104.4175,TIMEOUT,0,100.0,104.4175,107.47,0,107.5647405385971,1,0,,,not a FALSIFIED row,0,scratch/logs/fse2026/neuralsat/cifar100_2024/00103_a844a96d282511f677b5_1087fpen.log,c5097698a32a6dc04d176dcf72b61a931b89cdac,"{""attack"": {""attack_off"": true, ""overrides"": [""--disable_attack""]}, ""deviations"": [""GRB_LICENSE_FILE unset (run_instance.sh sets ~/gurobi.lic; no license on this machine, gurobipy size-limited pip license)"", ""attack-off (user decision D20): --disable_attack""], ""mapping"": ""default"", ""official"": ""vnncomp_scripts/run_instance.sh defaults (no per-family config)"", ""variant"": ""default""}","[""GRB_LICENSE_FILE unset (run_instance.sh sets ~/gurobi.lic; no license on this machine, gurobipy size-limited pip license)"", ""attack-off (user decision D20): --disable_attack"", ""float32 default NeuralSAT dtype; stable interpreter; no precision override""]",,,0.0,34.0,default_attack_off_f32,"[""neuralsat"",""data/vnncomp2026/cifar100_2024/1.0/onnx/CIFAR100_resnet_large.onnx"",""data/vnncomp2026/cifar100_2024/1.0/vnnlib/CIFAR100_resnet_large_prop_idx_2441_sidx_6205_eps_0.0039.vnnlib"",100.0,""default_attack_off_f32""]",
cifar100_2024,104,CIFAR100_resnet_large.onnx,CIFAR100_resnet_large_prop_idx_518_sidx_9236_eps_0.0039.vnnlib,timeout,104.3151,TIMEOUT,0,100.0,104.3151,106.566,0,106.64825657568872,1,0,,,not a FALSIFIED row,0,scratch/logs/fse2026/neuralsat/cifar100_2024/00104_4573a1358fc3a59f852a_ysu7q5zl.log,c5097698a32a6dc04d176dcf72b61a931b89cdac,"{""attack"": {""attack_off"": true, ""overrides"": [""--disable_attack""]}, ""deviations"": [""GRB_LICENSE_FILE unset (run_instance.sh sets ~/gurobi.lic; no license on this machine, gurobipy size-limited pip license)"", ""attack-off (user decision D20): --disable_attack""], ""mapping"": ""default"", ""official"": ""vnncomp_scripts/run_instance.sh defaults (no per-family config)"", ""variant"": ""default""}","[""GRB_LICENSE_FILE unset (run_instance.sh sets ~/gurobi.lic; no license on this machine, gurobipy size-limited pip license)"", ""attack-off (user decision D20): --disable_attack"", ""float32 default NeuralSAT dtype; stable interpreter; no precision override""]",,,0.0,34.0,default_attack_off_f32,"[""neuralsat"",""data/vnncomp2026/cifar100_2024/1.0/onnx/CIFAR100_resnet_large.onnx"",""data/vnncomp2026/cifar100_2024/1.0/vnnlib/CIFAR100_resnet_large_prop_idx_518_sidx_9236_eps_0.0039.vnnlib"",100.0,""default_attack_off_f32""]",
cifar100_2024,105,CIFAR100_resnet_large.onnx,CIFAR100_resnet_large_prop_idx_426_sidx_9266_eps_0.0039.vnnlib,timeout,105.709,TIMEOUT,0,100.0,105.709,107.875,0,107.99773381650448,1,0,,,not a FALSIFIED row,0,scratch/logs/fse2026/neuralsat/cifar100_2024/00105_8c50ed5a4c66f85c4957_achgml8s.log,c5097698a32a6dc04d176dcf72b61a931b89cdac,"{""attack"": {""attack_off"": true, ""overrides"": [""--disable_attack""]}, ""deviations"": [""GRB_LICENSE_FILE unset (run_instance.sh sets ~/gurobi.lic; no license on this machine, gurobipy size-limited pip license)"", ""attack-off (user decision D20): --disable_attack""], ""mapping"": ""default"", ""official"": ""vnncomp_scripts/run_instance.sh defaults (no per-family config)"", ""variant"": ""default""}","[""GRB_LICENSE_FILE unset (run_instance.sh sets ~/gurobi.lic; no license on this machine, gurobipy size-limited pip license)"", ""attack-off (user decision D20): --disable_attack"", ""float32 default NeuralSAT dtype; stable interpreter; no precision override""]",,,0.0,34.0,default_attack_off_f32,"[""neuralsat"",""data/vnncomp2026/cifar100_2024/1.0/onnx/CIFAR100_resnet_large.onnx"",""data/vnncomp2026/cifar100_2024/1.0/vnnlib/CIFAR100_resnet_large_prop_idx_426_sidx_9266_eps_0.0039.vnnlib"",100.0,""default_attack_off_f32""]",
cifar100_2024,106,CIFAR100_resnet_large.onnx,CIFAR100_resnet_large_prop_idx_1372_sidx_9800_eps_0.0039.vnnlib,timeout,102.8425,TIMEOUT,0,100.0,102.8425,106.26,0,106.34910000674427,1,0,,,not a FALSIFIED row,0,scratch/logs/fse2026/neuralsat/cifar100_2024/00106_757f1b351173b4a9b2b3_asmi64xi.log,c5097698a32a6dc04d176dcf72b61a931b89cdac,"{""attack"": {""attack_off"": true, ""overrides"": [""--disable_attack""]}, ""deviations"": [""GRB_LICENSE_FILE unset (run_instance.sh sets ~/gurobi.lic; no license on this machine, gurobipy size-limited pip license)"", ""attack-off (user decision D20): --disable_attack""], ""mapping"": ""default"", ""official"": ""vnncomp_scripts/run_instance.sh defaults (no per-family config)"", ""variant"": ""default""}","[""GRB_LICENSE_FILE unset (run_instance.sh sets ~/gurobi.lic; no license on this machine, gurobipy size-limited pip license)"", ""attack-off (user decision D20): --disable_attack"", ""float32 default NeuralSAT dtype; stable interpreter; no precision override""]",,,0.0,34.0,default_attack_off_f32,"[""neuralsat"",""data/vnncomp2026/cifar100_2024/1.0/onnx/CIFAR100_resnet_large.onnx"",""data/vnncomp2026/cifar100_2024/1.0/vnnlib/CIFAR100_resnet_large_prop_idx_1372_sidx_9800_eps_0.0039.vnnlib"",100.0,""default_attack_off_f32""]",
cifar100_2024,107,CIFAR100_resnet_large.onnx,CIFAR100_resnet_large_prop_idx_8650_sidx_4818_eps_0.0039.vnnlib,unsat,39.939,CERTIFIED,1,100.0,39.939,42.095,0,42.17238926514983,0,0,,,not a FALSIFIED row,0,scratch/logs/fse2026/neuralsat/cifar100_2024/00107_39023d2fb8ac7db745a1_znrku6ky.log,c5097698a32a6dc04d176dcf72b61a931b89cdac,"{""attack"": {""attack_off"": true, ""overrides"": [""--disable_attack""]}, ""deviations"": [""GRB_LICENSE_FILE unset (run_instance.sh sets ~/gurobi.lic; no license on this machine, gurobipy size-limited pip license)"", ""attack-off (user decision D20): --disable_attack""], ""mapping"": ""default"", ""official"": ""vnncomp_scripts/run_instance.sh defaults (no per-family config)"", ""variant"": ""default""}","[""GRB_LICENSE_FILE unset (run_instance.sh sets ~/gurobi.lic; no license on this machine, gurobipy size-limited pip license)"", ""attack-off (user decision D20): --disable_attack"", ""float32 default NeuralSAT dtype; stable interpreter; no precision override""]",,,0.0,34.0,default_attack_off_f32,"[""neuralsat"",""data/vnncomp2026/cifar100_2024/1.0/onnx/CIFAR100_resnet_large.onnx"",""data/vnncomp2026/cifar100_2024/1.0/vnnlib/CIFAR100_resnet_large_prop_idx_8650_sidx_4818_eps_0.0039.vnnlib"",100.0,""default_attack_off_f32""]",
cifar100_2024,108,CIFAR100_resnet_large.onnx,CIFAR100_resnet_large_prop_idx_1323_sidx_3225_eps_0.0039.vnnlib,unsat,27.2584,CERTIFIED,1,100.0,27.2584,29.42,0,29.50089393928647,0,0,,,not a FALSIFIED row,0,scratch/logs/fse2026/neuralsat/cifar100_2024/00108_216f17b4983489e4bce5_c_qidgfv.log,c5097698a32a6dc04d176dcf72b61a931b89cdac,"{""attack"": {""attack_off"": true, ""overrides"": [""--disable_attack""]}, ""deviations"": [""GRB_LICENSE_FILE unset (run_instance.sh sets ~/gurobi.lic; no license on this machine, gurobipy size-limited pip license)"", ""attack-off (user decision D20): --disable_attack""], ""mapping"": ""default"", ""official"": ""vnncomp_scripts/run_instance.sh defaults (no per-family config)"", ""variant"": ""default""}","[""GRB_LICENSE_FILE unset (run_instance.sh sets ~/gurobi.lic; no license on this machine, gurobipy size-limited pip license)"", ""attack-off (user decision D20): --disable_attack"", ""float32 default NeuralSAT dtype; stable interpreter; no precision override""]",,,0.0,34.0,default_attack_off_f32,"[""neuralsat"",""data/vnncomp2026/cifar100_2024/1.0/onnx/CIFAR100_resnet_large.onnx"",""data/vnncomp2026/cifar100_2024/1.0/vnnlib/CIFAR100_resnet_large_prop_idx_1323_sidx_3225_eps_0.0039.vnnlib"",100.0,""default_attack_off_f32""]",
cifar100_2024,109,CIFAR100_resnet_large.onnx,CIFAR100_resnet_large_prop_idx_6945_sidx_8937_eps_0.0039.vnnlib,unsat,18.8894,CERTIFIED,1,100.0,18.8894,21.007,0,21.084320712834597,0,0,,,not a FALSIFIED row,0,scratch/logs/fse2026/neuralsat/cifar100_2024/00109_55928400700a726edd7a_vjqxfn6h.log,c5097698a32a6dc04d176dcf72b61a931b89cdac,"{""attack"": {""attack_off"": true, ""overrides"": [""--disable_attack""]}, ""deviations"": [""GRB_LICENSE_FILE unset (run_instance.sh sets ~/gurobi.lic; no license on this machine, gurobipy size-limited pip license)"", ""attack-off (user decision D20): --disable_attack""], ""mapping"": ""default"", ""official"": ""vnncomp_scripts/run_instance.sh defaults (no per-family config)"", ""variant"": ""default""}","[""GRB_LICENSE_FILE unset (run_instance.sh sets ~/gurobi.lic; no license on this machine, gurobipy size-limited pip license)"", ""attack-off (user decision D20): --disable_attack"", ""float32 default NeuralSAT dtype; stable interpreter; no precision override""]",,,0.0,34.0,default_attack_off_f32,"[""neuralsat"",""data/vnncomp2026/cifar100_2024/1.0/onnx/CIFAR100_resnet_large.onnx"",""data/vnncomp2026/cifar100_2024/1.0/vnnlib/CIFAR100_resnet_large_prop_idx_6945_sidx_8937_eps_0.0039.vnnlib"",100.0,""default_attack_off_f32""]",
cifar100_2024,110,CIFAR100_resnet_large.onnx,CIFAR100_resnet_large_prop_idx_675_sidx_3209_eps_0.0039.vnnlib,unsat,4.8094,CERTIFIED,1,100.0,4.8094,6.626,0,6.705877674743533,0,0,,,not a FALSIFIED row,0,scratch/logs/fse2026/neuralsat/cifar100_2024/00110_c278bc4c369b5e281826_tq6sutff.log,c5097698a32a6dc04d176dcf72b61a931b89cdac,"{""attack"": {""attack_off"": true, ""overrides"": [""--disable_attack""]}, ""deviations"": [""GRB_LICENSE_FILE unset (run_instance.sh sets ~/gurobi.lic; no license on this machine, gurobipy size-limited pip license)"", ""attack-off (user decision D20): --disable_attack""], ""mapping"": ""default"", ""official"": ""vnncomp_scripts/run_instance.sh defaults (no per-family config)"", ""variant"": ""default""}","[""GRB_LICENSE_FILE unset (run_instance.sh sets ~/gurobi.lic; no license on this machine, gurobipy size-limited pip license)"", ""attack-off (user decision D20): --disable_attack"", ""float32 default NeuralSAT dtype; stable interpreter; no precision override""]",,,0.0,34.0,default_attack_off_f32,"[""neuralsat"",""data/vnncomp2026/cifar100_2024/1.0/onnx/CIFAR100_resnet_large.onnx"",""data/vnncomp2026/cifar100_2024/1.0/vnnlib/CIFAR100_resnet_large_prop_idx_675_sidx_3209_eps_0.0039.vnnlib"",100.0,""default_attack_off_f32""]",
cifar100_2024,111,CIFAR100_resnet_large.onnx,CIFAR100_resnet_large_prop_idx_1507_sidx_157_eps_0.0039.vnnlib,unsat,4.1246,CERTIFIED,1,100.0,4.1246,5.976,0,6.05696264654398,0,0,,,not a FALSIFIED row,0,scratch/logs/fse2026/neuralsat/cifar100_2024/00111_177e962da9b2e3604a9a_8b10flqo.log,c5097698a32a6dc04d176dcf72b61a931b89cdac,"{""attack"": {""attack_off"": true, ""overrides"": [""--disable_attack""]}, ""deviations"": [""GRB_LICENSE_FILE unset (run_instance.sh sets ~/gurobi.lic; no license on this machine, gurobipy size-limited pip license)"", ""attack-off (user decision D20): --disable_attack""], ""mapping"": ""default"", ""official"": ""vnncomp_scripts/run_instance.sh defaults (no per-family config)"", ""variant"": ""default""}","[""GRB_LICENSE_FILE unset (run_instance.sh sets ~/gurobi.lic; no license on this machine, gurobipy size-limited pip license)"", ""attack-off (user decision D20): --disable_attack"", ""float32 default NeuralSAT dtype; stable interpreter; no precision override""]",,,0.0,34.0,default_attack_off_f32,"[""neuralsat"",""data/vnncomp2026/cifar100_2024/1.0/onnx/CIFAR100_resnet_large.onnx"",""data/vnncomp2026/cifar100_2024/1.0/vnnlib/CIFAR100_resnet_large_prop_idx_1507_sidx_157_eps_0.0039.vnnlib"",100.0,""default_attack_off_f32""]",
cifar100_2024,112,CIFAR100_resnet_large.onnx,CIFAR100_resnet_large_prop_idx_9273_sidx_1655_eps_0.0039.vnnlib,timeout,116.7567,TIMEOUT,0,100.0,116.7567,119.439,0,119.51700792089105,1,0,,,not a FALSIFIED row,0,scratch/logs/fse2026/neuralsat/cifar100_2024/00112_ea262c81ea2bf0940bf0_hm8_4pwk.log,c5097698a32a6dc04d176dcf72b61a931b89cdac,"{""attack"": {""attack_off"": true, ""overrides"": [""--disable_attack""]}, ""deviations"": [""GRB_LICENSE_FILE unset (run_instance.sh sets ~/gurobi.lic; no license on this machine, gurobipy size-limited pip license)"", ""attack-off (user decision D20): --disable_attack""], ""mapping"": ""default"", ""official"": ""vnncomp_scripts/run_instance.sh defaults (no per-family config)"", ""variant"": ""default""}","[""GRB_LICENSE_FILE unset (run_instance.sh sets ~/gurobi.lic; no license on this machine, gurobipy size-limited pip license)"", ""attack-off (user decision D20): --disable_attack"", ""float32 default NeuralSAT dtype; stable interpreter; no precision override""]",,,0.0,34.0,default_attack_off_f32,"[""neuralsat"",""data/vnncomp2026/cifar100_2024/1.0/onnx/CIFAR100_resnet_large.onnx"",""data/vnncomp2026/cifar100_2024/1.0/vnnlib/CIFAR100_resnet_large_prop_idx_9273_sidx_1655_eps_0.0039.vnnlib"",100.0,""default_attack_off_f32""]",
cifar100_2024,113,CIFAR100_resnet_large.onnx,CIFAR100_resnet_large_prop_idx_191_sidx_5326_eps_0.0039.vnnlib,timeout,111.8973,TIMEOUT,0,100.0,111.8973,115.133,0,115.25282867252827,1,0,,,not a FALSIFIED row,0,scratch/logs/fse2026/neuralsat/cifar100_2024/00113_dd1754889893830bab57_2fhsw4ca.log,c5097698a32a6dc04d176dcf72b61a931b89cdac,"{""attack"": {""attack_off"": true, ""overrides"": [""--disable_attack""]}, ""deviations"": [""GRB_LICENSE_FILE unset (run_instance.sh sets ~/gurobi.lic; no license on this machine, gurobipy size-limited pip license)"", ""attack-off (user decision D20): --disable_attack""], ""mapping"": ""default"", ""official"": ""vnncomp_scripts/run_instance.sh defaults (no per-family config)"", ""variant"": ""default""}","[""GRB_LICENSE_FILE unset (run_instance.sh sets ~/gurobi.lic; no license on this machine, gurobipy size-limited pip license)"", ""attack-off (user decision D20): --disable_attack"", ""float32 default NeuralSAT dtype; stable interpreter; no precision override""]",,,2.0,34.0,default_attack_off_f32,"[""neuralsat"",""data/vnncomp2026/cifar100_2024/1.0/onnx/CIFAR100_resnet_large.onnx"",""data/vnncomp2026/cifar100_2024/1.0/vnnlib/CIFAR100_resnet_large_prop_idx_191_sidx_5326_eps_0.0039.vnnlib"",100.0,""default_attack_off_f32""]",
cifar100_2024,114,CIFAR100_resnet_large.onnx,CIFAR100_resnet_large_prop_idx_9330_sidx_2275_eps_0.0039.vnnlib,timeout,117.8059,TIMEOUT,0,100.0,117.8059,121.095,0,121.23237817920744,1,0,,,not a FALSIFIED row,0,scratch/logs/fse2026/neuralsat/cifar100_2024/00114_064fb78b2f327bbde4d2_0nqtvqsv.log,c5097698a32a6dc04d176dcf72b61a931b89cdac,"{""attack"": {""attack_off"": true, ""overrides"": [""--disable_attack""]}, ""deviations"": [""GRB_LICENSE_FILE unset (run_instance.sh sets ~/gurobi.lic; no license on this machine, gurobipy size-limited pip license)"", ""attack-off (user decision D20): --disable_attack""], ""mapping"": ""default"", ""official"": ""vnncomp_scripts/run_instance.sh defaults (no per-family config)"", ""variant"": ""default""}","[""GRB_LICENSE_FILE unset (run_instance.sh sets ~/gurobi.lic; no license on this machine, gurobipy size-limited pip license)"", ""attack-off (user decision D20): --disable_attack"", ""float32 default NeuralSAT dtype; stable interpreter; no precision override""]",,,0.0,34.0,default_attack_off_f32,"[""neuralsat"",""data/vnncomp2026/cifar100_2024/1.0/onnx/CIFAR100_resnet_large.onnx"",""data/vnncomp2026/cifar100_2024/1.0/vnnlib/CIFAR100_resnet_large_prop_idx_9330_sidx_2275_eps_0.0039.vnnlib"",100.0,""default_attack_off_f32""]",
cifar100_2024,115,CIFAR100_resnet_large.onnx,CIFAR100_resnet_large_prop_idx_8463_sidx_5538_eps_0.0039.vnnlib,unsat,25.6674,CERTIFIED,1,100.0,25.6674,28.017,0,28.091399604454637,0,0,,,not a FALSIFIED row,0,scratch/logs/fse2026/neuralsat/cifar100_2024/00115_829d4caa12557a534096_7qzk30qe.log,c5097698a32a6dc04d176dcf72b61a931b89cdac,"{""attack"": {""attack_off"": true, ""overrides"": [""--disable_attack""]}, ""deviations"": [""GRB_LICENSE_FILE unset (run_instance.sh sets ~/gurobi.lic; no license on this machine, gurobipy size-limited pip license)"", ""attack-off (user decision D20): --disable_attack""], ""mapping"": ""default"", ""official"": ""vnncomp_scripts/run_instance.sh defaults (no per-family config)"", ""variant"": ""default""}","[""GRB_LICENSE_FILE unset (run_instance.sh sets ~/gurobi.lic; no license on this machine, gurobipy size-limited pip license)"", ""attack-off (user decision D20): --disable_attack"", ""float32 default NeuralSAT dtype; stable interpreter; no precision override""]",,,0.0,34.0,default_attack_off_f32,"[""neuralsat"",""data/vnncomp2026/cifar100_2024/1.0/onnx/CIFAR100_resnet_large.onnx"",""data/vnncomp2026/cifar100_2024/1.0/vnnlib/CIFAR100_resnet_large_prop_idx_8463_sidx_5538_eps_0.0039.vnnlib"",100.0,""default_attack_off_f32""]",
cifar100_2024,116,CIFAR100_resnet_large.onnx,CIFAR100_resnet_large_prop_idx_2491_sidx_7263_eps_0.0039.vnnlib,timeout,103.3845,TIMEOUT,0,100.0,103.3845,106.667,0,106.74797701835632,1,0,,,not a FALSIFIED row,0,scratch/logs/fse2026/neuralsat/cifar100_2024/00116_71cda1eeb89802ef2638_0nv43cbp.log,c5097698a32a6dc04d176dcf72b61a931b89cdac,"{""attack"": {""attack_off"": true, ""overrides"": [""--disable_attack""]}, ""deviations"": [""GRB_LICENSE_FILE unset (run_instance.sh sets ~/gurobi.lic; no license on this machine, gurobipy size-limited pip license)"", ""attack-off (user decision D20): --disable_attack""], ""mapping"": ""default"", ""official"": ""vnncomp_scripts/run_instance.sh defaults (no per-family config)"", ""variant"": ""default""}","[""GRB_LICENSE_FILE unset (run_instance.sh sets ~/gurobi.lic; no license on this machine, gurobipy size-limited pip license)"", ""attack-off (user decision D20): --disable_attack"", ""float32 default NeuralSAT dtype; stable interpreter; no precision override""]",,,2.0,34.0,default_attack_off_f32,"[""neuralsat"",""data/vnncomp2026/cifar100_2024/1.0/onnx/CIFAR100_resnet_large.onnx"",""data/vnncomp2026/cifar100_2024/1.0/vnnlib/CIFAR100_resnet_large_prop_idx_2491_sidx_7263_eps_0.0039.vnnlib"",100.0,""default_attack_off_f32""]",
cifar100_2024,117,CIFAR100_resnet_large.onnx,CIFAR100_resnet_large_prop_idx_8799_sidx_6095_eps_0.0039.vnnlib,unsat,29.7201,CERTIFIED,1,100.0,29.7201,31.924,0,32.00693501345813,0,0,,,not a FALSIFIED row,0,scratch/logs/fse2026/neuralsat/cifar100_2024/00117_5f4714a4101faa9c27ba_q5j366qx.log,c5097698a32a6dc04d176dcf72b61a931b89cdac,"{""attack"": {""attack_off"": true, ""overrides"": [""--disable_attack""]}, ""deviations"": [""GRB_LICENSE_FILE unset (run_instance.sh sets ~/gurobi.lic; no license on this machine, gurobipy size-limited pip license)"", ""attack-off (user decision D20): --disable_attack""], ""mapping"": ""default"", ""official"": ""vnncomp_scripts/run_instance.sh defaults (no per-family config)"", ""variant"": ""default""}","[""GRB_LICENSE_FILE unset (run_instance.sh sets ~/gurobi.lic; no license on this machine, gurobipy size-limited pip license)"", ""attack-off (user decision D20): --disable_attack"", ""float32 default NeuralSAT dtype; stable interpreter; no precision override""]",,,0.0,34.0,default_attack_off_f32,"[""neuralsat"",""data/vnncomp2026/cifar100_2024/1.0/onnx/CIFAR100_resnet_large.onnx"",""data/vnncomp2026/cifar100_2024/1.0/vnnlib/CIFAR100_resnet_large_prop_idx_8799_sidx_6095_eps_0.0039.vnnlib"",100.0,""default_attack_off_f32""]",
cifar100_2024,118,CIFAR100_resnet_large.onnx,CIFAR100_resnet_large_prop_idx_1215_sidx_6563_eps_0.0039.vnnlib,unsat,9.2954,CERTIFIED,1,100.0,9.2954,11.485,0,11.563812484964728,0,0,,,not a FALSIFIED row,0,scratch/logs/fse2026/neuralsat/cifar100_2024/00118_143fcb665659a03620e8_etzk03st.log,c5097698a32a6dc04d176dcf72b61a931b89cdac,"{""attack"": {""attack_off"": true, ""overrides"": [""--disable_attack""]}, ""deviations"": [""GRB_LICENSE_FILE unset (run_instance.sh sets ~/gurobi.lic; no license on this machine, gurobipy size-limited pip license)"", ""attack-off (user decision D20): --disable_attack""], ""mapping"": ""default"", ""official"": ""vnncomp_scripts/run_instance.sh defaults (no per-family config)"", ""variant"": ""default""}","[""GRB_LICENSE_FILE unset (run_instance.sh sets ~/gurobi.lic; no license on this machine, gurobipy size-limited pip license)"", ""attack-off (user decision D20): --disable_attack"", ""float32 default NeuralSAT dtype; stable interpreter; no precision override""]",,,3.0,34.0,default_attack_off_f32,"[""neuralsat"",""data/vnncomp2026/cifar100_2024/1.0/onnx/CIFAR100_resnet_large.onnx"",""data/vnncomp2026/cifar100_2024/1.0/vnnlib/CIFAR100_resnet_large_prop_idx_1215_sidx_6563_eps_0.0039.vnnlib"",100.0,""default_attack_off_f32""]",
cifar100_2024,119,CIFAR100_resnet_large.onnx,CIFAR100_resnet_large_prop_idx_4757_sidx_803_eps_0.0039.vnnlib,unsat,20.1019,CERTIFIED,1,100.0,20.1019,22.257,0,22.32855036482215,0,0,,,not a FALSIFIED row,0,scratch/logs/fse2026/neuralsat/cifar100_2024/00119_ac72144a261008722c67_uva4e1tc.log,c5097698a32a6dc04d176dcf72b61a931b89cdac,"{""attack"": {""attack_off"": true, ""overrides"": [""--disable_attack""]}, ""deviations"": [""GRB_LICENSE_FILE unset (run_instance.sh sets ~/gurobi.lic; no license on this machine, gurobipy size-limited pip license)"", ""attack-off (user decision D20): --disable_attack""], ""mapping"": ""default"", ""official"": ""vnncomp_scripts/run_instance.sh defaults (no per-family config)"", ""variant"": ""default""}","[""GRB_LICENSE_FILE unset (run_instance.sh sets ~/gurobi.lic; no license on this machine, gurobipy size-limited pip license)"", ""attack-off (user decision D20): --disable_attack"", ""float32 default NeuralSAT dtype; stable interpreter; no precision override""]",,,0.0,34.0,default_attack_off_f32,"[""neuralsat"",""data/vnncomp2026/cifar100_2024/1.0/onnx/CIFAR100_resnet_large.onnx"",""data/vnncomp2026/cifar100_2024/1.0/vnnlib/CIFAR100_resnet_large_prop_idx_4757_sidx_803_eps_0.0039.vnnlib"",100.0,""default_attack_off_f32""]",
cifar100_2024,120,CIFAR100_resnet_large.onnx,CIFAR100_resnet_large_prop_idx_7553_sidx_145_eps_0.0039.vnnlib,timeout,120.3678,TIMEOUT,0,100.0,120.3678,123.097,0,123.17841607518494,1,0,,,not a FALSIFIED row,0,scratch/logs/fse2026/neuralsat/cifar100_2024/00120_3d4d3f71fc6afa2328ff_h1srkxrw.log,c5097698a32a6dc04d176dcf72b61a931b89cdac,"{""attack"": {""attack_off"": true, ""overrides"": [""--disable_attack""]}, ""deviations"": [""GRB_LICENSE_FILE unset (run_instance.sh sets ~/gurobi.lic; no license on this machine, gurobipy size-limited pip license)"", ""attack-off (user decision D20): --disable_attack""], ""mapping"": ""default"", ""official"": ""vnncomp_scripts/run_instance.sh defaults (no per-family config)"", ""variant"": ""default""}","[""GRB_LICENSE_FILE unset (run_instance.sh sets ~/gurobi.lic; no license on this machine, gurobipy size-limited pip license)"", ""attack-off (user decision D20): --disable_attack"", ""float32 default NeuralSAT dtype; stable interpreter; no precision override""]",,,3.0,34.0,default_attack_off_f32,"[""neuralsat"",""data/vnncomp2026/cifar100_2024/1.0/onnx/CIFAR100_resnet_large.onnx"",""data/vnncomp2026/cifar100_2024/1.0/vnnlib/CIFAR100_resnet_large_prop_idx_7553_sidx_145_eps_0.0039.vnnlib"",100.0,""default_attack_off_f32""]",
cifar100_2024,121,CIFAR100_resnet_large.onnx,CIFAR100_resnet_large_prop_idx_8155_sidx_7520_eps_0.0039.vnnlib,timeout,100.354,TIMEOUT,0,100.0,100.354,102.507,0,102.59366093948483,1,0,,,not a FALSIFIED row,0,scratch/logs/fse2026/neuralsat/cifar100_2024/00121_e389619db3c6019a8db8_nwqh5he5.log,c5097698a32a6dc04d176dcf72b61a931b89cdac,"{""attack"": {""attack_off"": true, ""overrides"": [""--disable_attack""]}, ""deviations"": [""GRB_LICENSE_FILE unset (run_instance.sh sets ~/gurobi.lic; no license on this machine, gurobipy size-limited pip license)"", ""attack-off (user decision D20): --disable_attack""], ""mapping"": ""default"", ""official"": ""vnncomp_scripts/run_instance.sh defaults (no per-family config)"", ""variant"": ""default""}","[""GRB_LICENSE_FILE unset (run_instance.sh sets ~/gurobi.lic; no license on this machine, gurobipy size-limited pip license)"", ""attack-off (user decision D20): --disable_attack"", ""float32 default NeuralSAT dtype; stable interpreter; no precision override""]",,,3.0,34.0,default_attack_off_f32,"[""neuralsat"",""data/vnncomp2026/cifar100_2024/1.0/onnx/CIFAR100_resnet_large.onnx"",""data/vnncomp2026/cifar100_2024/1.0/vnnlib/CIFAR100_resnet_large_prop_idx_8155_sidx_7520_eps_0.0039.vnnlib"",100.0,""default_attack_off_f32""]",
cifar100_2024,122,CIFAR100_resnet_large.onnx,CIFAR100_resnet_large_prop_idx_4877_sidx_1033_eps_0.0039.vnnlib,unsat,16.3554,CERTIFIED,1,100.0,16.3554,18.549,0,18.619925236329436,0,0,,,not a FALSIFIED row,0,scratch/logs/fse2026/neuralsat/cifar100_2024/00122_2aad6fb4c67a1ca36422_yzl5ops8.log,c5097698a32a6dc04d176dcf72b61a931b89cdac,"{""attack"": {""attack_off"": true, ""overrides"": [""--disable_attack""]}, ""deviations"": [""GRB_LICENSE_FILE unset (run_instance.sh sets ~/gurobi.lic; no license on this machine, gurobipy size-limited pip license)"", ""attack-off (user decision D20): --disable_attack""], ""mapping"": ""default"", ""official"": ""vnncomp_scripts/run_instance.sh defaults (no per-family config)"", ""variant"": ""default""}","[""GRB_LICENSE_FILE unset (run_instance.sh sets ~/gurobi.lic; no license on this machine, gurobipy size-limited pip license)"", ""attack-off (user decision D20): --disable_attack"", ""float32 default NeuralSAT dtype; stable interpreter; no precision override""]",,,0.0,34.0,default_attack_off_f32,"[""neuralsat"",""data/vnncomp2026/cifar100_2024/1.0/onnx/CIFAR100_resnet_large.onnx"",""data/vnncomp2026/cifar100_2024/1.0/vnnlib/CIFAR100_resnet_large_prop_idx_4877_sidx_1033_eps_0.0039.vnnlib"",100.0,""default_attack_off_f32""]",
cifar100_2024,123,CIFAR100_resnet_large.onnx,CIFAR100_resnet_large_prop_idx_3002_sidx_6304_eps_0.0039.vnnlib,unsat,21.4704,CERTIFIED,1,100.0,21.4704,23.659,0,23.737017530947924,0,0,,,not a FALSIFIED row,0,scratch/logs/fse2026/neuralsat/cifar100_2024/00123_5352373bee866bcb43de_t56c85m7.log,c5097698a32a6dc04d176dcf72b61a931b89cdac,"{""attack"": {""attack_off"": true, ""overrides"": [""--disable_attack""]}, ""deviations"": [""GRB_LICENSE_FILE unset (run_instance.sh sets ~/gurobi.lic; no license on this machine, gurobipy size-limited pip license)"", ""attack-off (user decision D20): --disable_attack""], ""mapping"": ""default"", ""official"": ""vnncomp_scripts/run_instance.sh defaults (no per-family config)"", ""variant"": ""default""}","[""GRB_LICENSE_FILE unset (run_instance.sh sets ~/gurobi.lic; no license on this machine, gurobipy size-limited pip license)"", ""attack-off (user decision D20): --disable_attack"", ""float32 default NeuralSAT dtype; stable interpreter; no precision override""]",,,0.0,34.0,default_attack_off_f32,"[""neuralsat"",""data/vnncomp2026/cifar100_2024/1.0/onnx/CIFAR100_resnet_large.onnx"",""data/vnncomp2026/cifar100_2024/1.0/vnnlib/CIFAR100_resnet_large_prop_idx_3002_sidx_6304_eps_0.0039.vnnlib"",100.0,""default_attack_off_f32""]",
cifar100_2024,124,CIFAR100_resnet_large.onnx,CIFAR100_resnet_large_prop_idx_768_sidx_2735_eps_0.0039.vnnlib,timeout,110.1611,TIMEOUT,0,100.0,110.1611,112.877,0,112.9687959458679,1,0,,,not a FALSIFIED row,0,scratch/logs/fse2026/neuralsat/cifar100_2024/00124_e6f015636f7aed112eef_1rg3pefa.log,c5097698a32a6dc04d176dcf72b61a931b89cdac,"{""attack"": {""attack_off"": true, ""overrides"": [""--disable_attack""]}, ""deviations"": [""GRB_LICENSE_FILE unset (run_instance.sh sets ~/gurobi.lic; no license on this machine, gurobipy size-limited pip license)"", ""attack-off (user decision D20): --disable_attack""], ""mapping"": ""default"", ""official"": ""vnncomp_scripts/run_instance.sh defaults (no per-family config)"", ""variant"": ""default""}","[""GRB_LICENSE_FILE unset (run_instance.sh sets ~/gurobi.lic; no license on this machine, gurobipy size-limited pip license)"", ""attack-off (user decision D20): --disable_attack"", ""float32 default NeuralSAT dtype; stable interpreter; no precision override""]",,,2.0,34.0,default_attack_off_f32,"[""neuralsat"",""data/vnncomp2026/cifar100_2024/1.0/onnx/CIFAR100_resnet_large.onnx"",""data/vnncomp2026/cifar100_2024/1.0/vnnlib/CIFAR100_resnet_large_prop_idx_768_sidx_2735_eps_0.0039.vnnlib"",100.0,""default_attack_off_f32""]",
cifar100_2024,125,CIFAR100_resnet_large.onnx,CIFAR100_resnet_large_prop_idx_6730_sidx_7777_eps_0.0039.vnnlib,timeout,100.2626,TIMEOUT,0,100.0,100.2626,102.867,0,102.97713125683367,1,0,,,not a FALSIFIED row,0,scratch/logs/fse2026/neuralsat/cifar100_2024/00125_0cc8f4c80f79fdb9020c_73nid3fy.log,c5097698a32a6dc04d176dcf72b61a931b89cdac,"{""attack"": {""attack_off"": true, ""overrides"": [""--disable_attack""]}, ""deviations"": [""GRB_LICENSE_FILE unset (run_instance.sh sets ~/gurobi.lic; no license on this machine, gurobipy size-limited pip license)"", ""attack-off (user decision D20): --disable_attack""], ""mapping"": ""default"", ""official"": ""vnncomp_scripts/run_instance.sh defaults (no per-family config)"", ""variant"": ""default""}","[""GRB_LICENSE_FILE unset (run_instance.sh sets ~/gurobi.lic; no license on this machine, gurobipy size-limited pip license)"", ""attack-off (user decision D20): --disable_attack"", ""float32 default NeuralSAT dtype; stable interpreter; no precision override""]",,,3.0,34.0,default_attack_off_f32,"[""neuralsat"",""data/vnncomp2026/cifar100_2024/1.0/onnx/CIFAR100_resnet_large.onnx"",""data/vnncomp2026/cifar100_2024/1.0/vnnlib/CIFAR100_resnet_large_prop_idx_6730_sidx_7777_eps_0.0039.vnnlib"",100.0,""default_attack_off_f32""]",
cifar100_2024,126,CIFAR100_resnet_large.onnx,CIFAR100_resnet_large_prop_idx_6820_sidx_4213_eps_0.0039.vnnlib,timeout,100.3715,TIMEOUT,0,100.0,100.3715,103.058,0,103.14065770618618,1,0,,,not a FALSIFIED row,0,scratch/logs/fse2026/neuralsat/cifar100_2024/00126_e933c5bf71fba5006602_mb5loiy8.log,c5097698a32a6dc04d176dcf72b61a931b89cdac,"{""attack"": {""attack_off"": true, ""overrides"": [""--disable_attack""]}, ""deviations"": [""GRB_LICENSE_FILE unset (run_instance.sh sets ~/gurobi.lic; no license on this machine, gurobipy size-limited pip license)"", ""attack-off (user decision D20): --disable_attack""], ""mapping"": ""default"", ""official"": ""vnncomp_scripts/run_instance.sh defaults (no per-family config)"", ""variant"": ""default""}","[""GRB_LICENSE_FILE unset (run_instance.sh sets ~/gurobi.lic; no license on this machine, gurobipy size-limited pip license)"", ""attack-off (user decision D20): --disable_attack"", ""float32 default NeuralSAT dtype; stable interpreter; no precision override""]",,,35.0,34.0,default_attack_off_f32,"[""neuralsat"",""data/vnncomp2026/cifar100_2024/1.0/onnx/CIFAR100_resnet_large.onnx"",""data/vnncomp2026/cifar100_2024/1.0/vnnlib/CIFAR100_resnet_large_prop_idx_6820_sidx_4213_eps_0.0039.vnnlib"",100.0,""default_attack_off_f32""]",
cifar100_2024,127,CIFAR100_resnet_large.onnx,CIFAR100_resnet_large_prop_idx_8715_sidx_9282_eps_0.0039.vnnlib,timeout,113.2107,TIMEOUT,0,100.0,113.2107,116.828,0,116.9166072383523,1,0,,,not a FALSIFIED row,0,scratch/logs/fse2026/neuralsat/cifar100_2024/00127_6043278cf0215a7bf4ff_1e4mg747.log,c5097698a32a6dc04d176dcf72b61a931b89cdac,"{""attack"": {""attack_off"": true, ""overrides"": [""--disable_attack""]}, ""deviations"": [""GRB_LICENSE_FILE unset (run_instance.sh sets ~/gurobi.lic; no license on this machine, gurobipy size-limited pip license)"", ""attack-off (user decision D20): --disable_attack""], ""mapping"": ""default"", ""official"": ""vnncomp_scripts/run_instance.sh defaults (no per-family config)"", ""variant"": ""default""}","[""GRB_LICENSE_FILE unset (run_instance.sh sets ~/gurobi.lic; no license on this machine, gurobipy size-limited pip license)"", ""attack-off (user decision D20): --disable_attack"", ""float32 default NeuralSAT dtype; stable interpreter; no precision override""]",,,0.0,34.0,default_attack_off_f32,"[""neuralsat"",""data/vnncomp2026/cifar100_2024/1.0/onnx/CIFAR100_resnet_large.onnx"",""data/vnncomp2026/cifar100_2024/1.0/vnnlib/CIFAR100_resnet_large_prop_idx_8715_sidx_9282_eps_0.0039.vnnlib"",100.0,""default_attack_off_f32""]",
cifar100_2024,128,CIFAR100_resnet_large.onnx,CIFAR100_resnet_large_prop_idx_1590_sidx_2858_eps_0.0039.vnnlib,unsat,83.7786,CERTIFIED,1,100.0,83.7786,86.078,0,86.16582615114748,0,0,,,not a FALSIFIED row,0,scratch/logs/fse2026/neuralsat/cifar100_2024/00128_3876298388dd59184c17_64z7htcn.log,c5097698a32a6dc04d176dcf72b61a931b89cdac,"{""attack"": {""attack_off"": true, ""overrides"": [""--disable_attack""]}, ""deviations"": [""GRB_LICENSE_FILE unset (run_instance.sh sets ~/gurobi.lic; no license on this machine, gurobipy size-limited pip license)"", ""attack-off (user decision D20): --disable_attack""], ""mapping"": ""default"", ""official"": ""vnncomp_scripts/run_instance.sh defaults (no per-family config)"", ""variant"": ""default""}","[""GRB_LICENSE_FILE unset (run_instance.sh sets ~/gurobi.lic; no license on this machine, gurobipy size-limited pip license)"", ""attack-off (user decision D20): --disable_attack"", ""float32 default NeuralSAT dtype; stable interpreter; no precision override""]",,,0.0,11536.0,default_attack_off_f32,"[""neuralsat"",""data/vnncomp2026/cifar100_2024/1.0/onnx/CIFAR100_resnet_large.onnx"",""data/vnncomp2026/cifar100_2024/1.0/vnnlib/CIFAR100_resnet_large_prop_idx_1590_sidx_2858_eps_0.0039.vnnlib"",100.0,""default_attack_off_f32""]",
cifar100_2024,129,CIFAR100_resnet_large.onnx,CIFAR100_resnet_large_prop_idx_4110_sidx_6223_eps_0.0039.vnnlib,timeout,117.4854,TIMEOUT,0,100.0,117.4854,120.549,0,120.63918286375701,1,0,,,not a FALSIFIED row,0,scratch/logs/fse2026/neuralsat/cifar100_2024/00129_c48162374cea0798b8ad_zdq7zurg.log,c5097698a32a6dc04d176dcf72b61a931b89cdac,"{""attack"": {""attack_off"": true, ""overrides"": [""--disable_attack""]}, ""deviations"": [""GRB_LICENSE_FILE unset (run_instance.sh sets ~/gurobi.lic; no license on this machine, gurobipy size-limited pip license)"", ""attack-off (user decision D20): --disable_attack""], ""mapping"": ""default"", ""official"": ""vnncomp_scripts/run_instance.sh defaults (no per-family config)"", ""variant"": ""default""}","[""GRB_LICENSE_FILE unset (run_instance.sh sets ~/gurobi.lic; no license on this machine, gurobipy size-limited pip license)"", ""attack-off (user decision D20): --disable_attack"", ""float32 default NeuralSAT dtype; stable interpreter; no precision override""]",,,0.0,11536.0,default_attack_off_f32,"[""neuralsat"",""data/vnncomp2026/cifar100_2024/1.0/onnx/CIFAR100_resnet_large.onnx"",""data/vnncomp2026/cifar100_2024/1.0/vnnlib/CIFAR100_resnet_large_prop_idx_4110_sidx_6223_eps_0.0039.vnnlib"",100.0,""default_attack_off_f32""]",
cifar100_2024,130,CIFAR100_resnet_large.onnx,CIFAR100_resnet_large_prop_idx_335_sidx_5793_eps_0.0039.vnnlib,unsat,24.7228,CERTIFIED,1,100.0,24.7228,27.42,0,27.55519230850041,0,0,,,not a FALSIFIED row,0,scratch/logs/fse2026/neuralsat/cifar100_2024/00130_c2a2efcf45e76434a4ea_54vmf5am.log,c5097698a32a6dc04d176dcf72b61a931b89cdac,"{""attack"": {""attack_off"": true, ""overrides"": [""--disable_attack""]}, ""deviations"": [""GRB_LICENSE_FILE unset (run_instance.sh sets ~/gurobi.lic; no license on this machine, gurobipy size-limited pip license)"", ""attack-off (user decision D20): --disable_attack""], ""mapping"": ""default"", ""official"": ""vnncomp_scripts/run_instance.sh defaults (no per-family config)"", ""variant"": ""default""}","[""GRB_LICENSE_FILE unset (run_instance.sh sets ~/gurobi.lic; no license on this machine, gurobipy size-limited pip license)"", ""attack-off (user decision D20): --disable_attack"", ""float32 default NeuralSAT dtype; stable interpreter; no precision override""]",,,3.0,11536.0,default_attack_off_f32,"[""neuralsat"",""data/vnncomp2026/cifar100_2024/1.0/onnx/CIFAR100_resnet_large.onnx"",""data/vnncomp2026/cifar100_2024/1.0/vnnlib/CIFAR100_resnet_large_prop_idx_335_sidx_5793_eps_0.0039.vnnlib"",100.0,""default_attack_off_f32""]",
cifar100_2024,131,CIFAR100_resnet_large.onnx,CIFAR100_resnet_large_prop_idx_2630_sidx_1753_eps_0.0039.vnnlib,timeout,110.7385,TIMEOUT,0,100.0,110.7385,114.428,0,114.56865193322301,1,0,,,not a FALSIFIED row,0,scratch/logs/fse2026/neuralsat/cifar100_2024/00131_9786e824a10efd8537ac_ho82m76_.log,c5097698a32a6dc04d176dcf72b61a931b89cdac,"{""attack"": {""attack_off"": true, ""overrides"": [""--disable_attack""]}, ""deviations"": [""GRB_LICENSE_FILE unset (run_instance.sh sets ~/gurobi.lic; no license on this machine, gurobipy size-limited pip license)"", ""attack-off (user decision D20): --disable_attack""], ""mapping"": ""default"", ""official"": ""vnncomp_scripts/run_instance.sh defaults (no per-family config)"", ""variant"": ""default""}","[""GRB_LICENSE_FILE unset (run_instance.sh sets ~/gurobi.lic; no license on this machine, gurobipy size-limited pip license)"", ""attack-off (user decision D20): --disable_attack"", ""float32 default NeuralSAT dtype; stable interpreter; no precision override""]",,,0.0,11536.0,default_attack_off_f32,"[""neuralsat"",""data/vnncomp2026/cifar100_2024/1.0/onnx/CIFAR100_resnet_large.onnx"",""data/vnncomp2026/cifar100_2024/1.0/vnnlib/CIFAR100_resnet_large_prop_idx_2630_sidx_1753_eps_0.0039.vnnlib"",100.0,""default_attack_off_f32""]",
cifar100_2024,132,CIFAR100_resnet_large.onnx,CIFAR100_resnet_large_prop_idx_6098_sidx_7270_eps_0.0039.vnnlib,timeout,108.9527,TIMEOUT,0,100.0,108.9527,111.328,0,111.40120927989483,1,0,,,not a FALSIFIED row,0,scratch/logs/fse2026/neuralsat/cifar100_2024/00132_355526e2cffe1263640c_fthn7anj.log,c5097698a32a6dc04d176dcf72b61a931b89cdac,"{""attack"": {""attack_off"": true, ""overrides"": [""--disable_attack""]}, ""deviations"": [""GRB_LICENSE_FILE unset (run_instance.sh sets ~/gurobi.lic; no license on this machine, gurobipy size-limited pip license)"", ""attack-off (user decision D20): --disable_attack""], ""mapping"": ""default"", ""official"": ""vnncomp_scripts/run_instance.sh defaults (no per-family config)"", ""variant"": ""default""}","[""GRB_LICENSE_FILE unset (run_instance.sh sets ~/gurobi.lic; no license on this machine, gurobipy size-limited pip license)"", ""attack-off (user decision D20): --disable_attack"", ""float32 default NeuralSAT dtype; stable interpreter; no precision override""]",,,0.0,11536.0,default_attack_off_f32,"[""neuralsat"",""data/vnncomp2026/cifar100_2024/1.0/onnx/CIFAR100_resnet_large.onnx"",""data/vnncomp2026/cifar100_2024/1.0/vnnlib/CIFAR100_resnet_large_prop_idx_6098_sidx_7270_eps_0.0039.vnnlib"",100.0,""default_attack_off_f32""]",
cifar100_2024,133,CIFAR100_resnet_large.onnx,CIFAR100_resnet_large_prop_idx_1515_sidx_7413_eps_0.0039.vnnlib,timeout,108.5032,TIMEOUT,0,100.0,108.5032,111.122,0,111.20855775661767,1,0,,,not a FALSIFIED row,0,scratch/logs/fse2026/neuralsat/cifar100_2024/00133_cd8a490dce6457f7d790_o1ksbzmr.log,c5097698a32a6dc04d176dcf72b61a931b89cdac,"{""attack"": {""attack_off"": true, ""overrides"": [""--disable_attack""]}, ""deviations"": [""GRB_LICENSE_FILE unset (run_instance.sh sets ~/gurobi.lic; no license on this machine, gurobipy size-limited pip license)"", ""attack-off (user decision D20): --disable_attack""], ""mapping"": ""default"", ""official"": ""vnncomp_scripts/run_instance.sh defaults (no per-family config)"", ""variant"": ""default""}","[""GRB_LICENSE_FILE unset (run_instance.sh sets ~/gurobi.lic; no license on this machine, gurobipy size-limited pip license)"", ""attack-off (user decision D20): --disable_attack"", ""float32 default NeuralSAT dtype; stable interpreter; no precision override""]",,,0.0,11536.0,default_attack_off_f32,"[""neuralsat"",""data/vnncomp2026/cifar100_2024/1.0/onnx/CIFAR100_resnet_large.onnx"",""data/vnncomp2026/cifar100_2024/1.0/vnnlib/CIFAR100_resnet_large_prop_idx_1515_sidx_7413_eps_0.0039.vnnlib"",100.0,""default_attack_off_f32""]",
cifar100_2024,134,CIFAR100_resnet_large.onnx,CIFAR100_resnet_large_prop_idx_9277_sidx_8093_eps_0.0039.vnnlib,unsat,5.2778,CERTIFIED,1,100.0,5.2778,7.278,0,7.359130991622806,0,0,,,not a FALSIFIED row,0,scratch/logs/fse2026/neuralsat/cifar100_2024/00134_768814c1e61518933cb3_d_ps01pl.log,c5097698a32a6dc04d176dcf72b61a931b89cdac,"{""attack"": {""attack_off"": true, ""overrides"": [""--disable_attack""]}, ""deviations"": [""GRB_LICENSE_FILE unset (run_instance.sh sets ~/gurobi.lic; no license on this machine, gurobipy size-limited pip license)"", ""attack-off (user decision D20): --disable_attack""], ""mapping"": ""default"", ""official"": ""vnncomp_scripts/run_instance.sh defaults (no per-family config)"", ""variant"": ""default""}","[""GRB_LICENSE_FILE unset (run_instance.sh sets ~/gurobi.lic; no license on this machine, gurobipy size-limited pip license)"", ""attack-off (user decision D20): --disable_attack"", ""float32 default NeuralSAT dtype; stable interpreter; no precision override""]",,,0.0,11536.0,default_attack_off_f32,"[""neuralsat"",""data/vnncomp2026/cifar100_2024/1.0/onnx/CIFAR100_resnet_large.onnx"",""data/vnncomp2026/cifar100_2024/1.0/vnnlib/CIFAR100_resnet_large_prop_idx_9277_sidx_8093_eps_0.0039.vnnlib"",100.0,""default_attack_off_f32""]",
cifar100_2024,135,CIFAR100_resnet_large.onnx,CIFAR100_resnet_large_prop_idx_7958_sidx_5322_eps_0.0039.vnnlib,timeout,101.703,TIMEOUT,0,100.0,101.703,104.211,0,104.28700389899313,1,0,,,not a FALSIFIED row,0,scratch/logs/fse2026/neuralsat/cifar100_2024/00135_d34f8b80ff488bc4b9cc_oehle48s.log,c5097698a32a6dc04d176dcf72b61a931b89cdac,"{""attack"": {""attack_off"": true, ""overrides"": [""--disable_attack""]}, ""deviations"": [""GRB_LICENSE_FILE unset (run_instance.sh sets ~/gurobi.lic; no license on this machine, gurobipy size-limited pip license)"", ""attack-off (user decision D20): --disable_attack""], ""mapping"": ""default"", ""official"": ""vnncomp_scripts/run_instance.sh defaults (no per-family config)"", ""variant"": ""default""}","[""GRB_LICENSE_FILE unset (run_instance.sh sets ~/gurobi.lic; no license on this machine, gurobipy size-limited pip license)"", ""attack-off (user decision D20): --disable_attack"", ""float32 default NeuralSAT dtype; stable interpreter; no precision override""]",,,97.0,11536.0,default_attack_off_f32,"[""neuralsat"",""data/vnncomp2026/cifar100_2024/1.0/onnx/CIFAR100_resnet_large.onnx"",""data/vnncomp2026/cifar100_2024/1.0/vnnlib/CIFAR100_resnet_large_prop_idx_7958_sidx_5322_eps_0.0039.vnnlib"",100.0,""default_attack_off_f32""]",
cifar100_2024,136,CIFAR100_resnet_large.onnx,CIFAR100_resnet_large_prop_idx_7827_sidx_3719_eps_0.0039.vnnlib,unsat,37.0018,CERTIFIED,1,100.0,37.0018,39.136,0,39.21044651418924,0,0,,,not a FALSIFIED row,0,scratch/logs/fse2026/neuralsat/cifar100_2024/00136_bc8c45b805ef1d79cfae_s15yefx8.log,c5097698a32a6dc04d176dcf72b61a931b89cdac,"{""attack"": {""attack_off"": true, ""overrides"": [""--disable_attack""]}, ""deviations"": [""GRB_LICENSE_FILE unset (run_instance.sh sets ~/gurobi.lic; no license on this machine, gurobipy size-limited pip license)"", ""attack-off (user decision D20): --disable_attack""], ""mapping"": ""default"", ""official"": ""vnncomp_scripts/run_instance.sh defaults (no per-family config)"", ""variant"": ""default""}","[""GRB_LICENSE_FILE unset (run_instance.sh sets ~/gurobi.lic; no license on this machine, gurobipy size-limited pip license)"", ""attack-off (user decision D20): --disable_attack"", ""float32 default NeuralSAT dtype; stable interpreter; no precision override""]",,,0.0,11536.0,default_attack_off_f32,"[""neuralsat"",""data/vnncomp2026/cifar100_2024/1.0/onnx/CIFAR100_resnet_large.onnx"",""data/vnncomp2026/cifar100_2024/1.0/vnnlib/CIFAR100_resnet_large_prop_idx_7827_sidx_3719_eps_0.0039.vnnlib"",100.0,""default_attack_off_f32""]",
cifar100_2024,137,CIFAR100_resnet_large.onnx,CIFAR100_resnet_large_prop_idx_8257_sidx_5574_eps_0.0039.vnnlib,unsat,10.7434,CERTIFIED,1,100.0,10.7434,12.535,0,12.619019096717238,0,0,,,not a FALSIFIED row,0,scratch/logs/fse2026/neuralsat/cifar100_2024/00137_30354a2a411d7a12f842_q3d7erot.log,c5097698a32a6dc04d176dcf72b61a931b89cdac,"{""attack"": {""attack_off"": true, ""overrides"": [""--disable_attack""]}, ""deviations"": [""GRB_LICENSE_FILE unset (run_instance.sh sets ~/gurobi.lic; no license on this machine, gurobipy size-limited pip license)"", ""attack-off (user decision D20): --disable_attack""], ""mapping"": ""default"", ""official"": ""vnncomp_scripts/run_instance.sh defaults (no per-family config)"", ""variant"": ""default""}","[""GRB_LICENSE_FILE unset (run_instance.sh sets ~/gurobi.lic; no license on this machine, gurobipy size-limited pip license)"", ""attack-off (user decision D20): --disable_attack"", ""float32 default NeuralSAT dtype; stable interpreter; no precision override""]",,,3.0,11536.0,default_attack_off_f32,"[""neuralsat"",""data/vnncomp2026/cifar100_2024/1.0/onnx/CIFAR100_resnet_large.onnx"",""data/vnncomp2026/cifar100_2024/1.0/vnnlib/CIFAR100_resnet_large_prop_idx_8257_sidx_5574_eps_0.0039.vnnlib"",100.0,""default_attack_off_f32""]",
cifar100_2024,138,CIFAR100_resnet_large.onnx,CIFAR100_resnet_large_prop_idx_6827_sidx_2613_eps_0.0039.vnnlib,unsat,23.6844,CERTIFIED,1,100.0,23.6844,25.761,0,25.84197923541069,0,0,,,not a FALSIFIED row,0,scratch/logs/fse2026/neuralsat/cifar100_2024/00138_80fc85327bd8c9a32b0d_zncbq8z4.log,c5097698a32a6dc04d176dcf72b61a931b89cdac,"{""attack"": {""attack_off"": true, ""overrides"": [""--disable_attack""]}, ""deviations"": [""GRB_LICENSE_FILE unset (run_instance.sh sets ~/gurobi.lic; no license on this machine, gurobipy size-limited pip license)"", ""attack-off (user decision D20): --disable_attack""], ""mapping"": ""default"", ""official"": ""vnncomp_scripts/run_instance.sh defaults (no per-family config)"", ""variant"": ""default""}","[""GRB_LICENSE_FILE unset (run_instance.sh sets ~/gurobi.lic; no license on this machine, gurobipy size-limited pip license)"", ""attack-off (user decision D20): --disable_attack"", ""float32 default NeuralSAT dtype; stable interpreter; no precision override""]",,,100.0,11536.0,default_attack_off_f32,"[""neuralsat"",""data/vnncomp2026/cifar100_2024/1.0/onnx/CIFAR100_resnet_large.onnx"",""data/vnncomp2026/cifar100_2024/1.0/vnnlib/CIFAR100_resnet_large_prop_idx_6827_sidx_2613_eps_0.0039.vnnlib"",100.0,""default_attack_off_f32""]",
cifar100_2024,139,CIFAR100_resnet_large.onnx,CIFAR100_resnet_large_prop_idx_8100_sidx_1807_eps_0.0039.vnnlib,timeout,111.4912,TIMEOUT,0,100.0,111.4912,114.274,0,114.35730764642358,1,0,,,not a FALSIFIED row,0,scratch/logs/fse2026/neuralsat/cifar100_2024/00139_d562dde263022943b228_dt4ga1ho.log,c5097698a32a6dc04d176dcf72b61a931b89cdac,"{""attack"": {""attack_off"": true, ""overrides"": [""--disable_attack""]}, ""deviations"": [""GRB_LICENSE_FILE unset (run_instance.sh sets ~/gurobi.lic; no license on this machine, gurobipy size-limited pip license)"", ""attack-off (user decision D20): --disable_attack""], ""mapping"": ""default"", ""official"": ""vnncomp_scripts/run_instance.sh defaults (no per-family config)"", ""variant"": ""default""}","[""GRB_LICENSE_FILE unset (run_instance.sh sets ~/gurobi.lic; no license on this machine, gurobipy size-limited pip license)"", ""attack-off (user decision D20): --disable_attack"", ""float32 default NeuralSAT dtype; stable interpreter; no precision override""]",,,0.0,11536.0,default_attack_off_f32,"[""neuralsat"",""data/vnncomp2026/cifar100_2024/1.0/onnx/CIFAR100_resnet_large.onnx"",""data/vnncomp2026/cifar100_2024/1.0/vnnlib/CIFAR100_resnet_large_prop_idx_8100_sidx_1807_eps_0.0039.vnnlib"",100.0,""default_attack_off_f32""]",
cifar100_2024,140,CIFAR100_resnet_large.onnx,CIFAR100_resnet_large_prop_idx_3188_sidx_7021_eps_0.0039.vnnlib,unsat,91.1092,CERTIFIED,1,100.0,91.1092,93.492,0,93.56104756332934,0,0,,,not a FALSIFIED row,0,scratch/logs/fse2026/neuralsat/cifar100_2024/00140_e67be3e824a2de6b3065_muqc6qjv.log,c5097698a32a6dc04d176dcf72b61a931b89cdac,"{""attack"": {""attack_off"": true, ""overrides"": [""--disable_attack""]}, ""deviations"": [""GRB_LICENSE_FILE unset (run_instance.sh sets ~/gurobi.lic; no license on this machine, gurobipy size-limited pip license)"", ""attack-off (user decision D20): --disable_attack""], ""mapping"": ""default"", ""official"": ""vnncomp_scripts/run_instance.sh defaults (no per-family config)"", ""variant"": ""default""}","[""GRB_LICENSE_FILE unset (run_instance.sh sets ~/gurobi.lic; no license on this machine, gurobipy size-limited pip license)"", ""attack-off (user decision D20): --disable_attack"", ""float32 default NeuralSAT dtype; stable interpreter; no precision override""]",,,0.0,11536.0,default_attack_off_f32,"[""neuralsat"",""data/vnncomp2026/cifar100_2024/1.0/onnx/CIFAR100_resnet_large.onnx"",""data/vnncomp2026/cifar100_2024/1.0/vnnlib/CIFAR100_resnet_large_prop_idx_3188_sidx_7021_eps_0.0039.vnnlib"",100.0,""default_attack_off_f32""]",
cifar100_2024,141,CIFAR100_resnet_large.onnx,CIFAR100_resnet_large_prop_idx_4279_sidx_5930_eps_0.0039.vnnlib,timeout,105.4768,TIMEOUT,0,100.0,105.4768,107.614,0,107.69674366526306,1,0,,,not a FALSIFIED row,0,scratch/logs/fse2026/neuralsat/cifar100_2024/00141_18365326fa18e3d58257_o9pfk4rt.log,c5097698a32a6dc04d176dcf72b61a931b89cdac,"{""attack"": {""attack_off"": true, ""overrides"": [""--disable_attack""]}, ""deviations"": [""GRB_LICENSE_FILE unset (run_instance.sh sets ~/gurobi.lic; no license on this machine, gurobipy size-limited pip license)"", ""attack-off (user decision D20): --disable_attack""], ""mapping"": ""default"", ""official"": ""vnncomp_scripts/run_instance.sh defaults (no per-family config)"", ""variant"": ""default""}","[""GRB_LICENSE_FILE unset (run_instance.sh sets ~/gurobi.lic; no license on this machine, gurobipy size-limited pip license)"", ""attack-off (user decision D20): --disable_attack"", ""float32 default NeuralSAT dtype; stable interpreter; no precision override""]",,,0.0,11536.0,default_attack_off_f32,"[""neuralsat"",""data/vnncomp2026/cifar100_2024/1.0/onnx/CIFAR100_resnet_large.onnx"",""data/vnncomp2026/cifar100_2024/1.0/vnnlib/CIFAR100_resnet_large_prop_idx_4279_sidx_5930_eps_0.0039.vnnlib"",100.0,""default_attack_off_f32""]",
cifar100_2024,142,CIFAR100_resnet_large.onnx,CIFAR100_resnet_large_prop_idx_7631_sidx_4119_eps_0.0039.vnnlib,unsat,3.99,CERTIFIED,1,100.0,3.99,5.774,0,5.855897597968578,0,0,,,not a FALSIFIED row,0,scratch/logs/fse2026/neuralsat/cifar100_2024/00142_e8c5c9e5cf6eb1847d3d_tu6wzsi7.log,c5097698a32a6dc04d176dcf72b61a931b89cdac,"{""attack"": {""attack_off"": true, ""overrides"": [""--disable_attack""]}, ""deviations"": [""GRB_LICENSE_FILE unset (run_instance.sh sets ~/gurobi.lic; no license on this machine, gurobipy size-limited pip license)"", ""attack-off (user decision D20): --disable_attack""], ""mapping"": ""default"", ""official"": ""vnncomp_scripts/run_instance.sh defaults (no per-family config)"", ""variant"": ""default""}","[""GRB_LICENSE_FILE unset (run_instance.sh sets ~/gurobi.lic; no license on this machine, gurobipy size-limited pip license)"", ""attack-off (user decision D20): --disable_attack"", ""float32 default NeuralSAT dtype; stable interpreter; no precision override""]",,,0.0,11536.0,default_attack_off_f32,"[""neuralsat"",""data/vnncomp2026/cifar100_2024/1.0/onnx/CIFAR100_resnet_large.onnx"",""data/vnncomp2026/cifar100_2024/1.0/vnnlib/CIFAR100_resnet_large_prop_idx_7631_sidx_4119_eps_0.0039.vnnlib"",100.0,""default_attack_off_f32""]",
cifar100_2024,143,CIFAR100_resnet_large.onnx,CIFAR100_resnet_large_prop_idx_5586_sidx_80_eps_0.0039.vnnlib,unsat,33.6262,CERTIFIED,1,100.0,33.6262,35.731,0,35.8225266598165,0,0,,,not a FALSIFIED row,0,scratch/logs/fse2026/neuralsat/cifar100_2024/00143_180c1f7c92c98c8ea035_ybc9b6ru.log,c5097698a32a6dc04d176dcf72b61a931b89cdac,"{""attack"": {""attack_off"": true, ""overrides"": [""--disable_attack""]}, ""deviations"": [""GRB_LICENSE_FILE unset (run_instance.sh sets ~/gurobi.lic; no license on this machine, gurobipy size-limited pip license)"", ""attack-off (user decision D20): --disable_attack""], ""mapping"": ""default"", ""official"": ""vnncomp_scripts/run_instance.sh defaults (no per-family config)"", ""variant"": ""default""}","[""GRB_LICENSE_FILE unset (run_instance.sh sets ~/gurobi.lic; no license on this machine, gurobipy size-limited pip license)"", ""attack-off (user decision D20): --disable_attack"", ""float32 default NeuralSAT dtype; stable interpreter; no precision override""]",,,0.0,11536.0,default_attack_off_f32,"[""neuralsat"",""data/vnncomp2026/cifar100_2024/1.0/onnx/CIFAR100_resnet_large.onnx"",""data/vnncomp2026/cifar100_2024/1.0/vnnlib/CIFAR100_resnet_large_prop_idx_5586_sidx_80_eps_0.0039.vnnlib"",100.0,""default_attack_off_f32""]",
cifar100_2024,144,CIFAR100_resnet_large.onnx,CIFAR100_resnet_large_prop_idx_5454_sidx_5540_eps_0.0039.vnnlib,timeout,107.4364,TIMEOUT,0,100.0,107.4364,109.972,0,110.06091129034758,1,0,,,not a FALSIFIED row,0,scratch/logs/fse2026/neuralsat/cifar100_2024/00144_d12de3dd549666bc130a_o1r3upgw.log,c5097698a32a6dc04d176dcf72b61a931b89cdac,"{""attack"": {""attack_off"": true, ""overrides"": [""--disable_attack""]}, ""deviations"": [""GRB_LICENSE_FILE unset (run_instance.sh sets ~/gurobi.lic; no license on this machine, gurobipy size-limited pip license)"", ""attack-off (user decision D20): --disable_attack""], ""mapping"": ""default"", ""official"": ""vnncomp_scripts/run_instance.sh defaults (no per-family config)"", ""variant"": ""default""}","[""GRB_LICENSE_FILE unset (run_instance.sh sets ~/gurobi.lic; no license on this machine, gurobipy size-limited pip license)"", ""attack-off (user decision D20): --disable_attack"", ""float32 default NeuralSAT dtype; stable interpreter; no precision override""]",,,1.0,11536.0,default_attack_off_f32,"[""neuralsat"",""data/vnncomp2026/cifar100_2024/1.0/onnx/CIFAR100_resnet_large.onnx"",""data/vnncomp2026/cifar100_2024/1.0/vnnlib/CIFAR100_resnet_large_prop_idx_5454_sidx_5540_eps_0.0039.vnnlib"",100.0,""default_attack_off_f32""]",
cifar100_2024,145,CIFAR100_resnet_large.onnx,CIFAR100_resnet_large_prop_idx_9214_sidx_3473_eps_0.0039.vnnlib,timeout,113.803,TIMEOUT,0,100.0,113.803,117.482,0,117.56992006115615,1,0,,,not a FALSIFIED row,0,scratch/logs/fse2026/neuralsat/cifar100_2024/00145_5924b1da68c6158b8f9e_u1f8clg2.log,c5097698a32a6dc04d176dcf72b61a931b89cdac,"{""attack"": {""attack_off"": true, ""overrides"": [""--disable_attack""]}, ""deviations"": [""GRB_LICENSE_FILE unset (run_instance.sh sets ~/gurobi.lic; no license on this machine, gurobipy size-limited pip license)"", ""attack-off (user decision D20): --disable_attack""], ""mapping"": ""default"", ""official"": ""vnncomp_scripts/run_instance.sh defaults (no per-family config)"", ""variant"": ""default""}","[""GRB_LICENSE_FILE unset (run_instance.sh sets ~/gurobi.lic; no license on this machine, gurobipy size-limited pip license)"", ""attack-off (user decision D20): --disable_attack"", ""float32 default NeuralSAT dtype; stable interpreter; no precision override""]",,,0.0,11536.0,default_attack_off_f32,"[""neuralsat"",""data/vnncomp2026/cifar100_2024/1.0/onnx/CIFAR100_resnet_large.onnx"",""data/vnncomp2026/cifar100_2024/1.0/vnnlib/CIFAR100_resnet_large_prop_idx_9214_sidx_3473_eps_0.0039.vnnlib"",100.0,""default_attack_off_f32""]",
cifar100_2024,146,CIFAR100_resnet_large.onnx,CIFAR100_resnet_large_prop_idx_7141_sidx_7900_eps_0.0039.vnnlib,unsat,7.0099,CERTIFIED,1,100.0,7.0099,8.83,0,8.91210131533444,0,0,,,not a FALSIFIED row,0,scratch/logs/fse2026/neuralsat/cifar100_2024/00146_87d81e6b3fdf618dd39f_cdtnromv.log,c5097698a32a6dc04d176dcf72b61a931b89cdac,"{""attack"": {""attack_off"": true, ""overrides"": [""--disable_attack""]}, ""deviations"": [""GRB_LICENSE_FILE unset (run_instance.sh sets ~/gurobi.lic; no license on this machine, gurobipy size-limited pip license)"", ""attack-off (user decision D20): --disable_attack""], ""mapping"": ""default"", ""official"": ""vnncomp_scripts/run_instance.sh defaults (no per-family config)"", ""variant"": ""default""}","[""GRB_LICENSE_FILE unset (run_instance.sh sets ~/gurobi.lic; no license on this machine, gurobipy size-limited pip license)"", ""attack-off (user decision D20): --disable_attack"", ""float32 default NeuralSAT dtype; stable interpreter; no precision override""]",,,0.0,11536.0,default_attack_off_f32,"[""neuralsat"",""data/vnncomp2026/cifar100_2024/1.0/onnx/CIFAR100_resnet_large.onnx"",""data/vnncomp2026/cifar100_2024/1.0/vnnlib/CIFAR100_resnet_large_prop_idx_7141_sidx_7900_eps_0.0039.vnnlib"",100.0,""default_attack_off_f32""]",
cifar100_2024,147,CIFAR100_resnet_large.onnx,CIFAR100_resnet_large_prop_idx_2035_sidx_8795_eps_0.0039.vnnlib,unsat,4.6316,CERTIFIED,1,100.0,4.6316,6.425,0,6.506678314879537,0,0,,,not a FALSIFIED row,0,scratch/logs/fse2026/neuralsat/cifar100_2024/00147_2da61edc9f6addd395b7_f278l5gz.log,c5097698a32a6dc04d176dcf72b61a931b89cdac,"{""attack"": {""attack_off"": true, ""overrides"": [""--disable_attack""]}, ""deviations"": [""GRB_LICENSE_FILE unset (run_instance.sh sets ~/gurobi.lic; no license on this machine, gurobipy size-limited pip license)"", ""attack-off (user decision D20): --disable_attack""], ""mapping"": ""default"", ""official"": ""vnncomp_scripts/run_instance.sh defaults (no per-family config)"", ""variant"": ""default""}","[""GRB_LICENSE_FILE unset (run_instance.sh sets ~/gurobi.lic; no license on this machine, gurobipy size-limited pip license)"", ""attack-off (user decision D20): --disable_attack"", ""float32 default NeuralSAT dtype; stable interpreter; no precision override""]",,,83.0,11536.0,default_attack_off_f32,"[""neuralsat"",""data/vnncomp2026/cifar100_2024/1.0/onnx/CIFAR100_resnet_large.onnx"",""data/vnncomp2026/cifar100_2024/1.0/vnnlib/CIFAR100_resnet_large_prop_idx_2035_sidx_8795_eps_0.0039.vnnlib"",100.0,""default_attack_off_f32""]",
cifar100_2024,148,CIFAR100_resnet_large.onnx,CIFAR100_resnet_large_prop_idx_6591_sidx_1416_eps_0.0039.vnnlib,unsat,5.7114,CERTIFIED,1,100.0,5.7114,7.528,0,7.609169535338879,0,0,,,not a FALSIFIED row,0,scratch/logs/fse2026/neuralsat/cifar100_2024/00148_bf063a17fdac7191a54c_yrua5wa2.log,c5097698a32a6dc04d176dcf72b61a931b89cdac,"{""attack"": {""attack_off"": true, ""overrides"": [""--disable_attack""]}, ""deviations"": [""GRB_LICENSE_FILE unset (run_instance.sh sets ~/gurobi.lic; no license on this machine, gurobipy size-limited pip license)"", ""attack-off (user decision D20): --disable_attack""], ""mapping"": ""default"", ""official"": ""vnncomp_scripts/run_instance.sh defaults (no per-family config)"", ""variant"": ""default""}","[""GRB_LICENSE_FILE unset (run_instance.sh sets ~/gurobi.lic; no license on this machine, gurobipy size-limited pip license)"", ""attack-off (user decision D20): --disable_attack"", ""float32 default NeuralSAT dtype; stable interpreter; no precision override""]",,,0.0,11536.0,default_attack_off_f32,"[""neuralsat"",""data/vnncomp2026/cifar100_2024/1.0/onnx/CIFAR100_resnet_large.onnx"",""data/vnncomp2026/cifar100_2024/1.0/vnnlib/CIFAR100_resnet_large_prop_idx_6591_sidx_1416_eps_0.0039.vnnlib"",100.0,""default_attack_off_f32""]",
cifar100_2024,149,CIFAR100_resnet_large.onnx,CIFAR100_resnet_large_prop_idx_2302_sidx_3657_eps_0.0039.vnnlib,unsat,6.0988,CERTIFIED,1,100.0,6.0988,7.879,0,7.958693668246269,0,0,,,not a FALSIFIED row,0,scratch/logs/fse2026/neuralsat/cifar100_2024/00149_85226e30bb6b7f221764_wfvy6fog.log,c5097698a32a6dc04d176dcf72b61a931b89cdac,"{""attack"": {""attack_off"": true, ""overrides"": [""--disable_attack""]}, ""deviations"": [""GRB_LICENSE_FILE unset (run_instance.sh sets ~/gurobi.lic; no license on this machine, gurobipy size-limited pip license)"", ""attack-off (user decision D20): --disable_attack""], ""mapping"": ""default"", ""official"": ""vnncomp_scripts/run_instance.sh defaults (no per-family config)"", ""variant"": ""default""}","[""GRB_LICENSE_FILE unset (run_instance.sh sets ~/gurobi.lic; no license on this machine, gurobipy size-limited pip license)"", ""attack-off (user decision D20): --disable_attack"", ""float32 default NeuralSAT dtype; stable interpreter; no precision override""]",,,0.0,11536.0,default_attack_off_f32,"[""neuralsat"",""data/vnncomp2026/cifar100_2024/1.0/onnx/CIFAR100_resnet_large.onnx"",""data/vnncomp2026/cifar100_2024/1.0/vnnlib/CIFAR100_resnet_large_prop_idx_2302_sidx_3657_eps_0.0039.vnnlib"",100.0,""default_attack_off_f32""]",
cifar100_2024,150,CIFAR100_resnet_large.onnx,CIFAR100_resnet_large_prop_idx_7866_sidx_7980_eps_0.0039.vnnlib,timeout,,TIMEOUT,0,100.0,,130.777,0,130.89475835859776,1,0,,,not a FALSIFIED row,,scratch/logs/fse2026/neuralsat/cifar100_2024/00150_6eb3b66f3c95582627aa_7jcw6n9p.log,c5097698a32a6dc04d176dcf72b61a931b89cdac,"{""attack"": {""attack_off"": true, ""overrides"": [""--disable_attack""]}, ""deviations"": [""GRB_LICENSE_FILE unset (run_instance.sh sets ~/gurobi.lic; no license on this machine, gurobipy size-limited pip license)"", ""attack-off (user decision D20): --disable_attack""], ""mapping"": ""default"", ""official"": ""vnncomp_scripts/run_instance.sh defaults (no per-family config)"", ""variant"": ""default""}","[""GRB_LICENSE_FILE unset (run_instance.sh sets ~/gurobi.lic; no license on this machine, gurobipy size-limited pip license)"", ""attack-off (user decision D20): --disable_attack"", ""float32 default NeuralSAT dtype; stable interpreter; no precision override""]",,,0.0,11536.0,default_attack_off_f32,"[""neuralsat"",""data/vnncomp2026/cifar100_2024/1.0/onnx/CIFAR100_resnet_large.onnx"",""data/vnncomp2026/cifar100_2024/1.0/vnnlib/CIFAR100_resnet_large_prop_idx_7866_sidx_7980_eps_0.0039.vnnlib"",100.0,""default_attack_off_f32""]",
cifar100_2024,151,CIFAR100_resnet_large.onnx,CIFAR100_resnet_large_prop_idx_6269_sidx_6873_eps_0.0039.vnnlib,unsat,19.5889,CERTIFIED,1,100.0,19.5889,21.704,0,21.78656855598092,0,0,,,not a FALSIFIED row,0,scratch/logs/fse2026/neuralsat/cifar100_2024/00151_ec0c258e382e9698c086_se3r_f61.log,c5097698a32a6dc04d176dcf72b61a931b89cdac,"{""attack"": {""attack_off"": true, ""overrides"": [""--disable_attack""]}, ""deviations"": [""GRB_LICENSE_FILE unset (run_instance.sh sets ~/gurobi.lic; no license on this machine, gurobipy size-limited pip license)"", ""attack-off (user decision D20): --disable_attack""], ""mapping"": ""default"", ""official"": ""vnncomp_scripts/run_instance.sh defaults (no per-family config)"", ""variant"": ""default""}","[""GRB_LICENSE_FILE unset (run_instance.sh sets ~/gurobi.lic; no license on this machine, gurobipy size-limited pip license)"", ""attack-off (user decision D20): --disable_attack"", ""float32 default NeuralSAT dtype; stable interpreter; no precision override""]",,,100.0,11536.0,default_attack_off_f32,"[""neuralsat"",""data/vnncomp2026/cifar100_2024/1.0/onnx/CIFAR100_resnet_large.onnx"",""data/vnncomp2026/cifar100_2024/1.0/vnnlib/CIFAR100_resnet_large_prop_idx_6269_sidx_6873_eps_0.0039.vnnlib"",100.0,""default_attack_off_f32""]",
cifar100_2024,152,CIFAR100_resnet_large.onnx,CIFAR100_resnet_large_prop_idx_7836_sidx_6290_eps_0.0039.vnnlib,timeout,100.2572,TIMEOUT,0,100.0,100.2572,103.151,0,103.2365846876055,1,0,,,not a FALSIFIED row,0,scratch/logs/fse2026/neuralsat/cifar100_2024/00152_67fd48624acb7c24b1d6_izukdqpd.log,c5097698a32a6dc04d176dcf72b61a931b89cdac,"{""attack"": {""attack_off"": true, ""overrides"": [""--disable_attack""]}, ""deviations"": [""GRB_LICENSE_FILE unset (run_instance.sh sets ~/gurobi.lic; no license on this machine, gurobipy size-limited pip license)"", ""attack-off (user decision D20): --disable_attack""], ""mapping"": ""default"", ""official"": ""vnncomp_scripts/run_instance.sh defaults (no per-family config)"", ""variant"": ""default""}","[""GRB_LICENSE_FILE unset (run_instance.sh sets ~/gurobi.lic; no license on this machine, gurobipy size-limited pip license)"", ""attack-off (user decision D20): --disable_attack"", ""float32 default NeuralSAT dtype; stable interpreter; no precision override""]",,,0.0,11536.0,default_attack_off_f32,"[""neuralsat"",""data/vnncomp2026/cifar100_2024/1.0/onnx/CIFAR100_resnet_large.onnx"",""data/vnncomp2026/cifar100_2024/1.0/vnnlib/CIFAR100_resnet_large_prop_idx_7836_sidx_6290_eps_0.0039.vnnlib"",100.0,""default_attack_off_f32""]",
cifar100_2024,153,CIFAR100_resnet_large.onnx,CIFAR100_resnet_large_prop_idx_8439_sidx_7803_eps_0.0039.vnnlib,timeout,100.0832,TIMEOUT,0,100.0,100.0832,102.609,0,102.69217181950808,1,0,,,not a FALSIFIED row,0,scratch/logs/fse2026/neuralsat/cifar100_2024/00153_3d6fe99fa9f66aa053d3_az6mq8ud.log,c5097698a32a6dc04d176dcf72b61a931b89cdac,"{""attack"": {""attack_off"": true, ""overrides"": [""--disable_attack""]}, ""deviations"": [""GRB_LICENSE_FILE unset (run_instance.sh sets ~/gurobi.lic; no license on this machine, gurobipy size-limited pip license)"", ""attack-off (user decision D20): --disable_attack""], ""mapping"": ""default"", ""official"": ""vnncomp_scripts/run_instance.sh defaults (no per-family config)"", ""variant"": ""default""}","[""GRB_LICENSE_FILE unset (run_instance.sh sets ~/gurobi.lic; no license on this machine, gurobipy size-limited pip license)"", ""attack-off (user decision D20): --disable_attack"", ""float32 default NeuralSAT dtype; stable interpreter; no precision override""]",,,0.0,11536.0,default_attack_off_f32,"[""neuralsat"",""data/vnncomp2026/cifar100_2024/1.0/onnx/CIFAR100_resnet_large.onnx"",""data/vnncomp2026/cifar100_2024/1.0/vnnlib/CIFAR100_resnet_large_prop_idx_8439_sidx_7803_eps_0.0039.vnnlib"",100.0,""default_attack_off_f32""]",
cifar100_2024,154,CIFAR100_resnet_large.onnx,CIFAR100_resnet_large_prop_idx_8151_sidx_4251_eps_0.0039.vnnlib,timeout,102.4982,TIMEOUT,0,100.0,102.4982,105.17,0,105.2557289171964,1,0,,,not a FALSIFIED row,0,scratch/logs/fse2026/neuralsat/cifar100_2024/00154_953824c7a661a6ab2e53_ex8jq8o2.log,c5097698a32a6dc04d176dcf72b61a931b89cdac,"{""attack"": {""attack_off"": true, ""overrides"": [""--disable_attack""]}, ""deviations"": [""GRB_LICENSE_FILE unset (run_instance.sh sets ~/gurobi.lic; no license on this machine, gurobipy size-limited pip license)"", ""attack-off (user decision D20): --disable_attack""], ""mapping"": ""default"", ""official"": ""vnncomp_scripts/run_instance.sh defaults (no per-family config)"", ""variant"": ""default""}","[""GRB_LICENSE_FILE unset (run_instance.sh sets ~/gurobi.lic; no license on this machine, gurobipy size-limited pip license)"", ""attack-off (user decision D20): --disable_attack"", ""float32 default NeuralSAT dtype; stable interpreter; no precision override""]",,,0.0,11536.0,default_attack_off_f32,"[""neuralsat"",""data/vnncomp2026/cifar100_2024/1.0/onnx/CIFAR100_resnet_large.onnx"",""data/vnncomp2026/cifar100_2024/1.0/vnnlib/CIFAR100_resnet_large_prop_idx_8151_sidx_4251_eps_0.0039.vnnlib"",100.0,""default_attack_off_f32""]",
cifar100_2024,155,CIFAR100_resnet_large.onnx,CIFAR100_resnet_large_prop_idx_3583_sidx_611_eps_0.0039.vnnlib,unsat,16.9577,CERTIFIED,1,100.0,16.9577,19.149,0,19.226997662335634,0,0,,,not a FALSIFIED row,0,scratch/logs/fse2026/neuralsat/cifar100_2024/00155_11e07de7325a017f3e39_v6zyw2fh.log,c5097698a32a6dc04d176dcf72b61a931b89cdac,"{""attack"": {""attack_off"": true, ""overrides"": [""--disable_attack""]}, ""deviations"": [""GRB_LICENSE_FILE unset (run_instance.sh sets ~/gurobi.lic; no license on this machine, gurobipy size-limited pip license)"", ""attack-off (user decision D20): --disable_attack""], ""mapping"": ""default"", ""official"": ""vnncomp_scripts/run_instance.sh defaults (no per-family config)"", ""variant"": ""default""}","[""GRB_LICENSE_FILE unset (run_instance.sh sets ~/gurobi.lic; no license on this machine, gurobipy size-limited pip license)"", ""attack-off (user decision D20): --disable_attack"", ""float32 default NeuralSAT dtype; stable interpreter; no precision override""]",,,0.0,11536.0,default_attack_off_f32,"[""neuralsat"",""data/vnncomp2026/cifar100_2024/1.0/onnx/CIFAR100_resnet_large.onnx"",""data/vnncomp2026/cifar100_2024/1.0/vnnlib/CIFAR100_resnet_large_prop_idx_3583_sidx_611_eps_0.0039.vnnlib"",100.0,""default_attack_off_f32""]",
cifar100_2024,156,CIFAR100_resnet_large.onnx,CIFAR100_resnet_large_prop_idx_4592_sidx_7177_eps_0.0039.vnnlib,unsat,27.9559,CERTIFIED,1,100.0,27.9559,30.071,0,30.151678239926696,0,0,,,not a FALSIFIED row,0,scratch/logs/fse2026/neuralsat/cifar100_2024/00156_d723883d5f7dd79f6835_ycbtdaet.log,c5097698a32a6dc04d176dcf72b61a931b89cdac,"{""attack"": {""attack_off"": true, ""overrides"": [""--disable_attack""]}, ""deviations"": [""GRB_LICENSE_FILE unset (run_instance.sh sets ~/gurobi.lic; no license on this machine, gurobipy size-limited pip license)"", ""attack-off (user decision D20): --disable_attack""], ""mapping"": ""default"", ""official"": ""vnncomp_scripts/run_instance.sh defaults (no per-family config)"", ""variant"": ""default""}","[""GRB_LICENSE_FILE unset (run_instance.sh sets ~/gurobi.lic; no license on this machine, gurobipy size-limited pip license)"", ""attack-off (user decision D20): --disable_attack"", ""float32 default NeuralSAT dtype; stable interpreter; no precision override""]",,,0.0,11536.0,default_attack_off_f32,"[""neuralsat"",""data/vnncomp2026/cifar100_2024/1.0/onnx/CIFAR100_resnet_large.onnx"",""data/vnncomp2026/cifar100_2024/1.0/vnnlib/CIFAR100_resnet_large_prop_idx_4592_sidx_7177_eps_0.0039.vnnlib"",100.0,""default_attack_off_f32""]",
cifar100_2024,157,CIFAR100_resnet_large.onnx,CIFAR100_resnet_large_prop_idx_7037_sidx_7880_eps_0.0039.vnnlib,unsat,4.219,CERTIFIED,1,100.0,4.219,6.075,0,6.1503033470362425,0,0,,,not a FALSIFIED row,0,scratch/logs/fse2026/neuralsat/cifar100_2024/00157_8a052de5be1d32b4064e_0701ks3w.log,c5097698a32a6dc04d176dcf72b61a931b89cdac,"{""attack"": {""attack_off"": true, ""overrides"": [""--disable_attack""]}, ""deviations"": [""GRB_LICENSE_FILE unset (run_instance.sh sets ~/gurobi.lic; no license on this machine, gurobipy size-limited pip license)"", ""attack-off (user decision D20): --disable_attack""], ""mapping"": ""default"", ""official"": ""vnncomp_scripts/run_instance.sh defaults (no per-family config)"", ""variant"": ""default""}","[""GRB_LICENSE_FILE unset (run_instance.sh sets ~/gurobi.lic; no license on this machine, gurobipy size-limited pip license)"", ""attack-off (user decision D20): --disable_attack"", ""float32 default NeuralSAT dtype; stable interpreter; no precision override""]",,,0.0,11536.0,default_attack_off_f32,"[""neuralsat"",""data/vnncomp2026/cifar100_2024/1.0/onnx/CIFAR100_resnet_large.onnx"",""data/vnncomp2026/cifar100_2024/1.0/vnnlib/CIFAR100_resnet_large_prop_idx_7037_sidx_7880_eps_0.0039.vnnlib"",100.0,""default_attack_off_f32""]",
cifar100_2024,158,CIFAR100_resnet_large.onnx,CIFAR100_resnet_large_prop_idx_5425_sidx_3474_eps_0.0039.vnnlib,timeout,111.0822,TIMEOUT,0,100.0,111.0822,114.375,0,114.44952583126724,1,0,,,not a FALSIFIED row,0,scratch/logs/fse2026/neuralsat/cifar100_2024/00158_8710efc99350bee424e1_sy00942m.log,c5097698a32a6dc04d176dcf72b61a931b89cdac,"{""attack"": {""attack_off"": true, ""overrides"": [""--disable_attack""]}, ""deviations"": [""GRB_LICENSE_FILE unset (run_instance.sh sets ~/gurobi.lic; no license on this machine, gurobipy size-limited pip license)"", ""attack-off (user decision D20): --disable_attack""], ""mapping"": ""default"", ""official"": ""vnncomp_scripts/run_instance.sh defaults (no per-family config)"", ""variant"": ""default""}","[""GRB_LICENSE_FILE unset (run_instance.sh sets ~/gurobi.lic; no license on this machine, gurobipy size-limited pip license)"", ""attack-off (user decision D20): --disable_attack"", ""float32 default NeuralSAT dtype; stable interpreter; no precision override""]",,,99.0,11536.0,default_attack_off_f32,"[""neuralsat"",""data/vnncomp2026/cifar100_2024/1.0/onnx/CIFAR100_resnet_large.onnx"",""data/vnncomp2026/cifar100_2024/1.0/vnnlib/CIFAR100_resnet_large_prop_idx_5425_sidx_3474_eps_0.0039.vnnlib"",100.0,""default_attack_off_f32""]",
cifar100_2024,159,CIFAR100_resnet_large.onnx,CIFAR100_resnet_large_prop_idx_9845_sidx_200_eps_0.0039.vnnlib,timeout,102.0553,TIMEOUT,0,100.0,102.0553,105.313,0,105.39378898777068,1,0,,,not a FALSIFIED row,0,scratch/logs/fse2026/neuralsat/cifar100_2024/00159_33ba19f4f5988c42ee0a_52pn6387.log,c5097698a32a6dc04d176dcf72b61a931b89cdac,"{""attack"": {""attack_off"": true, ""overrides"": [""--disable_attack""]}, ""deviations"": [""GRB_LICENSE_FILE unset (run_instance.sh sets ~/gurobi.lic; no license on this machine, gurobipy size-limited pip license)"", ""attack-off (user decision D20): --disable_attack""], ""mapping"": ""default"", ""official"": ""vnncomp_scripts/run_instance.sh defaults (no per-family config)"", ""variant"": ""default""}","[""GRB_LICENSE_FILE unset (run_instance.sh sets ~/gurobi.lic; no license on this machine, gurobipy size-limited pip license)"", ""attack-off (user decision D20): --disable_attack"", ""float32 default NeuralSAT dtype; stable interpreter; no precision override""]",,,0.0,11536.0,default_attack_off_f32,"[""neuralsat"",""data/vnncomp2026/cifar100_2024/1.0/onnx/CIFAR100_resnet_large.onnx"",""data/vnncomp2026/cifar100_2024/1.0/vnnlib/CIFAR100_resnet_large_prop_idx_9845_sidx_200_eps_0.0039.vnnlib"",100.0,""default_attack_off_f32""]",
cifar100_2024,160,CIFAR100_resnet_large.onnx,CIFAR100_resnet_large_prop_idx_3000_sidx_6447_eps_0.0039.vnnlib,unsat,15.921,CERTIFIED,1,100.0,15.921,18.097,0,18.173746140673757,0,0,,,not a FALSIFIED row,0,scratch/logs/fse2026/neuralsat/cifar100_2024/00160_ccbf6f39ecde6c46ba4d_eqqw2vpw.log,c5097698a32a6dc04d176dcf72b61a931b89cdac,"{""attack"": {""attack_off"": true, ""overrides"": [""--disable_attack""]}, ""deviations"": [""GRB_LICENSE_FILE unset (run_instance.sh sets ~/gurobi.lic; no license on this machine, gurobipy size-limited pip license)"", ""attack-off (user decision D20): --disable_attack""], ""mapping"": ""default"", ""official"": ""vnncomp_scripts/run_instance.sh defaults (no per-family config)"", ""variant"": ""default""}","[""GRB_LICENSE_FILE unset (run_instance.sh sets ~/gurobi.lic; no license on this machine, gurobipy size-limited pip license)"", ""attack-off (user decision D20): --disable_attack"", ""float32 default NeuralSAT dtype; stable interpreter; no precision override""]",,,0.0,11536.0,default_attack_off_f32,"[""neuralsat"",""data/vnncomp2026/cifar100_2024/1.0/onnx/CIFAR100_resnet_large.onnx"",""data/vnncomp2026/cifar100_2024/1.0/vnnlib/CIFAR100_resnet_large_prop_idx_3000_sidx_6447_eps_0.0039.vnnlib"",100.0,""default_attack_off_f32""]",
cifar100_2024,161,CIFAR100_resnet_large.onnx,CIFAR100_resnet_large_prop_idx_6280_sidx_9990_eps_0.0039.vnnlib,unsat,78.101,CERTIFIED,1,100.0,78.101,80.364,0,80.44687359966338,0,0,,,not a FALSIFIED row,0,scratch/logs/fse2026/neuralsat/cifar100_2024/00161_ace8109f905681448da3_cplwhf3v.log,c5097698a32a6dc04d176dcf72b61a931b89cdac,"{""attack"": {""attack_off"": true, ""overrides"": [""--disable_attack""]}, ""deviations"": [""GRB_LICENSE_FILE unset (run_instance.sh sets ~/gurobi.lic; no license on this machine, gurobipy size-limited pip license)"", ""attack-off (user decision D20): --disable_attack""], ""mapping"": ""default"", ""official"": ""vnncomp_scripts/run_instance.sh defaults (no per-family config)"", ""variant"": ""default""}","[""GRB_LICENSE_FILE unset (run_instance.sh sets ~/gurobi.lic; no license on this machine, gurobipy size-limited pip license)"", ""attack-off (user decision D20): --disable_attack"", ""float32 default NeuralSAT dtype; stable interpreter; no precision override""]",,,17.0,11536.0,default_attack_off_f32,"[""neuralsat"",""data/vnncomp2026/cifar100_2024/1.0/onnx/CIFAR100_resnet_large.onnx"",""data/vnncomp2026/cifar100_2024/1.0/vnnlib/CIFAR100_resnet_large_prop_idx_6280_sidx_9990_eps_0.0039.vnnlib"",100.0,""default_attack_off_f32""]",
cifar100_2024,162,CIFAR100_resnet_large.onnx,CIFAR100_resnet_large_prop_idx_7120_sidx_5701_eps_0.0039.vnnlib,unsat,83.8858,CERTIFIED,1,100.0,83.8858,86.025,0,86.10233020223677,0,0,,,not a FALSIFIED row,0,scratch/logs/fse2026/neuralsat/cifar100_2024/00162_f34dc8ea91bc01095267_5t8qvq3p.log,c5097698a32a6dc04d176dcf72b61a931b89cdac,"{""attack"": {""attack_off"": true, ""overrides"": [""--disable_attack""]}, ""deviations"": [""GRB_LICENSE_FILE unset (run_instance.sh sets ~/gurobi.lic; no license on this machine, gurobipy size-limited pip license)"", ""attack-off (user decision D20): --disable_attack""], ""mapping"": ""default"", ""official"": ""vnncomp_scripts/run_instance.sh defaults (no per-family config)"", ""variant"": ""default""}","[""GRB_LICENSE_FILE unset (run_instance.sh sets ~/gurobi.lic; no license on this machine, gurobipy size-limited pip license)"", ""attack-off (user decision D20): --disable_attack"", ""float32 default NeuralSAT dtype; stable interpreter; no precision override""]",,,0.0,11536.0,default_attack_off_f32,"[""neuralsat"",""data/vnncomp2026/cifar100_2024/1.0/onnx/CIFAR100_resnet_large.onnx"",""data/vnncomp2026/cifar100_2024/1.0/vnnlib/CIFAR100_resnet_large_prop_idx_7120_sidx_5701_eps_0.0039.vnnlib"",100.0,""default_attack_off_f32""]",
cifar100_2024,163,CIFAR100_resnet_large.onnx,CIFAR100_resnet_large_prop_idx_7974_sidx_1614_eps_0.0039.vnnlib,timeout,103.5976,TIMEOUT,0,100.0,103.5976,106.865,0,106.95120030082762,1,0,,,not a FALSIFIED row,0,scratch/logs/fse2026/neuralsat/cifar100_2024/00163_ea18631df73dac5dead0_k_xn5yrp.log,c5097698a32a6dc04d176dcf72b61a931b89cdac,"{""attack"": {""attack_off"": true, ""overrides"": [""--disable_attack""]}, ""deviations"": [""GRB_LICENSE_FILE unset (run_instance.sh sets ~/gurobi.lic; no license on this machine, gurobipy size-limited pip license)"", ""attack-off (user decision D20): --disable_attack""], ""mapping"": ""default"", ""official"": ""vnncomp_scripts/run_instance.sh defaults (no per-family config)"", ""variant"": ""default""}","[""GRB_LICENSE_FILE unset (run_instance.sh sets ~/gurobi.lic; no license on this machine, gurobipy size-limited pip license)"", ""attack-off (user decision D20): --disable_attack"", ""float32 default NeuralSAT dtype; stable interpreter; no precision override""]",,,0.0,11536.0,default_attack_off_f32,"[""neuralsat"",""data/vnncomp2026/cifar100_2024/1.0/onnx/CIFAR100_resnet_large.onnx"",""data/vnncomp2026/cifar100_2024/1.0/vnnlib/CIFAR100_resnet_large_prop_idx_7974_sidx_1614_eps_0.0039.vnnlib"",100.0,""default_attack_off_f32""]",
cifar100_2024,164,CIFAR100_resnet_large.onnx,CIFAR100_resnet_large_prop_idx_3991_sidx_8049_eps_0.0039.vnnlib,unsat,9.7045,CERTIFIED,1,100.0,9.7045,11.634,0,11.720959143713117,0,0,,,not a FALSIFIED row,0,scratch/logs/fse2026/neuralsat/cifar100_2024/00164_2b46bb9d637dadfc38e3_0_o805ly.log,c5097698a32a6dc04d176dcf72b61a931b89cdac,"{""attack"": {""attack_off"": true, ""overrides"": [""--disable_attack""]}, ""deviations"": [""GRB_LICENSE_FILE unset (run_instance.sh sets ~/gurobi.lic; no license on this machine, gurobipy size-limited pip license)"", ""attack-off (user decision D20): --disable_attack""], ""mapping"": ""default"", ""official"": ""vnncomp_scripts/run_instance.sh defaults (no per-family config)"", ""variant"": ""default""}","[""GRB_LICENSE_FILE unset (run_instance.sh sets ~/gurobi.lic; no license on this machine, gurobipy size-limited pip license)"", ""attack-off (user decision D20): --disable_attack"", ""float32 default NeuralSAT dtype; stable interpreter; no precision override""]",,,0.0,11536.0,default_attack_off_f32,"[""neuralsat"",""data/vnncomp2026/cifar100_2024/1.0/onnx/CIFAR100_resnet_large.onnx"",""data/vnncomp2026/cifar100_2024/1.0/vnnlib/CIFAR100_resnet_large_prop_idx_3991_sidx_8049_eps_0.0039.vnnlib"",100.0,""default_attack_off_f32""]",
cifar100_2024,165,CIFAR100_resnet_large.onnx,CIFAR100_resnet_large_prop_idx_6342_sidx_7196_eps_0.0039.vnnlib,timeout,,TIMEOUT,0,100.0,,130.199,0,130.28694750741124,1,0,,,not a FALSIFIED row,,scratch/logs/fse2026/neuralsat/cifar100_2024/00165_0daf647d6d1a127bc232_ty7_bll6.log,c5097698a32a6dc04d176dcf72b61a931b89cdac,"{""attack"": {""attack_off"": true, ""overrides"": [""--disable_attack""]}, ""deviations"": [""GRB_LICENSE_FILE unset (run_instance.sh sets ~/gurobi.lic; no license on this machine, gurobipy size-limited pip license)"", ""attack-off (user decision D20): --disable_attack""], ""mapping"": ""default"", ""official"": ""vnncomp_scripts/run_instance.sh defaults (no per-family config)"", ""variant"": ""default""}","[""GRB_LICENSE_FILE unset (run_instance.sh sets ~/gurobi.lic; no license on this machine, gurobipy size-limited pip license)"", ""attack-off (user decision D20): --disable_attack"", ""float32 default NeuralSAT dtype; stable interpreter; no precision override""]",,,0.0,11536.0,default_attack_off_f32,"[""neuralsat"",""data/vnncomp2026/cifar100_2024/1.0/onnx/CIFAR100_resnet_large.onnx"",""data/vnncomp2026/cifar100_2024/1.0/vnnlib/CIFAR100_resnet_large_prop_idx_6342_sidx_7196_eps_0.0039.vnnlib"",100.0,""default_attack_off_f32""]",
cifar100_2024,166,CIFAR100_resnet_large.onnx,CIFAR100_resnet_large_prop_idx_4322_sidx_9995_eps_0.0039.vnnlib,timeout,113.1931,TIMEOUT,0,100.0,113.1931,116.432,0,116.52086240798235,1,0,,,not a FALSIFIED row,0,scratch/logs/fse2026/neuralsat/cifar100_2024/00166_3ad5b7482fbe82c1ac1b_68sjom0u.log,c5097698a32a6dc04d176dcf72b61a931b89cdac,"{""attack"": {""attack_off"": true, ""overrides"": [""--disable_attack""]}, ""deviations"": [""GRB_LICENSE_FILE unset (run_instance.sh sets ~/gurobi.lic; no license on this machine, gurobipy size-limited pip license)"", ""attack-off (user decision D20): --disable_attack""], ""mapping"": ""default"", ""official"": ""vnncomp_scripts/run_instance.sh defaults (no per-family config)"", ""variant"": ""default""}","[""GRB_LICENSE_FILE unset (run_instance.sh sets ~/gurobi.lic; no license on this machine, gurobipy size-limited pip license)"", ""attack-off (user decision D20): --disable_attack"", ""float32 default NeuralSAT dtype; stable interpreter; no precision override""]",,,97.0,11536.0,default_attack_off_f32,"[""neuralsat"",""data/vnncomp2026/cifar100_2024/1.0/onnx/CIFAR100_resnet_large.onnx"",""data/vnncomp2026/cifar100_2024/1.0/vnnlib/CIFAR100_resnet_large_prop_idx_4322_sidx_9995_eps_0.0039.vnnlib"",100.0,""default_attack_off_f32""]",
cifar100_2024,167,CIFAR100_resnet_large.onnx,CIFAR100_resnet_large_prop_idx_845_sidx_3027_eps_0.0039.vnnlib,unsat,13.9855,CERTIFIED,1,100.0,13.9855,16.144,0,16.22645099647343,0,0,,,not a FALSIFIED row,0,scratch/logs/fse2026/neuralsat/cifar100_2024/00167_f05b0b2c54423a5f16cf_whp3o0bn.log,c5097698a32a6dc04d176dcf72b61a931b89cdac,"{""attack"": {""attack_off"": true, ""overrides"": [""--disable_attack""]}, ""deviations"": [""GRB_LICENSE_FILE unset (run_instance.sh sets ~/gurobi.lic; no license on this machine, gurobipy size-limited pip license)"", ""attack-off (user decision D20): --disable_attack""], ""mapping"": ""default"", ""official"": ""vnncomp_scripts/run_instance.sh defaults (no per-family config)"", ""variant"": ""default""}","[""GRB_LICENSE_FILE unset (run_instance.sh sets ~/gurobi.lic; no license on this machine, gurobipy size-limited pip license)"", ""attack-off (user decision D20): --disable_attack"", ""float32 default NeuralSAT dtype; stable interpreter; no precision override""]",,,0.0,11536.0,default_attack_off_f32,"[""neuralsat"",""data/vnncomp2026/cifar100_2024/1.0/onnx/CIFAR100_resnet_large.onnx"",""data/vnncomp2026/cifar100_2024/1.0/vnnlib/CIFAR100_resnet_large_prop_idx_845_sidx_3027_eps_0.0039.vnnlib"",100.0,""default_attack_off_f32""]",
cifar100_2024,168,CIFAR100_resnet_large.onnx,CIFAR100_resnet_large_prop_idx_815_sidx_1902_eps_0.0039.vnnlib,unsat,4.4672,CERTIFIED,1,100.0,4.4672,6.327,0,6.412259865552187,0,0,,,not a FALSIFIED row,0,scratch/logs/fse2026/neuralsat/cifar100_2024/00168_98592eb49cc98b9a8f47_fmbumdrw.log,c5097698a32a6dc04d176dcf72b61a931b89cdac,"{""attack"": {""attack_off"": true, ""overrides"": [""--disable_attack""]}, ""deviations"": [""GRB_LICENSE_FILE unset (run_instance.sh sets ~/gurobi.lic; no license on this machine, gurobipy size-limited pip license)"", ""attack-off (user decision D20): --disable_attack""], ""mapping"": ""default"", ""official"": ""vnncomp_scripts/run_instance.sh defaults (no per-family config)"", ""variant"": ""default""}","[""GRB_LICENSE_FILE unset (run_instance.sh sets ~/gurobi.lic; no license on this machine, gurobipy size-limited pip license)"", ""attack-off (user decision D20): --disable_attack"", ""float32 default NeuralSAT dtype; stable interpreter; no precision override""]",,,0.0,11536.0,default_attack_off_f32,"[""neuralsat"",""data/vnncomp2026/cifar100_2024/1.0/onnx/CIFAR100_resnet_large.onnx"",""data/vnncomp2026/cifar100_2024/1.0/vnnlib/CIFAR100_resnet_large_prop_idx_815_sidx_1902_eps_0.0039.vnnlib"",100.0,""default_attack_off_f32""]",
cifar100_2024,169,CIFAR100_resnet_large.onnx,CIFAR100_resnet_large_prop_idx_9417_sidx_5438_eps_0.0039.vnnlib,timeout,109.4849,TIMEOUT,0,100.0,109.4849,112.176,0,112.25925686955452,1,0,,,not a FALSIFIED row,0,scratch/logs/fse2026/neuralsat/cifar100_2024/00169_2ad152892937fc368475_yvoo61r8.log,c5097698a32a6dc04d176dcf72b61a931b89cdac,"{""attack"": {""attack_off"": true, ""overrides"": [""--disable_attack""]}, ""deviations"": [""GRB_LICENSE_FILE unset (run_instance.sh sets ~/gurobi.lic; no license on this machine, gurobipy size-limited pip license)"", ""attack-off (user decision D20): --disable_attack""], ""mapping"": ""default"", ""official"": ""vnncomp_scripts/run_instance.sh defaults (no per-family config)"", ""variant"": ""default""}","[""GRB_LICENSE_FILE unset (run_instance.sh sets ~/gurobi.lic; no license on this machine, gurobipy size-limited pip license)"", ""attack-off (user decision D20): --disable_attack"", ""float32 default NeuralSAT dtype; stable interpreter; no precision override""]",,,81.0,11536.0,default_attack_off_f32,"[""neuralsat"",""data/vnncomp2026/cifar100_2024/1.0/onnx/CIFAR100_resnet_large.onnx"",""data/vnncomp2026/cifar100_2024/1.0/vnnlib/CIFAR100_resnet_large_prop_idx_9417_sidx_5438_eps_0.0039.vnnlib"",100.0,""default_attack_off_f32""]",
cifar100_2024,170,CIFAR100_resnet_large.onnx,CIFAR100_resnet_large_prop_idx_3580_sidx_7034_eps_0.0039.vnnlib,unsat,13.0121,CERTIFIED,1,100.0,13.0121,15.193,0,15.274201296269894,0,0,,,not a FALSIFIED row,0,scratch/logs/fse2026/neuralsat/cifar100_2024/00170_a54020cdbe3d5370ec08_0dao2wsc.log,c5097698a32a6dc04d176dcf72b61a931b89cdac,"{""attack"": {""attack_off"": true, ""overrides"": [""--disable_attack""]}, ""deviations"": [""GRB_LICENSE_FILE unset (run_instance.sh sets ~/gurobi.lic; no license on this machine, gurobipy size-limited pip license)"", ""attack-off (user decision D20): --disable_attack""], ""mapping"": ""default"", ""official"": ""vnncomp_scripts/run_instance.sh defaults (no per-family config)"", ""variant"": ""default""}","[""GRB_LICENSE_FILE unset (run_instance.sh sets ~/gurobi.lic; no license on this machine, gurobipy size-limited pip license)"", ""attack-off (user decision D20): --disable_attack"", ""float32 default NeuralSAT dtype; stable interpreter; no precision override""]",,,0.0,11536.0,default_attack_off_f32,"[""neuralsat"",""data/vnncomp2026/cifar100_2024/1.0/onnx/CIFAR100_resnet_large.onnx"",""data/vnncomp2026/cifar100_2024/1.0/vnnlib/CIFAR100_resnet_large_prop_idx_3580_sidx_7034_eps_0.0039.vnnlib"",100.0,""default_attack_off_f32""]",
cifar100_2024,171,CIFAR100_resnet_large.onnx,CIFAR100_resnet_large_prop_idx_7034_sidx_4129_eps_0.0039.vnnlib,unsat,61.7993,CERTIFIED,1,100.0,61.7993,63.985,0,64.0707162283361,0,0,,,not a FALSIFIED row,0,scratch/logs/fse2026/neuralsat/cifar100_2024/00171_f92b91632c1949970872_j32ny4d0.log,c5097698a32a6dc04d176dcf72b61a931b89cdac,"{""attack"": {""attack_off"": true, ""overrides"": [""--disable_attack""]}, ""deviations"": [""GRB_LICENSE_FILE unset (run_instance.sh sets ~/gurobi.lic; no license on this machine, gurobipy size-limited pip license)"", ""attack-off (user decision D20): --disable_attack""], ""mapping"": ""default"", ""official"": ""vnncomp_scripts/run_instance.sh defaults (no per-family config)"", ""variant"": ""default""}","[""GRB_LICENSE_FILE unset (run_instance.sh sets ~/gurobi.lic; no license on this machine, gurobipy size-limited pip license)"", ""attack-off (user decision D20): --disable_attack"", ""float32 default NeuralSAT dtype; stable interpreter; no precision override""]",,,0.0,11536.0,default_attack_off_f32,"[""neuralsat"",""data/vnncomp2026/cifar100_2024/1.0/onnx/CIFAR100_resnet_large.onnx"",""data/vnncomp2026/cifar100_2024/1.0/vnnlib/CIFAR100_resnet_large_prop_idx_7034_sidx_4129_eps_0.0039.vnnlib"",100.0,""default_attack_off_f32""]",
cifar100_2024,172,CIFAR100_resnet_large.onnx,CIFAR100_resnet_large_prop_idx_7104_sidx_9469_eps_0.0039.vnnlib,unsat,22.7708,CERTIFIED,1,100.0,22.7708,24.959,0,25.043043380603194,0,0,,,not a FALSIFIED row,0,scratch/logs/fse2026/neuralsat/cifar100_2024/00172_db921420461ccaa41ee1_nfc0mwt1.log,c5097698a32a6dc04d176dcf72b61a931b89cdac,"{""attack"": {""attack_off"": true, ""overrides"": [""--disable_attack""]}, ""deviations"": [""GRB_LICENSE_FILE unset (run_instance.sh sets ~/gurobi.lic; no license on this machine, gurobipy size-limited pip license)"", ""attack-off (user decision D20): --disable_attack""], ""mapping"": ""default"", ""official"": ""vnncomp_scripts/run_instance.sh defaults (no per-family config)"", ""variant"": ""default""}","[""GRB_LICENSE_FILE unset (run_instance.sh sets ~/gurobi.lic; no license on this machine, gurobipy size-limited pip license)"", ""attack-off (user decision D20): --disable_attack"", ""float32 default NeuralSAT dtype; stable interpreter; no precision override""]",,,0.0,11536.0,default_attack_off_f32,"[""neuralsat"",""data/vnncomp2026/cifar100_2024/1.0/onnx/CIFAR100_resnet_large.onnx"",""data/vnncomp2026/cifar100_2024/1.0/vnnlib/CIFAR100_resnet_large_prop_idx_7104_sidx_9469_eps_0.0039.vnnlib"",100.0,""default_attack_off_f32""]",
cifar100_2024,173,CIFAR100_resnet_large.onnx,CIFAR100_resnet_large_prop_idx_6983_sidx_607_eps_0.0039.vnnlib,timeout,109.2715,TIMEOUT,0,100.0,109.2715,112.174,0,112.27094071544707,1,0,,,not a FALSIFIED row,0,scratch/logs/fse2026/neuralsat/cifar100_2024/00173_86c97f8343b78007f980_wnwy4bpb.log,c5097698a32a6dc04d176dcf72b61a931b89cdac,"{""attack"": {""attack_off"": true, ""overrides"": [""--disable_attack""]}, ""deviations"": [""GRB_LICENSE_FILE unset (run_instance.sh sets ~/gurobi.lic; no license on this machine, gurobipy size-limited pip license)"", ""attack-off (user decision D20): --disable_attack""], ""mapping"": ""default"", ""official"": ""vnncomp_scripts/run_instance.sh defaults (no per-family config)"", ""variant"": ""default""}","[""GRB_LICENSE_FILE unset (run_instance.sh sets ~/gurobi.lic; no license on this machine, gurobipy size-limited pip license)"", ""attack-off (user decision D20): --disable_attack"", ""float32 default NeuralSAT dtype; stable interpreter; no precision override""]",,,0.0,11536.0,default_attack_off_f32,"[""neuralsat"",""data/vnncomp2026/cifar100_2024/1.0/onnx/CIFAR100_resnet_large.onnx"",""data/vnncomp2026/cifar100_2024/1.0/vnnlib/CIFAR100_resnet_large_prop_idx_6983_sidx_607_eps_0.0039.vnnlib"",100.0,""default_attack_off_f32""]",
cifar100_2024,174,CIFAR100_resnet_large.onnx,CIFAR100_resnet_large_prop_idx_1105_sidx_9000_eps_0.0039.vnnlib,timeout,100.9246,TIMEOUT,0,100.0,100.9246,103.155,0,103.23782162368298,1,0,,,not a FALSIFIED row,0,scratch/logs/fse2026/neuralsat/cifar100_2024/00174_f0cd322962f5976c1da2_p5qtn388.log,c5097698a32a6dc04d176dcf72b61a931b89cdac,"{""attack"": {""attack_off"": true, ""overrides"": [""--disable_attack""]}, ""deviations"": [""GRB_LICENSE_FILE unset (run_instance.sh sets ~/gurobi.lic; no license on this machine, gurobipy size-limited pip license)"", ""attack-off (user decision D20): --disable_attack""], ""mapping"": ""default"", ""official"": ""vnncomp_scripts/run_instance.sh defaults (no per-family config)"", ""variant"": ""default""}","[""GRB_LICENSE_FILE unset (run_instance.sh sets ~/gurobi.lic; no license on this machine, gurobipy size-limited pip license)"", ""attack-off (user decision D20): --disable_attack"", ""float32 default NeuralSAT dtype; stable interpreter; no precision override""]",,,0.0,11536.0,default_attack_off_f32,"[""neuralsat"",""data/vnncomp2026/cifar100_2024/1.0/onnx/CIFAR100_resnet_large.onnx"",""data/vnncomp2026/cifar100_2024/1.0/vnnlib/CIFAR100_resnet_large_prop_idx_1105_sidx_9000_eps_0.0039.vnnlib"",100.0,""default_attack_off_f32""]",
cifar100_2024,175,CIFAR100_resnet_large.onnx,CIFAR100_resnet_large_prop_idx_9204_sidx_137_eps_0.0039.vnnlib,timeout,111.3584,TIMEOUT,0,100.0,111.3584,114.026,0,114.11240173876286,1,0,,,not a FALSIFIED row,0,scratch/logs/fse2026/neuralsat/cifar100_2024/00175_5f91140c015552665c3e_rq9354zj.log,c5097698a32a6dc04d176dcf72b61a931b89cdac,"{""attack"": {""attack_off"": true, ""overrides"": [""--disable_attack""]}, ""deviations"": [""GRB_LICENSE_FILE unset (run_instance.sh sets ~/gurobi.lic; no license on this machine, gurobipy size-limited pip license)"", ""attack-off (user decision D20): --disable_attack""], ""mapping"": ""default"", ""official"": ""vnncomp_scripts/run_instance.sh defaults (no per-family config)"", ""variant"": ""default""}","[""GRB_LICENSE_FILE unset (run_instance.sh sets ~/gurobi.lic; no license on this machine, gurobipy size-limited pip license)"", ""attack-off (user decision D20): --disable_attack"", ""float32 default NeuralSAT dtype; stable interpreter; no precision override""]",,,0.0,11536.0,default_attack_off_f32,"[""neuralsat"",""data/vnncomp2026/cifar100_2024/1.0/onnx/CIFAR100_resnet_large.onnx"",""data/vnncomp2026/cifar100_2024/1.0/vnnlib/CIFAR100_resnet_large_prop_idx_9204_sidx_137_eps_0.0039.vnnlib"",100.0,""default_attack_off_f32""]",
cifar100_2024,176,CIFAR100_resnet_large.onnx,CIFAR100_resnet_large_prop_idx_1812_sidx_7967_eps_0.0039.vnnlib,unsat,30.6625,CERTIFIED,1,100.0,30.6625,32.776,0,32.850407088175416,0,0,,,not a FALSIFIED row,0,scratch/logs/fse2026/neuralsat/cifar100_2024/00176_f2add12f238d601ed191_76xpst_8.log,c5097698a32a6dc04d176dcf72b61a931b89cdac,"{""attack"": {""attack_off"": true, ""overrides"": [""--disable_attack""]}, ""deviations"": [""GRB_LICENSE_FILE unset (run_instance.sh sets ~/gurobi.lic; no license on this machine, gurobipy size-limited pip license)"", ""attack-off (user decision D20): --disable_attack""], ""mapping"": ""default"", ""official"": ""vnncomp_scripts/run_instance.sh defaults (no per-family config)"", ""variant"": ""default""}","[""GRB_LICENSE_FILE unset (run_instance.sh sets ~/gurobi.lic; no license on this machine, gurobipy size-limited pip license)"", ""attack-off (user decision D20): --disable_attack"", ""float32 default NeuralSAT dtype; stable interpreter; no precision override""]",,,6.0,11536.0,default_attack_off_f32,"[""neuralsat"",""data/vnncomp2026/cifar100_2024/1.0/onnx/CIFAR100_resnet_large.onnx"",""data/vnncomp2026/cifar100_2024/1.0/vnnlib/CIFAR100_resnet_large_prop_idx_1812_sidx_7967_eps_0.0039.vnnlib"",100.0,""default_attack_off_f32""]",
cifar100_2024,177,CIFAR100_resnet_large.onnx,CIFAR100_resnet_large_prop_idx_4123_sidx_5371_eps_0.0039.vnnlib,timeout,107.3626,TIMEOUT,0,100.0,107.3626,109.517,0,109.6002740971744,1,0,,,not a FALSIFIED row,0,scratch/logs/fse2026/neuralsat/cifar100_2024/00177_9f4e27aa33ad3067c0fb_fhsy7l13.log,c5097698a32a6dc04d176dcf72b61a931b89cdac,"{""attack"": {""attack_off"": true, ""overrides"": [""--disable_attack""]}, ""deviations"": [""GRB_LICENSE_FILE unset (run_instance.sh sets ~/gurobi.lic; no license on this machine, gurobipy size-limited pip license)"", ""attack-off (user decision D20): --disable_attack""], ""mapping"": ""default"", ""official"": ""vnncomp_scripts/run_instance.sh defaults (no per-family config)"", ""variant"": ""default""}","[""GRB_LICENSE_FILE unset (run_instance.sh sets ~/gurobi.lic; no license on this machine, gurobipy size-limited pip license)"", ""attack-off (user decision D20): --disable_attack"", ""float32 default NeuralSAT dtype; stable interpreter; no precision override""]",,,0.0,11536.0,default_attack_off_f32,"[""neuralsat"",""data/vnncomp2026/cifar100_2024/1.0/onnx/CIFAR100_resnet_large.onnx"",""data/vnncomp2026/cifar100_2024/1.0/vnnlib/CIFAR100_resnet_large_prop_idx_4123_sidx_5371_eps_0.0039.vnnlib"",100.0,""default_attack_off_f32""]",
cifar100_2024,178,CIFAR100_resnet_large.onnx,CIFAR100_resnet_large_prop_idx_6692_sidx_3605_eps_0.0039.vnnlib,unsat,63.505,CERTIFIED,1,100.0,63.505,65.648,0,65.72273252904415,0,0,,,not a FALSIFIED row,0,scratch/logs/fse2026/neuralsat/cifar100_2024/00178_147dc21c13aebbe2cc13_fxq_abf6.log,c5097698a32a6dc04d176dcf72b61a931b89cdac,"{""attack"": {""attack_off"": true, ""overrides"": [""--disable_attack""]}, ""deviations"": [""GRB_LICENSE_FILE unset (run_instance.sh sets ~/gurobi.lic; no license on this machine, gurobipy size-limited pip license)"", ""attack-off (user decision D20): --disable_attack""], ""mapping"": ""default"", ""official"": ""vnncomp_scripts/run_instance.sh defaults (no per-family config)"", ""variant"": ""default""}","[""GRB_LICENSE_FILE unset (run_instance.sh sets ~/gurobi.lic; no license on this machine, gurobipy size-limited pip license)"", ""attack-off (user decision D20): --disable_attack"", ""float32 default NeuralSAT dtype; stable interpreter; no precision override""]",,,0.0,11536.0,default_attack_off_f32,"[""neuralsat"",""data/vnncomp2026/cifar100_2024/1.0/onnx/CIFAR100_resnet_large.onnx"",""data/vnncomp2026/cifar100_2024/1.0/vnnlib/CIFAR100_resnet_large_prop_idx_6692_sidx_3605_eps_0.0039.vnnlib"",100.0,""default_attack_off_f32""]",
cifar100_2024,179,CIFAR100_resnet_large.onnx,CIFAR100_resnet_large_prop_idx_2002_sidx_7461_eps_0.0039.vnnlib,unsat,20.1433,CERTIFIED,1,100.0,20.1433,22.303,0,22.387420140206814,0,0,,,not a FALSIFIED row,0,scratch/logs/fse2026/neuralsat/cifar100_2024/00179_5a8cf791e9243075f9ba_qy7r0080.log,c5097698a32a6dc04d176dcf72b61a931b89cdac,"{""attack"": {""attack_off"": true, ""overrides"": [""--disable_attack""]}, ""deviations"": [""GRB_LICENSE_FILE unset (run_instance.sh sets ~/gurobi.lic; no license on this machine, gurobipy size-limited pip license)"", ""attack-off (user decision D20): --disable_attack""], ""mapping"": ""default"", ""official"": ""vnncomp_scripts/run_instance.sh defaults (no per-family config)"", ""variant"": ""default""}","[""GRB_LICENSE_FILE unset (run_instance.sh sets ~/gurobi.lic; no license on this machine, gurobipy size-limited pip license)"", ""attack-off (user decision D20): --disable_attack"", ""float32 default NeuralSAT dtype; stable interpreter; no precision override""]",,,0.0,11536.0,default_attack_off_f32,"[""neuralsat"",""data/vnncomp2026/cifar100_2024/1.0/onnx/CIFAR100_resnet_large.onnx"",""data/vnncomp2026/cifar100_2024/1.0/vnnlib/CIFAR100_resnet_large_prop_idx_2002_sidx_7461_eps_0.0039.vnnlib"",100.0,""default_attack_off_f32""]",
cifar100_2024,180,CIFAR100_resnet_large.onnx,CIFAR100_resnet_large_prop_idx_1990_sidx_3901_eps_0.0039.vnnlib,unsat,81.9674,CERTIFIED,1,100.0,81.9674,84.22,0,84.30070267803967,0,0,,,not a FALSIFIED row,0,scratch/logs/fse2026/neuralsat/cifar100_2024/00180_c420005129ed5799e67c_6c_h1e34.log,c5097698a32a6dc04d176dcf72b61a931b89cdac,"{""attack"": {""attack_off"": true, ""overrides"": [""--disable_attack""]}, ""deviations"": [""GRB_LICENSE_FILE unset (run_instance.sh sets ~/gurobi.lic; no license on this machine, gurobipy size-limited pip license)"", ""attack-off (user decision D20): --disable_attack""], ""mapping"": ""default"", ""official"": ""vnncomp_scripts/run_instance.sh defaults (no per-family config)"", ""variant"": ""default""}","[""GRB_LICENSE_FILE unset (run_instance.sh sets ~/gurobi.lic; no license on this machine, gurobipy size-limited pip license)"", ""attack-off (user decision D20): --disable_attack"", ""float32 default NeuralSAT dtype; stable interpreter; no precision override""]",,,3.0,11536.0,default_attack_off_f32,"[""neuralsat"",""data/vnncomp2026/cifar100_2024/1.0/onnx/CIFAR100_resnet_large.onnx"",""data/vnncomp2026/cifar100_2024/1.0/vnnlib/CIFAR100_resnet_large_prop_idx_1990_sidx_3901_eps_0.0039.vnnlib"",100.0,""default_attack_off_f32""]",
cifar100_2024,181,CIFAR100_resnet_large.onnx,CIFAR100_resnet_large_prop_idx_2021_sidx_2048_eps_0.0039.vnnlib,unsat,17.6269,CERTIFIED,1,100.0,17.6269,19.849,0,19.934225609526038,0,0,,,not a FALSIFIED row,0,scratch/logs/fse2026/neuralsat/cifar100_2024/00181_6ab7121e95e201317609_6iztsmhm.log,c5097698a32a6dc04d176dcf72b61a931b89cdac,"{""attack"": {""attack_off"": true, ""overrides"": [""--disable_attack""]}, ""deviations"": [""GRB_LICENSE_FILE unset (run_instance.sh sets ~/gurobi.lic; no license on this machine, gurobipy size-limited pip license)"", ""attack-off (user decision D20): --disable_attack""], ""mapping"": ""default"", ""official"": ""vnncomp_scripts/run_instance.sh defaults (no per-family config)"", ""variant"": ""default""}","[""GRB_LICENSE_FILE unset (run_instance.sh sets ~/gurobi.lic; no license on this machine, gurobipy size-limited pip license)"", ""attack-off (user decision D20): --disable_attack"", ""float32 default NeuralSAT dtype; stable interpreter; no precision override""]",,,0.0,11536.0,default_attack_off_f32,"[""neuralsat"",""data/vnncomp2026/cifar100_2024/1.0/onnx/CIFAR100_resnet_large.onnx"",""data/vnncomp2026/cifar100_2024/1.0/vnnlib/CIFAR100_resnet_large_prop_idx_2021_sidx_2048_eps_0.0039.vnnlib"",100.0,""default_attack_off_f32""]",
cifar100_2024,182,CIFAR100_resnet_large.onnx,CIFAR100_resnet_large_prop_idx_8896_sidx_2510_eps_0.0039.vnnlib,unsat,25.5819,CERTIFIED,1,100.0,25.5819,27.914,0,27.996782388538122,0,0,,,not a FALSIFIED row,0,scratch/logs/fse2026/neuralsat/cifar100_2024/00182_749e1590d5808be19c15_fqu2p17y.log,c5097698a32a6dc04d176dcf72b61a931b89cdac,"{""attack"": {""attack_off"": true, ""overrides"": [""--disable_attack""]}, ""deviations"": [""GRB_LICENSE_FILE unset (run_instance.sh sets ~/gurobi.lic; no license on this machine, gurobipy size-limited pip license)"", ""attack-off (user decision D20): --disable_attack""], ""mapping"": ""default"", ""official"": ""vnncomp_scripts/run_instance.sh defaults (no per-family config)"", ""variant"": ""default""}","[""GRB_LICENSE_FILE unset (run_instance.sh sets ~/gurobi.lic; no license on this machine, gurobipy size-limited pip license)"", ""attack-off (user decision D20): --disable_attack"", ""float32 default NeuralSAT dtype; stable interpreter; no precision override""]",,,0.0,11536.0,default_attack_off_f32,"[""neuralsat"",""data/vnncomp2026/cifar100_2024/1.0/onnx/CIFAR100_resnet_large.onnx"",""data/vnncomp2026/cifar100_2024/1.0/vnnlib/CIFAR100_resnet_large_prop_idx_8896_sidx_2510_eps_0.0039.vnnlib"",100.0,""default_attack_off_f32""]",
cifar100_2024,183,CIFAR100_resnet_large.onnx,CIFAR100_resnet_large_prop_idx_9227_sidx_31_eps_0.0039.vnnlib,unsat,4.3946,CERTIFIED,1,100.0,4.3946,6.326,0,6.409355640411377,0,0,,,not a FALSIFIED row,0,scratch/logs/fse2026/neuralsat/cifar100_2024/00183_b8b61c1e9594a6ab1590_hssw6brb.log,c5097698a32a6dc04d176dcf72b61a931b89cdac,"{""attack"": {""attack_off"": true, ""overrides"": [""--disable_attack""]}, ""deviations"": [""GRB_LICENSE_FILE unset (run_instance.sh sets ~/gurobi.lic; no license on this machine, gurobipy size-limited pip license)"", ""attack-off (user decision D20): --disable_attack""], ""mapping"": ""default"", ""official"": ""vnncomp_scripts/run_instance.sh defaults (no per-family config)"", ""variant"": ""default""}","[""GRB_LICENSE_FILE unset (run_instance.sh sets ~/gurobi.lic; no license on this machine, gurobipy size-limited pip license)"", ""attack-off (user decision D20): --disable_attack"", ""float32 default NeuralSAT dtype; stable interpreter; no precision override""]",,,48.0,11536.0,default_attack_off_f32,"[""neuralsat"",""data/vnncomp2026/cifar100_2024/1.0/onnx/CIFAR100_resnet_large.onnx"",""data/vnncomp2026/cifar100_2024/1.0/vnnlib/CIFAR100_resnet_large_prop_idx_9227_sidx_31_eps_0.0039.vnnlib"",100.0,""default_attack_off_f32""]",
cifar100_2024,184,CIFAR100_resnet_large.onnx,CIFAR100_resnet_large_prop_idx_8452_sidx_3448_eps_0.0039.vnnlib,timeout,111.9418,TIMEOUT,0,100.0,111.9418,114.676,0,114.7691786121577,1,0,,,not a FALSIFIED row,0,scratch/logs/fse2026/neuralsat/cifar100_2024/00184_d04d3ae1199ff2f75e48_x7q9pksv.log,c5097698a32a6dc04d176dcf72b61a931b89cdac,"{""attack"": {""attack_off"": true, ""overrides"": [""--disable_attack""]}, ""deviations"": [""GRB_LICENSE_FILE unset (run_instance.sh sets ~/gurobi.lic; no license on this machine, gurobipy size-limited pip license)"", ""attack-off (user decision D20): --disable_attack""], ""mapping"": ""default"", ""official"": ""vnncomp_scripts/run_instance.sh defaults (no per-family config)"", ""variant"": ""default""}","[""GRB_LICENSE_FILE unset (run_instance.sh sets ~/gurobi.lic; no license on this machine, gurobipy size-limited pip license)"", ""attack-off (user decision D20): --disable_attack"", ""float32 default NeuralSAT dtype; stable interpreter; no precision override""]",,,0.0,11536.0,default_attack_off_f32,"[""neuralsat"",""data/vnncomp2026/cifar100_2024/1.0/onnx/CIFAR100_resnet_large.onnx"",""data/vnncomp2026/cifar100_2024/1.0/vnnlib/CIFAR100_resnet_large_prop_idx_8452_sidx_3448_eps_0.0039.vnnlib"",100.0,""default_attack_off_f32""]",
cifar100_2024,185,CIFAR100_resnet_large.onnx,CIFAR100_resnet_large_prop_idx_1397_sidx_345_eps_0.0039.vnnlib,timeout,103.6891,TIMEOUT,0,100.0,103.6891,107.364,0,107.44623997993767,1,0,,,not a FALSIFIED row,0,scratch/logs/fse2026/neuralsat/cifar100_2024/00185_cd2b15ce2441cec4b983_r7qz8i31.log,c5097698a32a6dc04d176dcf72b61a931b89cdac,"{""attack"": {""attack_off"": true, ""overrides"": [""--disable_attack""]}, ""deviations"": [""GRB_LICENSE_FILE unset (run_instance.sh sets ~/gurobi.lic; no license on this machine, gurobipy size-limited pip license)"", ""attack-off (user decision D20): --disable_attack""], ""mapping"": ""default"", ""official"": ""vnncomp_scripts/run_instance.sh defaults (no per-family config)"", ""variant"": ""default""}","[""GRB_LICENSE_FILE unset (run_instance.sh sets ~/gurobi.lic; no license on this machine, gurobipy size-limited pip license)"", ""attack-off (user decision D20): --disable_attack"", ""float32 default NeuralSAT dtype; stable interpreter; no precision override""]",,,0.0,11536.0,default_attack_off_f32,"[""neuralsat"",""data/vnncomp2026/cifar100_2024/1.0/onnx/CIFAR100_resnet_large.onnx"",""data/vnncomp2026/cifar100_2024/1.0/vnnlib/CIFAR100_resnet_large_prop_idx_1397_sidx_345_eps_0.0039.vnnlib"",100.0,""default_attack_off_f32""]",
cifar100_2024,186,CIFAR100_resnet_large.onnx,CIFAR100_resnet_large_prop_idx_7844_sidx_4140_eps_0.0039.vnnlib,unsat,95.5503,CERTIFIED,1,100.0,95.5503,97.845,0,97.93923262134194,0,0,,,not a FALSIFIED row,0,scratch/logs/fse2026/neuralsat/cifar100_2024/00186_a770a6070b96d1261e10_9f8aghv3.log,c5097698a32a6dc04d176dcf72b61a931b89cdac,"{""attack"": {""attack_off"": true, ""overrides"": [""--disable_attack""]}, ""deviations"": [""GRB_LICENSE_FILE unset (run_instance.sh sets ~/gurobi.lic; no license on this machine, gurobipy size-limited pip license)"", ""attack-off (user decision D20): --disable_attack""], ""mapping"": ""default"", ""official"": ""vnncomp_scripts/run_instance.sh defaults (no per-family config)"", ""variant"": ""default""}","[""GRB_LICENSE_FILE unset (run_instance.sh sets ~/gurobi.lic; no license on this machine, gurobipy size-limited pip license)"", ""attack-off (user decision D20): --disable_attack"", ""float32 default NeuralSAT dtype; stable interpreter; no precision override""]",,,0.0,11536.0,default_attack_off_f32,"[""neuralsat"",""data/vnncomp2026/cifar100_2024/1.0/onnx/CIFAR100_resnet_large.onnx"",""data/vnncomp2026/cifar100_2024/1.0/vnnlib/CIFAR100_resnet_large_prop_idx_7844_sidx_4140_eps_0.0039.vnnlib"",100.0,""default_attack_off_f32""]",
cifar100_2024,187,CIFAR100_resnet_large.onnx,CIFAR100_resnet_large_prop_idx_8359_sidx_9586_eps_0.0039.vnnlib,timeout,116.8881,TIMEOUT,0,100.0,116.8881,120.238,0,120.32483971305192,1,0,,,not a FALSIFIED row,0,scratch/logs/fse2026/neuralsat/cifar100_2024/00187_6f4ab8559fe1d26b2936_3afahwt8.log,c5097698a32a6dc04d176dcf72b61a931b89cdac,"{""attack"": {""attack_off"": true, ""overrides"": [""--disable_attack""]}, ""deviations"": [""GRB_LICENSE_FILE unset (run_instance.sh sets ~/gurobi.lic; no license on this machine, gurobipy size-limited pip license)"", ""attack-off (user decision D20): --disable_attack""], ""mapping"": ""default"", ""official"": ""vnncomp_scripts/run_instance.sh defaults (no per-family config)"", ""variant"": ""default""}","[""GRB_LICENSE_FILE unset (run_instance.sh sets ~/gurobi.lic; no license on this machine, gurobipy size-limited pip license)"", ""attack-off (user decision D20): --disable_attack"", ""float32 default NeuralSAT dtype; stable interpreter; no precision override""]",,,3.0,11536.0,default_attack_off_f32,"[""neuralsat"",""data/vnncomp2026/cifar100_2024/1.0/onnx/CIFAR100_resnet_large.onnx"",""data/vnncomp2026/cifar100_2024/1.0/vnnlib/CIFAR100_resnet_large_prop_idx_8359_sidx_9586_eps_0.0039.vnnlib"",100.0,""default_attack_off_f32""]",
cifar100_2024,188,CIFAR100_resnet_large.onnx,CIFAR100_resnet_large_prop_idx_5666_sidx_4801_eps_0.0039.vnnlib,unsat,6.2708,CERTIFIED,1,100.0,6.2708,8.178,0,8.261811913922429,0,0,,,not a FALSIFIED row,0,scratch/logs/fse2026/neuralsat/cifar100_2024/00188_47c609344c1f19c1e396_7hbb2a15.log,c5097698a32a6dc04d176dcf72b61a931b89cdac,"{""attack"": {""attack_off"": true, ""overrides"": [""--disable_attack""]}, ""deviations"": [""GRB_LICENSE_FILE unset (run_instance.sh sets ~/gurobi.lic; no license on this machine, gurobipy size-limited pip license)"", ""attack-off (user decision D20): --disable_attack""], ""mapping"": ""default"", ""official"": ""vnncomp_scripts/run_instance.sh defaults (no per-family config)"", ""variant"": ""default""}","[""GRB_LICENSE_FILE unset (run_instance.sh sets ~/gurobi.lic; no license on this machine, gurobipy size-limited pip license)"", ""attack-off (user decision D20): --disable_attack"", ""float32 default NeuralSAT dtype; stable interpreter; no precision override""]",,,40.0,11536.0,default_attack_off_f32,"[""neuralsat"",""data/vnncomp2026/cifar100_2024/1.0/onnx/CIFAR100_resnet_large.onnx"",""data/vnncomp2026/cifar100_2024/1.0/vnnlib/CIFAR100_resnet_large_prop_idx_5666_sidx_4801_eps_0.0039.vnnlib"",100.0,""default_attack_off_f32""]",
cifar100_2024,189,CIFAR100_resnet_large.onnx,CIFAR100_resnet_large_prop_idx_4650_sidx_4378_eps_0.0039.vnnlib,timeout,100.561,TIMEOUT,0,100.0,100.561,102.702,0,102.78063436970115,1,0,,,not a FALSIFIED row,0,scratch/logs/fse2026/neuralsat/cifar100_2024/00189_1b3e6bbc2437c0ad23b8_r92d29hk.log,c5097698a32a6dc04d176dcf72b61a931b89cdac,"{""attack"": {""attack_off"": true, ""overrides"": [""--disable_attack""]}, ""deviations"": [""GRB_LICENSE_FILE unset (run_instance.sh sets ~/gurobi.lic; no license on this machine, gurobipy size-limited pip license)"", ""attack-off (user decision D20): --disable_attack""], ""mapping"": ""default"", ""official"": ""vnncomp_scripts/run_instance.sh defaults (no per-family config)"", ""variant"": ""default""}","[""GRB_LICENSE_FILE unset (run_instance.sh sets ~/gurobi.lic; no license on this machine, gurobipy size-limited pip license)"", ""attack-off (user decision D20): --disable_attack"", ""float32 default NeuralSAT dtype; stable interpreter; no precision override""]",,,0.0,11536.0,default_attack_off_f32,"[""neuralsat"",""data/vnncomp2026/cifar100_2024/1.0/onnx/CIFAR100_resnet_large.onnx"",""data/vnncomp2026/cifar100_2024/1.0/vnnlib/CIFAR100_resnet_large_prop_idx_4650_sidx_4378_eps_0.0039.vnnlib"",100.0,""default_attack_off_f32""]",
cifar100_2024,190,CIFAR100_resnet_large.onnx,CIFAR100_resnet_large_prop_idx_2852_sidx_5192_eps_0.0039.vnnlib,unsat,22.6389,CERTIFIED,1,100.0,22.6389,24.763,0,24.835191832855344,0,0,,,not a FALSIFIED row,0,scratch/logs/fse2026/neuralsat/cifar100_2024/00190_81c94bf208edc7082aac_kkxnmhy6.log,c5097698a32a6dc04d176dcf72b61a931b89cdac,"{""attack"": {""attack_off"": true, ""overrides"": [""--disable_attack""]}, ""deviations"": [""GRB_LICENSE_FILE unset (run_instance.sh sets ~/gurobi.lic; no license on this machine, gurobipy size-limited pip license)"", ""attack-off (user decision D20): --disable_attack""], ""mapping"": ""default"", ""official"": ""vnncomp_scripts/run_instance.sh defaults (no per-family config)"", ""variant"": ""default""}","[""GRB_LICENSE_FILE unset (run_instance.sh sets ~/gurobi.lic; no license on this machine, gurobipy size-limited pip license)"", ""attack-off (user decision D20): --disable_attack"", ""float32 default NeuralSAT dtype; stable interpreter; no precision override""]",,,0.0,11536.0,default_attack_off_f32,"[""neuralsat"",""data/vnncomp2026/cifar100_2024/1.0/onnx/CIFAR100_resnet_large.onnx"",""data/vnncomp2026/cifar100_2024/1.0/vnnlib/CIFAR100_resnet_large_prop_idx_2852_sidx_5192_eps_0.0039.vnnlib"",100.0,""default_attack_off_f32""]",
cifar100_2024,191,CIFAR100_resnet_large.onnx,CIFAR100_resnet_large_prop_idx_4251_sidx_1755_eps_0.0039.vnnlib,timeout,100.6077,TIMEOUT,0,100.0,100.6077,103.913,0,103.98607255145907,1,0,,,not a FALSIFIED row,0,scratch/logs/fse2026/neuralsat/cifar100_2024/00191_f48e50f7832e86cb4f69_w8k2kr29.log,c5097698a32a6dc04d176dcf72b61a931b89cdac,"{""attack"": {""attack_off"": true, ""overrides"": [""--disable_attack""]}, ""deviations"": [""GRB_LICENSE_FILE unset (run_instance.sh sets ~/gurobi.lic; no license on this machine, gurobipy size-limited pip license)"", ""attack-off (user decision D20): --disable_attack""], ""mapping"": ""default"", ""official"": ""vnncomp_scripts/run_instance.sh defaults (no per-family config)"", ""variant"": ""default""}","[""GRB_LICENSE_FILE unset (run_instance.sh sets ~/gurobi.lic; no license on this machine, gurobipy size-limited pip license)"", ""attack-off (user decision D20): --disable_attack"", ""float32 default NeuralSAT dtype; stable interpreter; no precision override""]",,,0.0,11536.0,default_attack_off_f32,"[""neuralsat"",""data/vnncomp2026/cifar100_2024/1.0/onnx/CIFAR100_resnet_large.onnx"",""data/vnncomp2026/cifar100_2024/1.0/vnnlib/CIFAR100_resnet_large_prop_idx_4251_sidx_1755_eps_0.0039.vnnlib"",100.0,""default_attack_off_f32""]",
cifar100_2024,192,CIFAR100_resnet_large.onnx,CIFAR100_resnet_large_prop_idx_5773_sidx_7310_eps_0.0039.vnnlib,unsat,20.1165,CERTIFIED,1,100.0,20.1165,22.453,0,22.537468759343028,0,0,,,not a FALSIFIED row,0,scratch/logs/fse2026/neuralsat/cifar100_2024/00192_c6e2302fc9650a72dc54_6_gz15_s.log,c5097698a32a6dc04d176dcf72b61a931b89cdac,"{""attack"": {""attack_off"": true, ""overrides"": [""--disable_attack""]}, ""deviations"": [""GRB_LICENSE_FILE unset (run_instance.sh sets ~/gurobi.lic; no license on this machine, gurobipy size-limited pip license)"", ""attack-off (user decision D20): --disable_attack""], ""mapping"": ""default"", ""official"": ""vnncomp_scripts/run_instance.sh defaults (no per-family config)"", ""variant"": ""default""}","[""GRB_LICENSE_FILE unset (run_instance.sh sets ~/gurobi.lic; no license on this machine, gurobipy size-limited pip license)"", ""attack-off (user decision D20): --disable_attack"", ""float32 default NeuralSAT dtype; stable interpreter; no precision override""]",,,0.0,11536.0,default_attack_off_f32,"[""neuralsat"",""data/vnncomp2026/cifar100_2024/1.0/onnx/CIFAR100_resnet_large.onnx"",""data/vnncomp2026/cifar100_2024/1.0/vnnlib/CIFAR100_resnet_large_prop_idx_5773_sidx_7310_eps_0.0039.vnnlib"",100.0,""default_attack_off_f32""]",
cifar100_2024,193,CIFAR100_resnet_large.onnx,CIFAR100_resnet_large_prop_idx_7291_sidx_1429_eps_0.0039.vnnlib,unsat,29.2137,CERTIFIED,1,100.0,29.2137,31.421,0,31.49555590003729,0,0,,,not a FALSIFIED row,0,scratch/logs/fse2026/neuralsat/cifar100_2024/00193_4a8c28190d90f2a20e24_5jivgze1.log,c5097698a32a6dc04d176dcf72b61a931b89cdac,"{""attack"": {""attack_off"": true, ""overrides"": [""--disable_attack""]}, ""deviations"": [""GRB_LICENSE_FILE unset (run_instance.sh sets ~/gurobi.lic; no license on this machine, gurobipy size-limited pip license)"", ""attack-off (user decision D20): --disable_attack""], ""mapping"": ""default"", ""official"": ""vnncomp_scripts/run_instance.sh defaults (no per-family config)"", ""variant"": ""default""}","[""GRB_LICENSE_FILE unset (run_instance.sh sets ~/gurobi.lic; no license on this machine, gurobipy size-limited pip license)"", ""attack-off (user decision D20): --disable_attack"", ""float32 default NeuralSAT dtype; stable interpreter; no precision override""]",,,0.0,11536.0,default_attack_off_f32,"[""neuralsat"",""data/vnncomp2026/cifar100_2024/1.0/onnx/CIFAR100_resnet_large.onnx"",""data/vnncomp2026/cifar100_2024/1.0/vnnlib/CIFAR100_resnet_large_prop_idx_7291_sidx_1429_eps_0.0039.vnnlib"",100.0,""default_attack_off_f32""]",
cifar100_2024,194,CIFAR100_resnet_large.onnx,CIFAR100_resnet_large_prop_idx_1589_sidx_1914_eps_0.0039.vnnlib,unsat,55.3047,CERTIFIED,1,100.0,55.3047,57.525,0,57.60354055091739,0,0,,,not a FALSIFIED row,0,scratch/logs/fse2026/neuralsat/cifar100_2024/00194_3e18e7355ad8f59f45af_njclni3t.log,c5097698a32a6dc04d176dcf72b61a931b89cdac,"{""attack"": {""attack_off"": true, ""overrides"": [""--disable_attack""]}, ""deviations"": [""GRB_LICENSE_FILE unset (run_instance.sh sets ~/gurobi.lic; no license on this machine, gurobipy size-limited pip license)"", ""attack-off (user decision D20): --disable_attack""], ""mapping"": ""default"", ""official"": ""vnncomp_scripts/run_instance.sh defaults (no per-family config)"", ""variant"": ""default""}","[""GRB_LICENSE_FILE unset (run_instance.sh sets ~/gurobi.lic; no license on this machine, gurobipy size-limited pip license)"", ""attack-off (user decision D20): --disable_attack"", ""float32 default NeuralSAT dtype; stable interpreter; no precision override""]",,,0.0,11536.0,default_attack_off_f32,"[""neuralsat"",""data/vnncomp2026/cifar100_2024/1.0/onnx/CIFAR100_resnet_large.onnx"",""data/vnncomp2026/cifar100_2024/1.0/vnnlib/CIFAR100_resnet_large_prop_idx_1589_sidx_1914_eps_0.0039.vnnlib"",100.0,""default_attack_off_f32""]",
cifar100_2024,195,CIFAR100_resnet_large.onnx,CIFAR100_resnet_large_prop_idx_7530_sidx_5775_eps_0.0039.vnnlib,unsat,34.9304,CERTIFIED,1,100.0,34.9304,37.183,0,37.27005147561431,0,0,,,not a FALSIFIED row,0,scratch/logs/fse2026/neuralsat/cifar100_2024/00195_a3dde18918cc250ed753_n5r8gd7h.log,c5097698a32a6dc04d176dcf72b61a931b89cdac,"{""attack"": {""attack_off"": true, ""overrides"": [""--disable_attack""]}, ""deviations"": [""GRB_LICENSE_FILE unset (run_instance.sh sets ~/gurobi.lic; no license on this machine, gurobipy size-limited pip license)"", ""attack-off (user decision D20): --disable_attack""], ""mapping"": ""default"", ""official"": ""vnncomp_scripts/run_instance.sh defaults (no per-family config)"", ""variant"": ""default""}","[""GRB_LICENSE_FILE unset (run_instance.sh sets ~/gurobi.lic; no license on this machine, gurobipy size-limited pip license)"", ""attack-off (user decision D20): --disable_attack"", ""float32 default NeuralSAT dtype; stable interpreter; no precision override""]",,,0.0,11536.0,default_attack_off_f32,"[""neuralsat"",""data/vnncomp2026/cifar100_2024/1.0/onnx/CIFAR100_resnet_large.onnx"",""data/vnncomp2026/cifar100_2024/1.0/vnnlib/CIFAR100_resnet_large_prop_idx_7530_sidx_5775_eps_0.0039.vnnlib"",100.0,""default_attack_off_f32""]",
cifar100_2024,196,CIFAR100_resnet_large.onnx,CIFAR100_resnet_large_prop_idx_2306_sidx_342_eps_0.0039.vnnlib,unsat,64.3694,CERTIFIED,1,100.0,64.3694,66.589,0,66.6661692801863,0,0,,,not a FALSIFIED row,0,scratch/logs/fse2026/neuralsat/cifar100_2024/00196_3880210bc69a4ae08b9b_bnojtccs.log,c5097698a32a6dc04d176dcf72b61a931b89cdac,"{""attack"": {""attack_off"": true, ""overrides"": [""--disable_attack""]}, ""deviations"": [""GRB_LICENSE_FILE unset (run_instance.sh sets ~/gurobi.lic; no license on this machine, gurobipy size-limited pip license)"", ""attack-off (user decision D20): --disable_attack""], ""mapping"": ""default"", ""official"": ""vnncomp_scripts/run_instance.sh defaults (no per-family config)"", ""variant"": ""default""}","[""GRB_LICENSE_FILE unset (run_instance.sh sets ~/gurobi.lic; no license on this machine, gurobipy size-limited pip license)"", ""attack-off (user decision D20): --disable_attack"", ""float32 default NeuralSAT dtype; stable interpreter; no precision override""]",,,0.0,11536.0,default_attack_off_f32,"[""neuralsat"",""data/vnncomp2026/cifar100_2024/1.0/onnx/CIFAR100_resnet_large.onnx"",""data/vnncomp2026/cifar100_2024/1.0/vnnlib/CIFAR100_resnet_large_prop_idx_2306_sidx_342_eps_0.0039.vnnlib"",100.0,""default_attack_off_f32""]",
cifar100_2024,197,CIFAR100_resnet_large.onnx,CIFAR100_resnet_large_prop_idx_7008_sidx_3994_eps_0.0039.vnnlib,timeout,110.3542,TIMEOUT,0,100.0,110.3542,113.182,0,113.2597566563636,1,0,,,not a FALSIFIED row,0,scratch/logs/fse2026/neuralsat/cifar100_2024/00197_39677b6fba895f120c53_yl3lt67j.log,c5097698a32a6dc04d176dcf72b61a931b89cdac,"{""attack"": {""attack_off"": true, ""overrides"": [""--disable_attack""]}, ""deviations"": [""GRB_LICENSE_FILE unset (run_instance.sh sets ~/gurobi.lic; no license on this machine, gurobipy size-limited pip license)"", ""attack-off (user decision D20): --disable_attack""], ""mapping"": ""default"", ""official"": ""vnncomp_scripts/run_instance.sh defaults (no per-family config)"", ""variant"": ""default""}","[""GRB_LICENSE_FILE unset (run_instance.sh sets ~/gurobi.lic; no license on this machine, gurobipy size-limited pip license)"", ""attack-off (user decision D20): --disable_attack"", ""float32 default NeuralSAT dtype; stable interpreter; no precision override""]",,,0.0,11536.0,default_attack_off_f32,"[""neuralsat"",""data/vnncomp2026/cifar100_2024/1.0/onnx/CIFAR100_resnet_large.onnx"",""data/vnncomp2026/cifar100_2024/1.0/vnnlib/CIFAR100_resnet_large_prop_idx_7008_sidx_3994_eps_0.0039.vnnlib"",100.0,""default_attack_off_f32""]",
cifar100_2024,198,CIFAR100_resnet_large.onnx,CIFAR100_resnet_large_prop_idx_6771_sidx_1674_eps_0.0039.vnnlib,timeout,103.7456,TIMEOUT,0,100.0,103.7456,106.361,0,106.44250871613622,1,0,,,not a FALSIFIED row,0,scratch/logs/fse2026/neuralsat/cifar100_2024/00198_6ba999b0d1b869adb462_nvs3_0gd.log,c5097698a32a6dc04d176dcf72b61a931b89cdac,"{""attack"": {""attack_off"": true, ""overrides"": [""--disable_attack""]}, ""deviations"": [""GRB_LICENSE_FILE unset (run_instance.sh sets ~/gurobi.lic; no license on this machine, gurobipy size-limited pip license)"", ""attack-off (user decision D20): --disable_attack""], ""mapping"": ""default"", ""official"": ""vnncomp_scripts/run_instance.sh defaults (no per-family config)"", ""variant"": ""default""}","[""GRB_LICENSE_FILE unset (run_instance.sh sets ~/gurobi.lic; no license on this machine, gurobipy size-limited pip license)"", ""attack-off (user decision D20): --disable_attack"", ""float32 default NeuralSAT dtype; stable interpreter; no precision override""]",,,0.0,11536.0,default_attack_off_f32,"[""neuralsat"",""data/vnncomp2026/cifar100_2024/1.0/onnx/CIFAR100_resnet_large.onnx"",""data/vnncomp2026/cifar100_2024/1.0/vnnlib/CIFAR100_resnet_large_prop_idx_6771_sidx_1674_eps_0.0039.vnnlib"",100.0,""default_attack_off_f32""]",
cifar100_2024,199,CIFAR100_resnet_large.onnx,CIFAR100_resnet_large_prop_idx_4848_sidx_7070_eps_0.0039.vnnlib,timeout,103.8306,TIMEOUT,0,100.0,103.8306,106.37,0,106.43906976096332,1,0,,,not a FALSIFIED row,0,scratch/logs/fse2026/neuralsat/cifar100_2024/00199_ecd84bc0f4db3a12834a_yqozsxl2.log,c5097698a32a6dc04d176dcf72b61a931b89cdac,"{""attack"": {""attack_off"": true, ""overrides"": [""--disable_attack""]}, ""deviations"": [""GRB_LICENSE_FILE unset (run_instance.sh sets ~/gurobi.lic; no license on this machine, gurobipy size-limited pip license)"", ""attack-off (user decision D20): --disable_attack""], ""mapping"": ""default"", ""official"": ""vnncomp_scripts/run_instance.sh defaults (no per-family config)"", ""variant"": ""default""}","[""GRB_LICENSE_FILE unset (run_instance.sh sets ~/gurobi.lic; no license on this machine, gurobipy size-limited pip license)"", ""attack-off (user decision D20): --disable_attack"", ""float32 default NeuralSAT dtype; stable interpreter; no precision override""]",,,27.0,11536.0,default_attack_off_f32,"[""neuralsat"",""data/vnncomp2026/cifar100_2024/1.0/onnx/CIFAR100_resnet_large.onnx"",""data/vnncomp2026/cifar100_2024/1.0/vnnlib/CIFAR100_resnet_large_prop_idx_4848_sidx_7070_eps_0.0039.vnnlib"",100.0,""default_attack_off_f32""]",
