dataset,row,onnx,vnnlib,result,time_sec,status,solved,timeout_s,verification_s,wall_s,prep_s,process_wall_s,over_timeout,witness_n,witness_valid,witness_valid_1e6,witness_note,exit_code,log_path,tool_commit,config,deviations,error_class,error_detail,gpu_util_pct_before,gpu_mem_used_mib_before,variant,key,reused_from_row
cora_2024,0,mnist-point.onnx,mnist-img0.vnnlib,timeout,30.548199146986008,TIMEOUT,0,30.0,30.548199146986008,31.156413223594427,0,31.156413223594427,1,0,,,not a FALSIFIED row,0,scratch/logs/fse2026/nnenum/cora_2024/00000_cb0803413a9c37954903_7mcv88op.log,b18238f123ed6fab051ec94641b78a1ba2e307e7,"{""attack"": ""no adversarial attack implementation in this nnenum version; LP witness extraction retained"", ""cpus"": ""0-3"", ""deviations"": [""CPU affinity 0-3; BLAS/OpenMP=1; CUDA hidden"", ""observation-only hook exports Result.total_secs and cinput; watchdog T+20""], ""official"": ""nnenum CLI auto settings""}","[""CPU affinity 0-3; BLAS/OpenMP=1; CUDA hidden"", ""observation-only hook exports Result.total_secs and cinput; watchdog T+20""]",,,99.0,21126.0,auto_no_attacks_cpu4,"[""nnenum"",""data/vnncomp2026/cora_2024/1.0/onnx/mnist-point.onnx"",""data/vnncomp2026/cora_2024/1.0/vnnlib/mnist-img0.vnnlib"",30.0,""auto_no_attacks_cpu4""]",
cora_2024,1,mnist-trades.onnx,mnist-img0.vnnlib,timeout,30.62369329854846,TIMEOUT,0,30.0,30.62369329854846,31.23762834817171,0,31.23762834817171,1,0,,,not a FALSIFIED row,0,scratch/logs/fse2026/nnenum/cora_2024/00001_d1b5349ff0f71af1a2de_tb4wydb3.log,b18238f123ed6fab051ec94641b78a1ba2e307e7,"{""attack"": ""no adversarial attack implementation in this nnenum version; LP witness extraction retained"", ""cpus"": ""0-3"", ""deviations"": [""CPU affinity 0-3; BLAS/OpenMP=1; CUDA hidden"", ""observation-only hook exports Result.total_secs and cinput; watchdog T+20""], ""official"": ""nnenum CLI auto settings""}","[""CPU affinity 0-3; BLAS/OpenMP=1; CUDA hidden"", ""observation-only hook exports Result.total_secs and cinput; watchdog T+20""]",,,20.0,2960.0,auto_no_attacks_cpu4,"[""nnenum"",""data/vnncomp2026/cora_2024/1.0/onnx/mnist-trades.onnx"",""data/vnncomp2026/cora_2024/1.0/vnnlib/mnist-img0.vnnlib"",30.0,""auto_no_attacks_cpu4""]",
cora_2024,2,mnist-set.onnx,mnist-img0.vnnlib,unsat,0.4834413956850767,CERTIFIED,1,30.0,0.4834413956850767,1.0429957788437605,0,1.0429957788437605,0,0,,,not a FALSIFIED row,0,scratch/logs/fse2026/nnenum/cora_2024/00002_b1645e56b3cd716d8544_ni5y8en4.log,b18238f123ed6fab051ec94641b78a1ba2e307e7,"{""attack"": ""no adversarial attack implementation in this nnenum version; LP witness extraction retained"", ""cpus"": ""0-3"", ""deviations"": [""CPU affinity 0-3; BLAS/OpenMP=1; CUDA hidden"", ""observation-only hook exports Result.total_secs and cinput; watchdog T+20""], ""official"": ""nnenum CLI auto settings""}","[""CPU affinity 0-3; BLAS/OpenMP=1; CUDA hidden"", ""observation-only hook exports Result.total_secs and cinput; watchdog T+20""]",,,90.0,5194.0,auto_no_attacks_cpu4,"[""nnenum"",""data/vnncomp2026/cora_2024/1.0/onnx/mnist-set.onnx"",""data/vnncomp2026/cora_2024/1.0/vnnlib/mnist-img0.vnnlib"",30.0,""auto_no_attacks_cpu4""]",
cora_2024,3,mnist-point.onnx,mnist-img1.vnnlib,timeout,30.508091697469354,TIMEOUT,0,30.0,30.508091697469354,31.082571852952242,0,31.082571852952242,1,0,,,not a FALSIFIED row,0,scratch/logs/fse2026/nnenum/cora_2024/00003_edbec8ae36d84c44a3b6_2dtagc4n.log,b18238f123ed6fab051ec94641b78a1ba2e307e7,"{""attack"": ""no adversarial attack implementation in this nnenum version; LP witness extraction retained"", ""cpus"": ""0-3"", ""deviations"": [""CPU affinity 0-3; BLAS/OpenMP=1; CUDA hidden"", ""observation-only hook exports Result.total_secs and cinput; watchdog T+20""], ""official"": ""nnenum CLI auto settings""}","[""CPU affinity 0-3; BLAS/OpenMP=1; CUDA hidden"", ""observation-only hook exports Result.total_secs and cinput; watchdog T+20""]",,,8.0,2960.0,auto_no_attacks_cpu4,"[""nnenum"",""data/vnncomp2026/cora_2024/1.0/onnx/mnist-point.onnx"",""data/vnncomp2026/cora_2024/1.0/vnnlib/mnist-img1.vnnlib"",30.0,""auto_no_attacks_cpu4""]",
cora_2024,4,mnist-trades.onnx,mnist-img1.vnnlib,timeout,30.731509923934937,TIMEOUT,0,30.0,30.731509923934937,31.292930545285344,0,31.292930545285344,1,0,,,not a FALSIFIED row,0,scratch/logs/fse2026/nnenum/cora_2024/00004_d5fd988f5b84711c3e21_2_7_c9xg.log,b18238f123ed6fab051ec94641b78a1ba2e307e7,"{""attack"": ""no adversarial attack implementation in this nnenum version; LP witness extraction retained"", ""cpus"": ""0-3"", ""deviations"": [""CPU affinity 0-3; BLAS/OpenMP=1; CUDA hidden"", ""observation-only hook exports Result.total_secs and cinput; watchdog T+20""], ""official"": ""nnenum CLI auto settings""}","[""CPU affinity 0-3; BLAS/OpenMP=1; CUDA hidden"", ""observation-only hook exports Result.total_secs and cinput; watchdog T+20""]",,,73.0,28116.0,auto_no_attacks_cpu4,"[""nnenum"",""data/vnncomp2026/cora_2024/1.0/onnx/mnist-trades.onnx"",""data/vnncomp2026/cora_2024/1.0/vnnlib/mnist-img1.vnnlib"",30.0,""auto_no_attacks_cpu4""]",
cora_2024,5,mnist-set.onnx,mnist-img1.vnnlib,unsat,0.47905215807259083,CERTIFIED,1,30.0,0.47905215807259083,1.0394754838198423,0,1.0394754838198423,0,0,,,not a FALSIFIED row,0,scratch/logs/fse2026/nnenum/cora_2024/00005_f6495c8923ca2d1bc1c7_nw0m31mx.log,b18238f123ed6fab051ec94641b78a1ba2e307e7,"{""attack"": ""no adversarial attack implementation in this nnenum version; LP witness extraction retained"", ""cpus"": ""0-3"", ""deviations"": [""CPU affinity 0-3; BLAS/OpenMP=1; CUDA hidden"", ""observation-only hook exports Result.total_secs and cinput; watchdog T+20""], ""official"": ""nnenum CLI auto settings""}","[""CPU affinity 0-3; BLAS/OpenMP=1; CUDA hidden"", ""observation-only hook exports Result.total_secs and cinput; watchdog T+20""]",,,99.0,12902.0,auto_no_attacks_cpu4,"[""nnenum"",""data/vnncomp2026/cora_2024/1.0/onnx/mnist-set.onnx"",""data/vnncomp2026/cora_2024/1.0/vnnlib/mnist-img1.vnnlib"",30.0,""auto_no_attacks_cpu4""]",
cora_2024,6,mnist-point.onnx,mnist-img2.vnnlib,timeout,31.603182589635253,TIMEOUT,0,30.0,31.603182589635253,32.22590205818415,0,32.22590205818415,1,0,,,not a FALSIFIED row,0,scratch/logs/fse2026/nnenum/cora_2024/00006_e771af55f2192688a691_82qlydi7.log,b18238f123ed6fab051ec94641b78a1ba2e307e7,"{""attack"": ""no adversarial attack implementation in this nnenum version; LP witness extraction retained"", ""cpus"": ""0-3"", ""deviations"": [""CPU affinity 0-3; BLAS/OpenMP=1; CUDA hidden"", ""observation-only hook exports Result.total_secs and cinput; watchdog T+20""], ""official"": ""nnenum CLI auto settings""}","[""CPU affinity 0-3; BLAS/OpenMP=1; CUDA hidden"", ""observation-only hook exports Result.total_secs and cinput; watchdog T+20""]",,,90.0,14384.0,auto_no_attacks_cpu4,"[""nnenum"",""data/vnncomp2026/cora_2024/1.0/onnx/mnist-point.onnx"",""data/vnncomp2026/cora_2024/1.0/vnnlib/mnist-img2.vnnlib"",30.0,""auto_no_attacks_cpu4""]",
cora_2024,7,mnist-trades.onnx,mnist-img2.vnnlib,timeout,30.694697465747595,TIMEOUT,0,30.0,30.694697465747595,31.2722324449569,0,31.2722324449569,1,0,,,not a FALSIFIED row,0,scratch/logs/fse2026/nnenum/cora_2024/00007_8ea9f92a16dc52077dd9_2ba710fd.log,b18238f123ed6fab051ec94641b78a1ba2e307e7,"{""attack"": ""no adversarial attack implementation in this nnenum version; LP witness extraction retained"", ""cpus"": ""0-3"", ""deviations"": [""CPU affinity 0-3; BLAS/OpenMP=1; CUDA hidden"", ""observation-only hook exports Result.total_secs and cinput; watchdog T+20""], ""official"": ""nnenum CLI auto settings""}","[""CPU affinity 0-3; BLAS/OpenMP=1; CUDA hidden"", ""observation-only hook exports Result.total_secs and cinput; watchdog T+20""]",,,74.0,19164.0,auto_no_attacks_cpu4,"[""nnenum"",""data/vnncomp2026/cora_2024/1.0/onnx/mnist-trades.onnx"",""data/vnncomp2026/cora_2024/1.0/vnnlib/mnist-img2.vnnlib"",30.0,""auto_no_attacks_cpu4""]",
cora_2024,8,mnist-set.onnx,mnist-img2.vnnlib,unsat,0.4809079710394144,CERTIFIED,1,30.0,0.4809079710394144,1.0372485015541315,0,1.0372485015541315,0,0,,,not a FALSIFIED row,0,scratch/logs/fse2026/nnenum/cora_2024/00008_0efb48f796d774a6e793__vr1ibx9.log,b18238f123ed6fab051ec94641b78a1ba2e307e7,"{""attack"": ""no adversarial attack implementation in this nnenum version; LP witness extraction retained"", ""cpus"": ""0-3"", ""deviations"": [""CPU affinity 0-3; BLAS/OpenMP=1; CUDA hidden"", ""observation-only hook exports Result.total_secs and cinput; watchdog T+20""], ""official"": ""nnenum CLI auto settings""}","[""CPU affinity 0-3; BLAS/OpenMP=1; CUDA hidden"", ""observation-only hook exports Result.total_secs and cinput; watchdog T+20""]",,,98.0,15756.0,auto_no_attacks_cpu4,"[""nnenum"",""data/vnncomp2026/cora_2024/1.0/onnx/mnist-set.onnx"",""data/vnncomp2026/cora_2024/1.0/vnnlib/mnist-img2.vnnlib"",30.0,""auto_no_attacks_cpu4""]",
cora_2024,9,mnist-point.onnx,mnist-img3.vnnlib,timeout,30.599231800064445,TIMEOUT,0,30.0,30.599231800064445,31.183842178434134,0,31.183842178434134,1,0,,,not a FALSIFIED row,0,scratch/logs/fse2026/nnenum/cora_2024/00009_a9afe11a6b8694ba5ed6_w12u3hmb.log,b18238f123ed6fab051ec94641b78a1ba2e307e7,"{""attack"": ""no adversarial attack implementation in this nnenum version; LP witness extraction retained"", ""cpus"": ""0-3"", ""deviations"": [""CPU affinity 0-3; BLAS/OpenMP=1; CUDA hidden"", ""observation-only hook exports Result.total_secs and cinput; watchdog T+20""], ""official"": ""nnenum CLI auto settings""}","[""CPU affinity 0-3; BLAS/OpenMP=1; CUDA hidden"", ""observation-only hook exports Result.total_secs and cinput; watchdog T+20""]",,,97.0,16592.0,auto_no_attacks_cpu4,"[""nnenum"",""data/vnncomp2026/cora_2024/1.0/onnx/mnist-point.onnx"",""data/vnncomp2026/cora_2024/1.0/vnnlib/mnist-img3.vnnlib"",30.0,""auto_no_attacks_cpu4""]",
cora_2024,10,mnist-trades.onnx,mnist-img3.vnnlib,timeout,31.718523122370243,TIMEOUT,0,30.0,31.718523122370243,32.28621315769851,0,32.28621315769851,1,0,,,not a FALSIFIED row,0,scratch/logs/fse2026/nnenum/cora_2024/00010_490bc93827cfe1986d71_im8fvcsl.log,b18238f123ed6fab051ec94641b78a1ba2e307e7,"{""attack"": ""no adversarial attack implementation in this nnenum version; LP witness extraction retained"", ""cpus"": ""0-3"", ""deviations"": [""CPU affinity 0-3; BLAS/OpenMP=1; CUDA hidden"", ""observation-only hook exports Result.total_secs and cinput; watchdog T+20""], ""official"": ""nnenum CLI auto settings""}","[""CPU affinity 0-3; BLAS/OpenMP=1; CUDA hidden"", ""observation-only hook exports Result.total_secs and cinput; watchdog T+20""]",,,92.0,13174.0,auto_no_attacks_cpu4,"[""nnenum"",""data/vnncomp2026/cora_2024/1.0/onnx/mnist-trades.onnx"",""data/vnncomp2026/cora_2024/1.0/vnnlib/mnist-img3.vnnlib"",30.0,""auto_no_attacks_cpu4""]",
cora_2024,11,mnist-set.onnx,mnist-img3.vnnlib,unsat,0.4887223280966282,CERTIFIED,1,30.0,0.4887223280966282,1.0427104067057371,0,1.0427104067057371,0,0,,,not a FALSIFIED row,0,scratch/logs/fse2026/nnenum/cora_2024/00011_257768473d9d9d4ff32f_5ctni8ke.log,b18238f123ed6fab051ec94641b78a1ba2e307e7,"{""attack"": ""no adversarial attack implementation in this nnenum version; LP witness extraction retained"", ""cpus"": ""0-3"", ""deviations"": [""CPU affinity 0-3; BLAS/OpenMP=1; CUDA hidden"", ""observation-only hook exports Result.total_secs and cinput; watchdog T+20""], ""official"": ""nnenum CLI auto settings""}","[""CPU affinity 0-3; BLAS/OpenMP=1; CUDA hidden"", ""observation-only hook exports Result.total_secs and cinput; watchdog T+20""]",,,99.0,34350.0,auto_no_attacks_cpu4,"[""nnenum"",""data/vnncomp2026/cora_2024/1.0/onnx/mnist-set.onnx"",""data/vnncomp2026/cora_2024/1.0/vnnlib/mnist-img3.vnnlib"",30.0,""auto_no_attacks_cpu4""]",
cora_2024,12,mnist-point.onnx,mnist-img4.vnnlib,timeout,30.8227330558002,TIMEOUT,0,30.0,30.8227330558002,31.352696424350142,0,31.352696424350142,1,0,,,not a FALSIFIED row,0,scratch/logs/fse2026/nnenum/cora_2024/00012_3eb1c8d2ab553df72c71_eii3ssvw.log,b18238f123ed6fab051ec94641b78a1ba2e307e7,"{""attack"": ""no adversarial attack implementation in this nnenum version; LP witness extraction retained"", ""cpus"": ""0-3"", ""deviations"": [""CPU affinity 0-3; BLAS/OpenMP=1; CUDA hidden"", ""observation-only hook exports Result.total_secs and cinput; watchdog T+20""], ""official"": ""nnenum CLI auto settings""}","[""CPU affinity 0-3; BLAS/OpenMP=1; CUDA hidden"", ""observation-only hook exports Result.total_secs and cinput; watchdog T+20""]",,,99.0,34350.0,auto_no_attacks_cpu4,"[""nnenum"",""data/vnncomp2026/cora_2024/1.0/onnx/mnist-point.onnx"",""data/vnncomp2026/cora_2024/1.0/vnnlib/mnist-img4.vnnlib"",30.0,""auto_no_attacks_cpu4""]",
cora_2024,13,mnist-trades.onnx,mnist-img4.vnnlib,timeout,30.63217541947961,TIMEOUT,0,30.0,30.63217541947961,31.17467677220702,0,31.17467677220702,1,0,,,not a FALSIFIED row,0,scratch/logs/fse2026/nnenum/cora_2024/00013_cdf96baf6c3f88d474d6_bxognz6r.log,b18238f123ed6fab051ec94641b78a1ba2e307e7,"{""attack"": ""no adversarial attack implementation in this nnenum version; LP witness extraction retained"", ""cpus"": ""0-3"", ""deviations"": [""CPU affinity 0-3; BLAS/OpenMP=1; CUDA hidden"", ""observation-only hook exports Result.total_secs and cinput; watchdog T+20""], ""official"": ""nnenum CLI auto settings""}","[""CPU affinity 0-3; BLAS/OpenMP=1; CUDA hidden"", ""observation-only hook exports Result.total_secs and cinput; watchdog T+20""]",,,1.0,8948.0,auto_no_attacks_cpu4,"[""nnenum"",""data/vnncomp2026/cora_2024/1.0/onnx/mnist-trades.onnx"",""data/vnncomp2026/cora_2024/1.0/vnnlib/mnist-img4.vnnlib"",30.0,""auto_no_attacks_cpu4""]",
cora_2024,14,mnist-set.onnx,mnist-img4.vnnlib,unsat,0.47696371003985405,CERTIFIED,1,30.0,0.47696371003985405,1.093175120651722,0,1.093175120651722,0,0,,,not a FALSIFIED row,0,scratch/logs/fse2026/nnenum/cora_2024/00014_1f20c1728259e48cb781_d96ase3i.log,b18238f123ed6fab051ec94641b78a1ba2e307e7,"{""attack"": ""no adversarial attack implementation in this nnenum version; LP witness extraction retained"", ""cpus"": ""0-3"", ""deviations"": [""CPU affinity 0-3; BLAS/OpenMP=1; CUDA hidden"", ""observation-only hook exports Result.total_secs and cinput; watchdog T+20""], ""official"": ""nnenum CLI auto settings""}","[""CPU affinity 0-3; BLAS/OpenMP=1; CUDA hidden"", ""observation-only hook exports Result.total_secs and cinput; watchdog T+20""]",,,55.0,22620.0,auto_no_attacks_cpu4,"[""nnenum"",""data/vnncomp2026/cora_2024/1.0/onnx/mnist-set.onnx"",""data/vnncomp2026/cora_2024/1.0/vnnlib/mnist-img4.vnnlib"",30.0,""auto_no_attacks_cpu4""]",
cora_2024,15,mnist-point.onnx,mnist-img5.vnnlib,timeout,30.47817855887115,TIMEOUT,0,30.0,30.47817855887115,31.027031049132347,0,31.027031049132347,1,0,,,not a FALSIFIED row,0,scratch/logs/fse2026/nnenum/cora_2024/00015_ca1ae3f4a88e9b276404_w0vdkpp_.log,b18238f123ed6fab051ec94641b78a1ba2e307e7,"{""attack"": ""no adversarial attack implementation in this nnenum version; LP witness extraction retained"", ""cpus"": ""0-3"", ""deviations"": [""CPU affinity 0-3; BLAS/OpenMP=1; CUDA hidden"", ""observation-only hook exports Result.total_secs and cinput; watchdog T+20""], ""official"": ""nnenum CLI auto settings""}","[""CPU affinity 0-3; BLAS/OpenMP=1; CUDA hidden"", ""observation-only hook exports Result.total_secs and cinput; watchdog T+20""]",,,59.0,22620.0,auto_no_attacks_cpu4,"[""nnenum"",""data/vnncomp2026/cora_2024/1.0/onnx/mnist-point.onnx"",""data/vnncomp2026/cora_2024/1.0/vnnlib/mnist-img5.vnnlib"",30.0,""auto_no_attacks_cpu4""]",
cora_2024,16,mnist-trades.onnx,mnist-img5.vnnlib,timeout,30.852376407012343,TIMEOUT,0,30.0,30.852376407012343,31.475642858073115,0,31.475642858073115,1,0,,,not a FALSIFIED row,0,scratch/logs/fse2026/nnenum/cora_2024/00016_7e0910311d15709b899c_va0nsw2r.log,b18238f123ed6fab051ec94641b78a1ba2e307e7,"{""attack"": ""no adversarial attack implementation in this nnenum version; LP witness extraction retained"", ""cpus"": ""0-3"", ""deviations"": [""CPU affinity 0-3; BLAS/OpenMP=1; CUDA hidden"", ""observation-only hook exports Result.total_secs and cinput; watchdog T+20""], ""official"": ""nnenum CLI auto settings""}","[""CPU affinity 0-3; BLAS/OpenMP=1; CUDA hidden"", ""observation-only hook exports Result.total_secs and cinput; watchdog T+20""]",,,97.0,17938.0,auto_no_attacks_cpu4,"[""nnenum"",""data/vnncomp2026/cora_2024/1.0/onnx/mnist-trades.onnx"",""data/vnncomp2026/cora_2024/1.0/vnnlib/mnist-img5.vnnlib"",30.0,""auto_no_attacks_cpu4""]",
cora_2024,17,mnist-set.onnx,mnist-img5.vnnlib,unsat,0.4750848710536957,CERTIFIED,1,30.0,0.4750848710536957,1.038278479129076,0,1.038278479129076,0,0,,,not a FALSIFIED row,0,scratch/logs/fse2026/nnenum/cora_2024/00017_54a8a2e10bf0baa313ff_on8ad8j0.log,b18238f123ed6fab051ec94641b78a1ba2e307e7,"{""attack"": ""no adversarial attack implementation in this nnenum version; LP witness extraction retained"", ""cpus"": ""0-3"", ""deviations"": [""CPU affinity 0-3; BLAS/OpenMP=1; CUDA hidden"", ""observation-only hook exports Result.total_secs and cinput; watchdog T+20""], ""official"": ""nnenum CLI auto settings""}","[""CPU affinity 0-3; BLAS/OpenMP=1; CUDA hidden"", ""observation-only hook exports Result.total_secs and cinput; watchdog T+20""]",,,96.0,11754.0,auto_no_attacks_cpu4,"[""nnenum"",""data/vnncomp2026/cora_2024/1.0/onnx/mnist-set.onnx"",""data/vnncomp2026/cora_2024/1.0/vnnlib/mnist-img5.vnnlib"",30.0,""auto_no_attacks_cpu4""]",
cora_2024,18,mnist-point.onnx,mnist-img6.vnnlib,timeout,31.416727287694812,TIMEOUT,0,30.0,31.416727287694812,31.999258955940604,0,31.999258955940604,1,0,,,not a FALSIFIED row,0,scratch/logs/fse2026/nnenum/cora_2024/00018_4811a040b9e9607471d5_wsll0yke.log,b18238f123ed6fab051ec94641b78a1ba2e307e7,"{""attack"": ""no adversarial attack implementation in this nnenum version; LP witness extraction retained"", ""cpus"": ""0-3"", ""deviations"": [""CPU affinity 0-3; BLAS/OpenMP=1; CUDA hidden"", ""observation-only hook exports Result.total_secs and cinput; watchdog T+20""], ""official"": ""nnenum CLI auto settings""}","[""CPU affinity 0-3; BLAS/OpenMP=1; CUDA hidden"", ""observation-only hook exports Result.total_secs and cinput; watchdog T+20""]",,,97.0,11136.0,auto_no_attacks_cpu4,"[""nnenum"",""data/vnncomp2026/cora_2024/1.0/onnx/mnist-point.onnx"",""data/vnncomp2026/cora_2024/1.0/vnnlib/mnist-img6.vnnlib"",30.0,""auto_no_attacks_cpu4""]",
cora_2024,19,mnist-trades.onnx,mnist-img6.vnnlib,timeout,30.688215436413884,TIMEOUT,0,30.0,30.688215436413884,31.336139081045985,0,31.336139081045985,1,0,,,not a FALSIFIED row,0,scratch/logs/fse2026/nnenum/cora_2024/00019_282ee43322a1d0de322f_n9g759ex.log,b18238f123ed6fab051ec94641b78a1ba2e307e7,"{""attack"": ""no adversarial attack implementation in this nnenum version; LP witness extraction retained"", ""cpus"": ""0-3"", ""deviations"": [""CPU affinity 0-3; BLAS/OpenMP=1; CUDA hidden"", ""observation-only hook exports Result.total_secs and cinput; watchdog T+20""], ""official"": ""nnenum CLI auto settings""}","[""CPU affinity 0-3; BLAS/OpenMP=1; CUDA hidden"", ""observation-only hook exports Result.total_secs and cinput; watchdog T+20""]",,,31.0,3784.0,auto_no_attacks_cpu4,"[""nnenum"",""data/vnncomp2026/cora_2024/1.0/onnx/mnist-trades.onnx"",""data/vnncomp2026/cora_2024/1.0/vnnlib/mnist-img6.vnnlib"",30.0,""auto_no_attacks_cpu4""]",
cora_2024,20,mnist-set.onnx,mnist-img6.vnnlib,unsat,0.47899153642356396,CERTIFIED,1,30.0,0.47899153642356396,1.0383563376963139,0,1.0383563376963139,0,0,,,not a FALSIFIED row,0,scratch/logs/fse2026/nnenum/cora_2024/00020_04e505f9c4c578a1e4d3_758nuq1n.log,b18238f123ed6fab051ec94641b78a1ba2e307e7,"{""attack"": ""no adversarial attack implementation in this nnenum version; LP witness extraction retained"", ""cpus"": ""0-3"", ""deviations"": [""CPU affinity 0-3; BLAS/OpenMP=1; CUDA hidden"", ""observation-only hook exports Result.total_secs and cinput; watchdog T+20""], ""official"": ""nnenum CLI auto settings""}","[""CPU affinity 0-3; BLAS/OpenMP=1; CUDA hidden"", ""observation-only hook exports Result.total_secs and cinput; watchdog T+20""]",,,0.0,11720.0,auto_no_attacks_cpu4,"[""nnenum"",""data/vnncomp2026/cora_2024/1.0/onnx/mnist-set.onnx"",""data/vnncomp2026/cora_2024/1.0/vnnlib/mnist-img6.vnnlib"",30.0,""auto_no_attacks_cpu4""]",
cora_2024,21,mnist-point.onnx,mnist-img7.vnnlib,timeout,30.486559277400374,TIMEOUT,0,30.0,30.486559277400374,31.066853385418653,0,31.066853385418653,1,0,,,not a FALSIFIED row,0,scratch/logs/fse2026/nnenum/cora_2024/00021_5950457ac0a1137539fb_ies944o0.log,b18238f123ed6fab051ec94641b78a1ba2e307e7,"{""attack"": ""no adversarial attack implementation in this nnenum version; LP witness extraction retained"", ""cpus"": ""0-3"", ""deviations"": [""CPU affinity 0-3; BLAS/OpenMP=1; CUDA hidden"", ""observation-only hook exports Result.total_secs and cinput; watchdog T+20""], ""official"": ""nnenum CLI auto settings""}","[""CPU affinity 0-3; BLAS/OpenMP=1; CUDA hidden"", ""observation-only hook exports Result.total_secs and cinput; watchdog T+20""]",,,0.0,12486.0,auto_no_attacks_cpu4,"[""nnenum"",""data/vnncomp2026/cora_2024/1.0/onnx/mnist-point.onnx"",""data/vnncomp2026/cora_2024/1.0/vnnlib/mnist-img7.vnnlib"",30.0,""auto_no_attacks_cpu4""]",
cora_2024,22,mnist-trades.onnx,mnist-img7.vnnlib,timeout,30.50008170492947,TIMEOUT,0,30.0,30.50008170492947,31.046041823923588,0,31.046041823923588,1,0,,,not a FALSIFIED row,0,scratch/logs/fse2026/nnenum/cora_2024/00022_eb20d9e819750b22537a_ol2dj_v_.log,b18238f123ed6fab051ec94641b78a1ba2e307e7,"{""attack"": ""no adversarial attack implementation in this nnenum version; LP witness extraction retained"", ""cpus"": ""0-3"", ""deviations"": [""CPU affinity 0-3; BLAS/OpenMP=1; CUDA hidden"", ""observation-only hook exports Result.total_secs and cinput; watchdog T+20""], ""official"": ""nnenum CLI auto settings""}","[""CPU affinity 0-3; BLAS/OpenMP=1; CUDA hidden"", ""observation-only hook exports Result.total_secs and cinput; watchdog T+20""]",,,83.0,6030.0,auto_no_attacks_cpu4,"[""nnenum"",""data/vnncomp2026/cora_2024/1.0/onnx/mnist-trades.onnx"",""data/vnncomp2026/cora_2024/1.0/vnnlib/mnist-img7.vnnlib"",30.0,""auto_no_attacks_cpu4""]",
cora_2024,23,mnist-set.onnx,mnist-img7.vnnlib,timeout,30.49244158156216,TIMEOUT,0,30.0,30.49244158156216,31.108987845480442,0,31.108987845480442,1,0,,,not a FALSIFIED row,0,scratch/logs/fse2026/nnenum/cora_2024/00023_b8baf409498450a6f54b_vgl9ljpa.log,b18238f123ed6fab051ec94641b78a1ba2e307e7,"{""attack"": ""no adversarial attack implementation in this nnenum version; LP witness extraction retained"", ""cpus"": ""0-3"", ""deviations"": [""CPU affinity 0-3; BLAS/OpenMP=1; CUDA hidden"", ""observation-only hook exports Result.total_secs and cinput; watchdog T+20""], ""official"": ""nnenum CLI auto settings""}","[""CPU affinity 0-3; BLAS/OpenMP=1; CUDA hidden"", ""observation-only hook exports Result.total_secs and cinput; watchdog T+20""]",,,98.0,24894.0,auto_no_attacks_cpu4,"[""nnenum"",""data/vnncomp2026/cora_2024/1.0/onnx/mnist-set.onnx"",""data/vnncomp2026/cora_2024/1.0/vnnlib/mnist-img7.vnnlib"",30.0,""auto_no_attacks_cpu4""]",
cora_2024,24,mnist-point.onnx,mnist-img8.vnnlib,timeout,30.54780332185328,TIMEOUT,0,30.0,30.54780332185328,31.179973291233182,0,31.179973291233182,1,0,,,not a FALSIFIED row,0,scratch/logs/fse2026/nnenum/cora_2024/00024_eb58b744768767417bbe_c7et53ok.log,b18238f123ed6fab051ec94641b78a1ba2e307e7,"{""attack"": ""no adversarial attack implementation in this nnenum version; LP witness extraction retained"", ""cpus"": ""0-3"", ""deviations"": [""CPU affinity 0-3; BLAS/OpenMP=1; CUDA hidden"", ""observation-only hook exports Result.total_secs and cinput; watchdog T+20""], ""official"": ""nnenum CLI auto settings""}","[""CPU affinity 0-3; BLAS/OpenMP=1; CUDA hidden"", ""observation-only hook exports Result.total_secs and cinput; watchdog T+20""]",,,99.0,16170.0,auto_no_attacks_cpu4,"[""nnenum"",""data/vnncomp2026/cora_2024/1.0/onnx/mnist-point.onnx"",""data/vnncomp2026/cora_2024/1.0/vnnlib/mnist-img8.vnnlib"",30.0,""auto_no_attacks_cpu4""]",
cora_2024,25,mnist-trades.onnx,mnist-img8.vnnlib,timeout,30.538702849298716,TIMEOUT,0,30.0,30.538702849298716,31.176606642082334,0,31.176606642082334,1,0,,,not a FALSIFIED row,0,scratch/logs/fse2026/nnenum/cora_2024/00025_1dbb66aaa9c31e8f1e58_9zm7qmbr.log,b18238f123ed6fab051ec94641b78a1ba2e307e7,"{""attack"": ""no adversarial attack implementation in this nnenum version; LP witness extraction retained"", ""cpus"": ""0-3"", ""deviations"": [""CPU affinity 0-3; BLAS/OpenMP=1; CUDA hidden"", ""observation-only hook exports Result.total_secs and cinput; watchdog T+20""], ""official"": ""nnenum CLI auto settings""}","[""CPU affinity 0-3; BLAS/OpenMP=1; CUDA hidden"", ""observation-only hook exports Result.total_secs and cinput; watchdog T+20""]",,,0.0,8360.0,auto_no_attacks_cpu4,"[""nnenum"",""data/vnncomp2026/cora_2024/1.0/onnx/mnist-trades.onnx"",""data/vnncomp2026/cora_2024/1.0/vnnlib/mnist-img8.vnnlib"",30.0,""auto_no_attacks_cpu4""]",
cora_2024,26,mnist-set.onnx,mnist-img8.vnnlib,unsat,0.4820856358855963,CERTIFIED,1,30.0,0.4820856358855963,1.0379475876688957,0,1.0379475876688957,0,0,,,not a FALSIFIED row,0,scratch/logs/fse2026/nnenum/cora_2024/00026_bc7598bb1ddb8e90a32e_64wpz2hm.log,b18238f123ed6fab051ec94641b78a1ba2e307e7,"{""attack"": ""no adversarial attack implementation in this nnenum version; LP witness extraction retained"", ""cpus"": ""0-3"", ""deviations"": [""CPU affinity 0-3; BLAS/OpenMP=1; CUDA hidden"", ""observation-only hook exports Result.total_secs and cinput; watchdog T+20""], ""official"": ""nnenum CLI auto settings""}","[""CPU affinity 0-3; BLAS/OpenMP=1; CUDA hidden"", ""observation-only hook exports Result.total_secs and cinput; watchdog T+20""]",,,97.0,14316.0,auto_no_attacks_cpu4,"[""nnenum"",""data/vnncomp2026/cora_2024/1.0/onnx/mnist-set.onnx"",""data/vnncomp2026/cora_2024/1.0/vnnlib/mnist-img8.vnnlib"",30.0,""auto_no_attacks_cpu4""]",
cora_2024,27,mnist-point.onnx,mnist-img9.vnnlib,timeout,30.53192514926195,TIMEOUT,0,30.0,30.53192514926195,31.08273420110345,0,31.08273420110345,1,0,,,not a FALSIFIED row,0,scratch/logs/fse2026/nnenum/cora_2024/00027_5818c9c51e07554a5e24_5r80juph.log,b18238f123ed6fab051ec94641b78a1ba2e307e7,"{""attack"": ""no adversarial attack implementation in this nnenum version; LP witness extraction retained"", ""cpus"": ""0-3"", ""deviations"": [""CPU affinity 0-3; BLAS/OpenMP=1; CUDA hidden"", ""observation-only hook exports Result.total_secs and cinput; watchdog T+20""], ""official"": ""nnenum CLI auto settings""}","[""CPU affinity 0-3; BLAS/OpenMP=1; CUDA hidden"", ""observation-only hook exports Result.total_secs and cinput; watchdog T+20""]",,,95.0,14856.0,auto_no_attacks_cpu4,"[""nnenum"",""data/vnncomp2026/cora_2024/1.0/onnx/mnist-point.onnx"",""data/vnncomp2026/cora_2024/1.0/vnnlib/mnist-img9.vnnlib"",30.0,""auto_no_attacks_cpu4""]",
cora_2024,28,mnist-trades.onnx,mnist-img9.vnnlib,timeout,30.490556424483657,TIMEOUT,0,30.0,30.490556424483657,31.061355624347925,0,31.061355624347925,1,0,,,not a FALSIFIED row,0,scratch/logs/fse2026/nnenum/cora_2024/00028_00ed7b5a44cc4be20404_qcb3n675.log,b18238f123ed6fab051ec94641b78a1ba2e307e7,"{""attack"": ""no adversarial attack implementation in this nnenum version; LP witness extraction retained"", ""cpus"": ""0-3"", ""deviations"": [""CPU affinity 0-3; BLAS/OpenMP=1; CUDA hidden"", ""observation-only hook exports Result.total_secs and cinput; watchdog T+20""], ""official"": ""nnenum CLI auto settings""}","[""CPU affinity 0-3; BLAS/OpenMP=1; CUDA hidden"", ""observation-only hook exports Result.total_secs and cinput; watchdog T+20""]",,,97.0,23692.0,auto_no_attacks_cpu4,"[""nnenum"",""data/vnncomp2026/cora_2024/1.0/onnx/mnist-trades.onnx"",""data/vnncomp2026/cora_2024/1.0/vnnlib/mnist-img9.vnnlib"",30.0,""auto_no_attacks_cpu4""]",
cora_2024,29,mnist-set.onnx,mnist-img9.vnnlib,unsat,0.48171497508883476,CERTIFIED,1,30.0,0.48171497508883476,1.0399922877550125,0,1.0399922877550125,0,0,,,not a FALSIFIED row,0,scratch/logs/fse2026/nnenum/cora_2024/00029_1b7577f5115d6251e998_au_bbott.log,b18238f123ed6fab051ec94641b78a1ba2e307e7,"{""attack"": ""no adversarial attack implementation in this nnenum version; LP witness extraction retained"", ""cpus"": ""0-3"", ""deviations"": [""CPU affinity 0-3; BLAS/OpenMP=1; CUDA hidden"", ""observation-only hook exports Result.total_secs and cinput; watchdog T+20""], ""official"": ""nnenum CLI auto settings""}","[""CPU affinity 0-3; BLAS/OpenMP=1; CUDA hidden"", ""observation-only hook exports Result.total_secs and cinput; watchdog T+20""]",,,7.0,11720.0,auto_no_attacks_cpu4,"[""nnenum"",""data/vnncomp2026/cora_2024/1.0/onnx/mnist-set.onnx"",""data/vnncomp2026/cora_2024/1.0/vnnlib/mnist-img9.vnnlib"",30.0,""auto_no_attacks_cpu4""]",
cora_2024,30,mnist-point.onnx,mnist-img10.vnnlib,timeout,30.459019638597965,TIMEOUT,0,30.0,30.459019638597965,31.025677800178528,0,31.025677800178528,1,0,,,not a FALSIFIED row,0,scratch/logs/fse2026/nnenum/cora_2024/00030_12c15990bba4c47c811e_5fvk1cjt.log,b18238f123ed6fab051ec94641b78a1ba2e307e7,"{""attack"": ""no adversarial attack implementation in this nnenum version; LP witness extraction retained"", ""cpus"": ""0-3"", ""deviations"": [""CPU affinity 0-3; BLAS/OpenMP=1; CUDA hidden"", ""observation-only hook exports Result.total_secs and cinput; watchdog T+20""], ""official"": ""nnenum CLI auto settings""}","[""CPU affinity 0-3; BLAS/OpenMP=1; CUDA hidden"", ""observation-only hook exports Result.total_secs and cinput; watchdog T+20""]",,,0.0,11720.0,auto_no_attacks_cpu4,"[""nnenum"",""data/vnncomp2026/cora_2024/1.0/onnx/mnist-point.onnx"",""data/vnncomp2026/cora_2024/1.0/vnnlib/mnist-img10.vnnlib"",30.0,""auto_no_attacks_cpu4""]",
cora_2024,31,mnist-trades.onnx,mnist-img10.vnnlib,timeout,31.180820060893893,TIMEOUT,0,30.0,31.180820060893893,31.70898753590882,0,31.70898753590882,1,0,,,not a FALSIFIED row,0,scratch/logs/fse2026/nnenum/cora_2024/00031_c263fbe6b938fcca9995_gaf59q4m.log,b18238f123ed6fab051ec94641b78a1ba2e307e7,"{""attack"": ""no adversarial attack implementation in this nnenum version; LP witness extraction retained"", ""cpus"": ""0-3"", ""deviations"": [""CPU affinity 0-3; BLAS/OpenMP=1; CUDA hidden"", ""observation-only hook exports Result.total_secs and cinput; watchdog T+20""], ""official"": ""nnenum CLI auto settings""}","[""CPU affinity 0-3; BLAS/OpenMP=1; CUDA hidden"", ""observation-only hook exports Result.total_secs and cinput; watchdog T+20""]",,,75.0,9672.0,auto_no_attacks_cpu4,"[""nnenum"",""data/vnncomp2026/cora_2024/1.0/onnx/mnist-trades.onnx"",""data/vnncomp2026/cora_2024/1.0/vnnlib/mnist-img10.vnnlib"",30.0,""auto_no_attacks_cpu4""]",
cora_2024,32,mnist-set.onnx,mnist-img10.vnnlib,unsat,0.47726417519152164,CERTIFIED,1,30.0,0.47726417519152164,1.0886040050536394,0,1.0886040050536394,0,0,,,not a FALSIFIED row,0,scratch/logs/fse2026/nnenum/cora_2024/00032_8fcbebbbb7fc77aad8f1_x4ellgkm.log,b18238f123ed6fab051ec94641b78a1ba2e307e7,"{""attack"": ""no adversarial attack implementation in this nnenum version; LP witness extraction retained"", ""cpus"": ""0-3"", ""deviations"": [""CPU affinity 0-3; BLAS/OpenMP=1; CUDA hidden"", ""observation-only hook exports Result.total_secs and cinput; watchdog T+20""], ""official"": ""nnenum CLI auto settings""}","[""CPU affinity 0-3; BLAS/OpenMP=1; CUDA hidden"", ""observation-only hook exports Result.total_secs and cinput; watchdog T+20""]",,,92.0,27504.0,auto_no_attacks_cpu4,"[""nnenum"",""data/vnncomp2026/cora_2024/1.0/onnx/mnist-set.onnx"",""data/vnncomp2026/cora_2024/1.0/vnnlib/mnist-img10.vnnlib"",30.0,""auto_no_attacks_cpu4""]",
cora_2024,33,mnist-point.onnx,mnist-img11.vnnlib,timeout,30.57589645124972,TIMEOUT,0,30.0,30.57589645124972,31.178525624796748,0,31.178525624796748,1,0,,,not a FALSIFIED row,0,scratch/logs/fse2026/nnenum/cora_2024/00033_a730dbe0a512ec858c87_jy5rrj_n.log,b18238f123ed6fab051ec94641b78a1ba2e307e7,"{""attack"": ""no adversarial attack implementation in this nnenum version; LP witness extraction retained"", ""cpus"": ""0-3"", ""deviations"": [""CPU affinity 0-3; BLAS/OpenMP=1; CUDA hidden"", ""observation-only hook exports Result.total_secs and cinput; watchdog T+20""], ""official"": ""nnenum CLI auto settings""}","[""CPU affinity 0-3; BLAS/OpenMP=1; CUDA hidden"", ""observation-only hook exports Result.total_secs and cinput; watchdog T+20""]",,,96.0,27504.0,auto_no_attacks_cpu4,"[""nnenum"",""data/vnncomp2026/cora_2024/1.0/onnx/mnist-point.onnx"",""data/vnncomp2026/cora_2024/1.0/vnnlib/mnist-img11.vnnlib"",30.0,""auto_no_attacks_cpu4""]",
cora_2024,34,mnist-trades.onnx,mnist-img11.vnnlib,timeout,30.528954261913896,TIMEOUT,0,30.0,30.528954261913896,31.085150878876448,0,31.085150878876448,1,0,,,not a FALSIFIED row,0,scratch/logs/fse2026/nnenum/cora_2024/00034_37c21f3c7b03faba6a9f_y49tjnsz.log,b18238f123ed6fab051ec94641b78a1ba2e307e7,"{""attack"": ""no adversarial attack implementation in this nnenum version; LP witness extraction retained"", ""cpus"": ""0-3"", ""deviations"": [""CPU affinity 0-3; BLAS/OpenMP=1; CUDA hidden"", ""observation-only hook exports Result.total_secs and cinput; watchdog T+20""], ""official"": ""nnenum CLI auto settings""}","[""CPU affinity 0-3; BLAS/OpenMP=1; CUDA hidden"", ""observation-only hook exports Result.total_secs and cinput; watchdog T+20""]",,,98.0,15446.0,auto_no_attacks_cpu4,"[""nnenum"",""data/vnncomp2026/cora_2024/1.0/onnx/mnist-trades.onnx"",""data/vnncomp2026/cora_2024/1.0/vnnlib/mnist-img11.vnnlib"",30.0,""auto_no_attacks_cpu4""]",
cora_2024,35,mnist-set.onnx,mnist-img11.vnnlib,unsat,0.4781260099261999,CERTIFIED,1,30.0,0.4781260099261999,1.038879742845893,0,1.038879742845893,0,0,,,not a FALSIFIED row,0,scratch/logs/fse2026/nnenum/cora_2024/00035_f97bfbbcbfa79cf38a73_ej0f5acs.log,b18238f123ed6fab051ec94641b78a1ba2e307e7,"{""attack"": ""no adversarial attack implementation in this nnenum version; LP witness extraction retained"", ""cpus"": ""0-3"", ""deviations"": [""CPU affinity 0-3; BLAS/OpenMP=1; CUDA hidden"", ""observation-only hook exports Result.total_secs and cinput; watchdog T+20""], ""official"": ""nnenum CLI auto settings""}","[""CPU affinity 0-3; BLAS/OpenMP=1; CUDA hidden"", ""observation-only hook exports Result.total_secs and cinput; watchdog T+20""]",,,89.0,6084.0,auto_no_attacks_cpu4,"[""nnenum"",""data/vnncomp2026/cora_2024/1.0/onnx/mnist-set.onnx"",""data/vnncomp2026/cora_2024/1.0/vnnlib/mnist-img11.vnnlib"",30.0,""auto_no_attacks_cpu4""]",
cora_2024,36,mnist-point.onnx,mnist-img12.vnnlib,timeout,30.554916260764003,TIMEOUT,0,30.0,30.554916260764003,31.122380731627345,0,31.122380731627345,1,0,,,not a FALSIFIED row,0,scratch/logs/fse2026/nnenum/cora_2024/00036_871231750441a5e0b010_cjxfsprp.log,b18238f123ed6fab051ec94641b78a1ba2e307e7,"{""attack"": ""no adversarial attack implementation in this nnenum version; LP witness extraction retained"", ""cpus"": ""0-3"", ""deviations"": [""CPU affinity 0-3; BLAS/OpenMP=1; CUDA hidden"", ""observation-only hook exports Result.total_secs and cinput; watchdog T+20""], ""official"": ""nnenum CLI auto settings""}","[""CPU affinity 0-3; BLAS/OpenMP=1; CUDA hidden"", ""observation-only hook exports Result.total_secs and cinput; watchdog T+20""]",,,91.0,6878.0,auto_no_attacks_cpu4,"[""nnenum"",""data/vnncomp2026/cora_2024/1.0/onnx/mnist-point.onnx"",""data/vnncomp2026/cora_2024/1.0/vnnlib/mnist-img12.vnnlib"",30.0,""auto_no_attacks_cpu4""]",
cora_2024,37,mnist-trades.onnx,mnist-img12.vnnlib,timeout,30.528042912483215,TIMEOUT,0,30.0,30.528042912483215,31.068772669881582,0,31.068772669881582,1,0,,,not a FALSIFIED row,0,scratch/logs/fse2026/nnenum/cora_2024/00037_79ba295233e3c844af63_k54qdj4s.log,b18238f123ed6fab051ec94641b78a1ba2e307e7,"{""attack"": ""no adversarial attack implementation in this nnenum version; LP witness extraction retained"", ""cpus"": ""0-3"", ""deviations"": [""CPU affinity 0-3; BLAS/OpenMP=1; CUDA hidden"", ""observation-only hook exports Result.total_secs and cinput; watchdog T+20""], ""official"": ""nnenum CLI auto settings""}","[""CPU affinity 0-3; BLAS/OpenMP=1; CUDA hidden"", ""observation-only hook exports Result.total_secs and cinput; watchdog T+20""]",,,61.0,6770.0,auto_no_attacks_cpu4,"[""nnenum"",""data/vnncomp2026/cora_2024/1.0/onnx/mnist-trades.onnx"",""data/vnncomp2026/cora_2024/1.0/vnnlib/mnist-img12.vnnlib"",30.0,""auto_no_attacks_cpu4""]",
cora_2024,38,mnist-set.onnx,mnist-img12.vnnlib,unsat,0.47906462475657463,CERTIFIED,1,30.0,0.47906462475657463,1.037980431690812,0,1.037980431690812,0,0,,,not a FALSIFIED row,0,scratch/logs/fse2026/nnenum/cora_2024/00038_e1941435500cd010a5cf_lwc_3dqz.log,b18238f123ed6fab051ec94641b78a1ba2e307e7,"{""attack"": ""no adversarial attack implementation in this nnenum version; LP witness extraction retained"", ""cpus"": ""0-3"", ""deviations"": [""CPU affinity 0-3; BLAS/OpenMP=1; CUDA hidden"", ""observation-only hook exports Result.total_secs and cinput; watchdog T+20""], ""official"": ""nnenum CLI auto settings""}","[""CPU affinity 0-3; BLAS/OpenMP=1; CUDA hidden"", ""observation-only hook exports Result.total_secs and cinput; watchdog T+20""]",,,92.0,22484.0,auto_no_attacks_cpu4,"[""nnenum"",""data/vnncomp2026/cora_2024/1.0/onnx/mnist-set.onnx"",""data/vnncomp2026/cora_2024/1.0/vnnlib/mnist-img12.vnnlib"",30.0,""auto_no_attacks_cpu4""]",
cora_2024,39,mnist-point.onnx,mnist-img13.vnnlib,timeout,30.85249692760408,TIMEOUT,0,30.0,30.85249692760408,31.37996219843626,0,31.37996219843626,1,0,,,not a FALSIFIED row,0,scratch/logs/fse2026/nnenum/cora_2024/00039_adf862121e7efb1d0390_li5sy3_1.log,b18238f123ed6fab051ec94641b78a1ba2e307e7,"{""attack"": ""no adversarial attack implementation in this nnenum version; LP witness extraction retained"", ""cpus"": ""0-3"", ""deviations"": [""CPU affinity 0-3; BLAS/OpenMP=1; CUDA hidden"", ""observation-only hook exports Result.total_secs and cinput; watchdog T+20""], ""official"": ""nnenum CLI auto settings""}","[""CPU affinity 0-3; BLAS/OpenMP=1; CUDA hidden"", ""observation-only hook exports Result.total_secs and cinput; watchdog T+20""]",,,93.0,22484.0,auto_no_attacks_cpu4,"[""nnenum"",""data/vnncomp2026/cora_2024/1.0/onnx/mnist-point.onnx"",""data/vnncomp2026/cora_2024/1.0/vnnlib/mnist-img13.vnnlib"",30.0,""auto_no_attacks_cpu4""]",
cora_2024,40,mnist-trades.onnx,mnist-img13.vnnlib,timeout,30.718914477154613,TIMEOUT,0,30.0,30.718914477154613,31.37439222447574,0,31.37439222447574,1,0,,,not a FALSIFIED row,0,scratch/logs/fse2026/nnenum/cora_2024/00040_f3cd19cf4ac33ab535c0_lzpee6nf.log,b18238f123ed6fab051ec94641b78a1ba2e307e7,"{""attack"": ""no adversarial attack implementation in this nnenum version; LP witness extraction retained"", ""cpus"": ""0-3"", ""deviations"": [""CPU affinity 0-3; BLAS/OpenMP=1; CUDA hidden"", ""observation-only hook exports Result.total_secs and cinput; watchdog T+20""], ""official"": ""nnenum CLI auto settings""}","[""CPU affinity 0-3; BLAS/OpenMP=1; CUDA hidden"", ""observation-only hook exports Result.total_secs and cinput; watchdog T+20""]",,,0.0,8694.0,auto_no_attacks_cpu4,"[""nnenum"",""data/vnncomp2026/cora_2024/1.0/onnx/mnist-trades.onnx"",""data/vnncomp2026/cora_2024/1.0/vnnlib/mnist-img13.vnnlib"",30.0,""auto_no_attacks_cpu4""]",
cora_2024,41,mnist-set.onnx,mnist-img13.vnnlib,unsat,0.47859859466552734,CERTIFIED,1,30.0,0.47859859466552734,1.0386877059936523,0,1.0386877059936523,0,0,,,not a FALSIFIED row,0,scratch/logs/fse2026/nnenum/cora_2024/00041_ba1c4cfc4486c8c9d6c4_saq94o2m.log,b18238f123ed6fab051ec94641b78a1ba2e307e7,"{""attack"": ""no adversarial attack implementation in this nnenum version; LP witness extraction retained"", ""cpus"": ""0-3"", ""deviations"": [""CPU affinity 0-3; BLAS/OpenMP=1; CUDA hidden"", ""observation-only hook exports Result.total_secs and cinput; watchdog T+20""], ""official"": ""nnenum CLI auto settings""}","[""CPU affinity 0-3; BLAS/OpenMP=1; CUDA hidden"", ""observation-only hook exports Result.total_secs and cinput; watchdog T+20""]",,,55.0,18440.0,auto_no_attacks_cpu4,"[""nnenum"",""data/vnncomp2026/cora_2024/1.0/onnx/mnist-set.onnx"",""data/vnncomp2026/cora_2024/1.0/vnnlib/mnist-img13.vnnlib"",30.0,""auto_no_attacks_cpu4""]",
cora_2024,42,mnist-point.onnx,mnist-img14.vnnlib,timeout,30.48064161837101,TIMEOUT,0,30.0,30.48064161837101,31.028983226045966,0,31.028983226045966,1,0,,,not a FALSIFIED row,0,scratch/logs/fse2026/nnenum/cora_2024/00042_c0bb21b901389d826bd3_wtnt1o77.log,b18238f123ed6fab051ec94641b78a1ba2e307e7,"{""attack"": ""no adversarial attack implementation in this nnenum version; LP witness extraction retained"", ""cpus"": ""0-3"", ""deviations"": [""CPU affinity 0-3; BLAS/OpenMP=1; CUDA hidden"", ""observation-only hook exports Result.total_secs and cinput; watchdog T+20""], ""official"": ""nnenum CLI auto settings""}","[""CPU affinity 0-3; BLAS/OpenMP=1; CUDA hidden"", ""observation-only hook exports Result.total_secs and cinput; watchdog T+20""]",,,1.0,19206.0,auto_no_attacks_cpu4,"[""nnenum"",""data/vnncomp2026/cora_2024/1.0/onnx/mnist-point.onnx"",""data/vnncomp2026/cora_2024/1.0/vnnlib/mnist-img14.vnnlib"",30.0,""auto_no_attacks_cpu4""]",
cora_2024,43,mnist-trades.onnx,mnist-img14.vnnlib,timeout,30.451183715835214,TIMEOUT,0,30.0,30.451183715835214,31.022129625082016,0,31.022129625082016,1,0,,,not a FALSIFIED row,0,scratch/logs/fse2026/nnenum/cora_2024/00043_f62636b5760c79bbcd39_1k2wq993.log,b18238f123ed6fab051ec94641b78a1ba2e307e7,"{""attack"": ""no adversarial attack implementation in this nnenum version; LP witness extraction retained"", ""cpus"": ""0-3"", ""deviations"": [""CPU affinity 0-3; BLAS/OpenMP=1; CUDA hidden"", ""observation-only hook exports Result.total_secs and cinput; watchdog T+20""], ""official"": ""nnenum CLI auto settings""}","[""CPU affinity 0-3; BLAS/OpenMP=1; CUDA hidden"", ""observation-only hook exports Result.total_secs and cinput; watchdog T+20""]",,,89.0,19794.0,auto_no_attacks_cpu4,"[""nnenum"",""data/vnncomp2026/cora_2024/1.0/onnx/mnist-trades.onnx"",""data/vnncomp2026/cora_2024/1.0/vnnlib/mnist-img14.vnnlib"",30.0,""auto_no_attacks_cpu4""]",
cora_2024,44,mnist-set.onnx,mnist-img14.vnnlib,unsat,0.4765570666640997,CERTIFIED,1,30.0,0.4765570666640997,1.0378272291272879,0,1.0378272291272879,0,0,,,not a FALSIFIED row,0,scratch/logs/fse2026/nnenum/cora_2024/00044_a4c73366b4b4c6ce0282_1cccs76y.log,b18238f123ed6fab051ec94641b78a1ba2e307e7,"{""attack"": ""no adversarial attack implementation in this nnenum version; LP witness extraction retained"", ""cpus"": ""0-3"", ""deviations"": [""CPU affinity 0-3; BLAS/OpenMP=1; CUDA hidden"", ""observation-only hook exports Result.total_secs and cinput; watchdog T+20""], ""official"": ""nnenum CLI auto settings""}","[""CPU affinity 0-3; BLAS/OpenMP=1; CUDA hidden"", ""observation-only hook exports Result.total_secs and cinput; watchdog T+20""]",,,94.0,16158.0,auto_no_attacks_cpu4,"[""nnenum"",""data/vnncomp2026/cora_2024/1.0/onnx/mnist-set.onnx"",""data/vnncomp2026/cora_2024/1.0/vnnlib/mnist-img14.vnnlib"",30.0,""auto_no_attacks_cpu4""]",
cora_2024,45,mnist-point.onnx,mnist-img15.vnnlib,timeout,30.50044879131019,TIMEOUT,0,30.0,30.50044879131019,31.079833023250103,0,31.079833023250103,1,0,,,not a FALSIFIED row,0,scratch/logs/fse2026/nnenum/cora_2024/00045_8724f939b9201335c610_vl28afu4.log,b18238f123ed6fab051ec94641b78a1ba2e307e7,"{""attack"": ""no adversarial attack implementation in this nnenum version; LP witness extraction retained"", ""cpus"": ""0-3"", ""deviations"": [""CPU affinity 0-3; BLAS/OpenMP=1; CUDA hidden"", ""observation-only hook exports Result.total_secs and cinput; watchdog T+20""], ""official"": ""nnenum CLI auto settings""}","[""CPU affinity 0-3; BLAS/OpenMP=1; CUDA hidden"", ""observation-only hook exports Result.total_secs and cinput; watchdog T+20""]",,,98.0,16200.0,auto_no_attacks_cpu4,"[""nnenum"",""data/vnncomp2026/cora_2024/1.0/onnx/mnist-point.onnx"",""data/vnncomp2026/cora_2024/1.0/vnnlib/mnist-img15.vnnlib"",30.0,""auto_no_attacks_cpu4""]",
cora_2024,46,mnist-trades.onnx,mnist-img15.vnnlib,timeout,30.81433493643999,TIMEOUT,0,30.0,30.81433493643999,31.379071796312928,0,31.379071796312928,1,0,,,not a FALSIFIED row,0,scratch/logs/fse2026/nnenum/cora_2024/00046_24211980a9d8604915c4_w2mcj2on.log,b18238f123ed6fab051ec94641b78a1ba2e307e7,"{""attack"": ""no adversarial attack implementation in this nnenum version; LP witness extraction retained"", ""cpus"": ""0-3"", ""deviations"": [""CPU affinity 0-3; BLAS/OpenMP=1; CUDA hidden"", ""observation-only hook exports Result.total_secs and cinput; watchdog T+20""], ""official"": ""nnenum CLI auto settings""}","[""CPU affinity 0-3; BLAS/OpenMP=1; CUDA hidden"", ""observation-only hook exports Result.total_secs and cinput; watchdog T+20""]",,,95.0,27168.0,auto_no_attacks_cpu4,"[""nnenum"",""data/vnncomp2026/cora_2024/1.0/onnx/mnist-trades.onnx"",""data/vnncomp2026/cora_2024/1.0/vnnlib/mnist-img15.vnnlib"",30.0,""auto_no_attacks_cpu4""]",
cora_2024,47,mnist-set.onnx,mnist-img15.vnnlib,unsat,0.4802285712212324,CERTIFIED,1,30.0,0.4802285712212324,1.0917652267962694,0,1.0917652267962694,0,0,,,not a FALSIFIED row,0,scratch/logs/fse2026/nnenum/cora_2024/00047_ff36cb90d6c3e7b6d932_kfp1tlg2.log,b18238f123ed6fab051ec94641b78a1ba2e307e7,"{""attack"": ""no adversarial attack implementation in this nnenum version; LP witness extraction retained"", ""cpus"": ""0-3"", ""deviations"": [""CPU affinity 0-3; BLAS/OpenMP=1; CUDA hidden"", ""observation-only hook exports Result.total_secs and cinput; watchdog T+20""], ""official"": ""nnenum CLI auto settings""}","[""CPU affinity 0-3; BLAS/OpenMP=1; CUDA hidden"", ""observation-only hook exports Result.total_secs and cinput; watchdog T+20""]",,,90.0,21524.0,auto_no_attacks_cpu4,"[""nnenum"",""data/vnncomp2026/cora_2024/1.0/onnx/mnist-set.onnx"",""data/vnncomp2026/cora_2024/1.0/vnnlib/mnist-img15.vnnlib"",30.0,""auto_no_attacks_cpu4""]",
cora_2024,48,mnist-point.onnx,mnist-img16.vnnlib,timeout,30.617688512429595,TIMEOUT,0,30.0,30.617688512429595,31.216999178752303,0,31.216999178752303,1,0,,,not a FALSIFIED row,0,scratch/logs/fse2026/nnenum/cora_2024/00048_9ea031941aa1b0265426_4u2el1fr.log,b18238f123ed6fab051ec94641b78a1ba2e307e7,"{""attack"": ""no adversarial attack implementation in this nnenum version; LP witness extraction retained"", ""cpus"": ""0-3"", ""deviations"": [""CPU affinity 0-3; BLAS/OpenMP=1; CUDA hidden"", ""observation-only hook exports Result.total_secs and cinput; watchdog T+20""], ""official"": ""nnenum CLI auto settings""}","[""CPU affinity 0-3; BLAS/OpenMP=1; CUDA hidden"", ""observation-only hook exports Result.total_secs and cinput; watchdog T+20""]",,,98.0,23468.0,auto_no_attacks_cpu4,"[""nnenum"",""data/vnncomp2026/cora_2024/1.0/onnx/mnist-point.onnx"",""data/vnncomp2026/cora_2024/1.0/vnnlib/mnist-img16.vnnlib"",30.0,""auto_no_attacks_cpu4""]",
cora_2024,49,mnist-trades.onnx,mnist-img16.vnnlib,timeout,30.62914429605007,TIMEOUT,0,30.0,30.62914429605007,31.22372403368354,0,31.22372403368354,1,0,,,not a FALSIFIED row,0,scratch/logs/fse2026/nnenum/cora_2024/00049_29e021871bf4713b1eff_sr5z8qs8.log,b18238f123ed6fab051ec94641b78a1ba2e307e7,"{""attack"": ""no adversarial attack implementation in this nnenum version; LP witness extraction retained"", ""cpus"": ""0-3"", ""deviations"": [""CPU affinity 0-3; BLAS/OpenMP=1; CUDA hidden"", ""observation-only hook exports Result.total_secs and cinput; watchdog T+20""], ""official"": ""nnenum CLI auto settings""}","[""CPU affinity 0-3; BLAS/OpenMP=1; CUDA hidden"", ""observation-only hook exports Result.total_secs and cinput; watchdog T+20""]",,,99.0,26940.0,auto_no_attacks_cpu4,"[""nnenum"",""data/vnncomp2026/cora_2024/1.0/onnx/mnist-trades.onnx"",""data/vnncomp2026/cora_2024/1.0/vnnlib/mnist-img16.vnnlib"",30.0,""auto_no_attacks_cpu4""]",
cora_2024,50,mnist-set.onnx,mnist-img16.vnnlib,unsat,0.4799604918807745,CERTIFIED,1,30.0,0.4799604918807745,1.0882254261523485,0,1.0882254261523485,0,0,,,not a FALSIFIED row,0,scratch/logs/fse2026/nnenum/cora_2024/00050_2fc6f74e0edf41f30343_kwi9n1k8.log,b18238f123ed6fab051ec94641b78a1ba2e307e7,"{""attack"": ""no adversarial attack implementation in this nnenum version; LP witness extraction retained"", ""cpus"": ""0-3"", ""deviations"": [""CPU affinity 0-3; BLAS/OpenMP=1; CUDA hidden"", ""observation-only hook exports Result.total_secs and cinput; watchdog T+20""], ""official"": ""nnenum CLI auto settings""}","[""CPU affinity 0-3; BLAS/OpenMP=1; CUDA hidden"", ""observation-only hook exports Result.total_secs and cinput; watchdog T+20""]",,,85.0,10296.0,auto_no_attacks_cpu4,"[""nnenum"",""data/vnncomp2026/cora_2024/1.0/onnx/mnist-set.onnx"",""data/vnncomp2026/cora_2024/1.0/vnnlib/mnist-img16.vnnlib"",30.0,""auto_no_attacks_cpu4""]",
cora_2024,51,mnist-point.onnx,mnist-img17.vnnlib,timeout,30.492590203881264,TIMEOUT,0,30.0,30.492590203881264,31.01327148452401,0,31.01327148452401,1,0,,,not a FALSIFIED row,0,scratch/logs/fse2026/nnenum/cora_2024/00051_16b9590d204431df92c2_32sk79mq.log,b18238f123ed6fab051ec94641b78a1ba2e307e7,"{""attack"": ""no adversarial attack implementation in this nnenum version; LP witness extraction retained"", ""cpus"": ""0-3"", ""deviations"": [""CPU affinity 0-3; BLAS/OpenMP=1; CUDA hidden"", ""observation-only hook exports Result.total_secs and cinput; watchdog T+20""], ""official"": ""nnenum CLI auto settings""}","[""CPU affinity 0-3; BLAS/OpenMP=1; CUDA hidden"", ""observation-only hook exports Result.total_secs and cinput; watchdog T+20""]",,,88.0,14472.0,auto_no_attacks_cpu4,"[""nnenum"",""data/vnncomp2026/cora_2024/1.0/onnx/mnist-point.onnx"",""data/vnncomp2026/cora_2024/1.0/vnnlib/mnist-img17.vnnlib"",30.0,""auto_no_attacks_cpu4""]",
cora_2024,52,mnist-trades.onnx,mnist-img17.vnnlib,timeout,30.64139487594366,TIMEOUT,0,30.0,30.64139487594366,31.18760565109551,0,31.18760565109551,1,0,,,not a FALSIFIED row,0,scratch/logs/fse2026/nnenum/cora_2024/00052_bc5da9b77256fcfc98ad_apbfmcl2.log,b18238f123ed6fab051ec94641b78a1ba2e307e7,"{""attack"": ""no adversarial attack implementation in this nnenum version; LP witness extraction retained"", ""cpus"": ""0-3"", ""deviations"": [""CPU affinity 0-3; BLAS/OpenMP=1; CUDA hidden"", ""observation-only hook exports Result.total_secs and cinput; watchdog T+20""], ""official"": ""nnenum CLI auto settings""}","[""CPU affinity 0-3; BLAS/OpenMP=1; CUDA hidden"", ""observation-only hook exports Result.total_secs and cinput; watchdog T+20""]",,,99.0,29036.0,auto_no_attacks_cpu4,"[""nnenum"",""data/vnncomp2026/cora_2024/1.0/onnx/mnist-trades.onnx"",""data/vnncomp2026/cora_2024/1.0/vnnlib/mnist-img17.vnnlib"",30.0,""auto_no_attacks_cpu4""]",
cora_2024,53,mnist-set.onnx,mnist-img17.vnnlib,unsat,0.47781304083764553,CERTIFIED,1,30.0,0.47781304083764553,1.0895708855241537,0,1.0895708855241537,0,0,,,not a FALSIFIED row,0,scratch/logs/fse2026/nnenum/cora_2024/00053_ebc055a40c91269bf646_v5cn503c.log,b18238f123ed6fab051ec94641b78a1ba2e307e7,"{""attack"": ""no adversarial attack implementation in this nnenum version; LP witness extraction retained"", ""cpus"": ""0-3"", ""deviations"": [""CPU affinity 0-3; BLAS/OpenMP=1; CUDA hidden"", ""observation-only hook exports Result.total_secs and cinput; watchdog T+20""], ""official"": ""nnenum CLI auto settings""}","[""CPU affinity 0-3; BLAS/OpenMP=1; CUDA hidden"", ""observation-only hook exports Result.total_secs and cinput; watchdog T+20""]",,,88.0,5322.0,auto_no_attacks_cpu4,"[""nnenum"",""data/vnncomp2026/cora_2024/1.0/onnx/mnist-set.onnx"",""data/vnncomp2026/cora_2024/1.0/vnnlib/mnist-img17.vnnlib"",30.0,""auto_no_attacks_cpu4""]",
cora_2024,54,mnist-point.onnx,mnist-img18.vnnlib,timeout,30.73680259846151,TIMEOUT,0,30.0,30.73680259846151,31.274991001933813,0,31.274991001933813,1,0,,,not a FALSIFIED row,0,scratch/logs/fse2026/nnenum/cora_2024/00054_316e2fece67fbaff5d8f_mgfy1a7z.log,b18238f123ed6fab051ec94641b78a1ba2e307e7,"{""attack"": ""no adversarial attack implementation in this nnenum version; LP witness extraction retained"", ""cpus"": ""0-3"", ""deviations"": [""CPU affinity 0-3; BLAS/OpenMP=1; CUDA hidden"", ""observation-only hook exports Result.total_secs and cinput; watchdog T+20""], ""official"": ""nnenum CLI auto settings""}","[""CPU affinity 0-3; BLAS/OpenMP=1; CUDA hidden"", ""observation-only hook exports Result.total_secs and cinput; watchdog T+20""]",,,93.0,6002.0,auto_no_attacks_cpu4,"[""nnenum"",""data/vnncomp2026/cora_2024/1.0/onnx/mnist-point.onnx"",""data/vnncomp2026/cora_2024/1.0/vnnlib/mnist-img18.vnnlib"",30.0,""auto_no_attacks_cpu4""]",
cora_2024,55,mnist-trades.onnx,mnist-img18.vnnlib,timeout,30.449700102210045,TIMEOUT,0,30.0,30.449700102210045,30.98791885189712,0,30.98791885189712,1,0,,,not a FALSIFIED row,0,scratch/logs/fse2026/nnenum/cora_2024/00055_891dbbd4b140a6a51b86_rn8suvwg.log,b18238f123ed6fab051ec94641b78a1ba2e307e7,"{""attack"": ""no adversarial attack implementation in this nnenum version; LP witness extraction retained"", ""cpus"": ""0-3"", ""deviations"": [""CPU affinity 0-3; BLAS/OpenMP=1; CUDA hidden"", ""observation-only hook exports Result.total_secs and cinput; watchdog T+20""], ""official"": ""nnenum CLI auto settings""}","[""CPU affinity 0-3; BLAS/OpenMP=1; CUDA hidden"", ""observation-only hook exports Result.total_secs and cinput; watchdog T+20""]",,,99.0,28386.0,auto_no_attacks_cpu4,"[""nnenum"",""data/vnncomp2026/cora_2024/1.0/onnx/mnist-trades.onnx"",""data/vnncomp2026/cora_2024/1.0/vnnlib/mnist-img18.vnnlib"",30.0,""auto_no_attacks_cpu4""]",
cora_2024,56,mnist-set.onnx,mnist-img18.vnnlib,unsat,0.4762743264436722,CERTIFIED,1,30.0,0.4762743264436722,1.0384494122117758,0,1.0384494122117758,0,0,,,not a FALSIFIED row,0,scratch/logs/fse2026/nnenum/cora_2024/00056_cedcf0bfed4de7096410__nywmf1g.log,b18238f123ed6fab051ec94641b78a1ba2e307e7,"{""attack"": ""no adversarial attack implementation in this nnenum version; LP witness extraction retained"", ""cpus"": ""0-3"", ""deviations"": [""CPU affinity 0-3; BLAS/OpenMP=1; CUDA hidden"", ""observation-only hook exports Result.total_secs and cinput; watchdog T+20""], ""official"": ""nnenum CLI auto settings""}","[""CPU affinity 0-3; BLAS/OpenMP=1; CUDA hidden"", ""observation-only hook exports Result.total_secs and cinput; watchdog T+20""]",,,89.0,7606.0,auto_no_attacks_cpu4,"[""nnenum"",""data/vnncomp2026/cora_2024/1.0/onnx/mnist-set.onnx"",""data/vnncomp2026/cora_2024/1.0/vnnlib/mnist-img18.vnnlib"",30.0,""auto_no_attacks_cpu4""]",
cora_2024,57,mnist-point.onnx,mnist-img19.vnnlib,timeout,30.524642219766974,TIMEOUT,0,30.0,30.524642219766974,31.11641108058393,0,31.11641108058393,1,0,,,not a FALSIFIED row,0,scratch/logs/fse2026/nnenum/cora_2024/00057_c80ffd64ed11e9c57182_xt93nnyv.log,b18238f123ed6fab051ec94641b78a1ba2e307e7,"{""attack"": ""no adversarial attack implementation in this nnenum version; LP witness extraction retained"", ""cpus"": ""0-3"", ""deviations"": [""CPU affinity 0-3; BLAS/OpenMP=1; CUDA hidden"", ""observation-only hook exports Result.total_secs and cinput; watchdog T+20""], ""official"": ""nnenum CLI auto settings""}","[""CPU affinity 0-3; BLAS/OpenMP=1; CUDA hidden"", ""observation-only hook exports Result.total_secs and cinput; watchdog T+20""]",,,60.0,7606.0,auto_no_attacks_cpu4,"[""nnenum"",""data/vnncomp2026/cora_2024/1.0/onnx/mnist-point.onnx"",""data/vnncomp2026/cora_2024/1.0/vnnlib/mnist-img19.vnnlib"",30.0,""auto_no_attacks_cpu4""]",
cora_2024,58,mnist-trades.onnx,mnist-img19.vnnlib,timeout,30.941238772124052,TIMEOUT,0,30.0,30.941238772124052,31.474702743813396,0,31.474702743813396,1,0,,,not a FALSIFIED row,0,scratch/logs/fse2026/nnenum/cora_2024/00058_8fdb5e72064823761d9e_ku376w45.log,b18238f123ed6fab051ec94641b78a1ba2e307e7,"{""attack"": ""no adversarial attack implementation in this nnenum version; LP witness extraction retained"", ""cpus"": ""0-3"", ""deviations"": [""CPU affinity 0-3; BLAS/OpenMP=1; CUDA hidden"", ""observation-only hook exports Result.total_secs and cinput; watchdog T+20""], ""official"": ""nnenum CLI auto settings""}","[""CPU affinity 0-3; BLAS/OpenMP=1; CUDA hidden"", ""observation-only hook exports Result.total_secs and cinput; watchdog T+20""]",,,88.0,6486.0,auto_no_attacks_cpu4,"[""nnenum"",""data/vnncomp2026/cora_2024/1.0/onnx/mnist-trades.onnx"",""data/vnncomp2026/cora_2024/1.0/vnnlib/mnist-img19.vnnlib"",30.0,""auto_no_attacks_cpu4""]",
cora_2024,59,mnist-set.onnx,mnist-img19.vnnlib,unsat,0.4794072136282921,CERTIFIED,1,30.0,0.4794072136282921,1.0392040237784386,0,1.0392040237784386,0,0,,,not a FALSIFIED row,0,scratch/logs/fse2026/nnenum/cora_2024/00059_252b62f13001bf89cec3_egqv2299.log,b18238f123ed6fab051ec94641b78a1ba2e307e7,"{""attack"": ""no adversarial attack implementation in this nnenum version; LP witness extraction retained"", ""cpus"": ""0-3"", ""deviations"": [""CPU affinity 0-3; BLAS/OpenMP=1; CUDA hidden"", ""observation-only hook exports Result.total_secs and cinput; watchdog T+20""], ""official"": ""nnenum CLI auto settings""}","[""CPU affinity 0-3; BLAS/OpenMP=1; CUDA hidden"", ""observation-only hook exports Result.total_secs and cinput; watchdog T+20""]",,,99.0,27910.0,auto_no_attacks_cpu4,"[""nnenum"",""data/vnncomp2026/cora_2024/1.0/onnx/mnist-set.onnx"",""data/vnncomp2026/cora_2024/1.0/vnnlib/mnist-img19.vnnlib"",30.0,""auto_no_attacks_cpu4""]",
cora_2024,60,svhn-point.onnx,svhn-img17.vnnlib,timeout,38.11943920515478,TIMEOUT,0,30.0,38.11943920515478,38.903036465868354,0,38.903036465868354,1,0,,,not a FALSIFIED row,0,scratch/logs/fse2026/nnenum/cora_2024/00060_cc9568d1c4bcbf0fa944_0xutzeaq.log,b18238f123ed6fab051ec94641b78a1ba2e307e7,"{""attack"": ""no adversarial attack implementation in this nnenum version; LP witness extraction retained"", ""cpus"": ""0-3"", ""deviations"": [""CPU affinity 0-3; BLAS/OpenMP=1; CUDA hidden"", ""observation-only hook exports Result.total_secs and cinput; watchdog T+20""], ""official"": ""nnenum CLI auto settings""}","[""CPU affinity 0-3; BLAS/OpenMP=1; CUDA hidden"", ""observation-only hook exports Result.total_secs and cinput; watchdog T+20""]",,,98.0,28230.0,auto_no_attacks_cpu4,"[""nnenum"",""data/vnncomp2026/cora_2024/1.0/onnx/svhn-point.onnx"",""data/vnncomp2026/cora_2024/1.0/vnnlib/svhn-img17.vnnlib"",30.0,""auto_no_attacks_cpu4""]",
cora_2024,61,svhn-trades.onnx,svhn-img17.vnnlib,timeout,33.56523527763784,TIMEOUT,0,30.0,33.56523527763784,34.52207950875163,0,34.52207950875163,1,0,,,not a FALSIFIED row,0,scratch/logs/fse2026/nnenum/cora_2024/00061_88634fe763661306a592_039ko_oe.log,b18238f123ed6fab051ec94641b78a1ba2e307e7,"{""attack"": ""no adversarial attack implementation in this nnenum version; LP witness extraction retained"", ""cpus"": ""0-3"", ""deviations"": [""CPU affinity 0-3; BLAS/OpenMP=1; CUDA hidden"", ""observation-only hook exports Result.total_secs and cinput; watchdog T+20""], ""official"": ""nnenum CLI auto settings""}","[""CPU affinity 0-3; BLAS/OpenMP=1; CUDA hidden"", ""observation-only hook exports Result.total_secs and cinput; watchdog T+20""]",,,96.0,8698.0,auto_no_attacks_cpu4,"[""nnenum"",""data/vnncomp2026/cora_2024/1.0/onnx/svhn-trades.onnx"",""data/vnncomp2026/cora_2024/1.0/vnnlib/svhn-img17.vnnlib"",30.0,""auto_no_attacks_cpu4""]",
cora_2024,62,svhn-set.onnx,svhn-img17.vnnlib,timeout,33.573150388896465,TIMEOUT,0,30.0,33.573150388896465,34.443086847662926,0,34.443086847662926,1,0,,,not a FALSIFIED row,0,scratch/logs/fse2026/nnenum/cora_2024/00062_fd7bed7ecfd3822061e4_h_zpzoff.log,b18238f123ed6fab051ec94641b78a1ba2e307e7,"{""attack"": ""no adversarial attack implementation in this nnenum version; LP witness extraction retained"", ""cpus"": ""0-3"", ""deviations"": [""CPU affinity 0-3; BLAS/OpenMP=1; CUDA hidden"", ""observation-only hook exports Result.total_secs and cinput; watchdog T+20""], ""official"": ""nnenum CLI auto settings""}","[""CPU affinity 0-3; BLAS/OpenMP=1; CUDA hidden"", ""observation-only hook exports Result.total_secs and cinput; watchdog T+20""]",,,97.0,17080.0,auto_no_attacks_cpu4,"[""nnenum"",""data/vnncomp2026/cora_2024/1.0/onnx/svhn-set.onnx"",""data/vnncomp2026/cora_2024/1.0/vnnlib/svhn-img17.vnnlib"",30.0,""auto_no_attacks_cpu4""]",
cora_2024,63,svhn-point.onnx,svhn-img53.vnnlib,timeout,45.81574168615043,TIMEOUT,0,30.0,45.81574168615043,46.69845725223422,0,46.69845725223422,1,0,,,not a FALSIFIED row,0,scratch/logs/fse2026/nnenum/cora_2024/00063_7c0b666f5a4fe46b2d59_g0m96gol.log,b18238f123ed6fab051ec94641b78a1ba2e307e7,"{""attack"": ""no adversarial attack implementation in this nnenum version; LP witness extraction retained"", ""cpus"": ""0-3"", ""deviations"": [""CPU affinity 0-3; BLAS/OpenMP=1; CUDA hidden"", ""observation-only hook exports Result.total_secs and cinput; watchdog T+20""], ""official"": ""nnenum CLI auto settings""}","[""CPU affinity 0-3; BLAS/OpenMP=1; CUDA hidden"", ""observation-only hook exports Result.total_secs and cinput; watchdog T+20""]",,,91.0,16680.0,auto_no_attacks_cpu4,"[""nnenum"",""data/vnncomp2026/cora_2024/1.0/onnx/svhn-point.onnx"",""data/vnncomp2026/cora_2024/1.0/vnnlib/svhn-img53.vnnlib"",30.0,""auto_no_attacks_cpu4""]",
cora_2024,64,svhn-trades.onnx,svhn-img53.vnnlib,timeout,31.425549348816276,TIMEOUT,0,30.0,31.425549348816276,32.37884673289955,0,32.37884673289955,1,0,,,not a FALSIFIED row,0,scratch/logs/fse2026/nnenum/cora_2024/00064_ab5abe2fde9716553c47_mdhzfhi2.log,b18238f123ed6fab051ec94641b78a1ba2e307e7,"{""attack"": ""no adversarial attack implementation in this nnenum version; LP witness extraction retained"", ""cpus"": ""0-3"", ""deviations"": [""CPU affinity 0-3; BLAS/OpenMP=1; CUDA hidden"", ""observation-only hook exports Result.total_secs and cinput; watchdog T+20""], ""official"": ""nnenum CLI auto settings""}","[""CPU affinity 0-3; BLAS/OpenMP=1; CUDA hidden"", ""observation-only hook exports Result.total_secs and cinput; watchdog T+20""]",,,0.0,18996.0,auto_no_attacks_cpu4,"[""nnenum"",""data/vnncomp2026/cora_2024/1.0/onnx/svhn-trades.onnx"",""data/vnncomp2026/cora_2024/1.0/vnnlib/svhn-img53.vnnlib"",30.0,""auto_no_attacks_cpu4""]",
cora_2024,65,svhn-set.onnx,svhn-img53.vnnlib,timeout,42.529971074312925,TIMEOUT,0,30.0,42.529971074312925,43.36545952409506,0,43.36545952409506,1,0,,,not a FALSIFIED row,0,scratch/logs/fse2026/nnenum/cora_2024/00065_a748690ad535126700f2_321s0ejy.log,b18238f123ed6fab051ec94641b78a1ba2e307e7,"{""attack"": ""no adversarial attack implementation in this nnenum version; LP witness extraction retained"", ""cpus"": ""0-3"", ""deviations"": [""CPU affinity 0-3; BLAS/OpenMP=1; CUDA hidden"", ""observation-only hook exports Result.total_secs and cinput; watchdog T+20""], ""official"": ""nnenum CLI auto settings""}","[""CPU affinity 0-3; BLAS/OpenMP=1; CUDA hidden"", ""observation-only hook exports Result.total_secs and cinput; watchdog T+20""]",,,17.0,11739.0,auto_no_attacks_cpu4,"[""nnenum"",""data/vnncomp2026/cora_2024/1.0/onnx/svhn-set.onnx"",""data/vnncomp2026/cora_2024/1.0/vnnlib/svhn-img53.vnnlib"",30.0,""auto_no_attacks_cpu4""]",
cora_2024,66,svhn-point.onnx,svhn-img55.vnnlib,timeout,38.22897889651358,TIMEOUT,0,30.0,38.22897889651358,39.343842666596174,0,39.343842666596174,1,0,,,not a FALSIFIED row,0,scratch/logs/fse2026/nnenum/cora_2024/00066_b3f513d19b363945c91f_qmstfivo.log,b18238f123ed6fab051ec94641b78a1ba2e307e7,"{""attack"": ""no adversarial attack implementation in this nnenum version; LP witness extraction retained"", ""cpus"": ""0-3"", ""deviations"": [""CPU affinity 0-3; BLAS/OpenMP=1; CUDA hidden"", ""observation-only hook exports Result.total_secs and cinput; watchdog T+20""], ""official"": ""nnenum CLI auto settings""}","[""CPU affinity 0-3; BLAS/OpenMP=1; CUDA hidden"", ""observation-only hook exports Result.total_secs and cinput; watchdog T+20""]",,,9.0,11768.0,auto_no_attacks_cpu4,"[""nnenum"",""data/vnncomp2026/cora_2024/1.0/onnx/svhn-point.onnx"",""data/vnncomp2026/cora_2024/1.0/vnnlib/svhn-img55.vnnlib"",30.0,""auto_no_attacks_cpu4""]",
cora_2024,67,svhn-trades.onnx,svhn-img55.vnnlib,timeout,30.798649162054062,TIMEOUT,0,30.0,30.798649162054062,31.674871699884534,0,31.674871699884534,1,0,,,not a FALSIFIED row,0,scratch/logs/fse2026/nnenum/cora_2024/00067_edbf055ec151eecd071d_v8cxp4l8.log,b18238f123ed6fab051ec94641b78a1ba2e307e7,"{""attack"": ""no adversarial attack implementation in this nnenum version; LP witness extraction retained"", ""cpus"": ""0-3"", ""deviations"": [""CPU affinity 0-3; BLAS/OpenMP=1; CUDA hidden"", ""observation-only hook exports Result.total_secs and cinput; watchdog T+20""], ""official"": ""nnenum CLI auto settings""}","[""CPU affinity 0-3; BLAS/OpenMP=1; CUDA hidden"", ""observation-only hook exports Result.total_secs and cinput; watchdog T+20""]",,,99.0,34910.0,auto_no_attacks_cpu4,"[""nnenum"",""data/vnncomp2026/cora_2024/1.0/onnx/svhn-trades.onnx"",""data/vnncomp2026/cora_2024/1.0/vnnlib/svhn-img55.vnnlib"",30.0,""auto_no_attacks_cpu4""]",
cora_2024,68,svhn-set.onnx,svhn-img55.vnnlib,timeout,31.280312936753035,TIMEOUT,0,30.0,31.280312936753035,32.042177718132734,0,32.042177718132734,1,0,,,not a FALSIFIED row,0,scratch/logs/fse2026/nnenum/cora_2024/00068_56bc81302b7f5d549584_oib2l61a.log,b18238f123ed6fab051ec94641b78a1ba2e307e7,"{""attack"": ""no adversarial attack implementation in this nnenum version; LP witness extraction retained"", ""cpus"": ""0-3"", ""deviations"": [""CPU affinity 0-3; BLAS/OpenMP=1; CUDA hidden"", ""observation-only hook exports Result.total_secs and cinput; watchdog T+20""], ""official"": ""nnenum CLI auto settings""}","[""CPU affinity 0-3; BLAS/OpenMP=1; CUDA hidden"", ""observation-only hook exports Result.total_secs and cinput; watchdog T+20""]",,,99.0,31970.0,auto_no_attacks_cpu4,"[""nnenum"",""data/vnncomp2026/cora_2024/1.0/onnx/svhn-set.onnx"",""data/vnncomp2026/cora_2024/1.0/vnnlib/svhn-img55.vnnlib"",30.0,""auto_no_attacks_cpu4""]",
cora_2024,69,svhn-point.onnx,svhn-img84.vnnlib,timeout,40.359557159245014,TIMEOUT,0,30.0,40.359557159245014,41.184766210615635,0,41.184766210615635,1,0,,,not a FALSIFIED row,0,scratch/logs/fse2026/nnenum/cora_2024/00069_77790dcef12ab5cd68b0_ofej7f0y.log,b18238f123ed6fab051ec94641b78a1ba2e307e7,"{""attack"": ""no adversarial attack implementation in this nnenum version; LP witness extraction retained"", ""cpus"": ""0-3"", ""deviations"": [""CPU affinity 0-3; BLAS/OpenMP=1; CUDA hidden"", ""observation-only hook exports Result.total_secs and cinput; watchdog T+20""], ""official"": ""nnenum CLI auto settings""}","[""CPU affinity 0-3; BLAS/OpenMP=1; CUDA hidden"", ""observation-only hook exports Result.total_secs and cinput; watchdog T+20""]",,,94.0,9528.0,auto_no_attacks_cpu4,"[""nnenum"",""data/vnncomp2026/cora_2024/1.0/onnx/svhn-point.onnx"",""data/vnncomp2026/cora_2024/1.0/vnnlib/svhn-img84.vnnlib"",30.0,""auto_no_attacks_cpu4""]",
cora_2024,70,svhn-trades.onnx,svhn-img84.vnnlib,timeout,41.38315311819315,TIMEOUT,0,30.0,41.38315311819315,42.251554787158966,0,42.251554787158966,1,0,,,not a FALSIFIED row,0,scratch/logs/fse2026/nnenum/cora_2024/00070_e08979c4af57dde49a15_1lsco4at.log,b18238f123ed6fab051ec94641b78a1ba2e307e7,"{""attack"": ""no adversarial attack implementation in this nnenum version; LP witness extraction retained"", ""cpus"": ""0-3"", ""deviations"": [""CPU affinity 0-3; BLAS/OpenMP=1; CUDA hidden"", ""observation-only hook exports Result.total_secs and cinput; watchdog T+20""], ""official"": ""nnenum CLI auto settings""}","[""CPU affinity 0-3; BLAS/OpenMP=1; CUDA hidden"", ""observation-only hook exports Result.total_secs and cinput; watchdog T+20""]",,,94.0,10800.0,auto_no_attacks_cpu4,"[""nnenum"",""data/vnncomp2026/cora_2024/1.0/onnx/svhn-trades.onnx"",""data/vnncomp2026/cora_2024/1.0/vnnlib/svhn-img84.vnnlib"",30.0,""auto_no_attacks_cpu4""]",
cora_2024,71,svhn-set.onnx,svhn-img84.vnnlib,timeout,30.57709557376802,TIMEOUT,0,30.0,30.57709557376802,31.33354708366096,0,31.33354708366096,1,0,,,not a FALSIFIED row,0,scratch/logs/fse2026/nnenum/cora_2024/00071_1f975aee4b54a527fdb0_6d0q4_5l.log,b18238f123ed6fab051ec94641b78a1ba2e307e7,"{""attack"": ""no adversarial attack implementation in this nnenum version; LP witness extraction retained"", ""cpus"": ""0-3"", ""deviations"": [""CPU affinity 0-3; BLAS/OpenMP=1; CUDA hidden"", ""observation-only hook exports Result.total_secs and cinput; watchdog T+20""], ""official"": ""nnenum CLI auto settings""}","[""CPU affinity 0-3; BLAS/OpenMP=1; CUDA hidden"", ""observation-only hook exports Result.total_secs and cinput; watchdog T+20""]",,,99.0,17320.0,auto_no_attacks_cpu4,"[""nnenum"",""data/vnncomp2026/cora_2024/1.0/onnx/svhn-set.onnx"",""data/vnncomp2026/cora_2024/1.0/vnnlib/svhn-img84.vnnlib"",30.0,""auto_no_attacks_cpu4""]",
cora_2024,72,svhn-point.onnx,svhn-img121.vnnlib,sat,1.0929488353431225,FALSIFIED,1,30.0,1.0929488353431225,2.002453761175275,0,2.002453761175275,0,1,True,True,original ONNX + VNN-LIB via qv_check.check_vnncomp_cex,0,scratch/logs/fse2026/nnenum/cora_2024/00072_ed68c3c865d067b074e9_r_6zcn0v.log,b18238f123ed6fab051ec94641b78a1ba2e307e7,"{""attack"": ""no adversarial attack implementation in this nnenum version; LP witness extraction retained"", ""cpus"": ""0-3"", ""deviations"": [""CPU affinity 0-3; BLAS/OpenMP=1; CUDA hidden"", ""observation-only hook exports Result.total_secs and cinput; watchdog T+20""], ""official"": ""nnenum CLI auto settings""}","[""CPU affinity 0-3; BLAS/OpenMP=1; CUDA hidden"", ""observation-only hook exports Result.total_secs and cinput; watchdog T+20""]",,,95.0,22180.0,auto_no_attacks_cpu4,"[""nnenum"",""data/vnncomp2026/cora_2024/1.0/onnx/svhn-point.onnx"",""data/vnncomp2026/cora_2024/1.0/vnnlib/svhn-img121.vnnlib"",30.0,""auto_no_attacks_cpu4""]",
cora_2024,73,svhn-trades.onnx,svhn-img121.vnnlib,timeout,32.244313307106495,TIMEOUT,0,30.0,32.244313307106495,33.02415058761835,0,33.02415058761835,1,0,,,not a FALSIFIED row,0,scratch/logs/fse2026/nnenum/cora_2024/00073_dbcb703c8b043debbbe5_l9r2v65i.log,b18238f123ed6fab051ec94641b78a1ba2e307e7,"{""attack"": ""no adversarial attack implementation in this nnenum version; LP witness extraction retained"", ""cpus"": ""0-3"", ""deviations"": [""CPU affinity 0-3; BLAS/OpenMP=1; CUDA hidden"", ""observation-only hook exports Result.total_secs and cinput; watchdog T+20""], ""official"": ""nnenum CLI auto settings""}","[""CPU affinity 0-3; BLAS/OpenMP=1; CUDA hidden"", ""observation-only hook exports Result.total_secs and cinput; watchdog T+20""]",,,0.0,18440.0,auto_no_attacks_cpu4,"[""nnenum"",""data/vnncomp2026/cora_2024/1.0/onnx/svhn-trades.onnx"",""data/vnncomp2026/cora_2024/1.0/vnnlib/svhn-img121.vnnlib"",30.0,""auto_no_attacks_cpu4""]",
cora_2024,74,svhn-set.onnx,svhn-img121.vnnlib,timeout,31.058967728167772,TIMEOUT,0,30.0,31.058967728167772,31.837447252124548,0,31.837447252124548,1,0,,,not a FALSIFIED row,0,scratch/logs/fse2026/nnenum/cora_2024/00074_6e74395ff733f1fa7d68_vy87d9a5.log,b18238f123ed6fab051ec94641b78a1ba2e307e7,"{""attack"": ""no adversarial attack implementation in this nnenum version; LP witness extraction retained"", ""cpus"": ""0-3"", ""deviations"": [""CPU affinity 0-3; BLAS/OpenMP=1; CUDA hidden"", ""observation-only hook exports Result.total_secs and cinput; watchdog T+20""], ""official"": ""nnenum CLI auto settings""}","[""CPU affinity 0-3; BLAS/OpenMP=1; CUDA hidden"", ""observation-only hook exports Result.total_secs and cinput; watchdog T+20""]",,,44.0,15696.0,auto_no_attacks_cpu4,"[""nnenum"",""data/vnncomp2026/cora_2024/1.0/onnx/svhn-set.onnx"",""data/vnncomp2026/cora_2024/1.0/vnnlib/svhn-img121.vnnlib"",30.0,""auto_no_attacks_cpu4""]",
cora_2024,75,svhn-point.onnx,svhn-img181.vnnlib,timeout,44.1443379111588,TIMEOUT,0,30.0,44.1443379111588,44.85938794538379,0,44.85938794538379,1,0,,,not a FALSIFIED row,0,scratch/logs/fse2026/nnenum/cora_2024/00075_451fbc17b3a734083726_2n9skgoh.log,b18238f123ed6fab051ec94641b78a1ba2e307e7,"{""attack"": ""no adversarial attack implementation in this nnenum version; LP witness extraction retained"", ""cpus"": ""0-3"", ""deviations"": [""CPU affinity 0-3; BLAS/OpenMP=1; CUDA hidden"", ""observation-only hook exports Result.total_secs and cinput; watchdog T+20""], ""official"": ""nnenum CLI auto settings""}","[""CPU affinity 0-3; BLAS/OpenMP=1; CUDA hidden"", ""observation-only hook exports Result.total_secs and cinput; watchdog T+20""]",,,98.0,22400.0,auto_no_attacks_cpu4,"[""nnenum"",""data/vnncomp2026/cora_2024/1.0/onnx/svhn-point.onnx"",""data/vnncomp2026/cora_2024/1.0/vnnlib/svhn-img181.vnnlib"",30.0,""auto_no_attacks_cpu4""]",
cora_2024,76,svhn-trades.onnx,svhn-img181.vnnlib,timeout,40.632363986223936,TIMEOUT,0,30.0,40.632363986223936,41.39084857515991,0,41.39084857515991,1,0,,,not a FALSIFIED row,0,scratch/logs/fse2026/nnenum/cora_2024/00076_21fd36bac0b619d5827c_0j8ahusr.log,b18238f123ed6fab051ec94641b78a1ba2e307e7,"{""attack"": ""no adversarial attack implementation in this nnenum version; LP witness extraction retained"", ""cpus"": ""0-3"", ""deviations"": [""CPU affinity 0-3; BLAS/OpenMP=1; CUDA hidden"", ""observation-only hook exports Result.total_secs and cinput; watchdog T+20""], ""official"": ""nnenum CLI auto settings""}","[""CPU affinity 0-3; BLAS/OpenMP=1; CUDA hidden"", ""observation-only hook exports Result.total_secs and cinput; watchdog T+20""]",,,98.0,34130.0,auto_no_attacks_cpu4,"[""nnenum"",""data/vnncomp2026/cora_2024/1.0/onnx/svhn-trades.onnx"",""data/vnncomp2026/cora_2024/1.0/vnnlib/svhn-img181.vnnlib"",30.0,""auto_no_attacks_cpu4""]",
cora_2024,77,svhn-set.onnx,svhn-img181.vnnlib,timeout,31.272526692599058,TIMEOUT,0,30.0,31.272526692599058,32.048479687422514,0,32.048479687422514,1,0,,,not a FALSIFIED row,0,scratch/logs/fse2026/nnenum/cora_2024/00077_36ccd092dff9fbdc7898_1j78673t.log,b18238f123ed6fab051ec94641b78a1ba2e307e7,"{""attack"": ""no adversarial attack implementation in this nnenum version; LP witness extraction retained"", ""cpus"": ""0-3"", ""deviations"": [""CPU affinity 0-3; BLAS/OpenMP=1; CUDA hidden"", ""observation-only hook exports Result.total_secs and cinput; watchdog T+20""], ""official"": ""nnenum CLI auto settings""}","[""CPU affinity 0-3; BLAS/OpenMP=1; CUDA hidden"", ""observation-only hook exports Result.total_secs and cinput; watchdog T+20""]",,,52.0,4092.0,auto_no_attacks_cpu4,"[""nnenum"",""data/vnncomp2026/cora_2024/1.0/onnx/svhn-set.onnx"",""data/vnncomp2026/cora_2024/1.0/vnnlib/svhn-img181.vnnlib"",30.0,""auto_no_attacks_cpu4""]",
cora_2024,78,svhn-point.onnx,svhn-img343.vnnlib,timeout,37.410806488245726,TIMEOUT,0,30.0,37.410806488245726,38.24235813692212,0,38.24235813692212,1,0,,,not a FALSIFIED row,0,scratch/logs/fse2026/nnenum/cora_2024/00078_fb1c985afe567626ec9e_jefd5o6a.log,b18238f123ed6fab051ec94641b78a1ba2e307e7,"{""attack"": ""no adversarial attack implementation in this nnenum version; LP witness extraction retained"", ""cpus"": ""0-3"", ""deviations"": [""CPU affinity 0-3; BLAS/OpenMP=1; CUDA hidden"", ""observation-only hook exports Result.total_secs and cinput; watchdog T+20""], ""official"": ""nnenum CLI auto settings""}","[""CPU affinity 0-3; BLAS/OpenMP=1; CUDA hidden"", ""observation-only hook exports Result.total_secs and cinput; watchdog T+20""]",,,95.0,22528.0,auto_no_attacks_cpu4,"[""nnenum"",""data/vnncomp2026/cora_2024/1.0/onnx/svhn-point.onnx"",""data/vnncomp2026/cora_2024/1.0/vnnlib/svhn-img343.vnnlib"",30.0,""auto_no_attacks_cpu4""]",
cora_2024,79,svhn-trades.onnx,svhn-img343.vnnlib,timeout,35.428221721202135,TIMEOUT,0,30.0,35.428221721202135,36.19103841856122,0,36.19103841856122,1,0,,,not a FALSIFIED row,0,scratch/logs/fse2026/nnenum/cora_2024/00079_dc78fe2d316c13cfcec1_o3z4pptd.log,b18238f123ed6fab051ec94641b78a1ba2e307e7,"{""attack"": ""no adversarial attack implementation in this nnenum version; LP witness extraction retained"", ""cpus"": ""0-3"", ""deviations"": [""CPU affinity 0-3; BLAS/OpenMP=1; CUDA hidden"", ""observation-only hook exports Result.total_secs and cinput; watchdog T+20""], ""official"": ""nnenum CLI auto settings""}","[""CPU affinity 0-3; BLAS/OpenMP=1; CUDA hidden"", ""observation-only hook exports Result.total_secs and cinput; watchdog T+20""]",,,99.0,22794.0,auto_no_attacks_cpu4,"[""nnenum"",""data/vnncomp2026/cora_2024/1.0/onnx/svhn-trades.onnx"",""data/vnncomp2026/cora_2024/1.0/vnnlib/svhn-img343.vnnlib"",30.0,""auto_no_attacks_cpu4""]",
cora_2024,80,svhn-set.onnx,svhn-img343.vnnlib,timeout,31.955874051898718,TIMEOUT,0,30.0,31.955874051898718,32.809044724330306,0,32.809044724330306,1,0,,,not a FALSIFIED row,0,scratch/logs/fse2026/nnenum/cora_2024/00080_944e376e4c7a98a477cc_01s_f59q.log,b18238f123ed6fab051ec94641b78a1ba2e307e7,"{""attack"": ""no adversarial attack implementation in this nnenum version; LP witness extraction retained"", ""cpus"": ""0-3"", ""deviations"": [""CPU affinity 0-3; BLAS/OpenMP=1; CUDA hidden"", ""observation-only hook exports Result.total_secs and cinput; watchdog T+20""], ""official"": ""nnenum CLI auto settings""}","[""CPU affinity 0-3; BLAS/OpenMP=1; CUDA hidden"", ""observation-only hook exports Result.total_secs and cinput; watchdog T+20""]",,,89.0,21888.0,auto_no_attacks_cpu4,"[""nnenum"",""data/vnncomp2026/cora_2024/1.0/onnx/svhn-set.onnx"",""data/vnncomp2026/cora_2024/1.0/vnnlib/svhn-img343.vnnlib"",30.0,""auto_no_attacks_cpu4""]",
cora_2024,81,svhn-point.onnx,svhn-img417.vnnlib,timeout,33.35707161948085,TIMEOUT,0,30.0,33.35707161948085,34.432413609698415,0,34.432413609698415,1,0,,,not a FALSIFIED row,0,scratch/logs/fse2026/nnenum/cora_2024/00081_b112a2df39d36dc99316_olmsvs5x.log,b18238f123ed6fab051ec94641b78a1ba2e307e7,"{""attack"": ""no adversarial attack implementation in this nnenum version; LP witness extraction retained"", ""cpus"": ""0-3"", ""deviations"": [""CPU affinity 0-3; BLAS/OpenMP=1; CUDA hidden"", ""observation-only hook exports Result.total_secs and cinput; watchdog T+20""], ""official"": ""nnenum CLI auto settings""}","[""CPU affinity 0-3; BLAS/OpenMP=1; CUDA hidden"", ""observation-only hook exports Result.total_secs and cinput; watchdog T+20""]",,,95.0,21164.0,auto_no_attacks_cpu4,"[""nnenum"",""data/vnncomp2026/cora_2024/1.0/onnx/svhn-point.onnx"",""data/vnncomp2026/cora_2024/1.0/vnnlib/svhn-img417.vnnlib"",30.0,""auto_no_attacks_cpu4""]",
cora_2024,82,svhn-trades.onnx,svhn-img417.vnnlib,timeout,31.809003833681345,TIMEOUT,0,30.0,31.809003833681345,32.683397551998496,0,32.683397551998496,1,0,,,not a FALSIFIED row,0,scratch/logs/fse2026/nnenum/cora_2024/00082_4f4463ecf6e44d57fd3d_6_fmdaf3.log,b18238f123ed6fab051ec94641b78a1ba2e307e7,"{""attack"": ""no adversarial attack implementation in this nnenum version; LP witness extraction retained"", ""cpus"": ""0-3"", ""deviations"": [""CPU affinity 0-3; BLAS/OpenMP=1; CUDA hidden"", ""observation-only hook exports Result.total_secs and cinput; watchdog T+20""], ""official"": ""nnenum CLI auto settings""}","[""CPU affinity 0-3; BLAS/OpenMP=1; CUDA hidden"", ""observation-only hook exports Result.total_secs and cinput; watchdog T+20""]",,,100.0,24892.0,auto_no_attacks_cpu4,"[""nnenum"",""data/vnncomp2026/cora_2024/1.0/onnx/svhn-trades.onnx"",""data/vnncomp2026/cora_2024/1.0/vnnlib/svhn-img417.vnnlib"",30.0,""auto_no_attacks_cpu4""]",
cora_2024,83,svhn-set.onnx,svhn-img417.vnnlib,timeout,37.84798692911863,TIMEOUT,0,30.0,37.84798692911863,38.703207202255726,0,38.703207202255726,1,0,,,not a FALSIFIED row,0,scratch/logs/fse2026/nnenum/cora_2024/00083_96b96475c4e6b9d2d2a6_6ow2l81a.log,b18238f123ed6fab051ec94641b78a1ba2e307e7,"{""attack"": ""no adversarial attack implementation in this nnenum version; LP witness extraction retained"", ""cpus"": ""0-3"", ""deviations"": [""CPU affinity 0-3; BLAS/OpenMP=1; CUDA hidden"", ""observation-only hook exports Result.total_secs and cinput; watchdog T+20""], ""official"": ""nnenum CLI auto settings""}","[""CPU affinity 0-3; BLAS/OpenMP=1; CUDA hidden"", ""observation-only hook exports Result.total_secs and cinput; watchdog T+20""]",,,28.0,13368.0,auto_no_attacks_cpu4,"[""nnenum"",""data/vnncomp2026/cora_2024/1.0/onnx/svhn-set.onnx"",""data/vnncomp2026/cora_2024/1.0/vnnlib/svhn-img417.vnnlib"",30.0,""auto_no_attacks_cpu4""]",
cora_2024,84,svhn-point.onnx,svhn-img435.vnnlib,timeout,36.622010573744774,TIMEOUT,0,30.0,36.622010573744774,37.482183335348964,0,37.482183335348964,1,0,,,not a FALSIFIED row,0,scratch/logs/fse2026/nnenum/cora_2024/00084_f0fac7a55ad6af9ee67d_06sq5z4h.log,b18238f123ed6fab051ec94641b78a1ba2e307e7,"{""attack"": ""no adversarial attack implementation in this nnenum version; LP witness extraction retained"", ""cpus"": ""0-3"", ""deviations"": [""CPU affinity 0-3; BLAS/OpenMP=1; CUDA hidden"", ""observation-only hook exports Result.total_secs and cinput; watchdog T+20""], ""official"": ""nnenum CLI auto settings""}","[""CPU affinity 0-3; BLAS/OpenMP=1; CUDA hidden"", ""observation-only hook exports Result.total_secs and cinput; watchdog T+20""]",,,99.0,6890.0,auto_no_attacks_cpu4,"[""nnenum"",""data/vnncomp2026/cora_2024/1.0/onnx/svhn-point.onnx"",""data/vnncomp2026/cora_2024/1.0/vnnlib/svhn-img435.vnnlib"",30.0,""auto_no_attacks_cpu4""]",
cora_2024,85,svhn-trades.onnx,svhn-img435.vnnlib,timeout,32.78211787156761,TIMEOUT,0,30.0,32.78211787156761,33.5762278996408,0,33.5762278996408,1,0,,,not a FALSIFIED row,0,scratch/logs/fse2026/nnenum/cora_2024/00085_9251b8ced0c20bbf2698_fobtv_k_.log,b18238f123ed6fab051ec94641b78a1ba2e307e7,"{""attack"": ""no adversarial attack implementation in this nnenum version; LP witness extraction retained"", ""cpus"": ""0-3"", ""deviations"": [""CPU affinity 0-3; BLAS/OpenMP=1; CUDA hidden"", ""observation-only hook exports Result.total_secs and cinput; watchdog T+20""], ""official"": ""nnenum CLI auto settings""}","[""CPU affinity 0-3; BLAS/OpenMP=1; CUDA hidden"", ""observation-only hook exports Result.total_secs and cinput; watchdog T+20""]",,,91.0,10308.0,auto_no_attacks_cpu4,"[""nnenum"",""data/vnncomp2026/cora_2024/1.0/onnx/svhn-trades.onnx"",""data/vnncomp2026/cora_2024/1.0/vnnlib/svhn-img435.vnnlib"",30.0,""auto_no_attacks_cpu4""]",
cora_2024,86,svhn-set.onnx,svhn-img435.vnnlib,timeout,32.51505793258548,TIMEOUT,0,30.0,32.51505793258548,33.30585817247629,0,33.30585817247629,1,0,,,not a FALSIFIED row,0,scratch/logs/fse2026/nnenum/cora_2024/00086_ba2e5826afbe90df7511_2prsfz89.log,b18238f123ed6fab051ec94641b78a1ba2e307e7,"{""attack"": ""no adversarial attack implementation in this nnenum version; LP witness extraction retained"", ""cpus"": ""0-3"", ""deviations"": [""CPU affinity 0-3; BLAS/OpenMP=1; CUDA hidden"", ""observation-only hook exports Result.total_secs and cinput; watchdog T+20""], ""official"": ""nnenum CLI auto settings""}","[""CPU affinity 0-3; BLAS/OpenMP=1; CUDA hidden"", ""observation-only hook exports Result.total_secs and cinput; watchdog T+20""]",,,94.0,10584.0,auto_no_attacks_cpu4,"[""nnenum"",""data/vnncomp2026/cora_2024/1.0/onnx/svhn-set.onnx"",""data/vnncomp2026/cora_2024/1.0/vnnlib/svhn-img435.vnnlib"",30.0,""auto_no_attacks_cpu4""]",
cora_2024,87,svhn-point.onnx,svhn-img509.vnnlib,timeout,38.88454058393836,TIMEOUT,0,30.0,38.88454058393836,39.686150105670094,0,39.686150105670094,1,0,,,not a FALSIFIED row,0,scratch/logs/fse2026/nnenum/cora_2024/00087_ff77b94ef43a41c6d7d3_2rragco2.log,b18238f123ed6fab051ec94641b78a1ba2e307e7,"{""attack"": ""no adversarial attack implementation in this nnenum version; LP witness extraction retained"", ""cpus"": ""0-3"", ""deviations"": [""CPU affinity 0-3; BLAS/OpenMP=1; CUDA hidden"", ""observation-only hook exports Result.total_secs and cinput; watchdog T+20""], ""official"": ""nnenum CLI auto settings""}","[""CPU affinity 0-3; BLAS/OpenMP=1; CUDA hidden"", ""observation-only hook exports Result.total_secs and cinput; watchdog T+20""]",,,98.0,31002.0,auto_no_attacks_cpu4,"[""nnenum"",""data/vnncomp2026/cora_2024/1.0/onnx/svhn-point.onnx"",""data/vnncomp2026/cora_2024/1.0/vnnlib/svhn-img509.vnnlib"",30.0,""auto_no_attacks_cpu4""]",
cora_2024,88,svhn-trades.onnx,svhn-img509.vnnlib,timeout,34.85940749570727,TIMEOUT,0,30.0,34.85940749570727,35.74613990262151,0,35.74613990262151,1,0,,,not a FALSIFIED row,0,scratch/logs/fse2026/nnenum/cora_2024/00088_b525afd55cc63454fb69_rqdduoke.log,b18238f123ed6fab051ec94641b78a1ba2e307e7,"{""attack"": ""no adversarial attack implementation in this nnenum version; LP witness extraction retained"", ""cpus"": ""0-3"", ""deviations"": [""CPU affinity 0-3; BLAS/OpenMP=1; CUDA hidden"", ""observation-only hook exports Result.total_secs and cinput; watchdog T+20""], ""official"": ""nnenum CLI auto settings""}","[""CPU affinity 0-3; BLAS/OpenMP=1; CUDA hidden"", ""observation-only hook exports Result.total_secs and cinput; watchdog T+20""]",,,0.0,5466.0,auto_no_attacks_cpu4,"[""nnenum"",""data/vnncomp2026/cora_2024/1.0/onnx/svhn-trades.onnx"",""data/vnncomp2026/cora_2024/1.0/vnnlib/svhn-img509.vnnlib"",30.0,""auto_no_attacks_cpu4""]",
cora_2024,89,svhn-set.onnx,svhn-img509.vnnlib,timeout,37.868412896990776,TIMEOUT,0,30.0,37.868412896990776,38.64089439250529,0,38.64089439250529,1,0,,,not a FALSIFIED row,0,scratch/logs/fse2026/nnenum/cora_2024/00089_9b81545d6c3a29166ead_k0v7x0_a.log,b18238f123ed6fab051ec94641b78a1ba2e307e7,"{""attack"": ""no adversarial attack implementation in this nnenum version; LP witness extraction retained"", ""cpus"": ""0-3"", ""deviations"": [""CPU affinity 0-3; BLAS/OpenMP=1; CUDA hidden"", ""observation-only hook exports Result.total_secs and cinput; watchdog T+20""], ""official"": ""nnenum CLI auto settings""}","[""CPU affinity 0-3; BLAS/OpenMP=1; CUDA hidden"", ""observation-only hook exports Result.total_secs and cinput; watchdog T+20""]",,,0.0,5302.0,auto_no_attacks_cpu4,"[""nnenum"",""data/vnncomp2026/cora_2024/1.0/onnx/svhn-set.onnx"",""data/vnncomp2026/cora_2024/1.0/vnnlib/svhn-img509.vnnlib"",30.0,""auto_no_attacks_cpu4""]",
cora_2024,90,svhn-point.onnx,svhn-img513.vnnlib,timeout,31.1087558362633,TIMEOUT,0,30.0,31.1087558362633,31.88441369496286,0,31.88441369496286,1,0,,,not a FALSIFIED row,0,scratch/logs/fse2026/nnenum/cora_2024/00090_9a798209e71153b23f3a_y_jyf57m.log,b18238f123ed6fab051ec94641b78a1ba2e307e7,"{""attack"": ""no adversarial attack implementation in this nnenum version; LP witness extraction retained"", ""cpus"": ""0-3"", ""deviations"": [""CPU affinity 0-3; BLAS/OpenMP=1; CUDA hidden"", ""observation-only hook exports Result.total_secs and cinput; watchdog T+20""], ""official"": ""nnenum CLI auto settings""}","[""CPU affinity 0-3; BLAS/OpenMP=1; CUDA hidden"", ""observation-only hook exports Result.total_secs and cinput; watchdog T+20""]",,,92.0,4672.0,auto_no_attacks_cpu4,"[""nnenum"",""data/vnncomp2026/cora_2024/1.0/onnx/svhn-point.onnx"",""data/vnncomp2026/cora_2024/1.0/vnnlib/svhn-img513.vnnlib"",30.0,""auto_no_attacks_cpu4""]",
cora_2024,91,svhn-trades.onnx,svhn-img513.vnnlib,timeout,34.13281533308327,TIMEOUT,0,30.0,34.13281533308327,34.93300379626453,0,34.93300379626453,1,0,,,not a FALSIFIED row,0,scratch/logs/fse2026/nnenum/cora_2024/00091_03f16c170de0532de48e_qql9nxqs.log,b18238f123ed6fab051ec94641b78a1ba2e307e7,"{""attack"": ""no adversarial attack implementation in this nnenum version; LP witness extraction retained"", ""cpus"": ""0-3"", ""deviations"": [""CPU affinity 0-3; BLAS/OpenMP=1; CUDA hidden"", ""observation-only hook exports Result.total_secs and cinput; watchdog T+20""], ""official"": ""nnenum CLI auto settings""}","[""CPU affinity 0-3; BLAS/OpenMP=1; CUDA hidden"", ""observation-only hook exports Result.total_secs and cinput; watchdog T+20""]",,,0.0,12506.0,auto_no_attacks_cpu4,"[""nnenum"",""data/vnncomp2026/cora_2024/1.0/onnx/svhn-trades.onnx"",""data/vnncomp2026/cora_2024/1.0/vnnlib/svhn-img513.vnnlib"",30.0,""auto_no_attacks_cpu4""]",
cora_2024,92,svhn-set.onnx,svhn-img513.vnnlib,timeout,32.54307043552399,TIMEOUT,0,30.0,32.54307043552399,33.39626589976251,0,33.39626589976251,1,0,,,not a FALSIFIED row,0,scratch/logs/fse2026/nnenum/cora_2024/00092_bebb113c012ea134bb7a_srikh5g4.log,b18238f123ed6fab051ec94641b78a1ba2e307e7,"{""attack"": ""no adversarial attack implementation in this nnenum version; LP witness extraction retained"", ""cpus"": ""0-3"", ""deviations"": [""CPU affinity 0-3; BLAS/OpenMP=1; CUDA hidden"", ""observation-only hook exports Result.total_secs and cinput; watchdog T+20""], ""official"": ""nnenum CLI auto settings""}","[""CPU affinity 0-3; BLAS/OpenMP=1; CUDA hidden"", ""observation-only hook exports Result.total_secs and cinput; watchdog T+20""]",,,0.0,9148.0,auto_no_attacks_cpu4,"[""nnenum"",""data/vnncomp2026/cora_2024/1.0/onnx/svhn-set.onnx"",""data/vnncomp2026/cora_2024/1.0/vnnlib/svhn-img513.vnnlib"",30.0,""auto_no_attacks_cpu4""]",
cora_2024,93,svhn-point.onnx,svhn-img539.vnnlib,timeout,45.94249618425965,TIMEOUT,0,30.0,45.94249618425965,46.77054793201387,0,46.77054793201387,1,0,,,not a FALSIFIED row,0,scratch/logs/fse2026/nnenum/cora_2024/00093_c1b9e47a7b531727715c_j4t0gvqf.log,b18238f123ed6fab051ec94641b78a1ba2e307e7,"{""attack"": ""no adversarial attack implementation in this nnenum version; LP witness extraction retained"", ""cpus"": ""0-3"", ""deviations"": [""CPU affinity 0-3; BLAS/OpenMP=1; CUDA hidden"", ""observation-only hook exports Result.total_secs and cinput; watchdog T+20""], ""official"": ""nnenum CLI auto settings""}","[""CPU affinity 0-3; BLAS/OpenMP=1; CUDA hidden"", ""observation-only hook exports Result.total_secs and cinput; watchdog T+20""]",,,0.0,3168.0,auto_no_attacks_cpu4,"[""nnenum"",""data/vnncomp2026/cora_2024/1.0/onnx/svhn-point.onnx"",""data/vnncomp2026/cora_2024/1.0/vnnlib/svhn-img539.vnnlib"",30.0,""auto_no_attacks_cpu4""]",
cora_2024,94,svhn-trades.onnx,svhn-img539.vnnlib,timeout,46.998890958726406,TIMEOUT,0,30.0,46.998890958726406,47.80772594362497,0,47.80772594362497,1,0,,,not a FALSIFIED row,0,scratch/logs/fse2026/nnenum/cora_2024/00094_cdd0d0d47645e513553d_f3h4koxl.log,b18238f123ed6fab051ec94641b78a1ba2e307e7,"{""attack"": ""no adversarial attack implementation in this nnenum version; LP witness extraction retained"", ""cpus"": ""0-3"", ""deviations"": [""CPU affinity 0-3; BLAS/OpenMP=1; CUDA hidden"", ""observation-only hook exports Result.total_secs and cinput; watchdog T+20""], ""official"": ""nnenum CLI auto settings""}","[""CPU affinity 0-3; BLAS/OpenMP=1; CUDA hidden"", ""observation-only hook exports Result.total_secs and cinput; watchdog T+20""]",,,35.0,4902.0,auto_no_attacks_cpu4,"[""nnenum"",""data/vnncomp2026/cora_2024/1.0/onnx/svhn-trades.onnx"",""data/vnncomp2026/cora_2024/1.0/vnnlib/svhn-img539.vnnlib"",30.0,""auto_no_attacks_cpu4""]",
cora_2024,95,svhn-set.onnx,svhn-img539.vnnlib,timeout,38.77289518341422,TIMEOUT,0,30.0,38.77289518341422,39.642235200852156,0,39.642235200852156,1,0,,,not a FALSIFIED row,0,scratch/logs/fse2026/nnenum/cora_2024/00095_761117106b633aa55b41__zrib_vi.log,b18238f123ed6fab051ec94641b78a1ba2e307e7,"{""attack"": ""no adversarial attack implementation in this nnenum version; LP witness extraction retained"", ""cpus"": ""0-3"", ""deviations"": [""CPU affinity 0-3; BLAS/OpenMP=1; CUDA hidden"", ""observation-only hook exports Result.total_secs and cinput; watchdog T+20""], ""official"": ""nnenum CLI auto settings""}","[""CPU affinity 0-3; BLAS/OpenMP=1; CUDA hidden"", ""observation-only hook exports Result.total_secs and cinput; watchdog T+20""]",,,96.0,13804.0,auto_no_attacks_cpu4,"[""nnenum"",""data/vnncomp2026/cora_2024/1.0/onnx/svhn-set.onnx"",""data/vnncomp2026/cora_2024/1.0/vnnlib/svhn-img539.vnnlib"",30.0,""auto_no_attacks_cpu4""]",
cora_2024,96,svhn-point.onnx,svhn-img572.vnnlib,timeout,30.94063443876803,TIMEOUT,0,30.0,30.94063443876803,31.684644743800163,0,31.684644743800163,1,0,,,not a FALSIFIED row,0,scratch/logs/fse2026/nnenum/cora_2024/00096_1896229717ce036177c7_rbzifoer.log,b18238f123ed6fab051ec94641b78a1ba2e307e7,"{""attack"": ""no adversarial attack implementation in this nnenum version; LP witness extraction retained"", ""cpus"": ""0-3"", ""deviations"": [""CPU affinity 0-3; BLAS/OpenMP=1; CUDA hidden"", ""observation-only hook exports Result.total_secs and cinput; watchdog T+20""], ""official"": ""nnenum CLI auto settings""}","[""CPU affinity 0-3; BLAS/OpenMP=1; CUDA hidden"", ""observation-only hook exports Result.total_secs and cinput; watchdog T+20""]",,,94.0,37770.0,auto_no_attacks_cpu4,"[""nnenum"",""data/vnncomp2026/cora_2024/1.0/onnx/svhn-point.onnx"",""data/vnncomp2026/cora_2024/1.0/vnnlib/svhn-img572.vnnlib"",30.0,""auto_no_attacks_cpu4""]",
cora_2024,97,svhn-trades.onnx,svhn-img572.vnnlib,timeout,39.34244732558727,TIMEOUT,0,30.0,39.34244732558727,40.17258655279875,0,40.17258655279875,1,0,,,not a FALSIFIED row,0,scratch/logs/fse2026/nnenum/cora_2024/00097_ff8bc3117d4ffa18e4e5_rk6im4y3.log,b18238f123ed6fab051ec94641b78a1ba2e307e7,"{""attack"": ""no adversarial attack implementation in this nnenum version; LP witness extraction retained"", ""cpus"": ""0-3"", ""deviations"": [""CPU affinity 0-3; BLAS/OpenMP=1; CUDA hidden"", ""observation-only hook exports Result.total_secs and cinput; watchdog T+20""], ""official"": ""nnenum CLI auto settings""}","[""CPU affinity 0-3; BLAS/OpenMP=1; CUDA hidden"", ""observation-only hook exports Result.total_secs and cinput; watchdog T+20""]",,,0.0,10378.0,auto_no_attacks_cpu4,"[""nnenum"",""data/vnncomp2026/cora_2024/1.0/onnx/svhn-trades.onnx"",""data/vnncomp2026/cora_2024/1.0/vnnlib/svhn-img572.vnnlib"",30.0,""auto_no_attacks_cpu4""]",
cora_2024,98,svhn-set.onnx,svhn-img572.vnnlib,timeout,34.63097793608904,TIMEOUT,0,30.0,34.63097793608904,35.43918293900788,0,35.43918293900788,1,0,,,not a FALSIFIED row,0,scratch/logs/fse2026/nnenum/cora_2024/00098_7c621aee146fa747d154_4y1ed6uk.log,b18238f123ed6fab051ec94641b78a1ba2e307e7,"{""attack"": ""no adversarial attack implementation in this nnenum version; LP witness extraction retained"", ""cpus"": ""0-3"", ""deviations"": [""CPU affinity 0-3; BLAS/OpenMP=1; CUDA hidden"", ""observation-only hook exports Result.total_secs and cinput; watchdog T+20""], ""official"": ""nnenum CLI auto settings""}","[""CPU affinity 0-3; BLAS/OpenMP=1; CUDA hidden"", ""observation-only hook exports Result.total_secs and cinput; watchdog T+20""]",,,0.0,11708.0,auto_no_attacks_cpu4,"[""nnenum"",""data/vnncomp2026/cora_2024/1.0/onnx/svhn-set.onnx"",""data/vnncomp2026/cora_2024/1.0/vnnlib/svhn-img572.vnnlib"",30.0,""auto_no_attacks_cpu4""]",
cora_2024,99,svhn-point.onnx,svhn-img598.vnnlib,timeout,33.9411349222064,TIMEOUT,0,30.0,33.9411349222064,34.793904008343816,0,34.793904008343816,1,0,,,not a FALSIFIED row,0,scratch/logs/fse2026/nnenum/cora_2024/00099_03bbb1052685e342be9b_2nkv5cpj.log,b18238f123ed6fab051ec94641b78a1ba2e307e7,"{""attack"": ""no adversarial attack implementation in this nnenum version; LP witness extraction retained"", ""cpus"": ""0-3"", ""deviations"": [""CPU affinity 0-3; BLAS/OpenMP=1; CUDA hidden"", ""observation-only hook exports Result.total_secs and cinput; watchdog T+20""], ""official"": ""nnenum CLI auto settings""}","[""CPU affinity 0-3; BLAS/OpenMP=1; CUDA hidden"", ""observation-only hook exports Result.total_secs and cinput; watchdog T+20""]",,,93.0,13194.0,auto_no_attacks_cpu4,"[""nnenum"",""data/vnncomp2026/cora_2024/1.0/onnx/svhn-point.onnx"",""data/vnncomp2026/cora_2024/1.0/vnnlib/svhn-img598.vnnlib"",30.0,""auto_no_attacks_cpu4""]",
cora_2024,100,svhn-trades.onnx,svhn-img598.vnnlib,timeout,33.42720643617213,TIMEOUT,0,30.0,33.42720643617213,34.33521014265716,0,34.33521014265716,1,0,,,not a FALSIFIED row,0,scratch/logs/fse2026/nnenum/cora_2024/00100_2471451e7b9d5db2b7ea_gl_mrtgi.log,b18238f123ed6fab051ec94641b78a1ba2e307e7,"{""attack"": ""no adversarial attack implementation in this nnenum version; LP witness extraction retained"", ""cpus"": ""0-3"", ""deviations"": [""CPU affinity 0-3; BLAS/OpenMP=1; CUDA hidden"", ""observation-only hook exports Result.total_secs and cinput; watchdog T+20""], ""official"": ""nnenum CLI auto settings""}","[""CPU affinity 0-3; BLAS/OpenMP=1; CUDA hidden"", ""observation-only hook exports Result.total_secs and cinput; watchdog T+20""]",,,60.0,7512.0,auto_no_attacks_cpu4,"[""nnenum"",""data/vnncomp2026/cora_2024/1.0/onnx/svhn-trades.onnx"",""data/vnncomp2026/cora_2024/1.0/vnnlib/svhn-img598.vnnlib"",30.0,""auto_no_attacks_cpu4""]",
cora_2024,101,svhn-set.onnx,svhn-img598.vnnlib,timeout,33.4474062602967,TIMEOUT,0,30.0,33.4474062602967,34.38542364910245,0,34.38542364910245,1,0,,,not a FALSIFIED row,0,scratch/logs/fse2026/nnenum/cora_2024/00101_7ad68443853bc1e28f85_o0_44ga3.log,b18238f123ed6fab051ec94641b78a1ba2e307e7,"{""attack"": ""no adversarial attack implementation in this nnenum version; LP witness extraction retained"", ""cpus"": ""0-3"", ""deviations"": [""CPU affinity 0-3; BLAS/OpenMP=1; CUDA hidden"", ""observation-only hook exports Result.total_secs and cinput; watchdog T+20""], ""official"": ""nnenum CLI auto settings""}","[""CPU affinity 0-3; BLAS/OpenMP=1; CUDA hidden"", ""observation-only hook exports Result.total_secs and cinput; watchdog T+20""]",,,97.0,43108.0,auto_no_attacks_cpu4,"[""nnenum"",""data/vnncomp2026/cora_2024/1.0/onnx/svhn-set.onnx"",""data/vnncomp2026/cora_2024/1.0/vnnlib/svhn-img598.vnnlib"",30.0,""auto_no_attacks_cpu4""]",
cora_2024,102,svhn-point.onnx,svhn-img645.vnnlib,timeout,46.12156894616783,TIMEOUT,0,30.0,46.12156894616783,46.917686112225056,0,46.917686112225056,1,0,,,not a FALSIFIED row,0,scratch/logs/fse2026/nnenum/cora_2024/00102_18e1155533f0a2d6e83e_vk0iie_3.log,b18238f123ed6fab051ec94641b78a1ba2e307e7,"{""attack"": ""no adversarial attack implementation in this nnenum version; LP witness extraction retained"", ""cpus"": ""0-3"", ""deviations"": [""CPU affinity 0-3; BLAS/OpenMP=1; CUDA hidden"", ""observation-only hook exports Result.total_secs and cinput; watchdog T+20""], ""official"": ""nnenum CLI auto settings""}","[""CPU affinity 0-3; BLAS/OpenMP=1; CUDA hidden"", ""observation-only hook exports Result.total_secs and cinput; watchdog T+20""]",,,90.0,40444.0,auto_no_attacks_cpu4,"[""nnenum"",""data/vnncomp2026/cora_2024/1.0/onnx/svhn-point.onnx"",""data/vnncomp2026/cora_2024/1.0/vnnlib/svhn-img645.vnnlib"",30.0,""auto_no_attacks_cpu4""]",
cora_2024,103,svhn-trades.onnx,svhn-img645.vnnlib,timeout,48.81558111682534,TIMEOUT,0,30.0,48.81558111682534,49.65929438918829,0,49.65929438918829,1,0,,,not a FALSIFIED row,0,scratch/logs/fse2026/nnenum/cora_2024/00103_7fe524ce51d4cae4852d_w3ki0n1y.log,b18238f123ed6fab051ec94641b78a1ba2e307e7,"{""attack"": ""no adversarial attack implementation in this nnenum version; LP witness extraction retained"", ""cpus"": ""0-3"", ""deviations"": [""CPU affinity 0-3; BLAS/OpenMP=1; CUDA hidden"", ""observation-only hook exports Result.total_secs and cinput; watchdog T+20""], ""official"": ""nnenum CLI auto settings""}","[""CPU affinity 0-3; BLAS/OpenMP=1; CUDA hidden"", ""observation-only hook exports Result.total_secs and cinput; watchdog T+20""]",,,67.0,12622.0,auto_no_attacks_cpu4,"[""nnenum"",""data/vnncomp2026/cora_2024/1.0/onnx/svhn-trades.onnx"",""data/vnncomp2026/cora_2024/1.0/vnnlib/svhn-img645.vnnlib"",30.0,""auto_no_attacks_cpu4""]",
cora_2024,104,svhn-set.onnx,svhn-img645.vnnlib,timeout,31.8415487986058,TIMEOUT,0,30.0,31.8415487986058,32.62542851269245,0,32.62542851269245,1,0,,,not a FALSIFIED row,0,scratch/logs/fse2026/nnenum/cora_2024/00104_c01b31532e7971c6386e_2ruahrlx.log,b18238f123ed6fab051ec94641b78a1ba2e307e7,"{""attack"": ""no adversarial attack implementation in this nnenum version; LP witness extraction retained"", ""cpus"": ""0-3"", ""deviations"": [""CPU affinity 0-3; BLAS/OpenMP=1; CUDA hidden"", ""observation-only hook exports Result.total_secs and cinput; watchdog T+20""], ""official"": ""nnenum CLI auto settings""}","[""CPU affinity 0-3; BLAS/OpenMP=1; CUDA hidden"", ""observation-only hook exports Result.total_secs and cinput; watchdog T+20""]",,,87.0,22794.0,auto_no_attacks_cpu4,"[""nnenum"",""data/vnncomp2026/cora_2024/1.0/onnx/svhn-set.onnx"",""data/vnncomp2026/cora_2024/1.0/vnnlib/svhn-img645.vnnlib"",30.0,""auto_no_attacks_cpu4""]",
cora_2024,105,svhn-point.onnx,svhn-img710.vnnlib,timeout,34.83868364803493,TIMEOUT,0,30.0,34.83868364803493,35.64016550965607,0,35.64016550965607,1,0,,,not a FALSIFIED row,0,scratch/logs/fse2026/nnenum/cora_2024/00105_966058188acf8562ffd7_j3orkik0.log,b18238f123ed6fab051ec94641b78a1ba2e307e7,"{""attack"": ""no adversarial attack implementation in this nnenum version; LP witness extraction retained"", ""cpus"": ""0-3"", ""deviations"": [""CPU affinity 0-3; BLAS/OpenMP=1; CUDA hidden"", ""observation-only hook exports Result.total_secs and cinput; watchdog T+20""], ""official"": ""nnenum CLI auto settings""}","[""CPU affinity 0-3; BLAS/OpenMP=1; CUDA hidden"", ""observation-only hook exports Result.total_secs and cinput; watchdog T+20""]",,,85.0,6346.0,auto_no_attacks_cpu4,"[""nnenum"",""data/vnncomp2026/cora_2024/1.0/onnx/svhn-point.onnx"",""data/vnncomp2026/cora_2024/1.0/vnnlib/svhn-img710.vnnlib"",30.0,""auto_no_attacks_cpu4""]",
cora_2024,106,svhn-trades.onnx,svhn-img710.vnnlib,timeout,35.79876132681966,TIMEOUT,0,30.0,35.79876132681966,36.550343971699476,0,36.550343971699476,1,0,,,not a FALSIFIED row,0,scratch/logs/fse2026/nnenum/cora_2024/00106_2dd3acb97e136559ef9e_iiofcav5.log,b18238f123ed6fab051ec94641b78a1ba2e307e7,"{""attack"": ""no adversarial attack implementation in this nnenum version; LP witness extraction retained"", ""cpus"": ""0-3"", ""deviations"": [""CPU affinity 0-3; BLAS/OpenMP=1; CUDA hidden"", ""observation-only hook exports Result.total_secs and cinput; watchdog T+20""], ""official"": ""nnenum CLI auto settings""}","[""CPU affinity 0-3; BLAS/OpenMP=1; CUDA hidden"", ""observation-only hook exports Result.total_secs and cinput; watchdog T+20""]",,,39.0,4110.0,auto_no_attacks_cpu4,"[""nnenum"",""data/vnncomp2026/cora_2024/1.0/onnx/svhn-trades.onnx"",""data/vnncomp2026/cora_2024/1.0/vnnlib/svhn-img710.vnnlib"",30.0,""auto_no_attacks_cpu4""]",
cora_2024,107,svhn-set.onnx,svhn-img710.vnnlib,timeout,32.733088202774525,TIMEOUT,0,30.0,32.733088202774525,33.53944110684097,0,33.53944110684097,1,0,,,not a FALSIFIED row,0,scratch/logs/fse2026/nnenum/cora_2024/00107_dbac6c34a0e7d0d22540_zpirani4.log,b18238f123ed6fab051ec94641b78a1ba2e307e7,"{""attack"": ""no adversarial attack implementation in this nnenum version; LP witness extraction retained"", ""cpus"": ""0-3"", ""deviations"": [""CPU affinity 0-3; BLAS/OpenMP=1; CUDA hidden"", ""observation-only hook exports Result.total_secs and cinput; watchdog T+20""], ""official"": ""nnenum CLI auto settings""}","[""CPU affinity 0-3; BLAS/OpenMP=1; CUDA hidden"", ""observation-only hook exports Result.total_secs and cinput; watchdog T+20""]",,,99.0,29180.0,auto_no_attacks_cpu4,"[""nnenum"",""data/vnncomp2026/cora_2024/1.0/onnx/svhn-set.onnx"",""data/vnncomp2026/cora_2024/1.0/vnnlib/svhn-img710.vnnlib"",30.0,""auto_no_attacks_cpu4""]",
cora_2024,108,svhn-point.onnx,svhn-img726.vnnlib,timeout,37.327025800943375,TIMEOUT,0,30.0,37.327025800943375,38.14433427527547,0,38.14433427527547,1,0,,,not a FALSIFIED row,0,scratch/logs/fse2026/nnenum/cora_2024/00108_0bee8d5fa999e8f256fc_bzebvhkq.log,b18238f123ed6fab051ec94641b78a1ba2e307e7,"{""attack"": ""no adversarial attack implementation in this nnenum version; LP witness extraction retained"", ""cpus"": ""0-3"", ""deviations"": [""CPU affinity 0-3; BLAS/OpenMP=1; CUDA hidden"", ""observation-only hook exports Result.total_secs and cinput; watchdog T+20""], ""official"": ""nnenum CLI auto settings""}","[""CPU affinity 0-3; BLAS/OpenMP=1; CUDA hidden"", ""observation-only hook exports Result.total_secs and cinput; watchdog T+20""]",,,88.0,15394.0,auto_no_attacks_cpu4,"[""nnenum"",""data/vnncomp2026/cora_2024/1.0/onnx/svhn-point.onnx"",""data/vnncomp2026/cora_2024/1.0/vnnlib/svhn-img726.vnnlib"",30.0,""auto_no_attacks_cpu4""]",
cora_2024,109,svhn-trades.onnx,svhn-img726.vnnlib,timeout,34.502401584759355,TIMEOUT,0,30.0,34.502401584759355,35.29938618838787,0,35.29938618838787,1,0,,,not a FALSIFIED row,0,scratch/logs/fse2026/nnenum/cora_2024/00109_aaca2c2aaf6b4595cd64_80ya3d6c.log,b18238f123ed6fab051ec94641b78a1ba2e307e7,"{""attack"": ""no adversarial attack implementation in this nnenum version; LP witness extraction retained"", ""cpus"": ""0-3"", ""deviations"": [""CPU affinity 0-3; BLAS/OpenMP=1; CUDA hidden"", ""observation-only hook exports Result.total_secs and cinput; watchdog T+20""], ""official"": ""nnenum CLI auto settings""}","[""CPU affinity 0-3; BLAS/OpenMP=1; CUDA hidden"", ""observation-only hook exports Result.total_secs and cinput; watchdog T+20""]",,,32.0,16046.0,auto_no_attacks_cpu4,"[""nnenum"",""data/vnncomp2026/cora_2024/1.0/onnx/svhn-trades.onnx"",""data/vnncomp2026/cora_2024/1.0/vnnlib/svhn-img726.vnnlib"",30.0,""auto_no_attacks_cpu4""]",
cora_2024,110,svhn-set.onnx,svhn-img726.vnnlib,timeout,31.413225166499615,TIMEOUT,0,30.0,31.413225166499615,32.2287214435637,0,32.2287214435637,1,0,,,not a FALSIFIED row,0,scratch/logs/fse2026/nnenum/cora_2024/00110_c55886367106c142c462_1ajb4h17.log,b18238f123ed6fab051ec94641b78a1ba2e307e7,"{""attack"": ""no adversarial attack implementation in this nnenum version; LP witness extraction retained"", ""cpus"": ""0-3"", ""deviations"": [""CPU affinity 0-3; BLAS/OpenMP=1; CUDA hidden"", ""observation-only hook exports Result.total_secs and cinput; watchdog T+20""], ""official"": ""nnenum CLI auto settings""}","[""CPU affinity 0-3; BLAS/OpenMP=1; CUDA hidden"", ""observation-only hook exports Result.total_secs and cinput; watchdog T+20""]",,,0.0,5086.0,auto_no_attacks_cpu4,"[""nnenum"",""data/vnncomp2026/cora_2024/1.0/onnx/svhn-set.onnx"",""data/vnncomp2026/cora_2024/1.0/vnnlib/svhn-img726.vnnlib"",30.0,""auto_no_attacks_cpu4""]",
cora_2024,111,svhn-point.onnx,svhn-img761.vnnlib,timeout,38.84911839477718,TIMEOUT,0,30.0,38.84911839477718,39.60231474414468,0,39.60231474414468,1,0,,,not a FALSIFIED row,0,scratch/logs/fse2026/nnenum/cora_2024/00111_21f9a3083cfc48293385_7907vi01.log,b18238f123ed6fab051ec94641b78a1ba2e307e7,"{""attack"": ""no adversarial attack implementation in this nnenum version; LP witness extraction retained"", ""cpus"": ""0-3"", ""deviations"": [""CPU affinity 0-3; BLAS/OpenMP=1; CUDA hidden"", ""observation-only hook exports Result.total_secs and cinput; watchdog T+20""], ""official"": ""nnenum CLI auto settings""}","[""CPU affinity 0-3; BLAS/OpenMP=1; CUDA hidden"", ""observation-only hook exports Result.total_secs and cinput; watchdog T+20""]",,,2.0,1322.0,auto_no_attacks_cpu4,"[""nnenum"",""data/vnncomp2026/cora_2024/1.0/onnx/svhn-point.onnx"",""data/vnncomp2026/cora_2024/1.0/vnnlib/svhn-img761.vnnlib"",30.0,""auto_no_attacks_cpu4""]",
cora_2024,112,svhn-trades.onnx,svhn-img761.vnnlib,timeout,40.190806774422526,TIMEOUT,0,30.0,40.190806774422526,41.31497039273381,0,41.31497039273381,1,0,,,not a FALSIFIED row,0,scratch/logs/fse2026/nnenum/cora_2024/00112_4839e231b10e30c8133d_zdvjvfxd.log,b18238f123ed6fab051ec94641b78a1ba2e307e7,"{""attack"": ""no adversarial attack implementation in this nnenum version; LP witness extraction retained"", ""cpus"": ""0-3"", ""deviations"": [""CPU affinity 0-3; BLAS/OpenMP=1; CUDA hidden"", ""observation-only hook exports Result.total_secs and cinput; watchdog T+20""], ""official"": ""nnenum CLI auto settings""}","[""CPU affinity 0-3; BLAS/OpenMP=1; CUDA hidden"", ""observation-only hook exports Result.total_secs and cinput; watchdog T+20""]",,,92.0,18428.0,auto_no_attacks_cpu4,"[""nnenum"",""data/vnncomp2026/cora_2024/1.0/onnx/svhn-trades.onnx"",""data/vnncomp2026/cora_2024/1.0/vnnlib/svhn-img761.vnnlib"",30.0,""auto_no_attacks_cpu4""]",
cora_2024,113,svhn-set.onnx,svhn-img761.vnnlib,timeout,30.551202012225986,TIMEOUT,0,30.0,30.551202012225986,31.37328114360571,0,31.37328114360571,1,0,,,not a FALSIFIED row,0,scratch/logs/fse2026/nnenum/cora_2024/00113_6e79c36332b49bd68830_44az5sr5.log,b18238f123ed6fab051ec94641b78a1ba2e307e7,"{""attack"": ""no adversarial attack implementation in this nnenum version; LP witness extraction retained"", ""cpus"": ""0-3"", ""deviations"": [""CPU affinity 0-3; BLAS/OpenMP=1; CUDA hidden"", ""observation-only hook exports Result.total_secs and cinput; watchdog T+20""], ""official"": ""nnenum CLI auto settings""}","[""CPU affinity 0-3; BLAS/OpenMP=1; CUDA hidden"", ""observation-only hook exports Result.total_secs and cinput; watchdog T+20""]",,,91.0,8110.0,auto_no_attacks_cpu4,"[""nnenum"",""data/vnncomp2026/cora_2024/1.0/onnx/svhn-set.onnx"",""data/vnncomp2026/cora_2024/1.0/vnnlib/svhn-img761.vnnlib"",30.0,""auto_no_attacks_cpu4""]",
cora_2024,114,svhn-point.onnx,svhn-img969.vnnlib,timeout,32.83497493900359,TIMEOUT,0,30.0,32.83497493900359,33.777657141909,0,33.777657141909,1,0,,,not a FALSIFIED row,0,scratch/logs/fse2026/nnenum/cora_2024/00114_c99bc2afe0a03e7157f7_bcz4ob0t.log,b18238f123ed6fab051ec94641b78a1ba2e307e7,"{""attack"": ""no adversarial attack implementation in this nnenum version; LP witness extraction retained"", ""cpus"": ""0-3"", ""deviations"": [""CPU affinity 0-3; BLAS/OpenMP=1; CUDA hidden"", ""observation-only hook exports Result.total_secs and cinput; watchdog T+20""], ""official"": ""nnenum CLI auto settings""}","[""CPU affinity 0-3; BLAS/OpenMP=1; CUDA hidden"", ""observation-only hook exports Result.total_secs and cinput; watchdog T+20""]",,,97.0,27992.0,auto_no_attacks_cpu4,"[""nnenum"",""data/vnncomp2026/cora_2024/1.0/onnx/svhn-point.onnx"",""data/vnncomp2026/cora_2024/1.0/vnnlib/svhn-img969.vnnlib"",30.0,""auto_no_attacks_cpu4""]",
cora_2024,115,svhn-trades.onnx,svhn-img969.vnnlib,timeout,31.043150924146175,TIMEOUT,0,30.0,31.043150924146175,31.93655378371477,0,31.93655378371477,1,0,,,not a FALSIFIED row,0,scratch/logs/fse2026/nnenum/cora_2024/00115_30cfec21400a8230dee8_j2akv00f.log,b18238f123ed6fab051ec94641b78a1ba2e307e7,"{""attack"": ""no adversarial attack implementation in this nnenum version; LP witness extraction retained"", ""cpus"": ""0-3"", ""deviations"": [""CPU affinity 0-3; BLAS/OpenMP=1; CUDA hidden"", ""observation-only hook exports Result.total_secs and cinput; watchdog T+20""], ""official"": ""nnenum CLI auto settings""}","[""CPU affinity 0-3; BLAS/OpenMP=1; CUDA hidden"", ""observation-only hook exports Result.total_secs and cinput; watchdog T+20""]",,,0.0,9650.0,auto_no_attacks_cpu4,"[""nnenum"",""data/vnncomp2026/cora_2024/1.0/onnx/svhn-trades.onnx"",""data/vnncomp2026/cora_2024/1.0/vnnlib/svhn-img969.vnnlib"",30.0,""auto_no_attacks_cpu4""]",
cora_2024,116,svhn-set.onnx,svhn-img969.vnnlib,timeout,37.9440305698663,TIMEOUT,0,30.0,37.9440305698663,38.94322888739407,0,38.94322888739407,1,0,,,not a FALSIFIED row,0,scratch/logs/fse2026/nnenum/cora_2024/00116_bbb30cc21d177e9e30c1_xpdxdifw.log,b18238f123ed6fab051ec94641b78a1ba2e307e7,"{""attack"": ""no adversarial attack implementation in this nnenum version; LP witness extraction retained"", ""cpus"": ""0-3"", ""deviations"": [""CPU affinity 0-3; BLAS/OpenMP=1; CUDA hidden"", ""observation-only hook exports Result.total_secs and cinput; watchdog T+20""], ""official"": ""nnenum CLI auto settings""}","[""CPU affinity 0-3; BLAS/OpenMP=1; CUDA hidden"", ""observation-only hook exports Result.total_secs and cinput; watchdog T+20""]",,,38.0,8818.0,auto_no_attacks_cpu4,"[""nnenum"",""data/vnncomp2026/cora_2024/1.0/onnx/svhn-set.onnx"",""data/vnncomp2026/cora_2024/1.0/vnnlib/svhn-img969.vnnlib"",30.0,""auto_no_attacks_cpu4""]",
cora_2024,117,svhn-point.onnx,svhn-img1111.vnnlib,timeout,34.12160851620138,TIMEOUT,0,30.0,34.12160851620138,35.060219598934054,0,35.060219598934054,1,0,,,not a FALSIFIED row,0,scratch/logs/fse2026/nnenum/cora_2024/00117_76671362de0851563d17_ncouui_5.log,b18238f123ed6fab051ec94641b78a1ba2e307e7,"{""attack"": ""no adversarial attack implementation in this nnenum version; LP witness extraction retained"", ""cpus"": ""0-3"", ""deviations"": [""CPU affinity 0-3; BLAS/OpenMP=1; CUDA hidden"", ""observation-only hook exports Result.total_secs and cinput; watchdog T+20""], ""official"": ""nnenum CLI auto settings""}","[""CPU affinity 0-3; BLAS/OpenMP=1; CUDA hidden"", ""observation-only hook exports Result.total_secs and cinput; watchdog T+20""]",,,94.0,12764.0,auto_no_attacks_cpu4,"[""nnenum"",""data/vnncomp2026/cora_2024/1.0/onnx/svhn-point.onnx"",""data/vnncomp2026/cora_2024/1.0/vnnlib/svhn-img1111.vnnlib"",30.0,""auto_no_attacks_cpu4""]",
cora_2024,118,svhn-trades.onnx,svhn-img1111.vnnlib,timeout,38.40791009552777,TIMEOUT,0,30.0,38.40791009552777,39.410523898899555,0,39.410523898899555,1,0,,,not a FALSIFIED row,0,scratch/logs/fse2026/nnenum/cora_2024/00118_83898462a56bbc54be4a_3ipb7thr.log,b18238f123ed6fab051ec94641b78a1ba2e307e7,"{""attack"": ""no adversarial attack implementation in this nnenum version; LP witness extraction retained"", ""cpus"": ""0-3"", ""deviations"": [""CPU affinity 0-3; BLAS/OpenMP=1; CUDA hidden"", ""observation-only hook exports Result.total_secs and cinput; watchdog T+20""], ""official"": ""nnenum CLI auto settings""}","[""CPU affinity 0-3; BLAS/OpenMP=1; CUDA hidden"", ""observation-only hook exports Result.total_secs and cinput; watchdog T+20""]",,,99.0,36214.0,auto_no_attacks_cpu4,"[""nnenum"",""data/vnncomp2026/cora_2024/1.0/onnx/svhn-trades.onnx"",""data/vnncomp2026/cora_2024/1.0/vnnlib/svhn-img1111.vnnlib"",30.0,""auto_no_attacks_cpu4""]",
cora_2024,119,svhn-set.onnx,svhn-img1111.vnnlib,timeout,31.292389549314976,TIMEOUT,0,30.0,31.292389549314976,32.38265429250896,0,32.38265429250896,1,0,,,not a FALSIFIED row,0,scratch/logs/fse2026/nnenum/cora_2024/00119_032579a0c3ad81a3ad6a_hwty9580.log,b18238f123ed6fab051ec94641b78a1ba2e307e7,"{""attack"": ""no adversarial attack implementation in this nnenum version; LP witness extraction retained"", ""cpus"": ""0-3"", ""deviations"": [""CPU affinity 0-3; BLAS/OpenMP=1; CUDA hidden"", ""observation-only hook exports Result.total_secs and cinput; watchdog T+20""], ""official"": ""nnenum CLI auto settings""}","[""CPU affinity 0-3; BLAS/OpenMP=1; CUDA hidden"", ""observation-only hook exports Result.total_secs and cinput; watchdog T+20""]",,,34.0,12550.0,auto_no_attacks_cpu4,"[""nnenum"",""data/vnncomp2026/cora_2024/1.0/onnx/svhn-set.onnx"",""data/vnncomp2026/cora_2024/1.0/vnnlib/svhn-img1111.vnnlib"",30.0,""auto_no_attacks_cpu4""]",
cora_2024,120,cifar10-point.onnx,cifar10-img47.vnnlib,timeout,30.790491661056876,TIMEOUT,0,30.0,30.790491661056876,32.17423038929701,0,32.17423038929701,1,0,,,not a FALSIFIED row,0,scratch/logs/fse2026/nnenum/cora_2024/00120_2f8d7ffd918e4ea01dfc_20i_mpsf.log,b18238f123ed6fab051ec94641b78a1ba2e307e7,"{""attack"": ""no adversarial attack implementation in this nnenum version; LP witness extraction retained"", ""cpus"": ""0-3"", ""deviations"": [""CPU affinity 0-3; BLAS/OpenMP=1; CUDA hidden"", ""observation-only hook exports Result.total_secs and cinput; watchdog T+20""], ""official"": ""nnenum CLI auto settings""}","[""CPU affinity 0-3; BLAS/OpenMP=1; CUDA hidden"", ""observation-only hook exports Result.total_secs and cinput; watchdog T+20""]",,,92.0,10812.0,auto_no_attacks_cpu4,"[""nnenum"",""data/vnncomp2026/cora_2024/1.0/onnx/cifar10-point.onnx"",""data/vnncomp2026/cora_2024/1.0/vnnlib/cifar10-img47.vnnlib"",30.0,""auto_no_attacks_cpu4""]",
cora_2024,121,cifar10-trades.onnx,cifar10-img47.vnnlib,timeout,30.81517513655126,TIMEOUT,0,30.0,30.81517513655126,31.734905280172825,0,31.734905280172825,1,0,,,not a FALSIFIED row,0,scratch/logs/fse2026/nnenum/cora_2024/00121_1d7cf3750c10cb5d28ea_wg1b0hbh.log,b18238f123ed6fab051ec94641b78a1ba2e307e7,"{""attack"": ""no adversarial attack implementation in this nnenum version; LP witness extraction retained"", ""cpus"": ""0-3"", ""deviations"": [""CPU affinity 0-3; BLAS/OpenMP=1; CUDA hidden"", ""observation-only hook exports Result.total_secs and cinput; watchdog T+20""], ""official"": ""nnenum CLI auto settings""}","[""CPU affinity 0-3; BLAS/OpenMP=1; CUDA hidden"", ""observation-only hook exports Result.total_secs and cinput; watchdog T+20""]",,,95.0,30284.0,auto_no_attacks_cpu4,"[""nnenum"",""data/vnncomp2026/cora_2024/1.0/onnx/cifar10-trades.onnx"",""data/vnncomp2026/cora_2024/1.0/vnnlib/cifar10-img47.vnnlib"",30.0,""auto_no_attacks_cpu4""]",
cora_2024,122,cifar10-set.onnx,cifar10-img47.vnnlib,timeout,31.609689908102155,TIMEOUT,0,30.0,31.609689908102155,32.60137698799372,0,32.60137698799372,1,0,,,not a FALSIFIED row,0,scratch/logs/fse2026/nnenum/cora_2024/00122_96ae7f89201e3ebdf50e__u0cjxv3.log,b18238f123ed6fab051ec94641b78a1ba2e307e7,"{""attack"": ""no adversarial attack implementation in this nnenum version; LP witness extraction retained"", ""cpus"": ""0-3"", ""deviations"": [""CPU affinity 0-3; BLAS/OpenMP=1; CUDA hidden"", ""observation-only hook exports Result.total_secs and cinput; watchdog T+20""], ""official"": ""nnenum CLI auto settings""}","[""CPU affinity 0-3; BLAS/OpenMP=1; CUDA hidden"", ""observation-only hook exports Result.total_secs and cinput; watchdog T+20""]",,,96.0,11184.0,auto_no_attacks_cpu4,"[""nnenum"",""data/vnncomp2026/cora_2024/1.0/onnx/cifar10-set.onnx"",""data/vnncomp2026/cora_2024/1.0/vnnlib/cifar10-img47.vnnlib"",30.0,""auto_no_attacks_cpu4""]",
cora_2024,123,cifar10-point.onnx,cifar10-img61.vnnlib,timeout,31.24343849159777,TIMEOUT,0,30.0,31.24343849159777,32.1980579290539,0,32.1980579290539,1,0,,,not a FALSIFIED row,0,scratch/logs/fse2026/nnenum/cora_2024/00123_0f281145df8cc9eb63e7_w74sf9z4.log,b18238f123ed6fab051ec94641b78a1ba2e307e7,"{""attack"": ""no adversarial attack implementation in this nnenum version; LP witness extraction retained"", ""cpus"": ""0-3"", ""deviations"": [""CPU affinity 0-3; BLAS/OpenMP=1; CUDA hidden"", ""observation-only hook exports Result.total_secs and cinput; watchdog T+20""], ""official"": ""nnenum CLI auto settings""}","[""CPU affinity 0-3; BLAS/OpenMP=1; CUDA hidden"", ""observation-only hook exports Result.total_secs and cinput; watchdog T+20""]",,,83.0,6878.0,auto_no_attacks_cpu4,"[""nnenum"",""data/vnncomp2026/cora_2024/1.0/onnx/cifar10-point.onnx"",""data/vnncomp2026/cora_2024/1.0/vnnlib/cifar10-img61.vnnlib"",30.0,""auto_no_attacks_cpu4""]",
cora_2024,124,cifar10-trades.onnx,cifar10-img61.vnnlib,timeout,30.77433560229838,TIMEOUT,0,30.0,30.77433560229838,31.923607781529427,0,31.923607781529427,1,0,,,not a FALSIFIED row,0,scratch/logs/fse2026/nnenum/cora_2024/00124_de03ce814e50a88e6fd0_ihx9aqs6.log,b18238f123ed6fab051ec94641b78a1ba2e307e7,"{""attack"": ""no adversarial attack implementation in this nnenum version; LP witness extraction retained"", ""cpus"": ""0-3"", ""deviations"": [""CPU affinity 0-3; BLAS/OpenMP=1; CUDA hidden"", ""observation-only hook exports Result.total_secs and cinput; watchdog T+20""], ""official"": ""nnenum CLI auto settings""}","[""CPU affinity 0-3; BLAS/OpenMP=1; CUDA hidden"", ""observation-only hook exports Result.total_secs and cinput; watchdog T+20""]",,,98.0,28058.0,auto_no_attacks_cpu4,"[""nnenum"",""data/vnncomp2026/cora_2024/1.0/onnx/cifar10-trades.onnx"",""data/vnncomp2026/cora_2024/1.0/vnnlib/cifar10-img61.vnnlib"",30.0,""auto_no_attacks_cpu4""]",
cora_2024,125,cifar10-set.onnx,cifar10-img61.vnnlib,timeout,31.596424227580428,TIMEOUT,0,30.0,31.596424227580428,32.53996483050287,0,32.53996483050287,1,0,,,not a FALSIFIED row,0,scratch/logs/fse2026/nnenum/cora_2024/00125_0ff9841aeb43652dcf15_5xlzg04u.log,b18238f123ed6fab051ec94641b78a1ba2e307e7,"{""attack"": ""no adversarial attack implementation in this nnenum version; LP witness extraction retained"", ""cpus"": ""0-3"", ""deviations"": [""CPU affinity 0-3; BLAS/OpenMP=1; CUDA hidden"", ""observation-only hook exports Result.total_secs and cinput; watchdog T+20""], ""official"": ""nnenum CLI auto settings""}","[""CPU affinity 0-3; BLAS/OpenMP=1; CUDA hidden"", ""observation-only hook exports Result.total_secs and cinput; watchdog T+20""]",,,0.0,4638.0,auto_no_attacks_cpu4,"[""nnenum"",""data/vnncomp2026/cora_2024/1.0/onnx/cifar10-set.onnx"",""data/vnncomp2026/cora_2024/1.0/vnnlib/cifar10-img61.vnnlib"",30.0,""auto_no_attacks_cpu4""]",
cora_2024,126,cifar10-point.onnx,cifar10-img78.vnnlib,timeout,30.79141961224377,TIMEOUT,0,30.0,30.79141961224377,32.18003749474883,0,32.18003749474883,1,0,,,not a FALSIFIED row,0,scratch/logs/fse2026/nnenum/cora_2024/00126_00d18a96f48f633573df_3djdjgff.log,b18238f123ed6fab051ec94641b78a1ba2e307e7,"{""attack"": ""no adversarial attack implementation in this nnenum version; LP witness extraction retained"", ""cpus"": ""0-3"", ""deviations"": [""CPU affinity 0-3; BLAS/OpenMP=1; CUDA hidden"", ""observation-only hook exports Result.total_secs and cinput; watchdog T+20""], ""official"": ""nnenum CLI auto settings""}","[""CPU affinity 0-3; BLAS/OpenMP=1; CUDA hidden"", ""observation-only hook exports Result.total_secs and cinput; watchdog T+20""]",,,50.0,5950.0,auto_no_attacks_cpu4,"[""nnenum"",""data/vnncomp2026/cora_2024/1.0/onnx/cifar10-point.onnx"",""data/vnncomp2026/cora_2024/1.0/vnnlib/cifar10-img78.vnnlib"",30.0,""auto_no_attacks_cpu4""]",
cora_2024,127,cifar10-trades.onnx,cifar10-img78.vnnlib,timeout,32.90383076108992,TIMEOUT,0,30.0,32.90383076108992,34.427465507760644,0,34.427465507760644,1,0,,,not a FALSIFIED row,0,scratch/logs/fse2026/nnenum/cora_2024/00127_ffb3d04a8d18913eb583_dge6ps96.log,b18238f123ed6fab051ec94641b78a1ba2e307e7,"{""attack"": ""no adversarial attack implementation in this nnenum version; LP witness extraction retained"", ""cpus"": ""0-3"", ""deviations"": [""CPU affinity 0-3; BLAS/OpenMP=1; CUDA hidden"", ""observation-only hook exports Result.total_secs and cinput; watchdog T+20""], ""official"": ""nnenum CLI auto settings""}","[""CPU affinity 0-3; BLAS/OpenMP=1; CUDA hidden"", ""observation-only hook exports Result.total_secs and cinput; watchdog T+20""]",,,92.0,12080.0,auto_no_attacks_cpu4,"[""nnenum"",""data/vnncomp2026/cora_2024/1.0/onnx/cifar10-trades.onnx"",""data/vnncomp2026/cora_2024/1.0/vnnlib/cifar10-img78.vnnlib"",30.0,""auto_no_attacks_cpu4""]",
cora_2024,128,cifar10-set.onnx,cifar10-img78.vnnlib,timeout,31.46091048978269,TIMEOUT,0,30.0,31.46091048978269,33.18880555965006,0,33.18880555965006,1,0,,,not a FALSIFIED row,0,scratch/logs/fse2026/nnenum/cora_2024/00128_374f30778e3412e8a5ed_n3x2_yo3.log,b18238f123ed6fab051ec94641b78a1ba2e307e7,"{""attack"": ""no adversarial attack implementation in this nnenum version; LP witness extraction retained"", ""cpus"": ""0-3"", ""deviations"": [""CPU affinity 0-3; BLAS/OpenMP=1; CUDA hidden"", ""observation-only hook exports Result.total_secs and cinput; watchdog T+20""], ""official"": ""nnenum CLI auto settings""}","[""CPU affinity 0-3; BLAS/OpenMP=1; CUDA hidden"", ""observation-only hook exports Result.total_secs and cinput; watchdog T+20""]",,,92.0,29376.0,auto_no_attacks_cpu4,"[""nnenum"",""data/vnncomp2026/cora_2024/1.0/onnx/cifar10-set.onnx"",""data/vnncomp2026/cora_2024/1.0/vnnlib/cifar10-img78.vnnlib"",30.0,""auto_no_attacks_cpu4""]",
cora_2024,129,cifar10-point.onnx,cifar10-img141.vnnlib,timeout,32.29941391199827,TIMEOUT,0,30.0,32.29941391199827,33.443633913993835,0,33.443633913993835,1,0,,,not a FALSIFIED row,0,scratch/logs/fse2026/nnenum/cora_2024/00129_1a9b03c33828031a6493_c52g4dzj.log,b18238f123ed6fab051ec94641b78a1ba2e307e7,"{""attack"": ""no adversarial attack implementation in this nnenum version; LP witness extraction retained"", ""cpus"": ""0-3"", ""deviations"": [""CPU affinity 0-3; BLAS/OpenMP=1; CUDA hidden"", ""observation-only hook exports Result.total_secs and cinput; watchdog T+20""], ""official"": ""nnenum CLI auto settings""}","[""CPU affinity 0-3; BLAS/OpenMP=1; CUDA hidden"", ""observation-only hook exports Result.total_secs and cinput; watchdog T+20""]",,,93.0,15982.0,auto_no_attacks_cpu4,"[""nnenum"",""data/vnncomp2026/cora_2024/1.0/onnx/cifar10-point.onnx"",""data/vnncomp2026/cora_2024/1.0/vnnlib/cifar10-img141.vnnlib"",30.0,""auto_no_attacks_cpu4""]",
cora_2024,130,cifar10-trades.onnx,cifar10-img141.vnnlib,timeout,31.035122169181705,TIMEOUT,0,30.0,31.035122169181705,32.67889156937599,0,32.67889156937599,1,0,,,not a FALSIFIED row,0,scratch/logs/fse2026/nnenum/cora_2024/00130_be353953d4e1bc769436_luclikm7.log,b18238f123ed6fab051ec94641b78a1ba2e307e7,"{""attack"": ""no adversarial attack implementation in this nnenum version; LP witness extraction retained"", ""cpus"": ""0-3"", ""deviations"": [""CPU affinity 0-3; BLAS/OpenMP=1; CUDA hidden"", ""observation-only hook exports Result.total_secs and cinput; watchdog T+20""], ""official"": ""nnenum CLI auto settings""}","[""CPU affinity 0-3; BLAS/OpenMP=1; CUDA hidden"", ""observation-only hook exports Result.total_secs and cinput; watchdog T+20""]",,,49.0,12702.0,auto_no_attacks_cpu4,"[""nnenum"",""data/vnncomp2026/cora_2024/1.0/onnx/cifar10-trades.onnx"",""data/vnncomp2026/cora_2024/1.0/vnnlib/cifar10-img141.vnnlib"",30.0,""auto_no_attacks_cpu4""]",
cora_2024,131,cifar10-set.onnx,cifar10-img141.vnnlib,timeout,30.684055173769593,TIMEOUT,0,30.0,30.684055173769593,33.52189893275499,0,33.52189893275499,1,0,,,not a FALSIFIED row,0,scratch/logs/fse2026/nnenum/cora_2024/00131_f7b659ca843bf65f90f4_v5s4xp2i.log,b18238f123ed6fab051ec94641b78a1ba2e307e7,"{""attack"": ""no adversarial attack implementation in this nnenum version; LP witness extraction retained"", ""cpus"": ""0-3"", ""deviations"": [""CPU affinity 0-3; BLAS/OpenMP=1; CUDA hidden"", ""observation-only hook exports Result.total_secs and cinput; watchdog T+20""], ""official"": ""nnenum CLI auto settings""}","[""CPU affinity 0-3; BLAS/OpenMP=1; CUDA hidden"", ""observation-only hook exports Result.total_secs and cinput; watchdog T+20""]",,,95.0,34914.0,auto_no_attacks_cpu4,"[""nnenum"",""data/vnncomp2026/cora_2024/1.0/onnx/cifar10-set.onnx"",""data/vnncomp2026/cora_2024/1.0/vnnlib/cifar10-img141.vnnlib"",30.0,""auto_no_attacks_cpu4""]",
cora_2024,132,cifar10-point.onnx,cifar10-img168.vnnlib,timeout,31.384737456217408,TIMEOUT,0,30.0,31.384737456217408,33.899283800274134,0,33.899283800274134,1,0,,,not a FALSIFIED row,0,scratch/logs/fse2026/nnenum/cora_2024/00132_714ee7715dd1a424ec1d_rkm3bckl.log,b18238f123ed6fab051ec94641b78a1ba2e307e7,"{""attack"": ""no adversarial attack implementation in this nnenum version; LP witness extraction retained"", ""cpus"": ""0-3"", ""deviations"": [""CPU affinity 0-3; BLAS/OpenMP=1; CUDA hidden"", ""observation-only hook exports Result.total_secs and cinput; watchdog T+20""], ""official"": ""nnenum CLI auto settings""}","[""CPU affinity 0-3; BLAS/OpenMP=1; CUDA hidden"", ""observation-only hook exports Result.total_secs and cinput; watchdog T+20""]",,,0.0,596.0,auto_no_attacks_cpu4,"[""nnenum"",""data/vnncomp2026/cora_2024/1.0/onnx/cifar10-point.onnx"",""data/vnncomp2026/cora_2024/1.0/vnnlib/cifar10-img168.vnnlib"",30.0,""auto_no_attacks_cpu4""]",
cora_2024,133,cifar10-trades.onnx,cifar10-img168.vnnlib,timeout,32.21225292980671,TIMEOUT,0,30.0,32.21225292980671,34.639082634821534,0,34.639082634821534,1,0,,,not a FALSIFIED row,0,scratch/logs/fse2026/nnenum/cora_2024/00133_d24ed7c94f8fd2966c4a_r_hyh6h9.log,b18238f123ed6fab051ec94641b78a1ba2e307e7,"{""attack"": ""no adversarial attack implementation in this nnenum version; LP witness extraction retained"", ""cpus"": ""0-3"", ""deviations"": [""CPU affinity 0-3; BLAS/OpenMP=1; CUDA hidden"", ""observation-only hook exports Result.total_secs and cinput; watchdog T+20""], ""official"": ""nnenum CLI auto settings""}","[""CPU affinity 0-3; BLAS/OpenMP=1; CUDA hidden"", ""observation-only hook exports Result.total_secs and cinput; watchdog T+20""]",,,49.0,30946.0,auto_no_attacks_cpu4,"[""nnenum"",""data/vnncomp2026/cora_2024/1.0/onnx/cifar10-trades.onnx"",""data/vnncomp2026/cora_2024/1.0/vnnlib/cifar10-img168.vnnlib"",30.0,""auto_no_attacks_cpu4""]",
cora_2024,134,cifar10-set.onnx,cifar10-img168.vnnlib,timeout,32.80165398865938,TIMEOUT,0,30.0,32.80165398865938,34.357542149722576,0,34.357542149722576,1,0,,,not a FALSIFIED row,0,scratch/logs/fse2026/nnenum/cora_2024/00134_49bd1944b2fc074f05e8__u6bxkuv.log,b18238f123ed6fab051ec94641b78a1ba2e307e7,"{""attack"": ""no adversarial attack implementation in this nnenum version; LP witness extraction retained"", ""cpus"": ""0-3"", ""deviations"": [""CPU affinity 0-3; BLAS/OpenMP=1; CUDA hidden"", ""observation-only hook exports Result.total_secs and cinput; watchdog T+20""], ""official"": ""nnenum CLI auto settings""}","[""CPU affinity 0-3; BLAS/OpenMP=1; CUDA hidden"", ""observation-only hook exports Result.total_secs and cinput; watchdog T+20""]",,,0.0,4626.0,auto_no_attacks_cpu4,"[""nnenum"",""data/vnncomp2026/cora_2024/1.0/onnx/cifar10-set.onnx"",""data/vnncomp2026/cora_2024/1.0/vnnlib/cifar10-img168.vnnlib"",30.0,""auto_no_attacks_cpu4""]",
cora_2024,135,cifar10-point.onnx,cifar10-img172.vnnlib,timeout,31.93023732677102,TIMEOUT,0,30.0,31.93023732677102,33.55730805918574,0,33.55730805918574,1,0,,,not a FALSIFIED row,0,scratch/logs/fse2026/nnenum/cora_2024/00135_9d3e046c56f3a6d945fc_x47v80pb.log,b18238f123ed6fab051ec94641b78a1ba2e307e7,"{""attack"": ""no adversarial attack implementation in this nnenum version; LP witness extraction retained"", ""cpus"": ""0-3"", ""deviations"": [""CPU affinity 0-3; BLAS/OpenMP=1; CUDA hidden"", ""observation-only hook exports Result.total_secs and cinput; watchdog T+20""], ""official"": ""nnenum CLI auto settings""}","[""CPU affinity 0-3; BLAS/OpenMP=1; CUDA hidden"", ""observation-only hook exports Result.total_secs and cinput; watchdog T+20""]",,,50.0,5468.0,auto_no_attacks_cpu4,"[""nnenum"",""data/vnncomp2026/cora_2024/1.0/onnx/cifar10-point.onnx"",""data/vnncomp2026/cora_2024/1.0/vnnlib/cifar10-img172.vnnlib"",30.0,""auto_no_attacks_cpu4""]",
cora_2024,136,cifar10-trades.onnx,cifar10-img172.vnnlib,timeout,30.809661837294698,TIMEOUT,0,30.0,30.809661837294698,33.05016555637121,0,33.05016555637121,1,0,,,not a FALSIFIED row,0,scratch/logs/fse2026/nnenum/cora_2024/00136_cc73f4e01f7b17d5b779_eg1u7bcz.log,b18238f123ed6fab051ec94641b78a1ba2e307e7,"{""attack"": ""no adversarial attack implementation in this nnenum version; LP witness extraction retained"", ""cpus"": ""0-3"", ""deviations"": [""CPU affinity 0-3; BLAS/OpenMP=1; CUDA hidden"", ""observation-only hook exports Result.total_secs and cinput; watchdog T+20""], ""official"": ""nnenum CLI auto settings""}","[""CPU affinity 0-3; BLAS/OpenMP=1; CUDA hidden"", ""observation-only hook exports Result.total_secs and cinput; watchdog T+20""]",,,81.0,30376.0,auto_no_attacks_cpu4,"[""nnenum"",""data/vnncomp2026/cora_2024/1.0/onnx/cifar10-trades.onnx"",""data/vnncomp2026/cora_2024/1.0/vnnlib/cifar10-img172.vnnlib"",30.0,""auto_no_attacks_cpu4""]",
cora_2024,137,cifar10-set.onnx,cifar10-img172.vnnlib,timeout,33.1770506631583,TIMEOUT,0,30.0,33.1770506631583,35.922931144014,0,35.922931144014,1,0,,,not a FALSIFIED row,0,scratch/logs/fse2026/nnenum/cora_2024/00137_f51eb479eac4fed5b1d3_4h7x907c.log,b18238f123ed6fab051ec94641b78a1ba2e307e7,"{""attack"": ""no adversarial attack implementation in this nnenum version; LP witness extraction retained"", ""cpus"": ""0-3"", ""deviations"": [""CPU affinity 0-3; BLAS/OpenMP=1; CUDA hidden"", ""observation-only hook exports Result.total_secs and cinput; watchdog T+20""], ""official"": ""nnenum CLI auto settings""}","[""CPU affinity 0-3; BLAS/OpenMP=1; CUDA hidden"", ""observation-only hook exports Result.total_secs and cinput; watchdog T+20""]",,,95.0,39202.0,auto_no_attacks_cpu4,"[""nnenum"",""data/vnncomp2026/cora_2024/1.0/onnx/cifar10-set.onnx"",""data/vnncomp2026/cora_2024/1.0/vnnlib/cifar10-img172.vnnlib"",30.0,""auto_no_attacks_cpu4""]",
cora_2024,138,cifar10-point.onnx,cifar10-img183.vnnlib,timeout,32.135520389303565,TIMEOUT,0,30.0,32.135520389303565,35.16797164455056,0,35.16797164455056,1,0,,,not a FALSIFIED row,0,scratch/logs/fse2026/nnenum/cora_2024/00138_4a2cc6f07eb3ccf3a283_hzl1wigs.log,b18238f123ed6fab051ec94641b78a1ba2e307e7,"{""attack"": ""no adversarial attack implementation in this nnenum version; LP witness extraction retained"", ""cpus"": ""0-3"", ""deviations"": [""CPU affinity 0-3; BLAS/OpenMP=1; CUDA hidden"", ""observation-only hook exports Result.total_secs and cinput; watchdog T+20""], ""official"": ""nnenum CLI auto settings""}","[""CPU affinity 0-3; BLAS/OpenMP=1; CUDA hidden"", ""observation-only hook exports Result.total_secs and cinput; watchdog T+20""]",,,4.0,6889.0,auto_no_attacks_cpu4,"[""nnenum"",""data/vnncomp2026/cora_2024/1.0/onnx/cifar10-point.onnx"",""data/vnncomp2026/cora_2024/1.0/vnnlib/cifar10-img183.vnnlib"",30.0,""auto_no_attacks_cpu4""]",
cora_2024,139,cifar10-trades.onnx,cifar10-img183.vnnlib,timeout,33.70274380594492,TIMEOUT,0,30.0,33.70274380594492,35.27499923668802,0,35.27499923668802,1,0,,,not a FALSIFIED row,0,scratch/logs/fse2026/nnenum/cora_2024/00139_a4acf5d44b335dca7190_vyyt5atk.log,b18238f123ed6fab051ec94641b78a1ba2e307e7,"{""attack"": ""no adversarial attack implementation in this nnenum version; LP witness extraction retained"", ""cpus"": ""0-3"", ""deviations"": [""CPU affinity 0-3; BLAS/OpenMP=1; CUDA hidden"", ""observation-only hook exports Result.total_secs and cinput; watchdog T+20""], ""official"": ""nnenum CLI auto settings""}","[""CPU affinity 0-3; BLAS/OpenMP=1; CUDA hidden"", ""observation-only hook exports Result.total_secs and cinput; watchdog T+20""]",,,8.0,36217.0,auto_no_attacks_cpu4,"[""nnenum"",""data/vnncomp2026/cora_2024/1.0/onnx/cifar10-trades.onnx"",""data/vnncomp2026/cora_2024/1.0/vnnlib/cifar10-img183.vnnlib"",30.0,""auto_no_attacks_cpu4""]",
cora_2024,140,cifar10-set.onnx,cifar10-img183.vnnlib,timeout,30.448229294270277,TIMEOUT,0,30.0,30.448229294270277,32.08853301592171,0,32.08853301592171,1,0,,,not a FALSIFIED row,0,scratch/logs/fse2026/nnenum/cora_2024/00140_b353817a224c0e32ef2f_sugz2y3e.log,b18238f123ed6fab051ec94641b78a1ba2e307e7,"{""attack"": ""no adversarial attack implementation in this nnenum version; LP witness extraction retained"", ""cpus"": ""0-3"", ""deviations"": [""CPU affinity 0-3; BLAS/OpenMP=1; CUDA hidden"", ""observation-only hook exports Result.total_secs and cinput; watchdog T+20""], ""official"": ""nnenum CLI auto settings""}","[""CPU affinity 0-3; BLAS/OpenMP=1; CUDA hidden"", ""observation-only hook exports Result.total_secs and cinput; watchdog T+20""]",,,33.0,9365.0,auto_no_attacks_cpu4,"[""nnenum"",""data/vnncomp2026/cora_2024/1.0/onnx/cifar10-set.onnx"",""data/vnncomp2026/cora_2024/1.0/vnnlib/cifar10-img183.vnnlib"",30.0,""auto_no_attacks_cpu4""]",
cora_2024,141,cifar10-point.onnx,cifar10-img197.vnnlib,timeout,32.66410330310464,TIMEOUT,0,30.0,32.66410330310464,35.39554929919541,0,35.39554929919541,1,0,,,not a FALSIFIED row,0,scratch/logs/fse2026/nnenum/cora_2024/00141_51cb50ded37919f872e1_4dloka2h.log,b18238f123ed6fab051ec94641b78a1ba2e307e7,"{""attack"": ""no adversarial attack implementation in this nnenum version; LP witness extraction retained"", ""cpus"": ""0-3"", ""deviations"": [""CPU affinity 0-3; BLAS/OpenMP=1; CUDA hidden"", ""observation-only hook exports Result.total_secs and cinput; watchdog T+20""], ""official"": ""nnenum CLI auto settings""}","[""CPU affinity 0-3; BLAS/OpenMP=1; CUDA hidden"", ""observation-only hook exports Result.total_secs and cinput; watchdog T+20""]",,,0.0,2937.0,auto_no_attacks_cpu4,"[""nnenum"",""data/vnncomp2026/cora_2024/1.0/onnx/cifar10-point.onnx"",""data/vnncomp2026/cora_2024/1.0/vnnlib/cifar10-img197.vnnlib"",30.0,""auto_no_attacks_cpu4""]",
cora_2024,142,cifar10-trades.onnx,cifar10-img197.vnnlib,timeout,31.265183182433248,TIMEOUT,0,30.0,31.265183182433248,34.69932536222041,0,34.69932536222041,1,0,,,not a FALSIFIED row,0,scratch/logs/fse2026/nnenum/cora_2024/00142_917c03000275378d337f_01mmdhqz.log,b18238f123ed6fab051ec94641b78a1ba2e307e7,"{""attack"": ""no adversarial attack implementation in this nnenum version; LP witness extraction retained"", ""cpus"": ""0-3"", ""deviations"": [""CPU affinity 0-3; BLAS/OpenMP=1; CUDA hidden"", ""observation-only hook exports Result.total_secs and cinput; watchdog T+20""], ""official"": ""nnenum CLI auto settings""}","[""CPU affinity 0-3; BLAS/OpenMP=1; CUDA hidden"", ""observation-only hook exports Result.total_secs and cinput; watchdog T+20""]",,,96.0,24587.0,auto_no_attacks_cpu4,"[""nnenum"",""data/vnncomp2026/cora_2024/1.0/onnx/cifar10-trades.onnx"",""data/vnncomp2026/cora_2024/1.0/vnnlib/cifar10-img197.vnnlib"",30.0,""auto_no_attacks_cpu4""]",
cora_2024,143,cifar10-set.onnx,cifar10-img197.vnnlib,timeout,31.054570427164435,TIMEOUT,0,30.0,31.054570427164435,33.29625516757369,0,33.29625516757369,1,0,,,not a FALSIFIED row,0,scratch/logs/fse2026/nnenum/cora_2024/00143_45dd6f22dd712a3ab597_q9wd5inm.log,b18238f123ed6fab051ec94641b78a1ba2e307e7,"{""attack"": ""no adversarial attack implementation in this nnenum version; LP witness extraction retained"", ""cpus"": ""0-3"", ""deviations"": [""CPU affinity 0-3; BLAS/OpenMP=1; CUDA hidden"", ""observation-only hook exports Result.total_secs and cinput; watchdog T+20""], ""official"": ""nnenum CLI auto settings""}","[""CPU affinity 0-3; BLAS/OpenMP=1; CUDA hidden"", ""observation-only hook exports Result.total_secs and cinput; watchdog T+20""]",,,0.0,7132.0,auto_no_attacks_cpu4,"[""nnenum"",""data/vnncomp2026/cora_2024/1.0/onnx/cifar10-set.onnx"",""data/vnncomp2026/cora_2024/1.0/vnnlib/cifar10-img197.vnnlib"",30.0,""auto_no_attacks_cpu4""]",
cora_2024,144,cifar10-point.onnx,cifar10-img215.vnnlib,timeout,30.501363752409816,TIMEOUT,0,30.0,30.501363752409816,32.111673122271895,0,32.111673122271895,1,0,,,not a FALSIFIED row,0,scratch/logs/fse2026/nnenum/cora_2024/00144_6b6d822c6e93b18716bb_vclkkbtv.log,b18238f123ed6fab051ec94641b78a1ba2e307e7,"{""attack"": ""no adversarial attack implementation in this nnenum version; LP witness extraction retained"", ""cpus"": ""0-3"", ""deviations"": [""CPU affinity 0-3; BLAS/OpenMP=1; CUDA hidden"", ""observation-only hook exports Result.total_secs and cinput; watchdog T+20""], ""official"": ""nnenum CLI auto settings""}","[""CPU affinity 0-3; BLAS/OpenMP=1; CUDA hidden"", ""observation-only hook exports Result.total_secs and cinput; watchdog T+20""]",,,0.0,2258.0,auto_no_attacks_cpu4,"[""nnenum"",""data/vnncomp2026/cora_2024/1.0/onnx/cifar10-point.onnx"",""data/vnncomp2026/cora_2024/1.0/vnnlib/cifar10-img215.vnnlib"",30.0,""auto_no_attacks_cpu4""]",
cora_2024,145,cifar10-trades.onnx,cifar10-img215.vnnlib,timeout,31.178220195695758,TIMEOUT,0,30.0,31.178220195695758,33.30205238610506,0,33.30205238610506,1,0,,,not a FALSIFIED row,0,scratch/logs/fse2026/nnenum/cora_2024/00145_662ad24f14518ebed365_eqfkr48p.log,b18238f123ed6fab051ec94641b78a1ba2e307e7,"{""attack"": ""no adversarial attack implementation in this nnenum version; LP witness extraction retained"", ""cpus"": ""0-3"", ""deviations"": [""CPU affinity 0-3; BLAS/OpenMP=1; CUDA hidden"", ""observation-only hook exports Result.total_secs and cinput; watchdog T+20""], ""official"": ""nnenum CLI auto settings""}","[""CPU affinity 0-3; BLAS/OpenMP=1; CUDA hidden"", ""observation-only hook exports Result.total_secs and cinput; watchdog T+20""]",,,0.0,6701.0,auto_no_attacks_cpu4,"[""nnenum"",""data/vnncomp2026/cora_2024/1.0/onnx/cifar10-trades.onnx"",""data/vnncomp2026/cora_2024/1.0/vnnlib/cifar10-img215.vnnlib"",30.0,""auto_no_attacks_cpu4""]",
cora_2024,146,cifar10-set.onnx,cifar10-img215.vnnlib,timeout,31.15027224458754,TIMEOUT,0,30.0,31.15027224458754,32.80364813655615,0,32.80364813655615,1,0,,,not a FALSIFIED row,0,scratch/logs/fse2026/nnenum/cora_2024/00146_cde2b538bc4f37f2de37_p4zb7u09.log,b18238f123ed6fab051ec94641b78a1ba2e307e7,"{""attack"": ""no adversarial attack implementation in this nnenum version; LP witness extraction retained"", ""cpus"": ""0-3"", ""deviations"": [""CPU affinity 0-3; BLAS/OpenMP=1; CUDA hidden"", ""observation-only hook exports Result.total_secs and cinput; watchdog T+20""], ""official"": ""nnenum CLI auto settings""}","[""CPU affinity 0-3; BLAS/OpenMP=1; CUDA hidden"", ""observation-only hook exports Result.total_secs and cinput; watchdog T+20""]",,,28.0,11835.0,auto_no_attacks_cpu4,"[""nnenum"",""data/vnncomp2026/cora_2024/1.0/onnx/cifar10-set.onnx"",""data/vnncomp2026/cora_2024/1.0/vnnlib/cifar10-img215.vnnlib"",30.0,""auto_no_attacks_cpu4""]",
cora_2024,147,cifar10-point.onnx,cifar10-img266.vnnlib,timeout,30.46817199140787,TIMEOUT,0,30.0,30.46817199140787,31.760902021080256,0,31.760902021080256,1,0,,,not a FALSIFIED row,0,scratch/logs/fse2026/nnenum/cora_2024/00147_20bc6e7c99f529dea0e0_z_vyig_t.log,b18238f123ed6fab051ec94641b78a1ba2e307e7,"{""attack"": ""no adversarial attack implementation in this nnenum version; LP witness extraction retained"", ""cpus"": ""0-3"", ""deviations"": [""CPU affinity 0-3; BLAS/OpenMP=1; CUDA hidden"", ""observation-only hook exports Result.total_secs and cinput; watchdog T+20""], ""official"": ""nnenum CLI auto settings""}","[""CPU affinity 0-3; BLAS/OpenMP=1; CUDA hidden"", ""observation-only hook exports Result.total_secs and cinput; watchdog T+20""]",,,96.0,36571.0,auto_no_attacks_cpu4,"[""nnenum"",""data/vnncomp2026/cora_2024/1.0/onnx/cifar10-point.onnx"",""data/vnncomp2026/cora_2024/1.0/vnnlib/cifar10-img266.vnnlib"",30.0,""auto_no_attacks_cpu4""]",
cora_2024,148,cifar10-trades.onnx,cifar10-img266.vnnlib,timeout,31.250850511714816,TIMEOUT,0,30.0,31.250850511714816,32.29127803631127,0,32.29127803631127,1,0,,,not a FALSIFIED row,0,scratch/logs/fse2026/nnenum/cora_2024/00148_5184aebbcd5d5c578a84_2fwzqhyi.log,b18238f123ed6fab051ec94641b78a1ba2e307e7,"{""attack"": ""no adversarial attack implementation in this nnenum version; LP witness extraction retained"", ""cpus"": ""0-3"", ""deviations"": [""CPU affinity 0-3; BLAS/OpenMP=1; CUDA hidden"", ""observation-only hook exports Result.total_secs and cinput; watchdog T+20""], ""official"": ""nnenum CLI auto settings""}","[""CPU affinity 0-3; BLAS/OpenMP=1; CUDA hidden"", ""observation-only hook exports Result.total_secs and cinput; watchdog T+20""]",,,87.0,39315.0,auto_no_attacks_cpu4,"[""nnenum"",""data/vnncomp2026/cora_2024/1.0/onnx/cifar10-trades.onnx"",""data/vnncomp2026/cora_2024/1.0/vnnlib/cifar10-img266.vnnlib"",30.0,""auto_no_attacks_cpu4""]",
cora_2024,149,cifar10-set.onnx,cifar10-img266.vnnlib,timeout,31.43676310032606,TIMEOUT,0,30.0,31.43676310032606,32.606710424646735,0,32.606710424646735,1,0,,,not a FALSIFIED row,0,scratch/logs/fse2026/nnenum/cora_2024/00149_f6d8c6ad183c1d195239__8q2ys31.log,b18238f123ed6fab051ec94641b78a1ba2e307e7,"{""attack"": ""no adversarial attack implementation in this nnenum version; LP witness extraction retained"", ""cpus"": ""0-3"", ""deviations"": [""CPU affinity 0-3; BLAS/OpenMP=1; CUDA hidden"", ""observation-only hook exports Result.total_secs and cinput; watchdog T+20""], ""official"": ""nnenum CLI auto settings""}","[""CPU affinity 0-3; BLAS/OpenMP=1; CUDA hidden"", ""observation-only hook exports Result.total_secs and cinput; watchdog T+20""]",,,61.0,6297.0,auto_no_attacks_cpu4,"[""nnenum"",""data/vnncomp2026/cora_2024/1.0/onnx/cifar10-set.onnx"",""data/vnncomp2026/cora_2024/1.0/vnnlib/cifar10-img266.vnnlib"",30.0,""auto_no_attacks_cpu4""]",
cora_2024,150,cifar10-point.onnx,cifar10-img306.vnnlib,timeout,30.748683627694845,TIMEOUT,0,30.0,30.748683627694845,32.15088697895408,0,32.15088697895408,1,0,,,not a FALSIFIED row,0,scratch/logs/fse2026/nnenum/cora_2024/00150_3031b693b3708fd5da09_by3xit84.log,b18238f123ed6fab051ec94641b78a1ba2e307e7,"{""attack"": ""no adversarial attack implementation in this nnenum version; LP witness extraction retained"", ""cpus"": ""0-3"", ""deviations"": [""CPU affinity 0-3; BLAS/OpenMP=1; CUDA hidden"", ""observation-only hook exports Result.total_secs and cinput; watchdog T+20""], ""official"": ""nnenum CLI auto settings""}","[""CPU affinity 0-3; BLAS/OpenMP=1; CUDA hidden"", ""observation-only hook exports Result.total_secs and cinput; watchdog T+20""]",,,30.0,16863.0,auto_no_attacks_cpu4,"[""nnenum"",""data/vnncomp2026/cora_2024/1.0/onnx/cifar10-point.onnx"",""data/vnncomp2026/cora_2024/1.0/vnnlib/cifar10-img306.vnnlib"",30.0,""auto_no_attacks_cpu4""]",
cora_2024,151,cifar10-trades.onnx,cifar10-img306.vnnlib,timeout,32.25949011929333,TIMEOUT,0,30.0,32.25949011929333,34.58678256161511,0,34.58678256161511,1,0,,,not a FALSIFIED row,0,scratch/logs/fse2026/nnenum/cora_2024/00151_a910280b504141ddc451_oq1yq62x.log,b18238f123ed6fab051ec94641b78a1ba2e307e7,"{""attack"": ""no adversarial attack implementation in this nnenum version; LP witness extraction retained"", ""cpus"": ""0-3"", ""deviations"": [""CPU affinity 0-3; BLAS/OpenMP=1; CUDA hidden"", ""observation-only hook exports Result.total_secs and cinput; watchdog T+20""], ""official"": ""nnenum CLI auto settings""}","[""CPU affinity 0-3; BLAS/OpenMP=1; CUDA hidden"", ""observation-only hook exports Result.total_secs and cinput; watchdog T+20""]",,,27.0,7307.0,auto_no_attacks_cpu4,"[""nnenum"",""data/vnncomp2026/cora_2024/1.0/onnx/cifar10-trades.onnx"",""data/vnncomp2026/cora_2024/1.0/vnnlib/cifar10-img306.vnnlib"",30.0,""auto_no_attacks_cpu4""]",
cora_2024,152,cifar10-set.onnx,cifar10-img306.vnnlib,unsat,1.3442633971571922,CERTIFIED,1,30.0,1.3442633971571922,2.6055004335939884,0,2.6055004335939884,0,0,,,not a FALSIFIED row,0,scratch/logs/fse2026/nnenum/cora_2024/00152_a3baf42fa9c8f3ead637_fuvqh72w.log,b18238f123ed6fab051ec94641b78a1ba2e307e7,"{""attack"": ""no adversarial attack implementation in this nnenum version; LP witness extraction retained"", ""cpus"": ""0-3"", ""deviations"": [""CPU affinity 0-3; BLAS/OpenMP=1; CUDA hidden"", ""observation-only hook exports Result.total_secs and cinput; watchdog T+20""], ""official"": ""nnenum CLI auto settings""}","[""CPU affinity 0-3; BLAS/OpenMP=1; CUDA hidden"", ""observation-only hook exports Result.total_secs and cinput; watchdog T+20""]",,,32.0,6245.0,auto_no_attacks_cpu4,"[""nnenum"",""data/vnncomp2026/cora_2024/1.0/onnx/cifar10-set.onnx"",""data/vnncomp2026/cora_2024/1.0/vnnlib/cifar10-img306.vnnlib"",30.0,""auto_no_attacks_cpu4""]",
cora_2024,153,cifar10-point.onnx,cifar10-img314.vnnlib,timeout,32.68590885028243,TIMEOUT,0,30.0,32.68590885028243,34.02609969303012,0,34.02609969303012,1,0,,,not a FALSIFIED row,0,scratch/logs/fse2026/nnenum/cora_2024/00153_7e1f5b7c6b3a4922ea3e_zassz3ug.log,b18238f123ed6fab051ec94641b78a1ba2e307e7,"{""attack"": ""no adversarial attack implementation in this nnenum version; LP witness extraction retained"", ""cpus"": ""0-3"", ""deviations"": [""CPU affinity 0-3; BLAS/OpenMP=1; CUDA hidden"", ""observation-only hook exports Result.total_secs and cinput; watchdog T+20""], ""official"": ""nnenum CLI auto settings""}","[""CPU affinity 0-3; BLAS/OpenMP=1; CUDA hidden"", ""observation-only hook exports Result.total_secs and cinput; watchdog T+20""]",,,36.0,7029.0,auto_no_attacks_cpu4,"[""nnenum"",""data/vnncomp2026/cora_2024/1.0/onnx/cifar10-point.onnx"",""data/vnncomp2026/cora_2024/1.0/vnnlib/cifar10-img314.vnnlib"",30.0,""auto_no_attacks_cpu4""]",
cora_2024,154,cifar10-trades.onnx,cifar10-img314.vnnlib,timeout,30.569634083658457,TIMEOUT,0,30.0,30.569634083658457,31.70619752444327,0,31.70619752444327,1,0,,,not a FALSIFIED row,0,scratch/logs/fse2026/nnenum/cora_2024/00154_ee8ab4c537da1ce1e6fd_gvc3dy5h.log,b18238f123ed6fab051ec94641b78a1ba2e307e7,"{""attack"": ""no adversarial attack implementation in this nnenum version; LP witness extraction retained"", ""cpus"": ""0-3"", ""deviations"": [""CPU affinity 0-3; BLAS/OpenMP=1; CUDA hidden"", ""observation-only hook exports Result.total_secs and cinput; watchdog T+20""], ""official"": ""nnenum CLI auto settings""}","[""CPU affinity 0-3; BLAS/OpenMP=1; CUDA hidden"", ""observation-only hook exports Result.total_secs and cinput; watchdog T+20""]",,,39.0,6941.0,auto_no_attacks_cpu4,"[""nnenum"",""data/vnncomp2026/cora_2024/1.0/onnx/cifar10-trades.onnx"",""data/vnncomp2026/cora_2024/1.0/vnnlib/cifar10-img314.vnnlib"",30.0,""auto_no_attacks_cpu4""]",
cora_2024,155,cifar10-set.onnx,cifar10-img314.vnnlib,timeout,31.058084243908525,TIMEOUT,0,30.0,31.058084243908525,32.00239271298051,0,32.00239271298051,1,0,,,not a FALSIFIED row,0,scratch/logs/fse2026/nnenum/cora_2024/00155_569d860b35c2947c5879_h7d_wuxo.log,b18238f123ed6fab051ec94641b78a1ba2e307e7,"{""attack"": ""no adversarial attack implementation in this nnenum version; LP witness extraction retained"", ""cpus"": ""0-3"", ""deviations"": [""CPU affinity 0-3; BLAS/OpenMP=1; CUDA hidden"", ""observation-only hook exports Result.total_secs and cinput; watchdog T+20""], ""official"": ""nnenum CLI auto settings""}","[""CPU affinity 0-3; BLAS/OpenMP=1; CUDA hidden"", ""observation-only hook exports Result.total_secs and cinput; watchdog T+20""]",,,76.0,7473.0,auto_no_attacks_cpu4,"[""nnenum"",""data/vnncomp2026/cora_2024/1.0/onnx/cifar10-set.onnx"",""data/vnncomp2026/cora_2024/1.0/vnnlib/cifar10-img314.vnnlib"",30.0,""auto_no_attacks_cpu4""]",
cora_2024,156,cifar10-point.onnx,cifar10-img316.vnnlib,timeout,30.58926864154637,TIMEOUT,0,30.0,30.58926864154637,31.638923509046435,0,31.638923509046435,1,0,,,not a FALSIFIED row,0,scratch/logs/fse2026/nnenum/cora_2024/00156_b0d9913fcae112cb0b4c_v3j91fh3.log,b18238f123ed6fab051ec94641b78a1ba2e307e7,"{""attack"": ""no adversarial attack implementation in this nnenum version; LP witness extraction retained"", ""cpus"": ""0-3"", ""deviations"": [""CPU affinity 0-3; BLAS/OpenMP=1; CUDA hidden"", ""observation-only hook exports Result.total_secs and cinput; watchdog T+20""], ""official"": ""nnenum CLI auto settings""}","[""CPU affinity 0-3; BLAS/OpenMP=1; CUDA hidden"", ""observation-only hook exports Result.total_secs and cinput; watchdog T+20""]",,,80.0,9633.0,auto_no_attacks_cpu4,"[""nnenum"",""data/vnncomp2026/cora_2024/1.0/onnx/cifar10-point.onnx"",""data/vnncomp2026/cora_2024/1.0/vnnlib/cifar10-img316.vnnlib"",30.0,""auto_no_attacks_cpu4""]",
cora_2024,157,cifar10-trades.onnx,cifar10-img316.vnnlib,timeout,30.771807609125972,TIMEOUT,0,30.0,30.771807609125972,32.854049203917384,0,32.854049203917384,1,0,,,not a FALSIFIED row,0,scratch/logs/fse2026/nnenum/cora_2024/00157_76b20690f3df20152302_oamzewiz.log,b18238f123ed6fab051ec94641b78a1ba2e307e7,"{""attack"": ""no adversarial attack implementation in this nnenum version; LP witness extraction retained"", ""cpus"": ""0-3"", ""deviations"": [""CPU affinity 0-3; BLAS/OpenMP=1; CUDA hidden"", ""observation-only hook exports Result.total_secs and cinput; watchdog T+20""], ""official"": ""nnenum CLI auto settings""}","[""CPU affinity 0-3; BLAS/OpenMP=1; CUDA hidden"", ""observation-only hook exports Result.total_secs and cinput; watchdog T+20""]",,,0.0,2258.0,auto_no_attacks_cpu4,"[""nnenum"",""data/vnncomp2026/cora_2024/1.0/onnx/cifar10-trades.onnx"",""data/vnncomp2026/cora_2024/1.0/vnnlib/cifar10-img316.vnnlib"",30.0,""auto_no_attacks_cpu4""]",
cora_2024,158,cifar10-set.onnx,cifar10-img316.vnnlib,unsat,1.4123201742768288,CERTIFIED,1,30.0,1.4123201742768288,2.5064658243209124,0,2.5064658243209124,0,0,,,not a FALSIFIED row,0,scratch/logs/fse2026/nnenum/cora_2024/00158_403dd9446348f83ad423_9ycp5fsm.log,b18238f123ed6fab051ec94641b78a1ba2e307e7,"{""attack"": ""no adversarial attack implementation in this nnenum version; LP witness extraction retained"", ""cpus"": ""0-3"", ""deviations"": [""CPU affinity 0-3; BLAS/OpenMP=1; CUDA hidden"", ""observation-only hook exports Result.total_secs and cinput; watchdog T+20""], ""official"": ""nnenum CLI auto settings""}","[""CPU affinity 0-3; BLAS/OpenMP=1; CUDA hidden"", ""observation-only hook exports Result.total_secs and cinput; watchdog T+20""]",,,2.0,2945.0,auto_no_attacks_cpu4,"[""nnenum"",""data/vnncomp2026/cora_2024/1.0/onnx/cifar10-set.onnx"",""data/vnncomp2026/cora_2024/1.0/vnnlib/cifar10-img316.vnnlib"",30.0,""auto_no_attacks_cpu4""]",
cora_2024,159,cifar10-point.onnx,cifar10-img320.vnnlib,timeout,31.742171552032232,TIMEOUT,0,30.0,31.742171552032232,32.99651211313903,0,32.99651211313903,1,0,,,not a FALSIFIED row,0,scratch/logs/fse2026/nnenum/cora_2024/00159_ad148a380b0cb495b1eb_uw8zuws8.log,b18238f123ed6fab051ec94641b78a1ba2e307e7,"{""attack"": ""no adversarial attack implementation in this nnenum version; LP witness extraction retained"", ""cpus"": ""0-3"", ""deviations"": [""CPU affinity 0-3; BLAS/OpenMP=1; CUDA hidden"", ""observation-only hook exports Result.total_secs and cinput; watchdog T+20""], ""official"": ""nnenum CLI auto settings""}","[""CPU affinity 0-3; BLAS/OpenMP=1; CUDA hidden"", ""observation-only hook exports Result.total_secs and cinput; watchdog T+20""]",,,0.0,2845.0,auto_no_attacks_cpu4,"[""nnenum"",""data/vnncomp2026/cora_2024/1.0/onnx/cifar10-point.onnx"",""data/vnncomp2026/cora_2024/1.0/vnnlib/cifar10-img320.vnnlib"",30.0,""auto_no_attacks_cpu4""]",
cora_2024,160,cifar10-trades.onnx,cifar10-img320.vnnlib,timeout,31.050473367795348,TIMEOUT,0,30.0,31.050473367795348,32.230878211557865,0,32.230878211557865,1,0,,,not a FALSIFIED row,0,scratch/logs/fse2026/nnenum/cora_2024/00160_2d22df633e9bd10d8c04__euxxg8e.log,b18238f123ed6fab051ec94641b78a1ba2e307e7,"{""attack"": ""no adversarial attack implementation in this nnenum version; LP witness extraction retained"", ""cpus"": ""0-3"", ""deviations"": [""CPU affinity 0-3; BLAS/OpenMP=1; CUDA hidden"", ""observation-only hook exports Result.total_secs and cinput; watchdog T+20""], ""official"": ""nnenum CLI auto settings""}","[""CPU affinity 0-3; BLAS/OpenMP=1; CUDA hidden"", ""observation-only hook exports Result.total_secs and cinput; watchdog T+20""]",,,82.0,6651.0,auto_no_attacks_cpu4,"[""nnenum"",""data/vnncomp2026/cora_2024/1.0/onnx/cifar10-trades.onnx"",""data/vnncomp2026/cora_2024/1.0/vnnlib/cifar10-img320.vnnlib"",30.0,""auto_no_attacks_cpu4""]",
cora_2024,161,cifar10-set.onnx,cifar10-img320.vnnlib,timeout,31.844461422413588,TIMEOUT,0,30.0,31.844461422413588,33.15890972875059,0,33.15890972875059,1,0,,,not a FALSIFIED row,0,scratch/logs/fse2026/nnenum/cora_2024/00161_b34b7453ae56ba502fd3_tmis7426.log,b18238f123ed6fab051ec94641b78a1ba2e307e7,"{""attack"": ""no adversarial attack implementation in this nnenum version; LP witness extraction retained"", ""cpus"": ""0-3"", ""deviations"": [""CPU affinity 0-3; BLAS/OpenMP=1; CUDA hidden"", ""observation-only hook exports Result.total_secs and cinput; watchdog T+20""], ""official"": ""nnenum CLI auto settings""}","[""CPU affinity 0-3; BLAS/OpenMP=1; CUDA hidden"", ""observation-only hook exports Result.total_secs and cinput; watchdog T+20""]",,,92.0,6883.0,auto_no_attacks_cpu4,"[""nnenum"",""data/vnncomp2026/cora_2024/1.0/onnx/cifar10-set.onnx"",""data/vnncomp2026/cora_2024/1.0/vnnlib/cifar10-img320.vnnlib"",30.0,""auto_no_attacks_cpu4""]",
cora_2024,162,cifar10-point.onnx,cifar10-img321.vnnlib,timeout,31.59511874616146,TIMEOUT,0,30.0,31.59511874616146,32.55028274282813,0,32.55028274282813,1,0,,,not a FALSIFIED row,0,scratch/logs/fse2026/nnenum/cora_2024/00162_3500dacb48bfcbd0412c_xeq5w4lb.log,b18238f123ed6fab051ec94641b78a1ba2e307e7,"{""attack"": ""no adversarial attack implementation in this nnenum version; LP witness extraction retained"", ""cpus"": ""0-3"", ""deviations"": [""CPU affinity 0-3; BLAS/OpenMP=1; CUDA hidden"", ""observation-only hook exports Result.total_secs and cinput; watchdog T+20""], ""official"": ""nnenum CLI auto settings""}","[""CPU affinity 0-3; BLAS/OpenMP=1; CUDA hidden"", ""observation-only hook exports Result.total_secs and cinput; watchdog T+20""]",,,44.0,6663.0,auto_no_attacks_cpu4,"[""nnenum"",""data/vnncomp2026/cora_2024/1.0/onnx/cifar10-point.onnx"",""data/vnncomp2026/cora_2024/1.0/vnnlib/cifar10-img321.vnnlib"",30.0,""auto_no_attacks_cpu4""]",
cora_2024,163,cifar10-trades.onnx,cifar10-img321.vnnlib,timeout,32.02253960072994,TIMEOUT,0,30.0,32.02253960072994,33.50901850312948,0,33.50901850312948,1,0,,,not a FALSIFIED row,0,scratch/logs/fse2026/nnenum/cora_2024/00163_9248fe99a25138639052_sxin0hx8.log,b18238f123ed6fab051ec94641b78a1ba2e307e7,"{""attack"": ""no adversarial attack implementation in this nnenum version; LP witness extraction retained"", ""cpus"": ""0-3"", ""deviations"": [""CPU affinity 0-3; BLAS/OpenMP=1; CUDA hidden"", ""observation-only hook exports Result.total_secs and cinput; watchdog T+20""], ""official"": ""nnenum CLI auto settings""}","[""CPU affinity 0-3; BLAS/OpenMP=1; CUDA hidden"", ""observation-only hook exports Result.total_secs and cinput; watchdog T+20""]",,,64.0,9961.0,auto_no_attacks_cpu4,"[""nnenum"",""data/vnncomp2026/cora_2024/1.0/onnx/cifar10-trades.onnx"",""data/vnncomp2026/cora_2024/1.0/vnnlib/cifar10-img321.vnnlib"",30.0,""auto_no_attacks_cpu4""]",
cora_2024,164,cifar10-set.onnx,cifar10-img321.vnnlib,timeout,32.04039630293846,TIMEOUT,0,30.0,32.04039630293846,35.118305530399084,0,35.118305530399084,1,0,,,not a FALSIFIED row,0,scratch/logs/fse2026/nnenum/cora_2024/00164_71d000f446facd8b4f18_r5q5vu71.log,b18238f123ed6fab051ec94641b78a1ba2e307e7,"{""attack"": ""no adversarial attack implementation in this nnenum version; LP witness extraction retained"", ""cpus"": ""0-3"", ""deviations"": [""CPU affinity 0-3; BLAS/OpenMP=1; CUDA hidden"", ""observation-only hook exports Result.total_secs and cinput; watchdog T+20""], ""official"": ""nnenum CLI auto settings""}","[""CPU affinity 0-3; BLAS/OpenMP=1; CUDA hidden"", ""observation-only hook exports Result.total_secs and cinput; watchdog T+20""]",,,7.0,31469.0,auto_no_attacks_cpu4,"[""nnenum"",""data/vnncomp2026/cora_2024/1.0/onnx/cifar10-set.onnx"",""data/vnncomp2026/cora_2024/1.0/vnnlib/cifar10-img321.vnnlib"",30.0,""auto_no_attacks_cpu4""]",
cora_2024,165,cifar10-point.onnx,cifar10-img345.vnnlib,timeout,30.898151148110628,TIMEOUT,0,30.0,30.898151148110628,31.925507897511125,0,31.925507897511125,1,0,,,not a FALSIFIED row,0,scratch/logs/fse2026/nnenum/cora_2024/00165_67d2ea1ad2b839fc65e1_qu_ebnw5.log,b18238f123ed6fab051ec94641b78a1ba2e307e7,"{""attack"": ""no adversarial attack implementation in this nnenum version; LP witness extraction retained"", ""cpus"": ""0-3"", ""deviations"": [""CPU affinity 0-3; BLAS/OpenMP=1; CUDA hidden"", ""observation-only hook exports Result.total_secs and cinput; watchdog T+20""], ""official"": ""nnenum CLI auto settings""}","[""CPU affinity 0-3; BLAS/OpenMP=1; CUDA hidden"", ""observation-only hook exports Result.total_secs and cinput; watchdog T+20""]",,,0.0,2945.0,auto_no_attacks_cpu4,"[""nnenum"",""data/vnncomp2026/cora_2024/1.0/onnx/cifar10-point.onnx"",""data/vnncomp2026/cora_2024/1.0/vnnlib/cifar10-img345.vnnlib"",30.0,""auto_no_attacks_cpu4""]",
cora_2024,166,cifar10-trades.onnx,cifar10-img345.vnnlib,timeout,32.34050242230296,TIMEOUT,0,30.0,32.34050242230296,33.217933893203735,0,33.217933893203735,1,0,,,not a FALSIFIED row,0,scratch/logs/fse2026/nnenum/cora_2024/00166_02fcc0ee3e7124f61138_6iefv7w2.log,b18238f123ed6fab051ec94641b78a1ba2e307e7,"{""attack"": ""no adversarial attack implementation in this nnenum version; LP witness extraction retained"", ""cpus"": ""0-3"", ""deviations"": [""CPU affinity 0-3; BLAS/OpenMP=1; CUDA hidden"", ""observation-only hook exports Result.total_secs and cinput; watchdog T+20""], ""official"": ""nnenum CLI auto settings""}","[""CPU affinity 0-3; BLAS/OpenMP=1; CUDA hidden"", ""observation-only hook exports Result.total_secs and cinput; watchdog T+20""]",,,0.0,2845.0,auto_no_attacks_cpu4,"[""nnenum"",""data/vnncomp2026/cora_2024/1.0/onnx/cifar10-trades.onnx"",""data/vnncomp2026/cora_2024/1.0/vnnlib/cifar10-img345.vnnlib"",30.0,""auto_no_attacks_cpu4""]",
cora_2024,167,cifar10-set.onnx,cifar10-img345.vnnlib,timeout,33.1125394385308,TIMEOUT,0,30.0,33.1125394385308,34.52243888378143,0,34.52243888378143,1,0,,,not a FALSIFIED row,0,scratch/logs/fse2026/nnenum/cora_2024/00167_8f2302638b42879de1d9_dat41bj6.log,b18238f123ed6fab051ec94641b78a1ba2e307e7,"{""attack"": ""no adversarial attack implementation in this nnenum version; LP witness extraction retained"", ""cpus"": ""0-3"", ""deviations"": [""CPU affinity 0-3; BLAS/OpenMP=1; CUDA hidden"", ""observation-only hook exports Result.total_secs and cinput; watchdog T+20""], ""official"": ""nnenum CLI auto settings""}","[""CPU affinity 0-3; BLAS/OpenMP=1; CUDA hidden"", ""observation-only hook exports Result.total_secs and cinput; watchdog T+20""]",,,75.0,8279.0,auto_no_attacks_cpu4,"[""nnenum"",""data/vnncomp2026/cora_2024/1.0/onnx/cifar10-set.onnx"",""data/vnncomp2026/cora_2024/1.0/vnnlib/cifar10-img345.vnnlib"",30.0,""auto_no_attacks_cpu4""]",
cora_2024,168,cifar10-point.onnx,cifar10-img346.vnnlib,timeout,30.723114922642708,TIMEOUT,0,30.0,30.723114922642708,31.909634759649634,0,31.909634759649634,1,0,,,not a FALSIFIED row,0,scratch/logs/fse2026/nnenum/cora_2024/00168_17f3b83e41678384859a_l6taa_ah.log,b18238f123ed6fab051ec94641b78a1ba2e307e7,"{""attack"": ""no adversarial attack implementation in this nnenum version; LP witness extraction retained"", ""cpus"": ""0-3"", ""deviations"": [""CPU affinity 0-3; BLAS/OpenMP=1; CUDA hidden"", ""observation-only hook exports Result.total_secs and cinput; watchdog T+20""], ""official"": ""nnenum CLI auto settings""}","[""CPU affinity 0-3; BLAS/OpenMP=1; CUDA hidden"", ""observation-only hook exports Result.total_secs and cinput; watchdog T+20""]",,,69.0,19771.0,auto_no_attacks_cpu4,"[""nnenum"",""data/vnncomp2026/cora_2024/1.0/onnx/cifar10-point.onnx"",""data/vnncomp2026/cora_2024/1.0/vnnlib/cifar10-img346.vnnlib"",30.0,""auto_no_attacks_cpu4""]",
cora_2024,169,cifar10-trades.onnx,cifar10-img346.vnnlib,timeout,31.220458107069135,TIMEOUT,0,30.0,31.220458107069135,32.39143688417971,0,32.39143688417971,1,0,,,not a FALSIFIED row,0,scratch/logs/fse2026/nnenum/cora_2024/00169_04afb6cf42370bff5fde_q19eqcgd.log,b18238f123ed6fab051ec94641b78a1ba2e307e7,"{""attack"": ""no adversarial attack implementation in this nnenum version; LP witness extraction retained"", ""cpus"": ""0-3"", ""deviations"": [""CPU affinity 0-3; BLAS/OpenMP=1; CUDA hidden"", ""observation-only hook exports Result.total_secs and cinput; watchdog T+20""], ""official"": ""nnenum CLI auto settings""}","[""CPU affinity 0-3; BLAS/OpenMP=1; CUDA hidden"", ""observation-only hook exports Result.total_secs and cinput; watchdog T+20""]",,,98.0,31769.0,auto_no_attacks_cpu4,"[""nnenum"",""data/vnncomp2026/cora_2024/1.0/onnx/cifar10-trades.onnx"",""data/vnncomp2026/cora_2024/1.0/vnnlib/cifar10-img346.vnnlib"",30.0,""auto_no_attacks_cpu4""]",
cora_2024,170,cifar10-set.onnx,cifar10-img346.vnnlib,timeout,30.82993927039206,TIMEOUT,0,30.0,30.82993927039206,32.20944859646261,0,32.20944859646261,1,0,,,not a FALSIFIED row,0,scratch/logs/fse2026/nnenum/cora_2024/00170_015057a31ee783dd9c81_5wda7w_2.log,b18238f123ed6fab051ec94641b78a1ba2e307e7,"{""attack"": ""no adversarial attack implementation in this nnenum version; LP witness extraction retained"", ""cpus"": ""0-3"", ""deviations"": [""CPU affinity 0-3; BLAS/OpenMP=1; CUDA hidden"", ""observation-only hook exports Result.total_secs and cinput; watchdog T+20""], ""official"": ""nnenum CLI auto settings""}","[""CPU affinity 0-3; BLAS/OpenMP=1; CUDA hidden"", ""observation-only hook exports Result.total_secs and cinput; watchdog T+20""]",,,0.0,2258.0,auto_no_attacks_cpu4,"[""nnenum"",""data/vnncomp2026/cora_2024/1.0/onnx/cifar10-set.onnx"",""data/vnncomp2026/cora_2024/1.0/vnnlib/cifar10-img346.vnnlib"",30.0,""auto_no_attacks_cpu4""]",
cora_2024,171,cifar10-point.onnx,cifar10-img351.vnnlib,timeout,31.174117606133223,TIMEOUT,0,30.0,31.174117606133223,32.28306644037366,0,32.28306644037366,1,0,,,not a FALSIFIED row,0,scratch/logs/fse2026/nnenum/cora_2024/00171_2aa28b9f5944b42bd48d_r2cmwaod.log,b18238f123ed6fab051ec94641b78a1ba2e307e7,"{""attack"": ""no adversarial attack implementation in this nnenum version; LP witness extraction retained"", ""cpus"": ""0-3"", ""deviations"": [""CPU affinity 0-3; BLAS/OpenMP=1; CUDA hidden"", ""observation-only hook exports Result.total_secs and cinput; watchdog T+20""], ""official"": ""nnenum CLI auto settings""}","[""CPU affinity 0-3; BLAS/OpenMP=1; CUDA hidden"", ""observation-only hook exports Result.total_secs and cinput; watchdog T+20""]",,,62.0,6813.0,auto_no_attacks_cpu4,"[""nnenum"",""data/vnncomp2026/cora_2024/1.0/onnx/cifar10-point.onnx"",""data/vnncomp2026/cora_2024/1.0/vnnlib/cifar10-img351.vnnlib"",30.0,""auto_no_attacks_cpu4""]",
cora_2024,172,cifar10-trades.onnx,cifar10-img351.vnnlib,timeout,31.521583914756775,TIMEOUT,0,30.0,31.521583914756775,32.599216651171446,0,32.599216651171446,1,0,,,not a FALSIFIED row,0,scratch/logs/fse2026/nnenum/cora_2024/00172_d6dd557587522bf231a7_uzey4iv8.log,b18238f123ed6fab051ec94641b78a1ba2e307e7,"{""attack"": ""no adversarial attack implementation in this nnenum version; LP witness extraction retained"", ""cpus"": ""0-3"", ""deviations"": [""CPU affinity 0-3; BLAS/OpenMP=1; CUDA hidden"", ""observation-only hook exports Result.total_secs and cinput; watchdog T+20""], ""official"": ""nnenum CLI auto settings""}","[""CPU affinity 0-3; BLAS/OpenMP=1; CUDA hidden"", ""observation-only hook exports Result.total_secs and cinput; watchdog T+20""]",,,69.0,18391.0,auto_no_attacks_cpu4,"[""nnenum"",""data/vnncomp2026/cora_2024/1.0/onnx/cifar10-trades.onnx"",""data/vnncomp2026/cora_2024/1.0/vnnlib/cifar10-img351.vnnlib"",30.0,""auto_no_attacks_cpu4""]",
cora_2024,173,cifar10-set.onnx,cifar10-img351.vnnlib,timeout,31.287149641662836,TIMEOUT,0,30.0,31.287149641662836,32.397389732301235,0,32.397389732301235,1,0,,,not a FALSIFIED row,0,scratch/logs/fse2026/nnenum/cora_2024/00173_c81b308ff6decdac8de9_90qcjoie.log,b18238f123ed6fab051ec94641b78a1ba2e307e7,"{""attack"": ""no adversarial attack implementation in this nnenum version; LP witness extraction retained"", ""cpus"": ""0-3"", ""deviations"": [""CPU affinity 0-3; BLAS/OpenMP=1; CUDA hidden"", ""observation-only hook exports Result.total_secs and cinput; watchdog T+20""], ""official"": ""nnenum CLI auto settings""}","[""CPU affinity 0-3; BLAS/OpenMP=1; CUDA hidden"", ""observation-only hook exports Result.total_secs and cinput; watchdog T+20""]",,,69.0,30981.0,auto_no_attacks_cpu4,"[""nnenum"",""data/vnncomp2026/cora_2024/1.0/onnx/cifar10-set.onnx"",""data/vnncomp2026/cora_2024/1.0/vnnlib/cifar10-img351.vnnlib"",30.0,""auto_no_attacks_cpu4""]",
cora_2024,174,cifar10-point.onnx,cifar10-img362.vnnlib,timeout,34.482690231874585,TIMEOUT,0,30.0,34.482690231874585,35.76683266274631,0,35.76683266274631,1,0,,,not a FALSIFIED row,0,scratch/logs/fse2026/nnenum/cora_2024/00174_e8609b199fa51e93bfbb_vqxz27zj.log,b18238f123ed6fab051ec94641b78a1ba2e307e7,"{""attack"": ""no adversarial attack implementation in this nnenum version; LP witness extraction retained"", ""cpus"": ""0-3"", ""deviations"": [""CPU affinity 0-3; BLAS/OpenMP=1; CUDA hidden"", ""observation-only hook exports Result.total_secs and cinput; watchdog T+20""], ""official"": ""nnenum CLI auto settings""}","[""CPU affinity 0-3; BLAS/OpenMP=1; CUDA hidden"", ""observation-only hook exports Result.total_secs and cinput; watchdog T+20""]",,,0.0,2258.0,auto_no_attacks_cpu4,"[""nnenum"",""data/vnncomp2026/cora_2024/1.0/onnx/cifar10-point.onnx"",""data/vnncomp2026/cora_2024/1.0/vnnlib/cifar10-img362.vnnlib"",30.0,""auto_no_attacks_cpu4""]",
cora_2024,175,cifar10-trades.onnx,cifar10-img362.vnnlib,timeout,30.684704337269068,TIMEOUT,0,30.0,30.684704337269068,31.99309803172946,0,31.99309803172946,1,0,,,not a FALSIFIED row,0,scratch/logs/fse2026/nnenum/cora_2024/00175_c08fbbaa24442f6f779c_hped_xi1.log,b18238f123ed6fab051ec94641b78a1ba2e307e7,"{""attack"": ""no adversarial attack implementation in this nnenum version; LP witness extraction retained"", ""cpus"": ""0-3"", ""deviations"": [""CPU affinity 0-3; BLAS/OpenMP=1; CUDA hidden"", ""observation-only hook exports Result.total_secs and cinput; watchdog T+20""], ""official"": ""nnenum CLI auto settings""}","[""CPU affinity 0-3; BLAS/OpenMP=1; CUDA hidden"", ""observation-only hook exports Result.total_secs and cinput; watchdog T+20""]",,,0.0,2258.0,auto_no_attacks_cpu4,"[""nnenum"",""data/vnncomp2026/cora_2024/1.0/onnx/cifar10-trades.onnx"",""data/vnncomp2026/cora_2024/1.0/vnnlib/cifar10-img362.vnnlib"",30.0,""auto_no_attacks_cpu4""]",
cora_2024,176,cifar10-set.onnx,cifar10-img362.vnnlib,timeout,31.077243257313967,TIMEOUT,0,30.0,31.077243257313967,32.15005511045456,0,32.15005511045456,1,0,,,not a FALSIFIED row,0,scratch/logs/fse2026/nnenum/cora_2024/00176_ed93b88edb55c0dfea1d_kb32cttt.log,b18238f123ed6fab051ec94641b78a1ba2e307e7,"{""attack"": ""no adversarial attack implementation in this nnenum version; LP witness extraction retained"", ""cpus"": ""0-3"", ""deviations"": [""CPU affinity 0-3; BLAS/OpenMP=1; CUDA hidden"", ""observation-only hook exports Result.total_secs and cinput; watchdog T+20""], ""official"": ""nnenum CLI auto settings""}","[""CPU affinity 0-3; BLAS/OpenMP=1; CUDA hidden"", ""observation-only hook exports Result.total_secs and cinput; watchdog T+20""]",,,58.0,7379.0,auto_no_attacks_cpu4,"[""nnenum"",""data/vnncomp2026/cora_2024/1.0/onnx/cifar10-set.onnx"",""data/vnncomp2026/cora_2024/1.0/vnnlib/cifar10-img362.vnnlib"",30.0,""auto_no_attacks_cpu4""]",
cora_2024,177,cifar10-point.onnx,cifar10-img383.vnnlib,timeout,30.96990923397243,TIMEOUT,0,30.0,30.96990923397243,32.02867978066206,0,32.02867978066206,1,0,,,not a FALSIFIED row,0,scratch/logs/fse2026/nnenum/cora_2024/00177_7a69f786470b44918119_uanp_c2x.log,b18238f123ed6fab051ec94641b78a1ba2e307e7,"{""attack"": ""no adversarial attack implementation in this nnenum version; LP witness extraction retained"", ""cpus"": ""0-3"", ""deviations"": [""CPU affinity 0-3; BLAS/OpenMP=1; CUDA hidden"", ""observation-only hook exports Result.total_secs and cinput; watchdog T+20""], ""official"": ""nnenum CLI auto settings""}","[""CPU affinity 0-3; BLAS/OpenMP=1; CUDA hidden"", ""observation-only hook exports Result.total_secs and cinput; watchdog T+20""]",,,67.0,14859.0,auto_no_attacks_cpu4,"[""nnenum"",""data/vnncomp2026/cora_2024/1.0/onnx/cifar10-point.onnx"",""data/vnncomp2026/cora_2024/1.0/vnnlib/cifar10-img383.vnnlib"",30.0,""auto_no_attacks_cpu4""]",
cora_2024,178,cifar10-trades.onnx,cifar10-img383.vnnlib,timeout,30.830894568935037,TIMEOUT,0,30.0,30.830894568935037,31.98336388543248,0,31.98336388543248,1,0,,,not a FALSIFIED row,0,scratch/logs/fse2026/nnenum/cora_2024/00178_6902ba4fd08ffb984bfd_8xz3uzun.log,b18238f123ed6fab051ec94641b78a1ba2e307e7,"{""attack"": ""no adversarial attack implementation in this nnenum version; LP witness extraction retained"", ""cpus"": ""0-3"", ""deviations"": [""CPU affinity 0-3; BLAS/OpenMP=1; CUDA hidden"", ""observation-only hook exports Result.total_secs and cinput; watchdog T+20""], ""official"": ""nnenum CLI auto settings""}","[""CPU affinity 0-3; BLAS/OpenMP=1; CUDA hidden"", ""observation-only hook exports Result.total_secs and cinput; watchdog T+20""]",,,1.0,2937.0,auto_no_attacks_cpu4,"[""nnenum"",""data/vnncomp2026/cora_2024/1.0/onnx/cifar10-trades.onnx"",""data/vnncomp2026/cora_2024/1.0/vnnlib/cifar10-img383.vnnlib"",30.0,""auto_no_attacks_cpu4""]",
cora_2024,179,cifar10-set.onnx,cifar10-img383.vnnlib,timeout,32.900657787919044,TIMEOUT,0,30.0,32.900657787919044,33.94759599119425,0,33.94759599119425,1,0,,,not a FALSIFIED row,0,scratch/logs/fse2026/nnenum/cora_2024/00179_6d8500ea2197d32e60b8_j990pvpa.log,b18238f123ed6fab051ec94641b78a1ba2e307e7,"{""attack"": ""no adversarial attack implementation in this nnenum version; LP witness extraction retained"", ""cpus"": ""0-3"", ""deviations"": [""CPU affinity 0-3; BLAS/OpenMP=1; CUDA hidden"", ""observation-only hook exports Result.total_secs and cinput; watchdog T+20""], ""official"": ""nnenum CLI auto settings""}","[""CPU affinity 0-3; BLAS/OpenMP=1; CUDA hidden"", ""observation-only hook exports Result.total_secs and cinput; watchdog T+20""]",,,92.0,5675.0,auto_no_attacks_cpu4,"[""nnenum"",""data/vnncomp2026/cora_2024/1.0/onnx/cifar10-set.onnx"",""data/vnncomp2026/cora_2024/1.0/vnnlib/cifar10-img383.vnnlib"",30.0,""auto_no_attacks_cpu4""]",
