row,onnx,vnnlib,local_status,local_verification_s,time_used_s,time_source
0,onnx/ruarobot/perturbations_0.onnx,vnnlib/ruarobot/hyperrectangle_257.vnnlib,FALSIFIED,1.603348784148693,1.133999017,vnncomp2026
1,onnx/medical/perturbations_0.onnx,vnnlib/medical/hyperrectangle_355.vnnlib,CERTIFIED,0.008634824305772781,1.003267952,vnncomp2026
2,onnx/medical/perturbations_0.onnx,vnnlib/medical/hyperrectangle_557.vnnlib,CERTIFIED,0.46308651380240917,1.021723808,vnncomp2026
4,onnx/ruarobot/perturbations_0.onnx,vnnlib/ruarobot/hyperrectangle_6763.vnnlib,FALSIFIED,0.10335946083068848,1.113807438,vnncomp2026
7,onnx/ruarobot/perturbations_0.onnx,vnnlib/ruarobot/hyperrectangle_4400.vnnlib,FALSIFIED,0.7562522143125534,1.050775909,vnncomp2026
8,onnx/ruarobot/perturbations_0.onnx,vnnlib/ruarobot/hyperrectangle_3561.vnnlib,FALSIFIED,0.7823796067386866,1.056650438,vnncomp2026
9,onnx/ruarobot/perturbations_0.onnx,vnnlib/ruarobot/hyperrectangle_6550.vnnlib,FALSIFIED,0.409690048545599,1.11193819,vnncomp2026
12,onnx/ruarobot/perturbations_0.onnx,vnnlib/ruarobot/hyperrectangle_1868.vnnlib,FALSIFIED,0.4547715596854687,1.059022787,vnncomp2026
13,onnx/ruarobot/perturbations_0.onnx,vnnlib/ruarobot/hyperrectangle_5619.vnnlib,FALSIFIED,0.22302886471152306,1.060340105,vnncomp2026
14,onnx/ruarobot/perturbations_0.onnx,vnnlib/ruarobot/hyperrectangle_3222.vnnlib,FALSIFIED,0.16257865354418755,1.063470918,vnncomp2026
17,onnx/ruarobot/perturbations_0.onnx,vnnlib/ruarobot/hyperrectangle_2491.vnnlib,FALSIFIED,5.570712951943278,1.072344234,vnncomp2026
18,onnx/medical/perturbations_0.onnx,vnnlib/medical/hyperrectangle_2678.vnnlib,CERTIFIED,0.007501959800720215,0.98945127,vnncomp2026
20,onnx/medical/perturbations_0.onnx,vnnlib/medical/hyperrectangle_2752.vnnlib,CERTIFIED,0.9170499667525291,1.531114687,vnncomp2026
21,onnx/ruarobot/perturbations_0.onnx,vnnlib/ruarobot/hyperrectangle_6181.vnnlib,FALSIFIED,1.087155120447278,1.064921745,vnncomp2026
22,onnx/medical/perturbations_0.onnx,vnnlib/medical/hyperrectangle_2512.vnnlib,CERTIFIED,0.00828007236123085,1.015241078,vnncomp2026
25,onnx/ruarobot/perturbations_0.onnx,vnnlib/ruarobot/hyperrectangle_440.vnnlib,FALSIFIED,0.15014232508838177,1.063808157,vnncomp2026
27,onnx/medical/perturbations_0.onnx,vnnlib/medical/hyperrectangle_2147.vnnlib,CERTIFIED,11.034658821299672,11.034658821299672,local
28,onnx/ruarobot/perturbations_0.onnx,vnnlib/ruarobot/hyperrectangle_2999.vnnlib,CERTIFIED,0.825832212343812,2.572175167,vnncomp2026
29,onnx/ruarobot/perturbations_0.onnx,vnnlib/ruarobot/hyperrectangle_2982.vnnlib,FALSIFIED,0.304578073322773,1.075931171,vnncomp2026
30,onnx/ruarobot/perturbations_0.onnx,vnnlib/ruarobot/hyperrectangle_4779.vnnlib,CERTIFIED,0.5847363788634539,1.944829784,vnncomp2026
31,onnx/ruarobot/perturbations_0.onnx,vnnlib/ruarobot/hyperrectangle_3826.vnnlib,CERTIFIED,0.9868897013366222,4.81544198,vnncomp2026
34,onnx/ruarobot/perturbations_0.onnx,vnnlib/ruarobot/hyperrectangle_7577.vnnlib,FALSIFIED,0.06400983966886997,1.110398636,vnncomp2026
35,onnx/ruarobot/perturbations_0.onnx,vnnlib/ruarobot/hyperrectangle_6251.vnnlib,FALSIFIED,0.3237647768110037,1.052790929,vnncomp2026
36,onnx/ruarobot/perturbations_0.onnx,vnnlib/ruarobot/hyperrectangle_3787.vnnlib,CERTIFIED,0.5938550569117069,2.292306666,vnncomp2026
38,onnx/ruarobot/perturbations_0.onnx,vnnlib/ruarobot/hyperrectangle_6580.vnnlib,FALSIFIED,0.1159063633531332,1.080756512,vnncomp2026
39,onnx/ruarobot/perturbations_0.onnx,vnnlib/ruarobot/hyperrectangle_3758.vnnlib,CERTIFIED,0.007169095799326897,0.980668027,vnncomp2026
41,onnx/ruarobot/perturbations_0.onnx,vnnlib/ruarobot/hyperrectangle_7477.vnnlib,FALSIFIED,3.96721831895411,1.075466358,vnncomp2026
42,onnx/medical/perturbations_0.onnx,vnnlib/medical/hyperrectangle_963.vnnlib,FALSIFIED,0.11133328266441822,1.084234233,vnncomp2026
43,onnx/medical/perturbations_0.onnx,vnnlib/medical/hyperrectangle_2504.vnnlib,CERTIFIED,0.3279534410685301,1.337992137,vnncomp2026
44,onnx/ruarobot/perturbations_0.onnx,vnnlib/ruarobot/hyperrectangle_7843.vnnlib,FALSIFIED,0.0931684821844101,1.098857796,vnncomp2026
46,onnx/ruarobot/perturbations_0.onnx,vnnlib/ruarobot/hyperrectangle_3030.vnnlib,CERTIFIED,2.117621114477515,7.040005262,vnncomp2026
49,onnx/ruarobot/perturbations_0.onnx,vnnlib/ruarobot/hyperrectangle_3282.vnnlib,FALSIFIED,16.3015071246773,1.049134429,vnncomp2026
51,onnx/ruarobot/perturbations_0.onnx,vnnlib/ruarobot/hyperrectangle_2268.vnnlib,FALSIFIED,0.21378525532782078,1.09423418,vnncomp2026
53,onnx/ruarobot/perturbations_0.onnx,vnnlib/ruarobot/hyperrectangle_6563.vnnlib,FALSIFIED,0.11847301945090294,1.052457283,vnncomp2026
54,onnx/ruarobot/perturbations_0.onnx,vnnlib/ruarobot/hyperrectangle_3805.vnnlib,FALSIFIED,1.246154747903347,1.04231203,vnncomp2026
55,onnx/ruarobot/perturbations_0.onnx,vnnlib/ruarobot/hyperrectangle_5356.vnnlib,FALSIFIED,0.1870315559208393,1.056007277,vnncomp2026
57,onnx/ruarobot/perturbations_0.onnx,vnnlib/ruarobot/hyperrectangle_4010.vnnlib,FALSIFIED,0.09883843176066875,1.07819733,vnncomp2026
58,onnx/ruarobot/perturbations_0.onnx,vnnlib/ruarobot/hyperrectangle_5677.vnnlib,FALSIFIED,0.0375667680054903,1.039563387,vnncomp2026
59,onnx/ruarobot/perturbations_0.onnx,vnnlib/ruarobot/hyperrectangle_7032.vnnlib,FALSIFIED,0.37543644197285175,1.076145201,vnncomp2026
60,onnx/ruarobot/perturbations_0.onnx,vnnlib/ruarobot/hyperrectangle_2900.vnnlib,CERTIFIED,7.0000323895365,20.4926052,vnncomp2026
61,onnx/ruarobot/perturbations_0.onnx,vnnlib/ruarobot/hyperrectangle_6784.vnnlib,FALSIFIED,5.379456106573343,1.059639193,vnncomp2026
63,onnx/medical/perturbations_0.onnx,vnnlib/medical/hyperrectangle_585.vnnlib,CERTIFIED,0.008206598460674286,0.975884147,vnncomp2026
64,onnx/ruarobot/perturbations_0.onnx,vnnlib/ruarobot/hyperrectangle_3507.vnnlib,FALSIFIED,3.2344250101596117,3.2344250101596117,local
65,onnx/medical/perturbations_0.onnx,vnnlib/medical/hyperrectangle_134.vnnlib,CERTIFIED,0.45782017707824707,1.023966216,vnncomp2026
67,onnx/ruarobot/perturbations_0.onnx,vnnlib/ruarobot/hyperrectangle_7490.vnnlib,CERTIFIED,0.00742359459400177,1.000430828,vnncomp2026
68,onnx/medical/perturbations_0.onnx,vnnlib/medical/hyperrectangle_576.vnnlib,CERTIFIED,0.3997526168823242,1.05670568,vnncomp2026
69,onnx/ruarobot/perturbations_0.onnx,vnnlib/ruarobot/hyperrectangle_4032.vnnlib,FALSIFIED,5.3145896680653095,1.111054713,vnncomp2026
70,onnx/medical/perturbations_0.onnx,vnnlib/medical/hyperrectangle_1698.vnnlib,CERTIFIED,0.0089129488915205,1.015150269,vnncomp2026
71,onnx/ruarobot/perturbations_0.onnx,vnnlib/ruarobot/hyperrectangle_2334.vnnlib,FALSIFIED,0.05215781182050705,1.075944025,vnncomp2026
72,onnx/medical/perturbations_0.onnx,vnnlib/medical/hyperrectangle_379.vnnlib,CERTIFIED,3.8266368750482798,4.885805,vnncomp2026
74,onnx/ruarobot/perturbations_0.onnx,vnnlib/ruarobot/hyperrectangle_5542.vnnlib,FALSIFIED,0.5443163551390171,1.044766794,vnncomp2026
75,onnx/ruarobot/perturbations_0.onnx,vnnlib/ruarobot/hyperrectangle_3183.vnnlib,CERTIFIED,0.4445910193026066,1.603718587,vnncomp2026
76,onnx/ruarobot/perturbations_0.onnx,vnnlib/ruarobot/hyperrectangle_6755.vnnlib,FALSIFIED,0.3691026084125042,1.078838018,vnncomp2026
77,onnx/medical/perturbations_0.onnx,vnnlib/medical/hyperrectangle_1237.vnnlib,CERTIFIED,0.007766818627715111,0.999661898,vnncomp2026
78,onnx/ruarobot/perturbations_0.onnx,vnnlib/ruarobot/hyperrectangle_5995.vnnlib,CERTIFIED,0.31729260832071304,1.475535471,vnncomp2026
80,onnx/ruarobot/perturbations_0.onnx,vnnlib/ruarobot/hyperrectangle_1551.vnnlib,FALSIFIED,0.31659170612692833,1.100163706,vnncomp2026
82,onnx/ruarobot/perturbations_0.onnx,vnnlib/ruarobot/hyperrectangle_6877.vnnlib,FALSIFIED,0.07542124763131142,1.085005117,vnncomp2026
83,onnx/ruarobot/perturbations_0.onnx,vnnlib/ruarobot/hyperrectangle_6748.vnnlib,FALSIFIED,0.04065542854368687,1.059321419,vnncomp2026
84,onnx/ruarobot/perturbations_0.onnx,vnnlib/ruarobot/hyperrectangle_5682.vnnlib,FALSIFIED,0.13773765042424202,1.051248238,vnncomp2026
85,onnx/ruarobot/perturbations_0.onnx,vnnlib/ruarobot/hyperrectangle_5841.vnnlib,CERTIFIED,6.05608375184238,13.795464413,vnncomp2026
87,onnx/medical/perturbations_0.onnx,vnnlib/medical/hyperrectangle_94.vnnlib,CERTIFIED,17.657793570309877,17.657793570309877,local
88,onnx/medical/perturbations_0.onnx,vnnlib/medical/hyperrectangle_394.vnnlib,CERTIFIED,0.007199076935648918,1.016244243,vnncomp2026
89,onnx/ruarobot/perturbations_0.onnx,vnnlib/ruarobot/hyperrectangle_2370.vnnlib,FALSIFIED,0.09550950303673744,1.047187056,vnncomp2026
90,onnx/medical/perturbations_0.onnx,vnnlib/medical/hyperrectangle_478.vnnlib,CERTIFIED,4.946780180558562,13.811011654,vnncomp2026
91,onnx/medical/perturbations_0.onnx,vnnlib/medical/hyperrectangle_854.vnnlib,CERTIFIED,0.007977478206157684,0.993559088,vnncomp2026
94,onnx/ruarobot/perturbations_0.onnx,vnnlib/ruarobot/hyperrectangle_2467.vnnlib,FALSIFIED,0.04322149604558945,0.04322149604558945,local
96,onnx/ruarobot/perturbations_0.onnx,vnnlib/ruarobot/hyperrectangle_5270.vnnlib,FALSIFIED,0.09403311647474766,1.047783092,vnncomp2026
97,onnx/medical/perturbations_0.onnx,vnnlib/medical/hyperrectangle_1246.vnnlib,FALSIFIED,0.09795665368437767,1.058666627,vnncomp2026
98,onnx/ruarobot/perturbations_0.onnx,vnnlib/ruarobot/hyperrectangle_5278.vnnlib,FALSIFIED,0.0961594358086586,1.041207057,vnncomp2026
99,onnx/ruarobot/perturbations_0.onnx,vnnlib/ruarobot/hyperrectangle_6509.vnnlib,FALSIFIED,0.26961258985102177,1.098363521,vnncomp2026
100,onnx/ruarobot/perturbations_0.onnx,vnnlib/ruarobot/hyperrectangle_2602.vnnlib,FALSIFIED,0.7971297837793827,1.677645273,vnncomp2026
101,onnx/ruarobot/perturbations_0.onnx,vnnlib/ruarobot/hyperrectangle_5745.vnnlib,FALSIFIED,0.10000523366034031,1.03610267,vnncomp2026
102,onnx/ruarobot/perturbations_0.onnx,vnnlib/ruarobot/hyperrectangle_1220.vnnlib,FALSIFIED,0.3278474248945713,1.071840077,vnncomp2026
103,onnx/ruarobot/perturbations_0.onnx,vnnlib/ruarobot/hyperrectangle_1174.vnnlib,FALSIFIED,0.23990977369248867,1.05201561,vnncomp2026
104,onnx/medical/perturbations_0.onnx,vnnlib/medical/hyperrectangle_2205.vnnlib,FALSIFIED,0.060720840469002724,1.043946851,vnncomp2026
105,onnx/ruarobot/perturbations_0.onnx,vnnlib/ruarobot/hyperrectangle_2561.vnnlib,FALSIFIED,0.04407828114926815,0.983790292,vnncomp2026
106,onnx/ruarobot/perturbations_0.onnx,vnnlib/ruarobot/hyperrectangle_773.vnnlib,FALSIFIED,0.3934005405753851,1.073145734,vnncomp2026
107,onnx/ruarobot/perturbations_0.onnx,vnnlib/ruarobot/hyperrectangle_3574.vnnlib,FALSIFIED,0.7332572732120752,1.078904605,vnncomp2026
109,onnx/ruarobot/perturbations_0.onnx,vnnlib/ruarobot/hyperrectangle_4840.vnnlib,FALSIFIED,0.9471283555030823,1.043149828,vnncomp2026
110,onnx/medical/perturbations_0.onnx,vnnlib/medical/hyperrectangle_2005.vnnlib,CERTIFIED,0.007752144709229469,1.012292888,vnncomp2026
112,onnx/medical/perturbations_0.onnx,vnnlib/medical/hyperrectangle_400.vnnlib,CERTIFIED,0.008443539962172508,0.97956978,vnncomp2026
113,onnx/medical/perturbations_0.onnx,vnnlib/medical/hyperrectangle_1243.vnnlib,CERTIFIED,0.0077100154012441635,0.985114175,vnncomp2026
117,onnx/ruarobot/perturbations_0.onnx,vnnlib/ruarobot/hyperrectangle_6099.vnnlib,FALSIFIED,1.9532526321709156,1.045146765,vnncomp2026
119,onnx/medical/perturbations_0.onnx,vnnlib/medical/hyperrectangle_2397.vnnlib,CERTIFIED,0.007222350686788559,0.969056662,vnncomp2026
121,onnx/ruarobot/perturbations_0.onnx,vnnlib/ruarobot/hyperrectangle_2213.vnnlib,FALSIFIED,0.4498875327408314,1.081061015,vnncomp2026
122,onnx/medical/perturbations_0.onnx,vnnlib/medical/hyperrectangle_1865.vnnlib,CERTIFIED,0.007421480491757393,1.020762943,vnncomp2026
123,onnx/medical/perturbations_0.onnx,vnnlib/medical/hyperrectangle_1250.vnnlib,CERTIFIED,0.4947788883000612,1.611037693,vnncomp2026
124,onnx/medical/perturbations_0.onnx,vnnlib/medical/hyperrectangle_462.vnnlib,CERTIFIED,0.007534723728895187,1.050949176,vnncomp2026
125,onnx/ruarobot/perturbations_0.onnx,vnnlib/ruarobot/hyperrectangle_1670.vnnlib,FALSIFIED,0.03953379765152931,1.1125931,vnncomp2026
126,onnx/medical/perturbations_0.onnx,vnnlib/medical/hyperrectangle_78.vnnlib,CERTIFIED,0.007466083392500877,1.006876503,vnncomp2026
127,onnx/ruarobot/perturbations_0.onnx,vnnlib/ruarobot/hyperrectangle_4985.vnnlib,FALSIFIED,0.3259344771504402,1.055377512,vnncomp2026
128,onnx/ruarobot/perturbations_0.onnx,vnnlib/ruarobot/hyperrectangle_5258.vnnlib,CERTIFIED,7.495040766894817,16.135006439,vnncomp2026
129,onnx/ruarobot/perturbations_0.onnx,vnnlib/ruarobot/hyperrectangle_2500.vnnlib,FALSIFIED,0.048103660345077515,1.080695669,vnncomp2026
131,onnx/ruarobot/perturbations_0.onnx,vnnlib/ruarobot/hyperrectangle_1337.vnnlib,FALSIFIED,0.2746374886482954,1.065858792,vnncomp2026
132,onnx/ruarobot/perturbations_0.onnx,vnnlib/ruarobot/hyperrectangle_7652.vnnlib,FALSIFIED,0.32122580520808697,1.091198636,vnncomp2026
133,onnx/ruarobot/perturbations_0.onnx,vnnlib/ruarobot/hyperrectangle_4742.vnnlib,CERTIFIED,0.7636207789182663,2.03456176,vnncomp2026
134,onnx/ruarobot/perturbations_0.onnx,vnnlib/ruarobot/hyperrectangle_204.vnnlib,FALSIFIED,0.3457007072865963,1.07436191,vnncomp2026
135,onnx/ruarobot/perturbations_0.onnx,vnnlib/ruarobot/hyperrectangle_1101.vnnlib,FALSIFIED,0.039816964417696,1.098609433,vnncomp2026
140,onnx/medical/perturbations_0.onnx,vnnlib/medical/hyperrectangle_2496.vnnlib,FALSIFIED,0.1309858188033104,1.073654419,vnncomp2026
141,onnx/ruarobot/perturbations_0.onnx,vnnlib/ruarobot/hyperrectangle_7902.vnnlib,FALSIFIED,0.06706445291638374,1.067163531,vnncomp2026
142,onnx/medical/perturbations_0.onnx,vnnlib/medical/hyperrectangle_790.vnnlib,CERTIFIED,0.2245621345937252,1.086803188,vnncomp2026
143,onnx/ruarobot/perturbations_0.onnx,vnnlib/ruarobot/hyperrectangle_6109.vnnlib,FALSIFIED,18.63258401118219,1.046046124,vnncomp2026
144,onnx/ruarobot/perturbations_0.onnx,vnnlib/ruarobot/hyperrectangle_7247.vnnlib,FALSIFIED,0.7011485397815704,1.063178059,vnncomp2026
145,onnx/ruarobot/perturbations_0.onnx,vnnlib/ruarobot/hyperrectangle_5249.vnnlib,CERTIFIED,17.63529098033905,17.63529098033905,local
146,onnx/ruarobot/perturbations_0.onnx,vnnlib/ruarobot/hyperrectangle_7645.vnnlib,FALSIFIED,0.05167468078434467,1.045739319,vnncomp2026
147,onnx/ruarobot/perturbations_0.onnx,vnnlib/ruarobot/hyperrectangle_1006.vnnlib,FALSIFIED,0.11914156004786491,1.080018277,vnncomp2026
149,onnx/ruarobot/perturbations_0.onnx,vnnlib/ruarobot/hyperrectangle_7020.vnnlib,FALSIFIED,0.05542439594864845,1.066834032,vnncomp2026
150,onnx/medical/perturbations_0.onnx,vnnlib/medical/hyperrectangle_1013.vnnlib,CERTIFIED,9.666933976113796,18.718439612,vnncomp2026
151,onnx/ruarobot/perturbations_0.onnx,vnnlib/ruarobot/hyperrectangle_2472.vnnlib,FALSIFIED,0.05919192545115948,1.072109909,vnncomp2026
153,onnx/ruarobot/perturbations_0.onnx,vnnlib/ruarobot/hyperrectangle_1634.vnnlib,FALSIFIED,0.5786425676196814,1.06312975,vnncomp2026
154,onnx/medical/perturbations_0.onnx,vnnlib/medical/hyperrectangle_351.vnnlib,FALSIFIED,0.0625470969825983,1.094626105,vnncomp2026
155,onnx/medical/perturbations_0.onnx,vnnlib/medical/hyperrectangle_2467.vnnlib,CERTIFIED,0.011257003992795944,1.006172688,vnncomp2026
156,onnx/ruarobot/perturbations_0.onnx,vnnlib/ruarobot/hyperrectangle_744.vnnlib,FALSIFIED,1.2177749052643776,1.048238321,vnncomp2026
157,onnx/medical/perturbations_0.onnx,vnnlib/medical/hyperrectangle_2530.vnnlib,CERTIFIED,0.007756713777780533,0.995507484,vnncomp2026
158,onnx/medical/perturbations_0.onnx,vnnlib/medical/hyperrectangle_2386.vnnlib,CERTIFIED,6.267525188624859,9.508197429,vnncomp2026
159,onnx/ruarobot/perturbations_0.onnx,vnnlib/ruarobot/hyperrectangle_4634.vnnlib,FALSIFIED,0.07543512247502804,1.07476417,vnncomp2026
162,onnx/ruarobot/perturbations_0.onnx,vnnlib/ruarobot/hyperrectangle_3269.vnnlib,CERTIFIED,0.007511340081691742,1.005076073,vnncomp2026
163,onnx/medical/perturbations_0.onnx,vnnlib/medical/hyperrectangle_2670.vnnlib,FALSIFIED,0.170689195394516,1.110994739,vnncomp2026
164,onnx/medical/perturbations_0.onnx,vnnlib/medical/hyperrectangle_2535.vnnlib,FALSIFIED,0.04017815180122852,1.014137106,vnncomp2026
168,onnx/medical/perturbations_0.onnx,vnnlib/medical/hyperrectangle_525.vnnlib,CERTIFIED,0.3494967631995678,1.020753847,vnncomp2026
169,onnx/medical/perturbations_0.onnx,vnnlib/medical/hyperrectangle_584.vnnlib,CERTIFIED,2.0200299937278032,4.402302243,vnncomp2026
171,onnx/ruarobot/perturbations_0.onnx,vnnlib/ruarobot/hyperrectangle_3943.vnnlib,CERTIFIED,11.763300310820341,11.763300310820341,local
172,onnx/ruarobot/perturbations_0.onnx,vnnlib/ruarobot/hyperrectangle_7243.vnnlib,FALSIFIED,2.1593624651432037,1.306436486,vnncomp2026
173,onnx/ruarobot/perturbations_0.onnx,vnnlib/ruarobot/hyperrectangle_2873.vnnlib,FALSIFIED,0.04112359322607517,1.074798311,vnncomp2026
174,onnx/medical/perturbations_0.onnx,vnnlib/medical/hyperrectangle_2163.vnnlib,CERTIFIED,0.34487725608050823,1.034542022,vnncomp2026
175,onnx/ruarobot/perturbations_0.onnx,vnnlib/ruarobot/hyperrectangle_7137.vnnlib,FALSIFIED,1.296685017645359,1.072581997,vnncomp2026
176,onnx/ruarobot/perturbations_0.onnx,vnnlib/ruarobot/hyperrectangle_449.vnnlib,FALSIFIED,0.04455273970961571,1.062196017,vnncomp2026
177,onnx/ruarobot/perturbations_0.onnx,vnnlib/ruarobot/hyperrectangle_4065.vnnlib,FALSIFIED,0.26924225501716137,1.054626455,vnncomp2026
178,onnx/ruarobot/perturbations_0.onnx,vnnlib/ruarobot/hyperrectangle_3144.vnnlib,FALSIFIED,0.5302948094904423,1.02761593,vnncomp2026
179,onnx/medical/perturbations_0.onnx,vnnlib/medical/hyperrectangle_2053.vnnlib,CERTIFIED,1.1800136119127274,2.570061486,vnncomp2026
180,onnx/medical/perturbations_0.onnx,vnnlib/medical/hyperrectangle_2731.vnnlib,CERTIFIED,0.3253208491951227,1.074550538,vnncomp2026
181,onnx/medical/perturbations_0.onnx,vnnlib/medical/hyperrectangle_1222.vnnlib,FALSIFIED,9.144380949437618,1.035288745,vnncomp2026
182,onnx/ruarobot/perturbations_0.onnx,vnnlib/ruarobot/hyperrectangle_225.vnnlib,FALSIFIED,1.1666210629045963,1.1666210629045963,local
183,onnx/medical/perturbations_0.onnx,vnnlib/medical/hyperrectangle_132.vnnlib,FALSIFIED,0.0969238393008709,1.051686913,vnncomp2026
184,onnx/ruarobot/perturbations_0.onnx,vnnlib/ruarobot/hyperrectangle_7623.vnnlib,FALSIFIED,16.385474449023604,1.053026724,vnncomp2026
185,onnx/medical/perturbations_0.onnx,vnnlib/medical/hyperrectangle_1098.vnnlib,CERTIFIED,0.007707908749580383,0.988022549,vnncomp2026
187,onnx/ruarobot/perturbations_0.onnx,vnnlib/ruarobot/hyperrectangle_661.vnnlib,FALSIFIED,0.04207952879369259,1.093038971,vnncomp2026
188,onnx/medical/perturbations_0.onnx,vnnlib/medical/hyperrectangle_1934.vnnlib,CERTIFIED,0.0076030585914850235,1.02329645,vnncomp2026
189,onnx/ruarobot/perturbations_0.onnx,vnnlib/ruarobot/hyperrectangle_4833.vnnlib,FALSIFIED,1.0065057966858149,1.068534595,vnncomp2026
192,onnx/ruarobot/perturbations_0.onnx,vnnlib/ruarobot/hyperrectangle_5044.vnnlib,FALSIFIED,2.542953846976161,2.542953846976161,local
193,onnx/ruarobot/perturbations_0.onnx,vnnlib/ruarobot/hyperrectangle_428.vnnlib,FALSIFIED,1.2045525126159191,1.2045525126159191,local
194,onnx/ruarobot/perturbations_0.onnx,vnnlib/ruarobot/hyperrectangle_5911.vnnlib,CERTIFIED,0.00799921527504921,0.99908153,vnncomp2026
195,onnx/ruarobot/perturbations_0.onnx,vnnlib/ruarobot/hyperrectangle_4017.vnnlib,FALSIFIED,14.927976259961724,1.058616506,vnncomp2026
196,onnx/ruarobot/perturbations_0.onnx,vnnlib/ruarobot/hyperrectangle_3895.vnnlib,FALSIFIED,3.3733557276427746,1.022904182,vnncomp2026
197,onnx/ruarobot/perturbations_0.onnx,vnnlib/ruarobot/hyperrectangle_3744.vnnlib,FALSIFIED,0.04643668048083782,1.077902375,vnncomp2026
198,onnx/ruarobot/perturbations_0.onnx,vnnlib/ruarobot/hyperrectangle_1392.vnnlib,FALSIFIED,0.2622135207056999,1.03078585,vnncomp2026
199,onnx/ruarobot/perturbations_0.onnx,vnnlib/ruarobot/hyperrectangle_1919.vnnlib,FALSIFIED,1.967497643083334,1.077925968,vnncomp2026
201,onnx/ruarobot/perturbations_0.onnx,vnnlib/ruarobot/hyperrectangle_6233.vnnlib,FALSIFIED,0.052626604214310646,1.080669105,vnncomp2026
202,onnx/medical/perturbations_0.onnx,vnnlib/medical/hyperrectangle_232.vnnlib,CERTIFIED,0.007861828431487083,1.011293684,vnncomp2026
203,onnx/ruarobot/perturbations_0.onnx,vnnlib/ruarobot/hyperrectangle_3112.vnnlib,FALSIFIED,0.38874636963009834,1.043160286,vnncomp2026
204,onnx/medical/perturbations_0.onnx,vnnlib/medical/hyperrectangle_961.vnnlib,CERTIFIED,0.007417084649205208,1.010359738,vnncomp2026
206,onnx/ruarobot/perturbations_0.onnx,vnnlib/ruarobot/hyperrectangle_6468.vnnlib,FALSIFIED,0.09797342121601105,1.061064133,vnncomp2026
208,onnx/medical/perturbations_0.onnx,vnnlib/medical/hyperrectangle_2519.vnnlib,CERTIFIED,0.4181925542652607,1.198839769,vnncomp2026
209,onnx/medical/perturbations_0.onnx,vnnlib/medical/hyperrectangle_162.vnnlib,CERTIFIED,5.6523276306688786,15.928043626,vnncomp2026
210,onnx/medical/perturbations_0.onnx,vnnlib/medical/hyperrectangle_2200.vnnlib,CERTIFIED,13.597783518955112,13.597783518955112,local
211,onnx/ruarobot/perturbations_0.onnx,vnnlib/ruarobot/hyperrectangle_7904.vnnlib,FALSIFIED,0.038424983620643616,1.045445037,vnncomp2026
212,onnx/ruarobot/perturbations_0.onnx,vnnlib/ruarobot/hyperrectangle_2262.vnnlib,FALSIFIED,2.252598036080599,1.062755758,vnncomp2026
213,onnx/ruarobot/perturbations_0.onnx,vnnlib/ruarobot/hyperrectangle_3394.vnnlib,FALSIFIED,5.428668059408665,1.059343563,vnncomp2026
214,onnx/ruarobot/perturbations_0.onnx,vnnlib/ruarobot/hyperrectangle_375.vnnlib,FALSIFIED,0.04058995097875595,1.080762407,vnncomp2026
216,onnx/ruarobot/perturbations_0.onnx,vnnlib/ruarobot/hyperrectangle_1196.vnnlib,FALSIFIED,0.5393273513764143,0.5393273513764143,local
218,onnx/medical/perturbations_0.onnx,vnnlib/medical/hyperrectangle_75.vnnlib,CERTIFIED,0.007656952366232872,1.047985055,vnncomp2026
219,onnx/ruarobot/perturbations_0.onnx,vnnlib/ruarobot/hyperrectangle_2633.vnnlib,FALSIFIED,0.03855292871594429,1.038791786,vnncomp2026
221,onnx/ruarobot/perturbations_0.onnx,vnnlib/ruarobot/hyperrectangle_5353.vnnlib,FALSIFIED,10.220799351111054,1.128764039,vnncomp2026
222,onnx/ruarobot/perturbations_0.onnx,vnnlib/ruarobot/hyperrectangle_6505.vnnlib,FALSIFIED,0.14113826863467693,1.114668715,vnncomp2026
223,onnx/ruarobot/perturbations_0.onnx,vnnlib/ruarobot/hyperrectangle_1890.vnnlib,FALSIFIED,0.3591287322342396,1.107647412,vnncomp2026
224,onnx/ruarobot/perturbations_0.onnx,vnnlib/ruarobot/hyperrectangle_5573.vnnlib,FALSIFIED,0.07777440920472145,0.07777440920472145,local
225,onnx/ruarobot/perturbations_0.onnx,vnnlib/ruarobot/hyperrectangle_1487.vnnlib,CERTIFIED,0.11069920100271702,1.151131043,vnncomp2026
226,onnx/medical/perturbations_0.onnx,vnnlib/medical/hyperrectangle_1333.vnnlib,CERTIFIED,0.007353987544775009,1.058145902,vnncomp2026
227,onnx/ruarobot/perturbations_0.onnx,vnnlib/ruarobot/hyperrectangle_4602.vnnlib,CERTIFIED,3.8346812948584557,11.959145563,vnncomp2026
228,onnx/medical/perturbations_0.onnx,vnnlib/medical/hyperrectangle_1593.vnnlib,CERTIFIED,0.007567912340164185,1.005918655,vnncomp2026
229,onnx/ruarobot/perturbations_0.onnx,vnnlib/ruarobot/hyperrectangle_1555.vnnlib,CERTIFIED,0.6716588754206896,2.443410439,vnncomp2026
230,onnx/medical/perturbations_0.onnx,vnnlib/medical/hyperrectangle_1549.vnnlib,CERTIFIED,0.246964231133461,1.162398175,vnncomp2026
231,onnx/ruarobot/perturbations_0.onnx,vnnlib/ruarobot/hyperrectangle_7095.vnnlib,FALSIFIED,0.6903577446937561,1.118317979,vnncomp2026
232,onnx/ruarobot/perturbations_0.onnx,vnnlib/ruarobot/hyperrectangle_6941.vnnlib,CERTIFIED,6.63292396441102,18.833593309,vnncomp2026
233,onnx/ruarobot/perturbations_0.onnx,vnnlib/ruarobot/hyperrectangle_6717.vnnlib,FALSIFIED,0.32490128092467785,1.042546479,vnncomp2026
234,onnx/ruarobot/perturbations_0.onnx,vnnlib/ruarobot/hyperrectangle_4863.vnnlib,FALSIFIED,0.25518676824867725,1.044276085,vnncomp2026
235,onnx/medical/perturbations_0.onnx,vnnlib/medical/hyperrectangle_2682.vnnlib,CERTIFIED,2.6824386827647686,4.580709013,vnncomp2026
236,onnx/ruarobot/perturbations_0.onnx,vnnlib/ruarobot/hyperrectangle_4523.vnnlib,CERTIFIED,0.5247128009796143,2.451163474,vnncomp2026
238,onnx/ruarobot/perturbations_0.onnx,vnnlib/ruarobot/hyperrectangle_2639.vnnlib,FALSIFIED,0.051983341574668884,1.061687096,vnncomp2026
239,onnx/ruarobot/perturbations_0.onnx,vnnlib/ruarobot/hyperrectangle_5499.vnnlib,FALSIFIED,0.046305540949106216,1.007583995,vnncomp2026
240,onnx/ruarobot/perturbations_0.onnx,vnnlib/ruarobot/hyperrectangle_895.vnnlib,CERTIFIED,0.009406713768839836,1.000907771,vnncomp2026
241,onnx/ruarobot/perturbations_0.onnx,vnnlib/ruarobot/hyperrectangle_2227.vnnlib,CERTIFIED,0.6201962381601334,2.389790864,vnncomp2026
242,onnx/medical/perturbations_0.onnx,vnnlib/medical/hyperrectangle_167.vnnlib,CERTIFIED,0.009362848475575447,0.984401508,vnncomp2026
243,onnx/ruarobot/perturbations_0.onnx,vnnlib/ruarobot/hyperrectangle_2618.vnnlib,FALSIFIED,0.06974255666136742,0.06974255666136742,local
244,onnx/ruarobot/perturbations_0.onnx,vnnlib/ruarobot/hyperrectangle_1357.vnnlib,CERTIFIED,0.007496140897274017,1.048977895,vnncomp2026
245,onnx/medical/perturbations_0.onnx,vnnlib/medical/hyperrectangle_965.vnnlib,CERTIFIED,0.28810081258416176,1.094853737,vnncomp2026
246,onnx/ruarobot/perturbations_0.onnx,vnnlib/ruarobot/hyperrectangle_6022.vnnlib,FALSIFIED,0.3509059436619282,1.11450998,vnncomp2026
247,onnx/ruarobot/perturbations_0.onnx,vnnlib/ruarobot/hyperrectangle_3516.vnnlib,CERTIFIED,5.781191200017929,5.781191200017929,local
248,onnx/medical/perturbations_0.onnx,vnnlib/medical/hyperrectangle_816.vnnlib,CERTIFIED,0.00736573152244091,1.001906267,vnncomp2026
249,onnx/ruarobot/perturbations_0.onnx,vnnlib/ruarobot/hyperrectangle_162.vnnlib,FALSIFIED,0.37699542567133904,1.063093574,vnncomp2026
251,onnx/medical/perturbations_0.onnx,vnnlib/medical/hyperrectangle_1112.vnnlib,CERTIFIED,0.4272194057703018,1.095539213,vnncomp2026
252,onnx/medical/perturbations_0.onnx,vnnlib/medical/hyperrectangle_1679.vnnlib,CERTIFIED,0.0079901572316885,0.983551621,vnncomp2026
253,onnx/ruarobot/perturbations_0.onnx,vnnlib/ruarobot/hyperrectangle_6262.vnnlib,FALSIFIED,0.47796965949237347,1.084530544,vnncomp2026
254,onnx/medical/perturbations_0.onnx,vnnlib/medical/hyperrectangle_1147.vnnlib,CERTIFIED,0.00866718776524067,1.010613334,vnncomp2026
256,onnx/ruarobot/perturbations_0.onnx,vnnlib/ruarobot/hyperrectangle_4635.vnnlib,FALSIFIED,0.7074578627943993,1.050754734,vnncomp2026
257,onnx/ruarobot/perturbations_0.onnx,vnnlib/ruarobot/hyperrectangle_1804.vnnlib,FALSIFIED,0.052932899445295334,1.062459408,vnncomp2026
258,onnx/ruarobot/perturbations_0.onnx,vnnlib/ruarobot/hyperrectangle_7527.vnnlib,FALSIFIED,0.06155795231461525,1.057964463,vnncomp2026
259,onnx/ruarobot/perturbations_0.onnx,vnnlib/ruarobot/hyperrectangle_2758.vnnlib,FALSIFIED,12.5321084279567,1.042933902,vnncomp2026
260,onnx/ruarobot/perturbations_0.onnx,vnnlib/ruarobot/hyperrectangle_2717.vnnlib,FALSIFIED,0.0389163251966238,1.04874142,vnncomp2026
261,onnx/ruarobot/perturbations_0.onnx,vnnlib/ruarobot/hyperrectangle_6785.vnnlib,CERTIFIED,4.519453227519989,18.503103199,vnncomp2026
262,onnx/ruarobot/perturbations_0.onnx,vnnlib/ruarobot/hyperrectangle_4476.vnnlib,FALSIFIED,0.03901000879704952,1.066263803,vnncomp2026
263,onnx/medical/perturbations_0.onnx,vnnlib/medical/hyperrectangle_1231.vnnlib,CERTIFIED,0.0075850337743759155,0.979839938,vnncomp2026
264,onnx/medical/perturbations_0.onnx,vnnlib/medical/hyperrectangle_2660.vnnlib,FALSIFIED,0.27161893993616104,1.063210582,vnncomp2026
265,onnx/ruarobot/perturbations_0.onnx,vnnlib/ruarobot/hyperrectangle_3926.vnnlib,CERTIFIED,5.8688557129353285,5.8688557129353285,local
266,onnx/medical/perturbations_0.onnx,vnnlib/medical/hyperrectangle_1102.vnnlib,CERTIFIED,0.007617570459842682,0.999547054,vnncomp2026
267,onnx/ruarobot/perturbations_0.onnx,vnnlib/ruarobot/hyperrectangle_2767.vnnlib,FALSIFIED,0.10687721520662308,1.079637747,vnncomp2026
268,onnx/ruarobot/perturbations_0.onnx,vnnlib/ruarobot/hyperrectangle_2453.vnnlib,FALSIFIED,0.03840368799865246,1.061408739,vnncomp2026
269,onnx/ruarobot/perturbations_0.onnx,vnnlib/ruarobot/hyperrectangle_5349.vnnlib,FALSIFIED,0.1076294332742691,1.127729741,vnncomp2026
270,onnx/medical/perturbations_0.onnx,vnnlib/medical/hyperrectangle_1073.vnnlib,CERTIFIED,0.007605312392115593,1.049334583,vnncomp2026
271,onnx/ruarobot/perturbations_0.onnx,vnnlib/ruarobot/hyperrectangle_7609.vnnlib,FALSIFIED,0.4253393989056349,1.092473645,vnncomp2026
272,onnx/ruarobot/perturbations_0.onnx,vnnlib/ruarobot/hyperrectangle_2548.vnnlib,FALSIFIED,0.27100446075201035,1.167129993,vnncomp2026
273,onnx/medical/perturbations_0.onnx,vnnlib/medical/hyperrectangle_316.vnnlib,FALSIFIED,0.12197665125131607,1.090763432,vnncomp2026
275,onnx/ruarobot/perturbations_0.onnx,vnnlib/ruarobot/hyperrectangle_2232.vnnlib,FALSIFIED,0.4041216969490051,1.072766785,vnncomp2026
276,onnx/medical/perturbations_0.onnx,vnnlib/medical/hyperrectangle_2454.vnnlib,FALSIFIED,0.3193525206297636,1.055401784,vnncomp2026
277,onnx/ruarobot/perturbations_0.onnx,vnnlib/ruarobot/hyperrectangle_4576.vnnlib,CERTIFIED,0.007640782743692398,1.002708078,vnncomp2026
278,onnx/ruarobot/perturbations_0.onnx,vnnlib/ruarobot/hyperrectangle_896.vnnlib,FALSIFIED,0.3793425764888525,1.104151582,vnncomp2026
281,onnx/ruarobot/perturbations_0.onnx,vnnlib/ruarobot/hyperrectangle_1526.vnnlib,FALSIFIED,0.20470276661217213,1.052564095,vnncomp2026
284,onnx/medical/perturbations_0.onnx,vnnlib/medical/hyperrectangle_706.vnnlib,CERTIFIED,0.007512640208005905,0.98413545,vnncomp2026
285,onnx/ruarobot/perturbations_0.onnx,vnnlib/ruarobot/hyperrectangle_98.vnnlib,CERTIFIED,0.158479580655694,1.008999242,vnncomp2026
286,onnx/ruarobot/perturbations_0.onnx,vnnlib/ruarobot/hyperrectangle_7882.vnnlib,FALSIFIED,17.989096876233816,1.066292887,vnncomp2026
287,onnx/ruarobot/perturbations_0.onnx,vnnlib/ruarobot/hyperrectangle_996.vnnlib,FALSIFIED,0.3327141087502241,1.095633581,vnncomp2026
288,onnx/ruarobot/perturbations_0.onnx,vnnlib/ruarobot/hyperrectangle_7408.vnnlib,CERTIFIED,0.8532442469149828,2.955500442,vnncomp2026
289,onnx/medical/perturbations_0.onnx,vnnlib/medical/hyperrectangle_1886.vnnlib,CERTIFIED,8.911265237256885,8.911265237256885,local
290,onnx/ruarobot/perturbations_0.onnx,vnnlib/ruarobot/hyperrectangle_5858.vnnlib,FALSIFIED,0.8117600083351135,1.06718617,vnncomp2026
291,onnx/ruarobot/perturbations_0.onnx,vnnlib/ruarobot/hyperrectangle_3935.vnnlib,FALSIFIED,0.2505663689225912,1.105163408,vnncomp2026
292,onnx/ruarobot/perturbations_0.onnx,vnnlib/ruarobot/hyperrectangle_406.vnnlib,FALSIFIED,1.831591822206974,1.038674777,vnncomp2026
293,onnx/ruarobot/perturbations_0.onnx,vnnlib/ruarobot/hyperrectangle_215.vnnlib,FALSIFIED,0.2946891561150551,1.040246211,vnncomp2026
294,onnx/ruarobot/perturbations_0.onnx,vnnlib/ruarobot/hyperrectangle_186.vnnlib,CERTIFIED,2.3185875862836838,9.195344838,vnncomp2026
295,onnx/ruarobot/perturbations_0.onnx,vnnlib/ruarobot/hyperrectangle_4212.vnnlib,FALSIFIED,0.245303088799119,0.245303088799119,local
297,onnx/ruarobot/perturbations_0.onnx,vnnlib/ruarobot/hyperrectangle_1.vnnlib,FALSIFIED,0.2082820124924183,0.2082820124924183,local
300,onnx/ruarobot/perturbations_0.onnx,vnnlib/ruarobot/hyperrectangle_451.vnnlib,FALSIFIED,0.21634374372661114,1.160445925,vnncomp2026
301,onnx/medical/perturbations_0.onnx,vnnlib/medical/hyperrectangle_1815.vnnlib,CERTIFIED,0.007161321118474007,1.006536464,vnncomp2026
302,onnx/medical/perturbations_0.onnx,vnnlib/medical/hyperrectangle_281.vnnlib,CERTIFIED,0.007432073354721069,0.993392152,vnncomp2026
303,onnx/ruarobot/perturbations_0.onnx,vnnlib/ruarobot/hyperrectangle_4199.vnnlib,FALSIFIED,0.3946398515254259,1.061139033,vnncomp2026
304,onnx/ruarobot/perturbations_0.onnx,vnnlib/ruarobot/hyperrectangle_5452.vnnlib,FALSIFIED,0.2913776747882366,1.073654959,vnncomp2026
305,onnx/medical/perturbations_0.onnx,vnnlib/medical/hyperrectangle_1621.vnnlib,CERTIFIED,0.5570721793919802,1.163698306,vnncomp2026
308,onnx/ruarobot/perturbations_0.onnx,vnnlib/ruarobot/hyperrectangle_1595.vnnlib,FALSIFIED,0.16629919223487377,1.093324043,vnncomp2026
309,onnx/ruarobot/perturbations_0.onnx,vnnlib/ruarobot/hyperrectangle_3225.vnnlib,FALSIFIED,0.3625366147607565,0.3625366147607565,local
310,onnx/ruarobot/perturbations_0.onnx,vnnlib/ruarobot/hyperrectangle_2228.vnnlib,FALSIFIED,0.5699293669313192,1.048410226,vnncomp2026
311,onnx/ruarobot/perturbations_0.onnx,vnnlib/ruarobot/hyperrectangle_596.vnnlib,FALSIFIED,0.44111184030771255,0.44111184030771255,local
312,onnx/medical/perturbations_0.onnx,vnnlib/medical/hyperrectangle_919.vnnlib,FALSIFIED,0.09606189839541912,0.09606189839541912,local
313,onnx/ruarobot/perturbations_0.onnx,vnnlib/ruarobot/hyperrectangle_925.vnnlib,FALSIFIED,0.04340575076639652,1.043754151,vnncomp2026
316,onnx/ruarobot/perturbations_0.onnx,vnnlib/ruarobot/hyperrectangle_3361.vnnlib,FALSIFIED,1.3934769481420517,1.074701136,vnncomp2026
317,onnx/medical/perturbations_0.onnx,vnnlib/medical/hyperrectangle_1115.vnnlib,CERTIFIED,0.2812288776040077,1.273956219,vnncomp2026
319,onnx/ruarobot/perturbations_0.onnx,vnnlib/ruarobot/hyperrectangle_6862.vnnlib,FALSIFIED,0.4250838253647089,1.06731456,vnncomp2026
320,onnx/medical/perturbations_0.onnx,vnnlib/medical/hyperrectangle_2649.vnnlib,CERTIFIED,0.007430355995893478,1.003004792,vnncomp2026
321,onnx/ruarobot/perturbations_0.onnx,vnnlib/ruarobot/hyperrectangle_7136.vnnlib,FALSIFIED,0.05267860181629658,1.04644051,vnncomp2026
322,onnx/ruarobot/perturbations_0.onnx,vnnlib/ruarobot/hyperrectangle_5036.vnnlib,FALSIFIED,0.04940880089998245,1.071480316,vnncomp2026
323,onnx/ruarobot/perturbations_0.onnx,vnnlib/ruarobot/hyperrectangle_5020.vnnlib,FALSIFIED,9.106380745768547,1.568545678,vnncomp2026
324,onnx/ruarobot/perturbations_0.onnx,vnnlib/ruarobot/hyperrectangle_5912.vnnlib,FALSIFIED,11.94605384580791,1.119265543,vnncomp2026
325,onnx/ruarobot/perturbations_0.onnx,vnnlib/ruarobot/hyperrectangle_6116.vnnlib,FALSIFIED,0.38575192727148533,1.043848787,vnncomp2026
326,onnx/medical/perturbations_0.onnx,vnnlib/medical/hyperrectangle_1390.vnnlib,CERTIFIED,16.157637098804116,16.157637098804116,local
327,onnx/ruarobot/perturbations_0.onnx,vnnlib/ruarobot/hyperrectangle_2616.vnnlib,FALSIFIED,10.938191272318363,1.229578734,vnncomp2026
328,onnx/ruarobot/perturbations_0.onnx,vnnlib/ruarobot/hyperrectangle_2253.vnnlib,FALSIFIED,0.13243309780955315,1.026507164,vnncomp2026
329,onnx/ruarobot/perturbations_0.onnx,vnnlib/ruarobot/hyperrectangle_1835.vnnlib,CERTIFIED,12.482001351192594,12.482001351192594,local
332,onnx/ruarobot/perturbations_0.onnx,vnnlib/ruarobot/hyperrectangle_3872.vnnlib,FALSIFIED,0.07382084801793098,1.075878693,vnncomp2026
333,onnx/ruarobot/perturbations_0.onnx,vnnlib/ruarobot/hyperrectangle_1058.vnnlib,FALSIFIED,0.687385207042098,0.687385207042098,local
334,onnx/ruarobot/perturbations_0.onnx,vnnlib/ruarobot/hyperrectangle_1362.vnnlib,FALSIFIED,0.042682887986302376,1.066994315,vnncomp2026
335,onnx/ruarobot/perturbations_0.onnx,vnnlib/ruarobot/hyperrectangle_1333.vnnlib,FALSIFIED,0.10144412331283092,1.059703958,vnncomp2026
336,onnx/ruarobot/perturbations_0.onnx,vnnlib/ruarobot/hyperrectangle_4811.vnnlib,FALSIFIED,0.30281516164541245,1.061705954,vnncomp2026
337,onnx/medical/perturbations_0.onnx,vnnlib/medical/hyperrectangle_1299.vnnlib,CERTIFIED,0.00818781927227974,1.015562547,vnncomp2026
339,onnx/medical/perturbations_0.onnx,vnnlib/medical/hyperrectangle_1875.vnnlib,CERTIFIED,0.0063113197684288025,0.993426268,vnncomp2026
341,onnx/medical/perturbations_0.onnx,vnnlib/medical/hyperrectangle_50.vnnlib,FALSIFIED,0.04743172414600849,0.973957653,vnncomp2026
342,onnx/ruarobot/perturbations_0.onnx,vnnlib/ruarobot/hyperrectangle_1607.vnnlib,CERTIFIED,2.7846308387815952,11.701673877,vnncomp2026
345,onnx/ruarobot/perturbations_0.onnx,vnnlib/ruarobot/hyperrectangle_1711.vnnlib,FALSIFIED,0.14156356267631054,1.098812494,vnncomp2026
346,onnx/ruarobot/perturbations_0.onnx,vnnlib/ruarobot/hyperrectangle_3268.vnnlib,FALSIFIED,0.08030980825424194,1.026047151,vnncomp2026
347,onnx/ruarobot/perturbations_0.onnx,vnnlib/ruarobot/hyperrectangle_2770.vnnlib,FALSIFIED,0.10073329322040081,1.044158229,vnncomp2026
348,onnx/ruarobot/perturbations_0.onnx,vnnlib/ruarobot/hyperrectangle_4449.vnnlib,FALSIFIED,0.22184818238019943,1.021039518,vnncomp2026
349,onnx/ruarobot/perturbations_0.onnx,vnnlib/ruarobot/hyperrectangle_5724.vnnlib,FALSIFIED,0.4221717957407236,1.040465865,vnncomp2026
350,onnx/ruarobot/perturbations_0.onnx,vnnlib/ruarobot/hyperrectangle_5720.vnnlib,FALSIFIED,0.040619274601340294,1.130590013,vnncomp2026
351,onnx/ruarobot/perturbations_0.onnx,vnnlib/ruarobot/hyperrectangle_3072.vnnlib,FALSIFIED,0.14384795166552067,1.064072614,vnncomp2026
352,onnx/medical/perturbations_0.onnx,vnnlib/medical/hyperrectangle_1171.vnnlib,CERTIFIED,0.007709071040153503,0.992514442,vnncomp2026
355,onnx/medical/perturbations_0.onnx,vnnlib/medical/hyperrectangle_2773.vnnlib,FALSIFIED,0.042511265724897385,1.020705497,vnncomp2026
356,onnx/medical/perturbations_0.onnx,vnnlib/medical/hyperrectangle_1486.vnnlib,CERTIFIED,0.007459314540028572,1.007095542,vnncomp2026
358,onnx/ruarobot/perturbations_0.onnx,vnnlib/ruarobot/hyperrectangle_4415.vnnlib,CERTIFIED,0.16584755666553974,1.083320492,vnncomp2026
359,onnx/ruarobot/perturbations_0.onnx,vnnlib/ruarobot/hyperrectangle_1887.vnnlib,FALSIFIED,0.30858271941542625,1.097768265,vnncomp2026
361,onnx/medical/perturbations_0.onnx,vnnlib/medical/hyperrectangle_1936.vnnlib,CERTIFIED,0.007110437378287315,1.018146116,vnncomp2026
364,onnx/medical/perturbations_0.onnx,vnnlib/medical/hyperrectangle_2085.vnnlib,FALSIFIED,0.16013177670538425,1.059622556,vnncomp2026
365,onnx/ruarobot/perturbations_0.onnx,vnnlib/ruarobot/hyperrectangle_3147.vnnlib,FALSIFIED,13.09021689556539,1.077138061,vnncomp2026
366,onnx/medical/perturbations_0.onnx,vnnlib/medical/hyperrectangle_2452.vnnlib,CERTIFIED,0.007108379155397415,0.993470653,vnncomp2026
368,onnx/ruarobot/perturbations_0.onnx,vnnlib/ruarobot/hyperrectangle_2943.vnnlib,FALSIFIED,1.8942340835928917,1.046546766,vnncomp2026
369,onnx/medical/perturbations_0.onnx,vnnlib/medical/hyperrectangle_2347.vnnlib,CERTIFIED,0.40026684664189816,1.06366272,vnncomp2026
371,onnx/ruarobot/perturbations_0.onnx,vnnlib/ruarobot/hyperrectangle_3417.vnnlib,CERTIFIED,6.753550928086042,6.753550928086042,local
373,onnx/medical/perturbations_0.onnx,vnnlib/medical/hyperrectangle_757.vnnlib,CERTIFIED,0.007282359525561333,0.988599138,vnncomp2026
374,onnx/ruarobot/perturbations_0.onnx,vnnlib/ruarobot/hyperrectangle_5992.vnnlib,FALSIFIED,0.888946920633316,1.106078165,vnncomp2026
375,onnx/ruarobot/perturbations_0.onnx,vnnlib/ruarobot/hyperrectangle_2379.vnnlib,FALSIFIED,0.2688762526959181,1.048423715,vnncomp2026
376,onnx/medical/perturbations_0.onnx,vnnlib/medical/hyperrectangle_310.vnnlib,CERTIFIED,0.007701912894845009,0.999380487,vnncomp2026
377,onnx/ruarobot/perturbations_0.onnx,vnnlib/ruarobot/hyperrectangle_4345.vnnlib,FALSIFIED,0.20890849642455578,1.038936962,vnncomp2026
378,onnx/ruarobot/perturbations_0.onnx,vnnlib/ruarobot/hyperrectangle_2145.vnnlib,FALSIFIED,0.40522658079862595,1.067193258,vnncomp2026
379,onnx/ruarobot/perturbations_0.onnx,vnnlib/ruarobot/hyperrectangle_3509.vnnlib,FALSIFIED,0.3979353718459606,1.156433064,vnncomp2026
380,onnx/ruarobot/perturbations_0.onnx,vnnlib/ruarobot/hyperrectangle_6209.vnnlib,FALSIFIED,0.25947231985628605,0.25947231985628605,local
381,onnx/ruarobot/perturbations_0.onnx,vnnlib/ruarobot/hyperrectangle_5820.vnnlib,FALSIFIED,0.30108007974922657,1.058564375,vnncomp2026
383,onnx/medical/perturbations_0.onnx,vnnlib/medical/hyperrectangle_1055.vnnlib,CERTIFIED,0.007843364030122757,1.015033373,vnncomp2026
385,onnx/medical/perturbations_0.onnx,vnnlib/medical/hyperrectangle_517.vnnlib,CERTIFIED,0.008074427023530006,0.98509083,vnncomp2026
386,onnx/ruarobot/perturbations_0.onnx,vnnlib/ruarobot/hyperrectangle_2783.vnnlib,FALSIFIED,0.04664747975766659,0.97146756,vnncomp2026
387,onnx/ruarobot/perturbations_0.onnx,vnnlib/ruarobot/hyperrectangle_6739.vnnlib,FALSIFIED,0.0733919870108366,1.060653399,vnncomp2026
388,onnx/ruarobot/perturbations_0.onnx,vnnlib/ruarobot/hyperrectangle_7766.vnnlib,FALSIFIED,0.0751001127064228,1.028093692,vnncomp2026
389,onnx/medical/perturbations_0.onnx,vnnlib/medical/hyperrectangle_1395.vnnlib,CERTIFIED,0.2451100256294012,1.049001153,vnncomp2026
390,onnx/ruarobot/perturbations_0.onnx,vnnlib/ruarobot/hyperrectangle_3587.vnnlib,FALSIFIED,0.04512782022356987,1.082874576,vnncomp2026
391,onnx/ruarobot/perturbations_0.onnx,vnnlib/ruarobot/hyperrectangle_3260.vnnlib,FALSIFIED,0.8554639033973217,1.044742855,vnncomp2026
392,onnx/ruarobot/perturbations_0.onnx,vnnlib/ruarobot/hyperrectangle_1791.vnnlib,FALSIFIED,0.7406326625496149,1.072432544,vnncomp2026
394,onnx/ruarobot/perturbations_0.onnx,vnnlib/ruarobot/hyperrectangle_7241.vnnlib,CERTIFIED,1.1720076017081738,3.850712008,vnncomp2026
395,onnx/medical/perturbations_0.onnx,vnnlib/medical/hyperrectangle_1019.vnnlib,CERTIFIED,0.008005427196621895,0.989609986,vnncomp2026
396,onnx/ruarobot/perturbations_0.onnx,vnnlib/ruarobot/hyperrectangle_1658.vnnlib,FALSIFIED,0.20584647729992867,1.03568411,vnncomp2026
397,onnx/ruarobot/perturbations_0.onnx,vnnlib/ruarobot/hyperrectangle_3008.vnnlib,FALSIFIED,0.12192148342728615,1.075511214,vnncomp2026
401,onnx/ruarobot/perturbations_0.onnx,vnnlib/ruarobot/hyperrectangle_7514.vnnlib,FALSIFIED,0.4661762025207281,1.040444147,vnncomp2026
402,onnx/ruarobot/perturbations_0.onnx,vnnlib/ruarobot/hyperrectangle_3518.vnnlib,CERTIFIED,0.20577134005725384,1.037399218,vnncomp2026
403,onnx/ruarobot/perturbations_0.onnx,vnnlib/ruarobot/hyperrectangle_1192.vnnlib,FALSIFIED,0.3061883542686701,1.068332115,vnncomp2026
405,onnx/ruarobot/perturbations_0.onnx,vnnlib/ruarobot/hyperrectangle_7006.vnnlib,CERTIFIED,0.24740553088486195,1.070162881,vnncomp2026
408,onnx/ruarobot/perturbations_0.onnx,vnnlib/ruarobot/hyperrectangle_5415.vnnlib,FALSIFIED,0.06175481900572777,1.070308232,vnncomp2026
409,onnx/ruarobot/perturbations_0.onnx,vnnlib/ruarobot/hyperrectangle_7819.vnnlib,FALSIFIED,0.39997221902012825,1.055861477,vnncomp2026
410,onnx/ruarobot/perturbations_0.onnx,vnnlib/ruarobot/hyperrectangle_3232.vnnlib,FALSIFIED,0.4183619599789381,1.074566013,vnncomp2026
411,onnx/ruarobot/perturbations_0.onnx,vnnlib/ruarobot/hyperrectangle_5324.vnnlib,FALSIFIED,0.16628063283860683,0.16628063283860683,local
413,onnx/ruarobot/perturbations_0.onnx,vnnlib/ruarobot/hyperrectangle_7744.vnnlib,FALSIFIED,5.964928677305579,1.054942788,vnncomp2026
414,onnx/medical/perturbations_0.onnx,vnnlib/medical/hyperrectangle_1163.vnnlib,FALSIFIED,0.03612108714878559,1.003860583,vnncomp2026
416,onnx/ruarobot/perturbations_0.onnx,vnnlib/ruarobot/hyperrectangle_6140.vnnlib,FALSIFIED,0.5058116670697927,0.5058116670697927,local
417,onnx/ruarobot/perturbations_0.onnx,vnnlib/ruarobot/hyperrectangle_748.vnnlib,CERTIFIED,0.7117331530898809,1.926111377,vnncomp2026
418,onnx/ruarobot/perturbations_0.onnx,vnnlib/ruarobot/hyperrectangle_1458.vnnlib,FALSIFIED,0.04991142079234123,1.080907559,vnncomp2026
421,onnx/medical/perturbations_0.onnx,vnnlib/medical/hyperrectangle_1248.vnnlib,FALSIFIED,0.06480771861970425,1.064137427,vnncomp2026
422,onnx/ruarobot/perturbations_0.onnx,vnnlib/ruarobot/hyperrectangle_918.vnnlib,FALSIFIED,5.920706868171692,1.079890425,vnncomp2026
423,onnx/ruarobot/perturbations_0.onnx,vnnlib/ruarobot/hyperrectangle_1995.vnnlib,FALSIFIED,9.210592608898878,1.109677359,vnncomp2026
424,onnx/ruarobot/perturbations_0.onnx,vnnlib/ruarobot/hyperrectangle_3929.vnnlib,CERTIFIED,0.24580060690641403,1.334932089,vnncomp2026
425,onnx/ruarobot/perturbations_0.onnx,vnnlib/ruarobot/hyperrectangle_6923.vnnlib,FALSIFIED,3.025422789156437,1.038428165,vnncomp2026
426,onnx/ruarobot/perturbations_0.onnx,vnnlib/ruarobot/hyperrectangle_291.vnnlib,FALSIFIED,3.9443055726587772,1.018884196,vnncomp2026
427,onnx/medical/perturbations_0.onnx,vnnlib/medical/hyperrectangle_1624.vnnlib,CERTIFIED,0.3095095790922642,1.102262402,vnncomp2026
428,onnx/ruarobot/perturbations_0.onnx,vnnlib/ruarobot/hyperrectangle_3108.vnnlib,CERTIFIED,0.006605960428714752,0.988275462,vnncomp2026
430,onnx/ruarobot/perturbations_0.onnx,vnnlib/ruarobot/hyperrectangle_4696.vnnlib,CERTIFIED,0.7456127274781466,2.483260776,vnncomp2026
431,onnx/ruarobot/perturbations_0.onnx,vnnlib/ruarobot/hyperrectangle_4559.vnnlib,CERTIFIED,0.6441365033388138,1.678254037,vnncomp2026
432,onnx/ruarobot/perturbations_0.onnx,vnnlib/ruarobot/hyperrectangle_2060.vnnlib,FALSIFIED,0.4911718126386404,1.056107496,vnncomp2026
433,onnx/ruarobot/perturbations_0.onnx,vnnlib/ruarobot/hyperrectangle_1306.vnnlib,FALSIFIED,0.04770749434828758,1.06983794,vnncomp2026
434,onnx/ruarobot/perturbations_0.onnx,vnnlib/ruarobot/hyperrectangle_2247.vnnlib,FALSIFIED,0.12413327395915985,1.088440908,vnncomp2026
435,onnx/ruarobot/perturbations_0.onnx,vnnlib/ruarobot/hyperrectangle_3032.vnnlib,FALSIFIED,0.03614165633916855,1.063404279,vnncomp2026
436,onnx/ruarobot/perturbations_0.onnx,vnnlib/ruarobot/hyperrectangle_4041.vnnlib,FALSIFIED,0.32305920496582985,0.32305920496582985,local
437,onnx/ruarobot/perturbations_0.onnx,vnnlib/ruarobot/hyperrectangle_789.vnnlib,FALSIFIED,0.16408760473132133,0.16408760473132133,local
438,onnx/ruarobot/perturbations_0.onnx,vnnlib/ruarobot/hyperrectangle_4004.vnnlib,CERTIFIED,0.8743755389004946,2.480430088,vnncomp2026
439,onnx/ruarobot/perturbations_0.onnx,vnnlib/ruarobot/hyperrectangle_1892.vnnlib,CERTIFIED,5.535699276253581,15.828959516,vnncomp2026
440,onnx/ruarobot/perturbations_0.onnx,vnnlib/ruarobot/hyperrectangle_3718.vnnlib,FALSIFIED,0.09187149628996849,0.09187149628996849,local
441,onnx/ruarobot/perturbations_0.onnx,vnnlib/ruarobot/hyperrectangle_3580.vnnlib,CERTIFIED,8.240521172061563,8.240521172061563,local
442,onnx/medical/perturbations_0.onnx,vnnlib/medical/hyperrectangle_1445.vnnlib,FALSIFIED,0.43709090538322926,1.063077523,vnncomp2026
443,onnx/ruarobot/perturbations_0.onnx,vnnlib/ruarobot/hyperrectangle_6866.vnnlib,FALSIFIED,0.5538329929113388,0.5538329929113388,local
444,onnx/ruarobot/perturbations_0.onnx,vnnlib/ruarobot/hyperrectangle_4910.vnnlib,FALSIFIED,0.5641284603625536,1.055339993,vnncomp2026
445,onnx/medical/perturbations_0.onnx,vnnlib/medical/hyperrectangle_850.vnnlib,CERTIFIED,0.007281210273504257,0.974577409,vnncomp2026
446,onnx/ruarobot/perturbations_0.onnx,vnnlib/ruarobot/hyperrectangle_3498.vnnlib,FALSIFIED,1.9800249598920345,1.057532635,vnncomp2026
448,onnx/medical/perturbations_0.onnx,vnnlib/medical/hyperrectangle_495.vnnlib,CERTIFIED,0.0071687474846839905,0.993025395,vnncomp2026
449,onnx/ruarobot/perturbations_0.onnx,vnnlib/ruarobot/hyperrectangle_4256.vnnlib,CERTIFIED,2.515279721468687,10.567562478,vnncomp2026
451,onnx/ruarobot/perturbations_0.onnx,vnnlib/ruarobot/hyperrectangle_2427.vnnlib,FALSIFIED,0.35924625024199486,1.087623959,vnncomp2026
453,onnx/ruarobot/perturbations_0.onnx,vnnlib/ruarobot/hyperrectangle_1047.vnnlib,FALSIFIED,0.3911606967449188,1.112878168,vnncomp2026
454,onnx/ruarobot/perturbations_0.onnx,vnnlib/ruarobot/hyperrectangle_305.vnnlib,FALSIFIED,0.1264308076351881,1.006911792,vnncomp2026
455,onnx/medical/perturbations_0.onnx,vnnlib/medical/hyperrectangle_573.vnnlib,FALSIFIED,0.1442591268569231,0.1442591268569231,local
456,onnx/ruarobot/perturbations_0.onnx,vnnlib/ruarobot/hyperrectangle_2737.vnnlib,FALSIFIED,0.5261193960905075,1.075552791,vnncomp2026
457,onnx/ruarobot/perturbations_0.onnx,vnnlib/ruarobot/hyperrectangle_1307.vnnlib,FALSIFIED,0.10832894779741764,1.06085542,vnncomp2026
458,onnx/ruarobot/perturbations_0.onnx,vnnlib/ruarobot/hyperrectangle_3522.vnnlib,FALSIFIED,0.2773098647594452,1.059194245,vnncomp2026
459,onnx/ruarobot/perturbations_0.onnx,vnnlib/ruarobot/hyperrectangle_3207.vnnlib,FALSIFIED,19.38636916130781,1.056380751,vnncomp2026
460,onnx/ruarobot/perturbations_0.onnx,vnnlib/ruarobot/hyperrectangle_1150.vnnlib,FALSIFIED,0.1377134993672371,1.067281799,vnncomp2026
461,onnx/ruarobot/perturbations_0.onnx,vnnlib/ruarobot/hyperrectangle_4758.vnnlib,CERTIFIED,0.6365960482507944,2.058436859,vnncomp2026
462,onnx/medical/perturbations_0.onnx,vnnlib/medical/hyperrectangle_368.vnnlib,CERTIFIED,0.006966104730963707,1.054928048,vnncomp2026
464,onnx/ruarobot/perturbations_0.onnx,vnnlib/ruarobot/hyperrectangle_248.vnnlib,FALSIFIED,0.3270745873451233,1.054456645,vnncomp2026
465,onnx/ruarobot/perturbations_0.onnx,vnnlib/ruarobot/hyperrectangle_245.vnnlib,FALSIFIED,0.1288998108357191,1.063270698,vnncomp2026
466,onnx/medical/perturbations_0.onnx,vnnlib/medical/hyperrectangle_1497.vnnlib,CERTIFIED,0.007205033674836159,1.0017682,vnncomp2026
468,onnx/ruarobot/perturbations_0.onnx,vnnlib/ruarobot/hyperrectangle_2928.vnnlib,FALSIFIED,0.20319752767682076,1.066931274,vnncomp2026
469,onnx/ruarobot/perturbations_0.onnx,vnnlib/ruarobot/hyperrectangle_312.vnnlib,FALSIFIED,0.3659897409379482,1.058891894,vnncomp2026
470,onnx/medical/perturbations_0.onnx,vnnlib/medical/hyperrectangle_2349.vnnlib,CERTIFIED,0.30556277744472027,1.026908433,vnncomp2026
471,onnx/ruarobot/perturbations_0.onnx,vnnlib/ruarobot/hyperrectangle_7242.vnnlib,FALSIFIED,0.09739943034946918,1.061399156,vnncomp2026
472,onnx/ruarobot/perturbations_0.onnx,vnnlib/ruarobot/hyperrectangle_3015.vnnlib,CERTIFIED,5.459934772923589,11.098406939,vnncomp2026
474,onnx/ruarobot/perturbations_0.onnx,vnnlib/ruarobot/hyperrectangle_6873.vnnlib,FALSIFIED,2.231955487281084,1.084985907,vnncomp2026
475,onnx/ruarobot/perturbations_0.onnx,vnnlib/ruarobot/hyperrectangle_5877.vnnlib,FALSIFIED,0.36035658046603203,1.054188883,vnncomp2026
476,onnx/ruarobot/perturbations_0.onnx,vnnlib/ruarobot/hyperrectangle_7238.vnnlib,FALSIFIED,0.05579730123281479,1.047531687,vnncomp2026
479,onnx/medical/perturbations_0.onnx,vnnlib/medical/hyperrectangle_1253.vnnlib,CERTIFIED,0.00670539028942585,0.991010798,vnncomp2026
480,onnx/medical/perturbations_0.onnx,vnnlib/medical/hyperrectangle_2698.vnnlib,CERTIFIED,1.3035714533179998,3.684493362,vnncomp2026
481,onnx/ruarobot/perturbations_0.onnx,vnnlib/ruarobot/hyperrectangle_230.vnnlib,FALSIFIED,0.41285001672804356,1.058215924,vnncomp2026
482,onnx/medical/perturbations_0.onnx,vnnlib/medical/hyperrectangle_1353.vnnlib,CERTIFIED,0.007163411006331444,1.000818283,vnncomp2026
483,onnx/ruarobot/perturbations_0.onnx,vnnlib/ruarobot/hyperrectangle_578.vnnlib,FALSIFIED,0.3669374641031027,1.048571556,vnncomp2026
484,onnx/medical/perturbations_0.onnx,vnnlib/medical/hyperrectangle_350.vnnlib,FALSIFIED,2.8620827719569206,1.054532055,vnncomp2026
485,onnx/medical/perturbations_0.onnx,vnnlib/medical/hyperrectangle_2708.vnnlib,FALSIFIED,0.4973334986716509,1.074022308,vnncomp2026
488,onnx/medical/perturbations_0.onnx,vnnlib/medical/hyperrectangle_157.vnnlib,CERTIFIED,0.007345020771026611,0.976855233,vnncomp2026
490,onnx/ruarobot/perturbations_0.onnx,vnnlib/ruarobot/hyperrectangle_5670.vnnlib,FALSIFIED,0.04465113952755928,0.04465113952755928,local
491,onnx/ruarobot/perturbations_0.onnx,vnnlib/ruarobot/hyperrectangle_2344.vnnlib,FALSIFIED,0.1837661899626255,1.055348267,vnncomp2026
492,onnx/ruarobot/perturbations_0.onnx,vnnlib/ruarobot/hyperrectangle_1134.vnnlib,FALSIFIED,0.7446404881775379,1.100843389,vnncomp2026
493,onnx/ruarobot/perturbations_0.onnx,vnnlib/ruarobot/hyperrectangle_4803.vnnlib,FALSIFIED,0.4721213523298502,1.089889903,vnncomp2026
494,onnx/medical/perturbations_0.onnx,vnnlib/medical/hyperrectangle_2763.vnnlib,CERTIFIED,0.00665801577270031,1.02401836,vnncomp2026
495,onnx/ruarobot/perturbations_0.onnx,vnnlib/ruarobot/hyperrectangle_6221.vnnlib,FALSIFIED,0.27977612614631653,1.05949731,vnncomp2026
496,onnx/ruarobot/perturbations_0.onnx,vnnlib/ruarobot/hyperrectangle_1173.vnnlib,FALSIFIED,2.2942372299730778,1.034619461,vnncomp2026
497,onnx/ruarobot/perturbations_0.onnx,vnnlib/ruarobot/hyperrectangle_3095.vnnlib,CERTIFIED,0.18297548778355122,1.071509072,vnncomp2026
498,onnx/ruarobot/perturbations_0.onnx,vnnlib/ruarobot/hyperrectangle_3566.vnnlib,CERTIFIED,0.007891131564974785,0.993554248,vnncomp2026
499,onnx/ruarobot/perturbations_0.onnx,vnnlib/ruarobot/hyperrectangle_7689.vnnlib,FALSIFIED,0.3375876322388649,1.051187147,vnncomp2026
500,onnx/ruarobot/perturbations_0.onnx,vnnlib/ruarobot/hyperrectangle_2348.vnnlib,FALSIFIED,0.05527641624212265,1.046417387,vnncomp2026
502,onnx/ruarobot/perturbations_0.onnx,vnnlib/ruarobot/hyperrectangle_4360.vnnlib,FALSIFIED,0.06933378987014294,1.041725678,vnncomp2026
504,onnx/ruarobot/perturbations_0.onnx,vnnlib/ruarobot/hyperrectangle_1626.vnnlib,FALSIFIED,0.3349450845271349,1.092527152,vnncomp2026
505,onnx/medical/perturbations_0.onnx,vnnlib/medical/hyperrectangle_2390.vnnlib,FALSIFIED,2.466438766568899,1.264187442,vnncomp2026
506,onnx/medical/perturbations_0.onnx,vnnlib/medical/hyperrectangle_1673.vnnlib,CERTIFIED,0.007252061739563942,0.98184245,vnncomp2026
508,onnx/ruarobot/perturbations_0.onnx,vnnlib/ruarobot/hyperrectangle_7258.vnnlib,FALSIFIED,0.14122048020362854,1.059020663,vnncomp2026
509,onnx/medical/perturbations_0.onnx,vnnlib/medical/hyperrectangle_1726.vnnlib,CERTIFIED,0.00752658024430275,1.041486302,vnncomp2026
510,onnx/ruarobot/perturbations_0.onnx,vnnlib/ruarobot/hyperrectangle_2406.vnnlib,FALSIFIED,0.25562563724815845,1.109995031,vnncomp2026
511,onnx/ruarobot/perturbations_0.onnx,vnnlib/ruarobot/hyperrectangle_953.vnnlib,FALSIFIED,2.7917320858687162,2.7917320858687162,local
512,onnx/medical/perturbations_0.onnx,vnnlib/medical/hyperrectangle_145.vnnlib,CERTIFIED,17.788649136200547,17.788649136200547,local
513,onnx/ruarobot/perturbations_0.onnx,vnnlib/ruarobot/hyperrectangle_787.vnnlib,FALSIFIED,0.335158271715045,1.060028133,vnncomp2026
514,onnx/ruarobot/perturbations_0.onnx,vnnlib/ruarobot/hyperrectangle_885.vnnlib,CERTIFIED,0.007435442879796028,1.003132313,vnncomp2026
517,onnx/ruarobot/perturbations_0.onnx,vnnlib/ruarobot/hyperrectangle_6650.vnnlib,FALSIFIED,0.1277087889611721,1.12665678,vnncomp2026
518,onnx/ruarobot/perturbations_0.onnx,vnnlib/ruarobot/hyperrectangle_22.vnnlib,FALSIFIED,2.835164977237582,1.060394068,vnncomp2026
519,onnx/medical/perturbations_0.onnx,vnnlib/medical/hyperrectangle_292.vnnlib,CERTIFIED,0.00724211148917675,0.988262528,vnncomp2026
520,onnx/ruarobot/perturbations_0.onnx,vnnlib/ruarobot/hyperrectangle_2673.vnnlib,FALSIFIED,0.32865090668201447,1.081965135,vnncomp2026
521,onnx/medical/perturbations_0.onnx,vnnlib/medical/hyperrectangle_1407.vnnlib,CERTIFIED,0.007153430953621864,0.995864844,vnncomp2026
524,onnx/medical/perturbations_0.onnx,vnnlib/medical/hyperrectangle_1764.vnnlib,CERTIFIED,0.4095040298998356,1.570718825,vnncomp2026
525,onnx/ruarobot/perturbations_0.onnx,vnnlib/ruarobot/hyperrectangle_4316.vnnlib,FALSIFIED,0.7055785544216633,1.072864262,vnncomp2026
527,onnx/ruarobot/perturbations_0.onnx,vnnlib/ruarobot/hyperrectangle_1737.vnnlib,CERTIFIED,0.010494735091924667,0.978166115,vnncomp2026
530,onnx/ruarobot/perturbations_0.onnx,vnnlib/ruarobot/hyperrectangle_4933.vnnlib,FALSIFIED,5.672115318477154,1.068961538,vnncomp2026
532,onnx/ruarobot/perturbations_0.onnx,vnnlib/ruarobot/hyperrectangle_3039.vnnlib,FALSIFIED,0.3996222037822008,1.088554596,vnncomp2026
534,onnx/medical/perturbations_0.onnx,vnnlib/medical/hyperrectangle_1547.vnnlib,CERTIFIED,0.4367765933275223,1.169303826,vnncomp2026
536,onnx/ruarobot/perturbations_0.onnx,vnnlib/ruarobot/hyperrectangle_6853.vnnlib,FALSIFIED,0.25293723680078983,1.053605815,vnncomp2026
537,onnx/ruarobot/perturbations_0.onnx,vnnlib/ruarobot/hyperrectangle_7620.vnnlib,FALSIFIED,0.045537663623690605,1.069153334,vnncomp2026
539,onnx/ruarobot/perturbations_0.onnx,vnnlib/ruarobot/hyperrectangle_7014.vnnlib,FALSIFIED,0.10491376928985119,1.125265771,vnncomp2026
540,onnx/medical/perturbations_0.onnx,vnnlib/medical/hyperrectangle_1157.vnnlib,CERTIFIED,1.4289159458130598,2.424091906,vnncomp2026
541,onnx/medical/perturbations_0.onnx,vnnlib/medical/hyperrectangle_1538.vnnlib,CERTIFIED,0.008372709155082703,0.998900544,vnncomp2026
542,onnx/ruarobot/perturbations_0.onnx,vnnlib/ruarobot/hyperrectangle_5306.vnnlib,FALSIFIED,2.675555966794491,1.06613635,vnncomp2026
547,onnx/ruarobot/perturbations_0.onnx,vnnlib/ruarobot/hyperrectangle_1371.vnnlib,FALSIFIED,0.7589569464325905,1.047342499,vnncomp2026
548,onnx/medical/perturbations_0.onnx,vnnlib/medical/hyperrectangle_1530.vnnlib,CERTIFIED,0.006774118170142174,0.999773812,vnncomp2026
549,onnx/medical/perturbations_0.onnx,vnnlib/medical/hyperrectangle_1433.vnnlib,CERTIFIED,0.007480582222342491,0.978814289,vnncomp2026
550,onnx/ruarobot/perturbations_0.onnx,vnnlib/ruarobot/hyperrectangle_4729.vnnlib,FALSIFIED,1.359872441738844,1.111264387,vnncomp2026
553,onnx/ruarobot/perturbations_0.onnx,vnnlib/ruarobot/hyperrectangle_5946.vnnlib,CERTIFIED,0.008215336129069328,0.985635035,vnncomp2026
554,onnx/ruarobot/perturbations_0.onnx,vnnlib/ruarobot/hyperrectangle_817.vnnlib,FALSIFIED,0.10390733554959297,1.075348224,vnncomp2026
555,onnx/medical/perturbations_0.onnx,vnnlib/medical/hyperrectangle_735.vnnlib,FALSIFIED,0.4636794328689575,0.4636794328689575,local
556,onnx/ruarobot/perturbations_0.onnx,vnnlib/ruarobot/hyperrectangle_915.vnnlib,FALSIFIED,0.09623110853135586,1.06873055,vnncomp2026
557,onnx/ruarobot/perturbations_0.onnx,vnnlib/ruarobot/hyperrectangle_5021.vnnlib,FALSIFIED,0.035220563411712646,1.058414594,vnncomp2026
558,onnx/medical/perturbations_0.onnx,vnnlib/medical/hyperrectangle_2258.vnnlib,CERTIFIED,0.33612499944865704,1.105370784,vnncomp2026
559,onnx/ruarobot/perturbations_0.onnx,vnnlib/ruarobot/hyperrectangle_6028.vnnlib,CERTIFIED,0.08783391863107681,1.081740187,vnncomp2026
561,onnx/ruarobot/perturbations_0.onnx,vnnlib/ruarobot/hyperrectangle_5814.vnnlib,FALSIFIED,0.038605304434895515,1.0674615,vnncomp2026
562,onnx/ruarobot/perturbations_0.onnx,vnnlib/ruarobot/hyperrectangle_676.vnnlib,CERTIFIED,0.49379497580230236,1.56452758,vnncomp2026
563,onnx/ruarobot/perturbations_0.onnx,vnnlib/ruarobot/hyperrectangle_4083.vnnlib,FALSIFIED,0.43241171166300774,1.04653389,vnncomp2026
564,onnx/ruarobot/perturbations_0.onnx,vnnlib/ruarobot/hyperrectangle_4357.vnnlib,CERTIFIED,0.33964942395687103,1.732814221,vnncomp2026
565,onnx/ruarobot/perturbations_0.onnx,vnnlib/ruarobot/hyperrectangle_6636.vnnlib,FALSIFIED,0.04578113555908203,1.056973105,vnncomp2026
566,onnx/ruarobot/perturbations_0.onnx,vnnlib/ruarobot/hyperrectangle_2054.vnnlib,FALSIFIED,0.3109009191393852,1.089762214,vnncomp2026
567,onnx/ruarobot/perturbations_0.onnx,vnnlib/ruarobot/hyperrectangle_4192.vnnlib,FALSIFIED,0.2953782919794321,1.062639746,vnncomp2026
568,onnx/ruarobot/perturbations_0.onnx,vnnlib/ruarobot/hyperrectangle_1381.vnnlib,FALSIFIED,0.10227470844984055,0.10227470844984055,local
569,onnx/medical/perturbations_0.onnx,vnnlib/medical/hyperrectangle_675.vnnlib,FALSIFIED,0.09477022662758827,1.059356777,vnncomp2026
570,onnx/medical/perturbations_0.onnx,vnnlib/medical/hyperrectangle_1770.vnnlib,CERTIFIED,0.007109381258487701,0.984509304,vnncomp2026
572,onnx/ruarobot/perturbations_0.onnx,vnnlib/ruarobot/hyperrectangle_1992.vnnlib,CERTIFIED,0.8318843357264996,1.967969122,vnncomp2026
574,onnx/ruarobot/perturbations_0.onnx,vnnlib/ruarobot/hyperrectangle_5357.vnnlib,FALSIFIED,0.09799251146614552,1.050484366,vnncomp2026
575,onnx/medical/perturbations_0.onnx,vnnlib/medical/hyperrectangle_2823.vnnlib,CERTIFIED,0.7547766286879778,1.029725364,vnncomp2026
576,onnx/ruarobot/perturbations_0.onnx,vnnlib/ruarobot/hyperrectangle_129.vnnlib,FALSIFIED,0.04610187001526356,1.064480555,vnncomp2026
578,onnx/ruarobot/perturbations_0.onnx,vnnlib/ruarobot/hyperrectangle_600.vnnlib,CERTIFIED,0.20603435672819614,1.308185773,vnncomp2026
579,onnx/medical/perturbations_0.onnx,vnnlib/medical/hyperrectangle_2088.vnnlib,FALSIFIED,2.3001950308680534,1.059033369,vnncomp2026
580,onnx/ruarobot/perturbations_0.onnx,vnnlib/ruarobot/hyperrectangle_3781.vnnlib,CERTIFIED,5.02091982960701,14.96800058,vnncomp2026
581,onnx/medical/perturbations_0.onnx,vnnlib/medical/hyperrectangle_1100.vnnlib,FALSIFIED,0.33394181728363037,1.068272364,vnncomp2026
582,onnx/ruarobot/perturbations_0.onnx,vnnlib/ruarobot/hyperrectangle_1252.vnnlib,FALSIFIED,1.5552998967468739,1.064207944,vnncomp2026
585,onnx/medical/perturbations_0.onnx,vnnlib/medical/hyperrectangle_975.vnnlib,CERTIFIED,0.39894966408610344,1.163000255,vnncomp2026
586,onnx/medical/perturbations_0.onnx,vnnlib/medical/hyperrectangle_266.vnnlib,CERTIFIED,0.31074583902955055,1.06597328,vnncomp2026
587,onnx/medical/perturbations_0.onnx,vnnlib/medical/hyperrectangle_2066.vnnlib,FALSIFIED,0.06754187121987343,1.069147636,vnncomp2026
588,onnx/ruarobot/perturbations_0.onnx,vnnlib/ruarobot/hyperrectangle_680.vnnlib,FALSIFIED,0.1276541780680418,1.083372863,vnncomp2026
590,onnx/ruarobot/perturbations_0.onnx,vnnlib/ruarobot/hyperrectangle_6567.vnnlib,FALSIFIED,0.09673295356333256,1.096784288,vnncomp2026
591,onnx/ruarobot/perturbations_0.onnx,vnnlib/ruarobot/hyperrectangle_7641.vnnlib,FALSIFIED,0.034085219725966454,1.049932552,vnncomp2026
592,onnx/ruarobot/perturbations_0.onnx,vnnlib/ruarobot/hyperrectangle_4451.vnnlib,CERTIFIED,0.6941878963261843,2.618300189,vnncomp2026
593,onnx/medical/perturbations_0.onnx,vnnlib/medical/hyperrectangle_570.vnnlib,FALSIFIED,0.06555862911045551,1.109708787,vnncomp2026
594,onnx/ruarobot/perturbations_0.onnx,vnnlib/ruarobot/hyperrectangle_6688.vnnlib,FALSIFIED,0.3735616747289896,1.049041471,vnncomp2026
595,onnx/ruarobot/perturbations_0.onnx,vnnlib/ruarobot/hyperrectangle_6324.vnnlib,FALSIFIED,0.5010517165064812,0.5010517165064812,local
596,onnx/ruarobot/perturbations_0.onnx,vnnlib/ruarobot/hyperrectangle_1227.vnnlib,FALSIFIED,0.03688306361436844,0.03688306361436844,local
598,onnx/ruarobot/perturbations_0.onnx,vnnlib/ruarobot/hyperrectangle_5963.vnnlib,FALSIFIED,0.6349660772830248,1.071051926,vnncomp2026
599,onnx/ruarobot/perturbations_0.onnx,vnnlib/ruarobot/hyperrectangle_6020.vnnlib,FALSIFIED,0.5927316192537546,1.077500956,vnncomp2026
603,onnx/ruarobot/perturbations_0.onnx,vnnlib/ruarobot/hyperrectangle_5715.vnnlib,FALSIFIED,0.2515114564448595,1.498867107,vnncomp2026
604,onnx/ruarobot/perturbations_0.onnx,vnnlib/ruarobot/hyperrectangle_4515.vnnlib,FALSIFIED,1.2410209067165852,1.50498018,vnncomp2026
605,onnx/ruarobot/perturbations_0.onnx,vnnlib/ruarobot/hyperrectangle_5092.vnnlib,FALSIFIED,0.3732692990452051,1.536109206,vnncomp2026
607,onnx/ruarobot/perturbations_0.onnx,vnnlib/ruarobot/hyperrectangle_1366.vnnlib,CERTIFIED,8.139009082689881,8.139009082689881,local
608,onnx/ruarobot/perturbations_0.onnx,vnnlib/ruarobot/hyperrectangle_5409.vnnlib,CERTIFIED,8.59609704464674,8.59609704464674,local
610,onnx/medical/perturbations_0.onnx,vnnlib/medical/hyperrectangle_2222.vnnlib,FALSIFIED,0.9193845167756081,1.5687459,vnncomp2026
611,onnx/ruarobot/perturbations_0.onnx,vnnlib/ruarobot/hyperrectangle_2953.vnnlib,FALSIFIED,11.692108979448676,1.498726014,vnncomp2026
612,onnx/ruarobot/perturbations_0.onnx,vnnlib/ruarobot/hyperrectangle_3484.vnnlib,FALSIFIED,0.2910746932029724,1.525881837,vnncomp2026
613,onnx/ruarobot/perturbations_0.onnx,vnnlib/ruarobot/hyperrectangle_6190.vnnlib,FALSIFIED,0.06889171712100506,1.463893121,vnncomp2026
614,onnx/ruarobot/perturbations_0.onnx,vnnlib/ruarobot/hyperrectangle_6539.vnnlib,FALSIFIED,0.36701433174312115,1.512812021,vnncomp2026
616,onnx/medical/perturbations_0.onnx,vnnlib/medical/hyperrectangle_1574.vnnlib,CERTIFIED,0.007431177422404289,2.240023786,vnncomp2026
617,onnx/medical/perturbations_0.onnx,vnnlib/medical/hyperrectangle_264.vnnlib,CERTIFIED,0.008230339735746384,1.367829202,vnncomp2026
621,onnx/medical/perturbations_0.onnx,vnnlib/medical/hyperrectangle_2197.vnnlib,CERTIFIED,0.009461445733904839,1.336769304,vnncomp2026
622,onnx/ruarobot/perturbations_0.onnx,vnnlib/ruarobot/hyperrectangle_6204.vnnlib,FALSIFIED,0.1152829211205244,1.54843988,vnncomp2026
623,onnx/medical/perturbations_0.onnx,vnnlib/medical/hyperrectangle_184.vnnlib,CERTIFIED,0.007538940757513046,1.394379671,vnncomp2026
624,onnx/medical/perturbations_0.onnx,vnnlib/medical/hyperrectangle_1280.vnnlib,CERTIFIED,0.007796814665198326,1.819142053,vnncomp2026
625,onnx/ruarobot/perturbations_0.onnx,vnnlib/ruarobot/hyperrectangle_1369.vnnlib,FALSIFIED,0.3326730038970709,1.481403402,vnncomp2026
628,onnx/ruarobot/perturbations_0.onnx,vnnlib/ruarobot/hyperrectangle_4495.vnnlib,FALSIFIED,0.03732196427881718,1.337464946,vnncomp2026
629,onnx/ruarobot/perturbations_0.onnx,vnnlib/ruarobot/hyperrectangle_5332.vnnlib,FALSIFIED,0.5502906087785959,1.452147276,vnncomp2026
630,onnx/medical/perturbations_0.onnx,vnnlib/medical/hyperrectangle_719.vnnlib,CERTIFIED,0.4190089423209429,2.709293459,vnncomp2026
631,onnx/medical/perturbations_0.onnx,vnnlib/medical/hyperrectangle_372.vnnlib,CERTIFIED,0.006513463333249092,1.320993906,vnncomp2026
633,onnx/ruarobot/perturbations_0.onnx,vnnlib/ruarobot/hyperrectangle_1086.vnnlib,FALSIFIED,1.6399211008101702,1.445355192,vnncomp2026
635,onnx/ruarobot/perturbations_0.onnx,vnnlib/ruarobot/hyperrectangle_2721.vnnlib,FALSIFIED,0.10636775009334087,1.53242204,vnncomp2026
636,onnx/ruarobot/perturbations_0.onnx,vnnlib/ruarobot/hyperrectangle_756.vnnlib,FALSIFIED,0.3319940399378538,1.528138279,vnncomp2026
637,onnx/medical/perturbations_0.onnx,vnnlib/medical/hyperrectangle_692.vnnlib,FALSIFIED,0.0360815804451704,1.509772805,vnncomp2026
638,onnx/ruarobot/perturbations_0.onnx,vnnlib/ruarobot/hyperrectangle_4225.vnnlib,CERTIFIED,0.8825528305023909,7.023559032,vnncomp2026
639,onnx/medical/perturbations_0.onnx,vnnlib/medical/hyperrectangle_1693.vnnlib,CERTIFIED,0.0068715643137693405,1.345433541,vnncomp2026
641,onnx/ruarobot/perturbations_0.onnx,vnnlib/ruarobot/hyperrectangle_3365.vnnlib,FALSIFIED,3.276083393022418,1.538684505,vnncomp2026
642,onnx/medical/perturbations_0.onnx,vnnlib/medical/hyperrectangle_2584.vnnlib,FALSIFIED,0.04272844456136227,0.04272844456136227,local
643,onnx/ruarobot/perturbations_0.onnx,vnnlib/ruarobot/hyperrectangle_2553.vnnlib,FALSIFIED,0.336353724822402,1.579758333,vnncomp2026
645,onnx/ruarobot/perturbations_0.onnx,vnnlib/ruarobot/hyperrectangle_5425.vnnlib,FALSIFIED,0.18517040461301804,1.484667107,vnncomp2026
646,onnx/medical/perturbations_0.onnx,vnnlib/medical/hyperrectangle_1369.vnnlib,CERTIFIED,0.007413575425744057,1.344165775,vnncomp2026
647,onnx/ruarobot/perturbations_0.onnx,vnnlib/ruarobot/hyperrectangle_5308.vnnlib,FALSIFIED,6.272232534363866,6.272232534363866,local
648,onnx/ruarobot/perturbations_0.onnx,vnnlib/ruarobot/hyperrectangle_1304.vnnlib,FALSIFIED,2.5678803976625204,2.345587613,vnncomp2026
651,onnx/medical/perturbations_0.onnx,vnnlib/medical/hyperrectangle_1485.vnnlib,CERTIFIED,0.009120345115661621,1.358587502,vnncomp2026
654,onnx/ruarobot/perturbations_0.onnx,vnnlib/ruarobot/hyperrectangle_5606.vnnlib,CERTIFIED,3.0201608035713434,3.0201608035713434,local
656,onnx/medical/perturbations_0.onnx,vnnlib/medical/hyperrectangle_1500.vnnlib,FALSIFIED,2.82194503583014,1.500271957,vnncomp2026
657,onnx/ruarobot/perturbations_0.onnx,vnnlib/ruarobot/hyperrectangle_4379.vnnlib,FALSIFIED,7.166599379852414,1.514594876,vnncomp2026
659,onnx/ruarobot/perturbations_0.onnx,vnnlib/ruarobot/hyperrectangle_3618.vnnlib,FALSIFIED,9.88582956418395,1.575942892,vnncomp2026
660,onnx/ruarobot/perturbations_0.onnx,vnnlib/ruarobot/hyperrectangle_4103.vnnlib,FALSIFIED,0.29996648617088795,0.29996648617088795,local
661,onnx/ruarobot/perturbations_0.onnx,vnnlib/ruarobot/hyperrectangle_1269.vnnlib,FALSIFIED,0.3625005669891834,1.624881953,vnncomp2026
662,onnx/ruarobot/perturbations_0.onnx,vnnlib/ruarobot/hyperrectangle_1100.vnnlib,FALSIFIED,0.17665338516235352,1.509970603,vnncomp2026
663,onnx/ruarobot/perturbations_0.onnx,vnnlib/ruarobot/hyperrectangle_6212.vnnlib,FALSIFIED,13.516398018226027,13.516398018226027,local
665,onnx/ruarobot/perturbations_0.onnx,vnnlib/ruarobot/hyperrectangle_6945.vnnlib,FALSIFIED,1.5169328171759844,1.457820765,vnncomp2026
667,onnx/ruarobot/perturbations_0.onnx,vnnlib/ruarobot/hyperrectangle_1401.vnnlib,FALSIFIED,0.2158024087548256,1.511329023,vnncomp2026
669,onnx/ruarobot/perturbations_0.onnx,vnnlib/ruarobot/hyperrectangle_3849.vnnlib,CERTIFIED,1.6231356374919415,14.101291754,vnncomp2026
670,onnx/ruarobot/perturbations_0.onnx,vnnlib/ruarobot/hyperrectangle_7881.vnnlib,FALSIFIED,0.19099069200456142,1.488829589,vnncomp2026
671,onnx/ruarobot/perturbations_0.onnx,vnnlib/ruarobot/hyperrectangle_7895.vnnlib,FALSIFIED,0.16074484959244728,1.45810646,vnncomp2026
672,onnx/ruarobot/perturbations_0.onnx,vnnlib/ruarobot/hyperrectangle_6788.vnnlib,FALSIFIED,1.925162859261036,1.925162859261036,local
673,onnx/ruarobot/perturbations_0.onnx,vnnlib/ruarobot/hyperrectangle_2177.vnnlib,FALSIFIED,0.22304403968155384,1.471542559,vnncomp2026
674,onnx/ruarobot/perturbations_0.onnx,vnnlib/ruarobot/hyperrectangle_5766.vnnlib,FALSIFIED,14.093953123316169,1.576679009,vnncomp2026
675,onnx/ruarobot/perturbations_0.onnx,vnnlib/ruarobot/hyperrectangle_6036.vnnlib,FALSIFIED,0.677048871293664,0.677048871293664,local
676,onnx/ruarobot/perturbations_0.onnx,vnnlib/ruarobot/hyperrectangle_4343.vnnlib,CERTIFIED,0.3921273276209831,2.514804855,vnncomp2026
677,onnx/ruarobot/perturbations_0.onnx,vnnlib/ruarobot/hyperrectangle_7515.vnnlib,FALSIFIED,0.03814591094851494,1.355067291,vnncomp2026
678,onnx/ruarobot/perturbations_0.onnx,vnnlib/ruarobot/hyperrectangle_2302.vnnlib,FALSIFIED,0.09601988457143307,1.682689854,vnncomp2026
679,onnx/ruarobot/perturbations_0.onnx,vnnlib/ruarobot/hyperrectangle_6812.vnnlib,FALSIFIED,0.04726875387132168,1.65950848,vnncomp2026
680,onnx/ruarobot/perturbations_0.onnx,vnnlib/ruarobot/hyperrectangle_253.vnnlib,FALSIFIED,0.8346642814576626,1.460242141,vnncomp2026
681,onnx/medical/perturbations_0.onnx,vnnlib/medical/hyperrectangle_354.vnnlib,FALSIFIED,0.04334307461977005,1.3452743,vnncomp2026
682,onnx/medical/perturbations_0.onnx,vnnlib/medical/hyperrectangle_2609.vnnlib,CERTIFIED,0.007388344034552574,1.390413465,vnncomp2026
685,onnx/ruarobot/perturbations_0.onnx,vnnlib/ruarobot/hyperrectangle_293.vnnlib,FALSIFIED,0.3763009775429964,1.598012294,vnncomp2026
686,onnx/medical/perturbations_0.onnx,vnnlib/medical/hyperrectangle_1091.vnnlib,CERTIFIED,0.5955689940601587,4.343595212,vnncomp2026
688,onnx/ruarobot/perturbations_0.onnx,vnnlib/ruarobot/hyperrectangle_1481.vnnlib,FALSIFIED,0.21733533963561058,1.741904111,vnncomp2026
689,onnx/medical/perturbations_0.onnx,vnnlib/medical/hyperrectangle_2712.vnnlib,CERTIFIED,0.32024134136736393,1.441116532,vnncomp2026
690,onnx/ruarobot/perturbations_0.onnx,vnnlib/ruarobot/hyperrectangle_2552.vnnlib,FALSIFIED,0.046436360105872154,1.57233904,vnncomp2026
692,onnx/ruarobot/perturbations_0.onnx,vnnlib/ruarobot/hyperrectangle_2992.vnnlib,FALSIFIED,11.93572481162846,1.608307407,vnncomp2026
694,onnx/ruarobot/perturbations_0.onnx,vnnlib/ruarobot/hyperrectangle_3031.vnnlib,CERTIFIED,0.007186343893408775,1.304305143,vnncomp2026
696,onnx/ruarobot/perturbations_0.onnx,vnnlib/ruarobot/hyperrectangle_5852.vnnlib,FALSIFIED,0.4113347474485636,1.549885941,vnncomp2026
697,onnx/ruarobot/perturbations_0.onnx,vnnlib/ruarobot/hyperrectangle_2792.vnnlib,FALSIFIED,0.031400348991155624,1.339186117,vnncomp2026
698,onnx/medical/perturbations_0.onnx,vnnlib/medical/hyperrectangle_2183.vnnlib,CERTIFIED,5.915893949568272,5.915893949568272,local
699,onnx/ruarobot/perturbations_0.onnx,vnnlib/ruarobot/hyperrectangle_791.vnnlib,FALSIFIED,2.1703454926609993,1.490724048,vnncomp2026
700,onnx/ruarobot/perturbations_0.onnx,vnnlib/ruarobot/hyperrectangle_1803.vnnlib,CERTIFIED,0.007017059251666069,1.325811654,vnncomp2026
702,onnx/ruarobot/perturbations_0.onnx,vnnlib/ruarobot/hyperrectangle_194.vnnlib,CERTIFIED,8.031597135588527,8.031597135588527,local
704,onnx/medical/perturbations_0.onnx,vnnlib/medical/hyperrectangle_1943.vnnlib,CERTIFIED,0.007073480635881424,1.305096332,vnncomp2026
706,onnx/ruarobot/perturbations_0.onnx,vnnlib/ruarobot/hyperrectangle_2144.vnnlib,FALSIFIED,0.49116742610931396,0.49116742610931396,local
707,onnx/ruarobot/perturbations_0.onnx,vnnlib/ruarobot/hyperrectangle_2205.vnnlib,FALSIFIED,0.508964179083705,1.52797576,vnncomp2026
709,onnx/ruarobot/perturbations_0.onnx,vnnlib/ruarobot/hyperrectangle_5310.vnnlib,FALSIFIED,1.4758706595748663,1.526725947,vnncomp2026
710,onnx/ruarobot/perturbations_0.onnx,vnnlib/ruarobot/hyperrectangle_4953.vnnlib,CERTIFIED,0.21740499697625637,1.57142045,vnncomp2026
712,onnx/ruarobot/perturbations_0.onnx,vnnlib/ruarobot/hyperrectangle_837.vnnlib,FALSIFIED,0.3119262848049402,1.836593024,vnncomp2026
714,onnx/ruarobot/perturbations_0.onnx,vnnlib/ruarobot/hyperrectangle_2428.vnnlib,FALSIFIED,0.05057595670223236,1.546697644,vnncomp2026
715,onnx/ruarobot/perturbations_0.onnx,vnnlib/ruarobot/hyperrectangle_1474.vnnlib,CERTIFIED,0.2657032757997513,2.078331686,vnncomp2026
716,onnx/ruarobot/perturbations_0.onnx,vnnlib/ruarobot/hyperrectangle_2526.vnnlib,FALSIFIED,0.0793764516711235,1.557565467,vnncomp2026
717,onnx/ruarobot/perturbations_0.onnx,vnnlib/ruarobot/hyperrectangle_3692.vnnlib,FALSIFIED,0.3125045709311962,1.577656961,vnncomp2026
718,onnx/ruarobot/perturbations_0.onnx,vnnlib/ruarobot/hyperrectangle_3443.vnnlib,CERTIFIED,1.105673348531127,12.231035872,vnncomp2026
719,onnx/ruarobot/perturbations_0.onnx,vnnlib/ruarobot/hyperrectangle_6123.vnnlib,FALSIFIED,0.3637745976448059,1.594249693,vnncomp2026
720,onnx/ruarobot/perturbations_0.onnx,vnnlib/ruarobot/hyperrectangle_2896.vnnlib,FALSIFIED,0.19232489727437496,1.438895072,vnncomp2026
721,onnx/ruarobot/perturbations_0.onnx,vnnlib/ruarobot/hyperrectangle_3550.vnnlib,FALSIFIED,0.17065306194126606,1.452044765,vnncomp2026
723,onnx/ruarobot/perturbations_0.onnx,vnnlib/ruarobot/hyperrectangle_7468.vnnlib,CERTIFIED,0.007730523124337196,1.291313129,vnncomp2026
726,onnx/ruarobot/perturbations_0.onnx,vnnlib/ruarobot/hyperrectangle_4234.vnnlib,CERTIFIED,0.3902533482760191,2.17522241,vnncomp2026
727,onnx/ruarobot/perturbations_0.onnx,vnnlib/ruarobot/hyperrectangle_919.vnnlib,FALSIFIED,0.0915413573384285,1.444478544,vnncomp2026
728,onnx/medical/perturbations_0.onnx,vnnlib/medical/hyperrectangle_1690.vnnlib,CERTIFIED,0.8091771733015776,2.641913849,vnncomp2026
729,onnx/ruarobot/perturbations_0.onnx,vnnlib/ruarobot/hyperrectangle_6894.vnnlib,FALSIFIED,8.00233132392168,1.483198834,vnncomp2026
732,onnx/ruarobot/perturbations_0.onnx,vnnlib/ruarobot/hyperrectangle_5727.vnnlib,FALSIFIED,0.050092412158846855,1.548870351,vnncomp2026
733,onnx/ruarobot/perturbations_0.onnx,vnnlib/ruarobot/hyperrectangle_246.vnnlib,FALSIFIED,3.6481720004230738,1.522542562,vnncomp2026
734,onnx/ruarobot/perturbations_0.onnx,vnnlib/ruarobot/hyperrectangle_1494.vnnlib,FALSIFIED,0.37042114324867725,1.508133706,vnncomp2026
735,onnx/ruarobot/perturbations_0.onnx,vnnlib/ruarobot/hyperrectangle_7878.vnnlib,FALSIFIED,0.18862826749682426,1.542052719,vnncomp2026
736,onnx/medical/perturbations_0.onnx,vnnlib/medical/hyperrectangle_1261.vnnlib,CERTIFIED,0.0073339808732271194,1.36161543,vnncomp2026
737,onnx/ruarobot/perturbations_0.onnx,vnnlib/ruarobot/hyperrectangle_5692.vnnlib,FALSIFIED,0.12869637086987495,1.514844205,vnncomp2026
740,onnx/medical/perturbations_0.onnx,vnnlib/medical/hyperrectangle_189.vnnlib,CERTIFIED,0.007328422740101814,1.300539578,vnncomp2026
741,onnx/ruarobot/perturbations_0.onnx,vnnlib/ruarobot/hyperrectangle_7027.vnnlib,FALSIFIED,0.039576707407832146,1.464372201,vnncomp2026
742,onnx/ruarobot/perturbations_0.onnx,vnnlib/ruarobot/hyperrectangle_2887.vnnlib,FALSIFIED,0.5115141365677118,1.594093566,vnncomp2026
743,onnx/ruarobot/perturbations_0.onnx,vnnlib/ruarobot/hyperrectangle_2845.vnnlib,FALSIFIED,0.10303652472794056,1.571080028,vnncomp2026
744,onnx/medical/perturbations_0.onnx,vnnlib/medical/hyperrectangle_1966.vnnlib,CERTIFIED,0.008411863818764687,1.330050191,vnncomp2026
746,onnx/ruarobot/perturbations_0.onnx,vnnlib/ruarobot/hyperrectangle_4921.vnnlib,FALSIFIED,0.10369327664375305,1.468529915,vnncomp2026
747,onnx/ruarobot/perturbations_0.onnx,vnnlib/ruarobot/hyperrectangle_6749.vnnlib,FALSIFIED,0.914020162075758,1.544371178,vnncomp2026
749,onnx/ruarobot/perturbations_0.onnx,vnnlib/ruarobot/hyperrectangle_2573.vnnlib,FALSIFIED,0.24316403828561306,1.486084187,vnncomp2026
750,onnx/ruarobot/perturbations_0.onnx,vnnlib/ruarobot/hyperrectangle_331.vnnlib,FALSIFIED,0.09612610563635826,1.460375135,vnncomp2026
751,onnx/ruarobot/perturbations_0.onnx,vnnlib/ruarobot/hyperrectangle_2948.vnnlib,FALSIFIED,0.16925314627587795,1.526864281,vnncomp2026
752,onnx/ruarobot/perturbations_0.onnx,vnnlib/ruarobot/hyperrectangle_5756.vnnlib,FALSIFIED,0.09171424061059952,0.09171424061059952,local
753,onnx/medical/perturbations_0.onnx,vnnlib/medical/hyperrectangle_769.vnnlib,CERTIFIED,0.0068391840904951096,1.30799329,vnncomp2026
755,onnx/ruarobot/perturbations_0.onnx,vnnlib/ruarobot/hyperrectangle_3670.vnnlib,CERTIFIED,0.007227985188364983,2.018128513,vnncomp2026
758,onnx/ruarobot/perturbations_0.onnx,vnnlib/ruarobot/hyperrectangle_5719.vnnlib,FALSIFIED,0.23916537128388882,1.429956743,vnncomp2026
759,onnx/ruarobot/perturbations_0.onnx,vnnlib/ruarobot/hyperrectangle_1286.vnnlib,FALSIFIED,0.28785168938338757,1.540476245,vnncomp2026
760,onnx/medical/perturbations_0.onnx,vnnlib/medical/hyperrectangle_931.vnnlib,CERTIFIED,0.27242347598075867,1.452171146,vnncomp2026
763,onnx/ruarobot/perturbations_0.onnx,vnnlib/ruarobot/hyperrectangle_7605.vnnlib,FALSIFIED,0.09769675880670547,1.529914186,vnncomp2026
765,onnx/ruarobot/perturbations_0.onnx,vnnlib/ruarobot/hyperrectangle_2712.vnnlib,FALSIFIED,0.36745196767151356,1.470769399,vnncomp2026
767,onnx/ruarobot/perturbations_0.onnx,vnnlib/ruarobot/hyperrectangle_565.vnnlib,FALSIFIED,0.06273551471531391,1.489407433,vnncomp2026
768,onnx/ruarobot/perturbations_0.onnx,vnnlib/ruarobot/hyperrectangle_2538.vnnlib,FALSIFIED,0.04398356191813946,1.520159286,vnncomp2026
769,onnx/ruarobot/perturbations_0.onnx,vnnlib/ruarobot/hyperrectangle_2679.vnnlib,FALSIFIED,0.18185411766171455,1.562123987,vnncomp2026
771,onnx/medical/perturbations_0.onnx,vnnlib/medical/hyperrectangle_1020.vnnlib,CERTIFIED,0.008136527612805367,1.364245948,vnncomp2026
772,onnx/medical/perturbations_0.onnx,vnnlib/medical/hyperrectangle_510.vnnlib,CERTIFIED,0.28258306346833706,1.837052231,vnncomp2026
773,onnx/ruarobot/perturbations_0.onnx,vnnlib/ruarobot/hyperrectangle_5001.vnnlib,CERTIFIED,1.5555086378008127,8.732626514,vnncomp2026
774,onnx/ruarobot/perturbations_0.onnx,vnnlib/ruarobot/hyperrectangle_4320.vnnlib,FALSIFIED,0.2721440549939871,1.53588107,vnncomp2026
775,onnx/ruarobot/perturbations_0.onnx,vnnlib/ruarobot/hyperrectangle_6079.vnnlib,FALSIFIED,1.4390773437917233,1.59671188,vnncomp2026
776,onnx/medical/perturbations_0.onnx,vnnlib/medical/hyperrectangle_1643.vnnlib,CERTIFIED,0.007364777848124504,1.379157568,vnncomp2026
777,onnx/medical/perturbations_0.onnx,vnnlib/medical/hyperrectangle_2589.vnnlib,FALSIFIED,0.428189555183053,1.455534324,vnncomp2026
778,onnx/ruarobot/perturbations_0.onnx,vnnlib/ruarobot/hyperrectangle_5601.vnnlib,FALSIFIED,0.22215185314416885,1.427263156,vnncomp2026
779,onnx/ruarobot/perturbations_0.onnx,vnnlib/ruarobot/hyperrectangle_763.vnnlib,FALSIFIED,0.1983859110623598,1.43918606,vnncomp2026
780,onnx/ruarobot/perturbations_0.onnx,vnnlib/ruarobot/hyperrectangle_7206.vnnlib,FALSIFIED,0.3584920857101679,0.3584920857101679,local
781,onnx/ruarobot/perturbations_0.onnx,vnnlib/ruarobot/hyperrectangle_1098.vnnlib,FALSIFIED,1.4433721993118525,1.510382866,vnncomp2026
782,onnx/ruarobot/perturbations_0.onnx,vnnlib/ruarobot/hyperrectangle_388.vnnlib,FALSIFIED,0.20905844680964947,2.801752617,vnncomp2026
783,onnx/ruarobot/perturbations_0.onnx,vnnlib/ruarobot/hyperrectangle_4604.vnnlib,FALSIFIED,0.2445453591644764,1.461169566,vnncomp2026
784,onnx/medical/perturbations_0.onnx,vnnlib/medical/hyperrectangle_2193.vnnlib,FALSIFIED,0.11918740160763264,1.567047194,vnncomp2026
785,onnx/medical/perturbations_0.onnx,vnnlib/medical/hyperrectangle_2645.vnnlib,CERTIFIED,0.00787646695971489,1.32859584,vnncomp2026
787,onnx/ruarobot/perturbations_0.onnx,vnnlib/ruarobot/hyperrectangle_503.vnnlib,FALSIFIED,0.2790014799684286,1.566495561,vnncomp2026
788,onnx/ruarobot/perturbations_0.onnx,vnnlib/ruarobot/hyperrectangle_3774.vnnlib,FALSIFIED,0.3226429671049118,1.587653337,vnncomp2026
789,onnx/ruarobot/perturbations_0.onnx,vnnlib/ruarobot/hyperrectangle_1276.vnnlib,FALSIFIED,3.8410261031240225,3.8410261031240225,local
790,onnx/ruarobot/perturbations_0.onnx,vnnlib/ruarobot/hyperrectangle_2884.vnnlib,CERTIFIED,0.6861007418483496,6.09697848,vnncomp2026
792,onnx/ruarobot/perturbations_0.onnx,vnnlib/ruarobot/hyperrectangle_3594.vnnlib,CERTIFIED,2.4521724358201027,2.4521724358201027,local
793,onnx/ruarobot/perturbations_0.onnx,vnnlib/ruarobot/hyperrectangle_4584.vnnlib,FALSIFIED,0.09442170336842537,1.554390142,vnncomp2026
794,onnx/ruarobot/perturbations_0.onnx,vnnlib/ruarobot/hyperrectangle_3756.vnnlib,FALSIFIED,0.3668104335665703,1.504479022,vnncomp2026
795,onnx/ruarobot/perturbations_0.onnx,vnnlib/ruarobot/hyperrectangle_4706.vnnlib,FALSIFIED,5.555950431153178,1.507920982,vnncomp2026
797,onnx/medical/perturbations_0.onnx,vnnlib/medical/hyperrectangle_2413.vnnlib,CERTIFIED,0.7937382403761148,7.588163752,vnncomp2026
798,onnx/ruarobot/perturbations_0.onnx,vnnlib/ruarobot/hyperrectangle_814.vnnlib,CERTIFIED,0.4389104824513197,4.559870519,vnncomp2026
800,onnx/ruarobot/perturbations_0.onnx,vnnlib/ruarobot/hyperrectangle_4827.vnnlib,FALSIFIED,0.36818622425198555,0.36818622425198555,local
802,onnx/ruarobot/perturbations_0.onnx,vnnlib/ruarobot/hyperrectangle_2545.vnnlib,FALSIFIED,0.12658853270113468,1.527591196,vnncomp2026
803,onnx/ruarobot/perturbations_0.onnx,vnnlib/ruarobot/hyperrectangle_3056.vnnlib,FALSIFIED,0.24835387617349625,1.523960467,vnncomp2026
804,onnx/ruarobot/perturbations_0.onnx,vnnlib/ruarobot/hyperrectangle_7749.vnnlib,FALSIFIED,0.04121027886867523,1.329357917,vnncomp2026
805,onnx/ruarobot/perturbations_0.onnx,vnnlib/ruarobot/hyperrectangle_4145.vnnlib,CERTIFIED,0.1749939452856779,1.388836729,vnncomp2026
807,onnx/ruarobot/perturbations_0.onnx,vnnlib/ruarobot/hyperrectangle_1207.vnnlib,CERTIFIED,3.154928157106042,3.154928157106042,local
809,onnx/ruarobot/perturbations_0.onnx,vnnlib/ruarobot/hyperrectangle_2910.vnnlib,FALSIFIED,1.008360954001546,1.008360954001546,local
811,onnx/medical/perturbations_0.onnx,vnnlib/medical/hyperrectangle_1692.vnnlib,CERTIFIED,0.007890261709690094,1.372813985,vnncomp2026
814,onnx/ruarobot/perturbations_0.onnx,vnnlib/ruarobot/hyperrectangle_862.vnnlib,CERTIFIED,0.15017826855182648,1.476205613,vnncomp2026
815,onnx/medical/perturbations_0.onnx,vnnlib/medical/hyperrectangle_229.vnnlib,FALSIFIED,0.04128616489470005,1.320942068,vnncomp2026
817,onnx/ruarobot/perturbations_0.onnx,vnnlib/ruarobot/hyperrectangle_3267.vnnlib,FALSIFIED,0.2815612889826298,1.508805441,vnncomp2026
818,onnx/ruarobot/perturbations_0.onnx,vnnlib/ruarobot/hyperrectangle_2532.vnnlib,FALSIFIED,0.1585298478603363,1.437310162,vnncomp2026
819,onnx/ruarobot/perturbations_0.onnx,vnnlib/ruarobot/hyperrectangle_7495.vnnlib,FALSIFIED,7.477644013240933,1.873513433,vnncomp2026
820,onnx/ruarobot/perturbations_0.onnx,vnnlib/ruarobot/hyperrectangle_5159.vnnlib,CERTIFIED,6.373341841623187,6.373341841623187,local
821,onnx/ruarobot/perturbations_0.onnx,vnnlib/ruarobot/hyperrectangle_3471.vnnlib,FALSIFIED,0.24879653193056583,1.493843564,vnncomp2026
822,onnx/ruarobot/perturbations_0.onnx,vnnlib/ruarobot/hyperrectangle_1922.vnnlib,FALSIFIED,0.398963563144207,1.58447904,vnncomp2026
824,onnx/ruarobot/perturbations_0.onnx,vnnlib/ruarobot/hyperrectangle_6631.vnnlib,FALSIFIED,2.5449392963200808,1.55931265,vnncomp2026
825,onnx/ruarobot/perturbations_0.onnx,vnnlib/ruarobot/hyperrectangle_6415.vnnlib,CERTIFIED,0.007194384932518005,1.322219554,vnncomp2026
826,onnx/ruarobot/perturbations_0.onnx,vnnlib/ruarobot/hyperrectangle_2837.vnnlib,FALSIFIED,0.10509347543120384,1.490629929,vnncomp2026
827,onnx/ruarobot/perturbations_0.onnx,vnnlib/ruarobot/hyperrectangle_2048.vnnlib,FALSIFIED,0.04284670203924179,1.622300713,vnncomp2026
828,onnx/ruarobot/perturbations_0.onnx,vnnlib/ruarobot/hyperrectangle_46.vnnlib,FALSIFIED,0.23897523060441017,1.486652298,vnncomp2026
829,onnx/ruarobot/perturbations_0.onnx,vnnlib/ruarobot/hyperrectangle_4709.vnnlib,CERTIFIED,0.007960695773363113,1.309942001,vnncomp2026
832,onnx/medical/perturbations_0.onnx,vnnlib/medical/hyperrectangle_1128.vnnlib,CERTIFIED,0.00736602395772934,2.08209848,vnncomp2026
836,onnx/medical/perturbations_0.onnx,vnnlib/medical/hyperrectangle_1465.vnnlib,CERTIFIED,0.007059652358293533,1.353048042,vnncomp2026
837,onnx/ruarobot/perturbations_0.onnx,vnnlib/ruarobot/hyperrectangle_4897.vnnlib,FALSIFIED,0.2666358780115843,1.437345016,vnncomp2026
838,onnx/ruarobot/perturbations_0.onnx,vnnlib/ruarobot/hyperrectangle_7300.vnnlib,FALSIFIED,0.10273460485041142,1.868494924,vnncomp2026
840,onnx/medical/perturbations_0.onnx,vnnlib/medical/hyperrectangle_466.vnnlib,CERTIFIED,3.8713854644447565,10.562204906,vnncomp2026
841,onnx/ruarobot/perturbations_0.onnx,vnnlib/ruarobot/hyperrectangle_3654.vnnlib,FALSIFIED,0.1761684138327837,1.446825422,vnncomp2026
842,onnx/medical/perturbations_0.onnx,vnnlib/medical/hyperrectangle_1008.vnnlib,FALSIFIED,0.16050583869218826,1.503717824,vnncomp2026
843,onnx/ruarobot/perturbations_0.onnx,vnnlib/ruarobot/hyperrectangle_5431.vnnlib,FALSIFIED,0.036292390897870064,1.514837276,vnncomp2026
844,onnx/ruarobot/perturbations_0.onnx,vnnlib/ruarobot/hyperrectangle_5382.vnnlib,FALSIFIED,4.739371905103326,4.739371905103326,local
845,onnx/ruarobot/perturbations_0.onnx,vnnlib/ruarobot/hyperrectangle_3332.vnnlib,FALSIFIED,0.3278789557516575,1.518140079,vnncomp2026
846,onnx/ruarobot/perturbations_0.onnx,vnnlib/ruarobot/hyperrectangle_6736.vnnlib,CERTIFIED,0.3213609326630831,2.875829679,vnncomp2026
847,onnx/ruarobot/perturbations_0.onnx,vnnlib/ruarobot/hyperrectangle_3286.vnnlib,CERTIFIED,0.007086785510182381,1.291740602,vnncomp2026
849,onnx/medical/perturbations_0.onnx,vnnlib/medical/hyperrectangle_1283.vnnlib,CERTIFIED,0.0064397696405649185,1.33623712,vnncomp2026
850,onnx/medical/perturbations_0.onnx,vnnlib/medical/hyperrectangle_819.vnnlib,CERTIFIED,0.007950061932206154,1.366340392,vnncomp2026
851,onnx/ruarobot/perturbations_0.onnx,vnnlib/ruarobot/hyperrectangle_6494.vnnlib,FALSIFIED,0.40371693298220634,1.558319479,vnncomp2026
853,onnx/ruarobot/perturbations_0.onnx,vnnlib/ruarobot/hyperrectangle_732.vnnlib,CERTIFIED,0.4031999707221985,1.92904938,vnncomp2026
856,onnx/ruarobot/perturbations_0.onnx,vnnlib/ruarobot/hyperrectangle_2257.vnnlib,FALSIFIED,0.0591259952634573,1.523682948,vnncomp2026
857,onnx/ruarobot/perturbations_0.onnx,vnnlib/ruarobot/hyperrectangle_4802.vnnlib,FALSIFIED,0.7260071057826281,1.536191819,vnncomp2026
859,onnx/ruarobot/perturbations_0.onnx,vnnlib/ruarobot/hyperrectangle_3473.vnnlib,FALSIFIED,0.23060431890189648,1.582188354,vnncomp2026
860,onnx/medical/perturbations_0.onnx,vnnlib/medical/hyperrectangle_520.vnnlib,CERTIFIED,0.007075175642967224,1.350579074,vnncomp2026
861,onnx/ruarobot/perturbations_0.onnx,vnnlib/ruarobot/hyperrectangle_5603.vnnlib,FALSIFIED,0.06091662868857384,1.570765364,vnncomp2026
862,onnx/ruarobot/perturbations_0.onnx,vnnlib/ruarobot/hyperrectangle_2049.vnnlib,FALSIFIED,0.09542836807668209,0.09542836807668209,local
863,onnx/ruarobot/perturbations_0.onnx,vnnlib/ruarobot/hyperrectangle_327.vnnlib,FALSIFIED,0.3174376543611288,1.508428161,vnncomp2026
864,onnx/ruarobot/perturbations_0.onnx,vnnlib/ruarobot/hyperrectangle_4238.vnnlib,FALSIFIED,0.49278679117560387,1.522605753,vnncomp2026
865,onnx/ruarobot/perturbations_0.onnx,vnnlib/ruarobot/hyperrectangle_7303.vnnlib,FALSIFIED,1.035887947306037,1.513919037,vnncomp2026
866,onnx/ruarobot/perturbations_0.onnx,vnnlib/ruarobot/hyperrectangle_3714.vnnlib,CERTIFIED,0.9429922346025705,8.411282053,vnncomp2026
867,onnx/ruarobot/perturbations_0.onnx,vnnlib/ruarobot/hyperrectangle_4001.vnnlib,FALSIFIED,2.258073193952441,1.810956915,vnncomp2026
868,onnx/ruarobot/perturbations_0.onnx,vnnlib/ruarobot/hyperrectangle_1785.vnnlib,FALSIFIED,0.3734537437558174,1.566882431,vnncomp2026
869,onnx/medical/perturbations_0.onnx,vnnlib/medical/hyperrectangle_1062.vnnlib,CERTIFIED,0.007187807932496071,1.372014495,vnncomp2026
870,onnx/medical/perturbations_0.onnx,vnnlib/medical/hyperrectangle_863.vnnlib,FALSIFIED,0.03976222686469555,1.37449016,vnncomp2026
871,onnx/ruarobot/perturbations_0.onnx,vnnlib/ruarobot/hyperrectangle_489.vnnlib,FALSIFIED,0.3277393914759159,1.589420799,vnncomp2026
872,onnx/ruarobot/perturbations_0.onnx,vnnlib/ruarobot/hyperrectangle_97.vnnlib,CERTIFIED,1.054321028292179,7.022776404,vnncomp2026
873,onnx/medical/perturbations_0.onnx,vnnlib/medical/hyperrectangle_1071.vnnlib,CERTIFIED,0.00678669661283493,1.312204464,vnncomp2026
874,onnx/medical/perturbations_0.onnx,vnnlib/medical/hyperrectangle_527.vnnlib,CERTIFIED,0.0060289036482572556,1.31188895,vnncomp2026
876,onnx/medical/perturbations_0.onnx,vnnlib/medical/hyperrectangle_726.vnnlib,CERTIFIED,0.007276853546500206,1.358836697,vnncomp2026
878,onnx/medical/perturbations_0.onnx,vnnlib/medical/hyperrectangle_1646.vnnlib,CERTIFIED,0.007796533405780792,2.075997951,vnncomp2026
881,onnx/ruarobot/perturbations_0.onnx,vnnlib/ruarobot/hyperrectangle_4768.vnnlib,FALSIFIED,0.06769640184938908,1.432955739,vnncomp2026
882,onnx/ruarobot/perturbations_0.onnx,vnnlib/ruarobot/hyperrectangle_6446.vnnlib,FALSIFIED,0.7005612812936306,1.539453051,vnncomp2026
883,onnx/ruarobot/perturbations_0.onnx,vnnlib/ruarobot/hyperrectangle_7153.vnnlib,FALSIFIED,0.34539130702614784,1.501959629,vnncomp2026
886,onnx/ruarobot/perturbations_0.onnx,vnnlib/ruarobot/hyperrectangle_193.vnnlib,CERTIFIED,0.3314199335873127,4.043568631,vnncomp2026
887,onnx/ruarobot/perturbations_0.onnx,vnnlib/ruarobot/hyperrectangle_4530.vnnlib,FALSIFIED,0.0631596390157938,1.38832661,vnncomp2026
889,onnx/ruarobot/perturbations_0.onnx,vnnlib/ruarobot/hyperrectangle_6743.vnnlib,FALSIFIED,0.04429975524544716,1.638205094,vnncomp2026
890,onnx/medical/perturbations_0.onnx,vnnlib/medical/hyperrectangle_995.vnnlib,CERTIFIED,0.0072847772389650345,1.381204284,vnncomp2026
891,onnx/medical/perturbations_0.onnx,vnnlib/medical/hyperrectangle_835.vnnlib,FALSIFIED,2.1097363363951445,1.521682948,vnncomp2026
892,onnx/ruarobot/perturbations_0.onnx,vnnlib/ruarobot/hyperrectangle_1211.vnnlib,FALSIFIED,0.28355876728892326,1.597264043,vnncomp2026
893,onnx/medical/perturbations_0.onnx,vnnlib/medical/hyperrectangle_2221.vnnlib,CERTIFIED,8.220558904111385,8.220558904111385,local
894,onnx/ruarobot/perturbations_0.onnx,vnnlib/ruarobot/hyperrectangle_6148.vnnlib,CERTIFIED,0.007225776091217995,1.312426606,vnncomp2026
898,onnx/ruarobot/perturbations_0.onnx,vnnlib/ruarobot/hyperrectangle_5493.vnnlib,CERTIFIED,10.707717683166265,10.707717683166265,local
899,onnx/ruarobot/perturbations_0.onnx,vnnlib/ruarobot/hyperrectangle_181.vnnlib,FALSIFIED,0.06974969618022442,1.601143216,vnncomp2026
900,onnx/ruarobot/perturbations_0.onnx,vnnlib/ruarobot/hyperrectangle_3176.vnnlib,CERTIFIED,0.14805183000862598,2.292249408,vnncomp2026
902,onnx/ruarobot/perturbations_0.onnx,vnnlib/ruarobot/hyperrectangle_5093.vnnlib,CERTIFIED,0.3703801203519106,2.519964015,vnncomp2026
903,onnx/medical/perturbations_0.onnx,vnnlib/medical/hyperrectangle_1638.vnnlib,CERTIFIED,0.006983667612075806,1.330642059,vnncomp2026
904,onnx/ruarobot/perturbations_0.onnx,vnnlib/ruarobot/hyperrectangle_7615.vnnlib,FALSIFIED,0.10484299995005131,1.504823021,vnncomp2026
907,onnx/ruarobot/perturbations_0.onnx,vnnlib/ruarobot/hyperrectangle_5325.vnnlib,FALSIFIED,0.34687006287276745,1.544163847,vnncomp2026
908,onnx/ruarobot/perturbations_0.onnx,vnnlib/ruarobot/hyperrectangle_5161.vnnlib,FALSIFIED,0.04351922124624252,1.639801885,vnncomp2026
909,onnx/ruarobot/perturbations_0.onnx,vnnlib/ruarobot/hyperrectangle_2326.vnnlib,FALSIFIED,0.06903243809938431,1.482660318,vnncomp2026
910,onnx/ruarobot/perturbations_0.onnx,vnnlib/ruarobot/hyperrectangle_7213.vnnlib,FALSIFIED,0.44431062787771225,1.543260205,vnncomp2026
912,onnx/ruarobot/perturbations_0.onnx,vnnlib/ruarobot/hyperrectangle_1656.vnnlib,CERTIFIED,0.008072443306446075,1.414017248,vnncomp2026
914,onnx/ruarobot/perturbations_0.onnx,vnnlib/ruarobot/hyperrectangle_2292.vnnlib,CERTIFIED,0.237863315269351,1.680026461,vnncomp2026
915,onnx/ruarobot/perturbations_0.onnx,vnnlib/ruarobot/hyperrectangle_1832.vnnlib,FALSIFIED,0.3501445073634386,1.448036637,vnncomp2026
916,onnx/medical/perturbations_0.onnx,vnnlib/medical/hyperrectangle_1029.vnnlib,CERTIFIED,0.007339006289839745,1.369501659,vnncomp2026
917,onnx/medical/perturbations_0.onnx,vnnlib/medical/hyperrectangle_1383.vnnlib,CERTIFIED,0.007054213434457779,1.368720575,vnncomp2026
918,onnx/ruarobot/perturbations_0.onnx,vnnlib/ruarobot/hyperrectangle_7557.vnnlib,FALSIFIED,17.36266672797501,1.517143089,vnncomp2026
919,onnx/ruarobot/perturbations_0.onnx,vnnlib/ruarobot/hyperrectangle_5976.vnnlib,FALSIFIED,0.046291615813970566,1.63225564,vnncomp2026
920,onnx/ruarobot/perturbations_0.onnx,vnnlib/ruarobot/hyperrectangle_830.vnnlib,FALSIFIED,0.3001842312514782,1.589184479,vnncomp2026
921,onnx/ruarobot/perturbations_0.onnx,vnnlib/ruarobot/hyperrectangle_5064.vnnlib,FALSIFIED,1.0105242766439915,1.448492568,vnncomp2026
922,onnx/ruarobot/perturbations_0.onnx,vnnlib/ruarobot/hyperrectangle_2676.vnnlib,FALSIFIED,0.5261341966688633,1.545892895,vnncomp2026
923,onnx/medical/perturbations_0.onnx,vnnlib/medical/hyperrectangle_2679.vnnlib,CERTIFIED,3.3257273081690073,17.366016825,vnncomp2026
924,onnx/medical/perturbations_0.onnx,vnnlib/medical/hyperrectangle_2191.vnnlib,FALSIFIED,0.18736641481518745,1.65160372,vnncomp2026
925,onnx/ruarobot/perturbations_0.onnx,vnnlib/ruarobot/hyperrectangle_592.vnnlib,CERTIFIED,0.1672328095883131,1.62575934,vnncomp2026
926,onnx/ruarobot/perturbations_0.onnx,vnnlib/ruarobot/hyperrectangle_6827.vnnlib,FALSIFIED,0.3127463236451149,1.487823151,vnncomp2026
928,onnx/medical/perturbations_0.onnx,vnnlib/medical/hyperrectangle_2553.vnnlib,CERTIFIED,0.007010025903582573,1.372937639,vnncomp2026
930,onnx/ruarobot/perturbations_0.onnx,vnnlib/ruarobot/hyperrectangle_3512.vnnlib,CERTIFIED,0.20035106875002384,3.078990195,vnncomp2026
931,onnx/ruarobot/perturbations_0.onnx,vnnlib/ruarobot/hyperrectangle_1759.vnnlib,FALSIFIED,1.8272304721176624,1.611794761,vnncomp2026
933,onnx/medical/perturbations_0.onnx,vnnlib/medical/hyperrectangle_1301.vnnlib,CERTIFIED,0.007551284506917,1.292784201,vnncomp2026
934,onnx/medical/perturbations_0.onnx,vnnlib/medical/hyperrectangle_275.vnnlib,CERTIFIED,0.260678268969059,1.429447427,vnncomp2026
935,onnx/ruarobot/perturbations_0.onnx,vnnlib/ruarobot/hyperrectangle_7117.vnnlib,FALSIFIED,0.40324372984468937,1.594641868,vnncomp2026
936,onnx/ruarobot/perturbations_0.onnx,vnnlib/ruarobot/hyperrectangle_522.vnnlib,FALSIFIED,4.749340612441301,1.574329372,vnncomp2026
939,onnx/medical/perturbations_0.onnx,vnnlib/medical/hyperrectangle_1373.vnnlib,CERTIFIED,0.2502153478562832,1.428847356,vnncomp2026
941,onnx/medical/perturbations_0.onnx,vnnlib/medical/hyperrectangle_500.vnnlib,CERTIFIED,0.007501557469367981,1.358216838,vnncomp2026
942,onnx/medical/perturbations_0.onnx,vnnlib/medical/hyperrectangle_621.vnnlib,CERTIFIED,0.3511934205889702,1.940169055,vnncomp2026
943,onnx/medical/perturbations_0.onnx,vnnlib/medical/hyperrectangle_1320.vnnlib,CERTIFIED,5.878956574946642,5.878956574946642,local
945,onnx/ruarobot/perturbations_0.onnx,vnnlib/ruarobot/hyperrectangle_3514.vnnlib,CERTIFIED,18.787970220670104,18.787970220670104,local
946,onnx/ruarobot/perturbations_0.onnx,vnnlib/ruarobot/hyperrectangle_6088.vnnlib,FALSIFIED,0.04097420163452625,1.5422147,vnncomp2026
947,onnx/ruarobot/perturbations_0.onnx,vnnlib/ruarobot/hyperrectangle_2115.vnnlib,FALSIFIED,0.19867398031055927,1.517736064,vnncomp2026
948,onnx/medical/perturbations_0.onnx,vnnlib/medical/hyperrectangle_1366.vnnlib,CERTIFIED,0.0073651038110256195,1.312008656,vnncomp2026
949,onnx/ruarobot/perturbations_0.onnx,vnnlib/ruarobot/hyperrectangle_2797.vnnlib,FALSIFIED,0.10409772209823132,1.568836614,vnncomp2026
950,onnx/ruarobot/perturbations_0.onnx,vnnlib/ruarobot/hyperrectangle_7572.vnnlib,FALSIFIED,0.3212525974959135,1.577058075,vnncomp2026
951,onnx/ruarobot/perturbations_0.onnx,vnnlib/ruarobot/hyperrectangle_2269.vnnlib,FALSIFIED,0.042974021285772324,1.539059338,vnncomp2026
952,onnx/ruarobot/perturbations_0.onnx,vnnlib/ruarobot/hyperrectangle_5744.vnnlib,FALSIFIED,11.302862416952848,1.728415702,vnncomp2026
953,onnx/ruarobot/perturbations_0.onnx,vnnlib/ruarobot/hyperrectangle_5628.vnnlib,FALSIFIED,0.554727228358388,1.570512006,vnncomp2026
954,onnx/medical/perturbations_0.onnx,vnnlib/medical/hyperrectangle_1541.vnnlib,FALSIFIED,0.3781359791755676,2.359495378,vnncomp2026
955,onnx/ruarobot/perturbations_0.onnx,vnnlib/ruarobot/hyperrectangle_275.vnnlib,FALSIFIED,1.062656881287694,2.302391501,vnncomp2026
956,onnx/ruarobot/perturbations_0.onnx,vnnlib/ruarobot/hyperrectangle_7743.vnnlib,FALSIFIED,0.049612732604146004,0.049612732604146004,local
959,onnx/ruarobot/perturbations_0.onnx,vnnlib/ruarobot/hyperrectangle_2659.vnnlib,FALSIFIED,0.054556868970394135,1.451307133,vnncomp2026
960,onnx/ruarobot/perturbations_0.onnx,vnnlib/ruarobot/hyperrectangle_6315.vnnlib,FALSIFIED,1.6842135433107615,1.642852001,vnncomp2026
961,onnx/ruarobot/perturbations_0.onnx,vnnlib/ruarobot/hyperrectangle_2361.vnnlib,FALSIFIED,0.04034643620252609,1.364354221,vnncomp2026
962,onnx/ruarobot/perturbations_0.onnx,vnnlib/ruarobot/hyperrectangle_3371.vnnlib,FALSIFIED,3.463767860084772,1.524553266,vnncomp2026
963,onnx/ruarobot/perturbations_0.onnx,vnnlib/ruarobot/hyperrectangle_5329.vnnlib,FALSIFIED,0.45999936386942863,1.488604898,vnncomp2026
964,onnx/medical/perturbations_0.onnx,vnnlib/medical/hyperrectangle_941.vnnlib,CERTIFIED,0.007597746327519417,1.370273333,vnncomp2026
966,onnx/ruarobot/perturbations_0.onnx,vnnlib/ruarobot/hyperrectangle_4990.vnnlib,CERTIFIED,14.68985197134316,14.68985197134316,local
967,onnx/medical/perturbations_0.onnx,vnnlib/medical/hyperrectangle_1667.vnnlib,CERTIFIED,0.01718970201909542,1.296298175,vnncomp2026
972,onnx/ruarobot/perturbations_0.onnx,vnnlib/ruarobot/hyperrectangle_1560.vnnlib,FALSIFIED,8.617238596081734,2.4944482,vnncomp2026
973,onnx/medical/perturbations_0.onnx,vnnlib/medical/hyperrectangle_2866.vnnlib,CERTIFIED,8.088577851653099,8.088577851653099,local
974,onnx/ruarobot/perturbations_0.onnx,vnnlib/ruarobot/hyperrectangle_2219.vnnlib,FALSIFIED,2.917476337403059,1.494441863,vnncomp2026
975,onnx/ruarobot/perturbations_0.onnx,vnnlib/ruarobot/hyperrectangle_5771.vnnlib,CERTIFIED,5.537341324612498,5.537341324612498,local
977,onnx/ruarobot/perturbations_0.onnx,vnnlib/ruarobot/hyperrectangle_6559.vnnlib,FALSIFIED,5.001160401850939,1.539303381,vnncomp2026
978,onnx/ruarobot/perturbations_0.onnx,vnnlib/ruarobot/hyperrectangle_6880.vnnlib,FALSIFIED,2.994956249371171,1.590036692,vnncomp2026
979,onnx/medical/perturbations_0.onnx,vnnlib/medical/hyperrectangle_202.vnnlib,CERTIFIED,0.007272722199559212,1.372554784,vnncomp2026
980,onnx/ruarobot/perturbations_0.onnx,vnnlib/ruarobot/hyperrectangle_4404.vnnlib,CERTIFIED,0.006993809714913368,1.348094161,vnncomp2026
983,onnx/ruarobot/perturbations_0.onnx,vnnlib/ruarobot/hyperrectangle_289.vnnlib,FALSIFIED,0.34291519969701767,1.514873376,vnncomp2026
984,onnx/medical/perturbations_0.onnx,vnnlib/medical/hyperrectangle_616.vnnlib,CERTIFIED,0.007002275437116623,1.315528518,vnncomp2026
985,onnx/ruarobot/perturbations_0.onnx,vnnlib/ruarobot/hyperrectangle_5507.vnnlib,FALSIFIED,0.2982018440961838,1.901704223,vnncomp2026
986,onnx/ruarobot/perturbations_0.onnx,vnnlib/ruarobot/hyperrectangle_1163.vnnlib,FALSIFIED,0.09210394136607647,1.585757933,vnncomp2026
987,onnx/ruarobot/perturbations_0.onnx,vnnlib/ruarobot/hyperrectangle_7120.vnnlib,CERTIFIED,0.23840146698057652,2.303385945,vnncomp2026
988,onnx/ruarobot/perturbations_0.onnx,vnnlib/ruarobot/hyperrectangle_670.vnnlib,FALSIFIED,0.43838125467300415,1.514094613,vnncomp2026
991,onnx/medical/perturbations_0.onnx,vnnlib/medical/hyperrectangle_1627.vnnlib,CERTIFIED,0.00698496587574482,2.104892041,vnncomp2026
992,onnx/ruarobot/perturbations_0.onnx,vnnlib/ruarobot/hyperrectangle_4782.vnnlib,FALSIFIED,0.10926101729273796,1.51515827,vnncomp2026
993,onnx/ruarobot/perturbations_0.onnx,vnnlib/ruarobot/hyperrectangle_5351.vnnlib,FALSIFIED,0.05704684183001518,1.565879023,vnncomp2026
994,onnx/ruarobot/perturbations_0.onnx,vnnlib/ruarobot/hyperrectangle_7568.vnnlib,FALSIFIED,0.6302974466234446,1.510512609,vnncomp2026
995,onnx/ruarobot/perturbations_0.onnx,vnnlib/ruarobot/hyperrectangle_4030.vnnlib,CERTIFIED,0.24423135444521904,1.824500887,vnncomp2026
997,onnx/ruarobot/perturbations_0.onnx,vnnlib/ruarobot/hyperrectangle_7753.vnnlib,FALSIFIED,0.03674118407070637,1.470441679,vnncomp2026
1002,onnx/medical/perturbations_0.onnx,vnnlib/medical/hyperrectangle_17.vnnlib,CERTIFIED,0.007362641394138336,1.357589282,vnncomp2026
1004,onnx/medical/perturbations_0.onnx,vnnlib/medical/hyperrectangle_430.vnnlib,FALSIFIED,0.07187640480697155,1.831483399,vnncomp2026
1006,onnx/ruarobot/perturbations_0.onnx,vnnlib/ruarobot/hyperrectangle_1675.vnnlib,FALSIFIED,0.04720922373235226,1.558076468,vnncomp2026
1007,onnx/ruarobot/perturbations_0.onnx,vnnlib/ruarobot/hyperrectangle_7724.vnnlib,FALSIFIED,0.0960341040045023,0.0960341040045023,local
1008,onnx/medical/perturbations_0.onnx,vnnlib/medical/hyperrectangle_997.vnnlib,CERTIFIED,0.1859312243759632,1.507916972,vnncomp2026
1009,onnx/medical/perturbations_0.onnx,vnnlib/medical/hyperrectangle_311.vnnlib,CERTIFIED,0.006997780874371529,1.354041306,vnncomp2026
1012,onnx/ruarobot/perturbations_0.onnx,vnnlib/ruarobot/hyperrectangle_5242.vnnlib,FALSIFIED,0.6108634974807501,2.371609219,vnncomp2026
1014,onnx/medical/perturbations_0.onnx,vnnlib/medical/hyperrectangle_1908.vnnlib,CERTIFIED,0.44843023642897606,3.033699942,vnncomp2026
1015,onnx/ruarobot/perturbations_0.onnx,vnnlib/ruarobot/hyperrectangle_5614.vnnlib,FALSIFIED,0.33354111947119236,1.560204108,vnncomp2026
1017,onnx/medical/perturbations_0.onnx,vnnlib/medical/hyperrectangle_707.vnnlib,FALSIFIED,0.5590102206915617,1.509272934,vnncomp2026
1018,onnx/ruarobot/perturbations_0.onnx,vnnlib/ruarobot/hyperrectangle_666.vnnlib,FALSIFIED,0.10100019536912441,1.673006652,vnncomp2026
1019,onnx/medical/perturbations_0.onnx,vnnlib/medical/hyperrectangle_323.vnnlib,CERTIFIED,0.007329365238547325,1.369307348,vnncomp2026
1020,onnx/ruarobot/perturbations_0.onnx,vnnlib/ruarobot/hyperrectangle_7400.vnnlib,CERTIFIED,9.383726680651307,9.383726680651307,local
1021,onnx/medical/perturbations_0.onnx,vnnlib/medical/hyperrectangle_1293.vnnlib,CERTIFIED,0.007167167961597443,1.355440073,vnncomp2026
1022,onnx/medical/perturbations_0.onnx,vnnlib/medical/hyperrectangle_533.vnnlib,CERTIFIED,0.006928311660885811,1.370117705,vnncomp2026
1024,onnx/ruarobot/perturbations_0.onnx,vnnlib/ruarobot/hyperrectangle_7906.vnnlib,FALSIFIED,0.09836264327168465,1.516411995,vnncomp2026
1025,onnx/medical/perturbations_0.onnx,vnnlib/medical/hyperrectangle_152.vnnlib,CERTIFIED,2.5038502607494593,16.753057581,vnncomp2026
1026,onnx/ruarobot/perturbations_0.onnx,vnnlib/ruarobot/hyperrectangle_2791.vnnlib,CERTIFIED,4.852050326764584,4.852050326764584,local
1027,onnx/ruarobot/perturbations_0.onnx,vnnlib/ruarobot/hyperrectangle_5698.vnnlib,FALSIFIED,0.03294426575303078,1.319941352,vnncomp2026
1028,onnx/medical/perturbations_0.onnx,vnnlib/medical/hyperrectangle_2830.vnnlib,CERTIFIED,0.9304951913654804,4.353475258,vnncomp2026
1029,onnx/ruarobot/perturbations_0.onnx,vnnlib/ruarobot/hyperrectangle_3568.vnnlib,CERTIFIED,0.007559165358543396,1.354810901,vnncomp2026
1031,onnx/ruarobot/perturbations_0.onnx,vnnlib/ruarobot/hyperrectangle_7898.vnnlib,FALSIFIED,0.05094582028687,1.4486403,vnncomp2026
1032,onnx/ruarobot/perturbations_0.onnx,vnnlib/ruarobot/hyperrectangle_2349.vnnlib,FALSIFIED,0.2787648160010576,0.2787648160010576,local
1033,onnx/ruarobot/perturbations_0.onnx,vnnlib/ruarobot/hyperrectangle_1649.vnnlib,FALSIFIED,0.24480582773685455,0.24480582773685455,local
1034,onnx/ruarobot/perturbations_0.onnx,vnnlib/ruarobot/hyperrectangle_4625.vnnlib,FALSIFIED,0.17347639426589012,1.532570151,vnncomp2026
1035,onnx/ruarobot/perturbations_0.onnx,vnnlib/ruarobot/hyperrectangle_41.vnnlib,FALSIFIED,17.24546543508768,1.881333476,vnncomp2026
1036,onnx/ruarobot/perturbations_0.onnx,vnnlib/ruarobot/hyperrectangle_886.vnnlib,CERTIFIED,0.22405382804572582,1.56997633,vnncomp2026
1037,onnx/ruarobot/perturbations_0.onnx,vnnlib/ruarobot/hyperrectangle_4888.vnnlib,CERTIFIED,3.578084109351039,3.578084109351039,local
1038,onnx/ruarobot/perturbations_0.onnx,vnnlib/ruarobot/hyperrectangle_1916.vnnlib,FALSIFIED,0.0927051492035389,1.62396136,vnncomp2026
1040,onnx/medical/perturbations_0.onnx,vnnlib/medical/hyperrectangle_1111.vnnlib,CERTIFIED,0.007216574624180794,1.344005873,vnncomp2026
1041,onnx/medical/perturbations_0.onnx,vnnlib/medical/hyperrectangle_904.vnnlib,FALSIFIED,5.030648468062282,1.572278631,vnncomp2026
1042,onnx/ruarobot/perturbations_0.onnx,vnnlib/ruarobot/hyperrectangle_2769.vnnlib,FALSIFIED,8.968501076102257,1.954676568,vnncomp2026
1043,onnx/ruarobot/perturbations_0.onnx,vnnlib/ruarobot/hyperrectangle_2696.vnnlib,FALSIFIED,0.1813769731670618,2.654435876,vnncomp2026
1044,onnx/ruarobot/perturbations_0.onnx,vnnlib/ruarobot/hyperrectangle_4488.vnnlib,FALSIFIED,0.47144091315567493,2.002761679,vnncomp2026
1045,onnx/medical/perturbations_0.onnx,vnnlib/medical/hyperrectangle_408.vnnlib,CERTIFIED,0.00720859132707119,1.345881613,vnncomp2026
1046,onnx/medical/perturbations_0.onnx,vnnlib/medical/hyperrectangle_1389.vnnlib,CERTIFIED,0.007159452885389328,1.345466691,vnncomp2026
1047,onnx/ruarobot/perturbations_0.onnx,vnnlib/ruarobot/hyperrectangle_3052.vnnlib,FALSIFIED,7.263475958257914,1.520174099,vnncomp2026
1048,onnx/ruarobot/perturbations_0.onnx,vnnlib/ruarobot/hyperrectangle_6222.vnnlib,CERTIFIED,5.013201843947172,5.013201843947172,local
1050,onnx/ruarobot/perturbations_0.onnx,vnnlib/ruarobot/hyperrectangle_443.vnnlib,FALSIFIED,0.2870563417673111,1.471769007,vnncomp2026
1051,onnx/ruarobot/perturbations_0.onnx,vnnlib/ruarobot/hyperrectangle_6735.vnnlib,FALSIFIED,0.8992794547230005,1.532866087,vnncomp2026
1053,onnx/medical/perturbations_0.onnx,vnnlib/medical/hyperrectangle_362.vnnlib,CERTIFIED,0.007355565205216408,1.339342938,vnncomp2026
1054,onnx/ruarobot/perturbations_0.onnx,vnnlib/ruarobot/hyperrectangle_7665.vnnlib,FALSIFIED,0.10041801817715168,1.516937107,vnncomp2026
1055,onnx/ruarobot/perturbations_0.onnx,vnnlib/ruarobot/hyperrectangle_2723.vnnlib,FALSIFIED,4.1735005378723145,1.498037456,vnncomp2026
1056,onnx/ruarobot/perturbations_0.onnx,vnnlib/ruarobot/hyperrectangle_5798.vnnlib,FALSIFIED,0.449195209890604,1.554653697,vnncomp2026
1057,onnx/ruarobot/perturbations_0.onnx,vnnlib/ruarobot/hyperrectangle_1154.vnnlib,CERTIFIED,17.297813335433602,17.297813335433602,local
1058,onnx/medical/perturbations_0.onnx,vnnlib/medical/hyperrectangle_1342.vnnlib,CERTIFIED,0.32574954628944397,1.443004253,vnncomp2026
1059,onnx/ruarobot/perturbations_0.onnx,vnnlib/ruarobot/hyperrectangle_217.vnnlib,FALSIFIED,0.2518123369663954,1.476605031,vnncomp2026
1060,onnx/ruarobot/perturbations_0.onnx,vnnlib/ruarobot/hyperrectangle_1593.vnnlib,FALSIFIED,0.0933176726102829,1.491819134,vnncomp2026
1063,onnx/medical/perturbations_0.onnx,vnnlib/medical/hyperrectangle_1349.vnnlib,CERTIFIED,0.007328685373067856,1.340490145,vnncomp2026
1064,onnx/ruarobot/perturbations_0.onnx,vnnlib/ruarobot/hyperrectangle_7925.vnnlib,FALSIFIED,0.09927881881594658,1.501455953,vnncomp2026
1065,onnx/medical/perturbations_0.onnx,vnnlib/medical/hyperrectangle_1232.vnnlib,CERTIFIED,0.007220925763249397,1.336176195,vnncomp2026
1066,onnx/ruarobot/perturbations_0.onnx,vnnlib/ruarobot/hyperrectangle_811.vnnlib,FALSIFIED,1.174847662448883,1.5359562,vnncomp2026
1067,onnx/medical/perturbations_0.onnx,vnnlib/medical/hyperrectangle_2849.vnnlib,CERTIFIED,5.06856988184154,17.957921496,vnncomp2026
1068,onnx/ruarobot/perturbations_0.onnx,vnnlib/ruarobot/hyperrectangle_642.vnnlib,CERTIFIED,0.007154420018196106,1.30776779,vnncomp2026
1069,onnx/ruarobot/perturbations_0.onnx,vnnlib/ruarobot/hyperrectangle_61.vnnlib,FALSIFIED,0.3145625125616789,1.45356174,vnncomp2026
1070,onnx/ruarobot/perturbations_0.onnx,vnnlib/ruarobot/hyperrectangle_5759.vnnlib,FALSIFIED,0.03991963155567646,1.338601867,vnncomp2026
1071,onnx/ruarobot/perturbations_0.onnx,vnnlib/ruarobot/hyperrectangle_5501.vnnlib,FALSIFIED,0.25393671728670597,1.433939356,vnncomp2026
1072,onnx/ruarobot/perturbations_0.onnx,vnnlib/ruarobot/hyperrectangle_5413.vnnlib,FALSIFIED,5.602589622139931,1.721309024,vnncomp2026
1073,onnx/ruarobot/perturbations_0.onnx,vnnlib/ruarobot/hyperrectangle_200.vnnlib,CERTIFIED,8.044041959568858,8.044041959568858,local
1074,onnx/ruarobot/perturbations_0.onnx,vnnlib/ruarobot/hyperrectangle_570.vnnlib,CERTIFIED,0.18109306320548058,1.419964506,vnncomp2026
1075,onnx/medical/perturbations_0.onnx,vnnlib/medical/hyperrectangle_2342.vnnlib,FALSIFIED,0.03823419287800789,1.570611335,vnncomp2026
1076,onnx/ruarobot/perturbations_0.onnx,vnnlib/ruarobot/hyperrectangle_1302.vnnlib,FALSIFIED,0.7691455837339163,0.7691455837339163,local
1077,onnx/ruarobot/perturbations_0.onnx,vnnlib/ruarobot/hyperrectangle_3809.vnnlib,FALSIFIED,9.006837328895926,1.507190485,vnncomp2026
1078,onnx/ruarobot/perturbations_0.onnx,vnnlib/ruarobot/hyperrectangle_6690.vnnlib,FALSIFIED,1.2965198382735252,1.510431919,vnncomp2026
1079,onnx/ruarobot/perturbations_0.onnx,vnnlib/ruarobot/hyperrectangle_1330.vnnlib,FALSIFIED,2.5823327247053385,1.605123903,vnncomp2026
